iteration,best_loss
0,27.39350508161478
1,27.39350508161478
2,27.39350508161478
3,27.39350508161478
4,27.39350508161478
5,15.905960747359982
6,15.905960747359982
7,15.905960747359982
8,15.905960747359982
9,15.905960747359982
10,15.905960747359982
11,15.905960747359982
12,15.905960747359982
13,14.610821449501326
14,14.610821449501326
15,14.610821449501326
16,14.610821449501326
17,14.610821449501326
18,14.610821449501326
19,14.610821449501326
20,14.610821449501326
21,14.610821449501326
22,14.610821449501326
23,14.610821449501326
24,14.610821449501326
25,14.610821449501326
26,14.610821449501326
27,14.610821449501326
28,14.610821449501326
29,14.610821449501326
30,14.610821449501326
31,14.610821449501326
32,14.610821449501326
33,14.610821449501326
34,14.610821449501326
35,14.610821449501326
36,14.610821449501326
37,14.610821449501326
38,14.610821449501326
39,14.610821449501326
40,9.542746899827657
41,9.542746899827657
42,9.542746899827657
43,9.542746899827657
44,8.902724691923229
45,8.902724691923229
46,8.902724691923229
47,8.902724691923229
48,8.902724691923229
49,8.902724691923229
50,8.902724691923229
51,8.902724691923229
52,8.902724691923229
53,8.902724691923229
54,8.902724691923229
55,8.902724691923229
56,8.902724691923229
57,8.902724691923229
58,8.535258517967705
59,8.356700448909654
60,8.356700448909654
61,8.356700448909654
62,8.356700448909654
63,8.356700448909654
64,8.356700448909654
65,8.356700448909654
66,8.356700448909654
67,8.356700448909654
68,8.356700448909654
69,8.356700448909654
70,8.356700448909654
71,8.356700448909654
72,8.356700448909654
73,8.356700448909654
74,8.356700448909654
75,8.356700448909654
76,8.356700448909654
77,8.356700448909654
78,8.356700448909654
79,8.356700448909654
80,8.356700448909654
81,8.356700448909654
82,8.356700448909654
83,8.356700448909654
84,8.356700448909654
85,8.356700448909654
86,8.356700448909654
87,8.356700448909654
88,8.356700448909654
89,8.356700448909654
90,8.356700448909654
91,8.356700448909654
92,8.356700448909654
93,8.356700448909654
94,8.356700448909654
95,8.356700448909654
96,8.356700448909654
97,8.356700448909654
98,8.356700448909654
99,8.356700448909654
100,8.356700448909654
101,8.356700448909654
102,8.356700448909654
103,8.356700448909654
104,8.356700448909654
105,8.356700448909654
106,8.356700448909654
107,6.98839183858989
108,6.98839183858989
109,6.98839183858989
110,6.98839183858989
111,6.98839183858989
112,6.98839183858989
113,6.98839183858989
114,6.98839183858989
115,6.98839183858989
116,6.98839183858989
117,6.98839183858989
118,6.98839183858989
119,6.98839183858989
120,6.98839183858989
121,6.98839183858989
122,6.98839183858989
123,6.98839183858989
124,6.98839183858989
125,6.98839183858989
126,6.98839183858989
127,6.98839183858989
128,6.98839183858989
129,6.98839183858989
130,6.98839183858989
131,6.98839183858989
132,6.98839183858989
133,6.98839183858989
134,6.98839183858989
135,6.98839183858989
136,6.98839183858989
137,6.98839183858989
138,6.98839183858989
139,6.98839183858989
140,6.98839183858989
141,6.98839183858989
142,6.98839183858989
143,6.98839183858989
144,6.98839183858989
145,6.98839183858989
146,6.98839183858989
147,6.98839183858989
148,6.98839183858989
149,6.98839183858989
150,6.98839183858989
151,6.98839183858989
152,6.98839183858989
153,6.98839183858989
154,6.98839183858989
155,6.98839183858989
156,6.98839183858989
157,6.98839183858989
158,6.98839183858989
159,6.98839183858989
160,6.98839183858989
161,6.98839183858989
162,6.98839183858989
163,6.98839183858989
164,6.98839183858989
165,6.98839183858989
166,6.98839183858989
167,6.98839183858989
168,6.98839183858989
169,6.98839183858989
170,6.98839183858989
171,6.98839183858989
172,6.98839183858989
173,6.98839183858989
174,6.98839183858989
175,6.98839183858989
176,6.98839183858989
177,6.98839183858989
178,6.98839183858989
179,6.98839183858989
180,6.98839183858989
181,6.98839183858989
182,6.98839183858989
183,6.98839183858989
184,6.98839183858989
185,6.98839183858989
186,6.98839183858989
187,6.98839183858989
188,6.98839183858989
189,6.98839183858989
190,6.98839183858989
191,6.98839183858989
192,6.98839183858989
193,6.98839183858989
194,6.98839183858989
195,6.98839183858989
196,6.98839183858989
197,6.98839183858989
198,6.98839183858989
199,6.98839183858989
200,6.98839183858989
201,6.98839183858989
202,6.98839183858989
203,6.98839183858989
204,6.98839183858989
205,6.98839183858989
206,6.98839183858989
207,6.98839183858989
208,6.98839183858989
209,6.98839183858989
210,6.98839183858989
211,6.98839183858989
212,6.98839183858989
213,6.98839183858989
214,6.98839183858989
215,6.98839183858989
216,6.98839183858989
217,6.98839183858989
218,6.98839183858989
219,6.98839183858989
220,6.98839183858989
221,6.98839183858989
222,6.98839183858989
223,6.98839183858989
224,6.98839183858989
225,6.98839183858989
226,6.98839183858989
227,6.98839183858989
228,6.98839183858989
229,6.98839183858989
230,6.98839183858989
231,6.98839183858989
232,6.98839183858989
233,6.98839183858989
234,6.98839183858989
235,6.98839183858989
236,6.98839183858989
237,6.98839183858989
238,6.98839183858989
239,6.98839183858989
240,6.98839183858989
241,6.98839183858989
242,6.98839183858989
243,6.98839183858989
244,6.98839183858989
245,6.98839183858989
246,6.98839183858989
247,6.98839183858989
248,6.98839183858989
249,6.98839183858989
250,6.98839183858989
251,6.98839183858989
252,6.98839183858989
253,6.98839183858989
254,6.98839183858989
255,6.98839183858989
256,6.98839183858989
257,6.98839183858989
258,6.98839183858989
259,6.98839183858989
260,6.98839183858989
261,6.98839183858989
262,6.98839183858989
263,6.98839183858989
264,6.98839183858989
265,6.98839183858989
266,6.98839183858989
267,6.98839183858989
268,6.98839183858989
269,6.98839183858989
270,6.98839183858989
271,6.98839183858989
272,6.98839183858989
273,6.98839183858989
274,6.98839183858989
275,6.98839183858989
276,6.98839183858989
277,6.98839183858989
278,6.98839183858989
279,6.98839183858989
280,6.98839183858989
281,6.98839183858989
282,6.98839183858989
283,6.98839183858989
284,6.98839183858989
285,6.98839183858989
286,6.98839183858989
287,6.98839183858989
288,6.98839183858989
289,6.98839183858989
290,6.98839183858989
291,6.98839183858989
292,6.98839183858989
293,6.98839183858989
294,6.98839183858989
295,6.98839183858989
296,6.98839183858989
297,6.98839183858989
298,6.98839183858989
299,6.98839183858989
300,6.98839183858989
301,6.98839183858989
302,6.98839183858989
303,6.98839183858989
304,6.98839183858989
305,6.98839183858989
306,6.98839183858989
307,6.98839183858989
308,6.98839183858989
309,6.98839183858989
310,6.98839183858989
311,6.98839183858989
312,6.98839183858989
313,6.98839183858989
314,6.98839183858989
315,6.98839183858989
316,6.98839183858989
317,6.98839183858989
318,6.98839183858989
319,6.98839183858989
320,6.98839183858989
321,6.98839183858989
322,6.98839183858989
323,6.98839183858989
324,6.98839183858989
325,6.98839183858989
326,6.98839183858989
327,6.98839183858989
328,6.98839183858989
329,6.98839183858989
330,6.98839183858989
331,6.98839183858989
332,6.98839183858989
333,6.98839183858989
334,6.98839183858989
335,6.98839183858989
336,6.98839183858989
337,6.98839183858989
338,6.98839183858989
339,6.98839183858989
340,6.98839183858989
341,6.98839183858989
342,6.98839183858989
343,6.98839183858989
344,6.98839183858989
345,6.98839183858989
346,6.98839183858989
347,6.98839183858989
348,6.98839183858989
349,6.98839183858989
350,6.98839183858989
351,6.98839183858989
352,6.98839183858989
353,6.98839183858989
354,6.98839183858989
355,6.98839183858989
356,6.98839183858989
357,6.98839183858989
358,6.98839183858989
359,6.98839183858989
360,6.98839183858989
361,6.98839183858989
362,6.98839183858989
363,6.98839183858989
364,6.98839183858989
365,6.98839183858989
366,6.98839183858989
367,6.98839183858989
368,6.98839183858989
369,6.98839183858989
370,6.98839183858989
371,6.98839183858989
372,6.98839183858989
373,6.98839183858989
374,6.98839183858989
375,6.98839183858989
376,6.98839183858989
377,6.98839183858989
378,6.98839183858989
379,6.98839183858989
380,6.98839183858989
381,6.98839183858989
382,6.98839183858989
383,6.98839183858989
384,6.98839183858989
385,6.98839183858989
386,6.98839183858989
387,6.98839183858989
388,6.98839183858989
389,6.98839183858989
390,6.98839183858989
391,6.98839183858989
392,6.98839183858989
393,6.98839183858989
394,6.98839183858989
395,6.98839183858989
396,6.98839183858989
397,6.98839183858989
398,6.98839183858989
399,6.98839183858989
400,6.98839183858989
401,6.98839183858989
402,6.98839183858989
403,6.98839183858989
404,6.98839183858989
405,6.98839183858989
406,6.98839183858989
407,6.98839183858989
408,6.98839183858989
409,6.98839183858989
410,6.98839183858989
411,6.98839183858989
412,6.98839183858989
413,6.98839183858989
414,6.98839183858989
415,6.98839183858989
416,6.98839183858989
417,6.98839183858989
418,6.98839183858989
419,6.98839183858989
420,6.98839183858989
421,6.98839183858989
422,6.98839183858989
423,6.98839183858989
424,6.98839183858989
425,6.98839183858989
426,6.98839183858989
427,6.98839183858989
428,6.98839183858989
429,6.98839183858989
430,6.98839183858989
431,6.98839183858989
432,6.98839183858989
433,6.98839183858989
434,6.98839183858989
435,6.98839183858989
436,6.98839183858989
437,6.98839183858989
438,6.98839183858989
439,6.98839183858989
440,6.98839183858989
441,6.98839183858989
442,6.98839183858989
443,6.98839183858989
444,6.98839183858989
445,6.98839183858989
446,6.98839183858989
447,6.98839183858989
448,6.98839183858989
449,6.98839183858989
450,6.98839183858989
451,6.98839183858989
452,6.98839183858989
453,6.98839183858989
454,6.98839183858989
455,6.98839183858989
456,6.98839183858989
457,6.98839183858989
458,6.98839183858989
459,6.98839183858989
460,6.98839183858989
461,6.98839183858989
462,6.98839183858989
463,6.98839183858989
464,6.98839183858989
465,6.98839183858989
466,6.98839183858989
467,6.98839183858989
468,6.98839183858989
469,6.98839183858989
470,6.98839183858989
471,6.98839183858989
472,6.98839183858989
473,6.98839183858989
474,6.98839183858989
475,6.98839183858989
476,6.98839183858989
477,6.98839183858989
478,6.98839183858989
479,6.98839183858989
480,6.98839183858989
481,6.98839183858989
482,6.98839183858989
483,6.98839183858989
484,6.98839183858989
485,6.98839183858989
486,6.98839183858989
487,6.98839183858989
488,6.98839183858989
489,6.98839183858989
490,6.98839183858989
491,6.98839183858989
492,6.98839183858989
493,6.98839183858989
494,6.98839183858989
495,6.98839183858989
496,6.98839183858989
497,6.98839183858989
498,6.98839183858989
499,6.98839183858989
500,6.98839183858989
501,6.98839183858989
502,6.98839183858989
503,6.98839183858989
504,6.98839183858989
505,6.98839183858989
506,6.98839183858989
507,6.98839183858989
508,6.98839183858989
509,6.98839183858989
510,6.98839183858989
511,6.98839183858989
512,6.98839183858989
513,6.98839183858989
514,6.98839183858989
515,6.98839183858989
516,6.98839183858989
517,6.98839183858989
518,6.98839183858989
519,6.98839183858989
520,6.98839183858989
521,6.98839183858989
522,6.98839183858989
523,6.98839183858989
524,6.98839183858989
525,6.98839183858989
526,6.98839183858989
527,6.98839183858989
528,6.98839183858989
529,6.98839183858989
530,6.98839183858989
531,6.98839183858989
532,6.98839183858989
533,6.98839183858989
534,6.98839183858989
535,6.98839183858989
536,6.98839183858989
537,6.98839183858989
538,6.98839183858989
539,6.98839183858989
540,6.98839183858989
541,6.98839183858989
542,6.98839183858989
543,6.98839183858989
544,6.98839183858989
545,6.98839183858989
546,6.98839183858989
547,6.98839183858989
548,6.98839183858989
549,6.98839183858989
550,6.98839183858989
551,6.98839183858989
552,6.98839183858989
553,6.98839183858989
554,6.98839183858989
555,6.98839183858989
556,6.98839183858989
557,6.98839183858989
558,6.98839183858989
559,6.98839183858989
560,6.98839183858989
561,6.98839183858989
562,6.98839183858989
563,6.98839183858989
564,6.98839183858989
565,6.98839183858989
566,6.98839183858989
567,6.98839183858989
568,6.98839183858989
569,6.98839183858989
570,6.98839183858989
571,6.98839183858989
572,6.98839183858989
573,6.98839183858989
574,6.98839183858989
575,6.98839183858989
576,6.98839183858989
577,6.98839183858989
578,6.98839183858989
579,6.98839183858989
580,6.98839183858989
581,6.98839183858989
582,6.98839183858989
583,6.98839183858989
584,6.98839183858989
585,6.98839183858989
586,6.98839183858989
587,6.98839183858989
588,6.98839183858989
589,6.98839183858989
590,6.98839183858989
591,6.98839183858989
592,6.98839183858989
593,6.98839183858989
594,6.98839183858989
595,6.98839183858989
596,6.98839183858989
597,6.98839183858989
598,6.98839183858989
599,6.98839183858989
600,6.98839183858989
601,6.98839183858989
602,6.98839183858989
603,6.98839183858989
604,6.98839183858989
605,6.98839183858989
606,6.98839183858989
607,6.98839183858989
608,6.98839183858989
609,6.98839183858989
610,6.98839183858989
611,6.98839183858989
612,6.98839183858989
613,6.98839183858989
614,6.98839183858989
615,6.98839183858989
616,6.98839183858989
617,6.98839183858989
618,6.98839183858989
619,6.98839183858989
620,6.98839183858989
621,6.98839183858989
622,6.98839183858989
623,6.98839183858989
624,6.98839183858989
625,6.98839183858989
626,6.98839183858989
627,6.98839183858989
628,6.98839183858989
629,6.98839183858989
630,6.98839183858989
631,6.98839183858989
632,6.98839183858989
633,6.98839183858989
634,6.98839183858989
635,6.98839183858989
636,6.98839183858989
637,6.98839183858989
638,6.98839183858989
639,6.98839183858989
640,6.98839183858989
641,6.98839183858989
642,6.98839183858989
643,6.98839183858989
644,6.98839183858989
645,6.98839183858989
646,6.98839183858989
647,6.98839183858989
648,6.98839183858989
649,6.98839183858989
650,6.98839183858989
651,6.98839183858989
652,6.98839183858989
653,6.98839183858989
654,6.98839183858989
655,6.98839183858989
656,6.98839183858989
657,6.98839183858989
658,6.98839183858989
659,6.98839183858989
660,6.98839183858989
661,6.98839183858989
662,6.98839183858989
663,6.98839183858989
664,6.98839183858989
665,6.98839183858989
666,6.98839183858989
667,6.98839183858989
668,6.98839183858989
669,6.98839183858989
670,6.98839183858989
671,6.98839183858989
672,6.98839183858989
673,6.98839183858989
674,6.98839183858989
675,6.98839183858989
676,6.98839183858989
677,6.98839183858989
678,6.98839183858989
679,6.98839183858989
680,6.98839183858989
681,6.98839183858989
682,6.98839183858989
683,6.98839183858989
684,6.98839183858989
685,6.743660827684571
686,6.743660827684571
687,6.743660827684571
688,6.743660827684571
689,6.743660827684571
690,6.743660827684571
691,6.743660827684571
692,6.743660827684571
693,6.743660827684571
694,6.743660827684571
695,6.743660827684571
696,6.743660827684571
697,6.743660827684571
698,6.743660827684571
699,6.743660827684571
700,6.743660827684571
701,6.743660827684571
702,6.743660827684571
703,6.743660827684571
704,6.743660827684571
705,6.743660827684571
706,6.743660827684571
707,6.743660827684571
708,6.743660827684571
709,6.743660827684571
710,6.743660827684571
711,6.362137953815663
712,6.362137953815663
713,6.362137953815663
714,6.362137953815663
715,6.362137953815663
716,6.362137953815663
717,6.362137953815663
718,6.362137953815663
719,6.362137953815663
720,6.362137953815663
721,6.362137953815663
722,6.362137953815663
723,6.362137953815663
724,6.362137953815663
725,6.362137953815663
726,6.362137953815663
727,6.362137953815663
728,6.362137953815663
729,6.362137953815663
730,6.362137953815663
731,6.362137953815663
732,6.362137953815663
733,6.362137953815663
734,6.362137953815663
735,6.362137953815663
736,6.362137953815663
737,6.362137953815663
738,6.362137953815663
739,6.362137953815663
740,6.362137953815663
741,6.362137953815663
742,6.362137953815663
743,6.362137953815663
744,6.362137953815663
745,6.362137953815663
746,6.362137953815663
747,6.362137953815663
748,6.362137953815663
749,6.362137953815663
750,6.362137953815663
751,6.362137953815663
752,6.362137953815663
753,6.362137953815663
754,6.362137953815663
755,6.362137953815663
756,6.362137953815663
757,6.362137953815663
758,6.362137953815663
759,6.362137953815663
760,6.362137953815663
761,6.362137953815663
762,6.362137953815663
763,6.362137953815663
764,6.362137953815663
765,6.362137953815663
766,6.362137953815663
767,6.362137953815663
768,6.362137953815663
769,6.362137953815663
770,6.362137953815663
771,6.362137953815663
772,6.362137953815663
773,6.362137953815663
774,6.362137953815663
775,6.362137953815663
776,6.362137953815663
777,6.362137953815663
778,6.362137953815663
779,6.362137953815663
780,6.362137953815663
781,6.362137953815663
782,6.362137953815663
783,6.362137953815663
784,6.362137953815663
785,6.362137953815663
786,6.362137953815663
787,6.362137953815663
788,6.362137953815663
789,6.362137953815663
790,6.362137953815663
791,6.362137953815663
792,6.362137953815663
793,6.362137953815663
794,6.362137953815663
795,6.362137953815663
796,6.362137953815663
797,6.362137953815663
798,6.362137953815663
799,6.362137953815663
800,6.362137953815663
801,6.362137953815663
802,6.362137953815663
803,6.362137953815663
804,6.362137953815663
805,6.362137953815663
806,6.362137953815663
807,6.362137953815663
808,6.362137953815663
809,6.362137953815663
810,6.362137953815663
811,6.362137953815663
812,6.362137953815663
813,6.362137953815663
814,6.362137953815663
815,6.362137953815663
816,6.362137953815663
817,6.362137953815663
818,6.362137953815663
819,6.362137953815663
820,6.362137953815663
821,6.362137953815663
822,6.362137953815663
823,6.362137953815663
824,6.362137953815663
825,6.362137953815663
826,6.362137953815663
827,6.362137953815663
828,6.362137953815663
829,6.362137953815663
830,6.362137953815663
831,6.362137953815663
832,6.362137953815663
833,6.362137953815663
834,6.362137953815663
835,6.362137953815663
836,6.362137953815663
837,6.362137953815663
838,6.362137953815663
839,6.362137953815663
840,6.362137953815663
841,6.362137953815663
842,6.362137953815663
843,6.362137953815663
844,6.362137953815663
845,6.362137953815663
846,6.362137953815663
847,6.362137953815663
848,6.362137953815663
849,6.362137953815663
850,6.362137953815663
851,6.362137953815663
852,6.362137953815663
853,6.362137953815663
854,6.362137953815663
855,6.362137953815663
856,6.362137953815663
857,6.362137953815663
858,6.362137953815663
859,6.362137953815663
860,6.362137953815663
861,6.362137953815663
862,6.362137953815663
863,6.362137953815663
864,6.362137953815663
865,6.362137953815663
866,6.362137953815663
867,6.362137953815663
868,6.362137953815663
869,6.362137953815663
870,6.362137953815663
871,6.362137953815663
872,6.362137953815663
873,6.362137953815663
874,6.362137953815663
875,6.362137953815663
876,6.362137953815663
877,6.362137953815663
878,6.362137953815663
879,6.362137953815663
880,6.362137953815663
881,6.362137953815663
882,6.362137953815663
883,6.362137953815663
884,6.362137953815663
885,6.362137953815663
886,6.362137953815663
887,6.362137953815663
888,6.362137953815663
889,6.362137953815663
890,6.362137953815663
891,6.362137953815663
892,6.362137953815663
893,6.362137953815663
894,6.362137953815663
895,6.362137953815663
896,6.362137953815663
897,6.362137953815663
898,6.362137953815663
899,6.362137953815663
900,6.362137953815663
901,6.362137953815663
902,6.362137953815663
903,6.362137953815663
904,6.362137953815663
905,6.362137953815663
906,6.362137953815663
907,6.362137953815663
908,6.362137953815663
909,6.362137953815663
910,6.362137953815663
911,6.362137953815663
912,6.362137953815663
913,6.362137953815663
914,6.362137953815663
915,6.362137953815663
916,6.362137953815663
917,6.362137953815663
918,6.362137953815663
919,6.362137953815663
920,6.362137953815663
921,6.362137953815663
922,6.362137953815663
923,6.362137953815663
924,6.362137953815663
925,6.362137953815663
926,6.362137953815663
927,6.362137953815663
928,6.362137953815663
929,6.362137953815663
930,6.362137953815663
931,6.362137953815663
932,6.362137953815663
933,6.362137953815663
934,6.362137953815663
935,6.362137953815663
936,6.362137953815663
937,6.362137953815663
938,6.362137953815663
939,6.362137953815663
940,6.362137953815663
941,6.362137953815663
942,6.362137953815663
943,6.362137953815663
944,6.362137953815663
945,6.362137953815663
946,6.362137953815663
947,6.362137953815663
948,6.362137953815663
949,6.362137953815663
950,6.362137953815663
951,6.362137953815663
952,6.362137953815663
953,6.362137953815663
954,6.362137953815663
955,6.362137953815663
956,6.362137953815663
957,6.362137953815663
958,6.362137953815663
959,6.362137953815663
960,6.362137953815663
961,6.362137953815663
962,6.362137953815663
963,6.362137953815663
964,6.362137953815663
965,6.362137953815663
966,6.362137953815663
967,6.362137953815663
968,6.362137953815663
969,6.362137953815663
970,6.362137953815663
971,6.362137953815663
972,6.362137953815663
973,6.362137953815663
974,6.362137953815663
975,6.362137953815663
976,6.362137953815663
977,6.362137953815663
978,6.362137953815663
979,6.362137953815663
980,6.362137953815663
981,6.362137953815663
982,6.362137953815663
983,6.362137953815663
984,6.362137953815663
985,6.362137953815663
986,6.362137953815663
987,6.362137953815663
988,6.362137953815663
989,6.362137953815663
990,6.362137953815663
991,6.362137953815663
992,6.362137953815663
993,6.362137953815663
994,6.362137953815663
995,6.362137953815663
996,6.362137953815663
997,6.362137953815663
998,6.362137953815663
999,6.362137953815663
1000,6.362137953815663
1001,6.362137953815663
1002,6.362137953815663
1003,6.362137953815663
1004,6.362137953815663
1005,6.362137953815663
1006,6.362137953815663
1007,6.362137953815663
1008,6.362137953815663
1009,6.362137953815663
1010,6.362137953815663
1011,6.362137953815663
1012,6.362137953815663
1013,6.362137953815663
1014,6.362137953815663
1015,6.362137953815663
1016,6.362137953815663
1017,6.362137953815663
1018,6.362137953815663
1019,6.362137953815663
1020,6.362137953815663
1021,6.362137953815663
1022,6.362137953815663
1023,6.362137953815663
1024,6.362137953815663
1025,6.362137953815663
1026,6.362137953815663
1027,6.362137953815663
1028,6.362137953815663
1029,6.362137953815663
1030,6.362137953815663
1031,6.362137953815663
1032,6.362137953815663
1033,6.362137953815663
1034,6.362137953815663
1035,6.362137953815663
1036,6.362137953815663
1037,6.362137953815663
1038,6.362137953815663
1039,6.362137953815663
1040,6.362137953815663
1041,6.362137953815663
1042,6.362137953815663
1043,6.362137953815663
1044,6.362137953815663
1045,6.362137953815663
1046,6.362137953815663
1047,6.362137953815663
1048,6.362137953815663
1049,6.362137953815663
1050,6.362137953815663
1051,6.362137953815663
1052,6.362137953815663
1053,6.362137953815663
1054,6.362137953815663
1055,6.362137953815663
1056,6.362137953815663
1057,6.362137953815663
1058,6.362137953815663
1059,6.362137953815663
1060,6.362137953815663
1061,6.362137953815663
1062,6.362137953815663
1063,6.362137953815663
1064,6.362137953815663
1065,6.362137953815663
1066,6.362137953815663
1067,6.362137953815663
1068,6.362137953815663
1069,6.362137953815663
1070,6.362137953815663
1071,6.362137953815663
1072,6.362137953815663
1073,6.362137953815663
1074,6.362137953815663
1075,6.362137953815663
1076,6.362137953815663
1077,6.362137953815663
1078,6.362137953815663
1079,6.362137953815663
1080,6.362137953815663
1081,6.362137953815663
1082,6.362137953815663
1083,6.362137953815663
1084,6.362137953815663
1085,6.362137953815663
1086,6.362137953815663
1087,6.362137953815663
1088,6.362137953815663
1089,6.362137953815663
1090,6.362137953815663
1091,6.362137953815663
1092,6.362137953815663
1093,6.362137953815663
1094,6.362137953815663
1095,6.362137953815663
1096,6.362137953815663
1097,6.362137953815663
1098,6.362137953815663
1099,6.362137953815663
1100,6.362137953815663
1101,6.362137953815663
1102,6.362137953815663
1103,6.362137953815663
1104,6.362137953815663
1105,6.362137953815663
1106,6.362137953815663
1107,6.362137953815663
1108,6.362137953815663
1109,6.362137953815663
1110,6.362137953815663
1111,6.362137953815663
1112,6.362137953815663
1113,6.362137953815663
1114,6.362137953815663
1115,6.362137953815663
1116,6.362137953815663
1117,6.362137953815663
1118,6.362137953815663
1119,6.362137953815663
1120,6.362137953815663
1121,6.362137953815663
1122,6.362137953815663
1123,6.362137953815663
1124,6.362137953815663
1125,6.362137953815663
1126,6.362137953815663
1127,6.362137953815663
1128,6.362137953815663
1129,6.362137953815663
1130,6.362137953815663
1131,6.362137953815663
1132,6.362137953815663
1133,6.362137953815663
1134,6.362137953815663
1135,6.362137953815663
1136,6.362137953815663
1137,6.362137953815663
1138,6.362137953815663
1139,6.362137953815663
1140,6.362137953815663
1141,6.362137953815663
1142,6.362137953815663
1143,6.362137953815663
1144,6.362137953815663
1145,6.362137953815663
1146,6.362137953815663
1147,6.362137953815663
1148,6.362137953815663
1149,6.362137953815663
1150,6.362137953815663
1151,6.362137953815663
1152,6.362137953815663
1153,6.362137953815663
1154,6.362137953815663
1155,6.362137953815663
1156,6.362137953815663
1157,6.362137953815663
1158,6.362137953815663
1159,6.362137953815663
1160,6.362137953815663
1161,6.362137953815663
1162,6.362137953815663
1163,6.362137953815663
1164,6.362137953815663
1165,6.362137953815663
1166,6.362137953815663
1167,6.362137953815663
1168,6.362137953815663
1169,6.362137953815663
1170,6.362137953815663
1171,6.362137953815663
1172,6.362137953815663
1173,6.362137953815663
1174,6.362137953815663
1175,6.362137953815663
1176,6.362137953815663
1177,6.362137953815663
1178,6.362137953815663
1179,6.362137953815663
1180,6.362137953815663
1181,6.362137953815663
1182,6.362137953815663
1183,6.362137953815663
1184,6.362137953815663
1185,6.362137953815663
1186,6.362137953815663
1187,6.362137953815663
1188,6.362137953815663
1189,6.362137953815663
1190,6.362137953815663
1191,6.362137953815663
1192,6.362137953815663
1193,6.362137953815663
1194,6.362137953815663
1195,6.362137953815663
1196,6.362137953815663
1197,6.362137953815663
1198,6.362137953815663
1199,6.362137953815663
1200,6.362137953815663
1201,6.362137953815663
1202,6.362137953815663
1203,6.362137953815663
1204,6.362137953815663
1205,6.362137953815663
1206,6.362137953815663
1207,6.362137953815663
1208,6.362137953815663
1209,6.362137953815663
1210,6.362137953815663
1211,6.362137953815663
1212,6.362137953815663
1213,6.362137953815663
1214,6.362137953815663
1215,6.362137953815663
1216,6.362137953815663
1217,6.362137953815663
1218,6.362137953815663
1219,6.362137953815663
1220,6.362137953815663
1221,6.362137953815663
1222,6.362137953815663
1223,6.362137953815663
1224,6.362137953815663
1225,6.362137953815663
1226,6.362137953815663
1227,6.362137953815663
1228,6.362137953815663
1229,6.362137953815663
1230,6.362137953815663
1231,6.362137953815663
1232,6.362137953815663
1233,6.362137953815663
1234,6.362137953815663
1235,6.362137953815663
1236,6.362137953815663
1237,6.362137953815663
1238,6.362137953815663
1239,6.362137953815663
1240,6.362137953815663
1241,6.362137953815663
1242,6.362137953815663
1243,6.362137953815663
1244,6.362137953815663
1245,6.362137953815663
1246,6.362137953815663
1247,6.362137953815663
1248,6.362137953815663
1249,6.362137953815663
1250,6.362137953815663
1251,6.362137953815663
1252,6.362137953815663
1253,6.362137953815663
1254,6.362137953815663
1255,6.362137953815663
1256,6.362137953815663
1257,6.362137953815663
1258,6.362137953815663
1259,6.362137953815663
1260,6.362137953815663
1261,6.362137953815663
1262,6.362137953815663
1263,6.362137953815663
1264,6.362137953815663
1265,6.362137953815663
1266,6.362137953815663
1267,6.362137953815663
1268,6.362137953815663
1269,6.362137953815663
1270,6.362137953815663
1271,6.362137953815663
1272,6.362137953815663
1273,6.362137953815663
1274,6.362137953815663
1275,6.362137953815663
1276,6.362137953815663
1277,6.362137953815663
1278,6.362137953815663
1279,6.362137953815663
1280,6.362137953815663
1281,6.362137953815663
1282,6.362137953815663
1283,6.362137953815663
1284,6.362137953815663
1285,6.362137953815663
1286,6.362137953815663
1287,6.362137953815663
1288,6.362137953815663
1289,6.362137953815663
1290,6.362137953815663
1291,6.362137953815663
1292,6.362137953815663
1293,6.362137953815663
1294,6.362137953815663
1295,6.362137953815663
1296,6.362137953815663
1297,6.362137953815663
1298,6.362137953815663
1299,6.362137953815663
1300,6.362137953815663
1301,6.362137953815663
1302,6.362137953815663
1303,6.362137953815663
1304,6.362137953815663
1305,6.362137953815663
1306,6.362137953815663
1307,6.362137953815663
1308,6.362137953815663
1309,6.362137953815663
1310,6.362137953815663
1311,6.362137953815663
1312,6.362137953815663
1313,6.362137953815663
1314,6.362137953815663
1315,6.362137953815663
1316,6.362137953815663
1317,6.362137953815663
1318,6.362137953815663
1319,6.362137953815663
1320,6.362137953815663
1321,6.362137953815663
1322,6.362137953815663
1323,6.362137953815663
1324,6.362137953815663
1325,6.362137953815663
1326,6.362137953815663
1327,6.362137953815663
1328,6.362137953815663
1329,6.362137953815663
1330,6.362137953815663
1331,6.362137953815663
1332,6.362137953815663
1333,6.362137953815663
1334,6.362137953815663
1335,6.362137953815663
1336,6.362137953815663
1337,6.362137953815663
1338,6.362137953815663
1339,6.362137953815663
1340,6.362137953815663
1341,6.362137953815663
1342,6.362137953815663
1343,6.362137953815663
1344,6.362137953815663
1345,6.362137953815663
1346,6.362137953815663
1347,6.362137953815663
1348,6.362137953815663
1349,6.362137953815663
1350,6.362137953815663
1351,6.362137953815663
1352,6.362137953815663
1353,6.362137953815663
1354,6.362137953815663
1355,6.362137953815663
1356,6.362137953815663
1357,6.362137953815663
1358,6.362137953815663
1359,6.362137953815663
1360,6.362137953815663
1361,6.362137953815663
1362,6.362137953815663
1363,6.362137953815663
1364,6.362137953815663
1365,6.362137953815663
1366,6.362137953815663
1367,6.362137953815663
1368,6.362137953815663
1369,6.362137953815663
1370,6.362137953815663
1371,6.362137953815663
1372,6.362137953815663
1373,6.362137953815663
1374,6.362137953815663
1375,6.362137953815663
1376,6.362137953815663
1377,6.362137953815663
1378,6.362137953815663
1379,6.362137953815663
1380,6.362137953815663
1381,6.362137953815663
1382,6.362137953815663
1383,6.362137953815663
1384,6.362137953815663
1385,6.362137953815663
1386,6.362137953815663
1387,6.362137953815663
1388,6.362137953815663
1389,6.362137953815663
1390,6.362137953815663
1391,6.362137953815663
1392,6.362137953815663
1393,6.362137953815663
1394,6.362137953815663
1395,6.362137953815663
1396,6.362137953815663
1397,6.362137953815663
1398,6.362137953815663
1399,6.362137953815663
1400,6.362137953815663
1401,6.362137953815663
1402,6.362137953815663
1403,6.362137953815663
1404,6.362137953815663
1405,6.362137953815663
1406,6.362137953815663
1407,6.362137953815663
1408,6.362137953815663
1409,6.362137953815663
1410,6.362137953815663
1411,6.362137953815663
1412,6.362137953815663
1413,6.362137953815663
1414,6.362137953815663
1415,6.362137953815663
1416,6.362137953815663
1417,6.362137953815663
1418,6.362137953815663
1419,6.362137953815663
1420,6.362137953815663
1421,6.362137953815663
1422,6.362137953815663
1423,6.362137953815663
1424,6.362137953815663
1425,6.362137953815663
1426,6.362137953815663
1427,6.362137953815663
1428,6.362137953815663
1429,6.362137953815663
1430,6.362137953815663
1431,6.362137953815663
1432,6.362137953815663
1433,6.362137953815663
1434,6.362137953815663
1435,6.362137953815663
1436,6.362137953815663
1437,6.362137953815663
1438,6.362137953815663
1439,6.362137953815663
1440,6.362137953815663
1441,6.362137953815663
1442,6.362137953815663
1443,6.362137953815663
1444,6.362137953815663
1445,6.362137953815663
1446,6.362137953815663
1447,6.362137953815663
1448,6.362137953815663
1449,6.362137953815663
1450,6.362137953815663
1451,6.362137953815663
1452,6.362137953815663
1453,6.362137953815663
1454,6.362137953815663
1455,6.362137953815663
1456,6.362137953815663
1457,6.362137953815663
1458,6.362137953815663
1459,6.362137953815663
1460,6.362137953815663
1461,6.362137953815663
1462,6.362137953815663
1463,6.362137953815663
1464,6.362137953815663
1465,6.362137953815663
1466,6.362137953815663
1467,6.362137953815663
1468,6.362137953815663
1469,6.362137953815663
1470,6.362137953815663
1471,6.362137953815663
1472,6.362137953815663
1473,6.362137953815663
1474,6.362137953815663
1475,6.362137953815663
1476,6.362137953815663
1477,6.362137953815663
1478,6.362137953815663
1479,6.362137953815663
1480,6.362137953815663
1481,6.362137953815663
1482,6.362137953815663
1483,6.362137953815663
1484,6.362137953815663
1485,6.362137953815663
1486,6.362137953815663
1487,6.362137953815663
1488,6.362137953815663
1489,6.362137953815663
1490,6.362137953815663
1491,6.362137953815663
1492,6.362137953815663
1493,6.362137953815663
1494,6.362137953815663
1495,6.362137953815663
1496,6.362137953815663
1497,6.362137953815663
1498,6.362137953815663
1499,6.362137953815663
1500,6.362137953815663
1501,6.362137953815663
1502,6.362137953815663
1503,6.362137953815663
1504,6.362137953815663
1505,6.362137953815663
1506,6.362137953815663
1507,6.362137953815663
1508,6.362137953815663
1509,6.362137953815663
1510,6.362137953815663
1511,6.362137953815663
1512,6.362137953815663
1513,6.362137953815663
1514,6.362137953815663
1515,6.362137953815663
1516,6.362137953815663
1517,6.362137953815663
1518,6.362137953815663
1519,6.362137953815663
1520,6.362137953815663
1521,6.362137953815663
1522,6.362137953815663
1523,6.362137953815663
1524,6.362137953815663
1525,6.362137953815663
1526,6.362137953815663
1527,6.362137953815663
1528,6.362137953815663
1529,6.362137953815663
1530,6.362137953815663
1531,6.362137953815663
1532,6.362137953815663
1533,6.362137953815663
1534,6.362137953815663
1535,6.362137953815663
1536,6.362137953815663
1537,6.362137953815663
1538,6.362137953815663
1539,6.362137953815663
1540,6.362137953815663
1541,6.362137953815663
1542,6.362137953815663
1543,6.362137953815663
1544,6.362137953815663
1545,6.362137953815663
1546,6.362137953815663
1547,6.362137953815663
1548,6.362137953815663
1549,6.362137953815663
1550,6.362137953815663
1551,6.362137953815663
1552,6.362137953815663
1553,6.362137953815663
1554,6.362137953815663
1555,6.362137953815663
1556,6.362137953815663
1557,6.362137953815663
1558,6.362137953815663
1559,6.362137953815663
1560,6.362137953815663
1561,6.362137953815663
1562,6.362137953815663
1563,6.362137953815663
1564,6.362137953815663
1565,6.362137953815663
1566,6.362137953815663
1567,6.362137953815663
1568,6.362137953815663
1569,6.362137953815663
1570,6.362137953815663
1571,6.362137953815663
1572,6.362137953815663
1573,6.362137953815663
1574,6.362137953815663
1575,6.362137953815663
1576,6.362137953815663
1577,6.362137953815663
1578,6.362137953815663
1579,6.362137953815663
1580,6.362137953815663
1581,6.362137953815663
1582,6.362137953815663
1583,6.362137953815663
1584,6.362137953815663
1585,6.362137953815663
1586,6.362137953815663
1587,6.362137953815663
1588,6.362137953815663
1589,6.362137953815663
1590,6.362137953815663
1591,6.362137953815663
1592,6.362137953815663
1593,6.362137953815663
1594,6.362137953815663
1595,6.362137953815663
1596,6.362137953815663
1597,6.362137953815663
1598,6.362137953815663
1599,6.362137953815663
1600,6.362137953815663
1601,6.362137953815663
1602,6.362137953815663
1603,6.362137953815663
1604,6.362137953815663
1605,6.362137953815663
1606,6.362137953815663
1607,6.362137953815663
1608,6.362137953815663
1609,6.362137953815663
1610,6.362137953815663
1611,6.362137953815663
1612,6.362137953815663
1613,6.362137953815663
1614,6.362137953815663
1615,6.362137953815663
1616,6.362137953815663
1617,6.362137953815663
1618,6.362137953815663
1619,6.362137953815663
1620,6.362137953815663
1621,6.362137953815663
1622,6.362137953815663
1623,6.362137953815663
1624,6.362137953815663
1625,6.362137953815663
1626,6.362137953815663
1627,6.362137953815663
1628,6.362137953815663
1629,6.362137953815663
1630,6.362137953815663
1631,6.362137953815663
1632,6.362137953815663
1633,6.362137953815663
1634,6.362137953815663
1635,6.362137953815663
1636,6.362137953815663
1637,6.362137953815663
1638,6.362137953815663
1639,6.362137953815663
1640,6.362137953815663
1641,6.362137953815663
1642,6.362137953815663
1643,6.362137953815663
1644,6.362137953815663
1645,6.362137953815663
1646,6.362137953815663
1647,6.362137953815663
1648,6.362137953815663
1649,6.362137953815663
1650,6.362137953815663
1651,6.362137953815663
1652,6.362137953815663
1653,6.362137953815663
1654,6.362137953815663
1655,6.362137953815663
1656,6.362137953815663
1657,6.362137953815663
1658,6.362137953815663
1659,6.362137953815663
1660,6.362137953815663
1661,6.362137953815663
1662,6.362137953815663
1663,6.362137953815663
1664,6.362137953815663
1665,6.362137953815663
1666,6.362137953815663
1667,6.362137953815663
1668,6.362137953815663
1669,6.362137953815663
1670,6.362137953815663
1671,6.362137953815663
1672,6.362137953815663
1673,6.362137953815663
1674,6.362137953815663
1675,6.362137953815663
1676,6.362137953815663
1677,6.362137953815663
1678,6.362137953815663
1679,6.362137953815663
1680,6.362137953815663
1681,6.362137953815663
1682,6.362137953815663
1683,6.362137953815663
1684,6.362137953815663
1685,6.362137953815663
1686,6.362137953815663
1687,6.362137953815663
1688,6.362137953815663
1689,6.362137953815663
1690,6.362137953815663
1691,6.362137953815663
1692,6.362137953815663
1693,6.362137953815663
1694,6.362137953815663
1695,6.362137953815663
1696,6.362137953815663
1697,6.362137953815663
1698,6.362137953815663
1699,6.362137953815663
1700,6.362137953815663
1701,6.362137953815663
1702,6.362137953815663
1703,6.362137953815663
1704,6.362137953815663
1705,6.362137953815663
1706,6.362137953815663
1707,6.362137953815663
1708,6.362137953815663
1709,6.362137953815663
1710,6.362137953815663
1711,6.362137953815663
1712,6.362137953815663
1713,6.362137953815663
1714,6.362137953815663
1715,6.362137953815663
1716,6.362137953815663
1717,6.362137953815663
1718,6.362137953815663
1719,6.362137953815663
1720,6.362137953815663
1721,6.362137953815663
1722,6.362137953815663
1723,6.362137953815663
1724,6.362137953815663
1725,6.362137953815663
1726,6.362137953815663
1727,6.362137953815663
1728,6.362137953815663
1729,6.362137953815663
1730,6.362137953815663
1731,6.362137953815663
1732,6.362137953815663
1733,6.362137953815663
1734,6.362137953815663
1735,6.362137953815663
1736,6.362137953815663
1737,6.362137953815663
1738,6.362137953815663
1739,6.362137953815663
1740,6.362137953815663
1741,6.362137953815663
1742,6.362137953815663
1743,6.362137953815663
1744,6.362137953815663
1745,6.362137953815663
1746,6.362137953815663
1747,6.362137953815663
1748,6.362137953815663
1749,6.362137953815663
1750,6.362137953815663
1751,6.362137953815663
1752,6.362137953815663
1753,6.362137953815663
1754,6.362137953815663
1755,6.362137953815663
1756,6.362137953815663
1757,6.362137953815663
1758,6.362137953815663
1759,6.362137953815663
1760,6.362137953815663
1761,6.362137953815663
1762,6.362137953815663
1763,6.362137953815663
1764,6.362137953815663
1765,6.362137953815663
1766,6.362137953815663
1767,6.362137953815663
1768,6.362137953815663
1769,6.362137953815663
1770,6.362137953815663
1771,6.362137953815663
1772,6.362137953815663
1773,6.362137953815663
1774,6.362137953815663
1775,6.362137953815663
1776,6.362137953815663
1777,6.362137953815663
1778,6.362137953815663
1779,6.362137953815663
1780,6.362137953815663
1781,6.362137953815663
1782,6.362137953815663
1783,6.362137953815663
1784,6.362137953815663
1785,6.362137953815663
1786,6.362137953815663
1787,6.362137953815663
1788,6.362137953815663
1789,6.362137953815663
1790,6.362137953815663
1791,6.362137953815663
1792,6.362137953815663
1793,6.362137953815663
1794,6.362137953815663
1795,6.362137953815663
1796,6.362137953815663
1797,6.362137953815663
1798,6.362137953815663
1799,6.362137953815663
1800,6.362137953815663
1801,6.362137953815663
1802,6.362137953815663
1803,6.362137953815663
1804,6.362137953815663
1805,6.362137953815663
1806,6.362137953815663
1807,6.362137953815663
1808,6.362137953815663
1809,6.362137953815663
1810,6.362137953815663
1811,6.362137953815663
1812,6.362137953815663
1813,6.362137953815663
1814,6.362137953815663
1815,6.362137953815663
1816,6.362137953815663
1817,6.362137953815663
1818,6.362137953815663
1819,6.362137953815663
1820,6.362137953815663
1821,6.362137953815663
1822,6.362137953815663
1823,6.362137953815663
1824,6.362137953815663
1825,6.362137953815663
1826,6.362137953815663
1827,6.362137953815663
1828,6.362137953815663
1829,6.362137953815663
1830,6.362137953815663
1831,6.362137953815663
1832,6.362137953815663
1833,6.362137953815663
1834,6.362137953815663
1835,6.362137953815663
1836,6.362137953815663
1837,6.362137953815663
1838,6.362137953815663
1839,6.362137953815663
1840,6.362137953815663
1841,6.362137953815663
1842,6.362137953815663
1843,6.362137953815663
1844,6.362137953815663
1845,6.362137953815663
1846,6.362137953815663
1847,6.362137953815663
1848,6.362137953815663
1849,6.362137953815663
1850,6.362137953815663
1851,6.362137953815663
1852,6.362137953815663
1853,6.362137953815663
1854,6.362137953815663
1855,6.362137953815663
1856,6.362137953815663
1857,6.362137953815663
1858,6.362137953815663
1859,6.362137953815663
1860,6.362137953815663
1861,6.362137953815663
1862,6.362137953815663
1863,6.362137953815663
1864,6.362137953815663
1865,6.362137953815663
1866,6.362137953815663
1867,6.362137953815663
1868,6.362137953815663
1869,6.362137953815663
1870,6.362137953815663
1871,6.362137953815663
1872,6.362137953815663
1873,6.362137953815663
1874,6.362137953815663
1875,6.362137953815663
1876,6.362137953815663
1877,6.362137953815663
1878,6.362137953815663
1879,6.362137953815663
1880,6.362137953815663
1881,6.362137953815663
1882,6.362137953815663
1883,6.362137953815663
1884,6.362137953815663
1885,6.362137953815663
1886,6.362137953815663
1887,6.362137953815663
1888,6.362137953815663
1889,6.362137953815663
1890,6.362137953815663
1891,6.362137953815663
1892,6.362137953815663
1893,6.362137953815663
1894,6.362137953815663
1895,6.362137953815663
1896,6.362137953815663
1897,6.362137953815663
1898,6.362137953815663
1899,6.362137953815663
1900,6.362137953815663
1901,6.362137953815663
1902,6.362137953815663
1903,6.362137953815663
1904,6.362137953815663
1905,6.362137953815663
1906,6.362137953815663
1907,6.362137953815663
1908,6.362137953815663
1909,6.362137953815663
1910,6.362137953815663
1911,6.362137953815663
1912,6.362137953815663
1913,6.362137953815663
1914,6.362137953815663
1915,6.362137953815663
1916,6.362137953815663
1917,6.362137953815663
1918,6.362137953815663
1919,6.362137953815663
1920,6.362137953815663
1921,6.362137953815663
1922,6.362137953815663
1923,6.362137953815663
1924,6.362137953815663
1925,6.362137953815663
1926,6.362137953815663
1927,6.362137953815663
1928,6.362137953815663
1929,6.362137953815663
1930,6.362137953815663
1931,6.362137953815663
1932,6.362137953815663
1933,6.362137953815663
1934,6.362137953815663
1935,6.362137953815663
1936,6.362137953815663
1937,6.362137953815663
1938,6.362137953815663
1939,6.362137953815663
1940,6.362137953815663
1941,6.362137953815663
1942,6.362137953815663
1943,6.362137953815663
1944,6.362137953815663
1945,6.362137953815663
1946,6.362137953815663
1947,6.362137953815663
1948,6.362137953815663
1949,6.362137953815663
1950,6.362137953815663
1951,6.362137953815663
1952,6.362137953815663
1953,6.362137953815663
1954,6.362137953815663
1955,6.362137953815663
1956,6.362137953815663
1957,6.362137953815663
1958,6.362137953815663
1959,6.362137953815663
1960,6.362137953815663
1961,6.362137953815663
1962,6.362137953815663
1963,6.362137953815663
1964,6.362137953815663
1965,6.362137953815663
1966,6.362137953815663
1967,6.362137953815663
1968,6.362137953815663
1969,6.362137953815663
1970,6.362137953815663
1971,6.362137953815663
1972,6.362137953815663
1973,6.362137953815663
1974,6.362137953815663
1975,6.362137953815663
1976,6.362137953815663
1977,6.362137953815663
1978,6.362137953815663
1979,6.362137953815663
1980,6.362137953815663
1981,6.362137953815663
1982,6.362137953815663
1983,6.362137953815663
1984,6.362137953815663
1985,6.362137953815663
1986,6.362137953815663
1987,6.362137953815663
1988,6.362137953815663
1989,6.362137953815663
1990,6.362137953815663
1991,6.362137953815663
1992,6.362137953815663
1993,6.362137953815663
1994,6.362137953815663
1995,6.362137953815663
1996,6.362137953815663
1997,6.362137953815663
1998,6.362137953815663
1999,6.362137953815663
2000,6.362137953815663
2001,6.362137953815663
2002,6.362137953815663
2003,6.362137953815663
2004,6.362137953815663
2005,6.362137953815663
2006,6.362137953815663
2007,6.362137953815663
2008,6.362137953815663
2009,6.362137953815663
2010,6.362137953815663
2011,6.362137953815663
2012,6.362137953815663
2013,6.362137953815663
2014,6.362137953815663
2015,6.362137953815663
2016,6.362137953815663
2017,6.362137953815663
2018,6.362137953815663
2019,6.362137953815663
2020,6.362137953815663
2021,6.362137953815663
2022,6.362137953815663
2023,6.362137953815663
2024,6.362137953815663
2025,6.362137953815663
2026,6.362137953815663
2027,6.362137953815663
2028,6.362137953815663
2029,6.362137953815663
2030,6.362137953815663
2031,6.362137953815663
2032,6.362137953815663
2033,6.362137953815663
2034,6.362137953815663
2035,6.362137953815663
2036,6.362137953815663
2037,6.362137953815663
2038,6.362137953815663
2039,6.362137953815663
2040,6.362137953815663
2041,6.362137953815663
2042,6.362137953815663
2043,6.362137953815663
2044,6.362137953815663
2045,6.362137953815663
2046,6.362137953815663
2047,6.362137953815663
2048,6.362137953815663
2049,6.362137953815663
2050,6.362137953815663
2051,6.362137953815663
2052,6.362137953815663
2053,6.362137953815663
2054,6.362137953815663
2055,6.362137953815663
2056,6.362137953815663
2057,6.362137953815663
2058,6.362137953815663
2059,6.362137953815663
2060,6.362137953815663
2061,6.362137953815663
2062,6.362137953815663
2063,6.362137953815663
2064,6.362137953815663
2065,6.362137953815663
2066,6.362137953815663
2067,6.362137953815663
2068,6.362137953815663
2069,6.362137953815663
2070,6.362137953815663
2071,6.362137953815663
2072,6.362137953815663
2073,6.362137953815663
2074,6.362137953815663
2075,6.362137953815663
2076,6.362137953815663
2077,6.362137953815663
2078,6.362137953815663
2079,6.362137953815663
2080,6.362137953815663
2081,6.362137953815663
2082,6.362137953815663
2083,6.362137953815663
2084,6.362137953815663
2085,6.362137953815663
2086,6.362137953815663
2087,6.362137953815663
2088,6.362137953815663
2089,6.362137953815663
2090,6.362137953815663
2091,6.362137953815663
2092,6.362137953815663
2093,6.362137953815663
2094,6.362137953815663
2095,6.362137953815663
2096,6.362137953815663
2097,6.362137953815663
2098,6.362137953815663
2099,6.362137953815663
2100,6.362137953815663
2101,6.362137953815663
2102,6.362137953815663
2103,6.362137953815663
2104,6.362137953815663
2105,6.362137953815663
2106,6.362137953815663
2107,6.362137953815663
2108,6.362137953815663
2109,6.362137953815663
2110,6.362137953815663
2111,6.362137953815663
2112,6.362137953815663
2113,6.362137953815663
2114,6.362137953815663
2115,6.362137953815663
2116,6.362137953815663
2117,6.362137953815663
2118,6.362137953815663
2119,6.362137953815663
2120,6.362137953815663
2121,6.362137953815663
2122,6.362137953815663
2123,6.362137953815663
2124,6.362137953815663
2125,6.362137953815663
2126,6.362137953815663
2127,6.362137953815663
2128,6.362137953815663
2129,6.362137953815663
2130,6.362137953815663
2131,6.362137953815663
2132,6.362137953815663
2133,6.362137953815663
2134,6.362137953815663
2135,6.362137953815663
2136,6.362137953815663
2137,6.362137953815663
2138,6.362137953815663
2139,6.362137953815663
2140,6.362137953815663
2141,6.362137953815663
2142,6.362137953815663
2143,6.362137953815663
2144,6.362137953815663
2145,6.362137953815663
2146,6.362137953815663
2147,6.362137953815663
2148,6.362137953815663
2149,6.362137953815663
2150,6.362137953815663
2151,6.362137953815663
2152,6.362137953815663
2153,6.362137953815663
2154,6.362137953815663
2155,6.362137953815663
2156,6.362137953815663
2157,6.362137953815663
2158,6.362137953815663
2159,6.362137953815663
2160,6.362137953815663
2161,6.362137953815663
2162,6.362137953815663
2163,6.362137953815663
2164,6.362137953815663
2165,6.362137953815663
2166,6.362137953815663
2167,6.362137953815663
2168,6.362137953815663
2169,6.362137953815663
2170,6.362137953815663
2171,6.362137953815663
2172,6.362137953815663
2173,6.362137953815663
2174,6.362137953815663
2175,6.362137953815663
2176,6.362137953815663
2177,6.362137953815663
2178,6.362137953815663
2179,6.362137953815663
2180,6.362137953815663
2181,6.362137953815663
2182,6.362137953815663
2183,6.362137953815663
2184,6.362137953815663
2185,6.362137953815663
2186,6.362137953815663
2187,6.362137953815663
2188,6.362137953815663
2189,6.362137953815663
2190,6.362137953815663
2191,6.362137953815663
2192,6.362137953815663
2193,6.362137953815663
2194,6.362137953815663
2195,6.362137953815663
2196,6.362137953815663
2197,6.362137953815663
2198,6.362137953815663
2199,6.362137953815663
2200,6.362137953815663
2201,6.362137953815663
2202,6.362137953815663
2203,6.362137953815663
2204,6.362137953815663
2205,6.362137953815663
2206,6.362137953815663
2207,6.362137953815663
2208,6.362137953815663
2209,6.362137953815663
2210,6.362137953815663
2211,6.362137953815663
2212,6.362137953815663
2213,6.362137953815663
2214,6.362137953815663
2215,6.362137953815663
2216,6.362137953815663
2217,6.362137953815663
2218,6.362137953815663
2219,6.362137953815663
2220,6.362137953815663
2221,6.362137953815663
2222,6.362137953815663
2223,6.362137953815663
2224,6.362137953815663
2225,6.362137953815663
2226,6.362137953815663
2227,6.362137953815663
2228,6.362137953815663
2229,6.362137953815663
2230,6.362137953815663
2231,6.362137953815663
2232,6.362137953815663
2233,6.362137953815663
2234,6.362137953815663
2235,6.362137953815663
2236,6.362137953815663
2237,6.362137953815663
2238,6.362137953815663
2239,6.362137953815663
2240,6.362137953815663
2241,6.362137953815663
2242,6.362137953815663
2243,6.362137953815663
2244,6.362137953815663
2245,6.362137953815663
2246,6.362137953815663
2247,6.362137953815663
2248,6.362137953815663
2249,6.362137953815663
2250,6.362137953815663
2251,6.362137953815663
2252,6.362137953815663
2253,6.362137953815663
2254,6.362137953815663
2255,6.362137953815663
2256,6.362137953815663
2257,6.362137953815663
2258,6.362137953815663
2259,6.362137953815663
2260,6.362137953815663
2261,6.362137953815663
2262,6.362137953815663
2263,6.362137953815663
2264,6.362137953815663
2265,6.362137953815663
2266,6.362137953815663
2267,6.362137953815663
2268,6.362137953815663
2269,6.362137953815663
2270,6.362137953815663
2271,6.362137953815663
2272,6.362137953815663
2273,6.362137953815663
2274,6.362137953815663
2275,6.362137953815663
2276,6.362137953815663
2277,6.362137953815663
2278,6.362137953815663
2279,6.362137953815663
2280,6.362137953815663
2281,6.362137953815663
2282,6.362137953815663
2283,6.362137953815663
2284,6.362137953815663
2285,6.362137953815663
2286,6.362137953815663
2287,6.362137953815663
2288,6.362137953815663
2289,6.362137953815663
2290,6.362137953815663
2291,6.362137953815663
2292,6.362137953815663
2293,6.362137953815663
2294,6.362137953815663
2295,6.362137953815663
2296,6.362137953815663
2297,6.362137953815663
2298,6.362137953815663
2299,6.362137953815663
2300,6.362137953815663
2301,6.362137953815663
2302,6.362137953815663
2303,6.362137953815663
2304,6.362137953815663
2305,6.362137953815663
2306,6.362137953815663
2307,6.362137953815663
2308,6.362137953815663
2309,6.362137953815663
2310,6.362137953815663
2311,6.362137953815663
2312,6.362137953815663
2313,6.362137953815663
2314,6.362137953815663
2315,6.362137953815663
2316,6.362137953815663
2317,6.362137953815663
2318,6.362137953815663
2319,6.362137953815663
2320,6.362137953815663
2321,6.362137953815663
2322,6.362137953815663
2323,6.362137953815663
2324,6.362137953815663
2325,6.362137953815663
2326,6.362137953815663
2327,6.362137953815663
2328,6.362137953815663
2329,6.362137953815663
2330,6.362137953815663
2331,6.362137953815663
2332,6.362137953815663
2333,6.362137953815663
2334,6.362137953815663
2335,6.362137953815663
2336,6.362137953815663
2337,6.362137953815663
2338,6.362137953815663
2339,6.362137953815663
2340,6.362137953815663
2341,6.362137953815663
2342,6.362137953815663
2343,6.362137953815663
2344,6.362137953815663
2345,6.362137953815663
2346,6.362137953815663
2347,6.362137953815663
2348,6.362137953815663
2349,6.362137953815663
2350,6.362137953815663
2351,6.362137953815663
2352,6.362137953815663
2353,6.362137953815663
2354,6.362137953815663
2355,6.362137953815663
2356,6.362137953815663
2357,6.362137953815663
2358,6.362137953815663
2359,6.362137953815663
2360,6.362137953815663
2361,6.362137953815663
2362,6.362137953815663
2363,6.362137953815663
2364,6.362137953815663
2365,6.362137953815663
2366,6.362137953815663
2367,6.362137953815663
2368,6.362137953815663
2369,6.362137953815663
2370,6.362137953815663
2371,6.362137953815663
2372,6.362137953815663
2373,6.362137953815663
2374,6.362137953815663
2375,6.362137953815663
2376,6.362137953815663
2377,6.362137953815663
2378,6.362137953815663
2379,6.362137953815663
2380,6.362137953815663
2381,6.362137953815663
2382,6.362137953815663
2383,6.362137953815663
2384,6.362137953815663
2385,6.362137953815663
2386,6.362137953815663
2387,6.362137953815663
2388,6.362137953815663
2389,6.362137953815663
2390,6.362137953815663
2391,6.362137953815663
2392,6.362137953815663
2393,6.362137953815663
2394,6.362137953815663
2395,6.362137953815663
2396,6.362137953815663
2397,6.362137953815663
2398,6.362137953815663
2399,6.362137953815663
2400,6.362137953815663
2401,6.362137953815663
2402,6.362137953815663
2403,6.362137953815663
2404,6.362137953815663
2405,6.362137953815663
2406,6.362137953815663
2407,6.362137953815663
2408,6.362137953815663
2409,6.362137953815663
2410,6.362137953815663
2411,6.362137953815663
2412,6.362137953815663
2413,6.362137953815663
2414,6.362137953815663
2415,6.362137953815663
2416,6.362137953815663
2417,6.362137953815663
2418,6.362137953815663
2419,6.362137953815663
2420,6.362137953815663
2421,6.362137953815663
2422,6.362137953815663
2423,6.362137953815663
2424,6.362137953815663
2425,6.362137953815663
2426,6.362137953815663
2427,6.362137953815663
2428,6.362137953815663
2429,6.362137953815663
2430,6.362137953815663
2431,6.362137953815663
2432,6.362137953815663
2433,6.362137953815663
2434,6.362137953815663
2435,6.362137953815663
2436,6.362137953815663
2437,6.362137953815663
2438,6.362137953815663
2439,6.362137953815663
2440,6.362137953815663
2441,6.362137953815663
2442,6.362137953815663
2443,6.362137953815663
2444,6.362137953815663
2445,6.362137953815663
2446,6.362137953815663
2447,6.362137953815663
2448,6.362137953815663
2449,6.362137953815663
2450,6.362137953815663
2451,6.362137953815663
2452,6.362137953815663
2453,6.362137953815663
2454,6.362137953815663
2455,6.362137953815663
2456,6.362137953815663
2457,6.362137953815663
2458,6.362137953815663
2459,6.362137953815663
2460,6.362137953815663
2461,6.362137953815663
2462,6.362137953815663
2463,6.362137953815663
2464,6.362137953815663
2465,6.362137953815663
2466,6.362137953815663
2467,6.362137953815663
2468,6.362137953815663
2469,6.362137953815663
2470,6.362137953815663
2471,6.362137953815663
2472,6.362137953815663
2473,6.362137953815663
2474,6.362137953815663
2475,6.362137953815663
2476,6.362137953815663
2477,6.362137953815663
2478,6.362137953815663
2479,6.362137953815663
2480,6.362137953815663
2481,6.362137953815663
2482,6.362137953815663
2483,6.362137953815663
2484,6.362137953815663
2485,6.362137953815663
2486,6.362137953815663
2487,6.362137953815663
2488,6.362137953815663
2489,6.362137953815663
2490,6.362137953815663
2491,6.362137953815663
2492,6.362137953815663
2493,6.362137953815663
2494,6.362137953815663
2495,6.362137953815663
2496,6.362137953815663
2497,6.362137953815663
2498,6.362137953815663
2499,6.362137953815663
2500,6.362137953815663
2501,6.362137953815663
2502,6.362137953815663
2503,6.362137953815663
2504,6.362137953815663
2505,6.362137953815663
2506,6.362137953815663
2507,6.362137953815663
2508,6.362137953815663
2509,6.362137953815663
2510,6.362137953815663
2511,6.362137953815663
2512,6.362137953815663
2513,6.362137953815663
2514,6.362137953815663
2515,6.362137953815663
2516,6.362137953815663
2517,6.362137953815663
2518,6.362137953815663
2519,6.362137953815663
2520,6.362137953815663
2521,6.362137953815663
2522,6.362137953815663
2523,6.362137953815663
2524,6.362137953815663
2525,6.362137953815663
2526,6.362137953815663
2527,6.362137953815663
2528,6.362137953815663
2529,6.362137953815663
2530,6.362137953815663
2531,6.362137953815663
2532,6.362137953815663
2533,6.362137953815663
2534,6.362137953815663
2535,6.362137953815663
2536,6.362137953815663
2537,6.362137953815663
2538,6.362137953815663
2539,6.362137953815663
2540,6.362137953815663
2541,6.362137953815663
2542,6.362137953815663
2543,6.362137953815663
2544,6.362137953815663
2545,6.362137953815663
2546,6.362137953815663
2547,6.362137953815663
2548,6.362137953815663
2549,6.362137953815663
2550,6.362137953815663
2551,6.362137953815663
2552,6.362137953815663
2553,6.362137953815663
2554,6.362137953815663
2555,6.362137953815663
2556,6.362137953815663
2557,6.362137953815663
2558,6.362137953815663
2559,6.362137953815663
2560,6.362137953815663
2561,6.362137953815663
2562,6.362137953815663
2563,6.362137953815663
2564,6.362137953815663
2565,6.362137953815663
2566,6.362137953815663
2567,6.362137953815663
2568,6.362137953815663
2569,6.362137953815663
2570,6.362137953815663
2571,6.362137953815663
2572,6.362137953815663
2573,6.362137953815663
2574,6.362137953815663
2575,6.362137953815663
2576,6.362137953815663
2577,6.362137953815663
2578,6.362137953815663
2579,6.362137953815663
2580,6.362137953815663
2581,6.362137953815663
2582,6.362137953815663
2583,6.362137953815663
2584,6.362137953815663
2585,6.362137953815663
2586,6.362137953815663
2587,6.362137953815663
2588,6.362137953815663
2589,6.362137953815663
2590,6.362137953815663
2591,6.362137953815663
2592,6.362137953815663
2593,6.362137953815663
2594,6.362137953815663
2595,6.362137953815663
2596,6.362137953815663
2597,6.362137953815663
2598,6.362137953815663
2599,6.362137953815663
2600,6.362137953815663
2601,6.362137953815663
2602,6.362137953815663
2603,6.362137953815663
2604,6.362137953815663
2605,6.362137953815663
2606,6.362137953815663
2607,6.362137953815663
2608,6.362137953815663
2609,6.362137953815663
2610,6.362137953815663
2611,6.362137953815663
2612,6.362137953815663
2613,6.362137953815663
2614,6.362137953815663
2615,6.362137953815663
2616,6.362137953815663
2617,6.362137953815663
2618,6.362137953815663
2619,6.362137953815663
2620,6.362137953815663
2621,6.362137953815663
2622,6.362137953815663
2623,6.362137953815663
2624,6.362137953815663
2625,6.362137953815663
2626,6.362137953815663
2627,6.362137953815663
2628,6.362137953815663
2629,6.362137953815663
2630,6.362137953815663
2631,6.362137953815663
2632,6.362137953815663
2633,6.362137953815663
2634,6.362137953815663
2635,6.362137953815663
2636,6.362137953815663
2637,6.362137953815663
2638,6.362137953815663
2639,6.362137953815663
2640,6.362137953815663
2641,6.362137953815663
2642,6.362137953815663
2643,6.362137953815663
2644,6.362137953815663
2645,6.362137953815663
2646,6.362137953815663
2647,6.362137953815663
2648,6.362137953815663
2649,6.362137953815663
2650,6.362137953815663
2651,6.362137953815663
2652,6.362137953815663
2653,6.362137953815663
2654,6.362137953815663
2655,6.362137953815663
2656,6.362137953815663
2657,6.362137953815663
2658,6.362137953815663
2659,6.362137953815663
2660,6.362137953815663
2661,6.362137953815663
2662,6.362137953815663
2663,6.362137953815663
2664,6.362137953815663
2665,6.362137953815663
2666,6.362137953815663
2667,6.362137953815663
2668,6.362137953815663
2669,6.362137953815663
2670,6.362137953815663
2671,6.362137953815663
2672,6.362137953815663
2673,6.362137953815663
2674,6.362137953815663
2675,6.362137953815663
2676,6.362137953815663
2677,6.362137953815663
2678,6.362137953815663
2679,6.362137953815663
2680,6.362137953815663
2681,6.362137953815663
2682,6.362137953815663
2683,6.362137953815663
2684,6.362137953815663
2685,6.362137953815663
2686,6.362137953815663
2687,6.362137953815663
2688,6.362137953815663
2689,6.362137953815663
2690,6.362137953815663
2691,6.362137953815663
2692,6.362137953815663
2693,6.362137953815663
2694,6.362137953815663
2695,6.362137953815663
2696,6.362137953815663
2697,6.362137953815663
2698,6.362137953815663
2699,6.362137953815663
2700,6.362137953815663
2701,6.362137953815663
2702,6.362137953815663
2703,6.362137953815663
2704,6.362137953815663
2705,6.362137953815663
2706,6.362137953815663
2707,6.362137953815663
2708,6.362137953815663
2709,6.362137953815663
2710,6.362137953815663
2711,6.362137953815663
2712,6.362137953815663
2713,6.362137953815663
2714,6.362137953815663
2715,6.362137953815663
2716,6.362137953815663
2717,6.362137953815663
2718,6.362137953815663
2719,6.362137953815663
2720,6.362137953815663
2721,6.362137953815663
2722,6.362137953815663
2723,6.362137953815663
2724,6.362137953815663
2725,6.362137953815663
2726,6.362137953815663
2727,6.362137953815663
2728,6.362137953815663
2729,6.362137953815663
2730,6.362137953815663
2731,6.362137953815663
2732,6.362137953815663
2733,6.362137953815663
2734,6.362137953815663
2735,6.362137953815663
2736,6.362137953815663
2737,6.362137953815663
2738,6.362137953815663
2739,6.362137953815663
2740,6.362137953815663
2741,6.362137953815663
2742,6.362137953815663
2743,6.362137953815663
2744,6.362137953815663
2745,6.362137953815663
2746,6.362137953815663
2747,6.362137953815663
2748,6.362137953815663
2749,6.362137953815663
2750,6.362137953815663
2751,6.362137953815663
2752,6.362137953815663
2753,6.362137953815663
2754,6.362137953815663
2755,6.362137953815663
2756,6.362137953815663
2757,6.362137953815663
2758,6.362137953815663
2759,6.362137953815663
2760,6.362137953815663
2761,6.362137953815663
2762,6.362137953815663
2763,6.362137953815663
2764,6.362137953815663
2765,6.362137953815663
2766,6.362137953815663
2767,6.362137953815663
2768,6.362137953815663
2769,6.362137953815663
2770,6.362137953815663
2771,6.362137953815663
2772,6.362137953815663
2773,6.362137953815663
2774,6.362137953815663
2775,6.362137953815663
2776,6.362137953815663
2777,6.362137953815663
2778,6.362137953815663
2779,6.362137953815663
2780,6.362137953815663
2781,6.362137953815663
2782,6.362137953815663
2783,6.362137953815663
2784,6.362137953815663
2785,6.362137953815663
2786,6.362137953815663
2787,6.362137953815663
2788,6.362137953815663
2789,6.362137953815663
2790,6.362137953815663
2791,6.362137953815663
2792,6.362137953815663
2793,6.362137953815663
2794,6.362137953815663
2795,6.362137953815663
2796,6.362137953815663
2797,6.362137953815663
2798,6.362137953815663
2799,6.362137953815663
2800,6.362137953815663
2801,6.362137953815663
2802,6.362137953815663
2803,6.362137953815663
2804,6.362137953815663
2805,6.362137953815663
2806,6.362137953815663
2807,6.362137953815663
2808,6.362137953815663
2809,6.362137953815663
2810,6.362137953815663
2811,6.362137953815663
2812,6.362137953815663
2813,6.362137953815663
2814,6.362137953815663
2815,6.362137953815663
2816,6.362137953815663
2817,6.362137953815663
2818,6.362137953815663
2819,6.362137953815663
2820,6.362137953815663
2821,6.362137953815663
2822,6.362137953815663
2823,6.362137953815663
2824,6.362137953815663
2825,6.362137953815663
2826,6.362137953815663
2827,6.362137953815663
2828,6.362137953815663
2829,6.362137953815663
2830,6.362137953815663
2831,6.362137953815663
2832,6.362137953815663
2833,6.362137953815663
2834,6.362137953815663
2835,6.362137953815663
2836,6.362137953815663
2837,6.362137953815663
2838,6.362137953815663
2839,6.362137953815663
2840,6.362137953815663
2841,6.362137953815663
2842,6.362137953815663
2843,6.362137953815663
2844,6.362137953815663
2845,6.362137953815663
2846,6.362137953815663
2847,6.362137953815663
2848,6.362137953815663
2849,6.362137953815663
2850,6.362137953815663
2851,6.362137953815663
2852,6.362137953815663
2853,6.362137953815663
2854,6.362137953815663
2855,6.362137953815663
2856,6.362137953815663
2857,6.362137953815663
2858,6.362137953815663
2859,6.362137953815663
2860,6.362137953815663
2861,6.362137953815663
2862,6.362137953815663
2863,6.362137953815663
2864,6.362137953815663
2865,6.362137953815663
2866,6.362137953815663
2867,6.362137953815663
2868,6.362137953815663
2869,6.362137953815663
2870,6.362137953815663
2871,6.362137953815663
2872,6.362137953815663
2873,6.362137953815663
2874,6.362137953815663
2875,6.362137953815663
2876,6.362137953815663
2877,6.362137953815663
2878,6.362137953815663
2879,6.362137953815663
2880,6.362137953815663
2881,6.362137953815663
2882,6.362137953815663
2883,6.362137953815663
2884,6.362137953815663
2885,6.362137953815663
2886,6.362137953815663
2887,6.362137953815663
2888,6.362137953815663
2889,6.362137953815663
2890,6.362137953815663
2891,6.362137953815663
2892,6.362137953815663
2893,6.362137953815663
2894,6.362137953815663
2895,6.362137953815663
2896,6.362137953815663
2897,6.362137953815663
2898,6.362137953815663
2899,6.362137953815663
2900,6.362137953815663
2901,6.362137953815663
2902,6.362137953815663
2903,6.362137953815663
2904,6.362137953815663
2905,6.362137953815663
2906,6.362137953815663
2907,6.362137953815663
2908,6.362137953815663
2909,6.362137953815663
2910,6.362137953815663
2911,6.362137953815663
2912,6.362137953815663
2913,6.362137953815663
2914,6.362137953815663
2915,6.362137953815663
2916,6.362137953815663
2917,6.362137953815663
2918,6.362137953815663
2919,6.362137953815663
2920,6.362137953815663
2921,6.362137953815663
2922,6.362137953815663
2923,6.362137953815663
2924,6.362137953815663
2925,6.362137953815663
2926,6.362137953815663
2927,6.362137953815663
2928,6.362137953815663
2929,6.362137953815663
2930,6.362137953815663
2931,6.362137953815663
2932,6.362137953815663
2933,6.362137953815663
2934,6.362137953815663
2935,6.362137953815663
2936,6.362137953815663
2937,6.362137953815663
2938,6.362137953815663
2939,6.362137953815663
2940,6.362137953815663
2941,6.362137953815663
2942,6.362137953815663
2943,6.362137953815663
2944,6.362137953815663
2945,6.362137953815663
2946,6.362137953815663
2947,6.362137953815663
2948,6.362137953815663
2949,6.362137953815663
2950,6.362137953815663
2951,6.362137953815663
2952,6.362137953815663
2953,6.362137953815663
2954,6.362137953815663
2955,6.362137953815663
2956,6.362137953815663
2957,6.362137953815663
2958,6.362137953815663
2959,6.362137953815663
2960,6.362137953815663
2961,6.362137953815663
2962,6.362137953815663
2963,6.362137953815663
2964,6.362137953815663
2965,6.362137953815663
2966,6.362137953815663
2967,6.362137953815663
2968,6.362137953815663
2969,6.362137953815663
2970,6.362137953815663
2971,6.362137953815663
2972,6.362137953815663
2973,6.362137953815663
2974,6.362137953815663
2975,6.362137953815663
2976,6.362137953815663
2977,6.362137953815663
2978,6.362137953815663
2979,6.362137953815663
2980,6.362137953815663
2981,6.362137953815663
2982,6.362137953815663
2983,6.362137953815663
2984,6.362137953815663
2985,6.362137953815663
2986,6.362137953815663
2987,6.362137953815663
2988,6.362137953815663
2989,6.362137953815663
2990,6.362137953815663
2991,6.362137953815663
2992,6.362137953815663
2993,6.362137953815663
2994,6.362137953815663
2995,6.362137953815663
2996,6.362137953815663
2997,6.362137953815663
2998,6.362137953815663
2999,6.362137953815663
3000,6.362137953815663
3001,6.362137953815663
3002,6.362137953815663
3003,6.362137953815663
3004,6.362137953815663
3005,6.362137953815663
3006,6.362137953815663
3007,6.362137953815663
3008,6.362137953815663
3009,6.362137953815663
3010,6.362137953815663
3011,6.362137953815663
3012,6.362137953815663
3013,6.362137953815663
3014,6.362137953815663
3015,6.362137953815663
3016,6.362137953815663
3017,6.362137953815663
3018,6.362137953815663
3019,6.362137953815663
3020,6.362137953815663
3021,6.362137953815663
3022,6.362137953815663
3023,6.362137953815663
3024,6.362137953815663
3025,6.362137953815663
3026,6.362137953815663
3027,6.362137953815663
3028,6.362137953815663
3029,6.362137953815663
3030,6.362137953815663
3031,6.362137953815663
3032,6.362137953815663
3033,6.362137953815663
3034,6.362137953815663
3035,6.362137953815663
3036,6.362137953815663
3037,6.362137953815663
3038,6.362137953815663
3039,6.362137953815663
3040,6.362137953815663
3041,6.362137953815663
3042,6.362137953815663
3043,6.362137953815663
3044,6.362137953815663
3045,6.362137953815663
3046,6.362137953815663
3047,6.362137953815663
3048,6.362137953815663
3049,6.362137953815663
3050,6.362137953815663
3051,6.362137953815663
3052,6.362137953815663
3053,6.362137953815663
3054,6.362137953815663
3055,6.362137953815663
3056,6.362137953815663
3057,6.362137953815663
3058,6.362137953815663
3059,6.362137953815663
3060,6.362137953815663
3061,6.362137953815663
3062,6.362137953815663
3063,6.362137953815663
3064,6.362137953815663
3065,6.362137953815663
3066,6.362137953815663
3067,6.362137953815663
3068,6.362137953815663
3069,6.362137953815663
3070,6.362137953815663
3071,6.362137953815663
3072,6.362137953815663
3073,6.362137953815663
3074,6.362137953815663
3075,6.362137953815663
3076,6.362137953815663
3077,6.362137953815663
3078,6.362137953815663
3079,6.362137953815663
3080,6.362137953815663
3081,6.362137953815663
3082,6.362137953815663
3083,6.362137953815663
3084,6.362137953815663
3085,6.362137953815663
3086,6.362137953815663
3087,6.362137953815663
3088,6.362137953815663
3089,6.362137953815663
3090,6.362137953815663
3091,6.362137953815663
3092,6.362137953815663
3093,6.362137953815663
3094,6.362137953815663
3095,6.362137953815663
3096,6.362137953815663
3097,6.362137953815663
3098,6.362137953815663
3099,6.362137953815663
3100,6.362137953815663
3101,6.362137953815663
3102,6.362137953815663
3103,6.362137953815663
3104,6.362137953815663
3105,6.362137953815663
3106,6.362137953815663
3107,6.362137953815663
3108,6.362137953815663
3109,6.362137953815663
3110,6.362137953815663
3111,6.362137953815663
3112,6.362137953815663
3113,6.362137953815663
3114,6.362137953815663
3115,6.362137953815663
3116,6.362137953815663
3117,6.362137953815663
3118,6.362137953815663
3119,6.362137953815663
3120,6.362137953815663
3121,6.362137953815663
3122,6.362137953815663
3123,6.362137953815663
3124,6.362137953815663
3125,6.362137953815663
3126,6.362137953815663
3127,6.362137953815663
3128,6.362137953815663
3129,6.362137953815663
3130,6.362137953815663
3131,6.362137953815663
3132,6.362137953815663
3133,6.362137953815663
3134,6.362137953815663
3135,6.362137953815663
3136,6.362137953815663
3137,6.362137953815663
3138,6.362137953815663
3139,6.362137953815663
3140,6.362137953815663
3141,6.362137953815663
3142,6.362137953815663
3143,6.362137953815663
3144,6.362137953815663
3145,6.362137953815663
3146,6.362137953815663
3147,6.362137953815663
3148,6.362137953815663
3149,6.362137953815663
3150,6.362137953815663
3151,6.362137953815663
3152,6.362137953815663
3153,6.362137953815663
3154,6.362137953815663
3155,6.362137953815663
3156,6.362137953815663
3157,6.362137953815663
3158,6.362137953815663
3159,6.362137953815663
3160,6.362137953815663
3161,6.362137953815663
3162,6.362137953815663
3163,6.362137953815663
3164,6.362137953815663
3165,6.362137953815663
3166,6.362137953815663
3167,6.362137953815663
3168,6.362137953815663
3169,6.362137953815663
3170,6.362137953815663
3171,6.362137953815663
3172,6.362137953815663
3173,6.362137953815663
3174,6.362137953815663
3175,6.362137953815663
3176,6.362137953815663
3177,6.362137953815663
3178,6.362137953815663
3179,6.362137953815663
3180,6.362137953815663
3181,6.362137953815663
3182,6.362137953815663
3183,6.362137953815663
3184,6.362137953815663
3185,6.362137953815663
3186,6.362137953815663
3187,6.362137953815663
3188,6.362137953815663
3189,6.362137953815663
3190,6.362137953815663
3191,6.362137953815663
3192,6.362137953815663
3193,6.362137953815663
3194,6.362137953815663
3195,6.362137953815663
3196,6.362137953815663
3197,6.362137953815663
3198,6.362137953815663
3199,6.362137953815663
3200,6.362137953815663
3201,6.362137953815663
3202,6.362137953815663
3203,6.362137953815663
3204,6.362137953815663
3205,6.362137953815663
3206,6.362137953815663
3207,6.362137953815663
3208,6.362137953815663
3209,6.362137953815663
3210,6.362137953815663
3211,6.362137953815663
3212,6.362137953815663
3213,6.362137953815663
3214,6.362137953815663
3215,6.362137953815663
3216,6.362137953815663
3217,6.362137953815663
3218,6.362137953815663
3219,6.362137953815663
3220,6.362137953815663
3221,6.362137953815663
3222,6.362137953815663
3223,6.362137953815663
3224,6.362137953815663
3225,6.362137953815663
3226,6.362137953815663
3227,6.362137953815663
3228,6.362137953815663
3229,6.362137953815663
3230,6.362137953815663
3231,6.362137953815663
3232,6.362137953815663
3233,6.362137953815663
3234,6.362137953815663
3235,6.362137953815663
3236,6.362137953815663
3237,6.362137953815663
3238,6.362137953815663
3239,6.362137953815663
3240,6.362137953815663
3241,6.362137953815663
3242,6.362137953815663
3243,6.362137953815663
3244,6.362137953815663
3245,6.362137953815663
3246,6.362137953815663
3247,6.362137953815663
3248,6.362137953815663
3249,6.362137953815663
3250,6.362137953815663
3251,6.362137953815663
3252,6.362137953815663
3253,6.362137953815663
3254,6.362137953815663
3255,6.362137953815663
3256,6.362137953815663
3257,6.362137953815663
3258,6.362137953815663
3259,6.362137953815663
3260,6.362137953815663
3261,6.362137953815663
3262,6.362137953815663
3263,6.362137953815663
3264,6.362137953815663
3265,6.362137953815663
3266,6.362137953815663
3267,6.362137953815663
3268,6.362137953815663
3269,6.362137953815663
3270,6.362137953815663
3271,6.362137953815663
3272,6.362137953815663
3273,6.362137953815663
3274,6.362137953815663
3275,6.362137953815663
3276,6.362137953815663
3277,6.362137953815663
3278,6.362137953815663
3279,6.362137953815663
3280,6.362137953815663
3281,6.362137953815663
3282,6.362137953815663
3283,6.362137953815663
3284,6.362137953815663
3285,6.362137953815663
3286,6.362137953815663
3287,6.362137953815663
3288,6.362137953815663
3289,6.362137953815663
3290,6.362137953815663
3291,6.362137953815663
3292,6.362137953815663
3293,6.362137953815663
3294,6.362137953815663
3295,6.362137953815663
3296,6.362137953815663
3297,6.362137953815663
3298,6.362137953815663
3299,6.362137953815663
3300,6.362137953815663
3301,6.362137953815663
3302,6.362137953815663
3303,6.362137953815663
3304,6.362137953815663
3305,6.362137953815663
3306,6.362137953815663
3307,6.362137953815663
3308,6.362137953815663
3309,6.362137953815663
3310,6.362137953815663
3311,6.362137953815663
3312,6.362137953815663
3313,6.362137953815663
3314,6.362137953815663
3315,6.362137953815663
3316,6.362137953815663
3317,6.362137953815663
3318,6.362137953815663
3319,6.362137953815663
3320,6.362137953815663
3321,6.362137953815663
3322,6.362137953815663
3323,6.362137953815663
3324,6.362137953815663
3325,6.362137953815663
3326,6.362137953815663
3327,6.362137953815663
3328,6.362137953815663
3329,6.362137953815663
3330,6.362137953815663
3331,6.362137953815663
3332,6.362137953815663
3333,6.362137953815663
3334,6.362137953815663
3335,6.362137953815663
3336,6.362137953815663
3337,6.362137953815663
3338,6.362137953815663
3339,6.362137953815663
3340,6.362137953815663
3341,6.362137953815663
3342,6.362137953815663
3343,6.362137953815663
3344,6.362137953815663
3345,6.362137953815663
3346,6.362137953815663
3347,6.362137953815663
3348,6.362137953815663
3349,6.362137953815663
3350,6.362137953815663
3351,6.362137953815663
3352,6.362137953815663
3353,6.362137953815663
3354,6.362137953815663
3355,6.362137953815663
3356,6.362137953815663
3357,6.362137953815663
3358,6.362137953815663
3359,6.362137953815663
3360,6.362137953815663
3361,6.362137953815663
3362,6.362137953815663
3363,6.362137953815663
3364,6.362137953815663
3365,6.362137953815663
3366,6.362137953815663
3367,6.362137953815663
3368,6.362137953815663
3369,6.362137953815663
3370,6.362137953815663
3371,6.362137953815663
3372,6.362137953815663
3373,6.362137953815663
3374,6.362137953815663
3375,6.362137953815663
3376,6.362137953815663
3377,6.362137953815663
3378,6.362137953815663
3379,6.362137953815663
3380,6.362137953815663
3381,6.362137953815663
3382,6.362137953815663
3383,6.362137953815663
3384,6.362137953815663
3385,6.362137953815663
3386,6.362137953815663
3387,6.362137953815663
3388,6.362137953815663
3389,6.362137953815663
3390,6.362137953815663
3391,6.362137953815663
3392,6.362137953815663
3393,6.362137953815663
3394,6.362137953815663
3395,6.362137953815663
3396,6.362137953815663
3397,6.362137953815663
3398,6.362137953815663
3399,6.362137953815663
3400,6.362137953815663
3401,6.362137953815663
3402,6.362137953815663
3403,6.362137953815663
3404,6.362137953815663
3405,6.362137953815663
3406,6.362137953815663
3407,6.362137953815663
3408,6.362137953815663
3409,6.362137953815663
3410,6.362137953815663
3411,6.362137953815663
3412,6.362137953815663
3413,6.362137953815663
3414,6.362137953815663
3415,6.362137953815663
3416,6.362137953815663
3417,6.362137953815663
3418,6.362137953815663
3419,6.362137953815663
3420,6.362137953815663
3421,6.362137953815663
3422,6.362137953815663
3423,6.362137953815663
3424,6.362137953815663
3425,6.362137953815663
3426,6.362137953815663
3427,6.362137953815663
3428,6.362137953815663
3429,6.362137953815663
3430,6.362137953815663
3431,6.362137953815663
3432,6.362137953815663
3433,6.362137953815663
3434,6.362137953815663
3435,6.362137953815663
3436,6.362137953815663
3437,6.362137953815663
3438,6.362137953815663
3439,6.362137953815663
3440,6.362137953815663
3441,6.362137953815663
3442,6.362137953815663
3443,6.362137953815663
3444,6.362137953815663
3445,6.362137953815663
3446,6.362137953815663
3447,6.362137953815663
3448,6.362137953815663
3449,6.362137953815663
3450,6.362137953815663
3451,6.362137953815663
3452,6.362137953815663
3453,6.362137953815663
3454,6.362137953815663
3455,6.362137953815663
3456,6.362137953815663
3457,6.362137953815663
3458,6.362137953815663
3459,6.362137953815663
3460,6.362137953815663
3461,6.362137953815663
3462,6.362137953815663
3463,6.362137953815663
3464,6.362137953815663
3465,6.362137953815663
3466,6.362137953815663
3467,6.362137953815663
3468,6.362137953815663
3469,6.362137953815663
3470,6.362137953815663
3471,6.362137953815663
3472,6.362137953815663
3473,6.362137953815663
3474,6.362137953815663
3475,6.362137953815663
3476,6.362137953815663
3477,6.362137953815663
3478,6.362137953815663
3479,6.362137953815663
3480,6.362137953815663
3481,6.362137953815663
3482,6.362137953815663
3483,6.362137953815663
3484,6.362137953815663
3485,6.362137953815663
3486,6.362137953815663
3487,6.362137953815663
3488,6.362137953815663
3489,6.362137953815663
3490,6.362137953815663
3491,6.362137953815663
3492,6.362137953815663
3493,6.362137953815663
3494,6.362137953815663
3495,6.362137953815663
3496,6.362137953815663
3497,6.362137953815663
3498,6.362137953815663
3499,6.362137953815663
3500,6.362137953815663
3501,6.362137953815663
3502,6.362137953815663
3503,6.362137953815663
3504,6.362137953815663
3505,6.362137953815663
3506,6.362137953815663
3507,6.362137953815663
3508,6.362137953815663
3509,6.362137953815663
3510,6.362137953815663
3511,6.362137953815663
3512,6.362137953815663
3513,6.362137953815663
3514,6.362137953815663
3515,6.362137953815663
3516,6.362137953815663
3517,6.362137953815663
3518,6.362137953815663
3519,6.362137953815663
3520,6.362137953815663
3521,6.362137953815663
3522,6.362137953815663
3523,6.362137953815663
3524,6.362137953815663
3525,6.362137953815663
3526,6.362137953815663
3527,6.362137953815663
3528,6.362137953815663
3529,6.362137953815663
3530,6.362137953815663
3531,6.362137953815663
3532,6.362137953815663
3533,6.362137953815663
3534,6.362137953815663
3535,6.362137953815663
3536,6.362137953815663
3537,6.362137953815663
3538,6.362137953815663
3539,6.362137953815663
3540,6.362137953815663
3541,6.362137953815663
3542,6.362137953815663
3543,6.362137953815663
3544,6.362137953815663
3545,6.362137953815663
3546,6.362137953815663
3547,6.362137953815663
3548,6.362137953815663
3549,6.362137953815663
3550,6.362137953815663
3551,6.362137953815663
3552,6.362137953815663
3553,6.362137953815663
3554,6.362137953815663
3555,6.362137953815663
3556,6.362137953815663
3557,6.362137953815663
3558,6.362137953815663
3559,6.362137953815663
3560,6.362137953815663
3561,6.362137953815663
3562,6.362137953815663
3563,6.362137953815663
3564,6.362137953815663
3565,6.362137953815663
3566,6.362137953815663
3567,6.362137953815663
3568,6.362137953815663
3569,6.362137953815663
3570,6.362137953815663
3571,6.362137953815663
3572,6.362137953815663
3573,6.362137953815663
3574,6.362137953815663
3575,6.362137953815663
3576,6.362137953815663
3577,6.362137953815663
3578,6.362137953815663
3579,6.362137953815663
3580,6.362137953815663
3581,6.362137953815663
3582,6.362137953815663
3583,6.362137953815663
3584,6.362137953815663
3585,6.362137953815663
3586,6.362137953815663
3587,6.362137953815663
3588,6.362137953815663
3589,6.362137953815663
3590,6.362137953815663
3591,6.362137953815663
3592,6.362137953815663
3593,6.362137953815663
3594,6.362137953815663
3595,6.362137953815663
3596,6.362137953815663
3597,6.362137953815663
3598,6.362137953815663
3599,6.362137953815663
3600,6.362137953815663
3601,6.362137953815663
3602,6.362137953815663
3603,6.362137953815663
3604,6.362137953815663
3605,6.362137953815663
3606,6.362137953815663
3607,6.362137953815663
3608,6.362137953815663
3609,6.362137953815663
3610,6.362137953815663
3611,6.362137953815663
3612,6.362137953815663
3613,6.362137953815663
3614,6.362137953815663
3615,6.362137953815663
3616,6.362137953815663
3617,6.362137953815663
3618,6.362137953815663
3619,6.362137953815663
3620,6.362137953815663
3621,6.362137953815663
3622,6.362137953815663
3623,6.362137953815663
3624,6.362137953815663
3625,6.362137953815663
3626,6.362137953815663
3627,6.362137953815663
3628,6.362137953815663
3629,6.362137953815663
3630,6.362137953815663
3631,6.362137953815663
3632,6.362137953815663
3633,6.362137953815663
3634,6.362137953815663
3635,6.362137953815663
3636,6.362137953815663
3637,6.362137953815663
3638,6.362137953815663
3639,6.362137953815663
3640,6.362137953815663
3641,6.362137953815663
3642,6.362137953815663
3643,6.362137953815663
3644,6.362137953815663
3645,6.362137953815663
3646,6.362137953815663
3647,6.362137953815663
3648,6.362137953815663
3649,6.362137953815663
3650,6.362137953815663
3651,6.362137953815663
3652,6.362137953815663
3653,6.362137953815663
3654,6.362137953815663
3655,6.362137953815663
3656,6.362137953815663
3657,6.362137953815663
3658,6.362137953815663
3659,6.362137953815663
3660,6.362137953815663
3661,6.362137953815663
3662,6.362137953815663
3663,6.362137953815663
3664,6.362137953815663
3665,6.362137953815663
3666,6.362137953815663
3667,6.362137953815663
3668,6.362137953815663
3669,6.362137953815663
3670,6.362137953815663
3671,6.362137953815663
3672,6.362137953815663
3673,6.362137953815663
3674,6.362137953815663
3675,6.362137953815663
3676,6.362137953815663
3677,6.362137953815663
3678,6.362137953815663
3679,6.362137953815663
3680,6.362137953815663
3681,6.362137953815663
3682,6.362137953815663
3683,6.362137953815663
3684,6.362137953815663
3685,6.362137953815663
3686,6.362137953815663
3687,6.362137953815663
3688,6.362137953815663
3689,6.362137953815663
3690,6.362137953815663
3691,6.362137953815663
3692,6.362137953815663
3693,6.362137953815663
3694,6.362137953815663
3695,6.362137953815663
3696,6.362137953815663
3697,6.362137953815663
3698,6.362137953815663
3699,6.362137953815663
3700,6.362137953815663
3701,6.362137953815663
3702,6.362137953815663
3703,6.362137953815663
3704,6.362137953815663
3705,6.362137953815663
3706,6.362137953815663
3707,6.362137953815663
3708,6.362137953815663
3709,6.362137953815663
3710,6.362137953815663
3711,6.362137953815663
3712,6.362137953815663
3713,6.362137953815663
3714,6.362137953815663
3715,6.362137953815663
3716,6.362137953815663
3717,6.362137953815663
3718,6.362137953815663
3719,6.362137953815663
3720,6.362137953815663
3721,6.362137953815663
3722,6.362137953815663
3723,6.362137953815663
3724,6.362137953815663
3725,6.362137953815663
3726,6.362137953815663
3727,6.362137953815663
3728,6.362137953815663
3729,6.362137953815663
3730,6.362137953815663
3731,6.362137953815663
3732,6.362137953815663
3733,6.362137953815663
3734,6.362137953815663
3735,6.362137953815663
3736,6.362137953815663
3737,6.362137953815663
3738,6.362137953815663
3739,6.362137953815663
3740,6.362137953815663
3741,6.362137953815663
3742,6.362137953815663
3743,6.362137953815663
3744,6.362137953815663
3745,6.362137953815663
3746,6.362137953815663
3747,6.362137953815663
3748,6.362137953815663
3749,6.362137953815663
3750,6.362137953815663
3751,6.362137953815663
3752,6.362137953815663
3753,6.362137953815663
3754,6.362137953815663
3755,6.362137953815663
3756,6.362137953815663
3757,6.362137953815663
3758,6.362137953815663
3759,6.362137953815663
3760,6.362137953815663
3761,6.362137953815663
3762,6.362137953815663
3763,6.362137953815663
3764,6.362137953815663
3765,6.362137953815663
3766,6.362137953815663
3767,6.362137953815663
3768,6.362137953815663
3769,6.362137953815663
3770,6.362137953815663
3771,6.362137953815663
3772,6.362137953815663
3773,6.362137953815663
3774,6.362137953815663
3775,6.362137953815663
3776,6.362137953815663
3777,6.362137953815663
3778,6.362137953815663
3779,6.362137953815663
3780,6.362137953815663
3781,6.362137953815663
3782,6.362137953815663
3783,6.362137953815663
3784,6.362137953815663
3785,6.362137953815663
3786,6.362137953815663
3787,6.362137953815663
3788,6.362137953815663
3789,6.362137953815663
3790,6.362137953815663
3791,6.362137953815663
3792,6.362137953815663
3793,6.362137953815663
3794,6.362137953815663
3795,6.362137953815663
3796,6.362137953815663
3797,6.362137953815663
3798,6.362137953815663
3799,6.362137953815663
3800,6.362137953815663
3801,6.362137953815663
3802,6.362137953815663
3803,6.362137953815663
3804,6.362137953815663
3805,6.362137953815663
3806,6.362137953815663
3807,6.362137953815663
3808,6.362137953815663
3809,6.362137953815663
3810,6.362137953815663
3811,6.362137953815663
3812,6.362137953815663
3813,6.362137953815663
3814,6.362137953815663
3815,6.362137953815663
3816,6.362137953815663
3817,6.362137953815663
3818,6.362137953815663
3819,6.362137953815663
3820,6.362137953815663
3821,6.362137953815663
3822,6.362137953815663
3823,6.362137953815663
3824,6.362137953815663
3825,6.362137953815663
3826,6.362137953815663
3827,6.362137953815663
3828,6.362137953815663
3829,6.362137953815663
3830,6.362137953815663
3831,6.362137953815663
3832,6.362137953815663
3833,6.362137953815663
3834,6.362137953815663
3835,6.362137953815663
3836,6.362137953815663
3837,6.362137953815663
3838,6.362137953815663
3839,6.362137953815663
3840,6.362137953815663
3841,6.362137953815663
3842,6.362137953815663
3843,6.362137953815663
3844,6.362137953815663
3845,6.362137953815663
3846,6.362137953815663
3847,6.362137953815663
3848,6.362137953815663
3849,6.362137953815663
3850,6.362137953815663
3851,6.362137953815663
3852,6.362137953815663
3853,6.362137953815663
3854,6.362137953815663
3855,6.362137953815663
3856,6.362137953815663
3857,6.362137953815663
3858,6.362137953815663
3859,6.362137953815663
3860,6.362137953815663
3861,6.362137953815663
3862,6.362137953815663
3863,6.362137953815663
3864,6.362137953815663
3865,6.362137953815663
3866,6.362137953815663
3867,6.362137953815663
3868,6.362137953815663
3869,6.362137953815663
3870,6.362137953815663
3871,6.362137953815663
3872,6.362137953815663
3873,6.362137953815663
3874,6.362137953815663
3875,6.362137953815663
3876,6.362137953815663
3877,6.362137953815663
3878,6.362137953815663
3879,6.362137953815663
3880,6.362137953815663
3881,6.362137953815663
3882,6.362137953815663
3883,6.362137953815663
3884,6.362137953815663
3885,6.362137953815663
3886,6.362137953815663
3887,6.362137953815663
3888,6.362137953815663
3889,6.362137953815663
3890,6.362137953815663
3891,6.362137953815663
3892,6.362137953815663
3893,6.362137953815663
3894,6.362137953815663
3895,6.362137953815663
3896,6.362137953815663
3897,6.362137953815663
3898,6.362137953815663
3899,6.362137953815663
3900,6.362137953815663
3901,6.362137953815663
3902,6.362137953815663
3903,6.362137953815663
3904,6.362137953815663
3905,6.362137953815663
3906,6.362137953815663
3907,6.362137953815663
3908,6.362137953815663
3909,6.362137953815663
3910,6.362137953815663
3911,6.362137953815663
3912,6.362137953815663
3913,6.362137953815663
3914,6.362137953815663
3915,6.362137953815663
3916,6.362137953815663
3917,6.362137953815663
3918,6.362137953815663
3919,6.362137953815663
3920,6.362137953815663
3921,6.362137953815663
3922,6.362137953815663
3923,6.362137953815663
3924,6.362137953815663
3925,6.362137953815663
3926,6.362137953815663
3927,6.362137953815663
3928,6.362137953815663
3929,6.362137953815663
3930,6.362137953815663
3931,6.362137953815663
3932,6.362137953815663
3933,6.362137953815663
3934,6.362137953815663
3935,6.362137953815663
3936,6.362137953815663
3937,6.362137953815663
3938,6.362137953815663
3939,6.362137953815663
3940,6.362137953815663
3941,6.362137953815663
3942,6.362137953815663
3943,6.362137953815663
3944,6.362137953815663
3945,6.362137953815663
3946,6.362137953815663
3947,6.362137953815663
3948,6.362137953815663
3949,6.362137953815663
3950,6.362137953815663
3951,6.362137953815663
3952,6.362137953815663
3953,6.362137953815663
3954,6.362137953815663
3955,6.362137953815663
3956,6.362137953815663
3957,6.362137953815663
3958,6.362137953815663
3959,6.362137953815663
3960,6.362137953815663
3961,6.362137953815663
3962,6.362137953815663
3963,6.362137953815663
3964,6.362137953815663
3965,6.362137953815663
3966,6.362137953815663
3967,6.362137953815663
3968,6.362137953815663
3969,6.362137953815663
3970,6.362137953815663
3971,6.362137953815663
3972,6.362137953815663
3973,6.362137953815663
3974,6.362137953815663
3975,6.362137953815663
3976,6.362137953815663
3977,6.362137953815663
3978,6.362137953815663
3979,6.362137953815663
3980,6.362137953815663
3981,6.362137953815663
3982,6.362137953815663
3983,6.362137953815663
3984,6.362137953815663
3985,6.362137953815663
3986,6.362137953815663
3987,6.362137953815663
3988,6.362137953815663
3989,6.362137953815663
3990,6.362137953815663
3991,6.362137953815663
3992,6.362137953815663
3993,6.362137953815663
3994,6.362137953815663
3995,6.362137953815663
3996,6.362137953815663
3997,6.362137953815663
3998,6.362137953815663
3999,6.362137953815663
4000,6.362137953815663
4001,6.362137953815663
4002,6.362137953815663
4003,6.362137953815663
4004,6.362137953815663
4005,6.362137953815663
4006,6.362137953815663
4007,6.362137953815663
4008,6.362137953815663
4009,6.362137953815663
4010,6.362137953815663
4011,6.362137953815663
4012,6.362137953815663
4013,6.362137953815663
4014,6.362137953815663
4015,6.362137953815663
4016,6.362137953815663
4017,6.362137953815663
4018,6.362137953815663
4019,6.362137953815663
4020,6.362137953815663
4021,6.362137953815663
4022,6.362137953815663
4023,6.362137953815663
4024,6.362137953815663
4025,6.362137953815663
4026,6.362137953815663
4027,6.362137953815663
4028,6.362137953815663
4029,6.362137953815663
4030,6.362137953815663
4031,6.362137953815663
4032,6.362137953815663
4033,6.362137953815663
4034,6.362137953815663
4035,6.362137953815663
4036,6.362137953815663
4037,6.362137953815663
4038,6.362137953815663
4039,6.362137953815663
4040,6.362137953815663
4041,6.362137953815663
4042,6.362137953815663
4043,6.362137953815663
4044,6.362137953815663
4045,6.362137953815663
4046,6.362137953815663
4047,6.362137953815663
4048,6.362137953815663
4049,6.362137953815663
4050,6.362137953815663
4051,6.362137953815663
4052,6.362137953815663
4053,6.362137953815663
4054,6.362137953815663
4055,6.362137953815663
4056,6.362137953815663
4057,6.362137953815663
4058,6.362137953815663
4059,6.362137953815663
4060,6.362137953815663
4061,6.362137953815663
4062,6.362137953815663
4063,6.362137953815663
4064,6.362137953815663
4065,6.362137953815663
4066,6.362137953815663
4067,6.362137953815663
4068,6.362137953815663
4069,6.362137953815663
4070,6.362137953815663
4071,6.362137953815663
4072,6.362137953815663
4073,6.362137953815663
4074,6.362137953815663
4075,6.362137953815663
4076,6.362137953815663
4077,6.362137953815663
4078,6.362137953815663
4079,6.362137953815663
4080,6.362137953815663
4081,6.362137953815663
4082,6.362137953815663
4083,6.362137953815663
4084,6.362137953815663
4085,6.362137953815663
4086,6.362137953815663
4087,6.362137953815663
4088,6.362137953815663
4089,6.362137953815663
4090,6.362137953815663
4091,6.362137953815663
4092,6.362137953815663
4093,6.362137953815663
4094,6.362137953815663
4095,6.362137953815663
4096,6.362137953815663
4097,6.362137953815663
4098,6.362137953815663
4099,6.362137953815663
4100,6.362137953815663
4101,6.362137953815663
4102,6.362137953815663
4103,6.362137953815663
4104,6.362137953815663
4105,6.362137953815663
4106,6.362137953815663
4107,6.362137953815663
4108,6.362137953815663
4109,6.362137953815663
4110,6.362137953815663
4111,6.362137953815663
4112,6.362137953815663
4113,6.362137953815663
4114,6.362137953815663
4115,6.362137953815663
4116,6.362137953815663
4117,6.362137953815663
4118,6.362137953815663
4119,6.362137953815663
4120,6.362137953815663
4121,6.362137953815663
4122,6.362137953815663
4123,6.362137953815663
4124,6.362137953815663
4125,6.362137953815663
4126,6.362137953815663
4127,6.362137953815663
4128,6.362137953815663
4129,6.362137953815663
4130,6.362137953815663
4131,6.362137953815663
4132,6.362137953815663
4133,6.362137953815663
4134,6.362137953815663
4135,6.362137953815663
4136,6.362137953815663
4137,6.362137953815663
4138,6.362137953815663
4139,6.362137953815663
4140,6.362137953815663
4141,6.362137953815663
4142,6.362137953815663
4143,6.362137953815663
4144,6.362137953815663
4145,6.362137953815663
4146,6.362137953815663
4147,6.362137953815663
4148,6.362137953815663
4149,6.362137953815663
4150,6.362137953815663
4151,6.362137953815663
4152,6.362137953815663
4153,6.362137953815663
4154,6.362137953815663
4155,6.362137953815663
4156,6.362137953815663
4157,6.362137953815663
4158,6.362137953815663
4159,6.362137953815663
4160,6.362137953815663
4161,6.362137953815663
4162,6.362137953815663
4163,6.362137953815663
4164,6.362137953815663
4165,6.362137953815663
4166,6.362137953815663
4167,6.362137953815663
4168,6.362137953815663
4169,6.362137953815663
4170,6.362137953815663
4171,6.362137953815663
4172,6.362137953815663
4173,6.362137953815663
4174,6.362137953815663
4175,6.362137953815663
4176,6.362137953815663
4177,6.362137953815663
4178,6.362137953815663
4179,6.362137953815663
4180,6.362137953815663
4181,6.362137953815663
4182,6.362137953815663
4183,6.362137953815663
4184,6.362137953815663
4185,6.362137953815663
4186,6.362137953815663
4187,6.362137953815663
4188,6.362137953815663
4189,6.362137953815663
4190,6.362137953815663
4191,6.362137953815663
4192,6.362137953815663
4193,6.362137953815663
4194,6.362137953815663
4195,6.362137953815663
4196,6.362137953815663
4197,6.362137953815663
4198,6.362137953815663
4199,6.362137953815663
4200,6.362137953815663
4201,6.362137953815663
4202,6.362137953815663
4203,6.362137953815663
4204,6.362137953815663
4205,6.362137953815663
4206,6.362137953815663
4207,6.362137953815663
4208,6.362137953815663
4209,6.362137953815663
4210,6.362137953815663
4211,6.362137953815663
4212,6.362137953815663
4213,6.362137953815663
4214,6.362137953815663
4215,6.362137953815663
4216,6.362137953815663
4217,6.362137953815663
4218,6.362137953815663
4219,6.362137953815663
4220,6.362137953815663
4221,6.362137953815663
4222,6.362137953815663
4223,6.362137953815663
4224,6.362137953815663
4225,6.362137953815663
4226,6.362137953815663
4227,6.362137953815663
4228,6.362137953815663
4229,6.362137953815663
4230,6.362137953815663
4231,6.362137953815663
4232,6.362137953815663
4233,6.362137953815663
4234,6.362137953815663
4235,6.362137953815663
4236,6.362137953815663
4237,6.362137953815663
4238,6.362137953815663
4239,6.362137953815663
4240,6.362137953815663
4241,6.362137953815663
4242,6.362137953815663
4243,6.362137953815663
4244,6.362137953815663
4245,6.362137953815663
4246,6.362137953815663
4247,6.362137953815663
4248,6.362137953815663
4249,6.362137953815663
4250,6.362137953815663
4251,6.362137953815663
4252,6.362137953815663
4253,6.362137953815663
4254,6.362137953815663
4255,6.362137953815663
4256,6.362137953815663
4257,6.362137953815663
4258,6.362137953815663
4259,6.362137953815663
4260,6.362137953815663
4261,6.362137953815663
4262,6.362137953815663
4263,6.362137953815663
4264,6.362137953815663
4265,6.362137953815663
4266,6.362137953815663
4267,6.362137953815663
4268,6.362137953815663
4269,6.362137953815663
4270,6.362137953815663
4271,6.362137953815663
4272,6.362137953815663
4273,6.362137953815663
4274,6.362137953815663
4275,6.362137953815663
4276,6.362137953815663
4277,6.362137953815663
4278,6.362137953815663
4279,6.362137953815663
4280,6.362137953815663
4281,6.362137953815663
4282,6.362137953815663
4283,6.362137953815663
4284,6.362137953815663
4285,6.362137953815663
4286,6.362137953815663
4287,6.362137953815663
4288,6.362137953815663
4289,6.362137953815663
4290,6.362137953815663
4291,6.362137953815663
4292,6.362137953815663
4293,6.362137953815663
4294,6.362137953815663
4295,6.362137953815663
4296,6.362137953815663
4297,6.362137953815663
4298,6.362137953815663
4299,6.362137953815663
4300,6.362137953815663
4301,6.362137953815663
4302,6.362137953815663
4303,6.362137953815663
4304,6.362137953815663
4305,6.362137953815663
4306,6.362137953815663
4307,6.362137953815663
4308,6.362137953815663
4309,6.362137953815663
4310,6.362137953815663
4311,6.362137953815663
4312,6.362137953815663
4313,6.362137953815663
4314,6.362137953815663
4315,6.362137953815663
4316,6.362137953815663
4317,6.362137953815663
4318,6.362137953815663
4319,6.362137953815663
4320,6.362137953815663
4321,6.362137953815663
4322,6.362137953815663
4323,6.362137953815663
4324,6.362137953815663
4325,6.362137953815663
4326,6.362137953815663
4327,6.362137953815663
4328,6.362137953815663
4329,6.362137953815663
4330,6.362137953815663
4331,6.362137953815663
4332,6.362137953815663
4333,6.362137953815663
4334,6.362137953815663
4335,6.362137953815663
4336,6.362137953815663
4337,6.362137953815663
4338,6.362137953815663
4339,6.362137953815663
4340,6.362137953815663
4341,6.362137953815663
4342,6.362137953815663
4343,6.362137953815663
4344,6.362137953815663
4345,6.362137953815663
4346,6.362137953815663
4347,6.362137953815663
4348,6.362137953815663
4349,6.362137953815663
4350,6.362137953815663
4351,6.362137953815663
4352,6.362137953815663
4353,6.362137953815663
4354,6.362137953815663
4355,6.362137953815663
4356,6.362137953815663
4357,6.362137953815663
4358,6.362137953815663
4359,6.362137953815663
4360,6.362137953815663
4361,6.362137953815663
4362,6.362137953815663
4363,6.362137953815663
4364,6.362137953815663
4365,6.362137953815663
4366,6.362137953815663
4367,6.362137953815663
4368,6.362137953815663
4369,6.362137953815663
4370,6.362137953815663
4371,6.362137953815663
4372,6.362137953815663
4373,6.362137953815663
4374,6.362137953815663
4375,6.362137953815663
4376,6.362137953815663
4377,6.362137953815663
4378,6.362137953815663
4379,6.362137953815663
4380,6.362137953815663
4381,6.362137953815663
4382,6.362137953815663
4383,6.362137953815663
4384,6.362137953815663
4385,6.362137953815663
4386,6.362137953815663
4387,6.362137953815663
4388,6.362137953815663
4389,6.362137953815663
4390,6.362137953815663
4391,6.362137953815663
4392,6.362137953815663
4393,6.362137953815663
4394,6.362137953815663
4395,6.362137953815663
4396,6.362137953815663
4397,6.362137953815663
4398,6.362137953815663
4399,6.362137953815663
4400,6.362137953815663
4401,6.362137953815663
4402,6.362137953815663
4403,6.362137953815663
4404,6.362137953815663
4405,6.362137953815663
4406,6.362137953815663
4407,6.362137953815663
4408,6.362137953815663
4409,6.362137953815663
4410,6.362137953815663
4411,6.362137953815663
4412,6.362137953815663
4413,6.362137953815663
4414,6.362137953815663
4415,6.362137953815663
4416,6.362137953815663
4417,6.362137953815663
4418,6.362137953815663
4419,6.362137953815663
4420,6.362137953815663
4421,6.362137953815663
4422,6.362137953815663
4423,6.362137953815663
4424,6.362137953815663
4425,6.362137953815663
4426,6.362137953815663
4427,6.362137953815663
4428,6.362137953815663
4429,6.362137953815663
4430,6.362137953815663
4431,6.362137953815663
4432,6.362137953815663
4433,6.362137953815663
4434,6.362137953815663
4435,6.362137953815663
4436,6.362137953815663
4437,6.362137953815663
4438,6.362137953815663
4439,6.362137953815663
4440,6.362137953815663
4441,6.362137953815663
4442,6.362137953815663
4443,6.362137953815663
4444,6.362137953815663
4445,6.362137953815663
4446,6.362137953815663
4447,6.362137953815663
4448,6.362137953815663
4449,6.362137953815663
4450,6.362137953815663
4451,6.362137953815663
4452,6.362137953815663
4453,6.362137953815663
4454,6.362137953815663
4455,6.362137953815663
4456,6.362137953815663
4457,6.362137953815663
4458,6.362137953815663
4459,6.362137953815663
4460,6.362137953815663
4461,6.362137953815663
4462,6.362137953815663
4463,6.362137953815663
4464,6.362137953815663
4465,6.362137953815663
4466,6.362137953815663
4467,6.362137953815663
4468,6.362137953815663
4469,6.362137953815663
4470,6.362137953815663
4471,6.362137953815663
4472,6.362137953815663
4473,6.362137953815663
4474,6.362137953815663
4475,6.362137953815663
4476,6.362137953815663
4477,6.362137953815663
4478,6.362137953815663
4479,6.362137953815663
4480,6.362137953815663
4481,6.362137953815663
4482,6.362137953815663
4483,6.362137953815663
4484,6.362137953815663
4485,6.362137953815663
4486,6.362137953815663
4487,6.362137953815663
4488,6.362137953815663
4489,6.362137953815663
4490,6.362137953815663
4491,6.362137953815663
4492,6.362137953815663
4493,6.362137953815663
4494,6.362137953815663
4495,6.362137953815663
4496,6.362137953815663
4497,6.362137953815663
4498,6.362137953815663
4499,6.362137953815663
4500,6.362137953815663
4501,6.362137953815663
4502,6.362137953815663
4503,6.362137953815663
4504,6.362137953815663
4505,6.362137953815663
4506,6.362137953815663
4507,6.362137953815663
4508,6.362137953815663
4509,6.362137953815663
4510,6.362137953815663
4511,6.362137953815663
4512,6.362137953815663
4513,6.362137953815663
4514,6.362137953815663
4515,6.362137953815663
4516,6.362137953815663
4517,6.362137953815663
4518,6.362137953815663
4519,6.362137953815663
4520,6.362137953815663
4521,6.362137953815663
4522,6.362137953815663
4523,6.362137953815663
4524,6.362137953815663
4525,6.362137953815663
4526,6.362137953815663
4527,6.362137953815663
4528,6.362137953815663
4529,6.362137953815663
4530,6.362137953815663
4531,6.362137953815663
4532,6.362137953815663
4533,6.362137953815663
4534,6.362137953815663
4535,6.362137953815663
4536,6.362137953815663
4537,6.362137953815663
4538,6.362137953815663
4539,6.362137953815663
4540,6.362137953815663
4541,6.362137953815663
4542,6.362137953815663
4543,6.362137953815663
4544,6.362137953815663
4545,6.362137953815663
4546,6.362137953815663
4547,6.362137953815663
4548,6.362137953815663
4549,6.362137953815663
4550,6.362137953815663
4551,6.362137953815663
4552,6.362137953815663
4553,6.362137953815663
4554,6.362137953815663
4555,6.362137953815663
4556,6.362137953815663
4557,6.362137953815663
4558,6.362137953815663
4559,6.362137953815663
4560,6.362137953815663
4561,6.362137953815663
4562,6.362137953815663
4563,6.362137953815663
4564,6.362137953815663
4565,6.362137953815663
4566,6.362137953815663
4567,6.362137953815663
4568,6.362137953815663
4569,6.362137953815663
4570,6.362137953815663
4571,6.362137953815663
4572,6.362137953815663
4573,6.362137953815663
4574,6.362137953815663
4575,6.362137953815663
4576,6.362137953815663
4577,6.362137953815663
4578,6.362137953815663
4579,6.362137953815663
4580,6.362137953815663
4581,6.362137953815663
4582,6.362137953815663
4583,6.362137953815663
4584,6.362137953815663
4585,6.362137953815663
4586,6.362137953815663
4587,6.362137953815663
4588,6.362137953815663
4589,6.362137953815663
4590,6.362137953815663
4591,6.362137953815663
4592,6.362137953815663
4593,6.362137953815663
4594,6.362137953815663
4595,6.362137953815663
4596,6.362137953815663
4597,6.362137953815663
4598,6.362137953815663
4599,6.362137953815663
4600,6.362137953815663
4601,6.362137953815663
4602,6.362137953815663
4603,6.362137953815663
4604,6.362137953815663
4605,6.362137953815663
4606,6.362137953815663
4607,6.362137953815663
4608,6.362137953815663
4609,6.362137953815663
4610,6.362137953815663
4611,6.362137953815663
4612,6.362137953815663
4613,6.362137953815663
4614,6.362137953815663
4615,6.362137953815663
4616,6.362137953815663
4617,6.362137953815663
4618,6.362137953815663
4619,6.362137953815663
4620,6.362137953815663
4621,6.362137953815663
4622,6.362137953815663
4623,6.362137953815663
4624,6.362137953815663
4625,6.362137953815663
4626,6.362137953815663
4627,6.362137953815663
4628,6.362137953815663
4629,6.362137953815663
4630,6.362137953815663
4631,6.362137953815663
4632,6.362137953815663
4633,6.362137953815663
4634,6.362137953815663
4635,6.362137953815663
4636,6.362137953815663
4637,6.362137953815663
4638,6.362137953815663
4639,6.362137953815663
4640,6.362137953815663
4641,6.362137953815663
4642,6.362137953815663
4643,6.362137953815663
4644,6.362137953815663
4645,6.362137953815663
4646,6.362137953815663
4647,6.362137953815663
4648,6.362137953815663
4649,6.362137953815663
4650,6.362137953815663
4651,6.362137953815663
4652,6.362137953815663
4653,6.362137953815663
4654,6.362137953815663
4655,6.362137953815663
4656,6.362137953815663
4657,6.362137953815663
4658,6.362137953815663
4659,6.362137953815663
4660,6.362137953815663
4661,6.362137953815663
4662,6.362137953815663
4663,6.362137953815663
4664,6.362137953815663
4665,6.362137953815663
4666,6.362137953815663
4667,6.362137953815663
4668,6.362137953815663
4669,6.362137953815663
4670,6.362137953815663
4671,6.362137953815663
4672,6.362137953815663
4673,6.362137953815663
4674,6.362137953815663
4675,6.362137953815663
4676,6.362137953815663
4677,6.362137953815663
4678,6.362137953815663
4679,6.362137953815663
4680,6.362137953815663
4681,6.362137953815663
4682,6.362137953815663
4683,6.362137953815663
4684,6.362137953815663
4685,6.362137953815663
4686,6.362137953815663
4687,6.362137953815663
4688,6.362137953815663
4689,6.362137953815663
4690,6.362137953815663
4691,6.362137953815663
4692,6.362137953815663
4693,6.362137953815663
4694,6.362137953815663
4695,6.362137953815663
4696,6.362137953815663
4697,6.362137953815663
4698,6.362137953815663
4699,6.362137953815663
4700,6.362137953815663
4701,6.362137953815663
4702,6.362137953815663
4703,6.362137953815663
4704,6.362137953815663
4705,6.362137953815663
4706,6.362137953815663
4707,6.362137953815663
4708,6.362137953815663
4709,6.362137953815663
4710,6.362137953815663
4711,6.362137953815663
4712,6.362137953815663
4713,6.362137953815663
4714,6.362137953815663
4715,6.362137953815663
4716,6.362137953815663
4717,6.362137953815663
4718,6.362137953815663
4719,6.362137953815663
4720,6.362137953815663
4721,6.362137953815663
4722,6.362137953815663
4723,6.362137953815663
4724,6.362137953815663
4725,6.362137953815663
4726,6.362137953815663
4727,6.362137953815663
4728,6.362137953815663
4729,6.362137953815663
4730,6.362137953815663
4731,6.362137953815663
4732,6.362137953815663
4733,6.362137953815663
4734,6.362137953815663
4735,6.362137953815663
4736,6.362137953815663
4737,6.362137953815663
4738,6.362137953815663
4739,6.362137953815663
4740,6.362137953815663
4741,6.362137953815663
4742,6.362137953815663
4743,6.362137953815663
4744,6.362137953815663
4745,6.362137953815663
4746,6.362137953815663
4747,6.362137953815663
4748,6.362137953815663
4749,6.362137953815663
4750,6.362137953815663
4751,6.362137953815663
4752,6.362137953815663
4753,6.362137953815663
4754,6.362137953815663
4755,6.362137953815663
4756,6.362137953815663
4757,6.362137953815663
4758,6.362137953815663
4759,6.362137953815663
4760,6.362137953815663
4761,6.362137953815663
4762,6.362137953815663
4763,6.362137953815663
4764,6.362137953815663
4765,6.362137953815663
4766,6.362137953815663
4767,6.362137953815663
4768,6.362137953815663
4769,6.362137953815663
4770,6.362137953815663
4771,6.362137953815663
4772,6.362137953815663
4773,6.362137953815663
4774,6.362137953815663
4775,6.362137953815663
4776,6.362137953815663
4777,6.362137953815663
4778,6.362137953815663
4779,6.362137953815663
4780,6.362137953815663
4781,6.362137953815663
4782,6.362137953815663
4783,6.362137953815663
4784,6.362137953815663
4785,6.362137953815663
4786,6.362137953815663
4787,6.362137953815663
4788,6.362137953815663
4789,6.362137953815663
4790,6.362137953815663
4791,6.362137953815663
4792,6.362137953815663
4793,6.362137953815663
4794,6.362137953815663
4795,6.362137953815663
4796,6.362137953815663
4797,6.362137953815663
4798,6.362137953815663
4799,6.362137953815663
4800,6.362137953815663
4801,6.362137953815663
4802,6.362137953815663
4803,6.362137953815663
4804,6.362137953815663
4805,6.362137953815663
4806,6.362137953815663
4807,6.362137953815663
4808,6.362137953815663
4809,6.362137953815663
4810,6.362137953815663
4811,6.362137953815663
4812,6.362137953815663
4813,6.362137953815663
4814,6.362137953815663
4815,6.362137953815663
4816,6.362137953815663
4817,6.362137953815663
4818,6.362137953815663
4819,6.362137953815663
4820,6.362137953815663
4821,6.362137953815663
4822,6.362137953815663
4823,6.362137953815663
4824,6.362137953815663
4825,6.362137953815663
4826,6.362137953815663
4827,6.362137953815663
4828,6.362137953815663
4829,6.362137953815663
4830,6.362137953815663
4831,6.362137953815663
4832,6.362137953815663
4833,6.362137953815663
4834,6.362137953815663
4835,6.362137953815663
4836,6.362137953815663
4837,6.362137953815663
4838,6.362137953815663
4839,6.362137953815663
4840,6.362137953815663
4841,6.362137953815663
4842,6.362137953815663
4843,6.362137953815663
4844,6.362137953815663
4845,6.362137953815663
4846,6.362137953815663
4847,6.362137953815663
4848,6.362137953815663
4849,6.362137953815663
4850,6.362137953815663
4851,6.362137953815663
4852,6.362137953815663
4853,6.362137953815663
4854,6.362137953815663
4855,6.362137953815663
4856,6.362137953815663
4857,6.362137953815663
4858,6.362137953815663
4859,6.362137953815663
4860,6.362137953815663
4861,6.362137953815663
4862,6.362137953815663
4863,6.362137953815663
4864,6.362137953815663
4865,6.362137953815663
4866,6.362137953815663
4867,6.362137953815663
4868,6.362137953815663
4869,6.362137953815663
4870,6.362137953815663
4871,6.362137953815663
4872,6.362137953815663
4873,6.362137953815663
4874,6.362137953815663
4875,6.362137953815663
4876,6.362137953815663
4877,6.362137953815663
4878,6.362137953815663
4879,6.362137953815663
4880,6.362137953815663
4881,6.362137953815663
4882,6.362137953815663
4883,6.362137953815663
4884,6.362137953815663
4885,6.362137953815663
4886,6.362137953815663
4887,6.362137953815663
4888,6.362137953815663
4889,6.362137953815663
4890,6.362137953815663
4891,6.362137953815663
4892,6.362137953815663
4893,6.362137953815663
4894,6.362137953815663
4895,6.362137953815663
4896,6.362137953815663
4897,6.362137953815663
4898,6.362137953815663
4899,6.362137953815663
4900,6.362137953815663
4901,6.362137953815663
4902,6.362137953815663
4903,6.362137953815663
4904,6.362137953815663
4905,6.362137953815663
4906,6.362137953815663
4907,6.362137953815663
4908,6.362137953815663
4909,6.362137953815663
4910,6.362137953815663
4911,6.362137953815663
4912,6.362137953815663
4913,6.362137953815663
4914,6.362137953815663
4915,6.362137953815663
4916,6.362137953815663
4917,6.362137953815663
4918,6.362137953815663
4919,6.362137953815663
4920,6.362137953815663
4921,6.362137953815663
4922,6.362137953815663
4923,6.362137953815663
4924,6.362137953815663
4925,6.362137953815663
4926,6.362137953815663
4927,6.362137953815663
4928,6.362137953815663
4929,6.362137953815663
4930,6.362137953815663
4931,6.362137953815663
4932,6.362137953815663
4933,6.362137953815663
4934,6.362137953815663
4935,6.362137953815663
4936,6.362137953815663
4937,6.362137953815663
4938,6.362137953815663
4939,6.362137953815663
4940,6.362137953815663
4941,6.362137953815663
4942,6.362137953815663
4943,6.362137953815663
4944,6.362137953815663
4945,6.362137953815663
4946,6.362137953815663
4947,6.362137953815663
4948,6.362137953815663
4949,6.362137953815663
4950,6.362137953815663
4951,6.362137953815663
4952,6.362137953815663
4953,6.362137953815663
4954,6.362137953815663
4955,6.362137953815663
4956,6.362137953815663
4957,6.362137953815663
4958,6.362137953815663
4959,6.362137953815663
4960,6.362137953815663
4961,6.362137953815663
4962,6.362137953815663
4963,6.362137953815663
4964,6.362137953815663
4965,6.362137953815663
4966,6.362137953815663
4967,6.362137953815663
4968,6.362137953815663
4969,6.362137953815663
4970,6.362137953815663
4971,6.362137953815663
4972,6.362137953815663
4973,6.362137953815663
4974,6.362137953815663
4975,6.362137953815663
4976,6.362137953815663
4977,6.362137953815663
4978,6.362137953815663
4979,6.362137953815663
4980,6.362137953815663
4981,6.362137953815663
4982,6.362137953815663
4983,6.362137953815663
4984,6.362137953815663
4985,6.362137953815663
4986,6.362137953815663
4987,6.362137953815663
4988,6.362137953815663
4989,6.362137953815663
4990,6.362137953815663
4991,6.362137953815663
4992,6.362137953815663
4993,6.362137953815663
4994,6.362137953815663
4995,6.362137953815663
4996,6.362137953815663
4997,6.362137953815663
4998,6.362137953815663
4999,6.362137953815663
5000,6.362137953815663
5001,6.362137953815663
5002,6.362137953815663
5003,6.362137953815663
5004,6.362137953815663
5005,6.362137953815663
5006,6.362137953815663
5007,6.362137953815663
5008,6.362137953815663
5009,6.362137953815663
5010,6.362137953815663
5011,6.362137953815663
5012,6.362137953815663
5013,6.362137953815663
5014,6.362137953815663
5015,6.362137953815663
5016,6.362137953815663
5017,6.362137953815663
5018,6.362137953815663
5019,6.362137953815663
5020,6.362137953815663
5021,6.362137953815663
5022,6.362137953815663
5023,6.362137953815663
5024,6.362137953815663
5025,6.362137953815663
5026,6.362137953815663
5027,6.362137953815663
5028,6.362137953815663
5029,6.362137953815663
5030,6.362137953815663
5031,6.362137953815663
5032,6.362137953815663
5033,6.362137953815663
5034,6.362137953815663
5035,6.362137953815663
5036,6.362137953815663
5037,6.362137953815663
5038,6.362137953815663
5039,6.362137953815663
5040,6.362137953815663
5041,6.362137953815663
5042,6.362137953815663
5043,6.362137953815663
5044,6.362137953815663
5045,6.362137953815663
5046,6.362137953815663
5047,6.362137953815663
5048,6.362137953815663
5049,6.362137953815663
5050,6.362137953815663
5051,6.362137953815663
5052,6.362137953815663
5053,6.362137953815663
5054,6.362137953815663
5055,6.362137953815663
5056,6.362137953815663
5057,6.362137953815663
5058,6.362137953815663
5059,6.362137953815663
5060,6.362137953815663
5061,6.362137953815663
5062,6.362137953815663
5063,6.362137953815663
5064,6.362137953815663
5065,6.362137953815663
5066,6.362137953815663
5067,6.362137953815663
5068,6.362137953815663
5069,6.362137953815663
5070,6.362137953815663
5071,6.362137953815663
5072,6.362137953815663
5073,6.362137953815663
5074,6.362137953815663
5075,6.362137953815663
5076,6.362137953815663
5077,6.362137953815663
5078,6.362137953815663
5079,6.362137953815663
5080,6.362137953815663
5081,6.362137953815663
5082,6.362137953815663
5083,6.362137953815663
5084,6.362137953815663
5085,6.362137953815663
5086,6.362137953815663
5087,6.362137953815663
5088,6.362137953815663
5089,6.362137953815663
5090,6.362137953815663
5091,6.362137953815663
5092,6.362137953815663
5093,6.362137953815663
5094,6.362137953815663
5095,6.362137953815663
5096,6.362137953815663
5097,6.362137953815663
5098,6.362137953815663
5099,6.362137953815663
5100,6.362137953815663
5101,6.362137953815663
5102,6.362137953815663
5103,6.362137953815663
5104,6.362137953815663
5105,6.362137953815663
5106,6.362137953815663
5107,6.362137953815663
5108,6.362137953815663
5109,6.362137953815663
5110,6.362137953815663
5111,6.362137953815663
5112,6.362137953815663
5113,6.362137953815663
5114,6.362137953815663
5115,6.362137953815663
5116,6.362137953815663
5117,6.362137953815663
5118,6.362137953815663
5119,6.362137953815663
5120,6.362137953815663
5121,6.362137953815663
5122,6.362137953815663
5123,6.362137953815663
5124,6.362137953815663
5125,6.362137953815663
5126,6.362137953815663
5127,6.362137953815663
5128,6.362137953815663
5129,6.362137953815663
5130,6.362137953815663
5131,6.362137953815663
5132,6.362137953815663
5133,6.362137953815663
5134,6.362137953815663
5135,6.362137953815663
5136,6.362137953815663
5137,6.362137953815663
5138,6.362137953815663
5139,6.362137953815663
5140,6.362137953815663
5141,6.362137953815663
5142,6.362137953815663
5143,6.362137953815663
5144,6.362137953815663
5145,6.362137953815663
5146,6.362137953815663
5147,6.362137953815663
5148,6.362137953815663
5149,6.362137953815663
5150,6.362137953815663
5151,6.362137953815663
5152,6.362137953815663
5153,6.362137953815663
5154,6.362137953815663
5155,6.362137953815663
5156,6.362137953815663
5157,6.362137953815663
5158,6.362137953815663
5159,6.362137953815663
5160,6.362137953815663
5161,6.362137953815663
5162,6.362137953815663
5163,6.362137953815663
5164,6.362137953815663
5165,6.362137953815663
5166,6.362137953815663
5167,6.362137953815663
5168,6.362137953815663
5169,6.362137953815663
5170,6.362137953815663
5171,6.362137953815663
5172,6.362137953815663
5173,6.362137953815663
5174,6.362137953815663
5175,6.362137953815663
5176,6.362137953815663
5177,6.362137953815663
5178,6.362137953815663
5179,6.362137953815663
5180,6.362137953815663
5181,6.362137953815663
5182,6.362137953815663
5183,6.362137953815663
5184,6.362137953815663
5185,6.362137953815663
5186,6.362137953815663
5187,6.362137953815663
5188,6.362137953815663
5189,6.362137953815663
5190,6.362137953815663
5191,6.362137953815663
5192,6.362137953815663
5193,6.362137953815663
5194,6.362137953815663
5195,6.362137953815663
5196,6.362137953815663
5197,6.362137953815663
5198,6.362137953815663
5199,6.362137953815663
5200,6.362137953815663
5201,6.362137953815663
5202,6.362137953815663
5203,6.362137953815663
5204,6.362137953815663
5205,6.362137953815663
5206,6.362137953815663
5207,6.362137953815663
5208,6.362137953815663
5209,6.362137953815663
5210,6.362137953815663
5211,6.362137953815663
5212,6.362137953815663
5213,6.362137953815663
5214,6.362137953815663
5215,6.362137953815663
5216,6.362137953815663
5217,6.362137953815663
5218,6.362137953815663
5219,6.362137953815663
5220,6.362137953815663
5221,6.362137953815663
5222,6.362137953815663
5223,6.362137953815663
5224,6.362137953815663
5225,6.362137953815663
5226,6.362137953815663
5227,6.362137953815663
5228,6.362137953815663
5229,6.362137953815663
5230,6.362137953815663
5231,6.362137953815663
5232,6.362137953815663
5233,6.362137953815663
5234,6.362137953815663
5235,6.362137953815663
5236,6.362137953815663
5237,6.362137953815663
5238,6.362137953815663
5239,6.362137953815663
5240,6.362137953815663
5241,6.362137953815663
5242,6.362137953815663
5243,6.362137953815663
5244,6.362137953815663
5245,6.362137953815663
5246,6.362137953815663
5247,6.362137953815663
5248,6.362137953815663
5249,6.362137953815663
5250,6.362137953815663
5251,6.362137953815663
5252,6.362137953815663
5253,6.362137953815663
5254,6.362137953815663
5255,6.362137953815663
5256,6.362137953815663
5257,6.362137953815663
5258,6.362137953815663
5259,6.362137953815663
5260,6.362137953815663
5261,6.362137953815663
5262,6.362137953815663
5263,6.362137953815663
5264,6.362137953815663
5265,6.362137953815663
5266,6.362137953815663
5267,6.362137953815663
5268,6.362137953815663
5269,6.362137953815663
5270,6.362137953815663
5271,6.362137953815663
5272,6.362137953815663
5273,6.362137953815663
5274,6.362137953815663
5275,6.362137953815663
5276,6.362137953815663
5277,6.362137953815663
5278,6.362137953815663
5279,6.362137953815663
5280,6.362137953815663
5281,6.362137953815663
5282,6.362137953815663
5283,6.362137953815663
5284,6.362137953815663
5285,6.362137953815663
5286,6.362137953815663
5287,6.362137953815663
5288,6.362137953815663
5289,6.362137953815663
5290,6.362137953815663
5291,6.362137953815663
5292,6.362137953815663
5293,6.362137953815663
5294,6.362137953815663
5295,6.362137953815663
5296,6.362137953815663
5297,6.362137953815663
5298,6.362137953815663
5299,6.362137953815663
5300,6.362137953815663
5301,6.362137953815663
5302,6.362137953815663
5303,6.362137953815663
5304,6.362137953815663
5305,6.362137953815663
5306,6.362137953815663
5307,6.362137953815663
5308,6.362137953815663
5309,6.362137953815663
5310,6.362137953815663
5311,6.362137953815663
5312,6.362137953815663
5313,6.362137953815663
5314,6.362137953815663
5315,6.362137953815663
5316,6.362137953815663
5317,6.362137953815663
5318,6.362137953815663
5319,6.362137953815663
5320,6.362137953815663
5321,6.362137953815663
5322,6.362137953815663
5323,6.362137953815663
5324,6.362137953815663
5325,6.362137953815663
5326,6.362137953815663
5327,6.362137953815663
5328,6.362137953815663
5329,6.362137953815663
5330,6.362137953815663
5331,6.362137953815663
5332,6.362137953815663
5333,6.362137953815663
5334,6.362137953815663
5335,6.362137953815663
5336,6.362137953815663
5337,6.362137953815663
5338,6.362137953815663
5339,6.362137953815663
5340,6.362137953815663
5341,6.362137953815663
5342,6.362137953815663
5343,6.362137953815663
5344,6.362137953815663
5345,6.362137953815663
5346,6.362137953815663
5347,6.362137953815663
5348,6.362137953815663
5349,6.362137953815663
5350,6.362137953815663
5351,6.362137953815663
5352,6.362137953815663
5353,6.362137953815663
5354,6.362137953815663
5355,6.362137953815663
5356,6.362137953815663
5357,6.362137953815663
5358,6.362137953815663
5359,6.362137953815663
5360,6.362137953815663
5361,6.362137953815663
5362,6.362137953815663
5363,6.362137953815663
5364,6.362137953815663
5365,6.362137953815663
5366,6.362137953815663
5367,6.362137953815663
5368,6.362137953815663
5369,6.362137953815663
5370,6.362137953815663
5371,6.362137953815663
5372,6.362137953815663
5373,6.362137953815663
5374,6.362137953815663
5375,6.362137953815663
5376,6.362137953815663
5377,6.362137953815663
5378,6.362137953815663
5379,6.362137953815663
5380,6.362137953815663
5381,6.362137953815663
5382,6.362137953815663
5383,6.362137953815663
5384,6.362137953815663
5385,6.362137953815663
5386,6.362137953815663
5387,6.362137953815663
5388,6.362137953815663
5389,6.362137953815663
5390,6.362137953815663
5391,6.362137953815663
5392,6.362137953815663
5393,6.362137953815663
5394,6.362137953815663
5395,6.362137953815663
5396,6.362137953815663
5397,6.362137953815663
5398,6.362137953815663
5399,6.362137953815663
5400,6.362137953815663
5401,6.362137953815663
5402,6.362137953815663
5403,6.362137953815663
5404,6.362137953815663
5405,6.362137953815663
5406,6.362137953815663
5407,6.362137953815663
5408,6.362137953815663
5409,6.362137953815663
5410,6.362137953815663
5411,6.362137953815663
5412,6.362137953815663
5413,6.362137953815663
5414,6.362137953815663
5415,6.362137953815663
5416,6.362137953815663
5417,6.362137953815663
5418,6.362137953815663
5419,6.362137953815663
5420,6.362137953815663
5421,6.362137953815663
5422,6.362137953815663
5423,6.362137953815663
5424,6.362137953815663
5425,6.362137953815663
5426,6.362137953815663
5427,6.362137953815663
5428,6.362137953815663
5429,6.362137953815663
5430,6.362137953815663
5431,6.362137953815663
5432,6.362137953815663
5433,6.362137953815663
5434,6.362137953815663
5435,6.362137953815663
5436,6.362137953815663
5437,6.362137953815663
5438,6.362137953815663
5439,6.362137953815663
5440,6.362137953815663
5441,6.362137953815663
5442,6.362137953815663
5443,6.362137953815663
5444,6.362137953815663
5445,6.362137953815663
5446,6.362137953815663
5447,6.362137953815663
5448,6.362137953815663
5449,6.362137953815663
5450,6.362137953815663
5451,6.362137953815663
5452,6.362137953815663
5453,6.362137953815663
5454,6.362137953815663
5455,6.362137953815663
5456,6.362137953815663
5457,6.362137953815663
5458,6.362137953815663
5459,6.362137953815663
5460,6.362137953815663
5461,6.362137953815663
5462,6.362137953815663
5463,6.362137953815663
5464,6.362137953815663
5465,6.362137953815663
5466,6.362137953815663
5467,6.362137953815663
5468,6.362137953815663
5469,6.362137953815663
5470,6.362137953815663
5471,6.362137953815663
5472,6.362137953815663
5473,6.362137953815663
5474,6.362137953815663
5475,6.362137953815663
5476,6.362137953815663
5477,6.362137953815663
5478,6.362137953815663
5479,6.362137953815663
5480,6.362137953815663
5481,6.362137953815663
5482,6.362137953815663
5483,6.362137953815663
5484,6.362137953815663
5485,6.362137953815663
5486,6.362137953815663
5487,6.362137953815663
5488,6.362137953815663
5489,6.362137953815663
5490,6.362137953815663
5491,6.362137953815663
5492,6.362137953815663
5493,6.362137953815663
5494,6.362137953815663
5495,6.362137953815663
5496,6.362137953815663
5497,6.362137953815663
5498,6.362137953815663
5499,6.362137953815663
5500,6.362137953815663
5501,6.362137953815663
5502,6.362137953815663
5503,6.362137953815663
5504,6.362137953815663
5505,6.362137953815663
5506,6.362137953815663
5507,6.362137953815663
5508,6.362137953815663
5509,6.362137953815663
5510,6.362137953815663
5511,6.362137953815663
5512,6.362137953815663
5513,6.362137953815663
5514,6.362137953815663
5515,6.362137953815663
5516,6.362137953815663
5517,6.362137953815663
5518,6.362137953815663
5519,6.362137953815663
5520,6.362137953815663
5521,6.362137953815663
5522,6.362137953815663
5523,6.362137953815663
5524,6.362137953815663
5525,6.362137953815663
5526,6.362137953815663
5527,6.362137953815663
5528,6.362137953815663
5529,6.362137953815663
5530,6.362137953815663
5531,6.362137953815663
5532,6.362137953815663
5533,6.362137953815663
5534,6.362137953815663
5535,6.362137953815663
5536,6.362137953815663
5537,6.362137953815663
5538,6.362137953815663
5539,6.362137953815663
5540,6.362137953815663
5541,6.362137953815663
5542,6.362137953815663
5543,6.362137953815663
5544,6.362137953815663
5545,6.362137953815663
5546,6.362137953815663
5547,6.362137953815663
5548,6.362137953815663
5549,6.362137953815663
5550,6.362137953815663
5551,6.362137953815663
5552,6.362137953815663
5553,6.362137953815663
5554,6.362137953815663
5555,6.362137953815663
5556,6.362137953815663
5557,6.362137953815663
5558,6.362137953815663
5559,6.362137953815663
5560,6.362137953815663
5561,6.362137953815663
5562,6.362137953815663
5563,6.362137953815663
5564,6.362137953815663
5565,6.362137953815663
5566,6.362137953815663
5567,6.362137953815663
5568,6.362137953815663
5569,6.362137953815663
5570,6.362137953815663
5571,6.362137953815663
5572,6.362137953815663
5573,6.362137953815663
5574,6.362137953815663
5575,6.362137953815663
5576,6.362137953815663
5577,6.362137953815663
5578,6.362137953815663
5579,6.362137953815663
5580,6.362137953815663
5581,6.362137953815663
5582,6.362137953815663
5583,6.362137953815663
5584,6.362137953815663
5585,6.362137953815663
5586,6.362137953815663
5587,6.362137953815663
5588,6.362137953815663
5589,6.362137953815663
5590,6.362137953815663
5591,6.362137953815663
5592,6.362137953815663
5593,6.362137953815663
5594,6.362137953815663
5595,6.362137953815663
5596,6.362137953815663
5597,6.362137953815663
5598,6.362137953815663
5599,6.362137953815663
5600,6.362137953815663
5601,6.362137953815663
5602,6.362137953815663
5603,6.362137953815663
5604,6.362137953815663
5605,6.362137953815663
5606,6.362137953815663
5607,6.362137953815663
5608,6.362137953815663
5609,6.362137953815663
5610,6.362137953815663
5611,6.362137953815663
5612,6.362137953815663
5613,6.362137953815663
5614,6.362137953815663
5615,6.362137953815663
5616,6.362137953815663
5617,6.362137953815663
5618,6.362137953815663
5619,6.362137953815663
5620,6.362137953815663
5621,6.362137953815663
5622,6.362137953815663
5623,6.362137953815663
5624,6.362137953815663
5625,6.362137953815663
5626,6.362137953815663
5627,6.362137953815663
5628,6.362137953815663
5629,6.362137953815663
5630,6.362137953815663
5631,6.362137953815663
5632,6.362137953815663
5633,6.362137953815663
5634,6.362137953815663
5635,6.362137953815663
5636,6.362137953815663
5637,6.362137953815663
5638,6.362137953815663
5639,6.362137953815663
5640,6.362137953815663
5641,6.362137953815663
5642,6.362137953815663
5643,6.362137953815663
5644,6.362137953815663
5645,6.362137953815663
5646,6.362137953815663
5647,6.362137953815663
5648,6.362137953815663
5649,6.362137953815663
5650,6.362137953815663
5651,6.362137953815663
5652,6.362137953815663
5653,6.362137953815663
5654,6.362137953815663
5655,6.362137953815663
5656,6.362137953815663
5657,6.362137953815663
5658,6.362137953815663
5659,6.362137953815663
5660,6.362137953815663
5661,6.362137953815663
5662,6.362137953815663
5663,6.362137953815663
5664,6.362137953815663
5665,6.362137953815663
5666,6.362137953815663
5667,6.362137953815663
5668,6.362137953815663
5669,6.362137953815663
5670,6.362137953815663
5671,6.362137953815663
5672,6.362137953815663
5673,6.362137953815663
5674,6.362137953815663
5675,6.362137953815663
5676,6.362137953815663
5677,6.362137953815663
5678,6.362137953815663
5679,6.362137953815663
5680,6.362137953815663
5681,6.362137953815663
5682,6.362137953815663
5683,6.362137953815663
5684,6.362137953815663
5685,6.362137953815663
5686,6.362137953815663
5687,6.362137953815663
5688,6.362137953815663
5689,6.362137953815663
5690,6.362137953815663
5691,6.362137953815663
5692,6.362137953815663
5693,6.362137953815663
5694,6.362137953815663
5695,6.362137953815663
5696,6.362137953815663
5697,6.362137953815663
5698,6.362137953815663
5699,6.362137953815663
5700,6.362137953815663
5701,6.362137953815663
5702,6.362137953815663
5703,6.362137953815663
5704,6.362137953815663
5705,6.362137953815663
5706,6.362137953815663
5707,6.362137953815663
5708,6.362137953815663
5709,6.362137953815663
5710,6.362137953815663
5711,6.362137953815663
5712,6.362137953815663
5713,6.362137953815663
5714,6.362137953815663
5715,6.362137953815663
5716,6.362137953815663
5717,6.362137953815663
5718,6.362137953815663
5719,6.362137953815663
5720,6.362137953815663
5721,6.362137953815663
5722,6.362137953815663
5723,6.362137953815663
5724,6.362137953815663
5725,6.362137953815663
5726,6.362137953815663
5727,6.362137953815663
5728,6.362137953815663
5729,6.362137953815663
5730,6.362137953815663
5731,6.362137953815663
5732,6.362137953815663
5733,6.362137953815663
5734,6.362137953815663
5735,6.362137953815663
5736,6.362137953815663
5737,6.362137953815663
5738,6.362137953815663
5739,6.362137953815663
5740,6.362137953815663
5741,6.362137953815663
5742,6.362137953815663
5743,6.362137953815663
5744,6.362137953815663
5745,6.362137953815663
5746,6.362137953815663
5747,6.362137953815663
5748,6.362137953815663
5749,6.362137953815663
5750,6.362137953815663
5751,6.362137953815663
5752,6.362137953815663
5753,6.362137953815663
5754,6.362137953815663
5755,6.362137953815663
5756,6.362137953815663
5757,6.362137953815663
5758,6.362137953815663
5759,6.362137953815663
5760,6.362137953815663
5761,6.362137953815663
5762,6.362137953815663
5763,6.362137953815663
5764,6.362137953815663
5765,6.362137953815663
5766,6.362137953815663
5767,6.362137953815663
5768,6.362137953815663
5769,6.362137953815663
5770,6.362137953815663
5771,6.362137953815663
5772,6.362137953815663
5773,6.362137953815663
5774,6.362137953815663
5775,6.362137953815663
5776,6.362137953815663
5777,6.362137953815663
5778,6.362137953815663
5779,6.362137953815663
5780,6.362137953815663
5781,6.362137953815663
5782,6.362137953815663
5783,6.362137953815663
5784,6.362137953815663
5785,6.362137953815663
5786,6.362137953815663
5787,6.362137953815663
5788,6.362137953815663
5789,6.362137953815663
5790,6.362137953815663
5791,6.362137953815663
5792,6.362137953815663
5793,6.362137953815663
5794,6.362137953815663
5795,6.362137953815663
5796,6.362137953815663
5797,6.362137953815663
5798,6.362137953815663
5799,6.362137953815663
5800,6.362137953815663
5801,6.362137953815663
5802,6.362137953815663
5803,6.362137953815663
5804,6.362137953815663
5805,6.362137953815663
5806,6.362137953815663
5807,6.362137953815663
5808,6.362137953815663
5809,6.362137953815663
5810,6.362137953815663
5811,6.362137953815663
5812,6.362137953815663
5813,6.362137953815663
5814,6.362137953815663
5815,6.362137953815663
5816,6.362137953815663
5817,6.362137953815663
5818,6.362137953815663
5819,6.362137953815663
5820,6.362137953815663
5821,6.362137953815663
5822,6.362137953815663
5823,6.362137953815663
5824,6.362137953815663
5825,6.362137953815663
5826,6.362137953815663
5827,6.362137953815663
5828,6.362137953815663
5829,6.362137953815663
5830,6.362137953815663
5831,6.362137953815663
5832,6.362137953815663
5833,6.362137953815663
5834,6.362137953815663
5835,6.362137953815663
5836,6.362137953815663
5837,6.362137953815663
5838,6.362137953815663
5839,6.362137953815663
5840,6.362137953815663
5841,6.362137953815663
5842,6.362137953815663
5843,6.362137953815663
5844,6.362137953815663
5845,6.362137953815663
5846,6.362137953815663
5847,6.362137953815663
5848,6.362137953815663
5849,6.362137953815663
5850,6.362137953815663
5851,6.362137953815663
5852,6.362137953815663
5853,6.362137953815663
5854,6.362137953815663
5855,6.362137953815663
5856,6.362137953815663
5857,6.362137953815663
5858,6.362137953815663
5859,6.362137953815663
5860,6.362137953815663
5861,6.362137953815663
5862,6.362137953815663
5863,6.362137953815663
5864,6.362137953815663
5865,6.362137953815663
5866,6.362137953815663
5867,6.362137953815663
5868,6.362137953815663
5869,6.362137953815663
5870,6.362137953815663
5871,6.362137953815663
5872,6.362137953815663
5873,6.362137953815663
5874,6.362137953815663
5875,6.362137953815663
5876,6.362137953815663
5877,6.362137953815663
5878,6.362137953815663
5879,6.362137953815663
5880,6.362137953815663
5881,6.362137953815663
5882,6.362137953815663
5883,6.362137953815663
5884,6.362137953815663
5885,6.362137953815663
5886,6.362137953815663
5887,6.362137953815663
5888,6.362137953815663
5889,6.362137953815663
5890,6.362137953815663
5891,6.362137953815663
5892,6.362137953815663
5893,6.362137953815663
5894,6.362137953815663
5895,6.362137953815663
5896,6.362137953815663
5897,6.362137953815663
5898,6.362137953815663
5899,6.362137953815663
5900,6.362137953815663
5901,6.362137953815663
5902,6.362137953815663
5903,6.362137953815663
5904,6.362137953815663
5905,6.362137953815663
5906,6.362137953815663
5907,6.362137953815663
5908,6.362137953815663
5909,6.362137953815663
5910,6.362137953815663
5911,6.362137953815663
5912,6.362137953815663
5913,6.362137953815663
5914,6.362137953815663
5915,6.362137953815663
5916,6.362137953815663
5917,6.362137953815663
5918,6.362137953815663
5919,6.362137953815663
5920,6.362137953815663
5921,6.362137953815663
5922,6.362137953815663
5923,6.362137953815663
5924,6.362137953815663
5925,6.362137953815663
5926,6.362137953815663
5927,6.362137953815663
5928,6.362137953815663
5929,6.362137953815663
5930,6.362137953815663
5931,6.362137953815663
5932,6.362137953815663
5933,6.362137953815663
5934,6.362137953815663
5935,6.362137953815663
5936,6.362137953815663
5937,6.362137953815663
5938,6.362137953815663
5939,6.362137953815663
5940,6.362137953815663
5941,6.362137953815663
5942,6.362137953815663
5943,6.362137953815663
5944,6.362137953815663
5945,6.362137953815663
5946,6.362137953815663
5947,6.362137953815663
5948,6.362137953815663
5949,6.362137953815663
5950,6.362137953815663
5951,6.362137953815663
5952,6.362137953815663
5953,6.362137953815663
5954,6.362137953815663
5955,6.362137953815663
5956,6.362137953815663
5957,6.362137953815663
5958,6.362137953815663
5959,6.362137953815663
5960,6.362137953815663
5961,6.362137953815663
5962,6.362137953815663
5963,6.362137953815663
5964,6.362137953815663
5965,6.362137953815663
5966,6.362137953815663
5967,6.362137953815663
5968,6.362137953815663
5969,6.362137953815663
5970,6.362137953815663
5971,6.362137953815663
5972,6.362137953815663
5973,6.362137953815663
5974,6.362137953815663
5975,6.362137953815663
5976,6.362137953815663
5977,6.362137953815663
5978,6.362137953815663
5979,6.362137953815663
5980,6.362137953815663
5981,6.362137953815663
5982,6.362137953815663
5983,6.362137953815663
5984,6.362137953815663
5985,6.362137953815663
5986,6.362137953815663
5987,6.362137953815663
5988,6.362137953815663
5989,6.362137953815663
5990,6.362137953815663
5991,6.362137953815663
5992,6.362137953815663
5993,6.362137953815663
5994,6.362137953815663
5995,6.362137953815663
5996,6.362137953815663
5997,6.362137953815663
5998,6.362137953815663
5999,6.362137953815663
6000,6.362137953815663
6001,6.362137953815663
6002,6.362137953815663
6003,6.362137953815663
6004,6.362137953815663
6005,6.362137953815663
6006,6.362137953815663
6007,6.362137953815663
6008,6.362137953815663
6009,6.362137953815663
6010,6.362137953815663
6011,6.362137953815663
6012,6.362137953815663
6013,6.362137953815663
6014,6.362137953815663
6015,6.362137953815663
6016,6.362137953815663
6017,6.362137953815663
6018,6.362137953815663
6019,6.362137953815663
6020,6.362137953815663
6021,6.362137953815663
6022,6.362137953815663
6023,6.362137953815663
6024,6.362137953815663
6025,6.362137953815663
6026,6.362137953815663
6027,6.362137953815663
6028,6.362137953815663
6029,6.362137953815663
6030,6.362137953815663
6031,6.362137953815663
6032,6.362137953815663
6033,6.362137953815663
6034,6.362137953815663
6035,6.362137953815663
6036,6.362137953815663
6037,6.362137953815663
6038,6.362137953815663
6039,6.362137953815663
6040,6.362137953815663
6041,6.362137953815663
6042,6.362137953815663
6043,6.362137953815663
6044,6.362137953815663
6045,6.362137953815663
6046,6.362137953815663
6047,6.362137953815663
6048,6.362137953815663
6049,6.362137953815663
6050,6.362137953815663
6051,6.362137953815663
6052,6.362137953815663
6053,6.362137953815663
6054,6.362137953815663
6055,6.362137953815663
6056,6.362137953815663
6057,6.362137953815663
6058,6.362137953815663
6059,6.362137953815663
6060,6.362137953815663
6061,6.362137953815663
6062,6.362137953815663
6063,6.362137953815663
6064,6.362137953815663
6065,6.362137953815663
6066,6.362137953815663
6067,6.362137953815663
6068,6.362137953815663
6069,6.362137953815663
6070,6.362137953815663
6071,6.362137953815663
6072,6.362137953815663
6073,6.362137953815663
6074,6.362137953815663
6075,6.362137953815663
6076,6.362137953815663
6077,6.362137953815663
6078,6.362137953815663
6079,6.362137953815663
6080,6.362137953815663
6081,6.362137953815663
6082,6.362137953815663
6083,6.362137953815663
6084,6.362137953815663
6085,6.362137953815663
6086,6.362137953815663
6087,6.362137953815663
6088,6.362137953815663
6089,6.362137953815663
6090,6.362137953815663
6091,6.362137953815663
6092,6.362137953815663
6093,6.362137953815663
6094,6.362137953815663
6095,6.362137953815663
6096,6.362137953815663
6097,6.362137953815663
6098,6.362137953815663
6099,6.362137953815663
6100,6.362137953815663
6101,6.362137953815663
6102,6.362137953815663
6103,6.362137953815663
6104,6.362137953815663
6105,6.362137953815663
6106,6.362137953815663
6107,6.362137953815663
6108,6.362137953815663
6109,6.362137953815663
6110,6.362137953815663
6111,6.362137953815663
6112,6.362137953815663
6113,6.362137953815663
6114,6.362137953815663
6115,6.362137953815663
6116,6.362137953815663
6117,6.362137953815663
6118,6.362137953815663
6119,6.362137953815663
6120,6.362137953815663
6121,6.362137953815663
6122,6.362137953815663
6123,6.362137953815663
6124,6.362137953815663
6125,6.362137953815663
6126,6.362137953815663
6127,6.362137953815663
6128,6.362137953815663
6129,6.362137953815663
6130,6.362137953815663
6131,6.362137953815663
6132,6.362137953815663
6133,6.362137953815663
6134,6.362137953815663
6135,6.362137953815663
6136,6.362137953815663
6137,6.362137953815663
6138,6.362137953815663
6139,6.362137953815663
6140,6.362137953815663
6141,6.362137953815663
6142,6.362137953815663
6143,6.362137953815663
6144,6.362137953815663
6145,6.362137953815663
6146,6.362137953815663
6147,6.362137953815663
6148,6.362137953815663
6149,6.362137953815663
6150,6.362137953815663
6151,6.362137953815663
6152,6.362137953815663
6153,6.362137953815663
6154,6.362137953815663
6155,6.362137953815663
6156,6.362137953815663
6157,6.362137953815663
6158,6.362137953815663
6159,6.362137953815663
6160,6.362137953815663
6161,6.362137953815663
6162,6.362137953815663
6163,6.362137953815663
6164,6.362137953815663
6165,6.362137953815663
6166,6.362137953815663
6167,6.362137953815663
6168,6.362137953815663
6169,6.362137953815663
6170,6.362137953815663
6171,6.362137953815663
6172,6.362137953815663
6173,6.362137953815663
6174,6.362137953815663
6175,6.362137953815663
6176,6.362137953815663
6177,6.362137953815663
6178,6.362137953815663
6179,6.362137953815663
6180,6.362137953815663
6181,6.362137953815663
6182,6.362137953815663
6183,6.362137953815663
6184,6.362137953815663
6185,6.362137953815663
6186,6.362137953815663
6187,6.362137953815663
6188,6.362137953815663
6189,6.362137953815663
6190,6.362137953815663
6191,6.362137953815663
6192,6.362137953815663
6193,6.362137953815663
6194,6.362137953815663
6195,6.362137953815663
6196,6.362137953815663
6197,6.362137953815663
6198,6.362137953815663
6199,6.362137953815663
6200,6.362137953815663
6201,6.362137953815663
6202,6.362137953815663
6203,6.362137953815663
6204,6.362137953815663
6205,6.362137953815663
6206,6.362137953815663
6207,6.362137953815663
6208,6.362137953815663
6209,6.362137953815663
6210,6.362137953815663
6211,6.362137953815663
6212,6.362137953815663
6213,6.362137953815663
6214,6.362137953815663
6215,6.362137953815663
6216,6.362137953815663
6217,6.362137953815663
6218,6.362137953815663
6219,6.362137953815663
6220,6.362137953815663
6221,6.362137953815663
6222,6.362137953815663
6223,6.362137953815663
6224,6.362137953815663
6225,6.362137953815663
6226,6.362137953815663
6227,6.362137953815663
6228,6.362137953815663
6229,6.362137953815663
6230,6.362137953815663
6231,6.362137953815663
6232,6.362137953815663
6233,6.362137953815663
6234,6.362137953815663
6235,6.362137953815663
6236,6.362137953815663
6237,6.362137953815663
6238,6.362137953815663
6239,6.362137953815663
6240,6.362137953815663
6241,6.362137953815663
6242,6.362137953815663
6243,6.362137953815663
6244,6.362137953815663
6245,6.362137953815663
6246,6.362137953815663
6247,6.362137953815663
6248,6.362137953815663
6249,6.362137953815663
6250,6.362137953815663
6251,6.362137953815663
6252,6.362137953815663
6253,6.362137953815663
6254,6.362137953815663
6255,6.362137953815663
6256,6.362137953815663
6257,6.362137953815663
6258,6.362137953815663
6259,6.362137953815663
6260,6.362137953815663
6261,6.362137953815663
6262,6.362137953815663
6263,6.362137953815663
6264,6.362137953815663
6265,6.362137953815663
6266,6.362137953815663
6267,6.362137953815663
6268,6.362137953815663
6269,6.362137953815663
6270,6.362137953815663
6271,6.362137953815663
6272,6.362137953815663
6273,6.362137953815663
6274,6.362137953815663
6275,6.362137953815663
6276,6.362137953815663
6277,6.362137953815663
6278,6.362137953815663
6279,6.362137953815663
6280,6.362137953815663
6281,6.362137953815663
6282,6.362137953815663
6283,6.362137953815663
6284,6.362137953815663
6285,6.362137953815663
6286,6.362137953815663
6287,6.362137953815663
6288,6.362137953815663
6289,6.362137953815663
6290,6.362137953815663
6291,6.362137953815663
6292,6.362137953815663
6293,6.362137953815663
6294,6.362137953815663
6295,6.362137953815663
6296,6.362137953815663
6297,6.362137953815663
6298,6.362137953815663
6299,6.362137953815663
6300,6.362137953815663
6301,6.362137953815663
6302,6.362137953815663
6303,6.362137953815663
6304,6.362137953815663
6305,6.362137953815663
6306,6.362137953815663
6307,6.362137953815663
6308,6.362137953815663
6309,6.362137953815663
6310,6.362137953815663
6311,6.362137953815663
6312,6.362137953815663
6313,6.362137953815663
6314,6.362137953815663
6315,6.362137953815663
6316,6.362137953815663
6317,6.362137953815663
6318,6.362137953815663
6319,6.362137953815663
6320,6.362137953815663
6321,6.362137953815663
6322,6.362137953815663
6323,6.362137953815663
6324,6.362137953815663
6325,6.362137953815663
6326,6.362137953815663
6327,6.362137953815663
6328,6.362137953815663
6329,6.362137953815663
6330,6.362137953815663
6331,6.362137953815663
6332,6.362137953815663
6333,6.362137953815663
6334,6.362137953815663
6335,6.362137953815663
6336,6.362137953815663
6337,6.362137953815663
6338,6.362137953815663
6339,6.362137953815663
6340,6.362137953815663
6341,6.362137953815663
6342,6.362137953815663
6343,6.362137953815663
6344,6.362137953815663
6345,6.362137953815663
6346,6.362137953815663
6347,6.362137953815663
6348,6.362137953815663
6349,6.362137953815663
6350,6.362137953815663
6351,6.362137953815663
6352,6.362137953815663
6353,6.362137953815663
6354,6.362137953815663
6355,6.362137953815663
6356,6.362137953815663
6357,6.362137953815663
6358,6.362137953815663
6359,6.362137953815663
6360,6.362137953815663
6361,6.362137953815663
6362,6.362137953815663
6363,6.362137953815663
6364,6.362137953815663
6365,6.362137953815663
6366,6.362137953815663
6367,6.362137953815663
6368,6.362137953815663
6369,6.362137953815663
6370,6.362137953815663
6371,6.362137953815663
6372,6.362137953815663
6373,6.362137953815663
6374,6.362137953815663
6375,6.362137953815663
6376,6.362137953815663
6377,6.362137953815663
6378,6.362137953815663
6379,6.362137953815663
6380,6.362137953815663
6381,6.362137953815663
6382,6.362137953815663
6383,6.362137953815663
6384,6.362137953815663
6385,6.362137953815663
6386,6.362137953815663
6387,6.362137953815663
6388,6.362137953815663
6389,6.362137953815663
6390,6.362137953815663
6391,6.362137953815663
6392,6.362137953815663
6393,6.362137953815663
6394,6.362137953815663
6395,6.362137953815663
6396,6.362137953815663
6397,6.362137953815663
6398,6.362137953815663
6399,6.362137953815663
6400,6.362137953815663
6401,6.362137953815663
6402,6.362137953815663
6403,6.362137953815663
6404,6.362137953815663
6405,6.362137953815663
6406,6.362137953815663
6407,6.362137953815663
6408,6.362137953815663
6409,6.362137953815663
6410,6.362137953815663
6411,6.362137953815663
6412,6.362137953815663
6413,6.362137953815663
6414,6.362137953815663
6415,6.362137953815663
6416,6.362137953815663
6417,6.362137953815663
6418,6.362137953815663
6419,6.362137953815663
6420,6.362137953815663
6421,6.362137953815663
6422,6.362137953815663
6423,6.362137953815663
6424,6.362137953815663
6425,6.362137953815663
6426,6.362137953815663
6427,6.362137953815663
6428,6.362137953815663
6429,6.362137953815663
6430,6.362137953815663
6431,6.362137953815663
6432,6.362137953815663
6433,6.362137953815663
6434,6.362137953815663
6435,6.362137953815663
6436,6.362137953815663
6437,6.362137953815663
6438,6.362137953815663
6439,6.362137953815663
6440,6.362137953815663
6441,6.362137953815663
6442,6.362137953815663
6443,6.362137953815663
6444,6.362137953815663
6445,6.362137953815663
6446,6.362137953815663
6447,6.362137953815663
6448,6.362137953815663
6449,6.362137953815663
6450,6.362137953815663
6451,6.362137953815663
6452,6.362137953815663
6453,6.362137953815663
6454,6.362137953815663
6455,6.362137953815663
6456,6.362137953815663
6457,6.362137953815663
6458,6.362137953815663
6459,6.362137953815663
6460,6.362137953815663
6461,6.362137953815663
6462,6.362137953815663
6463,6.362137953815663
6464,6.362137953815663
6465,6.362137953815663
6466,6.362137953815663
6467,6.362137953815663
6468,6.362137953815663
6469,6.362137953815663
6470,6.362137953815663
6471,6.362137953815663
6472,6.362137953815663
6473,6.362137953815663
6474,6.362137953815663
6475,6.362137953815663
6476,6.362137953815663
6477,6.362137953815663
6478,6.362137953815663
6479,6.362137953815663
6480,6.362137953815663
6481,6.362137953815663
6482,6.362137953815663
6483,6.362137953815663
6484,6.362137953815663
6485,6.362137953815663
6486,6.362137953815663
6487,6.362137953815663
6488,6.362137953815663
6489,6.362137953815663
6490,6.362137953815663
6491,6.362137953815663
6492,6.362137953815663
6493,6.362137953815663
6494,6.362137953815663
6495,6.362137953815663
6496,6.362137953815663
6497,6.362137953815663
6498,6.362137953815663
6499,6.362137953815663
6500,6.362137953815663
6501,6.362137953815663
6502,6.362137953815663
6503,6.362137953815663
6504,6.362137953815663
6505,6.362137953815663
6506,6.362137953815663
6507,6.362137953815663
6508,6.362137953815663
6509,6.362137953815663
6510,6.362137953815663
6511,6.362137953815663
6512,6.362137953815663
6513,6.362137953815663
6514,6.362137953815663
6515,6.362137953815663
6516,6.362137953815663
6517,6.362137953815663
6518,6.362137953815663
6519,6.362137953815663
6520,6.362137953815663
6521,6.362137953815663
6522,6.362137953815663
6523,6.362137953815663
6524,6.362137953815663
6525,6.362137953815663
6526,6.362137953815663
6527,6.362137953815663
6528,6.362137953815663
6529,6.362137953815663
6530,6.362137953815663
6531,6.362137953815663
6532,6.362137953815663
6533,6.362137953815663
6534,6.362137953815663
6535,6.362137953815663
6536,6.362137953815663
6537,6.362137953815663
6538,6.362137953815663
6539,6.362137953815663
6540,6.362137953815663
6541,6.362137953815663
6542,6.362137953815663
6543,6.362137953815663
6544,6.362137953815663
6545,6.362137953815663
6546,6.362137953815663
6547,6.362137953815663
6548,6.362137953815663
6549,6.362137953815663
6550,6.362137953815663
6551,6.362137953815663
6552,6.362137953815663
6553,6.362137953815663
6554,6.362137953815663
6555,6.362137953815663
6556,6.362137953815663
6557,6.362137953815663
6558,6.362137953815663
6559,6.362137953815663
6560,6.362137953815663
6561,6.362137953815663
6562,6.362137953815663
6563,6.362137953815663
6564,6.362137953815663
6565,6.362137953815663
6566,6.362137953815663
6567,6.362137953815663
6568,6.362137953815663
6569,6.362137953815663
6570,6.362137953815663
6571,6.362137953815663
6572,6.362137953815663
6573,6.362137953815663
6574,6.362137953815663
6575,6.362137953815663
6576,6.362137953815663
6577,6.362137953815663
6578,6.362137953815663
6579,6.362137953815663
6580,6.362137953815663
6581,6.362137953815663
6582,6.362137953815663
6583,6.362137953815663
6584,6.362137953815663
6585,6.362137953815663
6586,6.362137953815663
6587,6.362137953815663
6588,6.362137953815663
6589,6.362137953815663
6590,6.362137953815663
6591,6.362137953815663
6592,6.362137953815663
6593,6.362137953815663
6594,6.362137953815663
6595,6.362137953815663
6596,6.362137953815663
6597,6.362137953815663
6598,6.362137953815663
6599,6.362137953815663
6600,6.362137953815663
6601,6.362137953815663
6602,6.362137953815663
6603,6.362137953815663
6604,6.362137953815663
6605,6.362137953815663
6606,6.362137953815663
6607,6.362137953815663
6608,6.362137953815663
6609,6.362137953815663
6610,6.362137953815663
6611,6.362137953815663
6612,6.362137953815663
6613,6.362137953815663
6614,6.362137953815663
6615,6.362137953815663
6616,6.362137953815663
6617,6.362137953815663
6618,6.362137953815663
6619,6.362137953815663
6620,6.362137953815663
6621,6.362137953815663
6622,6.362137953815663
6623,6.362137953815663
6624,6.362137953815663
6625,6.362137953815663
6626,6.362137953815663
6627,6.362137953815663
6628,6.362137953815663
6629,6.362137953815663
6630,6.362137953815663
6631,6.362137953815663
6632,6.362137953815663
6633,6.362137953815663
6634,6.362137953815663
6635,6.362137953815663
6636,6.362137953815663
6637,6.362137953815663
6638,6.362137953815663
6639,6.362137953815663
6640,6.362137953815663
6641,6.362137953815663
6642,6.362137953815663
6643,6.362137953815663
6644,6.362137953815663
6645,6.362137953815663
6646,6.362137953815663
6647,6.362137953815663
6648,6.362137953815663
6649,6.362137953815663
6650,6.362137953815663
6651,6.362137953815663
6652,6.362137953815663
6653,6.362137953815663
6654,6.362137953815663
6655,6.362137953815663
6656,6.362137953815663
6657,6.362137953815663
6658,6.362137953815663
6659,6.362137953815663
6660,6.362137953815663
6661,6.362137953815663
6662,6.362137953815663
6663,6.362137953815663
6664,6.362137953815663
6665,6.362137953815663
6666,6.362137953815663
6667,6.362137953815663
6668,6.362137953815663
6669,6.362137953815663
6670,6.362137953815663
6671,6.362137953815663
6672,6.362137953815663
6673,6.362137953815663
6674,6.362137953815663
6675,6.362137953815663
6676,6.362137953815663
6677,6.362137953815663
6678,6.362137953815663
6679,6.362137953815663
6680,6.362137953815663
6681,6.362137953815663
6682,6.362137953815663
6683,6.362137953815663
6684,6.362137953815663
6685,6.362137953815663
6686,6.362137953815663
6687,6.362137953815663
6688,6.362137953815663
6689,6.362137953815663
6690,6.362137953815663
6691,6.362137953815663
6692,6.362137953815663
6693,6.362137953815663
6694,6.362137953815663
6695,6.362137953815663
6696,6.362137953815663
6697,6.362137953815663
6698,6.362137953815663
6699,6.362137953815663
6700,6.362137953815663
6701,6.362137953815663
6702,6.362137953815663
6703,6.362137953815663
6704,6.362137953815663
6705,6.362137953815663
6706,6.362137953815663
6707,6.362137953815663
6708,6.362137953815663
6709,6.362137953815663
6710,6.362137953815663
6711,6.362137953815663
6712,6.362137953815663
6713,6.362137953815663
6714,6.362137953815663
6715,6.362137953815663
6716,6.362137953815663
6717,6.362137953815663
6718,6.362137953815663
6719,6.362137953815663
6720,6.362137953815663
6721,6.362137953815663
6722,6.362137953815663
6723,6.362137953815663
6724,6.362137953815663
6725,6.362137953815663
6726,6.362137953815663
6727,6.362137953815663
6728,6.362137953815663
6729,6.362137953815663
6730,6.362137953815663
6731,6.362137953815663
6732,6.362137953815663
6733,6.362137953815663
6734,6.362137953815663
6735,6.362137953815663
6736,6.362137953815663
6737,6.362137953815663
6738,6.362137953815663
6739,6.362137953815663
6740,6.362137953815663
6741,6.362137953815663
6742,6.362137953815663
6743,6.362137953815663
6744,6.362137953815663
6745,6.362137953815663
6746,6.362137953815663
6747,6.362137953815663
6748,6.362137953815663
6749,6.362137953815663
6750,6.362137953815663
6751,6.362137953815663
6752,6.362137953815663
6753,6.362137953815663
6754,6.362137953815663
6755,6.362137953815663
6756,6.362137953815663
6757,6.362137953815663
6758,6.362137953815663
6759,6.362137953815663
6760,6.362137953815663
6761,6.362137953815663
6762,6.362137953815663
6763,6.362137953815663
6764,6.362137953815663
6765,6.362137953815663
6766,6.362137953815663
6767,6.362137953815663
6768,6.362137953815663
6769,6.362137953815663
6770,6.362137953815663
6771,6.362137953815663
6772,6.362137953815663
6773,6.362137953815663
6774,6.362137953815663
6775,6.362137953815663
6776,6.362137953815663
6777,6.362137953815663
6778,6.362137953815663
6779,6.362137953815663
6780,6.362137953815663
6781,6.362137953815663
6782,6.362137953815663
6783,6.362137953815663
6784,6.362137953815663
6785,6.362137953815663
6786,6.362137953815663
6787,6.362137953815663
6788,6.362137953815663
6789,6.362137953815663
6790,6.362137953815663
6791,6.362137953815663
6792,6.362137953815663
6793,6.362137953815663
6794,6.362137953815663
6795,6.362137953815663
6796,6.362137953815663
6797,6.362137953815663
6798,6.362137953815663
6799,6.362137953815663
6800,6.362137953815663
6801,6.362137953815663
6802,6.362137953815663
6803,6.362137953815663
6804,6.362137953815663
6805,6.362137953815663
6806,6.362137953815663
6807,6.362137953815663
6808,6.362137953815663
6809,6.362137953815663
6810,6.362137953815663
6811,6.362137953815663
6812,6.362137953815663
6813,6.362137953815663
6814,6.362137953815663
6815,6.362137953815663
6816,6.362137953815663
6817,6.362137953815663
6818,6.362137953815663
6819,6.362137953815663
6820,6.362137953815663
6821,6.362137953815663
6822,6.362137953815663
6823,6.362137953815663
6824,6.362137953815663
6825,6.362137953815663
6826,6.362137953815663
6827,6.362137953815663
6828,6.362137953815663
6829,6.362137953815663
6830,6.362137953815663
6831,6.362137953815663
6832,6.362137953815663
6833,6.362137953815663
6834,6.362137953815663
6835,6.362137953815663
6836,6.362137953815663
6837,6.362137953815663
6838,6.362137953815663
6839,6.362137953815663
6840,6.362137953815663
6841,6.362137953815663
6842,6.362137953815663
6843,6.362137953815663
6844,6.362137953815663
6845,6.362137953815663
6846,6.362137953815663
6847,6.362137953815663
6848,6.362137953815663
6849,6.362137953815663
6850,6.362137953815663
6851,6.362137953815663
6852,6.362137953815663
6853,6.362137953815663
6854,6.362137953815663
6855,6.362137953815663
6856,6.362137953815663
6857,6.362137953815663
6858,6.362137953815663
6859,6.362137953815663
6860,6.362137953815663
6861,6.362137953815663
6862,6.362137953815663
6863,6.362137953815663
6864,6.362137953815663
6865,6.362137953815663
6866,6.362137953815663
6867,6.362137953815663
6868,6.362137953815663
6869,6.362137953815663
6870,6.362137953815663
6871,6.362137953815663
6872,6.362137953815663
6873,6.362137953815663
6874,6.362137953815663
6875,6.362137953815663
6876,6.362137953815663
6877,6.362137953815663
6878,6.362137953815663
6879,6.362137953815663
6880,6.362137953815663
6881,6.362137953815663
6882,6.362137953815663
6883,6.362137953815663
6884,6.362137953815663
6885,6.362137953815663
6886,6.362137953815663
6887,6.362137953815663
6888,6.362137953815663
6889,6.362137953815663
6890,6.362137953815663
6891,6.362137953815663
6892,6.362137953815663
6893,6.362137953815663
6894,6.362137953815663
6895,6.362137953815663
6896,6.362137953815663
6897,6.362137953815663
6898,6.362137953815663
6899,6.362137953815663
6900,6.362137953815663
6901,6.362137953815663
6902,6.362137953815663
6903,6.362137953815663
6904,6.362137953815663
6905,6.362137953815663
6906,6.362137953815663
6907,6.362137953815663
6908,6.362137953815663
6909,6.362137953815663
6910,6.362137953815663
6911,6.362137953815663
6912,6.362137953815663
6913,6.362137953815663
6914,6.362137953815663
6915,6.362137953815663
6916,6.362137953815663
6917,6.362137953815663
6918,6.362137953815663
6919,6.362137953815663
6920,6.362137953815663
6921,6.362137953815663
6922,6.362137953815663
6923,6.362137953815663
6924,6.362137953815663
6925,6.362137953815663
6926,6.362137953815663
6927,6.362137953815663
6928,6.362137953815663
6929,6.362137953815663
6930,6.362137953815663
6931,6.362137953815663
6932,6.362137953815663
6933,6.362137953815663
6934,6.362137953815663
6935,6.362137953815663
6936,6.362137953815663
6937,6.362137953815663
6938,6.362137953815663
6939,6.362137953815663
6940,6.362137953815663
6941,6.362137953815663
6942,6.362137953815663
6943,6.362137953815663
6944,6.362137953815663
6945,6.362137953815663
6946,6.362137953815663
6947,6.362137953815663
6948,6.362137953815663
6949,6.362137953815663
6950,6.362137953815663
6951,6.362137953815663
6952,6.362137953815663
6953,6.362137953815663
6954,6.362137953815663
6955,6.362137953815663
6956,6.362137953815663
6957,6.362137953815663
6958,6.362137953815663
6959,6.362137953815663
6960,6.362137953815663
6961,6.362137953815663
6962,6.362137953815663
6963,6.362137953815663
6964,6.362137953815663
6965,6.362137953815663
6966,6.362137953815663
6967,6.362137953815663
6968,6.362137953815663
6969,6.362137953815663
6970,6.362137953815663
6971,6.362137953815663
6972,6.362137953815663
6973,6.362137953815663
6974,6.362137953815663
6975,6.362137953815663
6976,6.362137953815663
6977,6.362137953815663
6978,6.362137953815663
6979,6.362137953815663
6980,6.362137953815663
6981,6.362137953815663
6982,6.362137953815663
6983,6.362137953815663
6984,6.362137953815663
6985,6.362137953815663
6986,6.362137953815663
6987,6.362137953815663
6988,6.362137953815663
6989,6.362137953815663
6990,6.362137953815663
6991,6.362137953815663
6992,6.362137953815663
6993,6.362137953815663
6994,6.362137953815663
6995,6.362137953815663
6996,6.362137953815663
6997,6.362137953815663
6998,6.362137953815663
6999,6.362137953815663
7000,6.362137953815663
7001,6.362137953815663
7002,6.362137953815663
7003,6.362137953815663
7004,6.362137953815663
7005,6.362137953815663
7006,6.362137953815663
7007,6.362137953815663
7008,6.362137953815663
7009,6.362137953815663
7010,6.362137953815663
7011,6.362137953815663
7012,6.362137953815663
7013,6.362137953815663
7014,6.362137953815663
7015,6.362137953815663
7016,6.362137953815663
7017,6.362137953815663
7018,6.362137953815663
7019,6.362137953815663
7020,6.362137953815663
7021,6.362137953815663
7022,6.362137953815663
7023,6.362137953815663
7024,6.362137953815663
7025,6.362137953815663
7026,6.362137953815663
7027,6.362137953815663
7028,6.362137953815663
7029,6.362137953815663
7030,6.362137953815663
7031,6.362137953815663
7032,6.362137953815663
7033,6.362137953815663
7034,6.362137953815663
7035,6.362137953815663
7036,6.362137953815663
7037,6.362137953815663
7038,6.362137953815663
7039,6.362137953815663
7040,6.362137953815663
7041,6.362137953815663
7042,6.362137953815663
7043,6.362137953815663
7044,6.362137953815663
7045,6.362137953815663
7046,6.362137953815663
7047,6.362137953815663
7048,6.362137953815663
7049,6.362137953815663
7050,6.362137953815663
7051,6.362137953815663
7052,6.362137953815663
7053,6.362137953815663
7054,6.362137953815663
7055,6.362137953815663
7056,6.362137953815663
7057,6.362137953815663
7058,6.362137953815663
7059,6.362137953815663
7060,6.362137953815663
7061,6.362137953815663
7062,6.362137953815663
7063,6.362137953815663
7064,6.362137953815663
7065,6.362137953815663
7066,6.362137953815663
7067,6.362137953815663
7068,6.362137953815663
7069,6.362137953815663
7070,6.362137953815663
7071,6.362137953815663
7072,6.362137953815663
7073,6.362137953815663
7074,6.362137953815663
7075,6.362137953815663
7076,6.362137953815663
7077,6.362137953815663
7078,6.362137953815663
7079,6.362137953815663
7080,6.362137953815663
7081,6.362137953815663
7082,6.362137953815663
7083,6.362137953815663
7084,6.362137953815663
7085,6.362137953815663
7086,6.362137953815663
7087,6.362137953815663
7088,6.362137953815663
7089,6.362137953815663
7090,6.362137953815663
7091,6.362137953815663
7092,6.362137953815663
7093,6.362137953815663
7094,6.362137953815663
7095,6.362137953815663
7096,6.362137953815663
7097,6.362137953815663
7098,6.362137953815663
7099,6.362137953815663
7100,6.362137953815663
7101,6.362137953815663
7102,6.362137953815663
7103,6.362137953815663
7104,6.362137953815663
7105,6.362137953815663
7106,6.362137953815663
7107,6.362137953815663
7108,6.362137953815663
7109,6.362137953815663
7110,6.362137953815663
7111,6.362137953815663
7112,6.362137953815663
7113,6.362137953815663
7114,6.362137953815663
7115,6.362137953815663
7116,6.362137953815663
7117,6.362137953815663
7118,6.362137953815663
7119,6.362137953815663
7120,6.362137953815663
7121,6.362137953815663
7122,6.362137953815663
7123,6.362137953815663
7124,6.362137953815663
7125,6.362137953815663
7126,6.362137953815663
7127,6.362137953815663
7128,6.362137953815663
7129,6.362137953815663
7130,6.362137953815663
7131,6.362137953815663
7132,6.362137953815663
7133,6.362137953815663
7134,6.362137953815663
7135,6.362137953815663
7136,6.362137953815663
7137,6.362137953815663
7138,6.362137953815663
7139,6.362137953815663
7140,6.362137953815663
7141,6.362137953815663
7142,6.362137953815663
7143,6.362137953815663
7144,6.362137953815663
7145,6.362137953815663
7146,6.362137953815663
7147,6.362137953815663
7148,6.362137953815663
7149,6.362137953815663
7150,6.362137953815663
7151,6.362137953815663
7152,6.362137953815663
7153,6.362137953815663
7154,6.362137953815663
7155,6.362137953815663
7156,6.362137953815663
7157,6.362137953815663
7158,6.362137953815663
7159,6.362137953815663
7160,6.362137953815663
7161,6.362137953815663
7162,6.362137953815663
7163,6.362137953815663
7164,6.362137953815663
7165,6.362137953815663
7166,6.362137953815663
7167,6.362137953815663
7168,6.362137953815663
7169,6.362137953815663
7170,6.362137953815663
7171,6.362137953815663
7172,6.362137953815663
7173,6.362137953815663
7174,6.362137953815663
7175,6.362137953815663
7176,6.362137953815663
7177,6.362137953815663
7178,6.362137953815663
7179,6.362137953815663
7180,6.362137953815663
7181,6.362137953815663
7182,6.362137953815663
7183,6.362137953815663
7184,6.362137953815663
7185,6.362137953815663
7186,6.362137953815663
7187,6.362137953815663
7188,6.362137953815663
7189,6.362137953815663
7190,6.362137953815663
7191,6.362137953815663
7192,6.362137953815663
7193,6.362137953815663
7194,6.362137953815663
7195,6.362137953815663
7196,6.362137953815663
7197,6.362137953815663
7198,6.362137953815663
7199,6.362137953815663
7200,6.362137953815663
7201,6.362137953815663
7202,6.362137953815663
7203,6.362137953815663
7204,6.362137953815663
7205,6.362137953815663
7206,6.362137953815663
7207,6.362137953815663
7208,6.362137953815663
7209,6.362137953815663
7210,6.362137953815663
7211,6.362137953815663
7212,6.362137953815663
7213,6.362137953815663
7214,6.362137953815663
7215,6.362137953815663
7216,6.362137953815663
7217,6.362137953815663
7218,6.362137953815663
7219,6.362137953815663
7220,6.362137953815663
7221,6.362137953815663
7222,6.362137953815663
7223,6.362137953815663
7224,6.362137953815663
7225,6.362137953815663
7226,6.362137953815663
7227,6.362137953815663
7228,6.362137953815663
7229,6.362137953815663
7230,6.362137953815663
7231,6.362137953815663
7232,6.362137953815663
7233,6.362137953815663
7234,6.362137953815663
7235,6.362137953815663
7236,6.362137953815663
7237,6.362137953815663
7238,6.362137953815663
7239,6.362137953815663
7240,6.362137953815663
7241,6.362137953815663
7242,6.362137953815663
7243,6.362137953815663
7244,6.362137953815663
7245,6.362137953815663
7246,6.362137953815663
7247,6.362137953815663
7248,6.362137953815663
7249,6.362137953815663
7250,6.362137953815663
7251,6.362137953815663
7252,6.362137953815663
7253,6.362137953815663
7254,6.362137953815663
7255,6.362137953815663
7256,6.362137953815663
7257,6.362137953815663
7258,6.362137953815663
7259,6.362137953815663
7260,6.362137953815663
7261,6.362137953815663
7262,6.362137953815663
7263,6.362137953815663
7264,6.362137953815663
7265,6.362137953815663
7266,6.362137953815663
7267,6.362137953815663
7268,6.362137953815663
7269,6.362137953815663
7270,6.362137953815663
7271,6.362137953815663
7272,6.362137953815663
7273,6.362137953815663
7274,6.362137953815663
7275,6.362137953815663
7276,6.362137953815663
7277,6.362137953815663
7278,6.362137953815663
7279,6.362137953815663
7280,6.362137953815663
7281,6.362137953815663
7282,6.362137953815663
7283,6.362137953815663
7284,6.362137953815663
7285,6.362137953815663
7286,6.362137953815663
7287,6.362137953815663
7288,6.362137953815663
7289,6.362137953815663
7290,6.362137953815663
7291,6.362137953815663
7292,6.362137953815663
7293,6.362137953815663
7294,6.362137953815663
7295,6.362137953815663
7296,6.362137953815663
7297,6.362137953815663
7298,6.362137953815663
7299,6.362137953815663
7300,6.362137953815663
7301,6.362137953815663
7302,6.362137953815663
7303,6.362137953815663
7304,6.362137953815663
7305,6.362137953815663
7306,6.362137953815663
7307,6.362137953815663
7308,6.362137953815663
7309,6.362137953815663
7310,6.362137953815663
7311,6.362137953815663
7312,6.362137953815663
7313,6.362137953815663
7314,6.362137953815663
7315,6.362137953815663
7316,6.362137953815663
7317,6.362137953815663
7318,6.362137953815663
7319,6.362137953815663
7320,6.362137953815663
7321,6.362137953815663
7322,6.362137953815663
7323,6.362137953815663
7324,6.362137953815663
7325,6.362137953815663
7326,6.362137953815663
7327,6.362137953815663
7328,6.362137953815663
7329,6.362137953815663
7330,6.362137953815663
7331,6.362137953815663
7332,6.362137953815663
7333,6.362137953815663
7334,6.362137953815663
7335,6.362137953815663
7336,6.362137953815663
7337,6.362137953815663
7338,6.362137953815663
7339,6.362137953815663
7340,6.362137953815663
7341,6.362137953815663
7342,6.362137953815663
7343,6.362137953815663
7344,6.362137953815663
7345,6.362137953815663
7346,6.362137953815663
7347,6.362137953815663
7348,6.362137953815663
7349,6.362137953815663
7350,6.362137953815663
7351,6.362137953815663
7352,6.362137953815663
7353,6.362137953815663
7354,6.362137953815663
7355,6.362137953815663
7356,6.362137953815663
7357,6.362137953815663
7358,6.362137953815663
7359,6.362137953815663
7360,6.362137953815663
7361,6.362137953815663
7362,6.362137953815663
7363,6.362137953815663
7364,6.362137953815663
7365,6.362137953815663
7366,6.362137953815663
7367,6.362137953815663
7368,6.362137953815663
7369,6.362137953815663
7370,6.362137953815663
7371,6.362137953815663
7372,6.362137953815663
7373,6.362137953815663
7374,6.362137953815663
7375,6.362137953815663
7376,6.362137953815663
7377,6.362137953815663
7378,6.362137953815663
7379,6.362137953815663
7380,6.362137953815663
7381,6.362137953815663
7382,6.362137953815663
7383,6.362137953815663
7384,6.362137953815663
7385,6.362137953815663
7386,6.362137953815663
7387,6.362137953815663
7388,6.362137953815663
7389,6.362137953815663
7390,6.362137953815663
7391,6.362137953815663
7392,6.362137953815663
7393,6.362137953815663
7394,6.362137953815663
7395,6.362137953815663
7396,6.362137953815663
7397,6.362137953815663
7398,6.362137953815663
7399,6.362137953815663
7400,6.362137953815663
7401,6.362137953815663
7402,6.362137953815663
7403,6.362137953815663
7404,6.362137953815663
7405,6.362137953815663
7406,6.362137953815663
7407,6.362137953815663
7408,6.362137953815663
7409,6.362137953815663
7410,6.362137953815663
7411,6.362137953815663
7412,6.362137953815663
7413,6.362137953815663
7414,6.362137953815663
7415,6.362137953815663
7416,6.362137953815663
7417,6.362137953815663
7418,6.362137953815663
7419,6.362137953815663
7420,6.362137953815663
7421,6.362137953815663
7422,6.362137953815663
7423,6.362137953815663
7424,6.362137953815663
7425,6.362137953815663
7426,6.362137953815663
7427,6.362137953815663
7428,6.362137953815663
7429,6.362137953815663
7430,6.362137953815663
7431,6.362137953815663
7432,6.362137953815663
7433,6.362137953815663
7434,6.362137953815663
7435,6.362137953815663
7436,6.362137953815663
7437,6.362137953815663
7438,6.362137953815663
7439,6.362137953815663
7440,6.362137953815663
7441,6.362137953815663
7442,6.362137953815663
7443,6.362137953815663
7444,6.362137953815663
7445,6.362137953815663
7446,6.362137953815663
7447,6.362137953815663
7448,6.362137953815663
7449,6.362137953815663
7450,6.362137953815663
7451,6.362137953815663
7452,6.362137953815663
7453,6.362137953815663
7454,6.362137953815663
7455,6.362137953815663
7456,6.362137953815663
7457,6.362137953815663
7458,6.362137953815663
7459,6.362137953815663
7460,6.362137953815663
7461,6.362137953815663
7462,6.362137953815663
7463,6.362137953815663
7464,6.362137953815663
7465,6.362137953815663
7466,6.362137953815663
7467,6.362137953815663
7468,6.362137953815663
7469,6.362137953815663
7470,6.362137953815663
7471,6.362137953815663
7472,6.362137953815663
7473,6.362137953815663
7474,6.362137953815663
7475,6.362137953815663
7476,6.362137953815663
7477,6.362137953815663
7478,6.362137953815663
7479,6.362137953815663
7480,6.362137953815663
7481,6.362137953815663
7482,6.362137953815663
7483,6.362137953815663
7484,6.362137953815663
7485,6.362137953815663
7486,6.362137953815663
7487,6.362137953815663
7488,6.362137953815663
7489,6.362137953815663
7490,6.362137953815663
7491,6.362137953815663
7492,6.362137953815663
7493,6.362137953815663
7494,6.362137953815663
7495,6.362137953815663
7496,6.362137953815663
7497,6.362137953815663
7498,6.362137953815663
7499,6.362137953815663
7500,6.362137953815663
7501,6.362137953815663
7502,6.362137953815663
7503,6.362137953815663
7504,6.362137953815663
7505,6.362137953815663
7506,6.362137953815663
7507,6.362137953815663
7508,6.362137953815663
7509,6.362137953815663
7510,6.362137953815663
7511,6.362137953815663
7512,6.362137953815663
7513,6.362137953815663
7514,6.362137953815663
7515,6.362137953815663
7516,6.362137953815663
7517,6.362137953815663
7518,6.362137953815663
7519,6.362137953815663
7520,6.362137953815663
7521,6.362137953815663
7522,6.362137953815663
7523,6.362137953815663
7524,6.362137953815663
7525,6.362137953815663
7526,6.362137953815663
7527,6.362137953815663
7528,6.362137953815663
7529,6.362137953815663
7530,6.362137953815663
7531,6.362137953815663
7532,6.362137953815663
7533,6.362137953815663
7534,6.362137953815663
7535,6.362137953815663
7536,6.362137953815663
7537,6.362137953815663
7538,6.362137953815663
7539,6.362137953815663
7540,6.362137953815663
7541,6.362137953815663
7542,6.362137953815663
7543,6.362137953815663
7544,6.362137953815663
7545,6.362137953815663
7546,6.362137953815663
7547,6.362137953815663
7548,6.362137953815663
7549,6.362137953815663
7550,6.362137953815663
7551,6.362137953815663
7552,6.362137953815663
7553,6.362137953815663
7554,6.362137953815663
7555,6.362137953815663
7556,6.362137953815663
7557,6.362137953815663
7558,6.362137953815663
7559,6.362137953815663
7560,6.362137953815663
7561,6.362137953815663
7562,6.362137953815663
7563,6.362137953815663
7564,6.362137953815663
7565,6.362137953815663
7566,6.362137953815663
7567,6.362137953815663
7568,6.362137953815663
7569,6.362137953815663
7570,6.362137953815663
7571,6.362137953815663
7572,6.362137953815663
7573,6.362137953815663
7574,6.362137953815663
7575,6.362137953815663
7576,6.362137953815663
7577,6.362137953815663
7578,6.362137953815663
7579,6.362137953815663
7580,6.362137953815663
7581,6.362137953815663
7582,6.362137953815663
7583,6.362137953815663
7584,6.362137953815663
7585,6.362137953815663
7586,6.362137953815663
7587,6.362137953815663
7588,6.362137953815663
7589,6.362137953815663
7590,6.362137953815663
7591,6.362137953815663
7592,6.362137953815663
7593,6.362137953815663
7594,6.362137953815663
7595,6.362137953815663
7596,6.362137953815663
7597,6.362137953815663
7598,6.362137953815663
7599,6.362137953815663
7600,6.362137953815663
7601,6.362137953815663
7602,6.362137953815663
7603,6.362137953815663
7604,6.362137953815663
7605,6.362137953815663
7606,6.362137953815663
7607,6.362137953815663
7608,6.362137953815663
7609,6.362137953815663
7610,6.362137953815663
7611,6.362137953815663
7612,6.362137953815663
7613,6.362137953815663
7614,6.362137953815663
7615,6.362137953815663
7616,6.362137953815663
7617,6.362137953815663
7618,6.362137953815663
7619,6.362137953815663
7620,6.362137953815663
7621,6.362137953815663
7622,6.362137953815663
7623,6.362137953815663
7624,6.362137953815663
7625,6.362137953815663
7626,6.362137953815663
7627,6.362137953815663
7628,6.362137953815663
7629,6.362137953815663
7630,6.362137953815663
7631,6.362137953815663
7632,6.362137953815663
7633,6.362137953815663
7634,6.362137953815663
7635,6.362137953815663
7636,6.362137953815663
7637,6.362137953815663
7638,6.362137953815663
7639,6.362137953815663
7640,6.362137953815663
7641,6.362137953815663
7642,6.362137953815663
7643,6.362137953815663
7644,6.362137953815663
7645,6.362137953815663
7646,6.362137953815663
7647,6.362137953815663
7648,6.362137953815663
7649,6.362137953815663
7650,6.362137953815663
7651,6.362137953815663
7652,6.362137953815663
7653,6.362137953815663
7654,6.362137953815663
7655,6.362137953815663
7656,6.362137953815663
7657,6.362137953815663
7658,6.362137953815663
7659,6.362137953815663
7660,6.362137953815663
7661,6.362137953815663
7662,6.362137953815663
7663,6.362137953815663
7664,6.362137953815663
7665,6.362137953815663
7666,6.362137953815663
7667,6.362137953815663
7668,6.362137953815663
7669,6.362137953815663
7670,6.362137953815663
7671,6.362137953815663
7672,6.362137953815663
7673,6.362137953815663
7674,6.362137953815663
7675,6.362137953815663
7676,6.362137953815663
7677,6.362137953815663
7678,6.362137953815663
7679,6.362137953815663
7680,6.362137953815663
7681,6.362137953815663
7682,6.362137953815663
7683,6.362137953815663
7684,6.362137953815663
7685,6.362137953815663
7686,6.362137953815663
7687,6.362137953815663
7688,6.362137953815663
7689,6.362137953815663
7690,6.362137953815663
7691,6.362137953815663
7692,6.362137953815663
7693,6.362137953815663
7694,6.362137953815663
7695,6.362137953815663
7696,6.362137953815663
7697,6.362137953815663
7698,6.362137953815663
7699,6.362137953815663
7700,6.362137953815663
7701,6.362137953815663
7702,6.362137953815663
7703,6.362137953815663
7704,6.362137953815663
7705,6.362137953815663
7706,6.362137953815663
7707,6.362137953815663
7708,6.362137953815663
7709,6.362137953815663
7710,6.362137953815663
7711,6.362137953815663
7712,6.362137953815663
7713,6.362137953815663
7714,6.362137953815663
7715,6.362137953815663
7716,6.362137953815663
7717,6.362137953815663
7718,6.362137953815663
7719,6.362137953815663
7720,6.362137953815663
7721,6.362137953815663
7722,6.362137953815663
7723,6.362137953815663
7724,6.362137953815663
7725,6.362137953815663
7726,6.362137953815663
7727,6.362137953815663
7728,6.362137953815663
7729,6.362137953815663
7730,6.362137953815663
7731,6.362137953815663
7732,6.362137953815663
7733,6.362137953815663
7734,6.362137953815663
7735,6.362137953815663
7736,6.362137953815663
7737,6.362137953815663
7738,6.362137953815663
7739,6.362137953815663
7740,6.362137953815663
7741,6.362137953815663
7742,6.362137953815663
7743,6.362137953815663
7744,6.362137953815663
7745,6.362137953815663
7746,6.362137953815663
7747,6.362137953815663
7748,6.362137953815663
7749,6.362137953815663
7750,6.362137953815663
7751,6.362137953815663
7752,6.362137953815663
7753,6.362137953815663
7754,6.362137953815663
7755,6.362137953815663
7756,6.362137953815663
7757,6.362137953815663
7758,6.362137953815663
7759,6.362137953815663
7760,6.362137953815663
7761,6.362137953815663
7762,6.362137953815663
7763,6.362137953815663
7764,6.362137953815663
7765,6.362137953815663
7766,6.362137953815663
7767,6.362137953815663
7768,6.362137953815663
7769,6.362137953815663
7770,6.362137953815663
7771,6.362137953815663
7772,6.362137953815663
7773,6.362137953815663
7774,6.362137953815663
7775,6.362137953815663
7776,6.362137953815663
7777,6.362137953815663
7778,6.362137953815663
7779,6.362137953815663
7780,6.362137953815663
7781,6.362137953815663
7782,6.362137953815663
7783,6.362137953815663
7784,6.362137953815663
7785,6.362137953815663
7786,6.362137953815663
7787,6.362137953815663
7788,6.362137953815663
7789,6.362137953815663
7790,6.362137953815663
7791,6.362137953815663
7792,6.362137953815663
7793,6.362137953815663
7794,6.362137953815663
7795,6.362137953815663
7796,6.362137953815663
7797,6.362137953815663
7798,6.362137953815663
7799,6.362137953815663
7800,6.362137953815663
7801,6.362137953815663
7802,6.362137953815663
7803,6.362137953815663
7804,6.362137953815663
7805,6.362137953815663
7806,6.362137953815663
7807,6.362137953815663
7808,6.362137953815663
7809,6.362137953815663
7810,6.362137953815663
7811,6.362137953815663
7812,6.362137953815663
7813,6.362137953815663
7814,6.362137953815663
7815,6.362137953815663
7816,6.362137953815663
7817,6.362137953815663
7818,6.362137953815663
7819,6.362137953815663
7820,6.362137953815663
7821,6.362137953815663
7822,6.362137953815663
7823,6.362137953815663
7824,6.362137953815663
7825,6.362137953815663
7826,6.362137953815663
7827,6.362137953815663
7828,6.362137953815663
7829,6.362137953815663
7830,6.362137953815663
7831,6.362137953815663
7832,6.362137953815663
7833,6.362137953815663
7834,6.362137953815663
7835,6.362137953815663
7836,6.362137953815663
7837,6.362137953815663
7838,6.362137953815663
7839,6.362137953815663
7840,6.362137953815663
7841,6.362137953815663
7842,6.362137953815663
7843,6.362137953815663
7844,6.362137953815663
7845,6.362137953815663
7846,6.362137953815663
7847,6.362137953815663
7848,6.362137953815663
7849,6.362137953815663
7850,6.362137953815663
7851,6.362137953815663
7852,6.362137953815663
7853,6.362137953815663
7854,6.362137953815663
7855,6.362137953815663
7856,6.362137953815663
7857,6.362137953815663
7858,6.362137953815663
7859,6.362137953815663
7860,6.362137953815663
7861,6.362137953815663
7862,6.362137953815663
7863,6.362137953815663
7864,6.362137953815663
7865,6.362137953815663
7866,6.362137953815663
7867,6.362137953815663
7868,6.362137953815663
7869,6.362137953815663
7870,6.362137953815663
7871,6.362137953815663
7872,6.362137953815663
7873,6.362137953815663
7874,6.362137953815663
7875,6.362137953815663
7876,6.362137953815663
7877,6.362137953815663
7878,6.362137953815663
7879,6.362137953815663
7880,6.362137953815663
7881,6.362137953815663
7882,6.362137953815663
7883,6.362137953815663
7884,6.362137953815663
7885,6.362137953815663
7886,6.362137953815663
7887,6.362137953815663
7888,6.362137953815663
7889,6.362137953815663
7890,6.362137953815663
7891,6.362137953815663
7892,6.362137953815663
7893,6.362137953815663
7894,6.362137953815663
7895,6.362137953815663
7896,6.362137953815663
7897,6.362137953815663
7898,6.362137953815663
7899,6.362137953815663
7900,6.362137953815663
7901,6.362137953815663
7902,6.362137953815663
7903,6.362137953815663
7904,6.362137953815663
7905,6.362137953815663
7906,6.362137953815663
7907,6.362137953815663
7908,6.362137953815663
7909,6.362137953815663
7910,6.362137953815663
7911,6.362137953815663
7912,6.362137953815663
7913,6.362137953815663
7914,6.362137953815663
7915,6.362137953815663
7916,6.362137953815663
7917,6.362137953815663
7918,6.362137953815663
7919,6.362137953815663
7920,6.362137953815663
7921,6.362137953815663
7922,6.362137953815663
7923,6.362137953815663
7924,6.362137953815663
7925,6.362137953815663
7926,6.362137953815663
7927,6.362137953815663
7928,6.362137953815663
7929,6.362137953815663
7930,6.362137953815663
7931,6.362137953815663
7932,6.362137953815663
7933,6.362137953815663
7934,6.362137953815663
7935,6.362137953815663
7936,6.362137953815663
7937,6.362137953815663
7938,6.362137953815663
7939,6.362137953815663
7940,6.362137953815663
7941,6.362137953815663
7942,6.362137953815663
7943,6.362137953815663
7944,6.362137953815663
7945,6.362137953815663
7946,6.362137953815663
7947,6.362137953815663
7948,6.362137953815663
7949,6.362137953815663
7950,6.362137953815663
7951,6.362137953815663
7952,6.362137953815663
7953,6.362137953815663
7954,6.362137953815663
7955,6.362137953815663
7956,6.362137953815663
7957,6.362137953815663
7958,6.362137953815663
7959,6.362137953815663
7960,6.362137953815663
7961,6.362137953815663
7962,6.362137953815663
7963,6.362137953815663
7964,6.362137953815663
7965,6.362137953815663
7966,6.362137953815663
7967,6.362137953815663
7968,6.362137953815663
7969,6.362137953815663
7970,6.362137953815663
7971,6.362137953815663
7972,6.362137953815663
7973,6.362137953815663
7974,6.362137953815663
7975,6.362137953815663
7976,6.362137953815663
7977,6.362137953815663
7978,6.362137953815663
7979,6.362137953815663
7980,6.362137953815663
7981,6.362137953815663
7982,6.362137953815663
7983,6.362137953815663
7984,6.362137953815663
7985,6.362137953815663
7986,6.362137953815663
7987,6.362137953815663
7988,6.362137953815663
7989,6.362137953815663
7990,6.362137953815663
7991,6.362137953815663
7992,6.362137953815663
7993,6.362137953815663
7994,6.362137953815663
7995,6.362137953815663
7996,6.362137953815663
7997,6.362137953815663
7998,6.362137953815663
7999,6.362137953815663
8000,6.362137953815663
8001,6.362137953815663
8002,6.362137953815663
8003,6.362137953815663
8004,6.362137953815663
8005,6.362137953815663
8006,6.362137953815663
8007,6.362137953815663
8008,6.362137953815663
8009,6.362137953815663
8010,6.362137953815663
8011,6.362137953815663
8012,6.362137953815663
8013,6.362137953815663
8014,6.362137953815663
8015,6.362137953815663
8016,6.362137953815663
8017,6.362137953815663
8018,6.362137953815663
8019,6.362137953815663
8020,6.362137953815663
8021,6.362137953815663
8022,6.362137953815663
8023,6.362137953815663
8024,6.362137953815663
8025,6.362137953815663
8026,6.362137953815663
8027,6.362137953815663
8028,6.362137953815663
8029,6.362137953815663
8030,6.362137953815663
8031,6.362137953815663
8032,6.362137953815663
8033,6.362137953815663
8034,6.362137953815663
8035,6.362137953815663
8036,6.362137953815663
8037,6.362137953815663
8038,6.362137953815663
8039,6.362137953815663
8040,6.362137953815663
8041,6.362137953815663
8042,6.362137953815663
8043,6.362137953815663
8044,6.362137953815663
8045,6.362137953815663
8046,6.362137953815663
8047,6.362137953815663
8048,6.362137953815663
8049,6.362137953815663
8050,6.362137953815663
8051,6.362137953815663
8052,6.362137953815663
8053,6.362137953815663
8054,6.362137953815663
8055,6.362137953815663
8056,6.362137953815663
8057,6.362137953815663
8058,6.362137953815663
8059,6.362137953815663
8060,6.362137953815663
8061,6.362137953815663
8062,6.362137953815663
8063,6.362137953815663
8064,6.362137953815663
8065,6.362137953815663
8066,6.362137953815663
8067,6.362137953815663
8068,6.362137953815663
8069,6.362137953815663
8070,6.362137953815663
8071,6.362137953815663
8072,6.362137953815663
8073,6.362137953815663
8074,6.362137953815663
8075,6.362137953815663
8076,6.362137953815663
8077,6.362137953815663
8078,6.362137953815663
8079,6.362137953815663
8080,6.362137953815663
8081,6.362137953815663
8082,6.362137953815663
8083,6.362137953815663
8084,6.362137953815663
8085,6.362137953815663
8086,6.362137953815663
8087,6.362137953815663
8088,6.362137953815663
8089,6.362137953815663
8090,6.362137953815663
8091,6.362137953815663
8092,6.362137953815663
8093,6.362137953815663
8094,6.362137953815663
8095,6.362137953815663
8096,6.362137953815663
8097,6.362137953815663
8098,6.362137953815663
8099,6.362137953815663
8100,6.362137953815663
8101,6.362137953815663
8102,6.362137953815663
8103,6.362137953815663
8104,6.362137953815663
8105,6.362137953815663
8106,6.362137953815663
8107,6.362137953815663
8108,6.362137953815663
8109,6.362137953815663
8110,6.362137953815663
8111,6.362137953815663
8112,6.362137953815663
8113,6.362137953815663
8114,6.362137953815663
8115,6.362137953815663
8116,6.362137953815663
8117,6.362137953815663
8118,6.362137953815663
8119,6.362137953815663
8120,6.362137953815663
8121,6.362137953815663
8122,6.362137953815663
8123,6.362137953815663
8124,6.362137953815663
8125,6.362137953815663
8126,6.362137953815663
8127,6.362137953815663
8128,6.362137953815663
8129,6.362137953815663
8130,6.362137953815663
8131,6.362137953815663
8132,6.362137953815663
8133,6.362137953815663
8134,6.362137953815663
8135,6.362137953815663
8136,6.362137953815663
8137,6.362137953815663
8138,6.362137953815663
8139,6.362137953815663
8140,6.362137953815663
8141,6.362137953815663
8142,6.362137953815663
8143,6.362137953815663
8144,6.362137953815663
8145,6.362137953815663
8146,6.362137953815663
8147,6.362137953815663
8148,6.362137953815663
8149,6.362137953815663
8150,6.362137953815663
8151,6.362137953815663
8152,6.362137953815663
8153,6.362137953815663
8154,6.362137953815663
8155,6.362137953815663
8156,6.362137953815663
8157,6.362137953815663
8158,6.362137953815663
8159,6.362137953815663
8160,6.362137953815663
8161,6.362137953815663
8162,6.362137953815663
8163,6.362137953815663
8164,6.362137953815663
8165,6.362137953815663
8166,6.362137953815663
8167,6.362137953815663
8168,6.362137953815663
8169,6.362137953815663
8170,6.362137953815663
8171,6.362137953815663
8172,6.362137953815663
8173,6.362137953815663
8174,6.362137953815663
8175,6.362137953815663
8176,6.362137953815663
8177,6.362137953815663
8178,6.362137953815663
8179,6.362137953815663
8180,6.362137953815663
8181,6.362137953815663
8182,6.362137953815663
8183,6.362137953815663
8184,6.362137953815663
8185,6.362137953815663
8186,6.362137953815663
8187,6.362137953815663
8188,6.362137953815663
8189,6.362137953815663
8190,6.362137953815663
8191,6.362137953815663
8192,6.362137953815663
8193,6.362137953815663
8194,6.362137953815663
8195,6.362137953815663
8196,6.362137953815663
8197,6.362137953815663
8198,6.362137953815663
8199,6.362137953815663
8200,6.362137953815663
8201,6.362137953815663
8202,6.362137953815663
8203,6.362137953815663
8204,6.362137953815663
8205,6.362137953815663
8206,6.362137953815663
8207,6.362137953815663
8208,6.362137953815663
8209,6.362137953815663
8210,6.362137953815663
8211,6.362137953815663
8212,6.362137953815663
8213,6.362137953815663
8214,6.362137953815663
8215,6.362137953815663
8216,6.362137953815663
8217,6.362137953815663
8218,6.362137953815663
8219,6.362137953815663
8220,6.362137953815663
8221,6.362137953815663
8222,6.362137953815663
8223,6.362137953815663
8224,6.362137953815663
8225,6.362137953815663
8226,6.362137953815663
8227,6.362137953815663
8228,6.362137953815663
8229,6.362137953815663
8230,6.362137953815663
8231,6.362137953815663
8232,6.362137953815663
8233,6.362137953815663
8234,6.362137953815663
8235,6.362137953815663
8236,6.362137953815663
8237,6.362137953815663
8238,6.362137953815663
8239,6.362137953815663
8240,6.362137953815663
8241,6.362137953815663
8242,6.362137953815663
8243,6.362137953815663
8244,6.362137953815663
8245,6.362137953815663
8246,6.362137953815663
8247,6.362137953815663
8248,6.362137953815663
8249,6.362137953815663
8250,6.362137953815663
8251,6.362137953815663
8252,6.362137953815663
8253,6.362137953815663
8254,6.362137953815663
8255,6.362137953815663
8256,6.362137953815663
8257,6.362137953815663
8258,6.362137953815663
8259,6.362137953815663
8260,6.362137953815663
8261,6.362137953815663
8262,6.362137953815663
8263,6.362137953815663
8264,6.362137953815663
8265,6.362137953815663
8266,6.362137953815663
8267,6.362137953815663
8268,6.362137953815663
8269,6.362137953815663
8270,6.362137953815663
8271,6.362137953815663
8272,6.362137953815663
8273,6.362137953815663
8274,6.362137953815663
8275,6.362137953815663
8276,6.362137953815663
8277,6.362137953815663
8278,6.362137953815663
8279,6.362137953815663
8280,6.362137953815663
8281,6.362137953815663
8282,6.362137953815663
8283,6.362137953815663
8284,6.362137953815663
8285,6.362137953815663
8286,6.362137953815663
8287,6.362137953815663
8288,6.362137953815663
8289,6.362137953815663
8290,6.362137953815663
8291,6.362137953815663
8292,6.362137953815663
8293,6.362137953815663
8294,6.362137953815663
8295,6.362137953815663
8296,6.362137953815663
8297,6.362137953815663
8298,6.362137953815663
8299,6.362137953815663
8300,6.362137953815663
8301,6.362137953815663
8302,6.362137953815663
8303,6.362137953815663
8304,6.362137953815663
8305,6.362137953815663
8306,6.362137953815663
8307,6.362137953815663
8308,6.362137953815663
8309,6.362137953815663
8310,6.362137953815663
8311,6.362137953815663
8312,6.362137953815663
8313,6.362137953815663
8314,6.362137953815663
8315,6.362137953815663
8316,6.362137953815663
8317,6.362137953815663
8318,6.362137953815663
8319,6.362137953815663
8320,6.362137953815663
8321,6.362137953815663
8322,6.362137953815663
8323,6.362137953815663
8324,6.362137953815663
8325,6.362137953815663
8326,6.362137953815663
8327,6.362137953815663
8328,6.362137953815663
8329,6.362137953815663
8330,6.362137953815663
8331,6.362137953815663
8332,6.362137953815663
8333,6.362137953815663
8334,6.362137953815663
8335,6.362137953815663
8336,6.362137953815663
8337,6.362137953815663
8338,6.362137953815663
8339,6.362137953815663
8340,6.362137953815663
8341,6.362137953815663
8342,6.362137953815663
8343,6.362137953815663
8344,6.362137953815663
8345,6.362137953815663
8346,6.362137953815663
8347,6.362137953815663
8348,6.362137953815663
8349,6.362137953815663
8350,6.362137953815663
8351,6.362137953815663
8352,6.362137953815663
8353,6.362137953815663
8354,6.362137953815663
8355,6.362137953815663
8356,6.362137953815663
8357,6.362137953815663
8358,6.362137953815663
8359,6.362137953815663
8360,6.362137953815663
8361,6.362137953815663
8362,6.362137953815663
8363,6.362137953815663
8364,6.362137953815663
8365,6.362137953815663
8366,6.362137953815663
8367,6.362137953815663
8368,6.362137953815663
8369,6.362137953815663
8370,6.362137953815663
8371,6.362137953815663
8372,6.362137953815663
8373,6.362137953815663
8374,6.362137953815663
8375,6.362137953815663
8376,6.362137953815663
8377,6.362137953815663
8378,6.362137953815663
8379,6.362137953815663
8380,6.362137953815663
8381,6.362137953815663
8382,6.362137953815663
8383,6.362137953815663
8384,6.362137953815663
8385,6.362137953815663
8386,6.362137953815663
8387,6.362137953815663
8388,6.362137953815663
8389,6.362137953815663
8390,6.362137953815663
8391,6.362137953815663
8392,6.362137953815663
8393,6.362137953815663
8394,6.362137953815663
8395,6.362137953815663
8396,6.362137953815663
8397,6.362137953815663
8398,6.362137953815663
8399,6.362137953815663
8400,6.362137953815663
8401,6.362137953815663
8402,6.362137953815663
8403,6.362137953815663
8404,6.362137953815663
8405,6.362137953815663
8406,6.362137953815663
8407,6.362137953815663
8408,6.362137953815663
8409,6.362137953815663
8410,6.362137953815663
8411,6.362137953815663
8412,6.362137953815663
8413,6.362137953815663
8414,6.362137953815663
8415,6.362137953815663
8416,6.362137953815663
8417,6.362137953815663
8418,6.362137953815663
8419,6.362137953815663
8420,6.362137953815663
8421,6.362137953815663
8422,6.362137953815663
8423,6.362137953815663
8424,6.362137953815663
8425,6.362137953815663
8426,6.362137953815663
8427,6.362137953815663
8428,6.362137953815663
8429,6.362137953815663
8430,6.362137953815663
8431,6.362137953815663
8432,6.362137953815663
8433,6.362137953815663
8434,6.362137953815663
8435,6.362137953815663
8436,6.362137953815663
8437,6.362137953815663
8438,6.362137953815663
8439,6.362137953815663
8440,6.362137953815663
8441,6.362137953815663
8442,6.362137953815663
8443,6.362137953815663
8444,6.362137953815663
8445,6.362137953815663
8446,6.362137953815663
8447,6.362137953815663
8448,6.362137953815663
8449,6.362137953815663
8450,6.362137953815663
8451,6.362137953815663
8452,6.362137953815663
8453,6.362137953815663
8454,6.362137953815663
8455,6.362137953815663
8456,6.362137953815663
8457,6.362137953815663
8458,6.362137953815663
8459,6.362137953815663
8460,6.362137953815663
8461,6.362137953815663
8462,6.362137953815663
8463,6.362137953815663
8464,6.362137953815663
8465,6.362137953815663
8466,6.362137953815663
8467,6.362137953815663
8468,6.362137953815663
8469,6.362137953815663
8470,6.362137953815663
8471,6.362137953815663
8472,6.362137953815663
8473,6.362137953815663
8474,6.362137953815663
8475,6.362137953815663
8476,6.362137953815663
8477,6.362137953815663
8478,6.362137953815663
8479,6.362137953815663
8480,6.362137953815663
8481,6.362137953815663
8482,6.362137953815663
8483,6.362137953815663
8484,6.362137953815663
8485,6.362137953815663
8486,6.362137953815663
8487,6.362137953815663
8488,6.362137953815663
8489,6.362137953815663
8490,6.362137953815663
8491,6.362137953815663
8492,6.362137953815663
8493,6.362137953815663
8494,6.362137953815663
8495,6.362137953815663
8496,6.362137953815663
8497,6.362137953815663
8498,6.362137953815663
8499,6.362137953815663
8500,6.362137953815663
8501,6.362137953815663
8502,6.362137953815663
8503,6.362137953815663
8504,6.362137953815663
8505,6.362137953815663
8506,6.362137953815663
8507,6.362137953815663
8508,6.362137953815663
8509,6.362137953815663
8510,6.362137953815663
8511,6.362137953815663
8512,6.362137953815663
8513,6.362137953815663
8514,6.362137953815663
8515,6.362137953815663
8516,6.362137953815663
8517,6.362137953815663
8518,6.362137953815663
8519,6.362137953815663
8520,6.362137953815663
8521,6.362137953815663
8522,6.362137953815663
8523,6.362137953815663
8524,6.362137953815663
8525,6.362137953815663
8526,6.362137953815663
8527,6.362137953815663
8528,6.362137953815663
8529,6.362137953815663
8530,6.362137953815663
8531,6.362137953815663
8532,6.362137953815663
8533,6.362137953815663
8534,6.362137953815663
8535,6.362137953815663
8536,6.362137953815663
8537,6.362137953815663
8538,6.362137953815663
8539,6.362137953815663
8540,6.362137953815663
8541,6.362137953815663
8542,6.362137953815663
8543,6.362137953815663
8544,6.362137953815663
8545,6.362137953815663
8546,6.362137953815663
8547,6.362137953815663
8548,6.362137953815663
8549,6.362137953815663
8550,6.362137953815663
8551,6.362137953815663
8552,6.362137953815663
8553,6.362137953815663
8554,6.362137953815663
8555,6.362137953815663
8556,6.362137953815663
8557,6.362137953815663
8558,6.362137953815663
8559,6.362137953815663
8560,6.362137953815663
8561,6.362137953815663
8562,6.362137953815663
8563,6.362137953815663
8564,6.362137953815663
8565,6.362137953815663
8566,6.362137953815663
8567,6.362137953815663
8568,6.362137953815663
8569,6.362137953815663
8570,6.362137953815663
8571,6.362137953815663
8572,6.362137953815663
8573,6.362137953815663
8574,6.362137953815663
8575,6.362137953815663
8576,6.362137953815663
8577,6.362137953815663
8578,6.362137953815663
8579,6.362137953815663
8580,6.362137953815663
8581,6.362137953815663
8582,6.362137953815663
8583,6.362137953815663
8584,6.362137953815663
8585,6.362137953815663
8586,6.362137953815663
8587,6.362137953815663
8588,6.362137953815663
8589,6.362137953815663
8590,6.362137953815663
8591,6.362137953815663
8592,6.362137953815663
8593,6.362137953815663
8594,6.362137953815663
8595,6.362137953815663
8596,6.362137953815663
8597,6.362137953815663
8598,6.362137953815663
8599,6.362137953815663
8600,6.362137953815663
8601,6.362137953815663
8602,6.362137953815663
8603,6.362137953815663
8604,6.362137953815663
8605,6.362137953815663
8606,6.362137953815663
8607,6.362137953815663
8608,6.362137953815663
8609,6.362137953815663
8610,6.362137953815663
8611,6.362137953815663
8612,6.362137953815663
8613,6.362137953815663
8614,6.362137953815663
8615,6.362137953815663
8616,6.362137953815663
8617,6.362137953815663
8618,6.362137953815663
8619,6.362137953815663
8620,6.362137953815663
8621,6.362137953815663
8622,6.362137953815663
8623,6.362137953815663
8624,6.362137953815663
8625,6.362137953815663
8626,6.362137953815663
8627,6.362137953815663
8628,6.362137953815663
8629,6.362137953815663
8630,6.362137953815663
8631,6.362137953815663
8632,6.362137953815663
8633,6.362137953815663
8634,6.362137953815663
8635,6.362137953815663
8636,6.362137953815663
8637,6.362137953815663
8638,6.362137953815663
8639,6.362137953815663
8640,6.362137953815663
8641,6.362137953815663
8642,6.362137953815663
8643,6.362137953815663
8644,6.362137953815663
8645,6.362137953815663
8646,6.362137953815663
8647,6.362137953815663
8648,6.362137953815663
8649,6.362137953815663
8650,6.362137953815663
8651,6.362137953815663
8652,6.362137953815663
8653,6.362137953815663
8654,6.362137953815663
8655,6.362137953815663
8656,6.362137953815663
8657,6.362137953815663
8658,6.362137953815663
8659,6.362137953815663
8660,6.362137953815663
8661,6.362137953815663
8662,6.362137953815663
8663,6.362137953815663
8664,6.362137953815663
8665,6.362137953815663
8666,6.362137953815663
8667,6.362137953815663
8668,6.362137953815663
8669,6.362137953815663
8670,6.362137953815663
8671,6.362137953815663
8672,6.362137953815663
8673,6.362137953815663
8674,6.362137953815663
8675,6.362137953815663
8676,6.362137953815663
8677,6.362137953815663
8678,6.362137953815663
8679,6.362137953815663
8680,6.362137953815663
8681,6.362137953815663
8682,6.362137953815663
8683,6.362137953815663
8684,6.362137953815663
8685,6.362137953815663
8686,6.362137953815663
8687,6.362137953815663
8688,6.362137953815663
8689,6.362137953815663
8690,6.362137953815663
8691,6.362137953815663
8692,6.362137953815663
8693,6.362137953815663
8694,6.362137953815663
8695,6.362137953815663
8696,6.362137953815663
8697,6.362137953815663
8698,6.362137953815663
8699,6.362137953815663
8700,6.362137953815663
8701,6.362137953815663
8702,6.362137953815663
8703,6.362137953815663
8704,6.362137953815663
8705,6.362137953815663
8706,6.362137953815663
8707,6.362137953815663
8708,6.362137953815663
8709,6.362137953815663
8710,6.362137953815663
8711,6.362137953815663
8712,6.362137953815663
8713,6.362137953815663
8714,6.362137953815663
8715,6.362137953815663
8716,6.362137953815663
8717,6.362137953815663
8718,6.362137953815663
8719,6.362137953815663
8720,6.362137953815663
8721,6.362137953815663
8722,6.362137953815663
8723,6.362137953815663
8724,6.362137953815663
8725,6.362137953815663
8726,6.362137953815663
8727,6.362137953815663
8728,6.362137953815663
8729,6.362137953815663
8730,6.362137953815663
8731,6.362137953815663
8732,6.362137953815663
8733,6.362137953815663
8734,6.362137953815663
8735,6.362137953815663
8736,6.362137953815663
8737,6.362137953815663
8738,6.362137953815663
8739,6.362137953815663
8740,6.362137953815663
8741,6.362137953815663
8742,6.362137953815663
8743,6.362137953815663
8744,6.362137953815663
8745,6.362137953815663
8746,6.362137953815663
8747,6.362137953815663
8748,6.362137953815663
8749,6.362137953815663
8750,6.362137953815663
8751,6.362137953815663
8752,6.362137953815663
8753,6.362137953815663
8754,6.362137953815663
8755,6.362137953815663
8756,6.362137953815663
8757,6.362137953815663
8758,6.362137953815663
8759,6.362137953815663
8760,6.362137953815663
8761,6.362137953815663
8762,6.362137953815663
8763,6.362137953815663
8764,6.362137953815663
8765,6.362137953815663
8766,6.362137953815663
8767,6.362137953815663
8768,6.362137953815663
8769,6.362137953815663
8770,6.362137953815663
8771,6.362137953815663
8772,6.362137953815663
8773,6.362137953815663
8774,6.362137953815663
8775,6.362137953815663
8776,6.362137953815663
8777,6.362137953815663
8778,6.362137953815663
8779,6.362137953815663
8780,6.362137953815663
8781,6.362137953815663
8782,6.362137953815663
8783,6.362137953815663
8784,6.362137953815663
8785,6.362137953815663
8786,6.362137953815663
8787,6.362137953815663
8788,6.362137953815663
8789,6.362137953815663
8790,6.362137953815663
8791,6.362137953815663
8792,6.362137953815663
8793,6.362137953815663
8794,6.362137953815663
8795,6.362137953815663
8796,6.362137953815663
8797,6.362137953815663
8798,6.362137953815663
8799,6.362137953815663
8800,6.362137953815663
8801,6.362137953815663
8802,6.362137953815663
8803,6.362137953815663
8804,6.362137953815663
8805,6.362137953815663
8806,6.362137953815663
8807,6.362137953815663
8808,6.362137953815663
8809,6.362137953815663
8810,6.362137953815663
8811,6.362137953815663
8812,6.362137953815663
8813,6.362137953815663
8814,6.362137953815663
8815,6.362137953815663
8816,6.362137953815663
8817,6.362137953815663
8818,6.362137953815663
8819,6.362137953815663
8820,6.362137953815663
8821,6.362137953815663
8822,6.362137953815663
8823,6.362137953815663
8824,6.362137953815663
8825,6.362137953815663
8826,6.362137953815663
8827,6.362137953815663
8828,6.362137953815663
8829,6.362137953815663
8830,6.362137953815663
8831,6.362137953815663
8832,6.362137953815663
8833,6.362137953815663
8834,6.362137953815663
8835,6.362137953815663
8836,6.362137953815663
8837,6.362137953815663
8838,6.362137953815663
8839,6.362137953815663
8840,6.362137953815663
8841,6.362137953815663
8842,6.362137953815663
8843,6.362137953815663
8844,6.362137953815663
8845,6.362137953815663
8846,6.362137953815663
8847,6.362137953815663
8848,6.362137953815663
8849,6.362137953815663
8850,6.362137953815663
8851,6.362137953815663
8852,6.362137953815663
8853,6.362137953815663
8854,6.362137953815663
8855,6.362137953815663
8856,6.362137953815663
8857,6.362137953815663
8858,6.362137953815663
8859,6.362137953815663
8860,6.362137953815663
8861,6.362137953815663
8862,6.362137953815663
8863,6.362137953815663
8864,6.362137953815663
8865,6.362137953815663
8866,6.362137953815663
8867,6.362137953815663
8868,6.362137953815663
8869,6.362137953815663
8870,6.362137953815663
8871,6.362137953815663
8872,6.362137953815663
8873,6.362137953815663
8874,6.362137953815663
8875,6.362137953815663
8876,6.362137953815663
8877,6.362137953815663
8878,6.362137953815663
8879,6.362137953815663
8880,6.362137953815663
8881,6.362137953815663
8882,6.362137953815663
8883,6.362137953815663
8884,6.362137953815663
8885,6.362137953815663
8886,6.362137953815663
8887,6.362137953815663
8888,6.362137953815663
8889,6.362137953815663
8890,6.362137953815663
8891,6.362137953815663
8892,6.362137953815663
8893,6.362137953815663
8894,6.362137953815663
8895,6.362137953815663
8896,6.362137953815663
8897,6.362137953815663
8898,6.362137953815663
8899,6.362137953815663
8900,6.362137953815663
8901,6.362137953815663
8902,6.362137953815663
8903,6.362137953815663
8904,6.362137953815663
8905,6.362137953815663
8906,6.362137953815663
8907,6.362137953815663
8908,6.362137953815663
8909,6.362137953815663
8910,6.362137953815663
8911,6.362137953815663
8912,6.362137953815663
8913,6.362137953815663
8914,6.362137953815663
8915,6.362137953815663
8916,6.362137953815663
8917,6.362137953815663
8918,6.362137953815663
8919,6.362137953815663
8920,6.362137953815663
8921,6.362137953815663
8922,6.362137953815663
8923,6.362137953815663
8924,6.362137953815663
8925,6.362137953815663
8926,6.362137953815663
8927,6.362137953815663
8928,6.362137953815663
8929,6.362137953815663
8930,6.362137953815663
8931,6.362137953815663
8932,6.362137953815663
8933,6.362137953815663
8934,6.362137953815663
8935,6.362137953815663
8936,6.362137953815663
8937,6.362137953815663
8938,6.362137953815663
8939,6.362137953815663
8940,6.362137953815663
8941,6.362137953815663
8942,6.362137953815663
8943,6.362137953815663
8944,6.362137953815663
8945,6.362137953815663
8946,6.362137953815663
8947,6.362137953815663
8948,6.362137953815663
8949,6.362137953815663
8950,6.362137953815663
8951,6.362137953815663
8952,6.362137953815663
8953,6.362137953815663
8954,6.362137953815663
8955,6.362137953815663
8956,6.362137953815663
8957,6.362137953815663
8958,6.362137953815663
8959,6.362137953815663
8960,6.362137953815663
8961,6.362137953815663
8962,6.362137953815663
8963,6.362137953815663
8964,6.362137953815663
8965,6.362137953815663
8966,6.362137953815663
8967,6.362137953815663
8968,6.362137953815663
8969,6.362137953815663
8970,6.362137953815663
8971,6.362137953815663
8972,6.362137953815663
8973,6.362137953815663
8974,6.362137953815663
8975,6.362137953815663
8976,6.362137953815663
8977,6.362137953815663
8978,6.362137953815663
8979,6.362137953815663
8980,6.362137953815663
8981,6.362137953815663
8982,6.362137953815663
8983,6.362137953815663
8984,6.362137953815663
8985,6.362137953815663
8986,6.362137953815663
8987,6.362137953815663
8988,6.362137953815663
8989,6.362137953815663
8990,6.362137953815663
8991,6.362137953815663
8992,6.362137953815663
8993,6.362137953815663
8994,6.362137953815663
8995,6.362137953815663
8996,6.362137953815663
8997,6.362137953815663
8998,6.362137953815663
8999,6.362137953815663
9000,6.362137953815663
9001,6.362137953815663
9002,6.362137953815663
9003,6.362137953815663
9004,6.362137953815663
9005,6.362137953815663
9006,6.362137953815663
9007,6.362137953815663
9008,6.362137953815663
9009,6.362137953815663
9010,6.362137953815663
9011,6.362137953815663
9012,6.362137953815663
9013,6.362137953815663
9014,6.362137953815663
9015,6.362137953815663
9016,6.362137953815663
9017,6.362137953815663
9018,6.362137953815663
9019,6.362137953815663
9020,6.362137953815663
9021,6.362137953815663
9022,6.362137953815663
9023,6.362137953815663
9024,6.362137953815663
9025,6.362137953815663
9026,6.362137953815663
9027,6.362137953815663
9028,6.362137953815663
9029,6.362137953815663
9030,6.362137953815663
9031,6.362137953815663
9032,6.362137953815663
9033,6.362137953815663
9034,6.362137953815663
9035,6.362137953815663
9036,6.362137953815663
9037,6.362137953815663
9038,6.362137953815663
9039,6.362137953815663
9040,6.362137953815663
9041,6.362137953815663
9042,6.362137953815663
9043,6.362137953815663
9044,6.362137953815663
9045,6.362137953815663
9046,6.362137953815663
9047,6.362137953815663
9048,6.362137953815663
9049,6.362137953815663
9050,6.362137953815663
9051,6.362137953815663
9052,6.362137953815663
9053,6.362137953815663
9054,6.362137953815663
9055,6.362137953815663
9056,6.362137953815663
9057,6.362137953815663
9058,6.362137953815663
9059,6.362137953815663
9060,6.362137953815663
9061,6.362137953815663
9062,6.362137953815663
9063,6.362137953815663
9064,6.362137953815663
9065,6.362137953815663
9066,6.362137953815663
9067,6.362137953815663
9068,6.362137953815663
9069,6.362137953815663
9070,6.362137953815663
9071,6.362137953815663
9072,6.362137953815663
9073,6.362137953815663
9074,6.362137953815663
9075,6.362137953815663
9076,6.362137953815663
9077,6.362137953815663
9078,6.362137953815663
9079,6.362137953815663
9080,6.362137953815663
9081,6.362137953815663
9082,6.362137953815663
9083,6.362137953815663
9084,6.362137953815663
9085,6.362137953815663
9086,6.362137953815663
9087,6.362137953815663
9088,6.362137953815663
9089,6.362137953815663
9090,6.362137953815663
9091,6.362137953815663
9092,6.362137953815663
9093,6.362137953815663
9094,6.362137953815663
9095,6.362137953815663
9096,6.362137953815663
9097,6.362137953815663
9098,6.362137953815663
9099,6.362137953815663
9100,6.362137953815663
9101,6.362137953815663
9102,6.362137953815663
9103,6.362137953815663
9104,6.362137953815663
9105,6.362137953815663
9106,6.362137953815663
9107,6.362137953815663
9108,6.362137953815663
9109,6.362137953815663
9110,6.362137953815663
9111,6.362137953815663
9112,6.362137953815663
9113,6.362137953815663
9114,6.362137953815663
9115,6.362137953815663
9116,6.362137953815663
9117,6.362137953815663
9118,6.362137953815663
9119,6.362137953815663
9120,6.362137953815663
9121,6.362137953815663
9122,6.362137953815663
9123,6.362137953815663
9124,6.362137953815663
9125,6.362137953815663
9126,6.362137953815663
9127,6.362137953815663
9128,6.362137953815663
9129,6.362137953815663
9130,6.362137953815663
9131,6.362137953815663
9132,6.362137953815663
9133,6.362137953815663
9134,6.362137953815663
9135,6.362137953815663
9136,6.362137953815663
9137,6.362137953815663
9138,6.362137953815663
9139,6.362137953815663
9140,6.362137953815663
9141,6.362137953815663
9142,6.362137953815663
9143,6.362137953815663
9144,6.362137953815663
9145,6.362137953815663
9146,6.362137953815663
9147,6.362137953815663
9148,6.362137953815663
9149,6.362137953815663
9150,6.362137953815663
9151,6.362137953815663
9152,6.362137953815663
9153,6.362137953815663
9154,6.362137953815663
9155,6.362137953815663
9156,6.362137953815663
9157,6.362137953815663
9158,6.362137953815663
9159,6.362137953815663
9160,6.362137953815663
9161,6.362137953815663
9162,6.362137953815663
9163,6.362137953815663
9164,6.362137953815663
9165,6.362137953815663
9166,6.362137953815663
9167,6.362137953815663
9168,6.362137953815663
9169,6.362137953815663
9170,6.362137953815663
9171,6.362137953815663
9172,6.362137953815663
9173,6.362137953815663
9174,6.362137953815663
9175,6.362137953815663
9176,6.362137953815663
9177,6.362137953815663
9178,6.362137953815663
9179,6.362137953815663
9180,6.362137953815663
9181,6.362137953815663
9182,6.362137953815663
9183,6.362137953815663
9184,6.362137953815663
9185,6.362137953815663
9186,6.362137953815663
9187,6.362137953815663
9188,6.362137953815663
9189,6.362137953815663
9190,6.362137953815663
9191,6.362137953815663
9192,6.362137953815663
9193,6.362137953815663
9194,6.362137953815663
9195,6.362137953815663
9196,6.362137953815663
9197,6.362137953815663
9198,6.362137953815663
9199,6.362137953815663
9200,6.362137953815663
9201,6.362137953815663
9202,6.362137953815663
9203,6.362137953815663
9204,6.362137953815663
9205,6.362137953815663
9206,6.362137953815663
9207,6.362137953815663
9208,6.362137953815663
9209,6.362137953815663
9210,6.362137953815663
9211,6.362137953815663
9212,6.362137953815663
9213,6.362137953815663
9214,6.362137953815663
9215,6.362137953815663
9216,6.362137953815663
9217,6.362137953815663
9218,6.362137953815663
9219,6.362137953815663
9220,6.362137953815663
9221,6.362137953815663
9222,6.362137953815663
9223,6.362137953815663
9224,6.362137953815663
9225,6.362137953815663
9226,6.362137953815663
9227,6.362137953815663
9228,6.362137953815663
9229,6.362137953815663
9230,6.362137953815663
9231,6.362137953815663
9232,6.362137953815663
9233,6.362137953815663
9234,6.362137953815663
9235,6.362137953815663
9236,6.362137953815663
9237,6.362137953815663
9238,6.362137953815663
9239,6.362137953815663
9240,6.362137953815663
9241,6.362137953815663
9242,6.362137953815663
9243,6.362137953815663
9244,6.362137953815663
9245,6.362137953815663
9246,6.362137953815663
9247,6.362137953815663
9248,6.362137953815663
9249,6.362137953815663
9250,6.362137953815663
9251,6.362137953815663
9252,6.362137953815663
9253,6.362137953815663
9254,6.362137953815663
9255,6.362137953815663
9256,6.362137953815663
9257,6.362137953815663
9258,6.362137953815663
9259,6.362137953815663
9260,6.362137953815663
9261,6.362137953815663
9262,6.362137953815663
9263,6.362137953815663
9264,6.362137953815663
9265,6.362137953815663
9266,6.362137953815663
9267,6.362137953815663
9268,6.362137953815663
9269,6.362137953815663
9270,6.362137953815663
9271,6.362137953815663
9272,6.362137953815663
9273,6.362137953815663
9274,6.362137953815663
9275,6.362137953815663
9276,6.362137953815663
9277,6.362137953815663
9278,6.362137953815663
9279,6.362137953815663
9280,6.362137953815663
9281,6.362137953815663
9282,6.362137953815663
9283,6.362137953815663
9284,6.362137953815663
9285,6.362137953815663
9286,6.362137953815663
9287,6.362137953815663
9288,6.362137953815663
9289,6.362137953815663
9290,6.362137953815663
9291,6.362137953815663
9292,6.362137953815663
9293,6.362137953815663
9294,6.362137953815663
9295,6.362137953815663
9296,6.362137953815663
9297,6.362137953815663
9298,6.362137953815663
9299,6.362137953815663
9300,6.362137953815663
9301,6.362137953815663
9302,6.362137953815663
9303,6.362137953815663
9304,6.362137953815663
9305,6.362137953815663
9306,6.362137953815663
9307,6.362137953815663
9308,6.362137953815663
9309,6.362137953815663
9310,6.362137953815663
9311,6.362137953815663
9312,6.362137953815663
9313,6.362137953815663
9314,6.362137953815663
9315,6.362137953815663
9316,6.362137953815663
9317,6.362137953815663
9318,6.362137953815663
9319,6.362137953815663
9320,6.362137953815663
9321,6.362137953815663
9322,6.362137953815663
9323,6.362137953815663
9324,6.362137953815663
9325,6.362137953815663
9326,6.362137953815663
9327,6.362137953815663
9328,6.362137953815663
9329,6.362137953815663
9330,6.362137953815663
9331,6.362137953815663
9332,6.362137953815663
9333,6.362137953815663
9334,6.362137953815663
9335,6.362137953815663
9336,6.362137953815663
9337,6.362137953815663
9338,6.362137953815663
9339,6.362137953815663
9340,6.362137953815663
9341,6.362137953815663
9342,6.362137953815663
9343,6.362137953815663
9344,6.362137953815663
9345,6.362137953815663
9346,6.362137953815663
9347,6.362137953815663
9348,6.362137953815663
9349,6.362137953815663
9350,6.362137953815663
9351,6.362137953815663
9352,6.362137953815663
9353,6.362137953815663
9354,6.362137953815663
9355,6.362137953815663
9356,6.362137953815663
9357,6.362137953815663
9358,6.362137953815663
9359,6.362137953815663
9360,6.362137953815663
9361,6.362137953815663
9362,6.362137953815663
9363,6.362137953815663
9364,6.362137953815663
9365,6.362137953815663
9366,6.362137953815663
9367,6.362137953815663
9368,6.362137953815663
9369,6.362137953815663
9370,6.362137953815663
9371,6.362137953815663
9372,6.362137953815663
9373,6.362137953815663
9374,6.362137953815663
9375,6.362137953815663
9376,6.362137953815663
9377,6.362137953815663
9378,6.362137953815663
9379,6.362137953815663
9380,6.362137953815663
9381,6.362137953815663
9382,6.362137953815663
9383,6.362137953815663
9384,6.362137953815663
9385,6.362137953815663
9386,6.362137953815663
9387,6.362137953815663
9388,6.362137953815663
9389,6.362137953815663
9390,6.362137953815663
9391,6.362137953815663
9392,6.362137953815663
9393,6.362137953815663
9394,6.362137953815663
9395,6.362137953815663
9396,6.362137953815663
9397,6.362137953815663
9398,6.362137953815663
9399,6.362137953815663
9400,6.362137953815663
9401,6.362137953815663
9402,6.362137953815663
9403,6.362137953815663
9404,6.362137953815663
9405,6.362137953815663
9406,6.362137953815663
9407,6.362137953815663
9408,6.362137953815663
9409,6.362137953815663
9410,6.362137953815663
9411,6.362137953815663
9412,6.362137953815663
9413,6.362137953815663
9414,6.362137953815663
9415,6.362137953815663
9416,6.362137953815663
9417,6.362137953815663
9418,6.362137953815663
9419,6.362137953815663
9420,6.362137953815663
9421,6.362137953815663
9422,6.362137953815663
9423,6.362137953815663
9424,6.362137953815663
9425,6.362137953815663
9426,6.362137953815663
9427,6.362137953815663
9428,6.362137953815663
9429,6.362137953815663
9430,6.362137953815663
9431,6.362137953815663
9432,6.362137953815663
9433,6.362137953815663
9434,6.362137953815663
9435,6.362137953815663
9436,6.362137953815663
9437,6.362137953815663
9438,6.362137953815663
9439,6.362137953815663
9440,6.362137953815663
9441,6.362137953815663
9442,6.362137953815663
9443,6.362137953815663
9444,6.362137953815663
9445,6.362137953815663
9446,6.362137953815663
9447,6.362137953815663
9448,6.362137953815663
9449,6.362137953815663
9450,6.362137953815663
9451,6.362137953815663
9452,6.362137953815663
9453,6.362137953815663
9454,6.362137953815663
9455,6.362137953815663
9456,6.362137953815663
9457,6.362137953815663
9458,6.362137953815663
9459,6.362137953815663
9460,6.362137953815663
9461,6.362137953815663
9462,6.362137953815663
9463,6.362137953815663
9464,6.362137953815663
9465,6.362137953815663
9466,6.362137953815663
9467,6.362137953815663
9468,6.362137953815663
9469,6.362137953815663
9470,6.362137953815663
9471,6.362137953815663
9472,6.362137953815663
9473,6.362137953815663
9474,6.362137953815663
9475,6.362137953815663
9476,6.362137953815663
9477,6.362137953815663
9478,6.362137953815663
9479,6.362137953815663
9480,6.362137953815663
9481,6.362137953815663
9482,6.362137953815663
9483,6.362137953815663
9484,6.362137953815663
9485,6.362137953815663
9486,6.362137953815663
9487,6.362137953815663
9488,6.362137953815663
9489,6.362137953815663
9490,6.362137953815663
9491,6.362137953815663
9492,6.362137953815663
9493,6.362137953815663
9494,6.362137953815663
9495,6.362137953815663
9496,6.362137953815663
9497,6.362137953815663
9498,6.362137953815663
9499,6.362137953815663
9500,6.362137953815663
9501,6.362137953815663
9502,6.362137953815663
9503,6.362137953815663
9504,6.362137953815663
9505,6.362137953815663
9506,6.362137953815663
9507,6.362137953815663
9508,6.362137953815663
9509,6.362137953815663
9510,6.362137953815663
9511,6.362137953815663
9512,6.362137953815663
9513,6.362137953815663
9514,6.362137953815663
9515,6.362137953815663
9516,6.362137953815663
9517,6.362137953815663
9518,6.362137953815663
9519,6.362137953815663
9520,6.362137953815663
9521,6.362137953815663
9522,6.362137953815663
9523,6.362137953815663
9524,6.362137953815663
9525,6.362137953815663
9526,6.362137953815663
9527,6.362137953815663
9528,6.362137953815663
9529,6.362137953815663
9530,6.362137953815663
9531,6.362137953815663
9532,6.362137953815663
9533,6.362137953815663
9534,6.362137953815663
9535,6.362137953815663
9536,6.362137953815663
9537,6.362137953815663
9538,6.362137953815663
9539,6.362137953815663
9540,6.362137953815663
9541,6.362137953815663
9542,6.362137953815663
9543,6.362137953815663
9544,6.362137953815663
9545,6.362137953815663
9546,6.362137953815663
9547,6.362137953815663
9548,6.362137953815663
9549,6.362137953815663
9550,6.362137953815663
9551,6.362137953815663
9552,6.362137953815663
9553,6.362137953815663
9554,6.362137953815663
9555,6.362137953815663
9556,6.362137953815663
9557,6.362137953815663
9558,6.362137953815663
9559,6.362137953815663
9560,6.362137953815663
9561,6.362137953815663
9562,6.362137953815663
9563,6.362137953815663
9564,6.362137953815663
9565,6.362137953815663
9566,6.362137953815663
9567,6.362137953815663
9568,6.362137953815663
9569,6.362137953815663
9570,6.362137953815663
9571,6.362137953815663
9572,6.362137953815663
9573,6.362137953815663
9574,6.362137953815663
9575,6.362137953815663
9576,6.362137953815663
9577,6.362137953815663
9578,6.362137953815663
9579,6.362137953815663
9580,6.362137953815663
9581,6.362137953815663
9582,6.362137953815663
9583,6.362137953815663
9584,6.362137953815663
9585,6.362137953815663
9586,6.362137953815663
9587,6.362137953815663
9588,6.362137953815663
9589,6.362137953815663
9590,6.362137953815663
9591,6.362137953815663
9592,6.362137953815663
9593,6.362137953815663
9594,6.362137953815663
9595,6.362137953815663
9596,6.362137953815663
9597,6.362137953815663
9598,6.362137953815663
9599,6.362137953815663
9600,6.362137953815663
9601,6.362137953815663
9602,6.362137953815663
9603,6.362137953815663
9604,6.362137953815663
9605,6.362137953815663
9606,6.362137953815663
9607,6.362137953815663
9608,6.362137953815663
9609,6.362137953815663
9610,6.362137953815663
9611,6.362137953815663
9612,6.362137953815663
9613,6.362137953815663
9614,6.362137953815663
9615,6.362137953815663
9616,6.362137953815663
9617,6.362137953815663
9618,6.362137953815663
9619,6.362137953815663
9620,6.362137953815663
9621,6.362137953815663
9622,6.362137953815663
9623,6.362137953815663
9624,6.362137953815663
9625,6.362137953815663
9626,6.362137953815663
9627,6.362137953815663
9628,6.362137953815663
9629,6.362137953815663
9630,6.362137953815663
9631,6.362137953815663
9632,6.362137953815663
9633,6.362137953815663
9634,6.362137953815663
9635,6.362137953815663
9636,6.362137953815663
9637,6.362137953815663
9638,6.362137953815663
9639,6.362137953815663
9640,6.362137953815663
9641,6.362137953815663
9642,6.362137953815663
9643,6.362137953815663
9644,6.362137953815663
9645,6.362137953815663
9646,6.362137953815663
9647,6.362137953815663
9648,6.362137953815663
9649,6.362137953815663
9650,6.362137953815663
9651,6.362137953815663
9652,6.362137953815663
9653,6.362137953815663
9654,6.362137953815663
9655,6.362137953815663
9656,6.362137953815663
9657,6.362137953815663
9658,6.362137953815663
9659,6.362137953815663
9660,6.362137953815663
9661,6.362137953815663
9662,6.362137953815663
9663,6.362137953815663
9664,6.362137953815663
9665,6.362137953815663
9666,6.362137953815663
9667,6.362137953815663
9668,6.362137953815663
9669,6.362137953815663
9670,6.362137953815663
9671,6.362137953815663
9672,6.362137953815663
9673,6.362137953815663
9674,6.362137953815663
9675,6.362137953815663
9676,6.362137953815663
9677,6.362137953815663
9678,6.362137953815663
9679,6.362137953815663
9680,6.362137953815663
9681,6.362137953815663
9682,6.362137953815663
9683,6.362137953815663
9684,6.362137953815663
9685,6.362137953815663
9686,6.362137953815663
9687,6.362137953815663
9688,6.362137953815663
9689,6.362137953815663
9690,6.362137953815663
9691,6.362137953815663
9692,6.362137953815663
9693,6.362137953815663
9694,6.362137953815663
9695,6.362137953815663
9696,6.362137953815663
9697,6.362137953815663
9698,6.362137953815663
9699,6.362137953815663
9700,6.362137953815663
9701,6.362137953815663
9702,6.362137953815663
9703,6.362137953815663
9704,6.362137953815663
9705,6.362137953815663
9706,6.362137953815663
9707,6.362137953815663
9708,6.362137953815663
9709,6.362137953815663
9710,6.362137953815663
9711,6.362137953815663
9712,6.362137953815663
9713,6.362137953815663
9714,6.362137953815663
9715,6.362137953815663
9716,6.362137953815663
9717,6.362137953815663
9718,6.362137953815663
9719,6.362137953815663
9720,6.362137953815663
9721,6.362137953815663
9722,6.362137953815663
9723,6.362137953815663
9724,6.362137953815663
9725,6.362137953815663
9726,6.362137953815663
9727,6.362137953815663
9728,6.362137953815663
9729,6.362137953815663
9730,6.362137953815663
9731,6.362137953815663
9732,6.362137953815663
9733,6.362137953815663
9734,6.362137953815663
9735,6.362137953815663
9736,6.362137953815663
9737,6.362137953815663
9738,6.362137953815663
9739,6.362137953815663
9740,6.362137953815663
9741,6.362137953815663
9742,6.362137953815663
9743,6.362137953815663
9744,6.362137953815663
9745,6.362137953815663
9746,6.362137953815663
9747,6.362137953815663
9748,6.362137953815663
9749,6.362137953815663
9750,6.362137953815663
9751,6.362137953815663
9752,6.362137953815663
9753,6.362137953815663
9754,6.362137953815663
9755,6.362137953815663
9756,6.362137953815663
9757,6.362137953815663
9758,6.362137953815663
9759,6.362137953815663
9760,6.362137953815663
9761,6.362137953815663
9762,6.362137953815663
9763,6.362137953815663
9764,6.362137953815663
9765,6.362137953815663
9766,6.362137953815663
9767,6.362137953815663
9768,6.362137953815663
9769,6.362137953815663
9770,6.362137953815663
9771,6.362137953815663
9772,6.362137953815663
9773,6.362137953815663
9774,6.362137953815663
9775,6.362137953815663
9776,6.362137953815663
9777,6.362137953815663
9778,6.362137953815663
9779,6.362137953815663
9780,6.362137953815663
9781,6.362137953815663
9782,6.362137953815663
9783,6.362137953815663
9784,6.362137953815663
9785,6.362137953815663
9786,6.362137953815663
9787,6.362137953815663
9788,6.362137953815663
9789,6.362137953815663
9790,6.362137953815663
9791,6.362137953815663
9792,6.362137953815663
9793,6.362137953815663
9794,6.362137953815663
9795,6.362137953815663
9796,6.362137953815663
9797,6.362137953815663
9798,6.362137953815663
9799,6.362137953815663
9800,6.362137953815663
9801,6.362137953815663
9802,6.362137953815663
9803,6.362137953815663
9804,6.362137953815663
9805,6.362137953815663
9806,6.362137953815663
9807,6.362137953815663
9808,6.362137953815663
9809,6.362137953815663
9810,6.362137953815663
9811,6.362137953815663
9812,6.362137953815663
9813,6.362137953815663
9814,6.362137953815663
9815,6.362137953815663
9816,6.362137953815663
9817,6.362137953815663
9818,6.362137953815663
9819,6.362137953815663
9820,6.362137953815663
9821,6.362137953815663
9822,6.362137953815663
9823,6.362137953815663
9824,6.362137953815663
9825,6.362137953815663
9826,6.362137953815663
9827,6.362137953815663
9828,6.362137953815663
9829,6.362137953815663
9830,6.362137953815663
9831,6.362137953815663
9832,6.362137953815663
9833,6.362137953815663
9834,6.362137953815663
9835,6.362137953815663
9836,6.362137953815663
9837,6.362137953815663
9838,6.362137953815663
9839,6.362137953815663
9840,6.362137953815663
9841,6.362137953815663
9842,6.362137953815663
9843,6.362137953815663
9844,6.362137953815663
9845,6.362137953815663
9846,6.362137953815663
9847,6.362137953815663
9848,6.362137953815663
9849,6.362137953815663
9850,6.362137953815663
9851,6.362137953815663
9852,6.362137953815663
9853,6.362137953815663
9854,6.362137953815663
9855,6.362137953815663
9856,6.362137953815663
9857,6.362137953815663
9858,6.362137953815663
9859,6.362137953815663
9860,6.362137953815663
9861,6.362137953815663
9862,6.362137953815663
9863,6.362137953815663
9864,6.362137953815663
9865,6.362137953815663
9866,6.362137953815663
9867,6.362137953815663
9868,6.362137953815663
9869,6.362137953815663
9870,6.362137953815663
9871,6.362137953815663
9872,6.362137953815663
9873,6.362137953815663
9874,6.362137953815663
9875,6.362137953815663
9876,6.362137953815663
9877,6.362137953815663
9878,6.362137953815663
9879,6.362137953815663
9880,6.362137953815663
9881,6.362137953815663
9882,6.362137953815663
9883,6.362137953815663
9884,6.362137953815663
9885,6.362137953815663
9886,6.362137953815663
9887,6.362137953815663
9888,6.362137953815663
9889,6.362137953815663
9890,6.362137953815663
9891,6.362137953815663
9892,6.362137953815663
9893,6.362137953815663
9894,6.362137953815663
9895,6.362137953815663
9896,6.362137953815663
9897,6.362137953815663
9898,6.362137953815663
9899,6.362137953815663
9900,6.362137953815663
9901,6.362137953815663
9902,6.362137953815663
9903,6.362137953815663
9904,6.362137953815663
9905,6.362137953815663
9906,6.362137953815663
9907,6.362137953815663
9908,6.362137953815663
9909,6.362137953815663
9910,6.362137953815663
9911,6.362137953815663
9912,6.362137953815663
9913,6.362137953815663
9914,6.362137953815663
9915,6.362137953815663
9916,6.362137953815663
9917,6.362137953815663
9918,6.362137953815663
9919,6.362137953815663
9920,6.362137953815663
9921,6.362137953815663
9922,6.362137953815663
9923,6.362137953815663
9924,6.362137953815663
9925,6.362137953815663
9926,6.362137953815663
9927,6.362137953815663
9928,6.362137953815663
9929,6.362137953815663
9930,6.362137953815663
9931,6.362137953815663
9932,6.362137953815663
9933,6.362137953815663
9934,6.362137953815663
9935,6.362137953815663
9936,6.362137953815663
9937,6.362137953815663
9938,6.362137953815663
9939,6.362137953815663
9940,6.362137953815663
9941,6.362137953815663
9942,6.362137953815663
9943,6.362137953815663
9944,6.362137953815663
9945,6.362137953815663
9946,6.362137953815663
9947,6.362137953815663
9948,6.362137953815663
9949,6.362137953815663
9950,6.362137953815663
9951,6.362137953815663
9952,6.362137953815663
9953,6.362137953815663
9954,6.362137953815663
9955,6.362137953815663
9956,6.362137953815663
9957,6.362137953815663
9958,6.362137953815663
9959,6.362137953815663
9960,6.362137953815663
9961,6.362137953815663
9962,6.362137953815663
9963,6.362137953815663
9964,6.362137953815663
9965,6.362137953815663
9966,6.362137953815663
9967,6.362137953815663
9968,6.362137953815663
9969,6.362137953815663
9970,6.362137953815663
9971,6.362137953815663
9972,6.362137953815663
9973,6.362137953815663
9974,6.362137953815663
9975,6.362137953815663
9976,6.362137953815663
9977,6.362137953815663
9978,6.362137953815663
9979,6.362137953815663
9980,6.362137953815663
9981,6.362137953815663
9982,6.362137953815663
9983,6.362137953815663
9984,6.362137953815663
9985,6.362137953815663
9986,6.362137953815663
9987,6.362137953815663
9988,6.362137953815663
9989,6.362137953815663
9990,6.362137953815663
9991,6.362137953815663
9992,6.362137953815663
9993,6.362137953815663
9994,6.362137953815663
9995,6.362137953815663
9996,6.362137953815663
9997,6.362137953815663
9998,6.362137953815663
9999,6.362137953815663
10000,6.362137953815663
