iteration,best_loss
0,21.910678887801822
1,21.910678887801822
2,21.910678887801822
3,21.910678887801822
4,21.910678887801822
5,9.451669237418415
6,9.451669237418415
7,9.451669237418415
8,9.451669237418415
9,8.712059351852913
10,8.712059351852913
11,8.712059351852913
12,8.712059351852913
13,8.712059351852913
14,8.712059351852913
15,8.712059351852913
16,8.712059351852913
17,8.712059351852913
18,8.712059351852913
19,8.712059351852913
20,8.712059351852913
21,8.712059351852913
22,8.712059351852913
23,8.712059351852913
24,8.712059351852913
25,8.712059351852913
26,8.712059351852913
27,8.712059351852913
28,8.712059351852913
29,8.712059351852913
30,8.712059351852913
31,8.712059351852913
32,8.712059351852913
33,8.712059351852913
34,8.712059351852913
35,8.712059351852913
36,8.712059351852913
37,8.712059351852913
38,8.712059351852913
39,8.712059351852913
40,8.712059351852913
41,8.712059351852913
42,8.712059351852913
43,8.712059351852913
44,8.712059351852913
45,8.712059351852913
46,8.712059351852913
47,8.712059351852913
48,8.712059351852913
49,8.712059351852913
50,8.712059351852913
51,8.712059351852913
52,8.712059351852913
53,8.712059351852913
54,8.712059351852913
55,8.712059351852913
56,8.712059351852913
57,8.712059351852913
58,8.712059351852913
59,8.712059351852913
60,8.712059351852913
61,8.712059351852913
62,8.712059351852913
63,8.712059351852913
64,8.712059351852913
65,8.712059351852913
66,8.712059351852913
67,8.712059351852913
68,8.712059351852913
69,8.712059351852913
70,8.712059351852913
71,8.712059351852913
72,8.712059351852913
73,8.712059351852913
74,8.712059351852913
75,8.712059351852913
76,8.712059351852913
77,8.712059351852913
78,8.712059351852913
79,8.712059351852913
80,8.712059351852913
81,8.712059351852913
82,8.712059351852913
83,8.712059351852913
84,8.712059351852913
85,8.712059351852913
86,8.712059351852913
87,8.712059351852913
88,8.712059351852913
89,8.712059351852913
90,8.712059351852913
91,8.712059351852913
92,8.712059351852913
93,8.712059351852913
94,8.712059351852913
95,8.712059351852913
96,8.712059351852913
97,8.712059351852913
98,8.712059351852913
99,8.712059351852913
100,8.712059351852913
101,8.712059351852913
102,8.712059351852913
103,8.712059351852913
104,8.712059351852913
105,8.712059351852913
106,8.712059351852913
107,8.712059351852913
108,8.712059351852913
109,8.712059351852913
110,8.712059351852913
111,8.712059351852913
112,8.712059351852913
113,8.712059351852913
114,8.712059351852913
115,8.712059351852913
116,8.712059351852913
117,8.712059351852913
118,8.712059351852913
119,8.712059351852913
120,8.712059351852913
121,8.712059351852913
122,8.712059351852913
123,8.712059351852913
124,8.712059351852913
125,8.712059351852913
126,8.712059351852913
127,8.712059351852913
128,8.712059351852913
129,8.712059351852913
130,8.712059351852913
131,8.712059351852913
132,8.712059351852913
133,8.712059351852913
134,8.712059351852913
135,8.712059351852913
136,8.712059351852913
137,8.712059351852913
138,8.712059351852913
139,8.712059351852913
140,8.712059351852913
141,8.712059351852913
142,8.712059351852913
143,8.712059351852913
144,8.712059351852913
145,8.712059351852913
146,8.712059351852913
147,8.712059351852913
148,8.712059351852913
149,8.712059351852913
150,8.712059351852913
151,8.712059351852913
152,8.712059351852913
153,8.712059351852913
154,8.712059351852913
155,8.712059351852913
156,8.712059351852913
157,8.712059351852913
158,8.712059351852913
159,8.712059351852913
160,8.712059351852913
161,8.712059351852913
162,8.712059351852913
163,8.712059351852913
164,8.712059351852913
165,8.712059351852913
166,8.712059351852913
167,8.712059351852913
168,8.712059351852913
169,8.712059351852913
170,8.712059351852913
171,8.712059351852913
172,8.712059351852913
173,8.712059351852913
174,8.712059351852913
175,8.712059351852913
176,8.712059351852913
177,8.712059351852913
178,8.712059351852913
179,8.712059351852913
180,8.712059351852913
181,8.712059351852913
182,8.712059351852913
183,8.712059351852913
184,8.712059351852913
185,8.712059351852913
186,8.712059351852913
187,8.712059351852913
188,8.712059351852913
189,8.712059351852913
190,8.712059351852913
191,8.712059351852913
192,8.712059351852913
193,8.712059351852913
194,8.712059351852913
195,8.712059351852913
196,8.712059351852913
197,8.712059351852913
198,8.712059351852913
199,8.712059351852913
200,8.712059351852913
201,8.712059351852913
202,8.712059351852913
203,8.453370314610492
204,8.453370314610492
205,8.453370314610492
206,8.453370314610492
207,8.453370314610492
208,8.453370314610492
209,8.453370314610492
210,7.228819651936812
211,7.228819651936812
212,7.228819651936812
213,7.228819651936812
214,7.228819651936812
215,7.228819651936812
216,7.228819651936812
217,7.228819651936812
218,7.228819651936812
219,7.228819651936812
220,7.228819651936812
221,7.228819651936812
222,7.228819651936812
223,7.228819651936812
224,7.228819651936812
225,7.228819651936812
226,7.228819651936812
227,7.228819651936812
228,7.228819651936812
229,7.228819651936812
230,7.228819651936812
231,7.228819651936812
232,7.228819651936812
233,7.228819651936812
234,7.228819651936812
235,7.228819651936812
236,7.228819651936812
237,7.228819651936812
238,7.228819651936812
239,7.228819651936812
240,7.228819651936812
241,7.228819651936812
242,7.228819651936812
243,7.228819651936812
244,7.228819651936812
245,7.228819651936812
246,7.228819651936812
247,7.228819651936812
248,7.228819651936812
249,7.228819651936812
250,7.228819651936812
251,7.228819651936812
252,7.228819651936812
253,7.228819651936812
254,7.228819651936812
255,7.228819651936812
256,7.228819651936812
257,7.228819651936812
258,7.228819651936812
259,7.228819651936812
260,7.228819651936812
261,7.228819651936812
262,7.228819651936812
263,7.228819651936812
264,7.228819651936812
265,7.228819651936812
266,7.228819651936812
267,7.228819651936812
268,7.228819651936812
269,7.228819651936812
270,7.228819651936812
271,7.228819651936812
272,7.228819651936812
273,7.228819651936812
274,7.228819651936812
275,7.228819651936812
276,7.228819651936812
277,7.228819651936812
278,7.228819651936812
279,7.228819651936812
280,7.228819651936812
281,7.228819651936812
282,7.228819651936812
283,7.228819651936812
284,7.228819651936812
285,7.228819651936812
286,7.228819651936812
287,7.228819651936812
288,7.228819651936812
289,7.228819651936812
290,7.228819651936812
291,7.228819651936812
292,7.228819651936812
293,7.228819651936812
294,7.228819651936812
295,7.228819651936812
296,7.228819651936812
297,7.228819651936812
298,7.228819651936812
299,7.228819651936812
300,7.228819651936812
301,7.228819651936812
302,7.228819651936812
303,7.228819651936812
304,7.228819651936812
305,7.228819651936812
306,7.228819651936812
307,7.228819651936812
308,7.228819651936812
309,7.228819651936812
310,7.228819651936812
311,7.228819651936812
312,7.228819651936812
313,7.228819651936812
314,7.228819651936812
315,7.228819651936812
316,7.228819651936812
317,7.228819651936812
318,7.228819651936812
319,7.228819651936812
320,7.228819651936812
321,7.228819651936812
322,7.228819651936812
323,7.228819651936812
324,7.228819651936812
325,7.228819651936812
326,7.228819651936812
327,7.228819651936812
328,7.228819651936812
329,7.228819651936812
330,7.228819651936812
331,7.228819651936812
332,7.228819651936812
333,7.228819651936812
334,7.228819651936812
335,7.228819651936812
336,7.228819651936812
337,7.228819651936812
338,7.228819651936812
339,7.228819651936812
340,7.228819651936812
341,7.228819651936812
342,7.228819651936812
343,7.228819651936812
344,7.228819651936812
345,7.228819651936812
346,7.228819651936812
347,7.228819651936812
348,7.228819651936812
349,7.228819651936812
350,7.228819651936812
351,7.228819651936812
352,7.228819651936812
353,7.228819651936812
354,7.228819651936812
355,7.228819651936812
356,7.228819651936812
357,7.228819651936812
358,7.228819651936812
359,7.228819651936812
360,7.228819651936812
361,7.228819651936812
362,7.228819651936812
363,7.228819651936812
364,7.228819651936812
365,7.228819651936812
366,7.228819651936812
367,7.228819651936812
368,7.228819651936812
369,7.228819651936812
370,7.228819651936812
371,7.228819651936812
372,7.228819651936812
373,7.228819651936812
374,7.228819651936812
375,7.228819651936812
376,7.228819651936812
377,7.228819651936812
378,7.228819651936812
379,7.228819651936812
380,7.228819651936812
381,7.228819651936812
382,7.228819651936812
383,7.228819651936812
384,7.228819651936812
385,7.228819651936812
386,7.228819651936812
387,7.228819651936812
388,7.228819651936812
389,7.228819651936812
390,7.228819651936812
391,7.228819651936812
392,7.228819651936812
393,7.228819651936812
394,7.228819651936812
395,7.228819651936812
396,7.228819651936812
397,7.228819651936812
398,7.228819651936812
399,7.228819651936812
400,7.228819651936812
401,7.228819651936812
402,7.228819651936812
403,7.228819651936812
404,7.228819651936812
405,7.228819651936812
406,7.228819651936812
407,7.228819651936812
408,7.228819651936812
409,7.228819651936812
410,7.228819651936812
411,7.228819651936812
412,7.228819651936812
413,7.228819651936812
414,7.228819651936812
415,7.228819651936812
416,7.228819651936812
417,7.228819651936812
418,7.228819651936812
419,7.228819651936812
420,7.228819651936812
421,7.228819651936812
422,7.228819651936812
423,7.228819651936812
424,7.228819651936812
425,7.228819651936812
426,7.228819651936812
427,7.228819651936812
428,7.228819651936812
429,7.228819651936812
430,7.228819651936812
431,7.228819651936812
432,7.228819651936812
433,7.228819651936812
434,7.228819651936812
435,7.228819651936812
436,7.228819651936812
437,7.228819651936812
438,7.228819651936812
439,7.228819651936812
440,7.228819651936812
441,7.228819651936812
442,7.228819651936812
443,7.228819651936812
444,7.228819651936812
445,7.228819651936812
446,7.228819651936812
447,7.228819651936812
448,7.228819651936812
449,7.228819651936812
450,7.228819651936812
451,7.228819651936812
452,7.228819651936812
453,7.228819651936812
454,7.228819651936812
455,7.228819651936812
456,7.228819651936812
457,7.228819651936812
458,7.228819651936812
459,7.228819651936812
460,7.228819651936812
461,7.228819651936812
462,7.228819651936812
463,7.228819651936812
464,7.228819651936812
465,7.228819651936812
466,7.228819651936812
467,7.228819651936812
468,7.228819651936812
469,7.228819651936812
470,7.228819651936812
471,7.228819651936812
472,7.228819651936812
473,7.228819651936812
474,7.228819651936812
475,7.228819651936812
476,7.228819651936812
477,7.228819651936812
478,7.228819651936812
479,7.228819651936812
480,7.228819651936812
481,7.228819651936812
482,7.228819651936812
483,7.228819651936812
484,7.228819651936812
485,7.228819651936812
486,7.228819651936812
487,7.228819651936812
488,7.228819651936812
489,7.228819651936812
490,7.228819651936812
491,7.228819651936812
492,7.228819651936812
493,7.228819651936812
494,7.228819651936812
495,7.228819651936812
496,7.228819651936812
497,7.228819651936812
498,7.228819651936812
499,7.228819651936812
500,7.228819651936812
501,7.228819651936812
502,7.228819651936812
503,7.228819651936812
504,7.228819651936812
505,7.228819651936812
506,7.228819651936812
507,7.228819651936812
508,7.228819651936812
509,7.228819651936812
510,7.228819651936812
511,7.228819651936812
512,7.228819651936812
513,7.228819651936812
514,7.228819651936812
515,7.228819651936812
516,7.228819651936812
517,7.228819651936812
518,7.228819651936812
519,7.228819651936812
520,7.228819651936812
521,7.228819651936812
522,7.228819651936812
523,7.228819651936812
524,7.228819651936812
525,7.228819651936812
526,7.228819651936812
527,7.228819651936812
528,7.228819651936812
529,7.228819651936812
530,7.228819651936812
531,7.228819651936812
532,7.228819651936812
533,7.228819651936812
534,7.228819651936812
535,7.228819651936812
536,7.228819651936812
537,7.228819651936812
538,7.228819651936812
539,7.228819651936812
540,7.228819651936812
541,7.228819651936812
542,7.228819651936812
543,7.228819651936812
544,7.228819651936812
545,7.228819651936812
546,7.228819651936812
547,7.228819651936812
548,7.228819651936812
549,7.228819651936812
550,7.228819651936812
551,7.228819651936812
552,7.228819651936812
553,7.228819651936812
554,7.228819651936812
555,7.228819651936812
556,7.228819651936812
557,7.228819651936812
558,7.228819651936812
559,7.228819651936812
560,7.228819651936812
561,7.228819651936812
562,7.228819651936812
563,7.228819651936812
564,7.228819651936812
565,7.228819651936812
566,7.228819651936812
567,7.228819651936812
568,7.228819651936812
569,7.228819651936812
570,7.228819651936812
571,7.228819651936812
572,7.228819651936812
573,7.228819651936812
574,7.228819651936812
575,7.228819651936812
576,7.228819651936812
577,7.228819651936812
578,7.228819651936812
579,7.228819651936812
580,7.228819651936812
581,7.228819651936812
582,7.228819651936812
583,7.228819651936812
584,7.228819651936812
585,7.228819651936812
586,7.228819651936812
587,7.228819651936812
588,7.228819651936812
589,7.228819651936812
590,7.228819651936812
591,7.228819651936812
592,7.228819651936812
593,7.228819651936812
594,7.228819651936812
595,7.228819651936812
596,7.228819651936812
597,7.228819651936812
598,7.228819651936812
599,7.228819651936812
600,7.228819651936812
601,7.228819651936812
602,7.228819651936812
603,7.228819651936812
604,7.228819651936812
605,7.228819651936812
606,7.228819651936812
607,7.228819651936812
608,7.228819651936812
609,7.228819651936812
610,7.228819651936812
611,7.228819651936812
612,7.228819651936812
613,7.228819651936812
614,7.228819651936812
615,7.228819651936812
616,7.228819651936812
617,7.228819651936812
618,7.228819651936812
619,7.228819651936812
620,7.228819651936812
621,7.228819651936812
622,7.228819651936812
623,7.228819651936812
624,7.228819651936812
625,7.228819651936812
626,7.228819651936812
627,7.228819651936812
628,7.228819651936812
629,7.228819651936812
630,7.228819651936812
631,7.228819651936812
632,7.228819651936812
633,7.228819651936812
634,7.228819651936812
635,7.228819651936812
636,7.228819651936812
637,7.228819651936812
638,7.228819651936812
639,7.228819651936812
640,7.228819651936812
641,7.228819651936812
642,7.228819651936812
643,7.228819651936812
644,7.228819651936812
645,7.228819651936812
646,7.228819651936812
647,7.228819651936812
648,7.228819651936812
649,7.228819651936812
650,7.228819651936812
651,7.228819651936812
652,7.228819651936812
653,7.228819651936812
654,7.228819651936812
655,7.228819651936812
656,7.228819651936812
657,7.228819651936812
658,7.228819651936812
659,7.228819651936812
660,7.228819651936812
661,7.228819651936812
662,7.228819651936812
663,7.228819651936812
664,7.228819651936812
665,7.228819651936812
666,7.228819651936812
667,7.228819651936812
668,7.228819651936812
669,7.228819651936812
670,7.228819651936812
671,7.228819651936812
672,7.228819651936812
673,7.228819651936812
674,7.228819651936812
675,7.228819651936812
676,7.228819651936812
677,7.228819651936812
678,7.228819651936812
679,7.228819651936812
680,7.228819651936812
681,7.228819651936812
682,7.228819651936812
683,7.228819651936812
684,7.228819651936812
685,7.228819651936812
686,7.228819651936812
687,7.228819651936812
688,7.228819651936812
689,7.228819651936812
690,7.228819651936812
691,7.228819651936812
692,7.228819651936812
693,7.228819651936812
694,7.228819651936812
695,7.228819651936812
696,7.228819651936812
697,7.228819651936812
698,7.228819651936812
699,7.228819651936812
700,7.228819651936812
701,7.228819651936812
702,7.228819651936812
703,7.228819651936812
704,7.228819651936812
705,7.228819651936812
706,7.228819651936812
707,7.228819651936812
708,7.228819651936812
709,7.228819651936812
710,7.228819651936812
711,7.228819651936812
712,7.228819651936812
713,7.228819651936812
714,7.228819651936812
715,7.228819651936812
716,7.228819651936812
717,7.228819651936812
718,7.228819651936812
719,7.228819651936812
720,7.228819651936812
721,7.228819651936812
722,7.228819651936812
723,7.228819651936812
724,7.228819651936812
725,7.228819651936812
726,7.228819651936812
727,7.228819651936812
728,7.228819651936812
729,7.228819651936812
730,7.228819651936812
731,7.228819651936812
732,7.228819651936812
733,7.228819651936812
734,7.228819651936812
735,7.228819651936812
736,7.228819651936812
737,7.228819651936812
738,7.228819651936812
739,7.228819651936812
740,7.228819651936812
741,7.228819651936812
742,7.228819651936812
743,7.228819651936812
744,7.228819651936812
745,7.228819651936812
746,7.228819651936812
747,7.228819651936812
748,7.228819651936812
749,7.228819651936812
750,7.228819651936812
751,7.228819651936812
752,7.228819651936812
753,7.228819651936812
754,7.228819651936812
755,7.228819651936812
756,7.228819651936812
757,7.228819651936812
758,7.228819651936812
759,7.228819651936812
760,7.228819651936812
761,7.228819651936812
762,7.228819651936812
763,7.228819651936812
764,7.228819651936812
765,7.228819651936812
766,7.228819651936812
767,7.228819651936812
768,7.228819651936812
769,7.228819651936812
770,7.228819651936812
771,7.228819651936812
772,7.228819651936812
773,7.228819651936812
774,7.228819651936812
775,7.228819651936812
776,7.228819651936812
777,7.228819651936812
778,7.228819651936812
779,7.228819651936812
780,7.228819651936812
781,7.228819651936812
782,7.228819651936812
783,7.228819651936812
784,7.228819651936812
785,7.228819651936812
786,7.228819651936812
787,7.228819651936812
788,7.228819651936812
789,7.228819651936812
790,7.228819651936812
791,7.228819651936812
792,7.228819651936812
793,7.228819651936812
794,7.228819651936812
795,7.228819651936812
796,7.228819651936812
797,7.228819651936812
798,7.228819651936812
799,7.228819651936812
800,7.228819651936812
801,7.228819651936812
802,7.228819651936812
803,7.228819651936812
804,7.228819651936812
805,7.228819651936812
806,7.228819651936812
807,7.228819651936812
808,7.228819651936812
809,7.228819651936812
810,7.228819651936812
811,7.228819651936812
812,7.228819651936812
813,7.228819651936812
814,7.228819651936812
815,7.228819651936812
816,7.228819651936812
817,7.228819651936812
818,7.228819651936812
819,7.228819651936812
820,7.228819651936812
821,7.228819651936812
822,7.228819651936812
823,7.228819651936812
824,7.228819651936812
825,7.228819651936812
826,7.228819651936812
827,7.228819651936812
828,7.228819651936812
829,7.228819651936812
830,7.228819651936812
831,7.228819651936812
832,7.228819651936812
833,7.228819651936812
834,7.228819651936812
835,7.228819651936812
836,7.228819651936812
837,7.228819651936812
838,7.228819651936812
839,7.228819651936812
840,7.228819651936812
841,7.228819651936812
842,7.228819651936812
843,7.228819651936812
844,7.228819651936812
845,7.228819651936812
846,7.228819651936812
847,7.228819651936812
848,7.228819651936812
849,7.228819651936812
850,7.228819651936812
851,7.228819651936812
852,7.228819651936812
853,7.228819651936812
854,7.228819651936812
855,7.228819651936812
856,7.228819651936812
857,7.228819651936812
858,7.228819651936812
859,7.228819651936812
860,7.228819651936812
861,7.228819651936812
862,7.228819651936812
863,7.228819651936812
864,7.228819651936812
865,7.228819651936812
866,7.228819651936812
867,7.228819651936812
868,7.228819651936812
869,7.228819651936812
870,7.228819651936812
871,7.228819651936812
872,7.228819651936812
873,7.228819651936812
874,7.228819651936812
875,7.228819651936812
876,7.228819651936812
877,7.228819651936812
878,7.228819651936812
879,7.228819651936812
880,7.228819651936812
881,7.228819651936812
882,7.228819651936812
883,7.228819651936812
884,7.228819651936812
885,7.228819651936812
886,7.228819651936812
887,7.228819651936812
888,7.228819651936812
889,7.228819651936812
890,7.228819651936812
891,7.228819651936812
892,7.228819651936812
893,7.228819651936812
894,7.228819651936812
895,7.228819651936812
896,7.228819651936812
897,7.228819651936812
898,7.228819651936812
899,7.228819651936812
900,7.228819651936812
901,7.228819651936812
902,7.228819651936812
903,7.228819651936812
904,7.228819651936812
905,7.228819651936812
906,7.228819651936812
907,7.228819651936812
908,7.228819651936812
909,7.228819651936812
910,7.228819651936812
911,7.228819651936812
912,7.228819651936812
913,7.228819651936812
914,7.228819651936812
915,7.228819651936812
916,7.228819651936812
917,7.228819651936812
918,7.228819651936812
919,7.228819651936812
920,7.228819651936812
921,7.228819651936812
922,7.228819651936812
923,7.228819651936812
924,7.228819651936812
925,7.228819651936812
926,7.228819651936812
927,7.228819651936812
928,7.228819651936812
929,7.228819651936812
930,7.228819651936812
931,7.228819651936812
932,7.228819651936812
933,7.228819651936812
934,7.228819651936812
935,7.228819651936812
936,7.228819651936812
937,7.228819651936812
938,7.228819651936812
939,7.228819651936812
940,7.228819651936812
941,7.228819651936812
942,7.228819651936812
943,7.228819651936812
944,7.228819651936812
945,7.228819651936812
946,7.228819651936812
947,7.228819651936812
948,7.228819651936812
949,7.228819651936812
950,7.228819651936812
951,7.228819651936812
952,7.228819651936812
953,7.228819651936812
954,7.228819651936812
955,7.228819651936812
956,7.228819651936812
957,7.228819651936812
958,7.228819651936812
959,7.228819651936812
960,7.228819651936812
961,7.228819651936812
962,7.228819651936812
963,7.228819651936812
964,7.228819651936812
965,7.228819651936812
966,7.228819651936812
967,7.228819651936812
968,7.228819651936812
969,7.228819651936812
970,7.228819651936812
971,7.228819651936812
972,7.228819651936812
973,7.228819651936812
974,7.228819651936812
975,7.228819651936812
976,7.228819651936812
977,7.228819651936812
978,7.228819651936812
979,7.228819651936812
980,7.228819651936812
981,7.228819651936812
982,7.228819651936812
983,7.228819651936812
984,7.228819651936812
985,7.228819651936812
986,7.228819651936812
987,7.228819651936812
988,7.228819651936812
989,7.228819651936812
990,7.228819651936812
991,7.228819651936812
992,7.228819651936812
993,7.228819651936812
994,7.228819651936812
995,7.228819651936812
996,7.228819651936812
997,7.228819651936812
998,7.228819651936812
999,7.228819651936812
1000,7.228819651936812
1001,7.228819651936812
1002,7.228819651936812
1003,6.397680806156128
1004,6.397680806156128
1005,6.397680806156128
1006,6.397680806156128
1007,6.397680806156128
1008,6.397680806156128
1009,6.397680806156128
1010,6.397680806156128
1011,6.397680806156128
1012,6.397680806156128
1013,6.397680806156128
1014,6.397680806156128
1015,6.397680806156128
1016,6.397680806156128
1017,6.397680806156128
1018,6.397680806156128
1019,6.397680806156128
1020,6.397680806156128
1021,6.397680806156128
1022,6.397680806156128
1023,6.397680806156128
1024,6.397680806156128
1025,6.397680806156128
1026,6.397680806156128
1027,6.397680806156128
1028,6.397680806156128
1029,6.397680806156128
1030,6.397680806156128
1031,6.397680806156128
1032,6.397680806156128
1033,6.397680806156128
1034,6.397680806156128
1035,6.397680806156128
1036,6.397680806156128
1037,6.397680806156128
1038,6.397680806156128
1039,6.397680806156128
1040,6.397680806156128
1041,6.397680806156128
1042,6.397680806156128
1043,6.397680806156128
1044,6.397680806156128
1045,6.397680806156128
1046,6.397680806156128
1047,6.397680806156128
1048,6.397680806156128
1049,6.397680806156128
1050,6.397680806156128
1051,6.397680806156128
1052,6.397680806156128
1053,6.397680806156128
1054,6.397680806156128
1055,6.397680806156128
1056,6.397680806156128
1057,6.397680806156128
1058,6.397680806156128
1059,6.397680806156128
1060,6.397680806156128
1061,6.397680806156128
1062,6.397680806156128
1063,6.397680806156128
1064,6.397680806156128
1065,6.397680806156128
1066,6.397680806156128
1067,6.397680806156128
1068,6.397680806156128
1069,6.397680806156128
1070,6.397680806156128
1071,6.397680806156128
1072,6.397680806156128
1073,6.397680806156128
1074,6.397680806156128
1075,6.397680806156128
1076,6.397680806156128
1077,6.397680806156128
1078,6.397680806156128
1079,6.397680806156128
1080,6.397680806156128
1081,6.397680806156128
1082,6.397680806156128
1083,6.397680806156128
1084,6.397680806156128
1085,6.397680806156128
1086,6.397680806156128
1087,6.397680806156128
1088,6.397680806156128
1089,6.397680806156128
1090,6.397680806156128
1091,6.397680806156128
1092,6.397680806156128
1093,6.397680806156128
1094,6.397680806156128
1095,6.397680806156128
1096,6.397680806156128
1097,6.397680806156128
1098,6.397680806156128
1099,6.397680806156128
1100,6.397680806156128
1101,6.397680806156128
1102,6.397680806156128
1103,6.397680806156128
1104,6.397680806156128
1105,6.397680806156128
1106,6.397680806156128
1107,6.397680806156128
1108,6.397680806156128
1109,6.397680806156128
1110,6.397680806156128
1111,6.397680806156128
1112,6.397680806156128
1113,6.397680806156128
1114,6.397680806156128
1115,6.397680806156128
1116,6.397680806156128
1117,6.397680806156128
1118,6.397680806156128
1119,6.397680806156128
1120,6.397680806156128
1121,6.397680806156128
1122,6.397680806156128
1123,6.397680806156128
1124,6.397680806156128
1125,6.397680806156128
1126,6.397680806156128
1127,6.397680806156128
1128,6.397680806156128
1129,6.397680806156128
1130,6.397680806156128
1131,6.397680806156128
1132,6.397680806156128
1133,6.397680806156128
1134,6.397680806156128
1135,6.397680806156128
1136,6.397680806156128
1137,6.397680806156128
1138,6.397680806156128
1139,6.397680806156128
1140,6.397680806156128
1141,6.397680806156128
1142,6.397680806156128
1143,6.397680806156128
1144,6.397680806156128
1145,6.397680806156128
1146,6.397680806156128
1147,6.397680806156128
1148,6.397680806156128
1149,6.397680806156128
1150,6.397680806156128
1151,6.397680806156128
1152,6.397680806156128
1153,6.397680806156128
1154,6.397680806156128
1155,6.397680806156128
1156,6.397680806156128
1157,6.397680806156128
1158,6.397680806156128
1159,6.397680806156128
1160,6.397680806156128
1161,6.397680806156128
1162,6.397680806156128
1163,6.397680806156128
1164,6.397680806156128
1165,6.397680806156128
1166,6.397680806156128
1167,6.397680806156128
1168,6.397680806156128
1169,6.397680806156128
1170,6.397680806156128
1171,6.397680806156128
1172,6.397680806156128
1173,6.397680806156128
1174,6.397680806156128
1175,6.397680806156128
1176,6.397680806156128
1177,6.397680806156128
1178,6.397680806156128
1179,6.397680806156128
1180,6.397680806156128
1181,6.397680806156128
1182,6.397680806156128
1183,6.397680806156128
1184,6.397680806156128
1185,6.397680806156128
1186,6.397680806156128
1187,6.397680806156128
1188,6.397680806156128
1189,6.397680806156128
1190,6.397680806156128
1191,6.397680806156128
1192,6.397680806156128
1193,6.397680806156128
1194,6.397680806156128
1195,6.397680806156128
1196,6.397680806156128
1197,6.397680806156128
1198,6.397680806156128
1199,6.397680806156128
1200,6.397680806156128
1201,6.397680806156128
1202,6.397680806156128
1203,6.397680806156128
1204,6.397680806156128
1205,6.397680806156128
1206,6.397680806156128
1207,6.397680806156128
1208,6.397680806156128
1209,6.397680806156128
1210,6.397680806156128
1211,6.397680806156128
1212,6.397680806156128
1213,6.397680806156128
1214,6.397680806156128
1215,6.397680806156128
1216,6.397680806156128
1217,6.397680806156128
1218,6.397680806156128
1219,6.397680806156128
1220,6.397680806156128
1221,6.397680806156128
1222,6.397680806156128
1223,6.397680806156128
1224,6.397680806156128
1225,6.397680806156128
1226,6.397680806156128
1227,6.397680806156128
1228,6.397680806156128
1229,6.397680806156128
1230,6.397680806156128
1231,6.397680806156128
1232,6.397680806156128
1233,6.397680806156128
1234,6.397680806156128
1235,6.397680806156128
1236,6.397680806156128
1237,6.397680806156128
1238,6.397680806156128
1239,6.397680806156128
1240,6.397680806156128
1241,6.397680806156128
1242,6.397680806156128
1243,6.397680806156128
1244,6.397680806156128
1245,6.397680806156128
1246,6.397680806156128
1247,6.397680806156128
1248,6.397680806156128
1249,6.397680806156128
1250,6.397680806156128
1251,6.397680806156128
1252,6.397680806156128
1253,6.397680806156128
1254,6.397680806156128
1255,6.397680806156128
1256,6.397680806156128
1257,6.397680806156128
1258,6.397680806156128
1259,6.397680806156128
1260,6.397680806156128
1261,6.397680806156128
1262,6.397680806156128
1263,6.397680806156128
1264,6.397680806156128
1265,6.397680806156128
1266,6.397680806156128
1267,6.397680806156128
1268,6.397680806156128
1269,6.397680806156128
1270,6.397680806156128
1271,6.397680806156128
1272,6.397680806156128
1273,6.397680806156128
1274,6.397680806156128
1275,6.397680806156128
1276,6.397680806156128
1277,6.397680806156128
1278,6.397680806156128
1279,6.397680806156128
1280,6.397680806156128
1281,6.397680806156128
1282,6.397680806156128
1283,6.397680806156128
1284,6.397680806156128
1285,6.397680806156128
1286,6.397680806156128
1287,6.397680806156128
1288,6.397680806156128
1289,6.397680806156128
1290,6.397680806156128
1291,6.397680806156128
1292,6.397680806156128
1293,6.397680806156128
1294,6.397680806156128
1295,6.397680806156128
1296,6.397680806156128
1297,6.397680806156128
1298,6.397680806156128
1299,6.397680806156128
1300,6.397680806156128
1301,6.397680806156128
1302,6.397680806156128
1303,6.397680806156128
1304,6.397680806156128
1305,6.397680806156128
1306,6.397680806156128
1307,6.397680806156128
1308,6.397680806156128
1309,6.397680806156128
1310,6.397680806156128
1311,6.397680806156128
1312,6.397680806156128
1313,6.397680806156128
1314,6.397680806156128
1315,6.397680806156128
1316,6.397680806156128
1317,6.397680806156128
1318,6.397680806156128
1319,6.397680806156128
1320,6.397680806156128
1321,6.397680806156128
1322,6.397680806156128
1323,6.397680806156128
1324,6.397680806156128
1325,6.397680806156128
1326,6.397680806156128
1327,6.397680806156128
1328,6.397680806156128
1329,6.397680806156128
1330,6.397680806156128
1331,6.397680806156128
1332,6.397680806156128
1333,6.397680806156128
1334,6.397680806156128
1335,6.397680806156128
1336,6.397680806156128
1337,6.397680806156128
1338,6.397680806156128
1339,6.397680806156128
1340,6.397680806156128
1341,6.397680806156128
1342,6.397680806156128
1343,6.397680806156128
1344,6.397680806156128
1345,6.397680806156128
1346,6.397680806156128
1347,6.397680806156128
1348,6.397680806156128
1349,6.397680806156128
1350,6.397680806156128
1351,6.397680806156128
1352,6.397680806156128
1353,6.397680806156128
1354,6.397680806156128
1355,6.397680806156128
1356,6.397680806156128
1357,6.397680806156128
1358,6.397680806156128
1359,6.397680806156128
1360,6.397680806156128
1361,6.397680806156128
1362,6.397680806156128
1363,6.397680806156128
1364,6.397680806156128
1365,6.397680806156128
1366,6.397680806156128
1367,6.397680806156128
1368,6.397680806156128
1369,6.397680806156128
1370,6.397680806156128
1371,6.397680806156128
1372,6.397680806156128
1373,6.397680806156128
1374,6.397680806156128
1375,6.397680806156128
1376,6.397680806156128
1377,6.397680806156128
1378,6.397680806156128
1379,6.397680806156128
1380,6.397680806156128
1381,6.397680806156128
1382,6.397680806156128
1383,6.397680806156128
1384,6.397680806156128
1385,6.397680806156128
1386,6.397680806156128
1387,6.397680806156128
1388,6.397680806156128
1389,6.397680806156128
1390,6.397680806156128
1391,6.397680806156128
1392,6.397680806156128
1393,6.397680806156128
1394,6.397680806156128
1395,6.397680806156128
1396,6.397680806156128
1397,6.397680806156128
1398,6.397680806156128
1399,6.397680806156128
1400,6.397680806156128
1401,6.397680806156128
1402,6.397680806156128
1403,6.397680806156128
1404,6.397680806156128
1405,6.397680806156128
1406,6.397680806156128
1407,6.397680806156128
1408,6.397680806156128
1409,6.397680806156128
1410,6.397680806156128
1411,6.397680806156128
1412,6.397680806156128
1413,6.397680806156128
1414,6.397680806156128
1415,6.397680806156128
1416,6.397680806156128
1417,6.397680806156128
1418,6.397680806156128
1419,6.397680806156128
1420,6.397680806156128
1421,6.397680806156128
1422,6.397680806156128
1423,6.397680806156128
1424,6.397680806156128
1425,6.397680806156128
1426,6.397680806156128
1427,6.397680806156128
1428,6.397680806156128
1429,6.397680806156128
1430,6.397680806156128
1431,6.397680806156128
1432,6.397680806156128
1433,6.397680806156128
1434,6.397680806156128
1435,6.397680806156128
1436,6.397680806156128
1437,6.397680806156128
1438,6.397680806156128
1439,6.397680806156128
1440,5.7505535810254536
1441,5.7505535810254536
1442,5.7505535810254536
1443,5.7505535810254536
1444,5.7505535810254536
1445,5.7505535810254536
1446,5.7505535810254536
1447,5.7505535810254536
1448,5.7505535810254536
1449,5.7505535810254536
1450,5.7505535810254536
1451,5.7505535810254536
1452,5.7505535810254536
1453,5.7505535810254536
1454,5.7505535810254536
1455,5.7505535810254536
1456,5.7505535810254536
1457,5.7505535810254536
1458,5.7505535810254536
1459,5.7505535810254536
1460,5.7505535810254536
1461,5.7505535810254536
1462,5.7505535810254536
1463,5.7505535810254536
1464,5.7505535810254536
1465,5.7505535810254536
1466,5.7505535810254536
1467,5.7505535810254536
1468,5.7505535810254536
1469,5.7505535810254536
1470,5.7505535810254536
1471,5.7505535810254536
1472,5.7505535810254536
1473,5.7505535810254536
1474,5.7505535810254536
1475,5.7505535810254536
1476,5.7505535810254536
1477,5.7505535810254536
1478,5.7505535810254536
1479,5.7505535810254536
1480,5.7505535810254536
1481,5.7505535810254536
1482,5.7505535810254536
1483,5.7505535810254536
1484,5.7505535810254536
1485,5.7505535810254536
1486,5.7505535810254536
1487,5.7505535810254536
1488,5.7505535810254536
1489,5.7505535810254536
1490,5.7505535810254536
1491,5.7505535810254536
1492,5.7505535810254536
1493,5.7505535810254536
1494,5.7505535810254536
1495,5.7505535810254536
1496,5.7505535810254536
1497,5.7505535810254536
1498,5.7505535810254536
1499,5.7505535810254536
1500,5.7505535810254536
1501,5.7505535810254536
1502,5.7505535810254536
1503,5.7505535810254536
1504,5.7505535810254536
1505,5.7505535810254536
1506,5.7505535810254536
1507,5.7505535810254536
1508,5.7505535810254536
1509,5.7505535810254536
1510,5.7505535810254536
1511,5.7505535810254536
1512,5.7505535810254536
1513,5.7505535810254536
1514,5.7505535810254536
1515,5.7505535810254536
1516,5.7505535810254536
1517,5.7505535810254536
1518,5.7505535810254536
1519,5.7505535810254536
1520,5.7505535810254536
1521,5.7505535810254536
1522,5.7505535810254536
1523,5.7505535810254536
1524,5.7505535810254536
1525,5.7505535810254536
1526,5.7505535810254536
1527,5.7505535810254536
1528,5.7505535810254536
1529,5.7505535810254536
1530,5.7505535810254536
1531,5.7505535810254536
1532,5.7505535810254536
1533,5.7505535810254536
1534,5.7505535810254536
1535,5.7505535810254536
1536,5.7505535810254536
1537,5.7505535810254536
1538,5.7505535810254536
1539,5.7505535810254536
1540,5.7505535810254536
1541,5.7505535810254536
1542,5.7505535810254536
1543,5.7505535810254536
1544,5.7505535810254536
1545,5.7505535810254536
1546,5.7505535810254536
1547,5.7505535810254536
1548,5.7505535810254536
1549,5.7505535810254536
1550,5.7505535810254536
1551,5.7505535810254536
1552,5.7505535810254536
1553,5.7505535810254536
1554,5.7505535810254536
1555,5.7505535810254536
1556,5.7505535810254536
1557,5.7505535810254536
1558,5.7505535810254536
1559,5.7505535810254536
1560,5.7505535810254536
1561,5.7505535810254536
1562,5.7505535810254536
1563,5.7505535810254536
1564,5.7505535810254536
1565,5.7505535810254536
1566,5.7505535810254536
1567,5.7505535810254536
1568,5.7505535810254536
1569,5.7505535810254536
1570,5.7505535810254536
1571,5.7505535810254536
1572,5.7505535810254536
1573,5.7505535810254536
1574,5.7505535810254536
1575,5.7505535810254536
1576,5.7505535810254536
1577,5.7505535810254536
1578,5.7505535810254536
1579,5.7505535810254536
1580,5.7505535810254536
1581,5.7505535810254536
1582,5.7505535810254536
1583,5.7505535810254536
1584,5.7505535810254536
1585,5.7505535810254536
1586,5.7505535810254536
1587,5.7505535810254536
1588,5.7505535810254536
1589,5.7505535810254536
1590,5.7505535810254536
1591,5.7505535810254536
1592,5.7505535810254536
1593,5.7505535810254536
1594,5.7505535810254536
1595,5.7505535810254536
1596,5.7505535810254536
1597,5.7505535810254536
1598,5.7505535810254536
1599,5.7505535810254536
1600,5.7505535810254536
1601,5.7505535810254536
1602,5.7505535810254536
1603,5.7505535810254536
1604,5.7505535810254536
1605,5.7505535810254536
1606,5.7505535810254536
1607,5.7505535810254536
1608,5.7505535810254536
1609,5.7505535810254536
1610,5.7505535810254536
1611,5.7505535810254536
1612,5.7505535810254536
1613,5.7505535810254536
1614,5.7505535810254536
1615,5.7505535810254536
1616,5.7505535810254536
1617,5.7505535810254536
1618,5.7505535810254536
1619,5.7505535810254536
1620,5.7505535810254536
1621,5.7505535810254536
1622,5.7505535810254536
1623,5.7505535810254536
1624,5.7505535810254536
1625,5.7505535810254536
1626,5.7505535810254536
1627,5.7505535810254536
1628,5.7505535810254536
1629,5.7505535810254536
1630,5.7505535810254536
1631,5.7505535810254536
1632,5.7505535810254536
1633,5.7505535810254536
1634,5.7505535810254536
1635,5.7505535810254536
1636,5.7505535810254536
1637,5.7505535810254536
1638,5.7505535810254536
1639,5.7505535810254536
1640,5.7505535810254536
1641,5.7505535810254536
1642,5.7505535810254536
1643,5.7505535810254536
1644,5.7505535810254536
1645,5.7505535810254536
1646,5.7505535810254536
1647,5.7505535810254536
1648,5.7505535810254536
1649,5.7505535810254536
1650,5.7505535810254536
1651,5.7505535810254536
1652,5.7505535810254536
1653,5.7505535810254536
1654,5.7505535810254536
1655,5.7505535810254536
1656,5.7505535810254536
1657,5.7505535810254536
1658,5.7505535810254536
1659,5.7505535810254536
1660,5.7505535810254536
1661,5.7505535810254536
1662,5.7505535810254536
1663,5.7505535810254536
1664,5.7505535810254536
1665,5.7505535810254536
1666,5.7505535810254536
1667,5.7505535810254536
1668,5.7505535810254536
1669,5.7505535810254536
1670,5.7505535810254536
1671,5.7505535810254536
1672,5.7505535810254536
1673,5.7505535810254536
1674,5.7505535810254536
1675,5.7505535810254536
1676,5.7505535810254536
1677,5.7505535810254536
1678,5.7505535810254536
1679,5.7505535810254536
1680,5.7505535810254536
1681,5.7505535810254536
1682,5.7505535810254536
1683,5.7505535810254536
1684,5.7505535810254536
1685,5.7505535810254536
1686,5.7505535810254536
1687,5.7505535810254536
1688,5.7505535810254536
1689,5.7505535810254536
1690,5.7505535810254536
1691,5.7505535810254536
1692,5.7505535810254536
1693,5.7505535810254536
1694,5.7505535810254536
1695,5.7505535810254536
1696,5.7505535810254536
1697,5.7505535810254536
1698,5.7505535810254536
1699,5.7505535810254536
1700,5.7505535810254536
1701,5.7505535810254536
1702,5.7505535810254536
1703,5.7505535810254536
1704,5.7505535810254536
1705,5.7505535810254536
1706,5.7505535810254536
1707,5.7505535810254536
1708,5.7505535810254536
1709,5.7505535810254536
1710,5.7505535810254536
1711,5.7505535810254536
1712,5.7505535810254536
1713,5.7505535810254536
1714,5.7505535810254536
1715,5.7505535810254536
1716,5.7505535810254536
1717,5.7505535810254536
1718,5.7505535810254536
1719,5.7505535810254536
1720,5.7505535810254536
1721,5.7505535810254536
1722,5.7505535810254536
1723,5.7505535810254536
1724,5.7505535810254536
1725,5.7505535810254536
1726,5.7505535810254536
1727,5.7505535810254536
1728,5.7505535810254536
1729,5.7505535810254536
1730,5.7505535810254536
1731,5.7505535810254536
1732,5.7505535810254536
1733,5.7505535810254536
1734,5.7505535810254536
1735,5.7505535810254536
1736,5.7505535810254536
1737,5.7505535810254536
1738,5.7505535810254536
1739,5.7505535810254536
1740,5.7505535810254536
1741,5.7505535810254536
1742,5.7505535810254536
1743,5.7505535810254536
1744,5.7505535810254536
1745,5.7505535810254536
1746,5.7505535810254536
1747,5.7505535810254536
1748,5.7505535810254536
1749,5.7505535810254536
1750,5.7505535810254536
1751,5.7505535810254536
1752,5.7505535810254536
1753,5.7505535810254536
1754,5.7505535810254536
1755,5.7505535810254536
1756,5.7505535810254536
1757,5.7505535810254536
1758,5.7505535810254536
1759,5.7505535810254536
1760,5.7505535810254536
1761,5.7505535810254536
1762,5.7505535810254536
1763,5.7505535810254536
1764,5.7505535810254536
1765,5.7505535810254536
1766,5.7505535810254536
1767,5.7505535810254536
1768,5.7505535810254536
1769,5.7505535810254536
1770,5.7505535810254536
1771,5.7505535810254536
1772,5.7505535810254536
1773,5.7505535810254536
1774,5.7505535810254536
1775,5.7505535810254536
1776,5.7505535810254536
1777,5.7505535810254536
1778,5.7505535810254536
1779,5.7505535810254536
1780,5.7505535810254536
1781,5.7505535810254536
1782,5.7505535810254536
1783,5.7505535810254536
1784,5.7505535810254536
1785,5.7505535810254536
1786,5.7505535810254536
1787,5.7505535810254536
1788,5.7505535810254536
1789,5.7505535810254536
1790,5.7505535810254536
1791,5.7505535810254536
1792,5.7505535810254536
1793,5.7505535810254536
1794,5.7505535810254536
1795,5.7505535810254536
1796,5.7505535810254536
1797,5.7505535810254536
1798,5.7505535810254536
1799,5.7505535810254536
1800,5.7505535810254536
1801,5.7505535810254536
1802,5.7505535810254536
1803,5.7505535810254536
1804,5.7505535810254536
1805,5.7505535810254536
1806,5.7505535810254536
1807,5.7505535810254536
1808,5.7505535810254536
1809,5.7505535810254536
1810,5.7505535810254536
1811,5.7505535810254536
1812,5.7505535810254536
1813,5.7505535810254536
1814,5.7505535810254536
1815,5.7505535810254536
1816,5.7505535810254536
1817,5.7505535810254536
1818,5.7505535810254536
1819,5.7505535810254536
1820,5.7505535810254536
1821,5.7505535810254536
1822,5.7505535810254536
1823,5.7505535810254536
1824,5.7505535810254536
1825,5.7505535810254536
1826,5.7505535810254536
1827,5.7505535810254536
1828,5.7505535810254536
1829,5.7505535810254536
1830,5.7505535810254536
1831,5.7505535810254536
1832,5.7505535810254536
1833,5.7505535810254536
1834,5.7505535810254536
1835,5.7505535810254536
1836,5.7505535810254536
1837,5.7505535810254536
1838,5.7505535810254536
1839,5.7505535810254536
1840,5.7505535810254536
1841,5.7505535810254536
1842,5.7505535810254536
1843,5.7505535810254536
1844,5.7505535810254536
1845,5.7505535810254536
1846,5.7505535810254536
1847,5.7505535810254536
1848,5.7505535810254536
1849,5.7505535810254536
1850,5.7505535810254536
1851,5.7505535810254536
1852,5.7505535810254536
1853,5.7505535810254536
1854,5.7505535810254536
1855,5.7505535810254536
1856,5.7505535810254536
1857,5.7505535810254536
1858,5.7505535810254536
1859,5.7505535810254536
1860,5.7505535810254536
1861,5.7505535810254536
1862,5.7505535810254536
1863,5.7505535810254536
1864,5.7505535810254536
1865,5.7505535810254536
1866,5.7505535810254536
1867,5.7505535810254536
1868,5.7505535810254536
1869,5.7505535810254536
1870,5.7505535810254536
1871,5.7505535810254536
1872,5.7505535810254536
1873,5.7505535810254536
1874,5.7505535810254536
1875,5.7505535810254536
1876,5.7505535810254536
1877,5.7505535810254536
1878,5.7505535810254536
1879,5.7505535810254536
1880,5.7505535810254536
1881,5.7505535810254536
1882,5.7505535810254536
1883,5.7505535810254536
1884,5.7505535810254536
1885,5.7505535810254536
1886,5.7505535810254536
1887,5.7505535810254536
1888,5.7505535810254536
1889,5.7505535810254536
1890,5.7505535810254536
1891,5.7505535810254536
1892,5.7505535810254536
1893,5.7505535810254536
1894,5.7505535810254536
1895,5.7505535810254536
1896,5.7505535810254536
1897,5.7505535810254536
1898,5.7505535810254536
1899,5.7505535810254536
1900,5.7505535810254536
1901,5.7505535810254536
1902,5.7505535810254536
1903,5.7505535810254536
1904,5.7505535810254536
1905,5.7505535810254536
1906,5.7505535810254536
1907,5.7505535810254536
1908,5.7505535810254536
1909,5.7505535810254536
1910,5.7505535810254536
1911,5.7505535810254536
1912,5.7505535810254536
1913,5.7505535810254536
1914,5.7505535810254536
1915,5.7505535810254536
1916,5.7505535810254536
1917,5.7505535810254536
1918,5.7505535810254536
1919,5.7505535810254536
1920,5.7505535810254536
1921,5.7505535810254536
1922,5.7505535810254536
1923,5.7505535810254536
1924,5.7505535810254536
1925,5.7505535810254536
1926,5.7505535810254536
1927,5.7505535810254536
1928,5.7505535810254536
1929,5.7505535810254536
1930,5.7505535810254536
1931,5.7505535810254536
1932,5.7505535810254536
1933,5.7505535810254536
1934,5.7505535810254536
1935,5.7505535810254536
1936,5.7505535810254536
1937,5.7505535810254536
1938,5.7505535810254536
1939,5.7505535810254536
1940,5.7505535810254536
1941,5.7505535810254536
1942,5.7505535810254536
1943,5.7505535810254536
1944,5.7505535810254536
1945,5.7505535810254536
1946,5.7505535810254536
1947,5.7505535810254536
1948,5.7505535810254536
1949,5.7505535810254536
1950,5.7505535810254536
1951,5.7505535810254536
1952,5.7505535810254536
1953,5.7505535810254536
1954,5.7505535810254536
1955,5.7505535810254536
1956,5.7505535810254536
1957,5.7505535810254536
1958,5.7505535810254536
1959,5.7505535810254536
1960,5.7505535810254536
1961,5.7505535810254536
1962,5.7505535810254536
1963,5.7505535810254536
1964,5.7505535810254536
1965,5.7505535810254536
1966,5.7505535810254536
1967,5.7505535810254536
1968,5.7505535810254536
1969,5.7505535810254536
1970,5.7505535810254536
1971,5.7505535810254536
1972,5.7505535810254536
1973,5.7505535810254536
1974,5.7505535810254536
1975,5.7505535810254536
1976,5.7505535810254536
1977,5.7505535810254536
1978,5.7505535810254536
1979,5.7505535810254536
1980,5.7505535810254536
1981,5.7505535810254536
1982,5.7505535810254536
1983,5.7505535810254536
1984,5.7505535810254536
1985,5.7505535810254536
1986,5.7505535810254536
1987,5.7505535810254536
1988,5.7505535810254536
1989,5.7505535810254536
1990,5.7505535810254536
1991,5.7505535810254536
1992,5.7505535810254536
1993,5.7505535810254536
1994,5.7505535810254536
1995,5.7505535810254536
1996,5.7505535810254536
1997,5.7505535810254536
1998,5.7505535810254536
1999,5.7505535810254536
2000,5.7505535810254536
2001,5.7505535810254536
2002,5.7505535810254536
2003,5.7505535810254536
2004,5.7505535810254536
2005,5.7505535810254536
2006,5.7505535810254536
2007,5.7505535810254536
2008,5.7505535810254536
2009,5.7505535810254536
2010,5.7505535810254536
2011,5.7505535810254536
2012,5.7505535810254536
2013,5.7505535810254536
2014,5.7505535810254536
2015,5.7505535810254536
2016,5.7505535810254536
2017,5.7505535810254536
2018,5.7505535810254536
2019,5.7505535810254536
2020,5.7505535810254536
2021,5.7505535810254536
2022,5.7505535810254536
2023,5.7505535810254536
2024,5.7505535810254536
2025,5.7505535810254536
2026,5.7505535810254536
2027,5.7505535810254536
2028,5.7505535810254536
2029,5.7505535810254536
2030,5.7505535810254536
2031,5.7505535810254536
2032,5.7505535810254536
2033,5.7505535810254536
2034,5.7505535810254536
2035,5.7505535810254536
2036,5.7505535810254536
2037,5.7505535810254536
2038,5.7505535810254536
2039,5.7505535810254536
2040,5.7505535810254536
2041,5.7505535810254536
2042,5.7505535810254536
2043,5.7505535810254536
2044,5.7505535810254536
2045,5.7505535810254536
2046,5.7505535810254536
2047,5.7505535810254536
2048,5.7505535810254536
2049,5.7505535810254536
2050,5.7505535810254536
2051,5.7505535810254536
2052,5.7505535810254536
2053,5.7505535810254536
2054,5.7505535810254536
2055,5.7505535810254536
2056,5.7505535810254536
2057,5.7505535810254536
2058,5.7505535810254536
2059,5.7505535810254536
2060,5.7505535810254536
2061,5.7505535810254536
2062,5.7505535810254536
2063,5.7505535810254536
2064,5.7505535810254536
2065,5.7505535810254536
2066,5.7505535810254536
2067,5.7505535810254536
2068,5.7505535810254536
2069,5.7505535810254536
2070,5.7505535810254536
2071,5.7505535810254536
2072,5.7505535810254536
2073,5.7505535810254536
2074,5.7505535810254536
2075,5.7505535810254536
2076,5.7505535810254536
2077,5.7505535810254536
2078,5.7505535810254536
2079,5.7505535810254536
2080,5.7505535810254536
2081,5.7505535810254536
2082,5.7505535810254536
2083,5.7505535810254536
2084,5.7505535810254536
2085,5.7505535810254536
2086,5.7505535810254536
2087,5.7505535810254536
2088,5.7505535810254536
2089,5.7505535810254536
2090,5.7505535810254536
2091,5.7505535810254536
2092,5.7505535810254536
2093,5.7505535810254536
2094,5.7505535810254536
2095,5.7505535810254536
2096,5.7505535810254536
2097,5.7505535810254536
2098,5.7505535810254536
2099,5.7505535810254536
2100,5.7505535810254536
2101,5.7505535810254536
2102,5.7505535810254536
2103,5.7505535810254536
2104,5.7505535810254536
2105,5.7505535810254536
2106,5.7505535810254536
2107,5.7505535810254536
2108,5.7505535810254536
2109,5.7505535810254536
2110,5.7505535810254536
2111,5.7505535810254536
2112,5.7505535810254536
2113,5.7505535810254536
2114,5.7505535810254536
2115,5.7505535810254536
2116,5.7505535810254536
2117,5.7505535810254536
2118,5.7505535810254536
2119,5.7505535810254536
2120,5.7505535810254536
2121,5.7505535810254536
2122,5.7505535810254536
2123,5.7505535810254536
2124,5.7505535810254536
2125,5.7505535810254536
2126,5.7505535810254536
2127,5.7505535810254536
2128,5.7505535810254536
2129,5.7505535810254536
2130,5.7505535810254536
2131,5.7505535810254536
2132,5.7505535810254536
2133,5.7505535810254536
2134,5.7505535810254536
2135,5.7505535810254536
2136,5.7505535810254536
2137,5.7505535810254536
2138,5.7505535810254536
2139,5.7505535810254536
2140,5.7505535810254536
2141,5.7505535810254536
2142,5.7505535810254536
2143,5.7505535810254536
2144,5.7505535810254536
2145,5.7505535810254536
2146,5.7505535810254536
2147,5.7505535810254536
2148,5.7505535810254536
2149,5.7505535810254536
2150,5.7505535810254536
2151,5.7505535810254536
2152,5.7505535810254536
2153,5.7505535810254536
2154,5.7505535810254536
2155,5.7505535810254536
2156,5.7505535810254536
2157,5.7505535810254536
2158,5.7505535810254536
2159,5.7505535810254536
2160,5.7505535810254536
2161,5.7505535810254536
2162,5.7505535810254536
2163,5.7505535810254536
2164,5.7505535810254536
2165,5.7505535810254536
2166,5.7505535810254536
2167,5.7505535810254536
2168,5.7505535810254536
2169,5.7505535810254536
2170,5.7505535810254536
2171,5.7505535810254536
2172,5.7505535810254536
2173,5.7505535810254536
2174,5.7505535810254536
2175,5.7505535810254536
2176,5.7505535810254536
2177,5.7505535810254536
2178,5.7505535810254536
2179,5.7505535810254536
2180,5.7505535810254536
2181,5.7505535810254536
2182,5.7505535810254536
2183,5.7505535810254536
2184,5.7505535810254536
2185,5.7505535810254536
2186,5.7505535810254536
2187,5.7505535810254536
2188,5.7505535810254536
2189,5.7505535810254536
2190,5.7505535810254536
2191,5.7505535810254536
2192,5.7505535810254536
2193,5.7505535810254536
2194,5.7505535810254536
2195,5.7505535810254536
2196,5.7505535810254536
2197,5.7505535810254536
2198,5.7505535810254536
2199,5.7505535810254536
2200,5.7505535810254536
2201,5.7505535810254536
2202,5.7505535810254536
2203,5.7505535810254536
2204,5.7505535810254536
2205,5.7505535810254536
2206,5.7505535810254536
2207,5.7505535810254536
2208,5.7505535810254536
2209,5.7505535810254536
2210,5.7505535810254536
2211,5.7505535810254536
2212,5.7505535810254536
2213,5.7505535810254536
2214,5.7505535810254536
2215,5.7505535810254536
2216,5.7505535810254536
2217,5.7505535810254536
2218,5.7505535810254536
2219,5.7505535810254536
2220,5.7505535810254536
2221,5.7505535810254536
2222,5.7505535810254536
2223,5.7505535810254536
2224,5.7505535810254536
2225,5.7505535810254536
2226,5.7505535810254536
2227,5.7505535810254536
2228,5.7505535810254536
2229,5.7505535810254536
2230,5.7505535810254536
2231,5.7505535810254536
2232,5.7505535810254536
2233,5.7505535810254536
2234,5.7505535810254536
2235,5.7505535810254536
2236,5.7505535810254536
2237,5.7505535810254536
2238,5.7505535810254536
2239,5.7505535810254536
2240,5.7505535810254536
2241,5.7505535810254536
2242,5.7505535810254536
2243,5.7505535810254536
2244,5.7505535810254536
2245,5.7505535810254536
2246,5.7505535810254536
2247,5.7505535810254536
2248,5.7505535810254536
2249,5.7505535810254536
2250,5.7505535810254536
2251,5.7505535810254536
2252,5.7505535810254536
2253,5.7505535810254536
2254,5.7505535810254536
2255,5.7505535810254536
2256,5.7505535810254536
2257,5.7505535810254536
2258,5.7505535810254536
2259,5.7505535810254536
2260,5.7505535810254536
2261,5.7505535810254536
2262,5.7505535810254536
2263,5.7505535810254536
2264,5.7505535810254536
2265,5.7505535810254536
2266,5.7505535810254536
2267,5.7505535810254536
2268,5.7505535810254536
2269,5.7505535810254536
2270,5.7505535810254536
2271,5.7505535810254536
2272,5.7505535810254536
2273,5.7505535810254536
2274,5.7505535810254536
2275,5.7505535810254536
2276,5.7505535810254536
2277,5.7505535810254536
2278,5.7505535810254536
2279,5.7505535810254536
2280,5.7505535810254536
2281,5.7505535810254536
2282,5.7505535810254536
2283,5.7505535810254536
2284,5.7505535810254536
2285,5.7505535810254536
2286,5.7505535810254536
2287,5.7505535810254536
2288,5.7505535810254536
2289,5.7505535810254536
2290,5.7505535810254536
2291,5.7505535810254536
2292,5.7505535810254536
2293,5.7505535810254536
2294,5.7505535810254536
2295,5.7505535810254536
2296,5.7505535810254536
2297,5.7505535810254536
2298,5.7505535810254536
2299,5.7505535810254536
2300,5.7505535810254536
2301,5.7505535810254536
2302,5.7505535810254536
2303,5.7505535810254536
2304,5.7505535810254536
2305,5.7505535810254536
2306,5.7505535810254536
2307,5.7505535810254536
2308,5.7505535810254536
2309,5.7505535810254536
2310,5.7505535810254536
2311,5.7505535810254536
2312,5.7505535810254536
2313,5.7505535810254536
2314,5.7505535810254536
2315,5.7505535810254536
2316,5.7505535810254536
2317,5.7505535810254536
2318,5.7505535810254536
2319,5.7505535810254536
2320,5.7505535810254536
2321,5.7505535810254536
2322,5.7505535810254536
2323,5.7505535810254536
2324,5.7505535810254536
2325,5.7505535810254536
2326,5.7505535810254536
2327,5.7505535810254536
2328,5.7505535810254536
2329,5.7505535810254536
2330,5.7505535810254536
2331,5.7505535810254536
2332,5.7505535810254536
2333,5.7505535810254536
2334,5.7505535810254536
2335,5.7505535810254536
2336,5.7505535810254536
2337,5.7505535810254536
2338,5.7505535810254536
2339,5.7505535810254536
2340,5.7505535810254536
2341,5.7505535810254536
2342,5.7505535810254536
2343,5.7505535810254536
2344,5.7505535810254536
2345,5.7505535810254536
2346,5.7505535810254536
2347,5.7505535810254536
2348,5.7505535810254536
2349,5.7505535810254536
2350,5.7505535810254536
2351,5.7505535810254536
2352,5.7505535810254536
2353,5.7505535810254536
2354,5.7505535810254536
2355,5.7505535810254536
2356,5.7505535810254536
2357,5.7505535810254536
2358,5.7505535810254536
2359,5.7505535810254536
2360,5.7505535810254536
2361,5.7505535810254536
2362,5.7505535810254536
2363,5.7505535810254536
2364,5.7505535810254536
2365,5.7505535810254536
2366,5.7505535810254536
2367,5.7505535810254536
2368,5.7505535810254536
2369,5.7505535810254536
2370,5.7505535810254536
2371,5.7505535810254536
2372,5.7505535810254536
2373,5.7505535810254536
2374,5.7505535810254536
2375,5.7505535810254536
2376,5.7505535810254536
2377,5.7505535810254536
2378,5.7505535810254536
2379,5.7505535810254536
2380,5.7505535810254536
2381,5.7505535810254536
2382,5.7505535810254536
2383,5.7505535810254536
2384,5.7505535810254536
2385,5.7505535810254536
2386,5.7505535810254536
2387,5.7505535810254536
2388,5.7505535810254536
2389,5.7505535810254536
2390,5.7505535810254536
2391,5.7505535810254536
2392,5.7505535810254536
2393,5.7505535810254536
2394,5.7505535810254536
2395,5.7505535810254536
2396,5.7505535810254536
2397,5.7505535810254536
2398,5.7505535810254536
2399,5.7505535810254536
2400,5.7505535810254536
2401,5.7505535810254536
2402,5.7505535810254536
2403,5.7505535810254536
2404,5.7505535810254536
2405,5.7505535810254536
2406,5.7505535810254536
2407,5.7505535810254536
2408,5.7505535810254536
2409,5.7505535810254536
2410,5.7505535810254536
2411,5.7505535810254536
2412,5.7505535810254536
2413,5.7505535810254536
2414,5.7505535810254536
2415,5.7505535810254536
2416,5.7505535810254536
2417,5.7505535810254536
2418,5.7505535810254536
2419,5.7505535810254536
2420,5.7505535810254536
2421,5.7505535810254536
2422,5.7505535810254536
2423,5.7505535810254536
2424,5.7505535810254536
2425,5.7505535810254536
2426,5.7505535810254536
2427,5.7505535810254536
2428,5.7505535810254536
2429,5.7505535810254536
2430,5.7505535810254536
2431,5.7505535810254536
2432,5.7505535810254536
2433,5.7505535810254536
2434,5.7505535810254536
2435,5.7505535810254536
2436,5.7505535810254536
2437,5.7505535810254536
2438,5.7505535810254536
2439,5.7505535810254536
2440,5.7505535810254536
2441,5.7505535810254536
2442,5.7505535810254536
2443,5.7505535810254536
2444,5.7505535810254536
2445,5.7505535810254536
2446,5.7505535810254536
2447,5.7505535810254536
2448,5.7505535810254536
2449,5.7505535810254536
2450,5.7505535810254536
2451,5.7505535810254536
2452,5.7505535810254536
2453,5.7505535810254536
2454,5.7505535810254536
2455,5.7505535810254536
2456,5.7505535810254536
2457,5.7505535810254536
2458,5.7505535810254536
2459,5.7505535810254536
2460,5.7505535810254536
2461,5.7505535810254536
2462,5.7505535810254536
2463,5.7505535810254536
2464,5.7505535810254536
2465,5.7505535810254536
2466,5.7505535810254536
2467,5.7505535810254536
2468,5.7505535810254536
2469,5.7505535810254536
2470,5.7505535810254536
2471,5.7505535810254536
2472,5.7505535810254536
2473,5.7505535810254536
2474,5.7505535810254536
2475,5.7505535810254536
2476,5.7505535810254536
2477,5.7505535810254536
2478,5.7505535810254536
2479,5.7505535810254536
2480,5.7505535810254536
2481,5.7505535810254536
2482,5.7505535810254536
2483,5.7505535810254536
2484,5.7505535810254536
2485,5.7505535810254536
2486,5.7505535810254536
2487,5.7505535810254536
2488,5.7505535810254536
2489,5.7505535810254536
2490,5.7505535810254536
2491,5.7505535810254536
2492,5.7505535810254536
2493,5.7505535810254536
2494,5.7505535810254536
2495,5.7505535810254536
2496,5.7505535810254536
2497,5.7505535810254536
2498,5.7505535810254536
2499,5.7505535810254536
2500,5.7505535810254536
2501,5.7505535810254536
2502,5.7505535810254536
2503,5.7505535810254536
2504,5.7505535810254536
2505,5.7505535810254536
2506,5.7505535810254536
2507,5.7505535810254536
2508,5.7505535810254536
2509,5.7505535810254536
2510,5.7505535810254536
2511,5.7505535810254536
2512,5.7505535810254536
2513,5.7505535810254536
2514,5.7505535810254536
2515,5.7505535810254536
2516,5.7505535810254536
2517,5.7505535810254536
2518,5.7505535810254536
2519,5.7505535810254536
2520,5.7505535810254536
2521,5.7505535810254536
2522,5.7505535810254536
2523,5.7505535810254536
2524,5.7505535810254536
2525,5.7505535810254536
2526,5.7505535810254536
2527,5.7505535810254536
2528,5.7505535810254536
2529,5.7505535810254536
2530,5.7505535810254536
2531,5.7505535810254536
2532,5.7505535810254536
2533,5.7505535810254536
2534,5.7505535810254536
2535,5.7505535810254536
2536,5.7505535810254536
2537,5.7505535810254536
2538,5.7505535810254536
2539,5.7505535810254536
2540,5.7505535810254536
2541,5.7505535810254536
2542,5.7505535810254536
2543,5.7505535810254536
2544,5.7505535810254536
2545,5.7505535810254536
2546,5.7505535810254536
2547,5.7505535810254536
2548,5.7505535810254536
2549,5.7505535810254536
2550,5.7505535810254536
2551,5.7505535810254536
2552,5.7505535810254536
2553,5.7505535810254536
2554,5.7505535810254536
2555,5.7505535810254536
2556,5.7505535810254536
2557,5.7505535810254536
2558,5.7505535810254536
2559,5.7505535810254536
2560,5.7505535810254536
2561,5.7505535810254536
2562,5.7505535810254536
2563,5.7505535810254536
2564,5.7505535810254536
2565,5.7505535810254536
2566,5.7505535810254536
2567,5.7505535810254536
2568,5.7505535810254536
2569,5.7505535810254536
2570,5.7505535810254536
2571,5.7505535810254536
2572,5.7505535810254536
2573,5.7505535810254536
2574,5.7505535810254536
2575,5.7505535810254536
2576,5.7505535810254536
2577,5.7505535810254536
2578,5.7505535810254536
2579,5.7505535810254536
2580,5.7505535810254536
2581,5.7505535810254536
2582,5.7505535810254536
2583,5.7505535810254536
2584,5.7505535810254536
2585,5.7505535810254536
2586,5.7505535810254536
2587,5.7505535810254536
2588,5.7505535810254536
2589,5.7505535810254536
2590,5.7505535810254536
2591,5.7505535810254536
2592,5.7505535810254536
2593,5.7505535810254536
2594,5.7505535810254536
2595,5.7505535810254536
2596,5.7505535810254536
2597,5.7505535810254536
2598,5.7505535810254536
2599,5.7505535810254536
2600,5.7505535810254536
2601,5.7505535810254536
2602,5.7505535810254536
2603,5.7505535810254536
2604,5.7505535810254536
2605,5.7505535810254536
2606,5.7505535810254536
2607,5.7505535810254536
2608,5.7505535810254536
2609,5.7505535810254536
2610,5.7505535810254536
2611,5.7505535810254536
2612,5.7505535810254536
2613,5.7505535810254536
2614,5.7505535810254536
2615,5.7505535810254536
2616,5.7505535810254536
2617,5.7505535810254536
2618,5.7505535810254536
2619,5.7505535810254536
2620,5.7505535810254536
2621,5.7505535810254536
2622,5.7505535810254536
2623,5.7505535810254536
2624,5.7505535810254536
2625,5.7505535810254536
2626,5.7505535810254536
2627,5.7505535810254536
2628,5.7505535810254536
2629,5.7505535810254536
2630,5.7505535810254536
2631,5.7505535810254536
2632,5.7505535810254536
2633,5.7505535810254536
2634,5.7505535810254536
2635,5.7505535810254536
2636,5.7505535810254536
2637,5.7505535810254536
2638,5.7505535810254536
2639,5.7505535810254536
2640,5.7505535810254536
2641,5.7505535810254536
2642,5.7505535810254536
2643,5.7505535810254536
2644,5.7505535810254536
2645,5.7505535810254536
2646,5.7505535810254536
2647,5.7505535810254536
2648,5.7505535810254536
2649,5.7505535810254536
2650,5.7505535810254536
2651,5.7505535810254536
2652,5.7505535810254536
2653,5.7505535810254536
2654,5.7505535810254536
2655,5.7505535810254536
2656,5.7505535810254536
2657,5.7505535810254536
2658,5.7505535810254536
2659,5.7505535810254536
2660,5.7505535810254536
2661,5.7505535810254536
2662,5.7505535810254536
2663,5.7505535810254536
2664,5.7505535810254536
2665,5.7505535810254536
2666,5.7505535810254536
2667,5.7505535810254536
2668,5.7505535810254536
2669,5.7505535810254536
2670,5.7505535810254536
2671,5.7505535810254536
2672,5.7505535810254536
2673,5.7505535810254536
2674,5.7505535810254536
2675,5.7505535810254536
2676,5.7505535810254536
2677,5.7505535810254536
2678,5.7505535810254536
2679,5.7505535810254536
2680,5.7505535810254536
2681,5.7505535810254536
2682,5.7505535810254536
2683,5.7505535810254536
2684,5.7505535810254536
2685,5.7505535810254536
2686,5.7505535810254536
2687,5.7505535810254536
2688,5.7505535810254536
2689,5.7505535810254536
2690,5.7505535810254536
2691,5.7505535810254536
2692,5.7505535810254536
2693,5.7505535810254536
2694,5.7505535810254536
2695,5.7505535810254536
2696,5.7505535810254536
2697,5.7505535810254536
2698,5.7505535810254536
2699,5.7505535810254536
2700,5.7505535810254536
2701,5.7505535810254536
2702,5.7505535810254536
2703,5.7505535810254536
2704,5.7505535810254536
2705,5.7505535810254536
2706,5.7505535810254536
2707,5.7505535810254536
2708,5.7505535810254536
2709,5.7505535810254536
2710,5.7505535810254536
2711,5.7505535810254536
2712,5.7505535810254536
2713,5.7505535810254536
2714,5.7505535810254536
2715,5.7505535810254536
2716,5.7505535810254536
2717,5.7505535810254536
2718,5.7505535810254536
2719,5.7505535810254536
2720,5.7505535810254536
2721,5.7505535810254536
2722,5.7505535810254536
2723,5.7505535810254536
2724,5.7505535810254536
2725,5.7505535810254536
2726,5.7505535810254536
2727,5.7505535810254536
2728,5.7505535810254536
2729,5.7505535810254536
2730,5.7505535810254536
2731,5.7505535810254536
2732,5.7505535810254536
2733,5.7505535810254536
2734,5.7505535810254536
2735,5.7505535810254536
2736,5.7505535810254536
2737,5.7505535810254536
2738,5.7505535810254536
2739,5.7505535810254536
2740,5.7505535810254536
2741,5.7505535810254536
2742,5.7505535810254536
2743,5.7505535810254536
2744,5.7505535810254536
2745,5.7505535810254536
2746,5.7505535810254536
2747,5.7505535810254536
2748,5.7505535810254536
2749,5.7505535810254536
2750,5.7505535810254536
2751,5.7505535810254536
2752,5.7505535810254536
2753,5.7505535810254536
2754,5.7505535810254536
2755,5.7505535810254536
2756,5.7505535810254536
2757,5.7505535810254536
2758,5.7505535810254536
2759,5.7505535810254536
2760,5.7505535810254536
2761,5.7505535810254536
2762,5.7505535810254536
2763,5.7505535810254536
2764,5.7505535810254536
2765,5.7505535810254536
2766,5.7505535810254536
2767,5.7505535810254536
2768,5.7505535810254536
2769,5.7505535810254536
2770,5.7505535810254536
2771,5.7505535810254536
2772,5.7505535810254536
2773,5.7505535810254536
2774,5.7505535810254536
2775,5.7505535810254536
2776,5.7505535810254536
2777,5.7505535810254536
2778,5.7505535810254536
2779,5.7505535810254536
2780,5.7505535810254536
2781,5.7505535810254536
2782,5.7505535810254536
2783,5.7505535810254536
2784,5.7505535810254536
2785,5.7505535810254536
2786,5.7505535810254536
2787,5.7505535810254536
2788,5.7505535810254536
2789,5.7505535810254536
2790,5.7505535810254536
2791,5.7505535810254536
2792,5.7505535810254536
2793,5.7505535810254536
2794,5.7505535810254536
2795,5.7505535810254536
2796,5.7505535810254536
2797,5.7505535810254536
2798,5.7505535810254536
2799,5.7505535810254536
2800,5.7505535810254536
2801,5.7505535810254536
2802,5.7505535810254536
2803,5.7505535810254536
2804,5.7505535810254536
2805,5.7505535810254536
2806,5.7505535810254536
2807,5.7505535810254536
2808,5.7505535810254536
2809,5.7505535810254536
2810,5.7505535810254536
2811,5.7505535810254536
2812,5.7505535810254536
2813,5.7505535810254536
2814,5.7505535810254536
2815,5.7505535810254536
2816,5.7505535810254536
2817,5.7505535810254536
2818,5.7505535810254536
2819,5.7505535810254536
2820,5.7505535810254536
2821,5.7505535810254536
2822,5.7505535810254536
2823,5.7505535810254536
2824,5.7505535810254536
2825,5.7505535810254536
2826,5.7505535810254536
2827,5.7505535810254536
2828,5.7505535810254536
2829,5.7505535810254536
2830,5.7505535810254536
2831,5.7505535810254536
2832,5.7505535810254536
2833,5.7505535810254536
2834,5.7505535810254536
2835,5.7505535810254536
2836,5.7505535810254536
2837,5.7505535810254536
2838,5.7505535810254536
2839,5.7505535810254536
2840,5.7505535810254536
2841,5.7505535810254536
2842,5.7505535810254536
2843,5.7505535810254536
2844,5.7505535810254536
2845,5.7505535810254536
2846,5.7505535810254536
2847,5.7505535810254536
2848,5.7505535810254536
2849,5.7505535810254536
2850,5.7505535810254536
2851,5.7505535810254536
2852,5.7505535810254536
2853,5.7505535810254536
2854,5.7505535810254536
2855,5.7505535810254536
2856,5.7505535810254536
2857,5.7505535810254536
2858,5.7505535810254536
2859,5.7505535810254536
2860,5.7505535810254536
2861,5.7505535810254536
2862,5.7505535810254536
2863,5.7505535810254536
2864,5.7505535810254536
2865,5.7505535810254536
2866,5.7505535810254536
2867,5.7505535810254536
2868,5.7505535810254536
2869,5.7505535810254536
2870,5.7505535810254536
2871,5.7505535810254536
2872,5.7505535810254536
2873,5.7505535810254536
2874,5.7505535810254536
2875,5.7505535810254536
2876,5.7505535810254536
2877,5.7505535810254536
2878,5.7505535810254536
2879,5.7505535810254536
2880,5.7505535810254536
2881,5.7505535810254536
2882,5.7505535810254536
2883,5.7505535810254536
2884,5.7505535810254536
2885,5.7505535810254536
2886,5.7505535810254536
2887,5.7505535810254536
2888,5.7505535810254536
2889,5.7505535810254536
2890,5.7505535810254536
2891,5.7505535810254536
2892,5.7505535810254536
2893,5.7505535810254536
2894,5.7505535810254536
2895,5.7505535810254536
2896,5.7505535810254536
2897,5.7505535810254536
2898,5.7505535810254536
2899,5.7505535810254536
2900,5.7505535810254536
2901,5.7505535810254536
2902,5.7505535810254536
2903,5.7505535810254536
2904,5.7505535810254536
2905,5.7505535810254536
2906,5.7505535810254536
2907,5.7505535810254536
2908,5.7505535810254536
2909,5.7505535810254536
2910,5.7505535810254536
2911,5.7505535810254536
2912,5.7505535810254536
2913,5.7505535810254536
2914,5.7505535810254536
2915,5.7505535810254536
2916,5.7505535810254536
2917,5.7505535810254536
2918,5.7505535810254536
2919,5.7505535810254536
2920,5.7505535810254536
2921,5.7505535810254536
2922,5.7505535810254536
2923,5.7505535810254536
2924,5.7505535810254536
2925,5.7505535810254536
2926,5.7505535810254536
2927,5.7505535810254536
2928,5.7505535810254536
2929,5.7505535810254536
2930,5.7505535810254536
2931,5.7505535810254536
2932,5.7505535810254536
2933,5.7505535810254536
2934,5.7505535810254536
2935,5.7505535810254536
2936,5.7505535810254536
2937,5.7505535810254536
2938,5.7505535810254536
2939,5.7505535810254536
2940,5.7505535810254536
2941,5.7505535810254536
2942,5.7505535810254536
2943,5.7505535810254536
2944,5.7505535810254536
2945,5.7505535810254536
2946,5.7505535810254536
2947,5.7505535810254536
2948,5.7505535810254536
2949,5.7505535810254536
2950,5.7505535810254536
2951,5.7505535810254536
2952,5.7505535810254536
2953,5.7505535810254536
2954,5.7505535810254536
2955,5.7505535810254536
2956,5.7505535810254536
2957,5.7505535810254536
2958,5.7505535810254536
2959,5.7505535810254536
2960,5.7505535810254536
2961,5.7505535810254536
2962,5.7505535810254536
2963,5.7505535810254536
2964,5.7505535810254536
2965,5.7505535810254536
2966,5.7505535810254536
2967,5.7505535810254536
2968,5.7505535810254536
2969,5.7505535810254536
2970,5.7505535810254536
2971,5.7505535810254536
2972,5.7505535810254536
2973,5.7505535810254536
2974,5.7505535810254536
2975,5.7505535810254536
2976,5.7505535810254536
2977,5.7505535810254536
2978,5.7505535810254536
2979,5.7505535810254536
2980,5.7505535810254536
2981,5.7505535810254536
2982,5.7505535810254536
2983,5.7505535810254536
2984,5.7505535810254536
2985,5.7505535810254536
2986,5.7505535810254536
2987,5.7505535810254536
2988,5.7505535810254536
2989,5.7505535810254536
2990,5.7505535810254536
2991,5.7505535810254536
2992,5.7505535810254536
2993,5.7505535810254536
2994,5.7505535810254536
2995,5.7505535810254536
2996,5.7505535810254536
2997,5.7505535810254536
2998,5.7505535810254536
2999,5.7505535810254536
3000,5.7505535810254536
3001,5.7505535810254536
3002,5.7505535810254536
3003,5.7505535810254536
3004,5.7505535810254536
3005,5.7505535810254536
3006,5.7505535810254536
3007,5.7505535810254536
3008,5.7505535810254536
3009,5.7505535810254536
3010,5.7505535810254536
3011,5.7505535810254536
3012,5.7505535810254536
3013,5.7505535810254536
3014,5.7505535810254536
3015,5.7505535810254536
3016,5.7505535810254536
3017,5.7505535810254536
3018,5.7505535810254536
3019,5.7505535810254536
3020,5.7505535810254536
3021,5.7505535810254536
3022,5.7505535810254536
3023,5.7505535810254536
3024,5.7505535810254536
3025,5.7505535810254536
3026,5.7505535810254536
3027,5.7505535810254536
3028,5.7505535810254536
3029,5.7505535810254536
3030,5.7505535810254536
3031,5.7505535810254536
3032,5.7505535810254536
3033,5.7505535810254536
3034,5.7505535810254536
3035,5.7505535810254536
3036,5.7505535810254536
3037,5.7505535810254536
3038,5.7505535810254536
3039,5.7505535810254536
3040,5.7505535810254536
3041,5.7505535810254536
3042,5.7505535810254536
3043,5.7505535810254536
3044,5.7505535810254536
3045,5.7505535810254536
3046,5.7505535810254536
3047,5.7505535810254536
3048,5.7505535810254536
3049,5.7505535810254536
3050,5.7505535810254536
3051,5.7505535810254536
3052,5.7505535810254536
3053,5.7505535810254536
3054,5.7505535810254536
3055,5.7505535810254536
3056,5.7505535810254536
3057,5.7505535810254536
3058,5.7505535810254536
3059,5.7505535810254536
3060,5.7505535810254536
3061,5.7505535810254536
3062,5.7505535810254536
3063,5.7505535810254536
3064,5.7505535810254536
3065,5.7505535810254536
3066,5.7505535810254536
3067,5.7505535810254536
3068,5.7505535810254536
3069,5.7505535810254536
3070,5.7505535810254536
3071,5.7505535810254536
3072,5.7505535810254536
3073,5.7505535810254536
3074,5.7505535810254536
3075,5.7505535810254536
3076,5.7505535810254536
3077,5.7505535810254536
3078,5.7505535810254536
3079,5.7505535810254536
3080,5.7505535810254536
3081,5.7505535810254536
3082,5.7505535810254536
3083,5.7505535810254536
3084,5.7505535810254536
3085,5.7505535810254536
3086,5.7505535810254536
3087,5.7505535810254536
3088,5.7505535810254536
3089,5.7505535810254536
3090,5.7505535810254536
3091,5.7505535810254536
3092,5.7505535810254536
3093,5.7505535810254536
3094,5.7505535810254536
3095,5.7505535810254536
3096,5.7505535810254536
3097,5.7505535810254536
3098,5.7505535810254536
3099,5.7505535810254536
3100,5.7505535810254536
3101,5.7505535810254536
3102,5.7505535810254536
3103,5.7505535810254536
3104,5.7505535810254536
3105,5.7505535810254536
3106,5.7505535810254536
3107,5.7505535810254536
3108,5.7505535810254536
3109,5.7505535810254536
3110,5.7505535810254536
3111,5.7505535810254536
3112,5.7505535810254536
3113,5.7505535810254536
3114,5.7505535810254536
3115,5.7505535810254536
3116,5.7505535810254536
3117,5.7505535810254536
3118,5.7505535810254536
3119,5.7505535810254536
3120,5.7505535810254536
3121,5.7505535810254536
3122,5.7505535810254536
3123,5.7505535810254536
3124,5.7505535810254536
3125,5.7505535810254536
3126,5.7505535810254536
3127,5.7505535810254536
3128,5.7505535810254536
3129,5.7505535810254536
3130,5.7505535810254536
3131,5.7505535810254536
3132,5.7505535810254536
3133,5.7505535810254536
3134,5.7505535810254536
3135,5.7505535810254536
3136,5.7505535810254536
3137,5.7505535810254536
3138,5.7505535810254536
3139,5.7505535810254536
3140,5.7505535810254536
3141,5.7505535810254536
3142,5.7505535810254536
3143,5.7505535810254536
3144,5.7505535810254536
3145,5.7505535810254536
3146,5.7505535810254536
3147,5.7505535810254536
3148,5.7505535810254536
3149,5.7505535810254536
3150,5.7505535810254536
3151,5.7505535810254536
3152,5.7505535810254536
3153,5.7505535810254536
3154,5.7505535810254536
3155,5.7505535810254536
3156,5.7505535810254536
3157,5.7505535810254536
3158,5.7505535810254536
3159,5.7505535810254536
3160,5.7505535810254536
3161,5.7505535810254536
3162,5.7505535810254536
3163,5.7505535810254536
3164,5.7505535810254536
3165,5.7505535810254536
3166,5.7505535810254536
3167,5.7505535810254536
3168,5.7505535810254536
3169,5.7505535810254536
3170,5.7505535810254536
3171,5.7505535810254536
3172,5.7505535810254536
3173,5.7505535810254536
3174,5.7505535810254536
3175,5.7505535810254536
3176,5.7505535810254536
3177,5.7505535810254536
3178,5.7505535810254536
3179,5.7505535810254536
3180,5.7505535810254536
3181,5.7505535810254536
3182,5.7505535810254536
3183,5.7505535810254536
3184,5.7505535810254536
3185,5.7505535810254536
3186,5.7505535810254536
3187,5.7505535810254536
3188,5.7505535810254536
3189,5.7505535810254536
3190,5.627001276338134
3191,5.627001276338134
3192,5.627001276338134
3193,5.627001276338134
3194,5.627001276338134
3195,5.627001276338134
3196,5.627001276338134
3197,5.627001276338134
3198,5.627001276338134
3199,5.627001276338134
3200,5.627001276338134
3201,5.627001276338134
3202,5.627001276338134
3203,5.627001276338134
3204,5.627001276338134
3205,5.627001276338134
3206,5.627001276338134
3207,5.627001276338134
3208,5.627001276338134
3209,5.627001276338134
3210,5.627001276338134
3211,5.627001276338134
3212,5.627001276338134
3213,5.627001276338134
3214,5.627001276338134
3215,5.627001276338134
3216,5.627001276338134
3217,5.627001276338134
3218,5.627001276338134
3219,5.627001276338134
3220,5.627001276338134
3221,5.627001276338134
3222,5.627001276338134
3223,5.627001276338134
3224,5.627001276338134
3225,5.627001276338134
3226,5.627001276338134
3227,5.627001276338134
3228,5.627001276338134
3229,5.627001276338134
3230,5.627001276338134
3231,5.627001276338134
3232,5.627001276338134
3233,5.627001276338134
3234,5.627001276338134
3235,5.627001276338134
3236,5.627001276338134
3237,5.627001276338134
3238,5.627001276338134
3239,5.627001276338134
3240,5.627001276338134
3241,5.627001276338134
3242,5.627001276338134
3243,5.627001276338134
3244,5.627001276338134
3245,5.627001276338134
3246,5.627001276338134
3247,5.627001276338134
3248,5.627001276338134
3249,5.627001276338134
3250,5.627001276338134
3251,5.627001276338134
3252,5.627001276338134
3253,5.627001276338134
3254,5.627001276338134
3255,5.627001276338134
3256,5.627001276338134
3257,5.627001276338134
3258,5.627001276338134
3259,5.627001276338134
3260,5.627001276338134
3261,5.627001276338134
3262,5.627001276338134
3263,5.627001276338134
3264,5.627001276338134
3265,5.627001276338134
3266,5.627001276338134
3267,5.627001276338134
3268,5.627001276338134
3269,5.627001276338134
3270,5.627001276338134
3271,5.627001276338134
3272,5.627001276338134
3273,5.627001276338134
3274,5.627001276338134
3275,5.627001276338134
3276,5.627001276338134
3277,5.627001276338134
3278,5.627001276338134
3279,5.627001276338134
3280,5.627001276338134
3281,5.627001276338134
3282,5.627001276338134
3283,5.627001276338134
3284,5.627001276338134
3285,5.627001276338134
3286,5.627001276338134
3287,5.627001276338134
3288,5.627001276338134
3289,5.627001276338134
3290,5.627001276338134
3291,5.627001276338134
3292,5.627001276338134
3293,5.627001276338134
3294,5.627001276338134
3295,5.627001276338134
3296,5.627001276338134
3297,5.627001276338134
3298,5.627001276338134
3299,5.627001276338134
3300,5.627001276338134
3301,5.627001276338134
3302,5.627001276338134
3303,5.627001276338134
3304,5.627001276338134
3305,5.627001276338134
3306,5.627001276338134
3307,5.627001276338134
3308,5.627001276338134
3309,5.627001276338134
3310,5.627001276338134
3311,5.627001276338134
3312,5.627001276338134
3313,5.627001276338134
3314,5.627001276338134
3315,5.627001276338134
3316,5.627001276338134
3317,5.627001276338134
3318,5.627001276338134
3319,5.627001276338134
3320,5.627001276338134
3321,5.627001276338134
3322,5.627001276338134
3323,5.627001276338134
3324,5.627001276338134
3325,5.627001276338134
3326,5.627001276338134
3327,5.627001276338134
3328,5.627001276338134
3329,5.627001276338134
3330,5.627001276338134
3331,5.627001276338134
3332,5.627001276338134
3333,5.627001276338134
3334,5.627001276338134
3335,5.627001276338134
3336,5.627001276338134
3337,5.627001276338134
3338,5.627001276338134
3339,5.627001276338134
3340,5.627001276338134
3341,5.627001276338134
3342,5.627001276338134
3343,5.627001276338134
3344,5.627001276338134
3345,5.627001276338134
3346,5.627001276338134
3347,5.627001276338134
3348,5.627001276338134
3349,5.627001276338134
3350,5.627001276338134
3351,5.627001276338134
3352,5.627001276338134
3353,5.627001276338134
3354,5.627001276338134
3355,5.627001276338134
3356,5.627001276338134
3357,5.627001276338134
3358,5.627001276338134
3359,5.627001276338134
3360,5.627001276338134
3361,5.627001276338134
3362,5.627001276338134
3363,5.627001276338134
3364,5.627001276338134
3365,5.627001276338134
3366,5.627001276338134
3367,5.627001276338134
3368,5.627001276338134
3369,5.627001276338134
3370,5.627001276338134
3371,5.627001276338134
3372,5.627001276338134
3373,5.627001276338134
3374,5.627001276338134
3375,5.627001276338134
3376,5.627001276338134
3377,5.627001276338134
3378,5.627001276338134
3379,5.627001276338134
3380,5.627001276338134
3381,5.564962814939486
3382,5.564962814939486
3383,5.564962814939486
3384,5.564962814939486
3385,5.564962814939486
3386,5.564962814939486
3387,5.564962814939486
3388,5.564962814939486
3389,5.564962814939486
3390,5.564962814939486
3391,5.564962814939486
3392,5.564962814939486
3393,5.564962814939486
3394,5.564962814939486
3395,5.564962814939486
3396,5.564962814939486
3397,5.564962814939486
3398,5.564962814939486
3399,5.564962814939486
3400,5.564962814939486
3401,5.564962814939486
3402,5.564962814939486
3403,5.564962814939486
3404,5.564962814939486
3405,5.564962814939486
3406,5.564962814939486
3407,5.564962814939486
3408,5.564962814939486
3409,5.564962814939486
3410,5.564962814939486
3411,5.564962814939486
3412,5.564962814939486
3413,5.564962814939486
3414,5.564962814939486
3415,5.564962814939486
3416,5.564962814939486
3417,5.564962814939486
3418,5.564962814939486
3419,5.564962814939486
3420,5.564962814939486
3421,5.564962814939486
3422,5.564962814939486
3423,5.564962814939486
3424,5.564962814939486
3425,5.564962814939486
3426,5.564962814939486
3427,5.564962814939486
3428,5.564962814939486
3429,5.564962814939486
3430,5.564962814939486
3431,5.564962814939486
3432,5.564962814939486
3433,5.564962814939486
3434,5.564962814939486
3435,5.564962814939486
3436,5.564962814939486
3437,5.564962814939486
3438,5.564962814939486
3439,5.564962814939486
3440,5.564962814939486
3441,5.564962814939486
3442,5.564962814939486
3443,5.564962814939486
3444,5.564962814939486
3445,5.564962814939486
3446,5.564962814939486
3447,5.564962814939486
3448,5.564962814939486
3449,5.564962814939486
3450,5.564962814939486
3451,5.564962814939486
3452,5.564962814939486
3453,5.564962814939486
3454,5.564962814939486
3455,5.564962814939486
3456,5.564962814939486
3457,5.564962814939486
3458,5.564962814939486
3459,5.564962814939486
3460,5.564962814939486
3461,5.564962814939486
3462,5.564962814939486
3463,5.564962814939486
3464,5.564962814939486
3465,5.564962814939486
3466,5.564962814939486
3467,5.564962814939486
3468,5.564962814939486
3469,5.564962814939486
3470,5.564962814939486
3471,5.564962814939486
3472,5.564962814939486
3473,5.564962814939486
3474,5.564962814939486
3475,5.564962814939486
3476,5.564962814939486
3477,5.564962814939486
3478,5.564962814939486
3479,5.564962814939486
3480,5.564962814939486
3481,5.564962814939486
3482,5.564962814939486
3483,5.564962814939486
3484,5.564962814939486
3485,5.564962814939486
3486,5.564962814939486
3487,5.564962814939486
3488,5.564962814939486
3489,5.564962814939486
3490,5.564962814939486
3491,5.564962814939486
3492,5.564962814939486
3493,5.564962814939486
3494,5.564962814939486
3495,5.564962814939486
3496,5.564962814939486
3497,5.564962814939486
3498,5.564962814939486
3499,5.564962814939486
3500,5.564962814939486
3501,5.564962814939486
3502,5.564962814939486
3503,5.564962814939486
3504,5.564962814939486
3505,5.564962814939486
3506,5.564962814939486
3507,5.564962814939486
3508,5.564962814939486
3509,5.564962814939486
3510,5.564962814939486
3511,5.564962814939486
3512,5.564962814939486
3513,5.564962814939486
3514,5.564962814939486
3515,5.564962814939486
3516,5.564962814939486
3517,5.564962814939486
3518,5.564962814939486
3519,5.564962814939486
3520,5.564962814939486
3521,5.564962814939486
3522,5.564962814939486
3523,5.564962814939486
3524,5.564962814939486
3525,5.564962814939486
3526,5.564962814939486
3527,5.564962814939486
3528,5.564962814939486
3529,5.564962814939486
3530,5.564962814939486
3531,5.564962814939486
3532,5.564962814939486
3533,5.564962814939486
3534,5.564962814939486
3535,5.564962814939486
3536,5.564962814939486
3537,5.564962814939486
3538,5.564962814939486
3539,5.564962814939486
3540,5.564962814939486
3541,5.564962814939486
3542,5.564962814939486
3543,5.564962814939486
3544,5.564962814939486
3545,5.564962814939486
3546,5.564962814939486
3547,5.564962814939486
3548,5.564962814939486
3549,5.564962814939486
3550,5.564962814939486
3551,5.564962814939486
3552,5.564962814939486
3553,5.564962814939486
3554,5.564962814939486
3555,5.564962814939486
3556,5.564962814939486
3557,5.564962814939486
3558,5.564962814939486
3559,5.564962814939486
3560,5.564962814939486
3561,5.564962814939486
3562,5.564962814939486
3563,5.564962814939486
3564,5.564962814939486
3565,5.564962814939486
3566,5.564962814939486
3567,5.564962814939486
3568,5.564962814939486
3569,5.564962814939486
3570,5.564962814939486
3571,5.564962814939486
3572,5.564962814939486
3573,5.564962814939486
3574,5.564962814939486
3575,5.564962814939486
3576,5.564962814939486
3577,5.564962814939486
3578,5.564962814939486
3579,5.564962814939486
3580,5.564962814939486
3581,5.564962814939486
3582,5.564962814939486
3583,5.564962814939486
3584,5.564962814939486
3585,5.564962814939486
3586,5.564962814939486
3587,5.564962814939486
3588,5.564962814939486
3589,5.564962814939486
3590,5.564962814939486
3591,5.564962814939486
3592,5.564962814939486
3593,5.564962814939486
3594,5.564962814939486
3595,5.564962814939486
3596,5.564962814939486
3597,5.564962814939486
3598,5.564962814939486
3599,5.564962814939486
3600,5.564962814939486
3601,5.564962814939486
3602,5.564962814939486
3603,5.564962814939486
3604,5.564962814939486
3605,5.564962814939486
3606,5.564962814939486
3607,5.564962814939486
3608,5.564962814939486
3609,5.564962814939486
3610,5.564962814939486
3611,5.564962814939486
3612,5.564962814939486
3613,5.564962814939486
3614,5.564962814939486
3615,5.564962814939486
3616,5.564962814939486
3617,5.564962814939486
3618,5.564962814939486
3619,5.564962814939486
3620,5.564962814939486
3621,5.564962814939486
3622,5.564962814939486
3623,5.564962814939486
3624,5.564962814939486
3625,5.564962814939486
3626,5.564962814939486
3627,5.564962814939486
3628,5.564962814939486
3629,5.564962814939486
3630,5.564962814939486
3631,5.564962814939486
3632,5.564962814939486
3633,5.564962814939486
3634,5.564962814939486
3635,5.564962814939486
3636,5.564962814939486
3637,5.564962814939486
3638,5.564962814939486
3639,5.564962814939486
3640,5.564962814939486
3641,5.564962814939486
3642,5.564962814939486
3643,5.564962814939486
3644,5.564962814939486
3645,5.564962814939486
3646,5.564962814939486
3647,5.564962814939486
3648,5.564962814939486
3649,5.564962814939486
3650,5.564962814939486
3651,5.564962814939486
3652,5.564962814939486
3653,5.564962814939486
3654,5.564962814939486
3655,5.564962814939486
3656,5.564962814939486
3657,5.564962814939486
3658,5.564962814939486
3659,5.564962814939486
3660,5.564962814939486
3661,5.564962814939486
3662,5.564962814939486
3663,5.564962814939486
3664,5.564962814939486
3665,5.564962814939486
3666,5.564962814939486
3667,5.564962814939486
3668,5.564962814939486
3669,5.564962814939486
3670,5.564962814939486
3671,5.564962814939486
3672,5.564962814939486
3673,5.564962814939486
3674,5.564962814939486
3675,5.564962814939486
3676,5.564962814939486
3677,5.564962814939486
3678,5.564962814939486
3679,5.564962814939486
3680,5.564962814939486
3681,5.564962814939486
3682,5.564962814939486
3683,5.564962814939486
3684,5.564962814939486
3685,5.564962814939486
3686,5.564962814939486
3687,5.564962814939486
3688,5.564962814939486
3689,5.564962814939486
3690,5.564962814939486
3691,5.564962814939486
3692,5.564962814939486
3693,5.564962814939486
3694,5.564962814939486
3695,5.564962814939486
3696,5.564962814939486
3697,5.564962814939486
3698,5.564962814939486
3699,5.564962814939486
3700,5.564962814939486
3701,5.564962814939486
3702,5.564962814939486
3703,5.564962814939486
3704,5.564962814939486
3705,5.564962814939486
3706,5.564962814939486
3707,5.564962814939486
3708,5.564962814939486
3709,5.564962814939486
3710,5.564962814939486
3711,5.564962814939486
3712,5.564962814939486
3713,5.564962814939486
3714,5.564962814939486
3715,5.564962814939486
3716,5.564962814939486
3717,5.564962814939486
3718,5.564962814939486
3719,5.564962814939486
3720,5.564962814939486
3721,5.564962814939486
3722,5.564962814939486
3723,5.564962814939486
3724,5.564962814939486
3725,5.564962814939486
3726,5.564962814939486
3727,5.564962814939486
3728,5.564962814939486
3729,5.564962814939486
3730,5.564962814939486
3731,5.564962814939486
3732,5.564962814939486
3733,5.564962814939486
3734,5.564962814939486
3735,5.564962814939486
3736,5.564962814939486
3737,5.564962814939486
3738,5.564962814939486
3739,5.564962814939486
3740,5.564962814939486
3741,5.564962814939486
3742,5.564962814939486
3743,5.564962814939486
3744,5.564962814939486
3745,5.564962814939486
3746,5.564962814939486
3747,5.564962814939486
3748,5.564962814939486
3749,5.564962814939486
3750,5.564962814939486
3751,5.564962814939486
3752,5.564962814939486
3753,5.564962814939486
3754,5.564962814939486
3755,5.564962814939486
3756,5.564962814939486
3757,5.564962814939486
3758,5.564962814939486
3759,5.564962814939486
3760,5.564962814939486
3761,5.564962814939486
3762,5.564962814939486
3763,5.564962814939486
3764,5.564962814939486
3765,5.564962814939486
3766,5.564962814939486
3767,5.564962814939486
3768,5.564962814939486
3769,5.564962814939486
3770,5.564962814939486
3771,5.564962814939486
3772,5.564962814939486
3773,5.564962814939486
3774,5.564962814939486
3775,5.564962814939486
3776,5.564962814939486
3777,5.564962814939486
3778,5.564962814939486
3779,5.564962814939486
3780,5.564962814939486
3781,5.564962814939486
3782,5.564962814939486
3783,5.564962814939486
3784,5.564962814939486
3785,5.564962814939486
3786,5.564962814939486
3787,5.564962814939486
3788,5.564962814939486
3789,5.564962814939486
3790,5.564962814939486
3791,5.564962814939486
3792,5.564962814939486
3793,5.564962814939486
3794,5.564962814939486
3795,5.564962814939486
3796,5.564962814939486
3797,5.564962814939486
3798,5.564962814939486
3799,5.564962814939486
3800,5.564962814939486
3801,5.564962814939486
3802,5.564962814939486
3803,5.564962814939486
3804,5.564962814939486
3805,5.564962814939486
3806,5.564962814939486
3807,5.564962814939486
3808,5.564962814939486
3809,5.564962814939486
3810,5.564962814939486
3811,5.564962814939486
3812,5.564962814939486
3813,5.564962814939486
3814,5.564962814939486
3815,5.564962814939486
3816,5.564962814939486
3817,5.564962814939486
3818,5.564962814939486
3819,5.564962814939486
3820,5.564962814939486
3821,5.564962814939486
3822,5.564962814939486
3823,5.564962814939486
3824,5.564962814939486
3825,5.564962814939486
3826,5.564962814939486
3827,5.564962814939486
3828,5.564962814939486
3829,5.564962814939486
3830,5.564962814939486
3831,5.564962814939486
3832,5.564962814939486
3833,5.564962814939486
3834,5.564962814939486
3835,5.564962814939486
3836,5.564962814939486
3837,5.564962814939486
3838,5.564962814939486
3839,5.564962814939486
3840,5.564962814939486
3841,5.564962814939486
3842,5.564962814939486
3843,5.564962814939486
3844,5.564962814939486
3845,5.564962814939486
3846,5.564962814939486
3847,5.564962814939486
3848,5.564962814939486
3849,5.564962814939486
3850,5.564962814939486
3851,5.564962814939486
3852,5.564962814939486
3853,5.564962814939486
3854,5.564962814939486
3855,5.564962814939486
3856,5.564962814939486
3857,5.564962814939486
3858,5.564962814939486
3859,5.564962814939486
3860,5.564962814939486
3861,5.564962814939486
3862,5.564962814939486
3863,5.564962814939486
3864,5.564962814939486
3865,5.564962814939486
3866,5.564962814939486
3867,5.564962814939486
3868,5.564962814939486
3869,5.564962814939486
3870,5.564962814939486
3871,5.564962814939486
3872,5.564962814939486
3873,5.564962814939486
3874,5.564962814939486
3875,5.564962814939486
3876,5.564962814939486
3877,5.564962814939486
3878,5.564962814939486
3879,5.564962814939486
3880,5.564962814939486
3881,5.564962814939486
3882,5.564962814939486
3883,5.564962814939486
3884,5.564962814939486
3885,5.564962814939486
3886,5.564962814939486
3887,5.564962814939486
3888,5.564962814939486
3889,5.564962814939486
3890,5.564962814939486
3891,5.564962814939486
3892,5.564962814939486
3893,5.564962814939486
3894,5.564962814939486
3895,5.564962814939486
3896,5.564962814939486
3897,5.564962814939486
3898,5.564962814939486
3899,5.564962814939486
3900,5.564962814939486
3901,5.564962814939486
3902,5.564962814939486
3903,5.564962814939486
3904,5.564962814939486
3905,5.564962814939486
3906,5.564962814939486
3907,5.564962814939486
3908,5.564962814939486
3909,5.564962814939486
3910,5.564962814939486
3911,5.564962814939486
3912,5.564962814939486
3913,5.564962814939486
3914,5.564962814939486
3915,5.564962814939486
3916,5.564962814939486
3917,5.564962814939486
3918,5.564962814939486
3919,5.564962814939486
3920,5.564962814939486
3921,5.564962814939486
3922,5.564962814939486
3923,5.564962814939486
3924,5.564962814939486
3925,5.564962814939486
3926,5.564962814939486
3927,5.564962814939486
3928,5.564962814939486
3929,5.564962814939486
3930,5.564962814939486
3931,5.564962814939486
3932,5.564962814939486
3933,5.564962814939486
3934,5.564962814939486
3935,5.564962814939486
3936,5.564962814939486
3937,5.564962814939486
3938,5.564962814939486
3939,5.564962814939486
3940,5.564962814939486
3941,5.564962814939486
3942,5.564962814939486
3943,5.564962814939486
3944,5.564962814939486
3945,5.564962814939486
3946,5.564962814939486
3947,5.564962814939486
3948,5.564962814939486
3949,5.564962814939486
3950,5.564962814939486
3951,5.564962814939486
3952,5.564962814939486
3953,5.564962814939486
3954,5.564962814939486
3955,5.564962814939486
3956,5.564962814939486
3957,5.564962814939486
3958,5.564962814939486
3959,5.564962814939486
3960,5.564962814939486
3961,5.564962814939486
3962,5.564962814939486
3963,5.564962814939486
3964,5.564962814939486
3965,5.564962814939486
3966,5.564962814939486
3967,5.564962814939486
3968,5.564962814939486
3969,5.564962814939486
3970,5.564962814939486
3971,5.564962814939486
3972,5.564962814939486
3973,5.564962814939486
3974,5.564962814939486
3975,5.564962814939486
3976,5.564962814939486
3977,5.564962814939486
3978,5.564962814939486
3979,5.564962814939486
3980,5.564962814939486
3981,5.564962814939486
3982,5.564962814939486
3983,5.564962814939486
3984,5.564962814939486
3985,5.564962814939486
3986,5.564962814939486
3987,5.564962814939486
3988,5.564962814939486
3989,5.564962814939486
3990,5.564962814939486
3991,5.564962814939486
3992,5.564962814939486
3993,5.564962814939486
3994,5.564962814939486
3995,5.564962814939486
3996,5.564962814939486
3997,5.564962814939486
3998,5.564962814939486
3999,5.564962814939486
4000,5.564962814939486
4001,5.564962814939486
4002,5.564962814939486
4003,5.564962814939486
4004,5.564962814939486
4005,5.564962814939486
4006,5.564962814939486
4007,5.564962814939486
4008,5.564962814939486
4009,5.564962814939486
4010,5.564962814939486
4011,5.564962814939486
4012,5.564962814939486
4013,5.564962814939486
4014,5.564962814939486
4015,5.564962814939486
4016,5.564962814939486
4017,5.564962814939486
4018,5.564962814939486
4019,5.564962814939486
4020,5.564962814939486
4021,5.564962814939486
4022,5.564962814939486
4023,5.564962814939486
4024,5.564962814939486
4025,5.564962814939486
4026,5.564962814939486
4027,5.564962814939486
4028,5.564962814939486
4029,5.564962814939486
4030,5.564962814939486
4031,5.564962814939486
4032,5.564962814939486
4033,5.564962814939486
4034,5.564962814939486
4035,5.564962814939486
4036,5.564962814939486
4037,5.564962814939486
4038,5.564962814939486
4039,5.564962814939486
4040,5.564962814939486
4041,5.564962814939486
4042,5.564962814939486
4043,5.564962814939486
4044,5.564962814939486
4045,5.564962814939486
4046,5.564962814939486
4047,5.564962814939486
4048,5.564962814939486
4049,5.564962814939486
4050,5.564962814939486
4051,5.564962814939486
4052,5.564962814939486
4053,5.564962814939486
4054,5.564962814939486
4055,5.564962814939486
4056,5.564962814939486
4057,5.564962814939486
4058,5.564962814939486
4059,5.564962814939486
4060,5.564962814939486
4061,5.564962814939486
4062,5.564962814939486
4063,5.564962814939486
4064,5.564962814939486
4065,5.564962814939486
4066,5.564962814939486
4067,5.564962814939486
4068,5.564962814939486
4069,5.564962814939486
4070,5.564962814939486
4071,5.564962814939486
4072,5.564962814939486
4073,5.564962814939486
4074,5.564962814939486
4075,5.564962814939486
4076,5.564962814939486
4077,5.564962814939486
4078,5.564962814939486
4079,5.564962814939486
4080,5.564962814939486
4081,5.564962814939486
4082,5.564962814939486
4083,5.564962814939486
4084,5.564962814939486
4085,5.564962814939486
4086,5.564962814939486
4087,5.564962814939486
4088,5.564962814939486
4089,5.564962814939486
4090,5.564962814939486
4091,5.564962814939486
4092,5.564962814939486
4093,5.564962814939486
4094,5.564962814939486
4095,5.564962814939486
4096,5.564962814939486
4097,5.564962814939486
4098,5.564962814939486
4099,5.564962814939486
4100,5.564962814939486
4101,5.564962814939486
4102,5.564962814939486
4103,5.564962814939486
4104,5.564962814939486
4105,5.564962814939486
4106,5.564962814939486
4107,5.564962814939486
4108,5.564962814939486
4109,5.564962814939486
4110,5.564962814939486
4111,5.564962814939486
4112,5.564962814939486
4113,5.564962814939486
4114,5.564962814939486
4115,5.564962814939486
4116,5.564962814939486
4117,5.564962814939486
4118,5.564962814939486
4119,5.564962814939486
4120,5.564962814939486
4121,5.564962814939486
4122,5.564962814939486
4123,5.564962814939486
4124,5.564962814939486
4125,5.564962814939486
4126,5.564962814939486
4127,5.564962814939486
4128,5.564962814939486
4129,5.564962814939486
4130,5.564962814939486
4131,5.564962814939486
4132,5.564962814939486
4133,5.564962814939486
4134,5.564962814939486
4135,5.564962814939486
4136,5.564962814939486
4137,5.564962814939486
4138,5.564962814939486
4139,5.564962814939486
4140,5.564962814939486
4141,5.564962814939486
4142,5.564962814939486
4143,5.564962814939486
4144,5.564962814939486
4145,5.564962814939486
4146,5.564962814939486
4147,5.564962814939486
4148,5.564962814939486
4149,5.564962814939486
4150,5.564962814939486
4151,5.564962814939486
4152,5.564962814939486
4153,5.564962814939486
4154,5.564962814939486
4155,5.564962814939486
4156,5.564962814939486
4157,5.564962814939486
4158,5.564962814939486
4159,5.564962814939486
4160,5.564962814939486
4161,5.564962814939486
4162,5.564962814939486
4163,5.564962814939486
4164,5.564962814939486
4165,5.564962814939486
4166,5.564962814939486
4167,5.564962814939486
4168,5.564962814939486
4169,5.564962814939486
4170,5.564962814939486
4171,5.564962814939486
4172,5.564962814939486
4173,5.564962814939486
4174,5.564962814939486
4175,5.564962814939486
4176,5.564962814939486
4177,5.564962814939486
4178,5.564962814939486
4179,5.564962814939486
4180,5.564962814939486
4181,5.564962814939486
4182,5.564962814939486
4183,5.564962814939486
4184,5.564962814939486
4185,5.564962814939486
4186,5.564962814939486
4187,5.564962814939486
4188,5.564962814939486
4189,5.564962814939486
4190,5.564962814939486
4191,5.564962814939486
4192,5.564962814939486
4193,5.564962814939486
4194,5.564962814939486
4195,5.564962814939486
4196,5.564962814939486
4197,5.564962814939486
4198,5.564962814939486
4199,5.564962814939486
4200,5.564962814939486
4201,5.564962814939486
4202,5.564962814939486
4203,5.564962814939486
4204,5.564962814939486
4205,5.564962814939486
4206,5.564962814939486
4207,5.564962814939486
4208,5.564962814939486
4209,5.564962814939486
4210,5.564962814939486
4211,5.564962814939486
4212,5.564962814939486
4213,5.564962814939486
4214,5.564962814939486
4215,5.564962814939486
4216,5.564962814939486
4217,5.564962814939486
4218,5.564962814939486
4219,5.564962814939486
4220,5.564962814939486
4221,5.564962814939486
4222,5.564962814939486
4223,5.564962814939486
4224,5.564962814939486
4225,5.564962814939486
4226,5.564962814939486
4227,5.564962814939486
4228,5.564962814939486
4229,5.564962814939486
4230,5.564962814939486
4231,5.564962814939486
4232,5.564962814939486
4233,5.564962814939486
4234,5.564962814939486
4235,5.564962814939486
4236,5.564962814939486
4237,5.564962814939486
4238,5.564962814939486
4239,5.564962814939486
4240,5.564962814939486
4241,5.564962814939486
4242,5.564962814939486
4243,5.564962814939486
4244,5.564962814939486
4245,5.564962814939486
4246,5.564962814939486
4247,5.564962814939486
4248,5.564962814939486
4249,5.564962814939486
4250,5.564962814939486
4251,5.564962814939486
4252,5.564962814939486
4253,5.564962814939486
4254,5.564962814939486
4255,5.564962814939486
4256,5.564962814939486
4257,5.564962814939486
4258,5.564962814939486
4259,5.564962814939486
4260,5.564962814939486
4261,5.564962814939486
4262,5.564962814939486
4263,5.564962814939486
4264,5.564962814939486
4265,5.564962814939486
4266,5.564962814939486
4267,5.564962814939486
4268,5.564962814939486
4269,5.564962814939486
4270,5.564962814939486
4271,5.564962814939486
4272,5.564962814939486
4273,5.564962814939486
4274,5.564962814939486
4275,5.564962814939486
4276,5.564962814939486
4277,5.564962814939486
4278,5.564962814939486
4279,5.564962814939486
4280,5.564962814939486
4281,5.564962814939486
4282,5.564962814939486
4283,5.564962814939486
4284,5.564962814939486
4285,5.564962814939486
4286,5.564962814939486
4287,5.564962814939486
4288,5.564962814939486
4289,5.564962814939486
4290,5.564962814939486
4291,5.564962814939486
4292,5.564962814939486
4293,5.564962814939486
4294,5.564962814939486
4295,5.564962814939486
4296,5.564962814939486
4297,5.564962814939486
4298,5.564962814939486
4299,5.564962814939486
4300,5.564962814939486
4301,5.564962814939486
4302,5.564962814939486
4303,5.564962814939486
4304,5.564962814939486
4305,5.564962814939486
4306,5.564962814939486
4307,5.564962814939486
4308,5.564962814939486
4309,5.564962814939486
4310,5.564962814939486
4311,5.564962814939486
4312,5.564962814939486
4313,5.564962814939486
4314,5.564962814939486
4315,5.564962814939486
4316,5.564962814939486
4317,5.564962814939486
4318,5.564962814939486
4319,5.564962814939486
4320,5.564962814939486
4321,5.564962814939486
4322,5.564962814939486
4323,5.564962814939486
4324,5.564962814939486
4325,5.564962814939486
4326,5.564962814939486
4327,5.564962814939486
4328,5.564962814939486
4329,5.564962814939486
4330,5.564962814939486
4331,5.564962814939486
4332,5.564962814939486
4333,5.564962814939486
4334,5.564962814939486
4335,5.564962814939486
4336,5.564962814939486
4337,5.564962814939486
4338,5.564962814939486
4339,5.564962814939486
4340,5.564962814939486
4341,5.564962814939486
4342,5.564962814939486
4343,5.564962814939486
4344,5.564962814939486
4345,5.564962814939486
4346,5.564962814939486
4347,5.564962814939486
4348,5.564962814939486
4349,5.564962814939486
4350,5.564962814939486
4351,5.564962814939486
4352,5.564962814939486
4353,5.564962814939486
4354,5.564962814939486
4355,5.564962814939486
4356,5.564962814939486
4357,5.564962814939486
4358,5.564962814939486
4359,5.564962814939486
4360,5.564962814939486
4361,5.564962814939486
4362,5.564962814939486
4363,5.564962814939486
4364,5.564962814939486
4365,5.564962814939486
4366,5.564962814939486
4367,5.564962814939486
4368,5.564962814939486
4369,5.564962814939486
4370,5.564962814939486
4371,5.564962814939486
4372,5.564962814939486
4373,5.564962814939486
4374,5.564962814939486
4375,5.564962814939486
4376,5.564962814939486
4377,5.564962814939486
4378,5.564962814939486
4379,5.564962814939486
4380,5.564962814939486
4381,5.564962814939486
4382,5.564962814939486
4383,5.564962814939486
4384,5.564962814939486
4385,5.564962814939486
4386,5.564962814939486
4387,5.564962814939486
4388,5.564962814939486
4389,5.564962814939486
4390,5.564962814939486
4391,5.564962814939486
4392,5.564962814939486
4393,5.564962814939486
4394,5.564962814939486
4395,5.564962814939486
4396,5.564962814939486
4397,5.564962814939486
4398,5.564962814939486
4399,5.564962814939486
4400,5.564962814939486
4401,5.564962814939486
4402,5.564962814939486
4403,5.564962814939486
4404,5.564962814939486
4405,5.564962814939486
4406,5.564962814939486
4407,5.564962814939486
4408,5.564962814939486
4409,5.564962814939486
4410,5.564962814939486
4411,5.564962814939486
4412,5.564962814939486
4413,5.564962814939486
4414,5.564962814939486
4415,5.564962814939486
4416,5.564962814939486
4417,5.564962814939486
4418,5.564962814939486
4419,5.564962814939486
4420,5.564962814939486
4421,5.564962814939486
4422,5.564962814939486
4423,5.564962814939486
4424,5.564962814939486
4425,5.564962814939486
4426,5.564962814939486
4427,5.564962814939486
4428,5.564962814939486
4429,5.564962814939486
4430,5.564962814939486
4431,5.564962814939486
4432,5.564962814939486
4433,5.564962814939486
4434,5.564962814939486
4435,5.564962814939486
4436,5.564962814939486
4437,5.564962814939486
4438,5.564962814939486
4439,5.564962814939486
4440,5.564962814939486
4441,5.564962814939486
4442,5.564962814939486
4443,5.564962814939486
4444,5.564962814939486
4445,5.564962814939486
4446,5.564962814939486
4447,5.564962814939486
4448,5.564962814939486
4449,5.564962814939486
4450,5.564962814939486
4451,5.564962814939486
4452,5.564962814939486
4453,5.564962814939486
4454,5.564962814939486
4455,5.564962814939486
4456,5.564962814939486
4457,5.564962814939486
4458,5.564962814939486
4459,5.564962814939486
4460,5.564962814939486
4461,5.564962814939486
4462,5.564962814939486
4463,5.564962814939486
4464,5.564962814939486
4465,5.564962814939486
4466,5.564962814939486
4467,5.564962814939486
4468,5.564962814939486
4469,5.564962814939486
4470,5.564962814939486
4471,5.564962814939486
4472,5.564962814939486
4473,5.564962814939486
4474,5.564962814939486
4475,5.564962814939486
4476,5.564962814939486
4477,5.564962814939486
4478,5.564962814939486
4479,5.564962814939486
4480,5.564962814939486
4481,5.564962814939486
4482,5.564962814939486
4483,5.564962814939486
4484,5.564962814939486
4485,5.564962814939486
4486,5.564962814939486
4487,5.564962814939486
4488,5.564962814939486
4489,5.564962814939486
4490,5.564962814939486
4491,5.564962814939486
4492,5.564962814939486
4493,5.564962814939486
4494,5.564962814939486
4495,5.564962814939486
4496,5.564962814939486
4497,5.564962814939486
4498,5.564962814939486
4499,5.564962814939486
4500,5.564962814939486
4501,5.564962814939486
4502,5.564962814939486
4503,5.564962814939486
4504,5.564962814939486
4505,5.564962814939486
4506,5.564962814939486
4507,5.564962814939486
4508,5.564962814939486
4509,5.564962814939486
4510,5.564962814939486
4511,5.564962814939486
4512,5.564962814939486
4513,5.564962814939486
4514,5.564962814939486
4515,5.564962814939486
4516,5.564962814939486
4517,5.564962814939486
4518,5.564962814939486
4519,5.564962814939486
4520,5.564962814939486
4521,5.564962814939486
4522,5.564962814939486
4523,5.564962814939486
4524,5.564962814939486
4525,5.564962814939486
4526,5.564962814939486
4527,5.564962814939486
4528,5.564962814939486
4529,5.564962814939486
4530,5.564962814939486
4531,5.564962814939486
4532,5.564962814939486
4533,5.564962814939486
4534,5.564962814939486
4535,5.564962814939486
4536,5.564962814939486
4537,5.564962814939486
4538,5.564962814939486
4539,5.564962814939486
4540,5.564962814939486
4541,5.564962814939486
4542,5.564962814939486
4543,5.564962814939486
4544,5.564962814939486
4545,5.564962814939486
4546,5.564962814939486
4547,5.564962814939486
4548,5.564962814939486
4549,5.564962814939486
4550,5.564962814939486
4551,5.564962814939486
4552,5.564962814939486
4553,5.564962814939486
4554,5.564962814939486
4555,5.564962814939486
4556,5.564962814939486
4557,5.564962814939486
4558,5.564962814939486
4559,5.564962814939486
4560,5.564962814939486
4561,5.564962814939486
4562,5.564962814939486
4563,5.564962814939486
4564,5.564962814939486
4565,5.564962814939486
4566,5.564962814939486
4567,5.564962814939486
4568,5.564962814939486
4569,5.564962814939486
4570,5.564962814939486
4571,5.564962814939486
4572,5.564962814939486
4573,5.564962814939486
4574,5.564962814939486
4575,5.564962814939486
4576,5.564962814939486
4577,5.564962814939486
4578,5.564962814939486
4579,5.564962814939486
4580,5.564962814939486
4581,5.564962814939486
4582,5.564962814939486
4583,5.564962814939486
4584,5.564962814939486
4585,5.564962814939486
4586,5.564962814939486
4587,5.564962814939486
4588,5.564962814939486
4589,5.564962814939486
4590,5.564962814939486
4591,5.564962814939486
4592,5.564962814939486
4593,5.564962814939486
4594,5.564962814939486
4595,5.564962814939486
4596,5.564962814939486
4597,5.564962814939486
4598,5.564962814939486
4599,5.564962814939486
4600,5.564962814939486
4601,5.564962814939486
4602,5.564962814939486
4603,5.564962814939486
4604,5.564962814939486
4605,5.564962814939486
4606,5.564962814939486
4607,5.564962814939486
4608,5.564962814939486
4609,5.564962814939486
4610,5.564962814939486
4611,5.564962814939486
4612,5.564962814939486
4613,5.564962814939486
4614,5.564962814939486
4615,5.564962814939486
4616,5.564962814939486
4617,5.564962814939486
4618,5.564962814939486
4619,5.564962814939486
4620,5.564962814939486
4621,5.564962814939486
4622,5.564962814939486
4623,5.564962814939486
4624,5.564962814939486
4625,5.564962814939486
4626,5.564962814939486
4627,5.564962814939486
4628,5.564962814939486
4629,5.564962814939486
4630,5.564962814939486
4631,5.564962814939486
4632,5.564962814939486
4633,5.564962814939486
4634,5.564962814939486
4635,5.564962814939486
4636,5.564962814939486
4637,5.564962814939486
4638,5.564962814939486
4639,5.564962814939486
4640,5.564962814939486
4641,5.564962814939486
4642,5.564962814939486
4643,5.564962814939486
4644,5.564962814939486
4645,5.564962814939486
4646,5.564962814939486
4647,5.564962814939486
4648,5.564962814939486
4649,5.564962814939486
4650,5.564962814939486
4651,5.564962814939486
4652,5.564962814939486
4653,5.564962814939486
4654,5.564962814939486
4655,5.564962814939486
4656,5.564962814939486
4657,5.564962814939486
4658,5.564962814939486
4659,5.564962814939486
4660,5.564962814939486
4661,5.564962814939486
4662,5.564962814939486
4663,5.564962814939486
4664,5.564962814939486
4665,5.564962814939486
4666,5.564962814939486
4667,5.564962814939486
4668,5.564962814939486
4669,5.564962814939486
4670,5.564962814939486
4671,5.564962814939486
4672,5.564962814939486
4673,5.564962814939486
4674,5.564962814939486
4675,5.564962814939486
4676,5.564962814939486
4677,5.564962814939486
4678,5.564962814939486
4679,5.564962814939486
4680,5.564962814939486
4681,5.564962814939486
4682,5.564962814939486
4683,5.564962814939486
4684,5.564962814939486
4685,5.564962814939486
4686,5.564962814939486
4687,5.564962814939486
4688,5.564962814939486
4689,5.564962814939486
4690,5.564962814939486
4691,5.564962814939486
4692,5.564962814939486
4693,5.564962814939486
4694,5.564962814939486
4695,5.564962814939486
4696,5.564962814939486
4697,5.564962814939486
4698,5.564962814939486
4699,5.564962814939486
4700,5.564962814939486
4701,5.564962814939486
4702,5.564962814939486
4703,5.564962814939486
4704,5.564962814939486
4705,5.564962814939486
4706,5.564962814939486
4707,5.564962814939486
4708,5.564962814939486
4709,5.564962814939486
4710,5.564962814939486
4711,5.564962814939486
4712,5.564962814939486
4713,5.564962814939486
4714,5.564962814939486
4715,5.564962814939486
4716,5.564962814939486
4717,5.564962814939486
4718,5.564962814939486
4719,5.564962814939486
4720,5.564962814939486
4721,5.564962814939486
4722,5.564962814939486
4723,5.564962814939486
4724,5.564962814939486
4725,5.564962814939486
4726,5.564962814939486
4727,5.564962814939486
4728,5.564962814939486
4729,5.564962814939486
4730,5.564962814939486
4731,5.564962814939486
4732,5.564962814939486
4733,5.564962814939486
4734,5.564962814939486
4735,5.564962814939486
4736,5.564962814939486
4737,5.564962814939486
4738,5.564962814939486
4739,5.564962814939486
4740,5.564962814939486
4741,5.564962814939486
4742,5.564962814939486
4743,5.564962814939486
4744,5.564962814939486
4745,5.564962814939486
4746,5.564962814939486
4747,5.564962814939486
4748,5.564962814939486
4749,5.564962814939486
4750,5.564962814939486
4751,5.564962814939486
4752,5.564962814939486
4753,5.564962814939486
4754,5.564962814939486
4755,5.564962814939486
4756,5.564962814939486
4757,5.564962814939486
4758,5.564962814939486
4759,5.564962814939486
4760,5.564962814939486
4761,5.564962814939486
4762,5.564962814939486
4763,5.564962814939486
4764,5.564962814939486
4765,5.564962814939486
4766,5.564962814939486
4767,5.564962814939486
4768,5.564962814939486
4769,5.564962814939486
4770,5.564962814939486
4771,5.564962814939486
4772,5.564962814939486
4773,5.564962814939486
4774,5.564962814939486
4775,5.564962814939486
4776,5.564962814939486
4777,5.564962814939486
4778,5.564962814939486
4779,5.564962814939486
4780,5.564962814939486
4781,5.564962814939486
4782,5.564962814939486
4783,5.564962814939486
4784,5.564962814939486
4785,5.564962814939486
4786,5.564962814939486
4787,5.564962814939486
4788,5.564962814939486
4789,5.564962814939486
4790,5.564962814939486
4791,5.564962814939486
4792,5.564962814939486
4793,5.564962814939486
4794,5.564962814939486
4795,5.564962814939486
4796,5.564962814939486
4797,5.564962814939486
4798,5.564962814939486
4799,5.564962814939486
4800,5.564962814939486
4801,5.564962814939486
4802,5.564962814939486
4803,5.564962814939486
4804,5.564962814939486
4805,5.564962814939486
4806,5.564962814939486
4807,5.564962814939486
4808,5.564962814939486
4809,5.564962814939486
4810,5.564962814939486
4811,5.564962814939486
4812,5.564962814939486
4813,5.564962814939486
4814,5.564962814939486
4815,5.564962814939486
4816,5.564962814939486
4817,5.564962814939486
4818,5.564962814939486
4819,5.564962814939486
4820,5.564962814939486
4821,5.564962814939486
4822,5.564962814939486
4823,5.564962814939486
4824,5.564962814939486
4825,5.564962814939486
4826,5.564962814939486
4827,5.564962814939486
4828,5.564962814939486
4829,5.564962814939486
4830,5.564962814939486
4831,5.564962814939486
4832,5.564962814939486
4833,5.564962814939486
4834,5.564962814939486
4835,5.564962814939486
4836,5.564962814939486
4837,5.564962814939486
4838,5.564962814939486
4839,5.564962814939486
4840,5.564962814939486
4841,5.564962814939486
4842,5.564962814939486
4843,5.564962814939486
4844,5.564962814939486
4845,5.564962814939486
4846,5.564962814939486
4847,5.564962814939486
4848,5.564962814939486
4849,5.564962814939486
4850,5.564962814939486
4851,5.564962814939486
4852,5.564962814939486
4853,5.564962814939486
4854,5.564962814939486
4855,5.564962814939486
4856,5.564962814939486
4857,5.564962814939486
4858,5.564962814939486
4859,5.564962814939486
4860,5.564962814939486
4861,5.564962814939486
4862,5.564962814939486
4863,5.564962814939486
4864,5.564962814939486
4865,5.564962814939486
4866,5.564962814939486
4867,5.564962814939486
4868,5.564962814939486
4869,5.564962814939486
4870,5.564962814939486
4871,5.564962814939486
4872,5.564962814939486
4873,5.564962814939486
4874,5.564962814939486
4875,5.564962814939486
4876,5.564962814939486
4877,5.564962814939486
4878,5.564962814939486
4879,5.564962814939486
4880,5.564962814939486
4881,5.564962814939486
4882,5.564962814939486
4883,5.564962814939486
4884,5.564962814939486
4885,5.564962814939486
4886,5.564962814939486
4887,5.564962814939486
4888,5.564962814939486
4889,5.564962814939486
4890,5.564962814939486
4891,5.564962814939486
4892,5.564962814939486
4893,5.564962814939486
4894,5.564962814939486
4895,5.564962814939486
4896,5.564962814939486
4897,5.564962814939486
4898,5.564962814939486
4899,5.564962814939486
4900,5.564962814939486
4901,5.564962814939486
4902,5.564962814939486
4903,5.564962814939486
4904,5.564962814939486
4905,5.564962814939486
4906,5.564962814939486
4907,5.564962814939486
4908,5.564962814939486
4909,5.564962814939486
4910,5.564962814939486
4911,5.564962814939486
4912,5.564962814939486
4913,5.564962814939486
4914,5.564962814939486
4915,5.564962814939486
4916,5.564962814939486
4917,5.564962814939486
4918,5.564962814939486
4919,5.564962814939486
4920,5.564962814939486
4921,5.564962814939486
4922,5.564962814939486
4923,5.564962814939486
4924,5.564962814939486
4925,5.564962814939486
4926,5.564962814939486
4927,5.564962814939486
4928,5.564962814939486
4929,5.564962814939486
4930,5.564962814939486
4931,5.564962814939486
4932,5.564962814939486
4933,5.564962814939486
4934,5.564962814939486
4935,5.564962814939486
4936,5.564962814939486
4937,5.564962814939486
4938,5.564962814939486
4939,5.564962814939486
4940,5.564962814939486
4941,5.564962814939486
4942,5.564962814939486
4943,5.564962814939486
4944,5.564962814939486
4945,5.564962814939486
4946,5.564962814939486
4947,5.564962814939486
4948,5.564962814939486
4949,5.564962814939486
4950,5.564962814939486
4951,5.564962814939486
4952,5.564962814939486
4953,5.564962814939486
4954,5.564962814939486
4955,5.564962814939486
4956,5.564962814939486
4957,5.564962814939486
4958,5.564962814939486
4959,5.564962814939486
4960,5.564962814939486
4961,5.564962814939486
4962,5.564962814939486
4963,5.564962814939486
4964,5.564962814939486
4965,5.564962814939486
4966,5.564962814939486
4967,5.564962814939486
4968,5.564962814939486
4969,5.564962814939486
4970,5.564962814939486
4971,5.564962814939486
4972,5.564962814939486
4973,5.564962814939486
4974,5.564962814939486
4975,5.564962814939486
4976,5.564962814939486
4977,5.564962814939486
4978,5.564962814939486
4979,5.564962814939486
4980,5.564962814939486
4981,5.564962814939486
4982,5.564962814939486
4983,5.564962814939486
4984,5.564962814939486
4985,5.564962814939486
4986,5.564962814939486
4987,5.564962814939486
4988,5.564962814939486
4989,5.564962814939486
4990,5.564962814939486
4991,5.564962814939486
4992,5.564962814939486
4993,5.564962814939486
4994,5.564962814939486
4995,5.564962814939486
4996,5.564962814939486
4997,5.564962814939486
4998,5.564962814939486
4999,5.564962814939486
5000,5.564962814939486
5001,5.564962814939486
5002,5.564962814939486
5003,5.564962814939486
5004,5.564962814939486
5005,5.564962814939486
5006,5.564962814939486
5007,5.564962814939486
5008,5.564962814939486
5009,5.564962814939486
5010,5.564962814939486
5011,5.564962814939486
5012,5.564962814939486
5013,5.564962814939486
5014,5.564962814939486
5015,5.564962814939486
5016,5.564962814939486
5017,5.564962814939486
5018,5.564962814939486
5019,5.564962814939486
5020,5.564962814939486
5021,5.564962814939486
5022,5.564962814939486
5023,5.564962814939486
5024,5.564962814939486
5025,5.564962814939486
5026,5.564962814939486
5027,5.564962814939486
5028,5.564962814939486
5029,5.564962814939486
5030,5.564962814939486
5031,5.564962814939486
5032,5.564962814939486
5033,5.564962814939486
5034,5.564962814939486
5035,5.564962814939486
5036,5.564962814939486
5037,5.564962814939486
5038,5.564962814939486
5039,5.564962814939486
5040,5.564962814939486
5041,5.564962814939486
5042,5.564962814939486
5043,5.564962814939486
5044,5.564962814939486
5045,5.564962814939486
5046,5.564962814939486
5047,5.564962814939486
5048,5.564962814939486
5049,5.564962814939486
5050,5.564962814939486
5051,5.564962814939486
5052,5.564962814939486
5053,5.564962814939486
5054,5.564962814939486
5055,5.564962814939486
5056,5.564962814939486
5057,5.564962814939486
5058,5.564962814939486
5059,5.564962814939486
5060,5.564962814939486
5061,5.564962814939486
5062,5.564962814939486
5063,5.564962814939486
5064,5.564962814939486
5065,5.564962814939486
5066,5.564962814939486
5067,5.564962814939486
5068,5.564962814939486
5069,5.564962814939486
5070,5.564962814939486
5071,5.564962814939486
5072,5.564962814939486
5073,5.564962814939486
5074,5.564962814939486
5075,5.564962814939486
5076,5.564962814939486
5077,5.564962814939486
5078,5.564962814939486
5079,5.564962814939486
5080,5.564962814939486
5081,5.564962814939486
5082,5.564962814939486
5083,5.564962814939486
5084,5.564962814939486
5085,5.564962814939486
5086,5.564962814939486
5087,5.564962814939486
5088,5.564962814939486
5089,5.564962814939486
5090,5.564962814939486
5091,5.564962814939486
5092,5.564962814939486
5093,5.564962814939486
5094,5.564962814939486
5095,5.564962814939486
5096,5.564962814939486
5097,5.564962814939486
5098,5.564962814939486
5099,5.564962814939486
5100,5.564962814939486
5101,5.564962814939486
5102,5.564962814939486
5103,5.564962814939486
5104,5.564962814939486
5105,5.564962814939486
5106,5.564962814939486
5107,5.564962814939486
5108,5.564962814939486
5109,5.564962814939486
5110,5.564962814939486
5111,5.564962814939486
5112,5.564962814939486
5113,5.564962814939486
5114,5.564962814939486
5115,5.564962814939486
5116,5.564962814939486
5117,5.564962814939486
5118,5.564962814939486
5119,5.564962814939486
5120,5.564962814939486
5121,5.564962814939486
5122,5.564962814939486
5123,5.564962814939486
5124,5.564962814939486
5125,5.564962814939486
5126,5.564962814939486
5127,5.564962814939486
5128,5.564962814939486
5129,5.564962814939486
5130,5.564962814939486
5131,5.564962814939486
5132,5.564962814939486
5133,5.564962814939486
5134,5.564962814939486
5135,5.564962814939486
5136,5.564962814939486
5137,5.564962814939486
5138,5.564962814939486
5139,5.564962814939486
5140,5.564962814939486
5141,5.564962814939486
5142,5.564962814939486
5143,5.564962814939486
5144,5.564962814939486
5145,5.564962814939486
5146,5.564962814939486
5147,5.564962814939486
5148,5.564962814939486
5149,5.564962814939486
5150,5.564962814939486
5151,5.564962814939486
5152,5.564962814939486
5153,5.564962814939486
5154,5.564962814939486
5155,5.564962814939486
5156,5.564962814939486
5157,5.564962814939486
5158,5.564962814939486
5159,5.564962814939486
5160,5.564962814939486
5161,5.564962814939486
5162,5.564962814939486
5163,5.564962814939486
5164,5.564962814939486
5165,5.564962814939486
5166,5.564962814939486
5167,5.564962814939486
5168,5.564962814939486
5169,5.564962814939486
5170,5.564962814939486
5171,5.564962814939486
5172,5.564962814939486
5173,5.564962814939486
5174,5.564962814939486
5175,5.564962814939486
5176,5.564962814939486
5177,5.564962814939486
5178,5.564962814939486
5179,5.564962814939486
5180,5.564962814939486
5181,5.564962814939486
5182,5.564962814939486
5183,5.564962814939486
5184,5.564962814939486
5185,5.564962814939486
5186,5.564962814939486
5187,5.564962814939486
5188,5.564962814939486
5189,5.564962814939486
5190,5.564962814939486
5191,5.564962814939486
5192,5.564962814939486
5193,5.564962814939486
5194,5.564962814939486
5195,5.564962814939486
5196,5.564962814939486
5197,5.564962814939486
5198,5.564962814939486
5199,5.564962814939486
5200,5.564962814939486
5201,5.564962814939486
5202,5.564962814939486
5203,5.564962814939486
5204,5.564962814939486
5205,5.564962814939486
5206,5.564962814939486
5207,5.564962814939486
5208,5.564962814939486
5209,5.564962814939486
5210,5.564962814939486
5211,5.564962814939486
5212,5.564962814939486
5213,5.564962814939486
5214,5.564962814939486
5215,5.564962814939486
5216,5.564962814939486
5217,5.564962814939486
5218,5.564962814939486
5219,5.564962814939486
5220,5.564962814939486
5221,5.564962814939486
5222,5.564962814939486
5223,5.564962814939486
5224,5.564962814939486
5225,5.564962814939486
5226,5.564962814939486
5227,5.564962814939486
5228,5.564962814939486
5229,5.564962814939486
5230,5.564962814939486
5231,5.564962814939486
5232,5.564962814939486
5233,5.564962814939486
5234,5.564962814939486
5235,5.564962814939486
5236,5.564962814939486
5237,5.564962814939486
5238,5.564962814939486
5239,5.564962814939486
5240,5.564962814939486
5241,5.564962814939486
5242,5.564962814939486
5243,5.564962814939486
5244,5.564962814939486
5245,5.564962814939486
5246,5.564962814939486
5247,5.564962814939486
5248,5.564962814939486
5249,5.564962814939486
5250,5.564962814939486
5251,5.564962814939486
5252,5.564962814939486
5253,5.564962814939486
5254,5.564962814939486
5255,5.564962814939486
5256,5.564962814939486
5257,5.564962814939486
5258,5.564962814939486
5259,5.564962814939486
5260,5.564962814939486
5261,5.564962814939486
5262,5.564962814939486
5263,5.564962814939486
5264,5.564962814939486
5265,5.564962814939486
5266,5.564962814939486
5267,5.564962814939486
5268,5.564962814939486
5269,5.564962814939486
5270,5.564962814939486
5271,5.564962814939486
5272,5.564962814939486
5273,5.564962814939486
5274,5.564962814939486
5275,5.564962814939486
5276,5.564962814939486
5277,5.564962814939486
5278,5.564962814939486
5279,5.564962814939486
5280,5.564962814939486
5281,5.564962814939486
5282,5.564962814939486
5283,5.564962814939486
5284,5.564962814939486
5285,5.564962814939486
5286,5.564962814939486
5287,5.564962814939486
5288,5.564962814939486
5289,5.564962814939486
5290,5.564962814939486
5291,5.564962814939486
5292,5.564962814939486
5293,5.564962814939486
5294,5.564962814939486
5295,5.564962814939486
5296,5.564962814939486
5297,5.564962814939486
5298,5.564962814939486
5299,5.564962814939486
5300,5.564962814939486
5301,5.564962814939486
5302,5.564962814939486
5303,5.564962814939486
5304,5.564962814939486
5305,5.564962814939486
5306,5.564962814939486
5307,5.564962814939486
5308,5.564962814939486
5309,5.564962814939486
5310,5.564962814939486
5311,5.564962814939486
5312,5.564962814939486
5313,5.564962814939486
5314,5.564962814939486
5315,5.564962814939486
5316,5.564962814939486
5317,5.564962814939486
5318,5.564962814939486
5319,5.564962814939486
5320,5.564962814939486
5321,5.564962814939486
5322,5.564962814939486
5323,5.564962814939486
5324,5.564962814939486
5325,5.564962814939486
5326,5.564962814939486
5327,5.564962814939486
5328,5.564962814939486
5329,5.564962814939486
5330,5.564962814939486
5331,5.564962814939486
5332,5.564962814939486
5333,5.564962814939486
5334,5.564962814939486
5335,5.564962814939486
5336,5.564962814939486
5337,5.564962814939486
5338,5.564962814939486
5339,5.564962814939486
5340,5.564962814939486
5341,5.564962814939486
5342,5.564962814939486
5343,5.564962814939486
5344,5.564962814939486
5345,5.564962814939486
5346,5.564962814939486
5347,5.564962814939486
5348,5.564962814939486
5349,5.564962814939486
5350,5.564962814939486
5351,5.564962814939486
5352,5.564962814939486
5353,5.564962814939486
5354,5.564962814939486
5355,5.564962814939486
5356,5.564962814939486
5357,5.564962814939486
5358,5.564962814939486
5359,5.564962814939486
5360,5.564962814939486
5361,5.564962814939486
5362,5.564962814939486
5363,5.564962814939486
5364,5.564962814939486
5365,5.564962814939486
5366,5.564962814939486
5367,5.564962814939486
5368,5.564962814939486
5369,5.564962814939486
5370,5.564962814939486
5371,5.564962814939486
5372,5.564962814939486
5373,5.564962814939486
5374,5.564962814939486
5375,5.564962814939486
5376,5.564962814939486
5377,5.564962814939486
5378,5.564962814939486
5379,5.564962814939486
5380,5.564962814939486
5381,5.564962814939486
5382,5.564962814939486
5383,5.564962814939486
5384,5.564962814939486
5385,5.564962814939486
5386,5.564962814939486
5387,5.564962814939486
5388,5.564962814939486
5389,5.564962814939486
5390,5.564962814939486
5391,5.564962814939486
5392,5.564962814939486
5393,5.564962814939486
5394,5.564962814939486
5395,5.564962814939486
5396,5.564962814939486
5397,5.564962814939486
5398,5.564962814939486
5399,5.564962814939486
5400,5.564962814939486
5401,5.564962814939486
5402,5.564962814939486
5403,5.564962814939486
5404,5.564962814939486
5405,5.564962814939486
5406,5.564962814939486
5407,5.564962814939486
5408,5.564962814939486
5409,5.564962814939486
5410,5.564962814939486
5411,5.564962814939486
5412,5.564962814939486
5413,5.564962814939486
5414,5.564962814939486
5415,5.564962814939486
5416,5.564962814939486
5417,5.564962814939486
5418,5.564962814939486
5419,5.564962814939486
5420,5.564962814939486
5421,5.564962814939486
5422,5.564962814939486
5423,5.564962814939486
5424,5.564962814939486
5425,5.564962814939486
5426,5.564962814939486
5427,5.564962814939486
5428,5.564962814939486
5429,5.564962814939486
5430,5.564962814939486
5431,5.564962814939486
5432,5.564962814939486
5433,5.564962814939486
5434,5.564962814939486
5435,5.564962814939486
5436,5.564962814939486
5437,5.564962814939486
5438,5.564962814939486
5439,5.564962814939486
5440,5.564962814939486
5441,5.564962814939486
5442,5.564962814939486
5443,5.564962814939486
5444,5.564962814939486
5445,5.564962814939486
5446,5.564962814939486
5447,5.564962814939486
5448,5.564962814939486
5449,5.564962814939486
5450,5.564962814939486
5451,5.564962814939486
5452,5.564962814939486
5453,5.564962814939486
5454,5.564962814939486
5455,5.564962814939486
5456,5.564962814939486
5457,5.564962814939486
5458,5.564962814939486
5459,5.564962814939486
5460,5.564962814939486
5461,5.564962814939486
5462,5.564962814939486
5463,5.564962814939486
5464,5.564962814939486
5465,5.564962814939486
5466,5.564962814939486
5467,5.564962814939486
5468,5.564962814939486
5469,5.564962814939486
5470,5.564962814939486
5471,5.564962814939486
5472,5.564962814939486
5473,5.564962814939486
5474,5.564962814939486
5475,5.564962814939486
5476,5.564962814939486
5477,5.564962814939486
5478,5.564962814939486
5479,5.564962814939486
5480,5.564962814939486
5481,5.564962814939486
5482,5.564962814939486
5483,5.564962814939486
5484,5.564962814939486
5485,5.564962814939486
5486,5.564962814939486
5487,5.564962814939486
5488,5.564962814939486
5489,5.564962814939486
5490,5.564962814939486
5491,5.564962814939486
5492,5.564962814939486
5493,5.564962814939486
5494,5.564962814939486
5495,5.564962814939486
5496,5.564962814939486
5497,5.564962814939486
5498,5.564962814939486
5499,5.564962814939486
5500,5.564962814939486
5501,5.564962814939486
5502,5.564962814939486
5503,5.564962814939486
5504,5.564962814939486
5505,5.564962814939486
5506,5.564962814939486
5507,5.564962814939486
5508,5.564962814939486
5509,5.564962814939486
5510,5.564962814939486
5511,5.564962814939486
5512,5.564962814939486
5513,5.564962814939486
5514,5.564962814939486
5515,5.564962814939486
5516,5.564962814939486
5517,5.564962814939486
5518,5.564962814939486
5519,5.564962814939486
5520,5.564962814939486
5521,5.564962814939486
5522,5.564962814939486
5523,5.564962814939486
5524,5.564962814939486
5525,5.564962814939486
5526,5.564962814939486
5527,5.564962814939486
5528,5.564962814939486
5529,5.564962814939486
5530,5.564962814939486
5531,5.564962814939486
5532,5.564962814939486
5533,5.564962814939486
5534,5.564962814939486
5535,5.564962814939486
5536,5.564962814939486
5537,5.564962814939486
5538,5.564962814939486
5539,5.564962814939486
5540,5.564962814939486
5541,5.564962814939486
5542,5.564962814939486
5543,5.564962814939486
5544,5.564962814939486
5545,5.564962814939486
5546,5.564962814939486
5547,5.564962814939486
5548,5.564962814939486
5549,5.564962814939486
5550,5.564962814939486
5551,5.564962814939486
5552,5.564962814939486
5553,5.564962814939486
5554,5.564962814939486
5555,5.564962814939486
5556,5.564962814939486
5557,5.564962814939486
5558,5.564962814939486
5559,5.564962814939486
5560,5.564962814939486
5561,5.564962814939486
5562,5.564962814939486
5563,5.564962814939486
5564,5.564962814939486
5565,5.564962814939486
5566,5.564962814939486
5567,5.564962814939486
5568,5.564962814939486
5569,5.564962814939486
5570,5.564962814939486
5571,5.564962814939486
5572,5.564962814939486
5573,5.564962814939486
5574,5.564962814939486
5575,5.564962814939486
5576,5.564962814939486
5577,5.564962814939486
5578,5.564962814939486
5579,5.564962814939486
5580,5.564962814939486
5581,5.564962814939486
5582,5.564962814939486
5583,5.564962814939486
5584,5.564962814939486
5585,5.564962814939486
5586,5.564962814939486
5587,5.564962814939486
5588,5.564962814939486
5589,5.564962814939486
5590,5.564962814939486
5591,5.564962814939486
5592,5.564962814939486
5593,5.564962814939486
5594,5.564962814939486
5595,5.564962814939486
5596,5.564962814939486
5597,5.564962814939486
5598,5.564962814939486
5599,5.564962814939486
5600,5.564962814939486
5601,5.564962814939486
5602,5.564962814939486
5603,5.564962814939486
5604,5.564962814939486
5605,5.564962814939486
5606,5.564962814939486
5607,5.564962814939486
5608,5.564962814939486
5609,5.564962814939486
5610,5.564962814939486
5611,5.564962814939486
5612,5.564962814939486
5613,5.564962814939486
5614,5.564962814939486
5615,5.564962814939486
5616,5.564962814939486
5617,5.564962814939486
5618,5.564962814939486
5619,5.564962814939486
5620,5.564962814939486
5621,5.564962814939486
5622,5.564962814939486
5623,5.564962814939486
5624,5.564962814939486
5625,5.564962814939486
5626,5.564962814939486
5627,5.564962814939486
5628,5.564962814939486
5629,5.564962814939486
5630,5.564962814939486
5631,5.564962814939486
5632,5.564962814939486
5633,5.564962814939486
5634,5.564962814939486
5635,5.564962814939486
5636,5.564962814939486
5637,5.564962814939486
5638,5.564962814939486
5639,5.564962814939486
5640,5.564962814939486
5641,5.564962814939486
5642,5.564962814939486
5643,5.564962814939486
5644,5.564962814939486
5645,5.564962814939486
5646,5.564962814939486
5647,5.564962814939486
5648,5.564962814939486
5649,5.564962814939486
5650,5.564962814939486
5651,5.564962814939486
5652,5.564962814939486
5653,5.564962814939486
5654,5.564962814939486
5655,5.564962814939486
5656,5.564962814939486
5657,5.564962814939486
5658,5.564962814939486
5659,5.564962814939486
5660,5.564962814939486
5661,5.564962814939486
5662,5.564962814939486
5663,5.564962814939486
5664,5.564962814939486
5665,5.564962814939486
5666,5.564962814939486
5667,5.564962814939486
5668,5.564962814939486
5669,5.564962814939486
5670,5.564962814939486
5671,5.564962814939486
5672,5.564962814939486
5673,5.564962814939486
5674,5.564962814939486
5675,5.564962814939486
5676,5.564962814939486
5677,5.564962814939486
5678,5.564962814939486
5679,5.564962814939486
5680,5.564962814939486
5681,5.564962814939486
5682,5.564962814939486
5683,5.564962814939486
5684,5.564962814939486
5685,5.564962814939486
5686,5.564962814939486
5687,5.564962814939486
5688,5.564962814939486
5689,5.564962814939486
5690,5.564962814939486
5691,5.564962814939486
5692,5.564962814939486
5693,5.564962814939486
5694,5.564962814939486
5695,5.564962814939486
5696,5.564962814939486
5697,5.564962814939486
5698,5.564962814939486
5699,5.564962814939486
5700,5.564962814939486
5701,5.564962814939486
5702,5.564962814939486
5703,5.564962814939486
5704,5.564962814939486
5705,5.564962814939486
5706,5.564962814939486
5707,5.564962814939486
5708,5.564962814939486
5709,5.564962814939486
5710,5.564962814939486
5711,5.564962814939486
5712,5.564962814939486
5713,5.564962814939486
5714,5.564962814939486
5715,5.564962814939486
5716,5.564962814939486
5717,5.564962814939486
5718,5.564962814939486
5719,5.564962814939486
5720,5.564962814939486
5721,5.564962814939486
5722,5.564962814939486
5723,5.564962814939486
5724,5.564962814939486
5725,5.564962814939486
5726,5.564962814939486
5727,5.564962814939486
5728,5.564962814939486
5729,5.564962814939486
5730,5.564962814939486
5731,5.564962814939486
5732,5.564962814939486
5733,5.564962814939486
5734,5.564962814939486
5735,5.564962814939486
5736,5.564962814939486
5737,5.564962814939486
5738,5.564962814939486
5739,5.564962814939486
5740,5.564962814939486
5741,5.564962814939486
5742,5.564962814939486
5743,5.564962814939486
5744,5.564962814939486
5745,5.564962814939486
5746,5.564962814939486
5747,5.564962814939486
5748,5.564962814939486
5749,5.564962814939486
5750,5.564962814939486
5751,5.564962814939486
5752,5.564962814939486
5753,5.564962814939486
5754,5.564962814939486
5755,5.564962814939486
5756,5.564962814939486
5757,5.564962814939486
5758,5.564962814939486
5759,5.564962814939486
5760,5.564962814939486
5761,5.564962814939486
5762,5.564962814939486
5763,5.564962814939486
5764,5.564962814939486
5765,5.564962814939486
5766,5.564962814939486
5767,5.564962814939486
5768,5.564962814939486
5769,5.564962814939486
5770,5.564962814939486
5771,5.564962814939486
5772,5.564962814939486
5773,5.564962814939486
5774,5.564962814939486
5775,5.564962814939486
5776,5.564962814939486
5777,5.564962814939486
5778,5.564962814939486
5779,5.564962814939486
5780,5.564962814939486
5781,5.564962814939486
5782,5.564962814939486
5783,5.564962814939486
5784,5.564962814939486
5785,5.564962814939486
5786,5.564962814939486
5787,5.564962814939486
5788,5.564962814939486
5789,5.564962814939486
5790,5.564962814939486
5791,5.564962814939486
5792,5.564962814939486
5793,5.564962814939486
5794,5.564962814939486
5795,5.564962814939486
5796,5.564962814939486
5797,5.564962814939486
5798,5.564962814939486
5799,5.564962814939486
5800,5.564962814939486
5801,5.564962814939486
5802,5.564962814939486
5803,5.564962814939486
5804,5.564962814939486
5805,5.564962814939486
5806,5.564962814939486
5807,5.564962814939486
5808,5.564962814939486
5809,5.564962814939486
5810,5.564962814939486
5811,5.564962814939486
5812,5.564962814939486
5813,5.564962814939486
5814,5.564962814939486
5815,5.564962814939486
5816,5.564962814939486
5817,5.564962814939486
5818,5.564962814939486
5819,5.564962814939486
5820,5.564962814939486
5821,5.564962814939486
5822,5.564962814939486
5823,5.564962814939486
5824,5.564962814939486
5825,5.564962814939486
5826,5.564962814939486
5827,5.564962814939486
5828,5.564962814939486
5829,5.564962814939486
5830,5.564962814939486
5831,5.564962814939486
5832,5.564962814939486
5833,5.564962814939486
5834,5.564962814939486
5835,5.564962814939486
5836,5.564962814939486
5837,5.564962814939486
5838,5.564962814939486
5839,5.564962814939486
5840,5.564962814939486
5841,5.564962814939486
5842,5.564962814939486
5843,5.564962814939486
5844,5.564962814939486
5845,5.564962814939486
5846,5.564962814939486
5847,5.564962814939486
5848,5.564962814939486
5849,5.564962814939486
5850,5.564962814939486
5851,5.564962814939486
5852,5.564962814939486
5853,5.564962814939486
5854,5.564962814939486
5855,5.564962814939486
5856,5.564962814939486
5857,5.564962814939486
5858,5.564962814939486
5859,5.564962814939486
5860,5.564962814939486
5861,5.564962814939486
5862,5.564962814939486
5863,5.564962814939486
5864,5.564962814939486
5865,5.564962814939486
5866,5.564962814939486
5867,5.564962814939486
5868,5.564962814939486
5869,5.564962814939486
5870,5.564962814939486
5871,5.564962814939486
5872,5.564962814939486
5873,5.564962814939486
5874,5.564962814939486
5875,5.564962814939486
5876,5.564962814939486
5877,5.564962814939486
5878,5.564962814939486
5879,5.564962814939486
5880,5.564962814939486
5881,5.564962814939486
5882,5.564962814939486
5883,5.564962814939486
5884,5.564962814939486
5885,5.564962814939486
5886,5.564962814939486
5887,5.564962814939486
5888,5.564962814939486
5889,5.564962814939486
5890,5.564962814939486
5891,5.564962814939486
5892,5.564962814939486
5893,5.564962814939486
5894,5.564962814939486
5895,5.564962814939486
5896,5.564962814939486
5897,5.564962814939486
5898,5.564962814939486
5899,5.564962814939486
5900,5.564962814939486
5901,5.564962814939486
5902,5.564962814939486
5903,5.564962814939486
5904,5.564962814939486
5905,5.564962814939486
5906,5.564962814939486
5907,5.564962814939486
5908,5.564962814939486
5909,5.564962814939486
5910,5.564962814939486
5911,5.564962814939486
5912,5.564962814939486
5913,5.564962814939486
5914,5.564962814939486
5915,5.564962814939486
5916,5.564962814939486
5917,5.564962814939486
5918,5.564962814939486
5919,5.564962814939486
5920,5.564962814939486
5921,5.564962814939486
5922,5.564962814939486
5923,5.564962814939486
5924,5.564962814939486
5925,5.564962814939486
5926,5.564962814939486
5927,5.564962814939486
5928,5.564962814939486
5929,5.564962814939486
5930,5.564962814939486
5931,5.564962814939486
5932,5.564962814939486
5933,5.564962814939486
5934,5.564962814939486
5935,5.564962814939486
5936,5.564962814939486
5937,5.564962814939486
5938,5.564962814939486
5939,5.564962814939486
5940,5.564962814939486
5941,5.564962814939486
5942,5.564962814939486
5943,5.564962814939486
5944,5.564962814939486
5945,5.564962814939486
5946,5.564962814939486
5947,5.564962814939486
5948,5.564962814939486
5949,5.564962814939486
5950,5.564962814939486
5951,5.564962814939486
5952,5.564962814939486
5953,5.564962814939486
5954,5.564962814939486
5955,5.564962814939486
5956,5.564962814939486
5957,5.564962814939486
5958,5.564962814939486
5959,5.564962814939486
5960,5.564962814939486
5961,5.564962814939486
5962,5.564962814939486
5963,5.564962814939486
5964,5.564962814939486
5965,5.564962814939486
5966,5.564962814939486
5967,5.564962814939486
5968,5.564962814939486
5969,5.564962814939486
5970,5.564962814939486
5971,5.564962814939486
5972,5.564962814939486
5973,5.564962814939486
5974,5.564962814939486
5975,5.564962814939486
5976,5.564962814939486
5977,5.564962814939486
5978,5.564962814939486
5979,5.564962814939486
5980,5.564962814939486
5981,5.564962814939486
5982,5.564962814939486
5983,5.564962814939486
5984,5.564962814939486
5985,5.564962814939486
5986,5.564962814939486
5987,5.564962814939486
5988,5.564962814939486
5989,5.564962814939486
5990,5.564962814939486
5991,5.564962814939486
5992,5.564962814939486
5993,5.564962814939486
5994,5.564962814939486
5995,5.564962814939486
5996,5.564962814939486
5997,5.564962814939486
5998,5.564962814939486
5999,5.564962814939486
6000,5.564962814939486
6001,5.564962814939486
6002,5.564962814939486
6003,5.564962814939486
6004,5.564962814939486
6005,5.564962814939486
6006,5.564962814939486
6007,5.564962814939486
6008,5.564962814939486
6009,5.564962814939486
6010,5.564962814939486
6011,5.564962814939486
6012,5.564962814939486
6013,5.564962814939486
6014,5.564962814939486
6015,5.564962814939486
6016,5.564962814939486
6017,5.564962814939486
6018,5.564962814939486
6019,5.564962814939486
6020,5.564962814939486
6021,5.564962814939486
6022,5.564962814939486
6023,5.564962814939486
6024,5.564962814939486
6025,5.564962814939486
6026,5.564962814939486
6027,5.564962814939486
6028,5.564962814939486
6029,5.564962814939486
6030,5.564962814939486
6031,5.564962814939486
6032,5.564962814939486
6033,5.564962814939486
6034,5.564962814939486
6035,5.564962814939486
6036,5.564962814939486
6037,5.564962814939486
6038,5.564962814939486
6039,5.564962814939486
6040,5.564962814939486
6041,5.564962814939486
6042,5.564962814939486
6043,5.564962814939486
6044,5.564962814939486
6045,5.564962814939486
6046,5.564962814939486
6047,5.564962814939486
6048,5.564962814939486
6049,5.564962814939486
6050,5.564962814939486
6051,5.564962814939486
6052,5.564962814939486
6053,5.564962814939486
6054,5.564962814939486
6055,5.564962814939486
6056,5.564962814939486
6057,5.564962814939486
6058,5.564962814939486
6059,5.564962814939486
6060,5.564962814939486
6061,5.564962814939486
6062,5.564962814939486
6063,5.564962814939486
6064,5.564962814939486
6065,5.564962814939486
6066,5.564962814939486
6067,5.564962814939486
6068,5.564962814939486
6069,5.564962814939486
6070,5.564962814939486
6071,5.564962814939486
6072,5.564962814939486
6073,5.564962814939486
6074,5.564962814939486
6075,5.564962814939486
6076,5.564962814939486
6077,5.564962814939486
6078,5.564962814939486
6079,5.564962814939486
6080,5.564962814939486
6081,5.564962814939486
6082,5.564962814939486
6083,5.564962814939486
6084,5.564962814939486
6085,5.564962814939486
6086,5.564962814939486
6087,5.564962814939486
6088,5.564962814939486
6089,5.564962814939486
6090,5.564962814939486
6091,5.564962814939486
6092,5.564962814939486
6093,5.564962814939486
6094,5.564962814939486
6095,5.564962814939486
6096,5.564962814939486
6097,5.564962814939486
6098,5.564962814939486
6099,5.564962814939486
6100,5.564962814939486
6101,5.564962814939486
6102,5.564962814939486
6103,5.564962814939486
6104,5.564962814939486
6105,5.564962814939486
6106,5.564962814939486
6107,5.564962814939486
6108,5.564962814939486
6109,5.564962814939486
6110,5.564962814939486
6111,5.564962814939486
6112,5.564962814939486
6113,5.564962814939486
6114,5.564962814939486
6115,5.564962814939486
6116,5.564962814939486
6117,5.564962814939486
6118,5.564962814939486
6119,5.564962814939486
6120,5.564962814939486
6121,5.564962814939486
6122,5.564962814939486
6123,5.564962814939486
6124,5.564962814939486
6125,5.564962814939486
6126,5.564962814939486
6127,5.564962814939486
6128,5.564962814939486
6129,5.564962814939486
6130,5.564962814939486
6131,5.564962814939486
6132,5.564962814939486
6133,5.564962814939486
6134,5.564962814939486
6135,5.564962814939486
6136,5.564962814939486
6137,5.564962814939486
6138,5.564962814939486
6139,5.564962814939486
6140,5.564962814939486
6141,5.564962814939486
6142,5.564962814939486
6143,5.564962814939486
6144,5.564962814939486
6145,5.564962814939486
6146,5.564962814939486
6147,5.564962814939486
6148,5.564962814939486
6149,5.564962814939486
6150,5.564962814939486
6151,5.564962814939486
6152,5.564962814939486
6153,5.564962814939486
6154,5.564962814939486
6155,5.564962814939486
6156,5.564962814939486
6157,5.564962814939486
6158,5.564962814939486
6159,5.564962814939486
6160,5.564962814939486
6161,5.564962814939486
6162,5.564962814939486
6163,5.564962814939486
6164,5.564962814939486
6165,5.564962814939486
6166,5.564962814939486
6167,5.564962814939486
6168,5.564962814939486
6169,5.564962814939486
6170,5.564962814939486
6171,5.564962814939486
6172,5.564962814939486
6173,5.564962814939486
6174,5.564962814939486
6175,5.564962814939486
6176,5.564962814939486
6177,5.564962814939486
6178,5.564962814939486
6179,5.564962814939486
6180,5.564962814939486
6181,5.564962814939486
6182,5.564962814939486
6183,5.564962814939486
6184,5.564962814939486
6185,5.564962814939486
6186,5.564962814939486
6187,5.564962814939486
6188,5.564962814939486
6189,5.564962814939486
6190,5.564962814939486
6191,5.564962814939486
6192,5.564962814939486
6193,5.564962814939486
6194,5.564962814939486
6195,5.564962814939486
6196,5.564962814939486
6197,5.564962814939486
6198,5.564962814939486
6199,5.564962814939486
6200,5.564962814939486
6201,5.564962814939486
6202,5.564962814939486
6203,5.564962814939486
6204,5.564962814939486
6205,5.564962814939486
6206,5.564962814939486
6207,5.564962814939486
6208,5.564962814939486
6209,5.564962814939486
6210,5.564962814939486
6211,5.564962814939486
6212,5.564962814939486
6213,5.564962814939486
6214,5.564962814939486
6215,5.564962814939486
6216,5.564962814939486
6217,5.564962814939486
6218,5.564962814939486
6219,5.564962814939486
6220,5.564962814939486
6221,5.564962814939486
6222,5.564962814939486
6223,5.564962814939486
6224,5.564962814939486
6225,5.564962814939486
6226,5.564962814939486
6227,5.564962814939486
6228,5.564962814939486
6229,5.564962814939486
6230,5.564962814939486
6231,5.564962814939486
6232,5.564962814939486
6233,5.564962814939486
6234,5.564962814939486
6235,5.564962814939486
6236,5.564962814939486
6237,5.564962814939486
6238,5.564962814939486
6239,5.564962814939486
6240,5.564962814939486
6241,5.564962814939486
6242,5.564962814939486
6243,5.564962814939486
6244,5.564962814939486
6245,5.564962814939486
6246,5.564962814939486
6247,5.564962814939486
6248,5.564962814939486
6249,5.564962814939486
6250,5.564962814939486
6251,5.564962814939486
6252,5.564962814939486
6253,5.564962814939486
6254,5.564962814939486
6255,5.564962814939486
6256,5.564962814939486
6257,5.564962814939486
6258,5.564962814939486
6259,5.564962814939486
6260,5.564962814939486
6261,5.564962814939486
6262,5.564962814939486
6263,5.564962814939486
6264,5.564962814939486
6265,5.564962814939486
6266,5.564962814939486
6267,5.564962814939486
6268,5.564962814939486
6269,5.564962814939486
6270,5.564962814939486
6271,5.564962814939486
6272,5.564962814939486
6273,5.564962814939486
6274,5.564962814939486
6275,5.564962814939486
6276,5.564962814939486
6277,5.564962814939486
6278,5.564962814939486
6279,5.564962814939486
6280,5.564962814939486
6281,5.564962814939486
6282,5.564962814939486
6283,5.564962814939486
6284,5.564962814939486
6285,5.564962814939486
6286,5.564962814939486
6287,5.564962814939486
6288,5.564962814939486
6289,5.564962814939486
6290,5.564962814939486
6291,5.564962814939486
6292,5.564962814939486
6293,5.564962814939486
6294,5.564962814939486
6295,5.564962814939486
6296,5.564962814939486
6297,5.564962814939486
6298,5.564962814939486
6299,5.564962814939486
6300,5.564962814939486
6301,5.564962814939486
6302,5.564962814939486
6303,5.564962814939486
6304,5.564962814939486
6305,5.564962814939486
6306,5.564962814939486
6307,5.564962814939486
6308,5.564962814939486
6309,5.564962814939486
6310,5.564962814939486
6311,5.564962814939486
6312,5.564962814939486
6313,5.564962814939486
6314,5.564962814939486
6315,5.564962814939486
6316,5.564962814939486
6317,5.564962814939486
6318,5.564962814939486
6319,5.564962814939486
6320,5.564962814939486
6321,5.564962814939486
6322,5.564962814939486
6323,5.564962814939486
6324,5.564962814939486
6325,5.564962814939486
6326,5.564962814939486
6327,5.564962814939486
6328,5.564962814939486
6329,5.564962814939486
6330,5.564962814939486
6331,5.564962814939486
6332,5.564962814939486
6333,5.564962814939486
6334,5.564962814939486
6335,5.564962814939486
6336,5.564962814939486
6337,5.564962814939486
6338,5.564962814939486
6339,5.564962814939486
6340,5.564962814939486
6341,5.564962814939486
6342,5.564962814939486
6343,5.564962814939486
6344,5.564962814939486
6345,5.564962814939486
6346,5.564962814939486
6347,5.564962814939486
6348,5.564962814939486
6349,5.564962814939486
6350,5.564962814939486
6351,5.564962814939486
6352,5.564962814939486
6353,5.564962814939486
6354,5.564962814939486
6355,5.564962814939486
6356,5.564962814939486
6357,5.564962814939486
6358,5.564962814939486
6359,5.564962814939486
6360,5.564962814939486
6361,5.564962814939486
6362,5.564962814939486
6363,5.564962814939486
6364,5.564962814939486
6365,5.564962814939486
6366,5.564962814939486
6367,5.564962814939486
6368,5.564962814939486
6369,5.564962814939486
6370,5.564962814939486
6371,5.564962814939486
6372,5.564962814939486
6373,5.564962814939486
6374,5.564962814939486
6375,5.564962814939486
6376,5.564962814939486
6377,5.564962814939486
6378,5.564962814939486
6379,5.564962814939486
6380,5.564962814939486
6381,5.564962814939486
6382,5.564962814939486
6383,5.564962814939486
6384,5.564962814939486
6385,5.564962814939486
6386,5.564962814939486
6387,5.564962814939486
6388,5.564962814939486
6389,5.564962814939486
6390,5.564962814939486
6391,5.564962814939486
6392,5.564962814939486
6393,5.564962814939486
6394,5.564962814939486
6395,5.564962814939486
6396,5.564962814939486
6397,5.564962814939486
6398,5.564962814939486
6399,5.564962814939486
6400,5.564962814939486
6401,5.564962814939486
6402,5.564962814939486
6403,5.564962814939486
6404,5.564962814939486
6405,5.564962814939486
6406,5.564962814939486
6407,5.564962814939486
6408,5.564962814939486
6409,5.564962814939486
6410,5.564962814939486
6411,5.564962814939486
6412,5.564962814939486
6413,5.564962814939486
6414,5.564962814939486
6415,5.564962814939486
6416,5.564962814939486
6417,5.564962814939486
6418,5.564962814939486
6419,5.564962814939486
6420,5.564962814939486
6421,5.564962814939486
6422,5.564962814939486
6423,5.564962814939486
6424,5.564962814939486
6425,5.564962814939486
6426,5.564962814939486
6427,5.564962814939486
6428,5.564962814939486
6429,5.564962814939486
6430,5.564962814939486
6431,5.564962814939486
6432,5.564962814939486
6433,5.564962814939486
6434,5.564962814939486
6435,5.564962814939486
6436,5.564962814939486
6437,5.564962814939486
6438,5.564962814939486
6439,5.564962814939486
6440,5.564962814939486
6441,5.564962814939486
6442,5.564962814939486
6443,5.564962814939486
6444,5.564962814939486
6445,5.564962814939486
6446,5.564962814939486
6447,5.564962814939486
6448,5.564962814939486
6449,5.564962814939486
6450,5.564962814939486
6451,5.564962814939486
6452,5.564962814939486
6453,5.564962814939486
6454,5.564962814939486
6455,5.564962814939486
6456,5.564962814939486
6457,5.564962814939486
6458,5.564962814939486
6459,5.564962814939486
6460,5.564962814939486
6461,5.564962814939486
6462,5.564962814939486
6463,5.564962814939486
6464,5.564962814939486
6465,5.564962814939486
6466,5.564962814939486
6467,5.564962814939486
6468,5.564962814939486
6469,5.564962814939486
6470,5.564962814939486
6471,5.564962814939486
6472,5.564962814939486
6473,5.564962814939486
6474,5.564962814939486
6475,5.564962814939486
6476,5.564962814939486
6477,5.564962814939486
6478,5.564962814939486
6479,5.564962814939486
6480,5.564962814939486
6481,5.564962814939486
6482,5.564962814939486
6483,5.564962814939486
6484,5.564962814939486
6485,5.564962814939486
6486,5.564962814939486
6487,5.564962814939486
6488,5.564962814939486
6489,5.564962814939486
6490,5.564962814939486
6491,5.564962814939486
6492,5.564962814939486
6493,5.564962814939486
6494,5.564962814939486
6495,5.564962814939486
6496,5.564962814939486
6497,5.564962814939486
6498,5.564962814939486
6499,5.564962814939486
6500,5.564962814939486
6501,5.564962814939486
6502,5.564962814939486
6503,5.564962814939486
6504,5.564962814939486
6505,5.564962814939486
6506,5.564962814939486
6507,5.564962814939486
6508,5.564962814939486
6509,5.564962814939486
6510,5.564962814939486
6511,5.564962814939486
6512,5.564962814939486
6513,5.564962814939486
6514,5.564962814939486
6515,5.564962814939486
6516,5.564962814939486
6517,5.564962814939486
6518,5.564962814939486
6519,5.564962814939486
6520,5.564962814939486
6521,5.564962814939486
6522,5.564962814939486
6523,5.564962814939486
6524,5.564962814939486
6525,5.564962814939486
6526,5.564962814939486
6527,5.564962814939486
6528,5.564962814939486
6529,5.564962814939486
6530,5.564962814939486
6531,5.564962814939486
6532,5.564962814939486
6533,5.564962814939486
6534,5.564962814939486
6535,5.564962814939486
6536,5.564962814939486
6537,5.564962814939486
6538,5.564962814939486
6539,5.564962814939486
6540,5.564962814939486
6541,5.564962814939486
6542,5.564962814939486
6543,5.564962814939486
6544,5.564962814939486
6545,5.564962814939486
6546,5.564962814939486
6547,5.564962814939486
6548,5.564962814939486
6549,5.564962814939486
6550,5.564962814939486
6551,5.564962814939486
6552,5.564962814939486
6553,5.564962814939486
6554,5.564962814939486
6555,5.564962814939486
6556,5.564962814939486
6557,5.564962814939486
6558,5.564962814939486
6559,5.564962814939486
6560,5.564962814939486
6561,5.564962814939486
6562,5.564962814939486
6563,5.564962814939486
6564,5.564962814939486
6565,5.564962814939486
6566,5.564962814939486
6567,5.564962814939486
6568,5.564962814939486
6569,5.564962814939486
6570,5.564962814939486
6571,5.564962814939486
6572,5.564962814939486
6573,5.564962814939486
6574,5.564962814939486
6575,5.564962814939486
6576,5.564962814939486
6577,5.564962814939486
6578,5.564962814939486
6579,5.564962814939486
6580,5.564962814939486
6581,5.564962814939486
6582,5.564962814939486
6583,5.564962814939486
6584,5.564962814939486
6585,5.564962814939486
6586,5.564962814939486
6587,5.564962814939486
6588,5.564962814939486
6589,5.564962814939486
6590,5.564962814939486
6591,5.564962814939486
6592,5.564962814939486
6593,5.564962814939486
6594,5.564962814939486
6595,5.564962814939486
6596,5.564962814939486
6597,5.564962814939486
6598,5.564962814939486
6599,5.564962814939486
6600,5.564962814939486
6601,5.564962814939486
6602,5.564962814939486
6603,5.564962814939486
6604,5.564962814939486
6605,5.564962814939486
6606,5.564962814939486
6607,5.564962814939486
6608,5.564962814939486
6609,5.564962814939486
6610,5.564962814939486
6611,5.564962814939486
6612,5.564962814939486
6613,5.564962814939486
6614,5.564962814939486
6615,5.564962814939486
6616,5.564962814939486
6617,5.564962814939486
6618,5.564962814939486
6619,5.564962814939486
6620,5.564962814939486
6621,5.564962814939486
6622,5.564962814939486
6623,5.564962814939486
6624,5.564962814939486
6625,5.564962814939486
6626,5.564962814939486
6627,5.564962814939486
6628,5.564962814939486
6629,5.564962814939486
6630,5.564962814939486
6631,5.564962814939486
6632,5.564962814939486
6633,5.564962814939486
6634,5.564962814939486
6635,5.564962814939486
6636,5.564962814939486
6637,5.564962814939486
6638,5.564962814939486
6639,5.564962814939486
6640,5.564962814939486
6641,5.564962814939486
6642,5.564962814939486
6643,5.564962814939486
6644,5.564962814939486
6645,5.564962814939486
6646,5.564962814939486
6647,5.564962814939486
6648,5.564962814939486
6649,5.564962814939486
6650,5.564962814939486
6651,5.564962814939486
6652,5.564962814939486
6653,5.564962814939486
6654,5.564962814939486
6655,5.564962814939486
6656,5.564962814939486
6657,5.564962814939486
6658,5.564962814939486
6659,5.564962814939486
6660,5.564962814939486
6661,5.564962814939486
6662,5.564962814939486
6663,5.564962814939486
6664,5.564962814939486
6665,5.564962814939486
6666,5.564962814939486
6667,5.564962814939486
6668,5.564962814939486
6669,5.564962814939486
6670,5.564962814939486
6671,5.564962814939486
6672,5.564962814939486
6673,5.564962814939486
6674,5.564962814939486
6675,5.564962814939486
6676,5.564962814939486
6677,5.564962814939486
6678,5.564962814939486
6679,5.564962814939486
6680,5.564962814939486
6681,5.564962814939486
6682,5.564962814939486
6683,5.564962814939486
6684,5.564962814939486
6685,5.564962814939486
6686,5.564962814939486
6687,5.564962814939486
6688,5.564962814939486
6689,5.564962814939486
6690,5.564962814939486
6691,5.564962814939486
6692,5.564962814939486
6693,5.564962814939486
6694,5.564962814939486
6695,5.564962814939486
6696,5.564962814939486
6697,5.564962814939486
6698,5.564962814939486
6699,5.564962814939486
6700,5.564962814939486
6701,5.564962814939486
6702,5.564962814939486
6703,5.564962814939486
6704,5.564962814939486
6705,5.564962814939486
6706,5.564962814939486
6707,5.564962814939486
6708,5.564962814939486
6709,5.564962814939486
6710,5.564962814939486
6711,5.564962814939486
6712,5.564962814939486
6713,5.564962814939486
6714,5.564962814939486
6715,5.564962814939486
6716,5.564962814939486
6717,5.564962814939486
6718,5.564962814939486
6719,5.564962814939486
6720,5.564962814939486
6721,5.564962814939486
6722,5.564962814939486
6723,5.564962814939486
6724,5.564962814939486
6725,5.564962814939486
6726,5.564962814939486
6727,5.564962814939486
6728,5.564962814939486
6729,5.564962814939486
6730,5.564962814939486
6731,5.564962814939486
6732,5.564962814939486
6733,5.564962814939486
6734,5.564962814939486
6735,5.564962814939486
6736,5.564962814939486
6737,5.564962814939486
6738,5.564962814939486
6739,5.564962814939486
6740,5.564962814939486
6741,5.564962814939486
6742,5.564962814939486
6743,5.564962814939486
6744,5.564962814939486
6745,5.564962814939486
6746,5.564962814939486
6747,5.564962814939486
6748,5.564962814939486
6749,5.564962814939486
6750,5.564962814939486
6751,5.564962814939486
6752,5.564962814939486
6753,5.564962814939486
6754,5.564962814939486
6755,5.564962814939486
6756,5.564962814939486
6757,5.564962814939486
6758,5.564962814939486
6759,5.564962814939486
6760,5.564962814939486
6761,5.564962814939486
6762,5.564962814939486
6763,5.564962814939486
6764,5.564962814939486
6765,5.564962814939486
6766,5.564962814939486
6767,5.564962814939486
6768,5.564962814939486
6769,5.564962814939486
6770,5.564962814939486
6771,5.564962814939486
6772,5.564962814939486
6773,5.564962814939486
6774,5.564962814939486
6775,5.564962814939486
6776,5.564962814939486
6777,5.564962814939486
6778,5.564962814939486
6779,5.564962814939486
6780,5.564962814939486
6781,5.564962814939486
6782,5.564962814939486
6783,5.564962814939486
6784,5.564962814939486
6785,5.564962814939486
6786,5.564962814939486
6787,5.564962814939486
6788,5.564962814939486
6789,5.564962814939486
6790,5.564962814939486
6791,5.564962814939486
6792,5.564962814939486
6793,5.564962814939486
6794,5.564962814939486
6795,5.564962814939486
6796,5.564962814939486
6797,5.564962814939486
6798,5.564962814939486
6799,5.564962814939486
6800,5.564962814939486
6801,5.564962814939486
6802,5.564962814939486
6803,5.564962814939486
6804,5.564962814939486
6805,5.564962814939486
6806,5.564962814939486
6807,5.564962814939486
6808,5.564962814939486
6809,5.564962814939486
6810,5.564962814939486
6811,5.564962814939486
6812,5.564962814939486
6813,5.564962814939486
6814,5.564962814939486
6815,5.564962814939486
6816,5.564962814939486
6817,5.564962814939486
6818,5.564962814939486
6819,5.564962814939486
6820,5.564962814939486
6821,5.564962814939486
6822,5.564962814939486
6823,5.564962814939486
6824,5.564962814939486
6825,5.564962814939486
6826,5.564962814939486
6827,5.564962814939486
6828,5.564962814939486
6829,5.564962814939486
6830,5.564962814939486
6831,5.564962814939486
6832,5.564962814939486
6833,5.564962814939486
6834,5.564962814939486
6835,5.564962814939486
6836,5.564962814939486
6837,5.564962814939486
6838,5.564962814939486
6839,5.564962814939486
6840,5.564962814939486
6841,5.564962814939486
6842,5.564962814939486
6843,5.564962814939486
6844,5.564962814939486
6845,5.564962814939486
6846,5.564962814939486
6847,5.564962814939486
6848,5.564962814939486
6849,5.564962814939486
6850,5.564962814939486
6851,5.564962814939486
6852,5.564962814939486
6853,5.564962814939486
6854,5.564962814939486
6855,5.564962814939486
6856,5.564962814939486
6857,5.564962814939486
6858,5.564962814939486
6859,5.564962814939486
6860,5.564962814939486
6861,5.564962814939486
6862,5.564962814939486
6863,5.564962814939486
6864,5.564962814939486
6865,5.564962814939486
6866,5.564962814939486
6867,5.564962814939486
6868,5.564962814939486
6869,5.564962814939486
6870,5.564962814939486
6871,5.564962814939486
6872,5.564962814939486
6873,5.564962814939486
6874,5.564962814939486
6875,5.564962814939486
6876,5.564962814939486
6877,5.564962814939486
6878,5.564962814939486
6879,5.564962814939486
6880,5.564962814939486
6881,5.564962814939486
6882,5.564962814939486
6883,5.564962814939486
6884,5.564962814939486
6885,5.564962814939486
6886,5.564962814939486
6887,5.564962814939486
6888,5.564962814939486
6889,5.564962814939486
6890,5.564962814939486
6891,5.564962814939486
6892,5.564962814939486
6893,5.564962814939486
6894,5.564962814939486
6895,5.564962814939486
6896,5.564962814939486
6897,5.564962814939486
6898,5.564962814939486
6899,5.564962814939486
6900,5.564962814939486
6901,5.564962814939486
6902,5.564962814939486
6903,5.564962814939486
6904,5.564962814939486
6905,5.564962814939486
6906,5.564962814939486
6907,5.564962814939486
6908,5.564962814939486
6909,5.564962814939486
6910,5.564962814939486
6911,5.564962814939486
6912,5.564962814939486
6913,5.564962814939486
6914,5.564962814939486
6915,5.564962814939486
6916,5.564962814939486
6917,5.564962814939486
6918,5.564962814939486
6919,5.564962814939486
6920,5.564962814939486
6921,5.564962814939486
6922,5.564962814939486
6923,5.564962814939486
6924,5.564962814939486
6925,5.564962814939486
6926,5.564962814939486
6927,5.564962814939486
6928,5.564962814939486
6929,5.564962814939486
6930,5.564962814939486
6931,5.564962814939486
6932,5.564962814939486
6933,5.564962814939486
6934,5.564962814939486
6935,5.564962814939486
6936,5.564962814939486
6937,5.564962814939486
6938,5.564962814939486
6939,5.564962814939486
6940,5.564962814939486
6941,5.564962814939486
6942,5.564962814939486
6943,5.564962814939486
6944,5.564962814939486
6945,5.564962814939486
6946,5.564962814939486
6947,5.564962814939486
6948,5.564962814939486
6949,5.564962814939486
6950,5.564962814939486
6951,5.564962814939486
6952,5.564962814939486
6953,5.564962814939486
6954,5.564962814939486
6955,5.564962814939486
6956,5.564962814939486
6957,5.564962814939486
6958,5.564962814939486
6959,5.564962814939486
6960,5.564962814939486
6961,5.564962814939486
6962,5.564962814939486
6963,5.564962814939486
6964,5.564962814939486
6965,5.564962814939486
6966,5.564962814939486
6967,5.564962814939486
6968,5.564962814939486
6969,5.564962814939486
6970,5.564962814939486
6971,5.564962814939486
6972,5.564962814939486
6973,5.564962814939486
6974,5.564962814939486
6975,5.564962814939486
6976,5.564962814939486
6977,5.564962814939486
6978,5.564962814939486
6979,5.564962814939486
6980,5.564962814939486
6981,5.564962814939486
6982,5.564962814939486
6983,5.564962814939486
6984,5.564962814939486
6985,5.564962814939486
6986,5.564962814939486
6987,5.564962814939486
6988,5.564962814939486
6989,5.564962814939486
6990,5.564962814939486
6991,5.564962814939486
6992,5.564962814939486
6993,5.564962814939486
6994,5.564962814939486
6995,5.564962814939486
6996,5.564962814939486
6997,5.564962814939486
6998,5.564962814939486
6999,5.564962814939486
7000,5.564962814939486
7001,5.564962814939486
7002,5.564962814939486
7003,5.564962814939486
7004,5.564962814939486
7005,5.564962814939486
7006,5.564962814939486
7007,5.564962814939486
7008,5.564962814939486
7009,5.564962814939486
7010,5.564962814939486
7011,5.564962814939486
7012,5.564962814939486
7013,5.564962814939486
7014,5.564962814939486
7015,5.564962814939486
7016,5.564962814939486
7017,5.564962814939486
7018,5.564962814939486
7019,5.564962814939486
7020,5.564962814939486
7021,5.564962814939486
7022,5.564962814939486
7023,5.564962814939486
7024,5.564962814939486
7025,5.564962814939486
7026,5.564962814939486
7027,5.564962814939486
7028,5.564962814939486
7029,5.564962814939486
7030,5.564962814939486
7031,5.564962814939486
7032,5.564962814939486
7033,5.564962814939486
7034,5.564962814939486
7035,5.564962814939486
7036,5.564962814939486
7037,5.564962814939486
7038,5.564962814939486
7039,5.564962814939486
7040,5.564962814939486
7041,5.564962814939486
7042,5.564962814939486
7043,5.564962814939486
7044,5.564962814939486
7045,5.564962814939486
7046,5.564962814939486
7047,5.564962814939486
7048,5.564962814939486
7049,5.564962814939486
7050,5.564962814939486
7051,5.564962814939486
7052,5.564962814939486
7053,5.564962814939486
7054,5.564962814939486
7055,5.564962814939486
7056,5.564962814939486
7057,5.564962814939486
7058,5.564962814939486
7059,5.564962814939486
7060,5.564962814939486
7061,5.564962814939486
7062,5.564962814939486
7063,5.564962814939486
7064,5.564962814939486
7065,5.564962814939486
7066,5.564962814939486
7067,5.564962814939486
7068,5.564962814939486
7069,5.564962814939486
7070,5.564962814939486
7071,5.564962814939486
7072,5.564962814939486
7073,5.564962814939486
7074,5.564962814939486
7075,5.564962814939486
7076,5.564962814939486
7077,5.564962814939486
7078,5.564962814939486
7079,5.564962814939486
7080,5.564962814939486
7081,5.564962814939486
7082,5.564962814939486
7083,5.564962814939486
7084,5.564962814939486
7085,5.564962814939486
7086,5.564962814939486
7087,5.564962814939486
7088,5.564962814939486
7089,5.564962814939486
7090,5.564962814939486
7091,5.564962814939486
7092,5.564962814939486
7093,5.564962814939486
7094,5.564962814939486
7095,5.564962814939486
7096,5.564962814939486
7097,5.564962814939486
7098,5.564962814939486
7099,5.564962814939486
7100,5.564962814939486
7101,5.564962814939486
7102,5.564962814939486
7103,5.564962814939486
7104,5.564962814939486
7105,5.564962814939486
7106,5.564962814939486
7107,5.564962814939486
7108,5.564962814939486
7109,5.564962814939486
7110,5.564962814939486
7111,5.564962814939486
7112,5.564962814939486
7113,5.564962814939486
7114,5.564962814939486
7115,5.564962814939486
7116,5.564962814939486
7117,5.564962814939486
7118,5.564962814939486
7119,5.564962814939486
7120,5.564962814939486
7121,5.564962814939486
7122,5.564962814939486
7123,5.564962814939486
7124,5.564962814939486
7125,5.564962814939486
7126,5.564962814939486
7127,5.564962814939486
7128,5.564962814939486
7129,5.564962814939486
7130,5.564962814939486
7131,5.564962814939486
7132,5.564962814939486
7133,5.564962814939486
7134,5.564962814939486
7135,5.564962814939486
7136,5.564962814939486
7137,5.564962814939486
7138,5.564962814939486
7139,5.564962814939486
7140,5.564962814939486
7141,5.564962814939486
7142,5.564962814939486
7143,5.564962814939486
7144,5.564962814939486
7145,5.564962814939486
7146,5.564962814939486
7147,5.564962814939486
7148,5.564962814939486
7149,5.564962814939486
7150,5.564962814939486
7151,5.564962814939486
7152,5.564962814939486
7153,5.564962814939486
7154,5.564962814939486
7155,5.564962814939486
7156,5.564962814939486
7157,5.564962814939486
7158,5.564962814939486
7159,5.564962814939486
7160,5.564962814939486
7161,5.564962814939486
7162,5.564962814939486
7163,5.564962814939486
7164,5.564962814939486
7165,5.564962814939486
7166,5.564962814939486
7167,5.564962814939486
7168,5.564962814939486
7169,5.564962814939486
7170,5.564962814939486
7171,5.564962814939486
7172,5.564962814939486
7173,5.564962814939486
7174,5.564962814939486
7175,5.564962814939486
7176,5.564962814939486
7177,5.564962814939486
7178,5.564962814939486
7179,5.564962814939486
7180,5.564962814939486
7181,5.564962814939486
7182,5.564962814939486
7183,5.564962814939486
7184,5.564962814939486
7185,5.564962814939486
7186,5.564962814939486
7187,5.564962814939486
7188,5.564962814939486
7189,5.564962814939486
7190,5.564962814939486
7191,5.564962814939486
7192,5.564962814939486
7193,5.564962814939486
7194,5.564962814939486
7195,5.564962814939486
7196,5.564962814939486
7197,5.564962814939486
7198,5.564962814939486
7199,5.564962814939486
7200,5.564962814939486
7201,5.564962814939486
7202,5.564962814939486
7203,5.564962814939486
7204,5.564962814939486
7205,5.564962814939486
7206,5.564962814939486
7207,5.564962814939486
7208,5.564962814939486
7209,5.564962814939486
7210,5.564962814939486
7211,5.564962814939486
7212,5.564962814939486
7213,5.564962814939486
7214,5.564962814939486
7215,5.564962814939486
7216,5.564962814939486
7217,5.564962814939486
7218,5.564962814939486
7219,5.564962814939486
7220,5.564962814939486
7221,5.564962814939486
7222,5.564962814939486
7223,5.564962814939486
7224,5.564962814939486
7225,5.564962814939486
7226,5.564962814939486
7227,5.564962814939486
7228,5.564962814939486
7229,5.564962814939486
7230,5.564962814939486
7231,5.564962814939486
7232,5.564962814939486
7233,5.564962814939486
7234,5.564962814939486
7235,5.564962814939486
7236,5.564962814939486
7237,5.564962814939486
7238,5.564962814939486
7239,5.564962814939486
7240,5.564962814939486
7241,5.564962814939486
7242,5.564962814939486
7243,5.564962814939486
7244,5.564962814939486
7245,5.564962814939486
7246,5.564962814939486
7247,5.564962814939486
7248,5.564962814939486
7249,5.564962814939486
7250,5.564962814939486
7251,5.564962814939486
7252,5.564962814939486
7253,5.564962814939486
7254,5.564962814939486
7255,5.564962814939486
7256,5.564962814939486
7257,5.564962814939486
7258,5.564962814939486
7259,5.564962814939486
7260,5.564962814939486
7261,5.564962814939486
7262,5.564962814939486
7263,5.564962814939486
7264,5.564962814939486
7265,5.564962814939486
7266,5.564962814939486
7267,5.564962814939486
7268,5.564962814939486
7269,5.564962814939486
7270,5.564962814939486
7271,5.564962814939486
7272,5.564962814939486
7273,5.564962814939486
7274,5.564962814939486
7275,5.564962814939486
7276,5.564962814939486
7277,5.564962814939486
7278,5.564962814939486
7279,5.564962814939486
7280,5.564962814939486
7281,5.564962814939486
7282,5.564962814939486
7283,5.564962814939486
7284,5.564962814939486
7285,5.564962814939486
7286,5.564962814939486
7287,5.564962814939486
7288,5.564962814939486
7289,5.564962814939486
7290,5.564962814939486
7291,5.564962814939486
7292,5.564962814939486
7293,5.564962814939486
7294,5.564962814939486
7295,5.564962814939486
7296,5.564962814939486
7297,5.564962814939486
7298,5.564962814939486
7299,5.564962814939486
7300,5.564962814939486
7301,5.564962814939486
7302,5.564962814939486
7303,5.564962814939486
7304,5.564962814939486
7305,5.564962814939486
7306,5.564962814939486
7307,5.564962814939486
7308,5.564962814939486
7309,5.564962814939486
7310,5.564962814939486
7311,5.564962814939486
7312,5.564962814939486
7313,5.564962814939486
7314,5.564962814939486
7315,5.564962814939486
7316,5.564962814939486
7317,5.564962814939486
7318,5.564962814939486
7319,5.564962814939486
7320,5.564962814939486
7321,5.564962814939486
7322,5.564962814939486
7323,5.564962814939486
7324,5.564962814939486
7325,5.564962814939486
7326,5.564962814939486
7327,5.564962814939486
7328,5.564962814939486
7329,5.564962814939486
7330,5.564962814939486
7331,5.564962814939486
7332,5.564962814939486
7333,5.564962814939486
7334,5.564962814939486
7335,5.564962814939486
7336,5.564962814939486
7337,5.564962814939486
7338,5.564962814939486
7339,5.564962814939486
7340,5.564962814939486
7341,5.564962814939486
7342,5.564962814939486
7343,5.564962814939486
7344,5.564962814939486
7345,5.564962814939486
7346,5.564962814939486
7347,5.564962814939486
7348,5.564962814939486
7349,5.564962814939486
7350,5.564962814939486
7351,5.564962814939486
7352,5.564962814939486
7353,5.564962814939486
7354,5.564962814939486
7355,5.564962814939486
7356,5.564962814939486
7357,5.564962814939486
7358,5.564962814939486
7359,5.564962814939486
7360,5.564962814939486
7361,5.564962814939486
7362,5.564962814939486
7363,5.564962814939486
7364,5.564962814939486
7365,5.564962814939486
7366,5.564962814939486
7367,5.564962814939486
7368,5.564962814939486
7369,5.564962814939486
7370,5.564962814939486
7371,5.564962814939486
7372,5.564962814939486
7373,5.564962814939486
7374,5.564962814939486
7375,5.564962814939486
7376,5.564962814939486
7377,5.564962814939486
7378,5.564962814939486
7379,5.564962814939486
7380,5.564962814939486
7381,5.564962814939486
7382,5.564962814939486
7383,5.564962814939486
7384,5.564962814939486
7385,5.564962814939486
7386,5.564962814939486
7387,5.564962814939486
7388,5.564962814939486
7389,5.564962814939486
7390,5.564962814939486
7391,5.564962814939486
7392,5.564962814939486
7393,5.564962814939486
7394,5.564962814939486
7395,5.564962814939486
7396,5.564962814939486
7397,5.564962814939486
7398,5.564962814939486
7399,5.564962814939486
7400,5.564962814939486
7401,5.564962814939486
7402,5.564962814939486
7403,5.564962814939486
7404,5.564962814939486
7405,5.564962814939486
7406,5.564962814939486
7407,5.564962814939486
7408,5.564962814939486
7409,5.564962814939486
7410,5.564962814939486
7411,5.564962814939486
7412,5.564962814939486
7413,5.564962814939486
7414,5.564962814939486
7415,5.564962814939486
7416,5.564962814939486
7417,5.564962814939486
7418,5.564962814939486
7419,5.564962814939486
7420,5.564962814939486
7421,5.564962814939486
7422,5.564962814939486
7423,5.564962814939486
7424,5.564962814939486
7425,5.564962814939486
7426,5.564962814939486
7427,5.564962814939486
7428,5.564962814939486
7429,5.564962814939486
7430,5.564962814939486
7431,5.564962814939486
7432,5.564962814939486
7433,5.564962814939486
7434,5.564962814939486
7435,5.564962814939486
7436,5.564962814939486
7437,5.564962814939486
7438,5.564962814939486
7439,5.564962814939486
7440,5.564962814939486
7441,5.564962814939486
7442,5.564962814939486
7443,5.564962814939486
7444,5.564962814939486
7445,5.564962814939486
7446,5.564962814939486
7447,5.564962814939486
7448,5.564962814939486
7449,5.564962814939486
7450,5.564962814939486
7451,5.564962814939486
7452,5.564962814939486
7453,5.564962814939486
7454,5.564962814939486
7455,5.564962814939486
7456,5.564962814939486
7457,5.564962814939486
7458,5.564962814939486
7459,5.564962814939486
7460,5.564962814939486
7461,5.564962814939486
7462,5.564962814939486
7463,5.564962814939486
7464,5.564962814939486
7465,5.564962814939486
7466,5.564962814939486
7467,5.564962814939486
7468,5.564962814939486
7469,5.564962814939486
7470,5.564962814939486
7471,5.564962814939486
7472,5.564962814939486
7473,5.564962814939486
7474,5.564962814939486
7475,5.564962814939486
7476,5.564962814939486
7477,5.564962814939486
7478,5.564962814939486
7479,5.564962814939486
7480,5.564962814939486
7481,5.564962814939486
7482,5.564962814939486
7483,5.564962814939486
7484,5.564962814939486
7485,5.564962814939486
7486,5.564962814939486
7487,5.564962814939486
7488,5.564962814939486
7489,5.564962814939486
7490,5.564962814939486
7491,5.564962814939486
7492,5.564962814939486
7493,5.564962814939486
7494,5.564962814939486
7495,5.564962814939486
7496,5.564962814939486
7497,5.564962814939486
7498,5.564962814939486
7499,5.564962814939486
7500,5.564962814939486
7501,5.564962814939486
7502,5.564962814939486
7503,5.564962814939486
7504,5.564962814939486
7505,5.564962814939486
7506,5.564962814939486
7507,5.564962814939486
7508,5.564962814939486
7509,5.564962814939486
7510,5.564962814939486
7511,5.564962814939486
7512,5.564962814939486
7513,5.564962814939486
7514,5.564962814939486
7515,5.564962814939486
7516,5.564962814939486
7517,5.564962814939486
7518,5.564962814939486
7519,5.564962814939486
7520,5.564962814939486
7521,5.564962814939486
7522,5.564962814939486
7523,5.564962814939486
7524,5.564962814939486
7525,5.564962814939486
7526,5.564962814939486
7527,5.564962814939486
7528,5.564962814939486
7529,5.564962814939486
7530,5.564962814939486
7531,5.564962814939486
7532,5.564962814939486
7533,5.564962814939486
7534,5.564962814939486
7535,5.564962814939486
7536,5.564962814939486
7537,5.564962814939486
7538,5.564962814939486
7539,5.564962814939486
7540,5.564962814939486
7541,5.564962814939486
7542,5.564962814939486
7543,5.564962814939486
7544,5.564962814939486
7545,5.564962814939486
7546,5.564962814939486
7547,5.564962814939486
7548,5.564962814939486
7549,5.564962814939486
7550,5.564962814939486
7551,5.564962814939486
7552,5.564962814939486
7553,5.564962814939486
7554,5.564962814939486
7555,5.564962814939486
7556,5.564962814939486
7557,5.564962814939486
7558,5.564962814939486
7559,5.564962814939486
7560,5.564962814939486
7561,5.564962814939486
7562,5.564962814939486
7563,5.564962814939486
7564,5.564962814939486
7565,5.564962814939486
7566,5.564962814939486
7567,5.564962814939486
7568,5.564962814939486
7569,5.564962814939486
7570,5.564962814939486
7571,5.564962814939486
7572,5.564962814939486
7573,5.564962814939486
7574,5.564962814939486
7575,5.564962814939486
7576,5.564962814939486
7577,5.564962814939486
7578,5.564962814939486
7579,5.564962814939486
7580,5.564962814939486
7581,5.564962814939486
7582,5.564962814939486
7583,5.564962814939486
7584,5.564962814939486
7585,5.564962814939486
7586,5.564962814939486
7587,5.564962814939486
7588,5.564962814939486
7589,5.564962814939486
7590,5.564962814939486
7591,5.564962814939486
7592,5.564962814939486
7593,5.564962814939486
7594,5.564962814939486
7595,5.564962814939486
7596,5.564962814939486
7597,5.564962814939486
7598,5.564962814939486
7599,5.564962814939486
7600,5.564962814939486
7601,5.564962814939486
7602,5.564962814939486
7603,5.564962814939486
7604,5.564962814939486
7605,5.564962814939486
7606,5.564962814939486
7607,5.564962814939486
7608,5.564962814939486
7609,5.564962814939486
7610,5.564962814939486
7611,5.564962814939486
7612,5.564962814939486
7613,5.564962814939486
7614,5.564962814939486
7615,5.564962814939486
7616,5.564962814939486
7617,5.564962814939486
7618,5.564962814939486
7619,5.564962814939486
7620,5.564962814939486
7621,5.564962814939486
7622,5.564962814939486
7623,5.564962814939486
7624,5.564962814939486
7625,5.564962814939486
7626,5.564962814939486
7627,5.564962814939486
7628,5.564962814939486
7629,5.564962814939486
7630,5.564962814939486
7631,5.564962814939486
7632,5.564962814939486
7633,5.564962814939486
7634,5.564962814939486
7635,5.564962814939486
7636,5.564962814939486
7637,5.564962814939486
7638,5.564962814939486
7639,5.564962814939486
7640,5.564962814939486
7641,5.564962814939486
7642,5.564962814939486
7643,5.564962814939486
7644,5.564962814939486
7645,5.564962814939486
7646,5.564962814939486
7647,5.564962814939486
7648,5.564962814939486
7649,5.564962814939486
7650,5.564962814939486
7651,5.564962814939486
7652,5.564962814939486
7653,5.564962814939486
7654,5.564962814939486
7655,5.564962814939486
7656,5.564962814939486
7657,5.564962814939486
7658,5.564962814939486
7659,5.564962814939486
7660,5.564962814939486
7661,5.564962814939486
7662,5.564962814939486
7663,5.564962814939486
7664,5.564962814939486
7665,5.564962814939486
7666,5.564962814939486
7667,5.564962814939486
7668,5.564962814939486
7669,5.564962814939486
7670,5.564962814939486
7671,5.564962814939486
7672,5.564962814939486
7673,5.564962814939486
7674,5.564962814939486
7675,5.564962814939486
7676,5.564962814939486
7677,5.564962814939486
7678,5.564962814939486
7679,5.564962814939486
7680,5.564962814939486
7681,5.564962814939486
7682,5.564962814939486
7683,5.564962814939486
7684,5.564962814939486
7685,5.564962814939486
7686,5.564962814939486
7687,5.564962814939486
7688,5.564962814939486
7689,5.564962814939486
7690,5.564962814939486
7691,5.564962814939486
7692,5.564962814939486
7693,5.564962814939486
7694,5.564962814939486
7695,5.564962814939486
7696,5.564962814939486
7697,5.564962814939486
7698,5.564962814939486
7699,5.564962814939486
7700,5.564962814939486
7701,5.564962814939486
7702,5.564962814939486
7703,5.564962814939486
7704,5.564962814939486
7705,5.564962814939486
7706,5.564962814939486
7707,5.564962814939486
7708,5.564962814939486
7709,5.564962814939486
7710,5.564962814939486
7711,5.564962814939486
7712,5.564962814939486
7713,5.564962814939486
7714,5.564962814939486
7715,5.564962814939486
7716,5.564962814939486
7717,5.564962814939486
7718,5.564962814939486
7719,5.564962814939486
7720,5.564962814939486
7721,5.564962814939486
7722,5.564962814939486
7723,5.564962814939486
7724,5.564962814939486
7725,5.564962814939486
7726,5.564962814939486
7727,5.564962814939486
7728,5.564962814939486
7729,5.564962814939486
7730,5.564962814939486
7731,5.564962814939486
7732,5.564962814939486
7733,5.564962814939486
7734,5.564962814939486
7735,5.564962814939486
7736,5.564962814939486
7737,5.564962814939486
7738,5.564962814939486
7739,5.564962814939486
7740,5.564962814939486
7741,5.564962814939486
7742,5.564962814939486
7743,5.564962814939486
7744,5.564962814939486
7745,5.564962814939486
7746,5.564962814939486
7747,5.564962814939486
7748,5.564962814939486
7749,5.564962814939486
7750,5.564962814939486
7751,5.564962814939486
7752,5.564962814939486
7753,5.564962814939486
7754,5.564962814939486
7755,5.564962814939486
7756,5.564962814939486
7757,5.564962814939486
7758,5.564962814939486
7759,5.564962814939486
7760,5.564962814939486
7761,5.564962814939486
7762,5.564962814939486
7763,5.564962814939486
7764,5.564962814939486
7765,5.564962814939486
7766,5.564962814939486
7767,5.564962814939486
7768,5.564962814939486
7769,5.564962814939486
7770,5.564962814939486
7771,5.564962814939486
7772,5.564962814939486
7773,5.564962814939486
7774,5.564962814939486
7775,5.564962814939486
7776,5.564962814939486
7777,5.564962814939486
7778,5.564962814939486
7779,5.564962814939486
7780,5.564962814939486
7781,5.564962814939486
7782,5.564962814939486
7783,5.564962814939486
7784,5.564962814939486
7785,5.564962814939486
7786,5.564962814939486
7787,5.564962814939486
7788,5.564962814939486
7789,5.564962814939486
7790,5.564962814939486
7791,5.564962814939486
7792,5.564962814939486
7793,5.564962814939486
7794,5.564962814939486
7795,5.564962814939486
7796,5.564962814939486
7797,5.564962814939486
7798,5.564962814939486
7799,5.564962814939486
7800,5.564962814939486
7801,5.564962814939486
7802,5.564962814939486
7803,5.564962814939486
7804,5.564962814939486
7805,5.564962814939486
7806,5.564962814939486
7807,5.564962814939486
7808,5.564962814939486
7809,5.564962814939486
7810,5.564962814939486
7811,5.564962814939486
7812,5.564962814939486
7813,5.564962814939486
7814,5.564962814939486
7815,5.564962814939486
7816,5.564962814939486
7817,5.564962814939486
7818,5.564962814939486
7819,5.564962814939486
7820,5.564962814939486
7821,5.564962814939486
7822,5.564962814939486
7823,5.564962814939486
7824,5.564962814939486
7825,5.564962814939486
7826,5.564962814939486
7827,5.564962814939486
7828,5.564962814939486
7829,5.564962814939486
7830,5.564962814939486
7831,5.564962814939486
7832,5.564962814939486
7833,5.564962814939486
7834,5.564962814939486
7835,5.564962814939486
7836,5.564962814939486
7837,5.564962814939486
7838,5.564962814939486
7839,5.564962814939486
7840,5.564962814939486
7841,5.564962814939486
7842,5.564962814939486
7843,5.564962814939486
7844,5.564962814939486
7845,5.564962814939486
7846,5.564962814939486
7847,5.564962814939486
7848,5.564962814939486
7849,5.564962814939486
7850,5.564962814939486
7851,5.564962814939486
7852,5.564962814939486
7853,5.564962814939486
7854,5.564962814939486
7855,5.564962814939486
7856,5.564962814939486
7857,5.564962814939486
7858,5.564962814939486
7859,5.564962814939486
7860,5.564962814939486
7861,5.564962814939486
7862,5.564962814939486
7863,5.564962814939486
7864,5.564962814939486
7865,5.564962814939486
7866,5.564962814939486
7867,5.564962814939486
7868,5.564962814939486
7869,5.564962814939486
7870,5.564962814939486
7871,5.564962814939486
7872,5.564962814939486
7873,5.564962814939486
7874,5.564962814939486
7875,5.564962814939486
7876,5.564962814939486
7877,5.564962814939486
7878,5.564962814939486
7879,5.564962814939486
7880,5.564962814939486
7881,5.564962814939486
7882,5.564962814939486
7883,5.564962814939486
7884,5.564962814939486
7885,5.564962814939486
7886,5.564962814939486
7887,5.564962814939486
7888,5.564962814939486
7889,5.564962814939486
7890,5.564962814939486
7891,5.564962814939486
7892,5.564962814939486
7893,5.564962814939486
7894,5.564962814939486
7895,5.564962814939486
7896,5.564962814939486
7897,5.564962814939486
7898,5.564962814939486
7899,5.564962814939486
7900,5.564962814939486
7901,5.564962814939486
7902,5.564962814939486
7903,5.564962814939486
7904,5.564962814939486
7905,5.564962814939486
7906,5.564962814939486
7907,5.564962814939486
7908,5.564962814939486
7909,5.564962814939486
7910,5.564962814939486
7911,5.564962814939486
7912,5.564962814939486
7913,5.564962814939486
7914,5.564962814939486
7915,5.564962814939486
7916,5.564962814939486
7917,5.564962814939486
7918,5.564962814939486
7919,5.564962814939486
7920,5.564962814939486
7921,5.564962814939486
7922,5.564962814939486
7923,5.564962814939486
7924,5.564962814939486
7925,5.564962814939486
7926,5.564962814939486
7927,5.564962814939486
7928,5.564962814939486
7929,5.564962814939486
7930,5.564962814939486
7931,5.564962814939486
7932,5.564962814939486
7933,5.564962814939486
7934,5.564962814939486
7935,5.564962814939486
7936,5.564962814939486
7937,5.564962814939486
7938,5.564962814939486
7939,5.564962814939486
7940,5.564962814939486
7941,5.564962814939486
7942,5.564962814939486
7943,5.564962814939486
7944,5.564962814939486
7945,5.564962814939486
7946,5.564962814939486
7947,5.564962814939486
7948,5.564962814939486
7949,5.564962814939486
7950,5.564962814939486
7951,5.564962814939486
7952,5.564962814939486
7953,5.564962814939486
7954,5.564962814939486
7955,5.564962814939486
7956,5.564962814939486
7957,5.564962814939486
7958,5.564962814939486
7959,5.564962814939486
7960,5.564962814939486
7961,5.564962814939486
7962,5.564962814939486
7963,5.564962814939486
7964,5.564962814939486
7965,5.564962814939486
7966,5.564962814939486
7967,5.564962814939486
7968,5.564962814939486
7969,5.564962814939486
7970,5.564962814939486
7971,5.564962814939486
7972,5.564962814939486
7973,5.564962814939486
7974,5.564962814939486
7975,5.564962814939486
7976,5.564962814939486
7977,5.564962814939486
7978,5.564962814939486
7979,5.564962814939486
7980,5.564962814939486
7981,5.564962814939486
7982,5.564962814939486
7983,5.564962814939486
7984,5.564962814939486
7985,5.564962814939486
7986,5.564962814939486
7987,5.564962814939486
7988,5.564962814939486
7989,5.564962814939486
7990,5.564962814939486
7991,5.564962814939486
7992,5.564962814939486
7993,5.564962814939486
7994,5.564962814939486
7995,5.564962814939486
7996,5.564962814939486
7997,5.564962814939486
7998,5.564962814939486
7999,5.564962814939486
8000,5.564962814939486
8001,5.564962814939486
8002,5.564962814939486
8003,5.564962814939486
8004,5.564962814939486
8005,5.564962814939486
8006,5.564962814939486
8007,5.564962814939486
8008,5.564962814939486
8009,5.564962814939486
8010,5.564962814939486
8011,5.564962814939486
8012,5.564962814939486
8013,5.564962814939486
8014,5.564962814939486
8015,5.564962814939486
8016,5.564962814939486
8017,5.564962814939486
8018,5.564962814939486
8019,5.564962814939486
8020,5.564962814939486
8021,5.564962814939486
8022,5.564962814939486
8023,5.564962814939486
8024,5.564962814939486
8025,5.564962814939486
8026,5.564962814939486
8027,5.564962814939486
8028,5.564962814939486
8029,5.564962814939486
8030,5.564962814939486
8031,5.564962814939486
8032,5.564962814939486
8033,5.564962814939486
8034,5.564962814939486
8035,5.564962814939486
8036,5.564962814939486
8037,5.564962814939486
8038,5.564962814939486
8039,5.564962814939486
8040,5.564962814939486
8041,5.564962814939486
8042,5.564962814939486
8043,5.564962814939486
8044,5.564962814939486
8045,5.564962814939486
8046,5.564962814939486
8047,5.564962814939486
8048,5.564962814939486
8049,5.564962814939486
8050,5.564962814939486
8051,5.564962814939486
8052,5.564962814939486
8053,5.564962814939486
8054,5.564962814939486
8055,5.564962814939486
8056,5.564962814939486
8057,5.564962814939486
8058,5.564962814939486
8059,5.564962814939486
8060,5.564962814939486
8061,5.564962814939486
8062,5.564962814939486
8063,5.564962814939486
8064,5.564962814939486
8065,5.564962814939486
8066,5.564962814939486
8067,5.564962814939486
8068,5.564962814939486
8069,5.564962814939486
8070,5.564962814939486
8071,5.564962814939486
8072,5.564962814939486
8073,5.564962814939486
8074,5.564962814939486
8075,5.564962814939486
8076,5.564962814939486
8077,5.564962814939486
8078,5.564962814939486
8079,5.564962814939486
8080,5.564962814939486
8081,5.564962814939486
8082,5.564962814939486
8083,5.564962814939486
8084,5.564962814939486
8085,5.564962814939486
8086,5.564962814939486
8087,5.564962814939486
8088,5.564962814939486
8089,5.564962814939486
8090,5.564962814939486
8091,5.564962814939486
8092,5.564962814939486
8093,5.564962814939486
8094,5.564962814939486
8095,5.564962814939486
8096,5.564962814939486
8097,5.564962814939486
8098,5.564962814939486
8099,5.564962814939486
8100,5.564962814939486
8101,5.564962814939486
8102,5.564962814939486
8103,5.564962814939486
8104,5.564962814939486
8105,5.564962814939486
8106,5.564962814939486
8107,5.564962814939486
8108,5.564962814939486
8109,5.564962814939486
8110,5.564962814939486
8111,5.564962814939486
8112,5.564962814939486
8113,5.564962814939486
8114,5.564962814939486
8115,5.564962814939486
8116,5.564962814939486
8117,5.564962814939486
8118,5.564962814939486
8119,5.564962814939486
8120,5.564962814939486
8121,5.564962814939486
8122,5.564962814939486
8123,5.564962814939486
8124,5.564962814939486
8125,5.564962814939486
8126,5.564962814939486
8127,5.564962814939486
8128,5.564962814939486
8129,5.564962814939486
8130,5.564962814939486
8131,5.564962814939486
8132,5.564962814939486
8133,5.564962814939486
8134,5.564962814939486
8135,5.564962814939486
8136,5.564962814939486
8137,5.564962814939486
8138,5.564962814939486
8139,5.564962814939486
8140,5.564962814939486
8141,5.564962814939486
8142,5.564962814939486
8143,5.564962814939486
8144,5.564962814939486
8145,5.564962814939486
8146,5.564962814939486
8147,5.564962814939486
8148,5.564962814939486
8149,5.564962814939486
8150,5.564962814939486
8151,5.564962814939486
8152,5.564962814939486
8153,5.564962814939486
8154,5.564962814939486
8155,5.564962814939486
8156,5.564962814939486
8157,5.564962814939486
8158,5.564962814939486
8159,5.564962814939486
8160,5.564962814939486
8161,5.564962814939486
8162,5.564962814939486
8163,5.564962814939486
8164,5.564962814939486
8165,5.564962814939486
8166,5.564962814939486
8167,5.564962814939486
8168,5.564962814939486
8169,5.564962814939486
8170,5.564962814939486
8171,5.564962814939486
8172,5.564962814939486
8173,5.564962814939486
8174,5.564962814939486
8175,5.564962814939486
8176,5.564962814939486
8177,5.564962814939486
8178,5.564962814939486
8179,5.564962814939486
8180,5.564962814939486
8181,5.564962814939486
8182,5.564962814939486
8183,5.564962814939486
8184,5.564962814939486
8185,5.564962814939486
8186,5.564962814939486
8187,5.564962814939486
8188,5.564962814939486
8189,5.564962814939486
8190,5.564962814939486
8191,5.564962814939486
8192,5.564962814939486
8193,5.564962814939486
8194,5.564962814939486
8195,5.564962814939486
8196,5.564962814939486
8197,5.564962814939486
8198,5.564962814939486
8199,5.564962814939486
8200,5.564962814939486
8201,5.564962814939486
8202,5.564962814939486
8203,5.564962814939486
8204,5.564962814939486
8205,5.564962814939486
8206,5.564962814939486
8207,5.564962814939486
8208,5.564962814939486
8209,5.564962814939486
8210,5.564962814939486
8211,5.564962814939486
8212,5.564962814939486
8213,5.564962814939486
8214,5.564962814939486
8215,5.564962814939486
8216,5.564962814939486
8217,5.564962814939486
8218,5.564962814939486
8219,5.564962814939486
8220,5.564962814939486
8221,5.564962814939486
8222,5.564962814939486
8223,5.564962814939486
8224,5.564962814939486
8225,5.564962814939486
8226,5.564962814939486
8227,5.564962814939486
8228,5.564962814939486
8229,5.564962814939486
8230,5.564962814939486
8231,5.564962814939486
8232,5.564962814939486
8233,5.564962814939486
8234,5.564962814939486
8235,5.564962814939486
8236,5.564962814939486
8237,5.564962814939486
8238,5.564962814939486
8239,5.564962814939486
8240,5.564962814939486
8241,5.564962814939486
8242,5.564962814939486
8243,5.564962814939486
8244,5.564962814939486
8245,5.564962814939486
8246,5.564962814939486
8247,5.564962814939486
8248,5.564962814939486
8249,5.564962814939486
8250,5.564962814939486
8251,5.564962814939486
8252,5.564962814939486
8253,5.564962814939486
8254,5.564962814939486
8255,5.564962814939486
8256,5.564962814939486
8257,5.564962814939486
8258,5.564962814939486
8259,5.564962814939486
8260,5.564962814939486
8261,5.564962814939486
8262,5.564962814939486
8263,5.564962814939486
8264,5.564962814939486
8265,5.564962814939486
8266,5.564962814939486
8267,5.564962814939486
8268,5.564962814939486
8269,5.564962814939486
8270,5.564962814939486
8271,5.564962814939486
8272,5.564962814939486
8273,5.564962814939486
8274,5.564962814939486
8275,5.564962814939486
8276,5.564962814939486
8277,5.564962814939486
8278,5.564962814939486
8279,5.564962814939486
8280,5.564962814939486
8281,5.564962814939486
8282,5.564962814939486
8283,5.564962814939486
8284,5.564962814939486
8285,5.564962814939486
8286,5.564962814939486
8287,5.564962814939486
8288,5.564962814939486
8289,5.564962814939486
8290,5.564962814939486
8291,5.564962814939486
8292,5.564962814939486
8293,5.564962814939486
8294,5.564962814939486
8295,5.564962814939486
8296,5.564962814939486
8297,5.564962814939486
8298,5.564962814939486
8299,5.564962814939486
8300,5.564962814939486
8301,5.564962814939486
8302,5.564962814939486
8303,5.564962814939486
8304,5.564962814939486
8305,5.564962814939486
8306,5.564962814939486
8307,5.564962814939486
8308,5.564962814939486
8309,5.564962814939486
8310,5.564962814939486
8311,5.564962814939486
8312,5.564962814939486
8313,5.564962814939486
8314,5.564962814939486
8315,5.564962814939486
8316,5.564962814939486
8317,5.564962814939486
8318,5.564962814939486
8319,5.564962814939486
8320,5.564962814939486
8321,5.564962814939486
8322,5.564962814939486
8323,5.564962814939486
8324,5.564962814939486
8325,5.564962814939486
8326,5.564962814939486
8327,5.564962814939486
8328,5.564962814939486
8329,5.564962814939486
8330,5.564962814939486
8331,5.564962814939486
8332,5.564962814939486
8333,5.564962814939486
8334,5.564962814939486
8335,5.564962814939486
8336,5.564962814939486
8337,5.564962814939486
8338,5.564962814939486
8339,5.564962814939486
8340,5.564962814939486
8341,5.564962814939486
8342,5.564962814939486
8343,5.564962814939486
8344,5.564962814939486
8345,5.564962814939486
8346,5.564962814939486
8347,5.564962814939486
8348,5.564962814939486
8349,5.564962814939486
8350,5.564962814939486
8351,5.564962814939486
8352,5.564962814939486
8353,5.564962814939486
8354,5.564962814939486
8355,5.564962814939486
8356,5.564962814939486
8357,5.564962814939486
8358,5.564962814939486
8359,5.564962814939486
8360,5.564962814939486
8361,5.564962814939486
8362,5.564962814939486
8363,5.564962814939486
8364,5.564962814939486
8365,5.564962814939486
8366,5.564962814939486
8367,5.564962814939486
8368,5.564962814939486
8369,5.564962814939486
8370,5.564962814939486
8371,5.564962814939486
8372,5.564962814939486
8373,5.564962814939486
8374,5.564962814939486
8375,5.564962814939486
8376,5.564962814939486
8377,5.564962814939486
8378,5.564962814939486
8379,5.564962814939486
8380,5.564962814939486
8381,5.564962814939486
8382,5.564962814939486
8383,5.564962814939486
8384,5.564962814939486
8385,5.564962814939486
8386,5.564962814939486
8387,5.564962814939486
8388,5.564962814939486
8389,5.564962814939486
8390,5.564962814939486
8391,5.564962814939486
8392,5.564962814939486
8393,5.564962814939486
8394,5.564962814939486
8395,5.564962814939486
8396,5.564962814939486
8397,5.564962814939486
8398,5.564962814939486
8399,5.564962814939486
8400,5.564962814939486
8401,5.564962814939486
8402,5.564962814939486
8403,5.564962814939486
8404,5.564962814939486
8405,5.564962814939486
8406,5.564962814939486
8407,5.564962814939486
8408,5.564962814939486
8409,5.564962814939486
8410,5.564962814939486
8411,5.564962814939486
8412,5.564962814939486
8413,5.564962814939486
8414,5.564962814939486
8415,5.564962814939486
8416,5.564962814939486
8417,5.564962814939486
8418,5.564962814939486
8419,5.564962814939486
8420,5.564962814939486
8421,5.564962814939486
8422,5.564962814939486
8423,5.564962814939486
8424,5.564962814939486
8425,5.564962814939486
8426,5.564962814939486
8427,5.564962814939486
8428,5.564962814939486
8429,5.564962814939486
8430,5.564962814939486
8431,5.564962814939486
8432,5.564962814939486
8433,5.564962814939486
8434,5.564962814939486
8435,5.564962814939486
8436,5.564962814939486
8437,5.564962814939486
8438,5.564962814939486
8439,5.564962814939486
8440,5.564962814939486
8441,5.564962814939486
8442,5.564962814939486
8443,5.564962814939486
8444,5.564962814939486
8445,5.564962814939486
8446,5.564962814939486
8447,5.564962814939486
8448,5.564962814939486
8449,5.564962814939486
8450,5.564962814939486
8451,5.564962814939486
8452,5.564962814939486
8453,5.564962814939486
8454,5.564962814939486
8455,5.564962814939486
8456,5.564962814939486
8457,5.564962814939486
8458,5.564962814939486
8459,5.564962814939486
8460,5.564962814939486
8461,5.564962814939486
8462,5.564962814939486
8463,5.564962814939486
8464,5.564962814939486
8465,5.564962814939486
8466,5.564962814939486
8467,5.564962814939486
8468,5.564962814939486
8469,5.564962814939486
8470,5.564962814939486
8471,5.564962814939486
8472,5.564962814939486
8473,5.564962814939486
8474,5.564962814939486
8475,5.564962814939486
8476,5.564962814939486
8477,5.564962814939486
8478,5.564962814939486
8479,5.564962814939486
8480,5.564962814939486
8481,5.564962814939486
8482,5.564962814939486
8483,5.564962814939486
8484,5.564962814939486
8485,5.564962814939486
8486,5.564962814939486
8487,5.564962814939486
8488,5.564962814939486
8489,5.564962814939486
8490,5.564962814939486
8491,5.564962814939486
8492,5.564962814939486
8493,5.564962814939486
8494,5.564962814939486
8495,5.564962814939486
8496,5.564962814939486
8497,5.564962814939486
8498,5.564962814939486
8499,5.564962814939486
8500,5.564962814939486
8501,5.564962814939486
8502,5.564962814939486
8503,5.564962814939486
8504,5.564962814939486
8505,5.564962814939486
8506,5.564962814939486
8507,5.564962814939486
8508,5.564962814939486
8509,5.564962814939486
8510,5.564962814939486
8511,5.564962814939486
8512,5.564962814939486
8513,5.564962814939486
8514,5.564962814939486
8515,5.564962814939486
8516,5.564962814939486
8517,5.564962814939486
8518,5.564962814939486
8519,5.564962814939486
8520,5.564962814939486
8521,5.564962814939486
8522,5.564962814939486
8523,5.564962814939486
8524,5.564962814939486
8525,5.564962814939486
8526,5.564962814939486
8527,5.564962814939486
8528,5.564962814939486
8529,5.564962814939486
8530,5.564962814939486
8531,5.564962814939486
8532,5.564962814939486
8533,5.564962814939486
8534,5.564962814939486
8535,5.564962814939486
8536,5.564962814939486
8537,5.564962814939486
8538,5.564962814939486
8539,5.564962814939486
8540,5.564962814939486
8541,5.564962814939486
8542,5.564962814939486
8543,5.564962814939486
8544,5.564962814939486
8545,5.564962814939486
8546,5.564962814939486
8547,5.564962814939486
8548,5.564962814939486
8549,5.564962814939486
8550,5.564962814939486
8551,5.564962814939486
8552,5.564962814939486
8553,5.564962814939486
8554,5.564962814939486
8555,5.564962814939486
8556,5.564962814939486
8557,5.564962814939486
8558,5.564962814939486
8559,5.564962814939486
8560,5.564962814939486
8561,5.564962814939486
8562,5.564962814939486
8563,5.564962814939486
8564,5.564962814939486
8565,5.564962814939486
8566,5.564962814939486
8567,5.564962814939486
8568,5.564962814939486
8569,5.564962814939486
8570,5.564962814939486
8571,5.564962814939486
8572,5.564962814939486
8573,5.564962814939486
8574,5.564962814939486
8575,5.564962814939486
8576,5.564962814939486
8577,5.564962814939486
8578,5.564962814939486
8579,5.564962814939486
8580,5.564962814939486
8581,5.564962814939486
8582,5.564962814939486
8583,5.564962814939486
8584,5.564962814939486
8585,5.564962814939486
8586,5.564962814939486
8587,5.564962814939486
8588,5.564962814939486
8589,5.564962814939486
8590,5.564962814939486
8591,5.564962814939486
8592,5.564962814939486
8593,5.564962814939486
8594,5.564962814939486
8595,5.564962814939486
8596,5.564962814939486
8597,5.564962814939486
8598,5.564962814939486
8599,5.564962814939486
8600,5.564962814939486
8601,5.564962814939486
8602,5.564962814939486
8603,5.564962814939486
8604,5.564962814939486
8605,5.564962814939486
8606,5.564962814939486
8607,5.564962814939486
8608,5.564962814939486
8609,5.564962814939486
8610,5.564962814939486
8611,5.564962814939486
8612,5.564962814939486
8613,5.564962814939486
8614,5.564962814939486
8615,5.564962814939486
8616,5.564962814939486
8617,5.564962814939486
8618,5.564962814939486
8619,5.564962814939486
8620,5.564962814939486
8621,5.564962814939486
8622,5.564962814939486
8623,5.564962814939486
8624,5.564962814939486
8625,5.564962814939486
8626,5.564962814939486
8627,5.564962814939486
8628,5.564962814939486
8629,5.564962814939486
8630,5.564962814939486
8631,5.564962814939486
8632,5.564962814939486
8633,5.564962814939486
8634,5.564962814939486
8635,5.564962814939486
8636,5.564962814939486
8637,5.564962814939486
8638,5.564962814939486
8639,5.564962814939486
8640,5.564962814939486
8641,5.564962814939486
8642,5.564962814939486
8643,5.564962814939486
8644,5.564962814939486
8645,5.564962814939486
8646,5.564962814939486
8647,5.564962814939486
8648,5.564962814939486
8649,5.564962814939486
8650,5.564962814939486
8651,5.564962814939486
8652,5.564962814939486
8653,5.564962814939486
8654,5.564962814939486
8655,5.564962814939486
8656,5.564962814939486
8657,5.564962814939486
8658,5.564962814939486
8659,5.564962814939486
8660,5.564962814939486
8661,5.564962814939486
8662,5.564962814939486
8663,5.564962814939486
8664,5.564962814939486
8665,5.564962814939486
8666,5.564962814939486
8667,5.564962814939486
8668,5.564962814939486
8669,5.564962814939486
8670,5.564962814939486
8671,5.564962814939486
8672,5.564962814939486
8673,5.564962814939486
8674,5.564962814939486
8675,5.564962814939486
8676,5.564962814939486
8677,5.564962814939486
8678,5.564962814939486
8679,5.564962814939486
8680,5.564962814939486
8681,5.564962814939486
8682,5.564962814939486
8683,5.564962814939486
8684,5.564962814939486
8685,5.564962814939486
8686,5.564962814939486
8687,5.564962814939486
8688,5.564962814939486
8689,5.564962814939486
8690,5.564962814939486
8691,5.564962814939486
8692,5.564962814939486
8693,5.564962814939486
8694,5.564962814939486
8695,5.564962814939486
8696,5.564962814939486
8697,5.564962814939486
8698,5.564962814939486
8699,5.564962814939486
8700,5.564962814939486
8701,5.564962814939486
8702,5.564962814939486
8703,5.564962814939486
8704,5.564962814939486
8705,5.564962814939486
8706,5.564962814939486
8707,5.564962814939486
8708,5.564962814939486
8709,5.564962814939486
8710,5.564962814939486
8711,5.564962814939486
8712,5.564962814939486
8713,5.564962814939486
8714,5.564962814939486
8715,5.564962814939486
8716,5.564962814939486
8717,5.564962814939486
8718,5.564962814939486
8719,5.564962814939486
8720,5.564962814939486
8721,5.564962814939486
8722,5.564962814939486
8723,5.564962814939486
8724,5.564962814939486
8725,5.564962814939486
8726,5.564962814939486
8727,5.564962814939486
8728,5.564962814939486
8729,5.564962814939486
8730,5.564962814939486
8731,5.564962814939486
8732,5.564962814939486
8733,5.564962814939486
8734,5.564962814939486
8735,5.564962814939486
8736,5.564962814939486
8737,5.564962814939486
8738,5.564962814939486
8739,5.564962814939486
8740,5.564962814939486
8741,5.564962814939486
8742,5.564962814939486
8743,5.564962814939486
8744,5.564962814939486
8745,5.564962814939486
8746,5.564962814939486
8747,5.564962814939486
8748,5.564962814939486
8749,5.564962814939486
8750,5.564962814939486
8751,5.564962814939486
8752,5.564962814939486
8753,5.564962814939486
8754,5.564962814939486
8755,5.564962814939486
8756,5.564962814939486
8757,5.564962814939486
8758,5.564962814939486
8759,5.564962814939486
8760,5.564962814939486
8761,5.564962814939486
8762,5.564962814939486
8763,5.564962814939486
8764,5.564962814939486
8765,5.564962814939486
8766,5.564962814939486
8767,5.564962814939486
8768,5.564962814939486
8769,5.564962814939486
8770,5.564962814939486
8771,5.564962814939486
8772,5.564962814939486
8773,5.564962814939486
8774,5.564962814939486
8775,5.564962814939486
8776,5.564962814939486
8777,5.564962814939486
8778,5.564962814939486
8779,5.564962814939486
8780,5.564962814939486
8781,5.564962814939486
8782,5.564962814939486
8783,5.564962814939486
8784,5.564962814939486
8785,5.564962814939486
8786,5.564962814939486
8787,5.564962814939486
8788,5.564962814939486
8789,5.564962814939486
8790,5.564962814939486
8791,5.564962814939486
8792,5.564962814939486
8793,5.564962814939486
8794,5.564962814939486
8795,5.564962814939486
8796,5.564962814939486
8797,5.564962814939486
8798,5.564962814939486
8799,5.564962814939486
8800,5.564962814939486
8801,5.564962814939486
8802,5.564962814939486
8803,5.564962814939486
8804,5.564962814939486
8805,5.564962814939486
8806,5.564962814939486
8807,5.564962814939486
8808,5.564962814939486
8809,5.564962814939486
8810,5.564962814939486
8811,5.564962814939486
8812,5.564962814939486
8813,5.564962814939486
8814,5.564962814939486
8815,5.564962814939486
8816,5.564962814939486
8817,5.564962814939486
8818,5.564962814939486
8819,5.564962814939486
8820,5.564962814939486
8821,5.564962814939486
8822,5.564962814939486
8823,5.564962814939486
8824,5.564962814939486
8825,5.564962814939486
8826,5.564962814939486
8827,5.564962814939486
8828,5.564962814939486
8829,5.564962814939486
8830,5.564962814939486
8831,5.564962814939486
8832,5.564962814939486
8833,5.564962814939486
8834,5.564962814939486
8835,5.564962814939486
8836,5.564962814939486
8837,5.564962814939486
8838,5.564962814939486
8839,5.564962814939486
8840,5.564962814939486
8841,5.564962814939486
8842,5.564962814939486
8843,5.564962814939486
8844,5.564962814939486
8845,5.564962814939486
8846,5.564962814939486
8847,5.564962814939486
8848,5.564962814939486
8849,5.564962814939486
8850,5.564962814939486
8851,5.564962814939486
8852,5.564962814939486
8853,5.564962814939486
8854,5.564962814939486
8855,5.564962814939486
8856,5.564962814939486
8857,5.564962814939486
8858,5.564962814939486
8859,5.564962814939486
8860,5.564962814939486
8861,5.564962814939486
8862,5.564962814939486
8863,5.564962814939486
8864,5.564962814939486
8865,5.564962814939486
8866,5.564962814939486
8867,5.564962814939486
8868,5.564962814939486
8869,5.564962814939486
8870,5.564962814939486
8871,5.564962814939486
8872,5.564962814939486
8873,5.564962814939486
8874,5.564962814939486
8875,5.564962814939486
8876,5.564962814939486
8877,5.564962814939486
8878,5.564962814939486
8879,5.564962814939486
8880,5.564962814939486
8881,5.564962814939486
8882,5.564962814939486
8883,5.564962814939486
8884,5.564962814939486
8885,5.564962814939486
8886,5.564962814939486
8887,5.564962814939486
8888,5.564962814939486
8889,5.564962814939486
8890,5.564962814939486
8891,5.564962814939486
8892,5.564962814939486
8893,5.564962814939486
8894,5.564962814939486
8895,5.564962814939486
8896,5.564962814939486
8897,5.564962814939486
8898,5.564962814939486
8899,5.564962814939486
8900,5.564962814939486
8901,5.564962814939486
8902,5.564962814939486
8903,5.564962814939486
8904,5.564962814939486
8905,5.564962814939486
8906,5.564962814939486
8907,5.564962814939486
8908,5.564962814939486
8909,5.564962814939486
8910,5.564962814939486
8911,5.564962814939486
8912,5.564962814939486
8913,5.564962814939486
8914,5.564962814939486
8915,5.564962814939486
8916,5.564962814939486
8917,5.564962814939486
8918,5.564962814939486
8919,5.564962814939486
8920,5.564962814939486
8921,5.564962814939486
8922,5.564962814939486
8923,5.564962814939486
8924,5.564962814939486
8925,5.564962814939486
8926,5.564962814939486
8927,5.564962814939486
8928,5.564962814939486
8929,5.564962814939486
8930,5.564962814939486
8931,5.564962814939486
8932,5.564962814939486
8933,5.564962814939486
8934,5.564962814939486
8935,5.564962814939486
8936,5.564962814939486
8937,5.564962814939486
8938,5.564962814939486
8939,5.564962814939486
8940,5.564962814939486
8941,5.564962814939486
8942,5.564962814939486
8943,5.564962814939486
8944,5.564962814939486
8945,5.564962814939486
8946,5.564962814939486
8947,5.564962814939486
8948,5.564962814939486
8949,5.564962814939486
8950,5.564962814939486
8951,5.564962814939486
8952,5.564962814939486
8953,5.564962814939486
8954,5.564962814939486
8955,5.564962814939486
8956,5.564962814939486
8957,5.564962814939486
8958,5.564962814939486
8959,5.564962814939486
8960,5.564962814939486
8961,5.564962814939486
8962,5.564962814939486
8963,5.564962814939486
8964,5.564962814939486
8965,5.564962814939486
8966,5.564962814939486
8967,5.564962814939486
8968,5.564962814939486
8969,5.564962814939486
8970,5.564962814939486
8971,5.564962814939486
8972,5.564962814939486
8973,5.564962814939486
8974,5.564962814939486
8975,5.564962814939486
8976,5.564962814939486
8977,5.564962814939486
8978,5.564962814939486
8979,5.564962814939486
8980,5.564962814939486
8981,5.564962814939486
8982,5.564962814939486
8983,5.564962814939486
8984,5.564962814939486
8985,5.564962814939486
8986,5.564962814939486
8987,5.564962814939486
8988,5.564962814939486
8989,5.564962814939486
8990,5.564962814939486
8991,5.564962814939486
8992,5.564962814939486
8993,5.564962814939486
8994,5.564962814939486
8995,5.564962814939486
8996,5.564962814939486
8997,5.564962814939486
8998,5.564962814939486
8999,5.564962814939486
9000,5.564962814939486
9001,5.564962814939486
9002,5.564962814939486
9003,5.564962814939486
9004,5.564962814939486
9005,5.564962814939486
9006,5.564962814939486
9007,5.564962814939486
9008,5.564962814939486
9009,5.564962814939486
9010,5.564962814939486
9011,5.564962814939486
9012,5.564962814939486
9013,5.564962814939486
9014,5.564962814939486
9015,5.564962814939486
9016,5.564962814939486
9017,5.564962814939486
9018,5.564962814939486
9019,5.564962814939486
9020,5.564962814939486
9021,5.564962814939486
9022,5.564962814939486
9023,5.564962814939486
9024,5.564962814939486
9025,5.564962814939486
9026,5.564962814939486
9027,5.564962814939486
9028,5.564962814939486
9029,5.564962814939486
9030,5.564962814939486
9031,5.564962814939486
9032,5.564962814939486
9033,5.564962814939486
9034,5.564962814939486
9035,5.564962814939486
9036,5.564962814939486
9037,5.564962814939486
9038,5.564962814939486
9039,5.564962814939486
9040,5.564962814939486
9041,5.564962814939486
9042,5.564962814939486
9043,5.564962814939486
9044,5.564962814939486
9045,5.564962814939486
9046,5.564962814939486
9047,5.564962814939486
9048,5.564962814939486
9049,5.564962814939486
9050,5.564962814939486
9051,5.564962814939486
9052,5.564962814939486
9053,5.564962814939486
9054,5.564962814939486
9055,5.564962814939486
9056,5.564962814939486
9057,5.564962814939486
9058,5.564962814939486
9059,5.564962814939486
9060,5.564962814939486
9061,5.564962814939486
9062,5.564962814939486
9063,5.564962814939486
9064,5.564962814939486
9065,5.564962814939486
9066,5.564962814939486
9067,5.564962814939486
9068,5.564962814939486
9069,5.564962814939486
9070,5.564962814939486
9071,5.564962814939486
9072,5.564962814939486
9073,5.564962814939486
9074,5.564962814939486
9075,5.564962814939486
9076,5.564962814939486
9077,5.564962814939486
9078,5.564962814939486
9079,5.564962814939486
9080,5.564962814939486
9081,5.564962814939486
9082,5.564962814939486
9083,5.564962814939486
9084,5.564962814939486
9085,5.564962814939486
9086,5.564962814939486
9087,5.564962814939486
9088,5.564962814939486
9089,5.564962814939486
9090,5.564962814939486
9091,5.564962814939486
9092,5.564962814939486
9093,5.564962814939486
9094,5.564962814939486
9095,5.564962814939486
9096,5.564962814939486
9097,5.564962814939486
9098,5.564962814939486
9099,5.564962814939486
9100,5.564962814939486
9101,5.564962814939486
9102,5.564962814939486
9103,5.564962814939486
9104,5.564962814939486
9105,5.564962814939486
9106,5.564962814939486
9107,5.564962814939486
9108,5.564962814939486
9109,5.564962814939486
9110,5.564962814939486
9111,5.564962814939486
9112,5.564962814939486
9113,5.564962814939486
9114,5.564962814939486
9115,5.564962814939486
9116,5.564962814939486
9117,5.564962814939486
9118,5.564962814939486
9119,5.564962814939486
9120,5.564962814939486
9121,5.564962814939486
9122,5.564962814939486
9123,5.564962814939486
9124,5.564962814939486
9125,5.564962814939486
9126,5.564962814939486
9127,5.564962814939486
9128,5.564962814939486
9129,5.564962814939486
9130,5.564962814939486
9131,5.564962814939486
9132,5.564962814939486
9133,5.564962814939486
9134,5.564962814939486
9135,5.564962814939486
9136,5.564962814939486
9137,5.564962814939486
9138,5.564962814939486
9139,5.564962814939486
9140,5.564962814939486
9141,5.564962814939486
9142,5.564962814939486
9143,5.564962814939486
9144,5.564962814939486
9145,5.564962814939486
9146,5.564962814939486
9147,5.564962814939486
9148,5.564962814939486
9149,5.564962814939486
9150,5.564962814939486
9151,5.564962814939486
9152,5.564962814939486
9153,5.564962814939486
9154,5.564962814939486
9155,5.564962814939486
9156,5.564962814939486
9157,5.564962814939486
9158,5.564962814939486
9159,5.564962814939486
9160,5.564962814939486
9161,5.564962814939486
9162,5.564962814939486
9163,5.564962814939486
9164,5.564962814939486
9165,5.564962814939486
9166,5.564962814939486
9167,5.564962814939486
9168,5.564962814939486
9169,5.564962814939486
9170,5.564962814939486
9171,5.564962814939486
9172,5.564962814939486
9173,5.564962814939486
9174,5.564962814939486
9175,5.564962814939486
9176,5.564962814939486
9177,5.564962814939486
9178,5.564962814939486
9179,5.564962814939486
9180,5.564962814939486
9181,5.564962814939486
9182,5.564962814939486
9183,5.564962814939486
9184,5.564962814939486
9185,5.564962814939486
9186,5.564962814939486
9187,5.564962814939486
9188,5.564962814939486
9189,5.564962814939486
9190,5.564962814939486
9191,5.564962814939486
9192,5.564962814939486
9193,5.564962814939486
9194,5.564962814939486
9195,5.564962814939486
9196,5.564962814939486
9197,5.564962814939486
9198,5.564962814939486
9199,5.564962814939486
9200,5.564962814939486
9201,5.564962814939486
9202,5.564962814939486
9203,5.564962814939486
9204,5.564962814939486
9205,5.564962814939486
9206,5.564962814939486
9207,5.564962814939486
9208,5.564962814939486
9209,5.564962814939486
9210,5.564962814939486
9211,5.564962814939486
9212,5.564962814939486
9213,5.564962814939486
9214,5.564962814939486
9215,5.564962814939486
9216,5.564962814939486
9217,5.564962814939486
9218,5.564962814939486
9219,5.564962814939486
9220,5.564962814939486
9221,5.564962814939486
9222,5.564962814939486
9223,5.564962814939486
9224,5.564962814939486
9225,5.564962814939486
9226,5.564962814939486
9227,5.564962814939486
9228,5.564962814939486
9229,5.564962814939486
9230,5.564962814939486
9231,5.564962814939486
9232,5.564962814939486
9233,5.564962814939486
9234,5.564962814939486
9235,5.564962814939486
9236,5.564962814939486
9237,5.564962814939486
9238,5.564962814939486
9239,5.564962814939486
9240,5.564962814939486
9241,5.564962814939486
9242,5.564962814939486
9243,5.564962814939486
9244,5.564962814939486
9245,5.564962814939486
9246,5.564962814939486
9247,5.564962814939486
9248,5.564962814939486
9249,5.564962814939486
9250,5.564962814939486
9251,5.564962814939486
9252,5.564962814939486
9253,5.564962814939486
9254,5.564962814939486
9255,5.564962814939486
9256,5.564962814939486
9257,5.564962814939486
9258,5.564962814939486
9259,5.564962814939486
9260,5.564962814939486
9261,5.564962814939486
9262,5.564962814939486
9263,5.564962814939486
9264,5.564962814939486
9265,5.564962814939486
9266,5.564962814939486
9267,5.564962814939486
9268,5.564962814939486
9269,5.564962814939486
9270,5.564962814939486
9271,5.564962814939486
9272,5.564962814939486
9273,5.564962814939486
9274,5.564962814939486
9275,5.564962814939486
9276,5.564962814939486
9277,5.564962814939486
9278,5.564962814939486
9279,5.564962814939486
9280,5.564962814939486
9281,5.564962814939486
9282,5.564962814939486
9283,5.564962814939486
9284,5.564962814939486
9285,5.564962814939486
9286,5.564962814939486
9287,5.564962814939486
9288,5.564962814939486
9289,5.564962814939486
9290,5.564962814939486
9291,5.564962814939486
9292,5.564962814939486
9293,5.564962814939486
9294,5.564962814939486
9295,5.564962814939486
9296,5.564962814939486
9297,5.564962814939486
9298,5.564962814939486
9299,5.564962814939486
9300,5.564962814939486
9301,5.564962814939486
9302,5.564962814939486
9303,5.564962814939486
9304,5.564962814939486
9305,5.564962814939486
9306,5.564962814939486
9307,5.564962814939486
9308,5.564962814939486
9309,5.564962814939486
9310,5.564962814939486
9311,5.564962814939486
9312,5.564962814939486
9313,5.564962814939486
9314,5.564962814939486
9315,5.564962814939486
9316,5.564962814939486
9317,5.564962814939486
9318,5.564962814939486
9319,5.564962814939486
9320,5.564962814939486
9321,5.564962814939486
9322,5.564962814939486
9323,5.564962814939486
9324,5.564962814939486
9325,5.564962814939486
9326,5.564962814939486
9327,5.564962814939486
9328,5.564962814939486
9329,5.564962814939486
9330,5.564962814939486
9331,5.564962814939486
9332,5.564962814939486
9333,5.564962814939486
9334,5.564962814939486
9335,5.564962814939486
9336,5.564962814939486
9337,5.564962814939486
9338,5.564962814939486
9339,5.564962814939486
9340,5.564962814939486
9341,5.564962814939486
9342,5.564962814939486
9343,5.564962814939486
9344,5.564962814939486
9345,5.564962814939486
9346,5.564962814939486
9347,5.564962814939486
9348,5.564962814939486
9349,5.564962814939486
9350,5.564962814939486
9351,5.564962814939486
9352,5.564962814939486
9353,5.564962814939486
9354,5.564962814939486
9355,5.564962814939486
9356,5.564962814939486
9357,5.564962814939486
9358,5.564962814939486
9359,5.564962814939486
9360,5.564962814939486
9361,5.564962814939486
9362,5.564962814939486
9363,5.564962814939486
9364,5.564962814939486
9365,5.564962814939486
9366,5.564962814939486
9367,5.564962814939486
9368,5.564962814939486
9369,5.564962814939486
9370,5.564962814939486
9371,5.564962814939486
9372,5.564962814939486
9373,5.564962814939486
9374,5.564962814939486
9375,5.564962814939486
9376,5.564962814939486
9377,5.564962814939486
9378,5.564962814939486
9379,5.564962814939486
9380,5.564962814939486
9381,5.564962814939486
9382,5.564962814939486
9383,5.564962814939486
9384,5.564962814939486
9385,5.564962814939486
9386,5.564962814939486
9387,5.564962814939486
9388,5.564962814939486
9389,5.564962814939486
9390,5.564962814939486
9391,5.564962814939486
9392,5.564962814939486
9393,5.564962814939486
9394,5.564962814939486
9395,5.564962814939486
9396,5.564962814939486
9397,5.564962814939486
9398,5.564962814939486
9399,5.564962814939486
9400,5.564962814939486
9401,5.564962814939486
9402,5.564962814939486
9403,5.564962814939486
9404,5.564962814939486
9405,5.564962814939486
9406,5.564962814939486
9407,5.564962814939486
9408,5.564962814939486
9409,5.564962814939486
9410,5.564962814939486
9411,5.564962814939486
9412,5.564962814939486
9413,5.564962814939486
9414,5.564962814939486
9415,5.564962814939486
9416,5.564962814939486
9417,5.564962814939486
9418,5.564962814939486
9419,5.564962814939486
9420,5.564962814939486
9421,5.564962814939486
9422,5.564962814939486
9423,5.564962814939486
9424,5.564962814939486
9425,5.564962814939486
9426,5.564962814939486
9427,5.564962814939486
9428,5.564962814939486
9429,5.564962814939486
9430,5.564962814939486
9431,5.564962814939486
9432,5.564962814939486
9433,5.564962814939486
9434,5.564962814939486
9435,5.564962814939486
9436,5.564962814939486
9437,5.564962814939486
9438,5.564962814939486
9439,5.564962814939486
9440,5.564962814939486
9441,5.564962814939486
9442,5.564962814939486
9443,5.564962814939486
9444,5.564962814939486
9445,5.564962814939486
9446,5.564962814939486
9447,5.564962814939486
9448,5.564962814939486
9449,5.564962814939486
9450,5.564962814939486
9451,5.564962814939486
9452,5.564962814939486
9453,5.564962814939486
9454,5.564962814939486
9455,5.564962814939486
9456,5.564962814939486
9457,5.564962814939486
9458,5.564962814939486
9459,5.564962814939486
9460,5.564962814939486
9461,5.564962814939486
9462,5.564962814939486
9463,5.564962814939486
9464,5.564962814939486
9465,5.564962814939486
9466,5.564962814939486
9467,5.564962814939486
9468,5.564962814939486
9469,5.564962814939486
9470,5.564962814939486
9471,5.564962814939486
9472,5.564962814939486
9473,5.564962814939486
9474,5.564962814939486
9475,5.564962814939486
9476,5.564962814939486
9477,5.564962814939486
9478,5.564962814939486
9479,5.564962814939486
9480,5.564962814939486
9481,5.564962814939486
9482,5.564962814939486
9483,5.564962814939486
9484,5.564962814939486
9485,5.564962814939486
9486,5.564962814939486
9487,5.564962814939486
9488,5.564962814939486
9489,5.564962814939486
9490,5.564962814939486
9491,5.564962814939486
9492,5.564962814939486
9493,5.564962814939486
9494,5.564962814939486
9495,5.564962814939486
9496,5.564962814939486
9497,5.564962814939486
9498,5.564962814939486
9499,5.564962814939486
9500,5.564962814939486
9501,5.564962814939486
9502,5.564962814939486
9503,5.564962814939486
9504,5.564962814939486
9505,5.564962814939486
9506,5.564962814939486
9507,5.564962814939486
9508,5.564962814939486
9509,5.564962814939486
9510,5.564962814939486
9511,5.564962814939486
9512,5.564962814939486
9513,5.564962814939486
9514,5.564962814939486
9515,5.564962814939486
9516,5.564962814939486
9517,5.564962814939486
9518,5.564962814939486
9519,5.564962814939486
9520,5.564962814939486
9521,5.564962814939486
9522,5.564962814939486
9523,5.564962814939486
9524,5.564962814939486
9525,5.564962814939486
9526,5.564962814939486
9527,5.564962814939486
9528,5.564962814939486
9529,5.564962814939486
9530,5.564962814939486
9531,5.564962814939486
9532,5.564962814939486
9533,5.564962814939486
9534,5.564962814939486
9535,5.564962814939486
9536,5.564962814939486
9537,5.564962814939486
9538,5.564962814939486
9539,5.564962814939486
9540,5.564962814939486
9541,5.564962814939486
9542,5.564962814939486
9543,5.564962814939486
9544,5.564962814939486
9545,5.564962814939486
9546,5.564962814939486
9547,5.564962814939486
9548,5.564962814939486
9549,5.564962814939486
9550,5.564962814939486
9551,5.564962814939486
9552,5.564962814939486
9553,5.564962814939486
9554,5.564962814939486
9555,5.564962814939486
9556,5.564962814939486
9557,5.564962814939486
9558,5.564962814939486
9559,5.564962814939486
9560,5.564962814939486
9561,5.564962814939486
9562,5.564962814939486
9563,5.564962814939486
9564,5.564962814939486
9565,5.564962814939486
9566,5.564962814939486
9567,5.564962814939486
9568,5.564962814939486
9569,5.564962814939486
9570,5.564962814939486
9571,5.564962814939486
9572,5.564962814939486
9573,5.564962814939486
9574,5.564962814939486
9575,5.564962814939486
9576,5.564962814939486
9577,5.564962814939486
9578,5.564962814939486
9579,5.564962814939486
9580,5.564962814939486
9581,5.564962814939486
9582,5.564962814939486
9583,5.564962814939486
9584,5.564962814939486
9585,5.564962814939486
9586,5.564962814939486
9587,5.564962814939486
9588,5.564962814939486
9589,5.564962814939486
9590,5.564962814939486
9591,5.564962814939486
9592,5.564962814939486
9593,5.564962814939486
9594,5.564962814939486
9595,5.564962814939486
9596,5.564962814939486
9597,5.564962814939486
9598,5.564962814939486
9599,5.564962814939486
9600,5.564962814939486
9601,5.564962814939486
9602,5.564962814939486
9603,5.564962814939486
9604,5.564962814939486
9605,5.564962814939486
9606,5.564962814939486
9607,5.564962814939486
9608,5.564962814939486
9609,5.564962814939486
9610,5.564962814939486
9611,5.564962814939486
9612,5.564962814939486
9613,5.564962814939486
9614,5.564962814939486
9615,5.564962814939486
9616,5.564962814939486
9617,5.564962814939486
9618,5.564962814939486
9619,5.564962814939486
9620,5.564962814939486
9621,5.564962814939486
9622,5.564962814939486
9623,5.564962814939486
9624,5.564962814939486
9625,5.564962814939486
9626,5.564962814939486
9627,5.564962814939486
9628,5.564962814939486
9629,5.564962814939486
9630,5.564962814939486
9631,5.564962814939486
9632,5.564962814939486
9633,5.564962814939486
9634,5.564962814939486
9635,5.564962814939486
9636,5.564962814939486
9637,5.564962814939486
9638,5.564962814939486
9639,5.564962814939486
9640,5.564962814939486
9641,5.564962814939486
9642,5.564962814939486
9643,5.564962814939486
9644,5.564962814939486
9645,5.564962814939486
9646,5.564962814939486
9647,5.564962814939486
9648,5.564962814939486
9649,5.564962814939486
9650,5.564962814939486
9651,5.564962814939486
9652,5.564962814939486
9653,5.564962814939486
9654,5.564962814939486
9655,5.564962814939486
9656,5.564962814939486
9657,5.564962814939486
9658,5.564962814939486
9659,5.564962814939486
9660,5.564962814939486
9661,5.564962814939486
9662,5.564962814939486
9663,5.564962814939486
9664,5.564962814939486
9665,5.564962814939486
9666,5.564962814939486
9667,5.564962814939486
9668,5.564962814939486
9669,5.564962814939486
9670,5.564962814939486
9671,5.564962814939486
9672,5.564962814939486
9673,5.564962814939486
9674,5.564962814939486
9675,5.564962814939486
9676,5.564962814939486
9677,5.564962814939486
9678,5.564962814939486
9679,5.564962814939486
9680,5.564962814939486
9681,5.564962814939486
9682,5.564962814939486
9683,5.564962814939486
9684,5.564962814939486
9685,5.564962814939486
9686,5.564962814939486
9687,5.564962814939486
9688,5.564962814939486
9689,5.564962814939486
9690,5.564962814939486
9691,5.564962814939486
9692,5.564962814939486
9693,5.564962814939486
9694,5.564962814939486
9695,5.564962814939486
9696,5.564962814939486
9697,5.564962814939486
9698,5.564962814939486
9699,5.564962814939486
9700,5.564962814939486
9701,5.564962814939486
9702,5.564962814939486
9703,5.564962814939486
9704,5.564962814939486
9705,5.564962814939486
9706,5.564962814939486
9707,5.564962814939486
9708,5.564962814939486
9709,5.564962814939486
9710,5.564962814939486
9711,5.564962814939486
9712,5.564962814939486
9713,5.564962814939486
9714,5.564962814939486
9715,5.564962814939486
9716,5.564962814939486
9717,5.564962814939486
9718,5.564962814939486
9719,5.564962814939486
9720,5.564962814939486
9721,5.564962814939486
9722,5.564962814939486
9723,5.564962814939486
9724,5.564962814939486
9725,5.564962814939486
9726,5.564962814939486
9727,5.564962814939486
9728,5.564962814939486
9729,5.564962814939486
9730,5.564962814939486
9731,5.564962814939486
9732,5.564962814939486
9733,5.564962814939486
9734,5.564962814939486
9735,5.564962814939486
9736,5.564962814939486
9737,5.564962814939486
9738,5.564962814939486
9739,5.564962814939486
9740,5.564962814939486
9741,5.564962814939486
9742,5.564962814939486
9743,5.564962814939486
9744,5.564962814939486
9745,5.564962814939486
9746,5.564962814939486
9747,5.564962814939486
9748,5.564962814939486
9749,5.564962814939486
9750,5.564962814939486
9751,5.564962814939486
9752,5.564962814939486
9753,5.564962814939486
9754,5.564962814939486
9755,5.564962814939486
9756,5.564962814939486
9757,5.564962814939486
9758,5.564962814939486
9759,5.564962814939486
9760,5.564962814939486
9761,5.564962814939486
9762,5.564962814939486
9763,5.564962814939486
9764,5.564962814939486
9765,5.564962814939486
9766,5.564962814939486
9767,5.564962814939486
9768,5.564962814939486
9769,5.564962814939486
9770,5.564962814939486
9771,5.564962814939486
9772,5.564962814939486
9773,5.564962814939486
9774,5.564962814939486
9775,5.564962814939486
9776,5.564962814939486
9777,5.564962814939486
9778,5.564962814939486
9779,5.564962814939486
9780,5.564962814939486
9781,5.564962814939486
9782,5.564962814939486
9783,5.564962814939486
9784,5.564962814939486
9785,5.564962814939486
9786,5.564962814939486
9787,5.564962814939486
9788,5.564962814939486
9789,5.564962814939486
9790,5.564962814939486
9791,5.564962814939486
9792,5.564962814939486
9793,5.564962814939486
9794,5.564962814939486
9795,5.564962814939486
9796,5.564962814939486
9797,5.564962814939486
9798,5.564962814939486
9799,5.564962814939486
9800,5.564962814939486
9801,5.564962814939486
9802,5.564962814939486
9803,5.564962814939486
9804,5.564962814939486
9805,5.564962814939486
9806,5.564962814939486
9807,5.564962814939486
9808,5.564962814939486
9809,5.564962814939486
9810,5.564962814939486
9811,5.564962814939486
9812,5.564962814939486
9813,5.564962814939486
9814,5.564962814939486
9815,5.564962814939486
9816,5.564962814939486
9817,5.564962814939486
9818,5.564962814939486
9819,5.564962814939486
9820,5.564962814939486
9821,5.564962814939486
9822,5.564962814939486
9823,5.564962814939486
9824,5.564962814939486
9825,5.564962814939486
9826,5.564962814939486
9827,5.564962814939486
9828,5.564962814939486
9829,5.564962814939486
9830,5.564962814939486
9831,5.564962814939486
9832,5.564962814939486
9833,5.564962814939486
9834,5.564962814939486
9835,5.564962814939486
9836,5.564962814939486
9837,5.564962814939486
9838,5.564962814939486
9839,5.564962814939486
9840,5.564962814939486
9841,5.564962814939486
9842,5.564962814939486
9843,5.564962814939486
9844,5.564962814939486
9845,5.564962814939486
9846,5.564962814939486
9847,5.564962814939486
9848,5.564962814939486
9849,5.564962814939486
9850,5.564962814939486
9851,5.564962814939486
9852,5.564962814939486
9853,5.564962814939486
9854,5.564962814939486
9855,5.564962814939486
9856,5.564962814939486
9857,5.564962814939486
9858,5.564962814939486
9859,5.564962814939486
9860,5.564962814939486
9861,5.564962814939486
9862,5.564962814939486
9863,5.564962814939486
9864,5.564962814939486
9865,5.564962814939486
9866,5.564962814939486
9867,5.564962814939486
9868,5.564962814939486
9869,5.564962814939486
9870,5.564962814939486
9871,5.564962814939486
9872,5.564962814939486
9873,5.564962814939486
9874,5.564962814939486
9875,5.564962814939486
9876,5.564962814939486
9877,5.564962814939486
9878,5.564962814939486
9879,5.564962814939486
9880,5.564962814939486
9881,5.564962814939486
9882,5.564962814939486
9883,5.564962814939486
9884,5.564962814939486
9885,5.564962814939486
9886,5.564962814939486
9887,5.564962814939486
9888,5.564962814939486
9889,5.564962814939486
9890,5.564962814939486
9891,5.564962814939486
9892,5.564962814939486
9893,5.564962814939486
9894,5.564962814939486
9895,5.564962814939486
9896,5.564962814939486
9897,5.564962814939486
9898,5.564962814939486
9899,5.564962814939486
9900,5.564962814939486
9901,5.564962814939486
9902,5.564962814939486
9903,5.564962814939486
9904,5.564962814939486
9905,5.564962814939486
9906,5.564962814939486
9907,5.564962814939486
9908,5.564962814939486
9909,5.564962814939486
9910,5.564962814939486
9911,5.564962814939486
9912,5.564962814939486
9913,5.564962814939486
9914,5.564962814939486
9915,5.564962814939486
9916,5.564962814939486
9917,5.564962814939486
9918,5.564962814939486
9919,5.564962814939486
9920,5.564962814939486
9921,5.564962814939486
9922,5.564962814939486
9923,5.564962814939486
9924,5.564962814939486
9925,5.564962814939486
9926,5.564962814939486
9927,5.564962814939486
9928,5.564962814939486
9929,5.564962814939486
9930,5.564962814939486
9931,5.564962814939486
9932,5.564962814939486
9933,5.564962814939486
9934,5.564962814939486
9935,5.564962814939486
9936,5.564962814939486
9937,5.564962814939486
9938,5.564962814939486
9939,5.564962814939486
9940,5.564962814939486
9941,5.564962814939486
9942,5.564962814939486
9943,5.564962814939486
9944,5.564962814939486
9945,5.564962814939486
9946,5.564962814939486
9947,5.564962814939486
9948,5.564962814939486
9949,5.564962814939486
9950,5.564962814939486
9951,5.564962814939486
9952,5.564962814939486
9953,5.564962814939486
9954,5.564962814939486
9955,5.564962814939486
9956,5.564962814939486
9957,5.564962814939486
9958,5.564962814939486
9959,5.564962814939486
9960,5.564962814939486
9961,5.564962814939486
9962,5.564962814939486
9963,5.564962814939486
9964,5.564962814939486
9965,5.564962814939486
9966,5.564962814939486
9967,5.564962814939486
9968,5.564962814939486
9969,5.564962814939486
9970,5.564962814939486
9971,5.564962814939486
9972,5.564962814939486
9973,5.564962814939486
9974,5.564962814939486
9975,5.564962814939486
9976,5.564962814939486
9977,5.564962814939486
9978,5.564962814939486
9979,5.564962814939486
9980,5.564962814939486
9981,5.564962814939486
9982,5.564962814939486
9983,5.564962814939486
9984,5.564962814939486
9985,5.564962814939486
9986,5.564962814939486
9987,5.564962814939486
9988,5.564962814939486
9989,5.564962814939486
9990,5.564962814939486
9991,5.564962814939486
9992,5.564962814939486
9993,5.564962814939486
9994,5.564962814939486
9995,5.564962814939486
9996,5.564962814939486
9997,5.564962814939486
9998,5.564962814939486
9999,5.564962814939486
10000,5.564962814939486
