iteration,best_loss
0,44.80918325856786
1,44.80918325856786
2,44.80918325856786
3,44.80918325856786
4,44.80918325856786
5,44.80918325856786
6,44.80918325856786
7,44.80918325856786
8,34.64267667502701
9,34.64267667502701
10,34.64267667502701
11,34.64267667502701
12,28.41249407076559
13,22.038889822702554
14,22.038889822702554
15,22.038889822702554
16,22.038889822702554
17,22.038889822702554
18,22.038889822702554
19,22.038889822702554
20,19.333926858858007
21,19.333926858858007
22,19.333926858858007
23,19.333926858858007
24,19.333926858858007
25,19.333926858858007
26,19.333926858858007
27,19.333926858858007
28,19.333926858858007
29,19.333926858858007
30,19.333926858858007
31,19.333926858858007
32,19.333926858858007
33,19.333926858858007
34,19.333926858858007
35,19.333926858858007
36,19.333926858858007
37,19.333926858858007
38,19.333926858858007
39,19.333926858858007
40,19.333926858858007
41,19.333926858858007
42,19.333926858858007
43,19.333926858858007
44,19.333926858858007
45,17.540632819080635
46,17.540632819080635
47,17.540632819080635
48,17.540632819080635
49,17.540632819080635
50,17.540632819080635
51,17.540632819080635
52,17.540632819080635
53,17.540632819080635
54,17.540632819080635
55,17.540632819080635
56,17.540632819080635
57,17.540632819080635
58,17.540632819080635
59,17.540632819080635
60,17.540632819080635
61,17.540632819080635
62,17.540632819080635
63,16.955836685713304
64,16.955836685713304
65,16.955836685713304
66,16.955836685713304
67,16.955836685713304
68,11.313199395529882
69,11.313199395529882
70,11.313199395529882
71,11.313199395529882
72,11.313199395529882
73,11.313199395529882
74,11.313199395529882
75,11.313199395529882
76,11.313199395529882
77,11.313199395529882
78,11.313199395529882
79,11.313199395529882
80,11.313199395529882
81,11.313199395529882
82,11.313199395529882
83,11.313199395529882
84,11.313199395529882
85,11.313199395529882
86,11.313199395529882
87,11.313199395529882
88,11.313199395529882
89,11.313199395529882
90,11.313199395529882
91,11.313199395529882
92,11.313199395529882
93,11.313199395529882
94,11.313199395529882
95,11.313199395529882
96,11.313199395529882
97,11.313199395529882
98,11.313199395529882
99,11.313199395529882
100,11.313199395529882
101,11.313199395529882
102,11.313199395529882
103,11.313199395529882
104,11.313199395529882
105,11.313199395529882
106,11.313199395529882
107,11.313199395529882
108,9.413537114354037
109,9.413537114354037
110,9.413537114354037
111,9.413537114354037
112,9.413537114354037
113,9.413537114354037
114,9.413537114354037
115,9.413537114354037
116,9.413537114354037
117,9.413537114354037
118,8.949282310602012
119,8.949282310602012
120,8.949282310602012
121,8.949282310602012
122,8.949282310602012
123,8.949282310602012
124,8.949282310602012
125,8.949282310602012
126,8.949282310602012
127,8.949282310602012
128,8.949282310602012
129,8.949282310602012
130,8.949282310602012
131,8.949282310602012
132,8.949282310602012
133,8.949282310602012
134,8.949282310602012
135,8.949282310602012
136,8.949282310602012
137,8.949282310602012
138,8.949282310602012
139,8.949282310602012
140,8.949282310602012
141,8.949282310602012
142,8.949282310602012
143,8.949282310602012
144,8.949282310602012
145,8.949282310602012
146,8.949282310602012
147,8.949282310602012
148,8.949282310602012
149,8.949282310602012
150,8.949282310602012
151,8.949282310602012
152,8.949282310602012
153,8.949282310602012
154,8.949282310602012
155,8.949282310602012
156,8.949282310602012
157,8.949282310602012
158,8.949282310602012
159,8.949282310602012
160,8.949282310602012
161,8.949282310602012
162,8.949282310602012
163,8.949282310602012
164,8.949282310602012
165,8.949282310602012
166,8.949282310602012
167,8.949282310602012
168,8.949282310602012
169,8.949282310602012
170,8.949282310602012
171,8.949282310602012
172,8.949282310602012
173,8.949282310602012
174,8.949282310602012
175,8.949282310602012
176,8.949282310602012
177,8.949282310602012
178,8.949282310602012
179,8.949282310602012
180,8.949282310602012
181,8.949282310602012
182,8.949282310602012
183,8.949282310602012
184,8.949282310602012
185,8.949282310602012
186,8.949282310602012
187,8.949282310602012
188,8.949282310602012
189,8.949282310602012
190,8.949282310602012
191,8.949282310602012
192,8.949282310602012
193,8.949282310602012
194,8.949282310602012
195,8.949282310602012
196,8.949282310602012
197,8.949282310602012
198,8.949282310602012
199,8.949282310602012
200,8.949282310602012
201,8.949282310602012
202,8.949282310602012
203,8.949282310602012
204,8.949282310602012
205,8.949282310602012
206,8.949282310602012
207,8.949282310602012
208,8.949282310602012
209,8.949282310602012
210,8.949282310602012
211,8.949282310602012
212,8.949282310602012
213,8.949282310602012
214,8.949282310602012
215,8.949282310602012
216,8.949282310602012
217,8.949282310602012
218,8.949282310602012
219,8.949282310602012
220,8.949282310602012
221,8.949282310602012
222,8.949282310602012
223,8.949282310602012
224,8.949282310602012
225,8.949282310602012
226,8.949282310602012
227,8.949282310602012
228,8.949282310602012
229,8.949282310602012
230,8.949282310602012
231,8.949282310602012
232,8.949282310602012
233,8.949282310602012
234,8.949282310602012
235,8.949282310602012
236,8.949282310602012
237,8.949282310602012
238,8.949282310602012
239,8.949282310602012
240,8.949282310602012
241,8.949282310602012
242,8.949282310602012
243,8.949282310602012
244,8.949282310602012
245,8.949282310602012
246,8.949282310602012
247,8.949282310602012
248,8.949282310602012
249,8.949282310602012
250,8.949282310602012
251,8.949282310602012
252,8.949282310602012
253,8.949282310602012
254,8.949282310602012
255,8.949282310602012
256,8.949282310602012
257,8.949282310602012
258,8.949282310602012
259,8.949282310602012
260,8.949282310602012
261,8.949282310602012
262,8.949282310602012
263,8.949282310602012
264,8.949282310602012
265,8.949282310602012
266,8.949282310602012
267,8.949282310602012
268,8.949282310602012
269,8.949282310602012
270,8.949282310602012
271,8.949282310602012
272,8.949282310602012
273,8.949282310602012
274,8.949282310602012
275,8.949282310602012
276,8.949282310602012
277,8.949282310602012
278,8.949282310602012
279,8.949282310602012
280,8.949282310602012
281,8.949282310602012
282,8.949282310602012
283,8.949282310602012
284,8.949282310602012
285,8.949282310602012
286,8.949282310602012
287,8.949282310602012
288,8.949282310602012
289,8.949282310602012
290,8.949282310602012
291,8.949282310602012
292,8.949282310602012
293,8.949282310602012
294,8.949282310602012
295,8.949282310602012
296,8.949282310602012
297,8.949282310602012
298,8.949282310602012
299,8.949282310602012
300,8.949282310602012
301,8.949282310602012
302,8.949282310602012
303,8.949282310602012
304,8.949282310602012
305,8.949282310602012
306,8.949282310602012
307,8.949282310602012
308,8.949282310602012
309,8.949282310602012
310,8.949282310602012
311,8.949282310602012
312,8.949282310602012
313,8.949282310602012
314,8.949282310602012
315,8.949282310602012
316,8.949282310602012
317,8.949282310602012
318,8.949282310602012
319,8.949282310602012
320,8.949282310602012
321,8.949282310602012
322,8.949282310602012
323,8.949282310602012
324,8.949282310602012
325,8.949282310602012
326,8.949282310602012
327,8.949282310602012
328,8.949282310602012
329,8.949282310602012
330,8.949282310602012
331,8.949282310602012
332,8.949282310602012
333,8.949282310602012
334,8.949282310602012
335,8.949282310602012
336,8.949282310602012
337,8.949282310602012
338,8.949282310602012
339,8.949282310602012
340,8.949282310602012
341,8.949282310602012
342,8.949282310602012
343,8.949282310602012
344,8.949282310602012
345,8.949282310602012
346,8.949282310602012
347,8.949282310602012
348,8.949282310602012
349,8.949282310602012
350,8.949282310602012
351,8.949282310602012
352,8.949282310602012
353,8.949282310602012
354,8.949282310602012
355,8.949282310602012
356,8.949282310602012
357,8.949282310602012
358,8.949282310602012
359,8.949282310602012
360,8.949282310602012
361,8.949282310602012
362,8.949282310602012
363,8.949282310602012
364,8.949282310602012
365,8.949282310602012
366,8.949282310602012
367,8.949282310602012
368,8.949282310602012
369,8.949282310602012
370,8.949282310602012
371,8.949282310602012
372,8.949282310602012
373,8.949282310602012
374,8.949282310602012
375,8.949282310602012
376,8.949282310602012
377,8.949282310602012
378,8.949282310602012
379,8.949282310602012
380,8.949282310602012
381,8.949282310602012
382,8.949282310602012
383,8.949282310602012
384,8.949282310602012
385,8.949282310602012
386,8.949282310602012
387,8.949282310602012
388,8.949282310602012
389,8.949282310602012
390,8.949282310602012
391,8.949282310602012
392,8.949282310602012
393,8.949282310602012
394,8.949282310602012
395,8.949282310602012
396,8.949282310602012
397,8.949282310602012
398,8.949282310602012
399,8.949282310602012
400,8.949282310602012
401,8.949282310602012
402,8.949282310602012
403,8.949282310602012
404,8.949282310602012
405,8.949282310602012
406,8.949282310602012
407,8.949282310602012
408,8.949282310602012
409,8.949282310602012
410,8.949282310602012
411,8.949282310602012
412,8.949282310602012
413,8.949282310602012
414,8.949282310602012
415,8.949282310602012
416,8.949282310602012
417,8.949282310602012
418,8.949282310602012
419,8.949282310602012
420,8.949282310602012
421,8.949282310602012
422,8.949282310602012
423,8.949282310602012
424,8.949282310602012
425,8.949282310602012
426,8.949282310602012
427,8.949282310602012
428,8.949282310602012
429,8.949282310602012
430,8.949282310602012
431,8.949282310602012
432,8.949282310602012
433,8.949282310602012
434,8.949282310602012
435,8.949282310602012
436,8.949282310602012
437,8.949282310602012
438,8.949282310602012
439,8.949282310602012
440,8.949282310602012
441,8.949282310602012
442,8.949282310602012
443,8.949282310602012
444,8.949282310602012
445,8.949282310602012
446,8.949282310602012
447,8.949282310602012
448,8.949282310602012
449,8.949282310602012
450,8.949282310602012
451,8.949282310602012
452,8.949282310602012
453,8.949282310602012
454,8.949282310602012
455,8.949282310602012
456,8.949282310602012
457,8.949282310602012
458,8.949282310602012
459,8.949282310602012
460,8.949282310602012
461,8.949282310602012
462,8.949282310602012
463,8.949282310602012
464,8.949282310602012
465,8.949282310602012
466,8.949282310602012
467,8.949282310602012
468,8.949282310602012
469,8.949282310602012
470,8.949282310602012
471,8.949282310602012
472,8.949282310602012
473,8.949282310602012
474,8.949282310602012
475,8.949282310602012
476,8.949282310602012
477,8.949282310602012
478,8.949282310602012
479,8.949282310602012
480,8.949282310602012
481,8.949282310602012
482,8.949282310602012
483,8.949282310602012
484,8.949282310602012
485,8.949282310602012
486,8.949282310602012
487,8.949282310602012
488,8.949282310602012
489,8.949282310602012
490,8.949282310602012
491,8.949282310602012
492,8.949282310602012
493,8.949282310602012
494,8.949282310602012
495,8.949282310602012
496,8.949282310602012
497,8.949282310602012
498,8.949282310602012
499,8.949282310602012
500,8.949282310602012
501,8.949282310602012
502,8.949282310602012
503,8.949282310602012
504,8.949282310602012
505,8.949282310602012
506,8.949282310602012
507,8.949282310602012
508,8.949282310602012
509,8.949282310602012
510,8.949282310602012
511,8.949282310602012
512,8.949282310602012
513,8.949282310602012
514,8.949282310602012
515,8.949282310602012
516,8.949282310602012
517,8.949282310602012
518,8.949282310602012
519,8.949282310602012
520,8.949282310602012
521,8.949282310602012
522,8.949282310602012
523,8.949282310602012
524,8.949282310602012
525,8.949282310602012
526,8.949282310602012
527,8.949282310602012
528,8.949282310602012
529,8.949282310602012
530,8.949282310602012
531,8.949282310602012
532,8.949282310602012
533,8.949282310602012
534,8.949282310602012
535,8.949282310602012
536,8.949282310602012
537,8.949282310602012
538,8.949282310602012
539,8.949282310602012
540,8.949282310602012
541,8.949282310602012
542,8.949282310602012
543,8.949282310602012
544,8.949282310602012
545,8.949282310602012
546,8.949282310602012
547,8.949282310602012
548,8.949282310602012
549,8.949282310602012
550,8.949282310602012
551,8.949282310602012
552,8.949282310602012
553,8.949282310602012
554,8.949282310602012
555,8.949282310602012
556,8.949282310602012
557,8.949282310602012
558,8.949282310602012
559,8.949282310602012
560,8.949282310602012
561,8.949282310602012
562,8.949282310602012
563,8.949282310602012
564,8.949282310602012
565,8.949282310602012
566,8.949282310602012
567,8.949282310602012
568,8.949282310602012
569,8.949282310602012
570,8.949282310602012
571,8.949282310602012
572,8.949282310602012
573,8.949282310602012
574,8.949282310602012
575,8.949282310602012
576,8.949282310602012
577,8.949282310602012
578,8.949282310602012
579,8.949282310602012
580,8.949282310602012
581,8.949282310602012
582,8.949282310602012
583,8.949282310602012
584,8.949282310602012
585,8.949282310602012
586,8.949282310602012
587,8.949282310602012
588,8.949282310602012
589,8.949282310602012
590,8.949282310602012
591,8.949282310602012
592,8.949282310602012
593,8.949282310602012
594,8.949282310602012
595,8.949282310602012
596,8.949282310602012
597,8.949282310602012
598,8.949282310602012
599,8.949282310602012
600,8.949282310602012
601,8.949282310602012
602,8.949282310602012
603,8.949282310602012
604,8.949282310602012
605,8.949282310602012
606,8.949282310602012
607,8.949282310602012
608,8.949282310602012
609,8.949282310602012
610,8.949282310602012
611,8.949282310602012
612,8.949282310602012
613,8.949282310602012
614,8.949282310602012
615,8.949282310602012
616,8.949282310602012
617,8.949282310602012
618,8.949282310602012
619,8.949282310602012
620,8.949282310602012
621,8.949282310602012
622,8.949282310602012
623,8.949282310602012
624,8.949282310602012
625,8.949282310602012
626,8.949282310602012
627,8.949282310602012
628,8.949282310602012
629,8.949282310602012
630,8.949282310602012
631,8.949282310602012
632,8.949282310602012
633,8.949282310602012
634,8.949282310602012
635,8.949282310602012
636,8.949282310602012
637,8.949282310602012
638,8.949282310602012
639,8.949282310602012
640,8.949282310602012
641,8.949282310602012
642,8.949282310602012
643,8.949282310602012
644,8.949282310602012
645,8.949282310602012
646,8.949282310602012
647,8.949282310602012
648,8.949282310602012
649,8.949282310602012
650,8.949282310602012
651,8.949282310602012
652,8.949282310602012
653,8.949282310602012
654,8.949282310602012
655,8.949282310602012
656,8.949282310602012
657,8.949282310602012
658,8.949282310602012
659,8.949282310602012
660,8.949282310602012
661,8.949282310602012
662,8.949282310602012
663,8.949282310602012
664,8.949282310602012
665,8.949282310602012
666,8.949282310602012
667,8.949282310602012
668,8.949282310602012
669,8.949282310602012
670,8.949282310602012
671,8.949282310602012
672,8.949282310602012
673,8.949282310602012
674,8.949282310602012
675,8.949282310602012
676,8.949282310602012
677,8.949282310602012
678,8.949282310602012
679,8.949282310602012
680,8.949282310602012
681,8.949282310602012
682,8.949282310602012
683,8.949282310602012
684,8.949282310602012
685,8.949282310602012
686,8.949282310602012
687,8.949282310602012
688,8.949282310602012
689,8.949282310602012
690,8.949282310602012
691,8.949282310602012
692,8.949282310602012
693,8.901962297636999
694,8.901962297636999
695,8.901962297636999
696,8.901962297636999
697,8.901962297636999
698,8.901962297636999
699,8.901962297636999
700,8.901962297636999
701,8.901962297636999
702,8.901962297636999
703,8.901962297636999
704,8.901962297636999
705,8.901962297636999
706,8.901962297636999
707,8.901962297636999
708,8.901962297636999
709,8.901962297636999
710,8.901962297636999
711,8.901962297636999
712,8.901962297636999
713,8.901962297636999
714,8.901962297636999
715,8.901962297636999
716,8.901962297636999
717,8.901962297636999
718,8.901962297636999
719,8.226012123798725
720,8.226012123798725
721,8.226012123798725
722,8.226012123798725
723,8.226012123798725
724,8.226012123798725
725,8.226012123798725
726,8.226012123798725
727,8.226012123798725
728,8.226012123798725
729,8.226012123798725
730,8.226012123798725
731,8.226012123798725
732,8.226012123798725
733,8.226012123798725
734,8.226012123798725
735,8.226012123798725
736,8.226012123798725
737,8.226012123798725
738,8.226012123798725
739,8.226012123798725
740,8.226012123798725
741,8.226012123798725
742,8.226012123798725
743,8.226012123798725
744,8.226012123798725
745,8.226012123798725
746,8.226012123798725
747,8.226012123798725
748,8.226012123798725
749,8.226012123798725
750,8.226012123798725
751,8.226012123798725
752,8.226012123798725
753,8.226012123798725
754,8.226012123798725
755,8.226012123798725
756,8.226012123798725
757,8.226012123798725
758,8.226012123798725
759,8.226012123798725
760,8.226012123798725
761,8.226012123798725
762,8.226012123798725
763,8.226012123798725
764,8.226012123798725
765,8.226012123798725
766,8.226012123798725
767,8.226012123798725
768,8.226012123798725
769,8.226012123798725
770,8.226012123798725
771,8.226012123798725
772,8.226012123798725
773,8.226012123798725
774,8.226012123798725
775,8.226012123798725
776,8.226012123798725
777,8.226012123798725
778,8.226012123798725
779,8.226012123798725
780,8.226012123798725
781,8.226012123798725
782,8.226012123798725
783,8.226012123798725
784,8.226012123798725
785,8.226012123798725
786,8.226012123798725
787,8.226012123798725
788,8.226012123798725
789,8.226012123798725
790,8.226012123798725
791,8.226012123798725
792,8.226012123798725
793,8.226012123798725
794,8.226012123798725
795,8.226012123798725
796,8.226012123798725
797,8.226012123798725
798,8.226012123798725
799,8.226012123798725
800,8.226012123798725
801,8.226012123798725
802,8.226012123798725
803,8.226012123798725
804,8.226012123798725
805,8.226012123798725
806,8.226012123798725
807,8.226012123798725
808,8.226012123798725
809,8.226012123798725
810,8.226012123798725
811,8.226012123798725
812,8.226012123798725
813,8.226012123798725
814,8.226012123798725
815,8.226012123798725
816,8.226012123798725
817,8.226012123798725
818,8.226012123798725
819,8.226012123798725
820,8.226012123798725
821,8.226012123798725
822,8.226012123798725
823,8.226012123798725
824,8.226012123798725
825,8.226012123798725
826,8.226012123798725
827,8.226012123798725
828,8.226012123798725
829,8.226012123798725
830,8.226012123798725
831,8.226012123798725
832,8.226012123798725
833,8.226012123798725
834,8.226012123798725
835,8.226012123798725
836,8.226012123798725
837,8.226012123798725
838,8.226012123798725
839,8.226012123798725
840,8.226012123798725
841,8.226012123798725
842,8.226012123798725
843,8.226012123798725
844,8.226012123798725
845,8.226012123798725
846,8.226012123798725
847,8.226012123798725
848,8.226012123798725
849,8.226012123798725
850,8.226012123798725
851,8.226012123798725
852,8.226012123798725
853,8.226012123798725
854,8.226012123798725
855,8.226012123798725
856,8.226012123798725
857,8.226012123798725
858,8.226012123798725
859,8.226012123798725
860,8.226012123798725
861,8.226012123798725
862,8.226012123798725
863,8.226012123798725
864,8.226012123798725
865,8.226012123798725
866,8.226012123798725
867,8.226012123798725
868,8.226012123798725
869,8.226012123798725
870,8.226012123798725
871,8.226012123798725
872,8.226012123798725
873,8.226012123798725
874,8.226012123798725
875,8.226012123798725
876,8.226012123798725
877,8.226012123798725
878,8.226012123798725
879,8.226012123798725
880,8.226012123798725
881,8.226012123798725
882,8.226012123798725
883,8.226012123798725
884,8.226012123798725
885,8.226012123798725
886,8.226012123798725
887,8.226012123798725
888,8.226012123798725
889,8.226012123798725
890,8.226012123798725
891,8.226012123798725
892,8.226012123798725
893,8.226012123798725
894,8.226012123798725
895,8.226012123798725
896,8.226012123798725
897,8.226012123798725
898,8.226012123798725
899,8.226012123798725
900,8.226012123798725
901,8.226012123798725
902,8.226012123798725
903,8.226012123798725
904,8.226012123798725
905,8.226012123798725
906,8.226012123798725
907,8.226012123798725
908,8.226012123798725
909,8.226012123798725
910,8.226012123798725
911,8.226012123798725
912,8.226012123798725
913,8.226012123798725
914,8.226012123798725
915,8.226012123798725
916,8.226012123798725
917,8.226012123798725
918,8.226012123798725
919,8.226012123798725
920,8.226012123798725
921,8.226012123798725
922,8.226012123798725
923,8.226012123798725
924,8.226012123798725
925,8.226012123798725
926,8.226012123798725
927,8.226012123798725
928,8.226012123798725
929,8.226012123798725
930,8.226012123798725
931,8.226012123798725
932,8.226012123798725
933,8.226012123798725
934,8.226012123798725
935,8.226012123798725
936,8.226012123798725
937,8.226012123798725
938,8.226012123798725
939,8.226012123798725
940,8.226012123798725
941,8.226012123798725
942,8.226012123798725
943,8.226012123798725
944,8.226012123798725
945,8.226012123798725
946,8.226012123798725
947,8.226012123798725
948,8.226012123798725
949,8.226012123798725
950,8.226012123798725
951,8.226012123798725
952,8.226012123798725
953,8.226012123798725
954,8.226012123798725
955,8.226012123798725
956,8.226012123798725
957,8.226012123798725
958,8.226012123798725
959,8.226012123798725
960,8.226012123798725
961,8.226012123798725
962,8.226012123798725
963,8.226012123798725
964,8.226012123798725
965,8.226012123798725
966,8.226012123798725
967,8.226012123798725
968,8.226012123798725
969,8.226012123798725
970,8.226012123798725
971,8.226012123798725
972,8.226012123798725
973,8.226012123798725
974,8.226012123798725
975,8.226012123798725
976,8.226012123798725
977,8.226012123798725
978,8.226012123798725
979,8.226012123798725
980,8.226012123798725
981,8.226012123798725
982,8.226012123798725
983,8.226012123798725
984,8.226012123798725
985,8.226012123798725
986,8.226012123798725
987,8.226012123798725
988,8.226012123798725
989,8.226012123798725
990,8.226012123798725
991,8.226012123798725
992,8.226012123798725
993,8.226012123798725
994,8.226012123798725
995,8.226012123798725
996,8.226012123798725
997,8.226012123798725
998,8.226012123798725
999,8.226012123798725
1000,8.226012123798725
1001,8.226012123798725
1002,8.226012123798725
1003,8.226012123798725
1004,8.226012123798725
1005,8.226012123798725
1006,8.226012123798725
1007,8.226012123798725
1008,8.226012123798725
1009,8.226012123798725
1010,8.226012123798725
1011,8.226012123798725
1012,8.226012123798725
1013,8.226012123798725
1014,8.226012123798725
1015,8.226012123798725
1016,8.226012123798725
1017,8.226012123798725
1018,8.226012123798725
1019,8.226012123798725
1020,8.226012123798725
1021,8.226012123798725
1022,8.226012123798725
1023,8.226012123798725
1024,8.226012123798725
1025,8.226012123798725
1026,8.226012123798725
1027,8.226012123798725
1028,8.226012123798725
1029,8.226012123798725
1030,8.226012123798725
1031,8.226012123798725
1032,8.226012123798725
1033,8.226012123798725
1034,8.226012123798725
1035,8.226012123798725
1036,8.226012123798725
1037,8.226012123798725
1038,8.226012123798725
1039,8.226012123798725
1040,8.226012123798725
1041,8.226012123798725
1042,8.226012123798725
1043,8.226012123798725
1044,8.226012123798725
1045,8.226012123798725
1046,8.226012123798725
1047,8.226012123798725
1048,8.226012123798725
1049,8.226012123798725
1050,8.226012123798725
1051,8.226012123798725
1052,8.226012123798725
1053,8.226012123798725
1054,8.226012123798725
1055,8.226012123798725
1056,8.226012123798725
1057,8.226012123798725
1058,8.226012123798725
1059,8.226012123798725
1060,8.226012123798725
1061,8.226012123798725
1062,8.226012123798725
1063,8.226012123798725
1064,8.226012123798725
1065,8.226012123798725
1066,8.226012123798725
1067,8.226012123798725
1068,8.226012123798725
1069,8.226012123798725
1070,8.226012123798725
1071,8.226012123798725
1072,8.226012123798725
1073,8.226012123798725
1074,8.226012123798725
1075,8.226012123798725
1076,8.226012123798725
1077,8.226012123798725
1078,8.226012123798725
1079,8.226012123798725
1080,8.226012123798725
1081,8.226012123798725
1082,8.226012123798725
1083,8.226012123798725
1084,8.226012123798725
1085,8.226012123798725
1086,8.226012123798725
1087,8.226012123798725
1088,8.226012123798725
1089,8.226012123798725
1090,8.226012123798725
1091,8.226012123798725
1092,8.226012123798725
1093,8.226012123798725
1094,8.226012123798725
1095,8.226012123798725
1096,8.226012123798725
1097,8.226012123798725
1098,8.226012123798725
1099,8.226012123798725
1100,8.226012123798725
1101,8.226012123798725
1102,8.226012123798725
1103,8.226012123798725
1104,8.226012123798725
1105,8.226012123798725
1106,8.226012123798725
1107,8.226012123798725
1108,8.226012123798725
1109,8.226012123798725
1110,8.226012123798725
1111,8.226012123798725
1112,8.226012123798725
1113,8.226012123798725
1114,8.226012123798725
1115,8.226012123798725
1116,8.226012123798725
1117,8.226012123798725
1118,8.226012123798725
1119,8.226012123798725
1120,8.226012123798725
1121,8.226012123798725
1122,8.226012123798725
1123,8.226012123798725
1124,8.226012123798725
1125,8.226012123798725
1126,8.226012123798725
1127,8.226012123798725
1128,8.226012123798725
1129,8.226012123798725
1130,8.226012123798725
1131,8.226012123798725
1132,8.226012123798725
1133,8.226012123798725
1134,8.226012123798725
1135,8.226012123798725
1136,8.226012123798725
1137,8.226012123798725
1138,8.226012123798725
1139,8.226012123798725
1140,8.226012123798725
1141,8.226012123798725
1142,8.226012123798725
1143,8.226012123798725
1144,8.226012123798725
1145,8.226012123798725
1146,8.226012123798725
1147,8.226012123798725
1148,8.226012123798725
1149,8.226012123798725
1150,8.226012123798725
1151,8.226012123798725
1152,8.226012123798725
1153,8.226012123798725
1154,8.226012123798725
1155,8.226012123798725
1156,8.226012123798725
1157,8.226012123798725
1158,8.226012123798725
1159,8.226012123798725
1160,8.226012123798725
1161,8.226012123798725
1162,8.226012123798725
1163,8.226012123798725
1164,8.226012123798725
1165,8.226012123798725
1166,8.226012123798725
1167,8.226012123798725
1168,8.226012123798725
1169,8.226012123798725
1170,8.226012123798725
1171,8.226012123798725
1172,8.226012123798725
1173,8.226012123798725
1174,8.226012123798725
1175,8.226012123798725
1176,8.226012123798725
1177,8.226012123798725
1178,8.226012123798725
1179,8.226012123798725
1180,8.226012123798725
1181,8.226012123798725
1182,8.226012123798725
1183,8.226012123798725
1184,8.226012123798725
1185,8.226012123798725
1186,8.226012123798725
1187,8.226012123798725
1188,8.226012123798725
1189,8.226012123798725
1190,8.226012123798725
1191,8.226012123798725
1192,8.226012123798725
1193,8.226012123798725
1194,8.226012123798725
1195,8.226012123798725
1196,8.226012123798725
1197,8.226012123798725
1198,8.226012123798725
1199,8.226012123798725
1200,8.226012123798725
1201,8.226012123798725
1202,8.226012123798725
1203,8.226012123798725
1204,8.226012123798725
1205,8.226012123798725
1206,8.226012123798725
1207,8.226012123798725
1208,8.226012123798725
1209,8.226012123798725
1210,8.226012123798725
1211,8.226012123798725
1212,8.226012123798725
1213,8.226012123798725
1214,8.226012123798725
1215,8.226012123798725
1216,8.226012123798725
1217,8.226012123798725
1218,8.226012123798725
1219,8.226012123798725
1220,8.226012123798725
1221,8.226012123798725
1222,8.226012123798725
1223,8.226012123798725
1224,8.226012123798725
1225,8.226012123798725
1226,8.226012123798725
1227,8.226012123798725
1228,8.226012123798725
1229,8.226012123798725
1230,8.226012123798725
1231,8.226012123798725
1232,8.226012123798725
1233,8.226012123798725
1234,8.226012123798725
1235,8.226012123798725
1236,8.226012123798725
1237,8.226012123798725
1238,8.226012123798725
1239,8.226012123798725
1240,8.226012123798725
1241,8.226012123798725
1242,8.226012123798725
1243,8.226012123798725
1244,8.226012123798725
1245,8.226012123798725
1246,8.226012123798725
1247,8.226012123798725
1248,8.226012123798725
1249,8.226012123798725
1250,8.226012123798725
1251,8.226012123798725
1252,8.226012123798725
1253,8.226012123798725
1254,8.226012123798725
1255,8.226012123798725
1256,8.226012123798725
1257,8.226012123798725
1258,8.226012123798725
1259,8.226012123798725
1260,8.226012123798725
1261,8.226012123798725
1262,8.226012123798725
1263,8.226012123798725
1264,8.226012123798725
1265,8.226012123798725
1266,8.226012123798725
1267,8.226012123798725
1268,8.226012123798725
1269,8.226012123798725
1270,8.226012123798725
1271,8.226012123798725
1272,8.226012123798725
1273,8.226012123798725
1274,8.226012123798725
1275,8.226012123798725
1276,8.226012123798725
1277,8.226012123798725
1278,8.226012123798725
1279,8.226012123798725
1280,8.226012123798725
1281,8.226012123798725
1282,8.226012123798725
1283,8.226012123798725
1284,8.226012123798725
1285,8.226012123798725
1286,8.226012123798725
1287,8.226012123798725
1288,8.226012123798725
1289,8.226012123798725
1290,8.226012123798725
1291,8.226012123798725
1292,8.226012123798725
1293,8.226012123798725
1294,8.226012123798725
1295,8.226012123798725
1296,8.226012123798725
1297,8.226012123798725
1298,8.226012123798725
1299,8.226012123798725
1300,8.226012123798725
1301,8.226012123798725
1302,8.226012123798725
1303,8.226012123798725
1304,8.226012123798725
1305,8.226012123798725
1306,8.226012123798725
1307,8.226012123798725
1308,8.226012123798725
1309,8.226012123798725
1310,8.226012123798725
1311,8.226012123798725
1312,8.226012123798725
1313,8.226012123798725
1314,8.226012123798725
1315,8.226012123798725
1316,7.800594085626714
1317,7.800594085626714
1318,7.800594085626714
1319,7.800594085626714
1320,7.800594085626714
1321,7.800594085626714
1322,7.800594085626714
1323,7.800594085626714
1324,7.800594085626714
1325,7.800594085626714
1326,7.800594085626714
1327,7.800594085626714
1328,7.7727896460004375
1329,7.7727896460004375
1330,7.7727896460004375
1331,7.7727896460004375
1332,7.7727896460004375
1333,7.7727896460004375
1334,7.7727896460004375
1335,7.7727896460004375
1336,7.7727896460004375
1337,7.7727896460004375
1338,7.7727896460004375
1339,7.7727896460004375
1340,7.7727896460004375
1341,7.7727896460004375
1342,7.7727896460004375
1343,7.7727896460004375
1344,7.7727896460004375
1345,7.7727896460004375
1346,7.7727896460004375
1347,7.7727896460004375
1348,7.7727896460004375
1349,7.7727896460004375
1350,7.7727896460004375
1351,7.7727896460004375
1352,7.7727896460004375
1353,7.7727896460004375
1354,7.7727896460004375
1355,7.7727896460004375
1356,7.7727896460004375
1357,7.7727896460004375
1358,7.7727896460004375
1359,7.7727896460004375
1360,7.7727896460004375
1361,7.7727896460004375
1362,7.7727896460004375
1363,7.7727896460004375
1364,7.7727896460004375
1365,7.7727896460004375
1366,7.7727896460004375
1367,7.7727896460004375
1368,7.7727896460004375
1369,7.7727896460004375
1370,7.7727896460004375
1371,7.7727896460004375
1372,7.7727896460004375
1373,7.7727896460004375
1374,7.7727896460004375
1375,7.7727896460004375
1376,7.7727896460004375
1377,7.7727896460004375
1378,7.7727896460004375
1379,7.7727896460004375
1380,7.7727896460004375
1381,7.7727896460004375
1382,7.7727896460004375
1383,7.7727896460004375
1384,7.7727896460004375
1385,7.7727896460004375
1386,7.7727896460004375
1387,7.7727896460004375
1388,7.7727896460004375
1389,7.7727896460004375
1390,7.7727896460004375
1391,7.7727896460004375
1392,7.7727896460004375
1393,7.7727896460004375
1394,7.7727896460004375
1395,7.7727896460004375
1396,7.7727896460004375
1397,7.7727896460004375
1398,7.7727896460004375
1399,7.7727896460004375
1400,7.7727896460004375
1401,7.7727896460004375
1402,7.7727896460004375
1403,7.7727896460004375
1404,7.7727896460004375
1405,7.7727896460004375
1406,7.7727896460004375
1407,7.7727896460004375
1408,7.7727896460004375
1409,7.7727896460004375
1410,7.7727896460004375
1411,7.7727896460004375
1412,7.7727896460004375
1413,7.7727896460004375
1414,7.7727896460004375
1415,7.7727896460004375
1416,7.7727896460004375
1417,7.7727896460004375
1418,7.7727896460004375
1419,7.7727896460004375
1420,7.7727896460004375
1421,7.7727896460004375
1422,7.7727896460004375
1423,7.7727896460004375
1424,7.7727896460004375
1425,7.7727896460004375
1426,7.7727896460004375
1427,7.7727896460004375
1428,7.7727896460004375
1429,7.7727896460004375
1430,7.7727896460004375
1431,7.7727896460004375
1432,7.7727896460004375
1433,7.7727896460004375
1434,7.7727896460004375
1435,7.7727896460004375
1436,7.7727896460004375
1437,7.7727896460004375
1438,7.7727896460004375
1439,7.7727896460004375
1440,7.7727896460004375
1441,7.7727896460004375
1442,7.7727896460004375
1443,7.7727896460004375
1444,7.7727896460004375
1445,7.7727896460004375
1446,7.7727896460004375
1447,7.7727896460004375
1448,7.7727896460004375
1449,7.7727896460004375
1450,7.7727896460004375
1451,7.7727896460004375
1452,7.7727896460004375
1453,7.7727896460004375
1454,7.7727896460004375
1455,6.857156748560425
1456,6.857156748560425
1457,6.857156748560425
1458,6.857156748560425
1459,6.517622188459109
1460,6.517622188459109
1461,6.517622188459109
1462,6.517622188459109
1463,6.517622188459109
1464,6.517622188459109
1465,6.517622188459109
1466,6.517622188459109
1467,6.517622188459109
1468,6.517622188459109
1469,6.517622188459109
1470,6.517622188459109
1471,6.517622188459109
1472,6.517622188459109
1473,6.517622188459109
1474,6.517622188459109
1475,6.517622188459109
1476,6.517622188459109
1477,6.517622188459109
1478,6.517622188459109
1479,6.517622188459109
1480,6.517622188459109
1481,6.517622188459109
1482,6.517622188459109
1483,6.517622188459109
1484,6.517622188459109
1485,6.517622188459109
1486,6.517622188459109
1487,6.517622188459109
1488,6.517622188459109
1489,6.517622188459109
1490,6.517622188459109
1491,6.517622188459109
1492,6.517622188459109
1493,6.517622188459109
1494,6.517622188459109
1495,6.517622188459109
1496,6.517622188459109
1497,6.517622188459109
1498,6.517622188459109
1499,6.517622188459109
1500,6.517622188459109
1501,6.517622188459109
1502,6.517622188459109
1503,6.517622188459109
1504,6.517622188459109
1505,6.517622188459109
1506,6.517622188459109
1507,6.517622188459109
1508,6.517622188459109
1509,6.517622188459109
1510,6.517622188459109
1511,6.517622188459109
1512,6.517622188459109
1513,6.517622188459109
1514,6.517622188459109
1515,6.517622188459109
1516,6.517622188459109
1517,6.517622188459109
1518,6.517622188459109
1519,6.517622188459109
1520,6.517622188459109
1521,6.517622188459109
1522,6.517622188459109
1523,6.517622188459109
1524,6.517622188459109
1525,6.517622188459109
1526,6.517622188459109
1527,6.517622188459109
1528,6.517622188459109
1529,6.517622188459109
1530,6.517622188459109
1531,6.517622188459109
1532,6.517622188459109
1533,6.517622188459109
1534,6.517622188459109
1535,6.517622188459109
1536,6.517622188459109
1537,6.517622188459109
1538,6.517622188459109
1539,6.517622188459109
1540,6.517622188459109
1541,6.517622188459109
1542,6.517622188459109
1543,6.517622188459109
1544,6.517622188459109
1545,6.517622188459109
1546,6.517622188459109
1547,6.517622188459109
1548,6.517622188459109
1549,6.517622188459109
1550,6.517622188459109
1551,6.517622188459109
1552,6.517622188459109
1553,6.517622188459109
1554,6.517622188459109
1555,6.517622188459109
1556,6.517622188459109
1557,6.517622188459109
1558,6.517622188459109
1559,6.517622188459109
1560,6.517622188459109
1561,6.517622188459109
1562,6.517622188459109
1563,6.517622188459109
1564,6.517622188459109
1565,6.517622188459109
1566,6.517622188459109
1567,6.517622188459109
1568,6.517622188459109
1569,6.517622188459109
1570,6.517622188459109
1571,6.517622188459109
1572,6.517622188459109
1573,6.517622188459109
1574,6.517622188459109
1575,6.517622188459109
1576,6.517622188459109
1577,6.517622188459109
1578,6.517622188459109
1579,6.517622188459109
1580,6.517622188459109
1581,6.517622188459109
1582,6.517622188459109
1583,6.517622188459109
1584,6.517622188459109
1585,6.517622188459109
1586,6.517622188459109
1587,6.517622188459109
1588,6.517622188459109
1589,6.517622188459109
1590,6.517622188459109
1591,6.517622188459109
1592,6.517622188459109
1593,6.517622188459109
1594,6.517622188459109
1595,6.517622188459109
1596,6.517622188459109
1597,6.517622188459109
1598,6.517622188459109
1599,6.517622188459109
1600,6.517622188459109
1601,6.517622188459109
1602,6.517622188459109
1603,6.517622188459109
1604,6.517622188459109
1605,6.517622188459109
1606,6.517622188459109
1607,6.517622188459109
1608,6.517622188459109
1609,6.517622188459109
1610,6.517622188459109
1611,6.517622188459109
1612,6.517622188459109
1613,6.517622188459109
1614,6.517622188459109
1615,6.517622188459109
1616,6.517622188459109
1617,6.517622188459109
1618,6.517622188459109
1619,6.517622188459109
1620,6.517622188459109
1621,6.517622188459109
1622,6.517622188459109
1623,6.517622188459109
1624,6.517622188459109
1625,6.517622188459109
1626,6.517622188459109
1627,6.517622188459109
1628,6.517622188459109
1629,6.517622188459109
1630,6.517622188459109
1631,6.517622188459109
1632,6.517622188459109
1633,6.517622188459109
1634,6.517622188459109
1635,6.517622188459109
1636,6.517622188459109
1637,6.517622188459109
1638,6.517622188459109
1639,6.517622188459109
1640,6.517622188459109
1641,6.517622188459109
1642,6.517622188459109
1643,6.517622188459109
1644,6.517622188459109
1645,6.517622188459109
1646,6.517622188459109
1647,6.517622188459109
1648,6.517622188459109
1649,6.517622188459109
1650,6.517622188459109
1651,6.517622188459109
1652,6.517622188459109
1653,6.517622188459109
1654,6.517622188459109
1655,6.517622188459109
1656,6.517622188459109
1657,6.517622188459109
1658,6.517622188459109
1659,6.517622188459109
1660,6.517622188459109
1661,6.517622188459109
1662,6.517622188459109
1663,6.517622188459109
1664,6.517622188459109
1665,6.517622188459109
1666,6.517622188459109
1667,6.517622188459109
1668,6.517622188459109
1669,6.517622188459109
1670,6.517622188459109
1671,6.517622188459109
1672,6.517622188459109
1673,6.517622188459109
1674,6.517622188459109
1675,6.517622188459109
1676,6.517622188459109
1677,6.517622188459109
1678,6.517622188459109
1679,6.517622188459109
1680,6.517622188459109
1681,6.517622188459109
1682,6.517622188459109
1683,6.517622188459109
1684,6.517622188459109
1685,6.517622188459109
1686,6.517622188459109
1687,6.517622188459109
1688,6.517622188459109
1689,6.517622188459109
1690,6.517622188459109
1691,6.517622188459109
1692,6.517622188459109
1693,6.517622188459109
1694,6.517622188459109
1695,6.517622188459109
1696,6.517622188459109
1697,6.517622188459109
1698,6.517622188459109
1699,6.517622188459109
1700,6.517622188459109
1701,6.517622188459109
1702,6.517622188459109
1703,6.517622188459109
1704,6.517622188459109
1705,6.517622188459109
1706,6.517622188459109
1707,6.517622188459109
1708,6.517622188459109
1709,6.517622188459109
1710,6.517622188459109
1711,6.517622188459109
1712,6.517622188459109
1713,6.517622188459109
1714,6.517622188459109
1715,6.517622188459109
1716,6.517622188459109
1717,6.517622188459109
1718,6.517622188459109
1719,6.517622188459109
1720,6.517622188459109
1721,6.517622188459109
1722,6.517622188459109
1723,6.517622188459109
1724,6.517622188459109
1725,6.517622188459109
1726,6.517622188459109
1727,6.517622188459109
1728,6.517622188459109
1729,6.517622188459109
1730,6.517622188459109
1731,6.517622188459109
1732,6.517622188459109
1733,6.517622188459109
1734,6.517622188459109
1735,6.517622188459109
1736,6.517622188459109
1737,6.517622188459109
1738,6.517622188459109
1739,6.517622188459109
1740,6.517622188459109
1741,6.517622188459109
1742,6.517622188459109
1743,6.517622188459109
1744,6.517622188459109
1745,6.517622188459109
1746,6.517622188459109
1747,6.517622188459109
1748,6.517622188459109
1749,6.517622188459109
1750,6.517622188459109
1751,6.517622188459109
1752,6.517622188459109
1753,6.517622188459109
1754,6.517622188459109
1755,6.517622188459109
1756,6.517622188459109
1757,6.517622188459109
1758,6.517622188459109
1759,6.517622188459109
1760,6.517622188459109
1761,6.517622188459109
1762,6.517622188459109
1763,6.517622188459109
1764,6.517622188459109
1765,6.517622188459109
1766,6.517622188459109
1767,6.517622188459109
1768,6.517622188459109
1769,6.517622188459109
1770,6.517622188459109
1771,6.517622188459109
1772,6.517622188459109
1773,6.517622188459109
1774,6.517622188459109
1775,6.517622188459109
1776,6.517622188459109
1777,6.517622188459109
1778,6.517622188459109
1779,6.517622188459109
1780,6.517622188459109
1781,6.517622188459109
1782,6.517622188459109
1783,6.517622188459109
1784,6.517622188459109
1785,6.517622188459109
1786,6.517622188459109
1787,6.517622188459109
1788,6.517622188459109
1789,6.517622188459109
1790,6.517622188459109
1791,6.517622188459109
1792,6.517622188459109
1793,6.517622188459109
1794,6.517622188459109
1795,6.517622188459109
1796,6.517622188459109
1797,6.517622188459109
1798,6.517622188459109
1799,6.517622188459109
1800,6.517622188459109
1801,6.517622188459109
1802,6.517622188459109
1803,6.517622188459109
1804,6.517622188459109
1805,6.517622188459109
1806,6.517622188459109
1807,6.517622188459109
1808,6.517622188459109
1809,6.517622188459109
1810,6.517622188459109
1811,6.517622188459109
1812,6.517622188459109
1813,6.517622188459109
1814,6.517622188459109
1815,6.517622188459109
1816,6.517622188459109
1817,6.517622188459109
1818,6.517622188459109
1819,6.517622188459109
1820,6.517622188459109
1821,6.517622188459109
1822,6.517622188459109
1823,6.517622188459109
1824,6.517622188459109
1825,6.517622188459109
1826,6.517622188459109
1827,6.517622188459109
1828,6.517622188459109
1829,6.517622188459109
1830,6.517622188459109
1831,6.517622188459109
1832,6.517622188459109
1833,6.517622188459109
1834,6.517622188459109
1835,6.517622188459109
1836,6.517622188459109
1837,6.517622188459109
1838,6.517622188459109
1839,6.517622188459109
1840,6.517622188459109
1841,6.517622188459109
1842,6.517622188459109
1843,6.517622188459109
1844,6.517622188459109
1845,6.517622188459109
1846,6.517622188459109
1847,6.517622188459109
1848,6.517622188459109
1849,6.517622188459109
1850,6.517622188459109
1851,6.517622188459109
1852,6.517622188459109
1853,6.517622188459109
1854,6.517622188459109
1855,6.517622188459109
1856,6.517622188459109
1857,6.517622188459109
1858,6.517622188459109
1859,6.517622188459109
1860,6.517622188459109
1861,6.517622188459109
1862,6.517622188459109
1863,6.517622188459109
1864,6.517622188459109
1865,6.517622188459109
1866,6.517622188459109
1867,6.517622188459109
1868,6.517622188459109
1869,6.517622188459109
1870,6.517622188459109
1871,6.517622188459109
1872,6.517622188459109
1873,6.517622188459109
1874,6.517622188459109
1875,6.517622188459109
1876,6.517622188459109
1877,6.517622188459109
1878,6.517622188459109
1879,6.517622188459109
1880,6.517622188459109
1881,6.517622188459109
1882,6.517622188459109
1883,6.517622188459109
1884,6.517622188459109
1885,6.517622188459109
1886,6.517622188459109
1887,6.517622188459109
1888,6.517622188459109
1889,6.517622188459109
1890,6.517622188459109
1891,6.517622188459109
1892,6.517622188459109
1893,6.517622188459109
1894,6.517622188459109
1895,6.517622188459109
1896,6.517622188459109
1897,6.517622188459109
1898,6.517622188459109
1899,6.517622188459109
1900,6.517622188459109
1901,6.517622188459109
1902,6.517622188459109
1903,6.517622188459109
1904,6.517622188459109
1905,6.517622188459109
1906,6.517622188459109
1907,6.517622188459109
1908,6.517622188459109
1909,6.517622188459109
1910,6.517622188459109
1911,6.517622188459109
1912,6.517622188459109
1913,6.517622188459109
1914,6.517622188459109
1915,6.517622188459109
1916,6.517622188459109
1917,6.517622188459109
1918,6.517622188459109
1919,6.517622188459109
1920,6.517622188459109
1921,6.517622188459109
1922,6.517622188459109
1923,6.517622188459109
1924,6.517622188459109
1925,6.517622188459109
1926,6.517622188459109
1927,6.517622188459109
1928,6.517622188459109
1929,6.517622188459109
1930,6.517622188459109
1931,6.517622188459109
1932,6.517622188459109
1933,6.517622188459109
1934,6.517622188459109
1935,6.517622188459109
1936,6.517622188459109
1937,6.517622188459109
1938,6.517622188459109
1939,6.517622188459109
1940,6.517622188459109
1941,6.517622188459109
1942,6.517622188459109
1943,6.517622188459109
1944,6.517622188459109
1945,6.517622188459109
1946,6.517622188459109
1947,6.517622188459109
1948,6.517622188459109
1949,6.517622188459109
1950,6.517622188459109
1951,6.517622188459109
1952,6.517622188459109
1953,6.517622188459109
1954,6.517622188459109
1955,6.517622188459109
1956,6.517622188459109
1957,6.517622188459109
1958,6.517622188459109
1959,6.517622188459109
1960,6.517622188459109
1961,6.517622188459109
1962,6.517622188459109
1963,6.517622188459109
1964,6.517622188459109
1965,6.517622188459109
1966,6.517622188459109
1967,6.517622188459109
1968,6.517622188459109
1969,6.517622188459109
1970,6.517622188459109
1971,6.517622188459109
1972,6.517622188459109
1973,6.517622188459109
1974,6.517622188459109
1975,6.517622188459109
1976,6.517622188459109
1977,6.517622188459109
1978,6.517622188459109
1979,6.517622188459109
1980,6.517622188459109
1981,6.517622188459109
1982,6.517622188459109
1983,6.517622188459109
1984,6.517622188459109
1985,6.517622188459109
1986,6.517622188459109
1987,6.517622188459109
1988,6.517622188459109
1989,6.517622188459109
1990,6.517622188459109
1991,6.517622188459109
1992,6.517622188459109
1993,6.517622188459109
1994,6.517622188459109
1995,6.517622188459109
1996,6.517622188459109
1997,6.517622188459109
1998,6.517622188459109
1999,6.517622188459109
2000,6.517622188459109
2001,6.517622188459109
2002,6.517622188459109
2003,6.517622188459109
2004,6.517622188459109
2005,6.517622188459109
2006,6.517622188459109
2007,6.517622188459109
2008,6.517622188459109
2009,6.517622188459109
2010,6.517622188459109
2011,6.517622188459109
2012,6.517622188459109
2013,6.517622188459109
2014,6.517622188459109
2015,6.517622188459109
2016,6.517622188459109
2017,6.517622188459109
2018,6.517622188459109
2019,6.517622188459109
2020,6.517622188459109
2021,6.517622188459109
2022,6.517622188459109
2023,6.517622188459109
2024,6.517622188459109
2025,6.517622188459109
2026,6.517622188459109
2027,6.517622188459109
2028,6.517622188459109
2029,6.517622188459109
2030,6.517622188459109
2031,6.517622188459109
2032,6.517622188459109
2033,6.517622188459109
2034,6.517622188459109
2035,6.517622188459109
2036,6.517622188459109
2037,6.517622188459109
2038,6.517622188459109
2039,6.517622188459109
2040,6.517622188459109
2041,6.517622188459109
2042,6.517622188459109
2043,6.517622188459109
2044,6.517622188459109
2045,6.517622188459109
2046,6.517622188459109
2047,6.517622188459109
2048,6.517622188459109
2049,6.517622188459109
2050,6.517622188459109
2051,6.517622188459109
2052,6.517622188459109
2053,6.517622188459109
2054,6.517622188459109
2055,6.517622188459109
2056,6.517622188459109
2057,6.517622188459109
2058,6.517622188459109
2059,6.517622188459109
2060,6.517622188459109
2061,6.517622188459109
2062,6.517622188459109
2063,6.517622188459109
2064,6.517622188459109
2065,6.517622188459109
2066,6.517622188459109
2067,6.517622188459109
2068,6.517622188459109
2069,6.517622188459109
2070,6.517622188459109
2071,6.517622188459109
2072,6.517622188459109
2073,6.517622188459109
2074,6.517622188459109
2075,6.517622188459109
2076,6.517622188459109
2077,6.517622188459109
2078,6.517622188459109
2079,6.517622188459109
2080,6.517622188459109
2081,6.517622188459109
2082,6.517622188459109
2083,6.517622188459109
2084,6.517622188459109
2085,6.517622188459109
2086,6.517622188459109
2087,6.517622188459109
2088,6.517622188459109
2089,6.517622188459109
2090,6.517622188459109
2091,6.517622188459109
2092,6.517622188459109
2093,6.517622188459109
2094,6.517622188459109
2095,6.517622188459109
2096,6.517622188459109
2097,6.517622188459109
2098,6.517622188459109
2099,6.517622188459109
2100,6.517622188459109
2101,6.517622188459109
2102,6.517622188459109
2103,6.517622188459109
2104,6.517622188459109
2105,6.517622188459109
2106,6.517622188459109
2107,6.517622188459109
2108,6.517622188459109
2109,6.517622188459109
2110,6.517622188459109
2111,6.517622188459109
2112,6.517622188459109
2113,6.517622188459109
2114,6.517622188459109
2115,6.517622188459109
2116,6.517622188459109
2117,6.517622188459109
2118,6.517622188459109
2119,6.517622188459109
2120,6.517622188459109
2121,6.517622188459109
2122,6.517622188459109
2123,6.517622188459109
2124,6.517622188459109
2125,6.517622188459109
2126,6.517622188459109
2127,6.517622188459109
2128,6.517622188459109
2129,6.517622188459109
2130,6.517622188459109
2131,6.517622188459109
2132,6.517622188459109
2133,6.517622188459109
2134,6.517622188459109
2135,6.517622188459109
2136,6.517622188459109
2137,6.517622188459109
2138,6.517622188459109
2139,6.517622188459109
2140,6.517622188459109
2141,6.517622188459109
2142,6.517622188459109
2143,6.517622188459109
2144,6.517622188459109
2145,6.517622188459109
2146,6.517622188459109
2147,6.517622188459109
2148,6.517622188459109
2149,6.517622188459109
2150,6.517622188459109
2151,6.517622188459109
2152,6.517622188459109
2153,6.517622188459109
2154,6.517622188459109
2155,6.517622188459109
2156,6.517622188459109
2157,6.517622188459109
2158,6.517622188459109
2159,6.517622188459109
2160,6.517622188459109
2161,6.517622188459109
2162,6.517622188459109
2163,6.517622188459109
2164,6.517622188459109
2165,6.517622188459109
2166,6.517622188459109
2167,6.517622188459109
2168,6.517622188459109
2169,6.517622188459109
2170,6.517622188459109
2171,6.517622188459109
2172,6.517622188459109
2173,6.517622188459109
2174,6.517622188459109
2175,6.517622188459109
2176,6.517622188459109
2177,6.517622188459109
2178,6.517622188459109
2179,6.517622188459109
2180,6.517622188459109
2181,6.517622188459109
2182,6.517622188459109
2183,6.517622188459109
2184,6.517622188459109
2185,6.517622188459109
2186,6.517622188459109
2187,6.517622188459109
2188,6.517622188459109
2189,6.517622188459109
2190,6.517622188459109
2191,6.517622188459109
2192,6.517622188459109
2193,6.517622188459109
2194,6.517622188459109
2195,6.517622188459109
2196,6.517622188459109
2197,6.517622188459109
2198,6.517622188459109
2199,6.517622188459109
2200,6.517622188459109
2201,6.517622188459109
2202,6.517622188459109
2203,6.517622188459109
2204,6.517622188459109
2205,6.517622188459109
2206,6.517622188459109
2207,6.517622188459109
2208,6.517622188459109
2209,6.517622188459109
2210,6.517622188459109
2211,6.517622188459109
2212,6.517622188459109
2213,6.517622188459109
2214,6.517622188459109
2215,6.517622188459109
2216,6.517622188459109
2217,6.517622188459109
2218,6.517622188459109
2219,6.517622188459109
2220,6.517622188459109
2221,6.517622188459109
2222,6.517622188459109
2223,6.517622188459109
2224,6.517622188459109
2225,6.517622188459109
2226,6.517622188459109
2227,6.517622188459109
2228,6.517622188459109
2229,6.517622188459109
2230,6.517622188459109
2231,6.517622188459109
2232,6.517622188459109
2233,6.517622188459109
2234,6.517622188459109
2235,6.517622188459109
2236,6.517622188459109
2237,6.517622188459109
2238,6.517622188459109
2239,6.517622188459109
2240,6.517622188459109
2241,6.517622188459109
2242,6.517622188459109
2243,6.517622188459109
2244,6.517622188459109
2245,6.517622188459109
2246,6.517622188459109
2247,6.517622188459109
2248,6.517622188459109
2249,6.517622188459109
2250,6.517622188459109
2251,6.517622188459109
2252,6.517622188459109
2253,6.517622188459109
2254,6.517622188459109
2255,6.517622188459109
2256,6.517622188459109
2257,6.517622188459109
2258,6.517622188459109
2259,6.517622188459109
2260,6.517622188459109
2261,6.517622188459109
2262,6.517622188459109
2263,6.517622188459109
2264,6.517622188459109
2265,6.517622188459109
2266,6.517622188459109
2267,6.517622188459109
2268,6.517622188459109
2269,6.517622188459109
2270,6.517622188459109
2271,6.517622188459109
2272,6.517622188459109
2273,6.517622188459109
2274,6.517622188459109
2275,6.517622188459109
2276,6.517622188459109
2277,6.517622188459109
2278,6.517622188459109
2279,6.517622188459109
2280,6.517622188459109
2281,6.517622188459109
2282,6.517622188459109
2283,6.517622188459109
2284,6.517622188459109
2285,6.517622188459109
2286,6.517622188459109
2287,6.517622188459109
2288,6.517622188459109
2289,6.517622188459109
2290,6.517622188459109
2291,6.517622188459109
2292,6.517622188459109
2293,6.517622188459109
2294,6.517622188459109
2295,6.517622188459109
2296,6.517622188459109
2297,6.517622188459109
2298,6.517622188459109
2299,6.517622188459109
2300,6.517622188459109
2301,6.517622188459109
2302,6.517622188459109
2303,6.517622188459109
2304,6.517622188459109
2305,6.517622188459109
2306,6.517622188459109
2307,6.517622188459109
2308,6.517622188459109
2309,6.517622188459109
2310,6.517622188459109
2311,6.517622188459109
2312,6.517622188459109
2313,6.517622188459109
2314,6.517622188459109
2315,6.517622188459109
2316,6.517622188459109
2317,6.517622188459109
2318,6.517622188459109
2319,6.517622188459109
2320,6.517622188459109
2321,6.517622188459109
2322,6.517622188459109
2323,6.517622188459109
2324,6.517622188459109
2325,6.517622188459109
2326,6.517622188459109
2327,6.517622188459109
2328,6.517622188459109
2329,6.517622188459109
2330,6.517622188459109
2331,6.517622188459109
2332,6.517622188459109
2333,6.517622188459109
2334,6.517622188459109
2335,6.517622188459109
2336,6.517622188459109
2337,6.517622188459109
2338,6.517622188459109
2339,6.517622188459109
2340,6.517622188459109
2341,6.517622188459109
2342,6.517622188459109
2343,6.517622188459109
2344,6.517622188459109
2345,6.517622188459109
2346,6.517622188459109
2347,6.517622188459109
2348,6.517622188459109
2349,6.517622188459109
2350,6.517622188459109
2351,6.517622188459109
2352,6.517622188459109
2353,6.517622188459109
2354,6.517622188459109
2355,6.517622188459109
2356,6.517622188459109
2357,6.517622188459109
2358,6.517622188459109
2359,6.517622188459109
2360,6.517622188459109
2361,6.517622188459109
2362,6.517622188459109
2363,6.517622188459109
2364,6.517622188459109
2365,6.517622188459109
2366,6.517622188459109
2367,6.517622188459109
2368,6.517622188459109
2369,6.517622188459109
2370,6.517622188459109
2371,6.517622188459109
2372,6.517622188459109
2373,6.517622188459109
2374,6.517622188459109
2375,6.517622188459109
2376,6.517622188459109
2377,6.517622188459109
2378,6.517622188459109
2379,6.517622188459109
2380,6.517622188459109
2381,6.517622188459109
2382,6.517622188459109
2383,6.517622188459109
2384,6.517622188459109
2385,6.517622188459109
2386,6.517622188459109
2387,6.517622188459109
2388,6.517622188459109
2389,6.517622188459109
2390,6.517622188459109
2391,6.517622188459109
2392,6.517622188459109
2393,6.517622188459109
2394,6.517622188459109
2395,6.517622188459109
2396,6.517622188459109
2397,6.517622188459109
2398,6.517622188459109
2399,6.517622188459109
2400,6.517622188459109
2401,6.517622188459109
2402,6.517622188459109
2403,6.517622188459109
2404,6.517622188459109
2405,6.517622188459109
2406,6.517622188459109
2407,6.517622188459109
2408,6.517622188459109
2409,6.517622188459109
2410,6.517622188459109
2411,6.517622188459109
2412,6.517622188459109
2413,6.517622188459109
2414,6.517622188459109
2415,6.517622188459109
2416,6.517622188459109
2417,6.517622188459109
2418,6.517622188459109
2419,6.517622188459109
2420,6.517622188459109
2421,6.517622188459109
2422,6.517622188459109
2423,6.517622188459109
2424,6.517622188459109
2425,6.517622188459109
2426,6.517622188459109
2427,6.517622188459109
2428,6.517622188459109
2429,6.517622188459109
2430,6.517622188459109
2431,6.517622188459109
2432,6.517622188459109
2433,6.517622188459109
2434,6.517622188459109
2435,6.517622188459109
2436,6.517622188459109
2437,6.517622188459109
2438,6.517622188459109
2439,6.517622188459109
2440,6.517622188459109
2441,6.517622188459109
2442,6.517622188459109
2443,6.517622188459109
2444,6.517622188459109
2445,6.517622188459109
2446,6.517622188459109
2447,6.517622188459109
2448,6.517622188459109
2449,6.517622188459109
2450,6.517622188459109
2451,6.517622188459109
2452,6.517622188459109
2453,6.517622188459109
2454,6.517622188459109
2455,6.517622188459109
2456,6.517622188459109
2457,6.517622188459109
2458,6.517622188459109
2459,6.517622188459109
2460,6.517622188459109
2461,6.517622188459109
2462,6.517622188459109
2463,6.517622188459109
2464,6.517622188459109
2465,6.517622188459109
2466,6.517622188459109
2467,6.517622188459109
2468,6.517622188459109
2469,6.517622188459109
2470,6.517622188459109
2471,6.517622188459109
2472,6.517622188459109
2473,6.517622188459109
2474,6.517622188459109
2475,6.517622188459109
2476,6.517622188459109
2477,6.517622188459109
2478,6.517622188459109
2479,6.517622188459109
2480,6.517622188459109
2481,6.517622188459109
2482,6.517622188459109
2483,6.517622188459109
2484,6.517622188459109
2485,6.517622188459109
2486,6.517622188459109
2487,6.517622188459109
2488,6.517622188459109
2489,6.517622188459109
2490,6.517622188459109
2491,6.517622188459109
2492,6.517622188459109
2493,6.517622188459109
2494,6.517622188459109
2495,6.517622188459109
2496,6.517622188459109
2497,6.517622188459109
2498,6.517622188459109
2499,6.517622188459109
2500,6.517622188459109
2501,6.517622188459109
2502,6.517622188459109
2503,6.517622188459109
2504,6.517622188459109
2505,6.517622188459109
2506,6.517622188459109
2507,6.517622188459109
2508,6.517622188459109
2509,6.517622188459109
2510,6.517622188459109
2511,6.517622188459109
2512,6.517622188459109
2513,6.517622188459109
2514,6.517622188459109
2515,6.517622188459109
2516,6.517622188459109
2517,6.517622188459109
2518,6.517622188459109
2519,6.517622188459109
2520,6.517622188459109
2521,6.517622188459109
2522,6.517622188459109
2523,6.517622188459109
2524,6.517622188459109
2525,6.517622188459109
2526,6.517622188459109
2527,6.517622188459109
2528,6.517622188459109
2529,6.517622188459109
2530,6.517622188459109
2531,6.517622188459109
2532,6.517622188459109
2533,6.517622188459109
2534,6.517622188459109
2535,6.517622188459109
2536,6.517622188459109
2537,6.517622188459109
2538,6.517622188459109
2539,6.517622188459109
2540,6.517622188459109
2541,6.517622188459109
2542,6.517622188459109
2543,6.517622188459109
2544,6.517622188459109
2545,6.517622188459109
2546,6.517622188459109
2547,6.517622188459109
2548,6.517622188459109
2549,6.517622188459109
2550,6.517622188459109
2551,6.517622188459109
2552,6.517622188459109
2553,6.517622188459109
2554,6.517622188459109
2555,6.517622188459109
2556,6.517622188459109
2557,6.517622188459109
2558,6.517622188459109
2559,6.517622188459109
2560,6.517622188459109
2561,6.517622188459109
2562,6.517622188459109
2563,6.517622188459109
2564,6.517622188459109
2565,6.517622188459109
2566,6.517622188459109
2567,6.517622188459109
2568,6.517622188459109
2569,6.517622188459109
2570,6.517622188459109
2571,6.517622188459109
2572,6.517622188459109
2573,6.517622188459109
2574,6.517622188459109
2575,6.517622188459109
2576,6.517622188459109
2577,6.517622188459109
2578,6.517622188459109
2579,6.517622188459109
2580,6.517622188459109
2581,6.517622188459109
2582,6.517622188459109
2583,6.517622188459109
2584,6.517622188459109
2585,6.517622188459109
2586,6.517622188459109
2587,6.517622188459109
2588,6.517622188459109
2589,6.517622188459109
2590,6.517622188459109
2591,6.517622188459109
2592,6.517622188459109
2593,6.517622188459109
2594,6.517622188459109
2595,6.517622188459109
2596,6.517622188459109
2597,6.517622188459109
2598,6.517622188459109
2599,6.517622188459109
2600,6.517622188459109
2601,6.517622188459109
2602,6.517622188459109
2603,6.517622188459109
2604,6.517622188459109
2605,6.517622188459109
2606,6.517622188459109
2607,6.517622188459109
2608,6.517622188459109
2609,6.517622188459109
2610,6.517622188459109
2611,6.517622188459109
2612,6.517622188459109
2613,6.517622188459109
2614,6.517622188459109
2615,6.517622188459109
2616,6.517622188459109
2617,6.517622188459109
2618,6.517622188459109
2619,6.517622188459109
2620,6.517622188459109
2621,6.517622188459109
2622,6.517622188459109
2623,6.517622188459109
2624,6.517622188459109
2625,6.517622188459109
2626,6.517622188459109
2627,6.517622188459109
2628,6.517622188459109
2629,6.517622188459109
2630,6.517622188459109
2631,6.517622188459109
2632,6.517622188459109
2633,6.517622188459109
2634,6.517622188459109
2635,6.517622188459109
2636,6.517622188459109
2637,6.517622188459109
2638,6.517622188459109
2639,6.517622188459109
2640,6.517622188459109
2641,6.517622188459109
2642,6.517622188459109
2643,6.517622188459109
2644,6.517622188459109
2645,6.517622188459109
2646,6.517622188459109
2647,6.517622188459109
2648,6.517622188459109
2649,6.517622188459109
2650,6.517622188459109
2651,6.517622188459109
2652,6.517622188459109
2653,6.517622188459109
2654,6.517622188459109
2655,6.517622188459109
2656,6.517622188459109
2657,6.517622188459109
2658,6.517622188459109
2659,6.517622188459109
2660,6.517622188459109
2661,6.517622188459109
2662,6.517622188459109
2663,6.517622188459109
2664,6.517622188459109
2665,6.517622188459109
2666,6.517622188459109
2667,6.517622188459109
2668,6.517622188459109
2669,6.517622188459109
2670,6.517622188459109
2671,6.517622188459109
2672,6.517622188459109
2673,6.517622188459109
2674,6.517622188459109
2675,6.517622188459109
2676,6.517622188459109
2677,6.517622188459109
2678,6.517622188459109
2679,6.517622188459109
2680,6.517622188459109
2681,6.517622188459109
2682,6.517622188459109
2683,6.517622188459109
2684,6.517622188459109
2685,6.517622188459109
2686,6.517622188459109
2687,6.517622188459109
2688,6.517622188459109
2689,6.517622188459109
2690,6.517622188459109
2691,6.517622188459109
2692,6.517622188459109
2693,6.517622188459109
2694,6.517622188459109
2695,6.517622188459109
2696,6.517622188459109
2697,6.517622188459109
2698,6.517622188459109
2699,6.517622188459109
2700,6.517622188459109
2701,6.517622188459109
2702,6.517622188459109
2703,6.517622188459109
2704,6.517622188459109
2705,6.517622188459109
2706,6.517622188459109
2707,6.517622188459109
2708,6.517622188459109
2709,6.517622188459109
2710,6.517622188459109
2711,6.517622188459109
2712,6.517622188459109
2713,6.517622188459109
2714,6.517622188459109
2715,6.517622188459109
2716,6.517622188459109
2717,6.517622188459109
2718,6.517622188459109
2719,6.517622188459109
2720,6.517622188459109
2721,6.517622188459109
2722,6.517622188459109
2723,6.517622188459109
2724,6.517622188459109
2725,6.517622188459109
2726,6.517622188459109
2727,6.517622188459109
2728,6.517622188459109
2729,6.517622188459109
2730,6.517622188459109
2731,6.517622188459109
2732,6.517622188459109
2733,6.517622188459109
2734,6.517622188459109
2735,6.517622188459109
2736,6.517622188459109
2737,6.517622188459109
2738,6.517622188459109
2739,6.517622188459109
2740,6.517622188459109
2741,6.517622188459109
2742,6.517622188459109
2743,6.517622188459109
2744,6.517622188459109
2745,6.517622188459109
2746,6.517622188459109
2747,6.517622188459109
2748,6.517622188459109
2749,6.517622188459109
2750,6.517622188459109
2751,6.517622188459109
2752,6.517622188459109
2753,6.517622188459109
2754,6.517622188459109
2755,6.517622188459109
2756,6.517622188459109
2757,6.517622188459109
2758,6.517622188459109
2759,6.517622188459109
2760,6.517622188459109
2761,6.517622188459109
2762,6.517622188459109
2763,6.517622188459109
2764,6.517622188459109
2765,6.517622188459109
2766,6.517622188459109
2767,6.517622188459109
2768,6.517622188459109
2769,6.517622188459109
2770,6.517622188459109
2771,6.517622188459109
2772,6.517622188459109
2773,6.517622188459109
2774,6.517622188459109
2775,6.517622188459109
2776,6.517622188459109
2777,6.517622188459109
2778,6.517622188459109
2779,6.517622188459109
2780,6.517622188459109
2781,6.517622188459109
2782,6.517622188459109
2783,6.517622188459109
2784,6.517622188459109
2785,6.517622188459109
2786,6.517622188459109
2787,6.517622188459109
2788,6.517622188459109
2789,6.517622188459109
2790,6.517622188459109
2791,6.517622188459109
2792,6.517622188459109
2793,6.517622188459109
2794,6.517622188459109
2795,6.517622188459109
2796,6.517622188459109
2797,6.517622188459109
2798,6.517622188459109
2799,6.517622188459109
2800,6.517622188459109
2801,6.517622188459109
2802,6.517622188459109
2803,6.517622188459109
2804,6.517622188459109
2805,6.517622188459109
2806,6.517622188459109
2807,6.517622188459109
2808,6.517622188459109
2809,6.517622188459109
2810,6.517622188459109
2811,6.517622188459109
2812,6.517622188459109
2813,6.517622188459109
2814,6.517622188459109
2815,6.517622188459109
2816,6.517622188459109
2817,6.517622188459109
2818,6.517622188459109
2819,6.517622188459109
2820,6.517622188459109
2821,6.517622188459109
2822,6.517622188459109
2823,6.517622188459109
2824,6.517622188459109
2825,6.517622188459109
2826,6.517622188459109
2827,6.517622188459109
2828,6.517622188459109
2829,6.517622188459109
2830,6.517622188459109
2831,6.517622188459109
2832,6.517622188459109
2833,6.517622188459109
2834,6.517622188459109
2835,6.517622188459109
2836,6.517622188459109
2837,6.517622188459109
2838,6.517622188459109
2839,6.517622188459109
2840,6.517622188459109
2841,6.517622188459109
2842,6.517622188459109
2843,6.517622188459109
2844,6.517622188459109
2845,6.517622188459109
2846,6.517622188459109
2847,6.517622188459109
2848,6.517622188459109
2849,6.517622188459109
2850,6.517622188459109
2851,6.517622188459109
2852,6.517622188459109
2853,6.517622188459109
2854,6.517622188459109
2855,6.517622188459109
2856,6.517622188459109
2857,6.517622188459109
2858,6.517622188459109
2859,6.517622188459109
2860,6.517622188459109
2861,6.517622188459109
2862,6.517622188459109
2863,6.517622188459109
2864,6.517622188459109
2865,6.517622188459109
2866,6.517622188459109
2867,6.517622188459109
2868,6.517622188459109
2869,6.517622188459109
2870,6.517622188459109
2871,6.517622188459109
2872,6.517622188459109
2873,6.517622188459109
2874,6.517622188459109
2875,6.517622188459109
2876,6.517622188459109
2877,6.517622188459109
2878,6.517622188459109
2879,6.517622188459109
2880,6.517622188459109
2881,6.517622188459109
2882,6.517622188459109
2883,6.517622188459109
2884,6.517622188459109
2885,6.517622188459109
2886,6.517622188459109
2887,6.517622188459109
2888,6.517622188459109
2889,6.517622188459109
2890,6.517622188459109
2891,6.517622188459109
2892,6.517622188459109
2893,6.517622188459109
2894,6.517622188459109
2895,6.517622188459109
2896,6.517622188459109
2897,6.517622188459109
2898,6.517622188459109
2899,6.517622188459109
2900,6.517622188459109
2901,6.517622188459109
2902,6.517622188459109
2903,6.517622188459109
2904,6.517622188459109
2905,6.517622188459109
2906,6.517622188459109
2907,6.517622188459109
2908,6.517622188459109
2909,6.517622188459109
2910,6.517622188459109
2911,6.517622188459109
2912,6.517622188459109
2913,6.517622188459109
2914,6.517622188459109
2915,6.517622188459109
2916,6.517622188459109
2917,6.517622188459109
2918,6.517622188459109
2919,6.517622188459109
2920,6.517622188459109
2921,6.517622188459109
2922,6.517622188459109
2923,6.517622188459109
2924,6.517622188459109
2925,6.517622188459109
2926,6.517622188459109
2927,6.517622188459109
2928,6.517622188459109
2929,6.517622188459109
2930,6.517622188459109
2931,6.517622188459109
2932,6.517622188459109
2933,6.517622188459109
2934,6.517622188459109
2935,6.517622188459109
2936,6.517622188459109
2937,6.517622188459109
2938,6.517622188459109
2939,6.517622188459109
2940,6.517622188459109
2941,6.517622188459109
2942,6.517622188459109
2943,6.517622188459109
2944,6.517622188459109
2945,6.517622188459109
2946,6.517622188459109
2947,6.517622188459109
2948,6.517622188459109
2949,6.517622188459109
2950,6.517622188459109
2951,6.517622188459109
2952,6.517622188459109
2953,6.517622188459109
2954,6.517622188459109
2955,6.517622188459109
2956,6.517622188459109
2957,6.517622188459109
2958,6.517622188459109
2959,6.517622188459109
2960,6.517622188459109
2961,6.517622188459109
2962,6.517622188459109
2963,6.517622188459109
2964,6.517622188459109
2965,6.517622188459109
2966,6.517622188459109
2967,6.517622188459109
2968,6.517622188459109
2969,6.517622188459109
2970,6.517622188459109
2971,6.517622188459109
2972,6.517622188459109
2973,6.517622188459109
2974,6.517622188459109
2975,6.517622188459109
2976,6.517622188459109
2977,6.517622188459109
2978,6.517622188459109
2979,6.517622188459109
2980,6.517622188459109
2981,6.517622188459109
2982,6.517622188459109
2983,6.517622188459109
2984,6.517622188459109
2985,6.517622188459109
2986,6.517622188459109
2987,6.517622188459109
2988,6.517622188459109
2989,6.517622188459109
2990,6.517622188459109
2991,6.517622188459109
2992,6.517622188459109
2993,6.517622188459109
2994,6.517622188459109
2995,6.517622188459109
2996,6.517622188459109
2997,6.517622188459109
2998,6.517622188459109
2999,6.517622188459109
3000,6.517622188459109
3001,6.517622188459109
3002,6.517622188459109
3003,6.517622188459109
3004,6.517622188459109
3005,6.517622188459109
3006,6.517622188459109
3007,6.517622188459109
3008,6.517622188459109
3009,6.517622188459109
3010,6.517622188459109
3011,6.517622188459109
3012,6.517622188459109
3013,6.517622188459109
3014,6.517622188459109
3015,6.517622188459109
3016,6.517622188459109
3017,6.517622188459109
3018,6.517622188459109
3019,6.517622188459109
3020,6.517622188459109
3021,6.517622188459109
3022,6.517622188459109
3023,6.517622188459109
3024,6.517622188459109
3025,6.517622188459109
3026,6.517622188459109
3027,6.517622188459109
3028,6.517622188459109
3029,6.517622188459109
3030,6.517622188459109
3031,6.517622188459109
3032,6.517622188459109
3033,6.517622188459109
3034,6.517622188459109
3035,6.517622188459109
3036,6.517622188459109
3037,6.517622188459109
3038,6.517622188459109
3039,6.517622188459109
3040,6.517622188459109
3041,6.517622188459109
3042,6.517622188459109
3043,6.517622188459109
3044,6.517622188459109
3045,6.517622188459109
3046,6.517622188459109
3047,6.517622188459109
3048,6.517622188459109
3049,6.517622188459109
3050,6.517622188459109
3051,6.517622188459109
3052,6.517622188459109
3053,6.517622188459109
3054,6.517622188459109
3055,6.517622188459109
3056,6.517622188459109
3057,6.517622188459109
3058,6.517622188459109
3059,6.517622188459109
3060,6.517622188459109
3061,6.517622188459109
3062,6.517622188459109
3063,6.517622188459109
3064,6.517622188459109
3065,6.517622188459109
3066,6.517622188459109
3067,6.517622188459109
3068,6.517622188459109
3069,6.517622188459109
3070,6.517622188459109
3071,6.517622188459109
3072,6.517622188459109
3073,6.517622188459109
3074,6.517622188459109
3075,6.517622188459109
3076,6.517622188459109
3077,6.517622188459109
3078,6.517622188459109
3079,6.517622188459109
3080,6.517622188459109
3081,6.517622188459109
3082,6.517622188459109
3083,6.517622188459109
3084,6.517622188459109
3085,6.517622188459109
3086,6.517622188459109
3087,6.517622188459109
3088,6.517622188459109
3089,6.517622188459109
3090,6.517622188459109
3091,6.517622188459109
3092,6.517622188459109
3093,6.517622188459109
3094,6.517622188459109
3095,6.517622188459109
3096,6.517622188459109
3097,6.517622188459109
3098,6.517622188459109
3099,6.517622188459109
3100,6.517622188459109
3101,6.517622188459109
3102,6.517622188459109
3103,6.517622188459109
3104,6.517622188459109
3105,6.517622188459109
3106,6.517622188459109
3107,6.517622188459109
3108,6.517622188459109
3109,6.517622188459109
3110,6.517622188459109
3111,6.517622188459109
3112,6.517622188459109
3113,6.517622188459109
3114,6.517622188459109
3115,6.517622188459109
3116,6.517622188459109
3117,6.517622188459109
3118,6.517622188459109
3119,6.517622188459109
3120,6.517622188459109
3121,6.517622188459109
3122,6.517622188459109
3123,6.517622188459109
3124,6.517622188459109
3125,6.517622188459109
3126,6.517622188459109
3127,6.517622188459109
3128,6.517622188459109
3129,6.517622188459109
3130,6.517622188459109
3131,6.517622188459109
3132,6.517622188459109
3133,6.517622188459109
3134,6.517622188459109
3135,6.517622188459109
3136,6.517622188459109
3137,6.517622188459109
3138,6.517622188459109
3139,6.517622188459109
3140,6.517622188459109
3141,6.517622188459109
3142,6.517622188459109
3143,6.517622188459109
3144,6.517622188459109
3145,6.517622188459109
3146,6.517622188459109
3147,6.517622188459109
3148,6.517622188459109
3149,6.517622188459109
3150,6.517622188459109
3151,6.517622188459109
3152,6.517622188459109
3153,6.517622188459109
3154,6.517622188459109
3155,6.517622188459109
3156,6.517622188459109
3157,6.517622188459109
3158,6.517622188459109
3159,6.517622188459109
3160,6.517622188459109
3161,6.517622188459109
3162,6.517622188459109
3163,6.517622188459109
3164,6.517622188459109
3165,6.517622188459109
3166,6.517622188459109
3167,6.517622188459109
3168,6.517622188459109
3169,6.517622188459109
3170,6.517622188459109
3171,6.517622188459109
3172,6.517622188459109
3173,6.517622188459109
3174,6.517622188459109
3175,6.517622188459109
3176,6.517622188459109
3177,6.517622188459109
3178,6.517622188459109
3179,6.517622188459109
3180,6.517622188459109
3181,6.517622188459109
3182,6.517622188459109
3183,6.517622188459109
3184,6.517622188459109
3185,6.517622188459109
3186,6.517622188459109
3187,6.517622188459109
3188,6.517622188459109
3189,6.517622188459109
3190,6.517622188459109
3191,6.517622188459109
3192,6.517622188459109
3193,6.517622188459109
3194,6.517622188459109
3195,6.517622188459109
3196,6.517622188459109
3197,6.517622188459109
3198,6.517622188459109
3199,6.517622188459109
3200,6.517622188459109
3201,6.517622188459109
3202,6.517622188459109
3203,6.517622188459109
3204,6.517622188459109
3205,6.517622188459109
3206,6.517622188459109
3207,6.517622188459109
3208,6.517622188459109
3209,6.517622188459109
3210,6.517622188459109
3211,6.517622188459109
3212,6.517622188459109
3213,6.517622188459109
3214,6.517622188459109
3215,6.517622188459109
3216,6.517622188459109
3217,6.517622188459109
3218,6.517622188459109
3219,6.517622188459109
3220,6.517622188459109
3221,6.517622188459109
3222,6.517622188459109
3223,6.517622188459109
3224,6.517622188459109
3225,6.517622188459109
3226,6.517622188459109
3227,6.517622188459109
3228,6.517622188459109
3229,6.517622188459109
3230,6.517622188459109
3231,6.517622188459109
3232,6.517622188459109
3233,6.517622188459109
3234,6.517622188459109
3235,6.517622188459109
3236,6.517622188459109
3237,6.517622188459109
3238,6.517622188459109
3239,6.517622188459109
3240,6.517622188459109
3241,6.517622188459109
3242,6.517622188459109
3243,6.517622188459109
3244,6.517622188459109
3245,6.517622188459109
3246,6.517622188459109
3247,6.517622188459109
3248,6.517622188459109
3249,6.517622188459109
3250,6.517622188459109
3251,6.517622188459109
3252,6.517622188459109
3253,6.517622188459109
3254,6.517622188459109
3255,6.517622188459109
3256,6.517622188459109
3257,6.517622188459109
3258,6.517622188459109
3259,6.517622188459109
3260,6.517622188459109
3261,6.517622188459109
3262,6.517622188459109
3263,6.517622188459109
3264,6.517622188459109
3265,6.517622188459109
3266,6.517622188459109
3267,6.517622188459109
3268,6.517622188459109
3269,6.517622188459109
3270,6.517622188459109
3271,6.517622188459109
3272,6.517622188459109
3273,6.517622188459109
3274,6.517622188459109
3275,6.517622188459109
3276,6.517622188459109
3277,6.517622188459109
3278,6.517622188459109
3279,6.517622188459109
3280,6.517622188459109
3281,6.517622188459109
3282,6.517622188459109
3283,6.517622188459109
3284,6.517622188459109
3285,6.517622188459109
3286,6.517622188459109
3287,6.517622188459109
3288,6.517622188459109
3289,6.517622188459109
3290,6.517622188459109
3291,6.517622188459109
3292,6.517622188459109
3293,6.517622188459109
3294,6.517622188459109
3295,6.517622188459109
3296,6.517622188459109
3297,6.517622188459109
3298,6.517622188459109
3299,6.517622188459109
3300,6.517622188459109
3301,6.517622188459109
3302,6.517622188459109
3303,6.517622188459109
3304,6.517622188459109
3305,6.517622188459109
3306,6.517622188459109
3307,6.517622188459109
3308,6.517622188459109
3309,6.517622188459109
3310,6.517622188459109
3311,6.517622188459109
3312,6.517622188459109
3313,6.517622188459109
3314,6.517622188459109
3315,6.517622188459109
3316,6.517622188459109
3317,6.517622188459109
3318,6.517622188459109
3319,6.517622188459109
3320,6.517622188459109
3321,6.517622188459109
3322,6.517622188459109
3323,6.517622188459109
3324,6.517622188459109
3325,6.517622188459109
3326,6.517622188459109
3327,6.517622188459109
3328,6.517622188459109
3329,6.517622188459109
3330,6.517622188459109
3331,6.517622188459109
3332,6.517622188459109
3333,6.517622188459109
3334,6.517622188459109
3335,6.517622188459109
3336,6.517622188459109
3337,6.517622188459109
3338,6.517622188459109
3339,6.517622188459109
3340,6.517622188459109
3341,6.517622188459109
3342,6.517622188459109
3343,6.517622188459109
3344,6.517622188459109
3345,6.517622188459109
3346,6.517622188459109
3347,6.517622188459109
3348,6.517622188459109
3349,6.517622188459109
3350,6.517622188459109
3351,6.517622188459109
3352,6.517622188459109
3353,6.517622188459109
3354,6.517622188459109
3355,6.517622188459109
3356,6.517622188459109
3357,6.517622188459109
3358,6.517622188459109
3359,6.517622188459109
3360,6.517622188459109
3361,6.517622188459109
3362,6.517622188459109
3363,6.517622188459109
3364,6.517622188459109
3365,6.517622188459109
3366,6.517622188459109
3367,6.517622188459109
3368,6.517622188459109
3369,6.517622188459109
3370,6.517622188459109
3371,6.517622188459109
3372,6.517622188459109
3373,6.517622188459109
3374,6.517622188459109
3375,6.517622188459109
3376,6.517622188459109
3377,6.517622188459109
3378,6.517622188459109
3379,6.517622188459109
3380,6.517622188459109
3381,6.517622188459109
3382,6.517622188459109
3383,6.517622188459109
3384,6.517622188459109
3385,6.517622188459109
3386,6.517622188459109
3387,6.517622188459109
3388,6.517622188459109
3389,6.517622188459109
3390,6.517622188459109
3391,6.517622188459109
3392,6.517622188459109
3393,6.517622188459109
3394,6.517622188459109
3395,6.517622188459109
3396,6.517622188459109
3397,6.517622188459109
3398,6.517622188459109
3399,6.517622188459109
3400,6.517622188459109
3401,6.517622188459109
3402,6.517622188459109
3403,6.517622188459109
3404,6.517622188459109
3405,6.517622188459109
3406,6.517622188459109
3407,6.517622188459109
3408,6.517622188459109
3409,6.517622188459109
3410,6.517622188459109
3411,6.517622188459109
3412,6.517622188459109
3413,6.517622188459109
3414,6.517622188459109
3415,6.517622188459109
3416,6.517622188459109
3417,6.517622188459109
3418,6.517622188459109
3419,6.517622188459109
3420,6.517622188459109
3421,6.517622188459109
3422,6.517622188459109
3423,6.517622188459109
3424,6.517622188459109
3425,6.517622188459109
3426,6.517622188459109
3427,6.517622188459109
3428,6.517622188459109
3429,6.517622188459109
3430,6.517622188459109
3431,6.517622188459109
3432,6.517622188459109
3433,6.517622188459109
3434,6.517622188459109
3435,6.517622188459109
3436,6.517622188459109
3437,6.517622188459109
3438,6.517622188459109
3439,6.517622188459109
3440,6.517622188459109
3441,6.517622188459109
3442,6.517622188459109
3443,6.517622188459109
3444,6.517622188459109
3445,6.517622188459109
3446,6.517622188459109
3447,6.517622188459109
3448,6.517622188459109
3449,6.517622188459109
3450,6.517622188459109
3451,6.517622188459109
3452,6.517622188459109
3453,6.517622188459109
3454,6.517622188459109
3455,6.517622188459109
3456,6.517622188459109
3457,6.517622188459109
3458,6.517622188459109
3459,6.517622188459109
3460,6.517622188459109
3461,6.517622188459109
3462,6.517622188459109
3463,6.517622188459109
3464,6.517622188459109
3465,6.517622188459109
3466,6.517622188459109
3467,6.517622188459109
3468,6.517622188459109
3469,6.517622188459109
3470,6.517622188459109
3471,6.517622188459109
3472,6.517622188459109
3473,6.517622188459109
3474,6.517622188459109
3475,6.517622188459109
3476,6.517622188459109
3477,6.517622188459109
3478,6.517622188459109
3479,6.517622188459109
3480,6.517622188459109
3481,6.517622188459109
3482,6.517622188459109
3483,6.517622188459109
3484,6.517622188459109
3485,6.517622188459109
3486,6.517622188459109
3487,6.517622188459109
3488,6.517622188459109
3489,6.517622188459109
3490,6.517622188459109
3491,6.517622188459109
3492,6.517622188459109
3493,6.517622188459109
3494,6.517622188459109
3495,6.517622188459109
3496,6.517622188459109
3497,6.517622188459109
3498,6.517622188459109
3499,6.517622188459109
3500,6.517622188459109
3501,6.517622188459109
3502,6.517622188459109
3503,6.517622188459109
3504,6.517622188459109
3505,6.517622188459109
3506,6.517622188459109
3507,6.517622188459109
3508,6.517622188459109
3509,6.517622188459109
3510,6.517622188459109
3511,6.517622188459109
3512,6.517622188459109
3513,6.517622188459109
3514,6.517622188459109
3515,6.517622188459109
3516,6.517622188459109
3517,6.517622188459109
3518,6.517622188459109
3519,6.517622188459109
3520,6.517622188459109
3521,6.517622188459109
3522,6.517622188459109
3523,6.517622188459109
3524,6.517622188459109
3525,6.517622188459109
3526,6.517622188459109
3527,6.517622188459109
3528,6.517622188459109
3529,6.517622188459109
3530,6.517622188459109
3531,6.517622188459109
3532,6.517622188459109
3533,6.517622188459109
3534,6.517622188459109
3535,6.517622188459109
3536,6.517622188459109
3537,6.517622188459109
3538,6.517622188459109
3539,6.517622188459109
3540,6.517622188459109
3541,6.517622188459109
3542,6.517622188459109
3543,6.517622188459109
3544,6.517622188459109
3545,6.517622188459109
3546,6.517622188459109
3547,6.517622188459109
3548,6.517622188459109
3549,6.517622188459109
3550,6.517622188459109
3551,6.517622188459109
3552,6.517622188459109
3553,6.517622188459109
3554,6.517622188459109
3555,6.517622188459109
3556,6.517622188459109
3557,6.517622188459109
3558,6.517622188459109
3559,6.517622188459109
3560,6.517622188459109
3561,6.517622188459109
3562,6.517622188459109
3563,6.517622188459109
3564,6.517622188459109
3565,6.517622188459109
3566,6.517622188459109
3567,6.517622188459109
3568,6.517622188459109
3569,6.517622188459109
3570,6.517622188459109
3571,6.517622188459109
3572,6.517622188459109
3573,6.517622188459109
3574,6.517622188459109
3575,6.517622188459109
3576,6.517622188459109
3577,6.517622188459109
3578,6.517622188459109
3579,6.517622188459109
3580,6.517622188459109
3581,6.517622188459109
3582,6.517622188459109
3583,6.517622188459109
3584,6.517622188459109
3585,6.517622188459109
3586,6.517622188459109
3587,6.517622188459109
3588,6.517622188459109
3589,6.517622188459109
3590,6.517622188459109
3591,6.517622188459109
3592,6.517622188459109
3593,6.517622188459109
3594,6.517622188459109
3595,6.517622188459109
3596,6.517622188459109
3597,6.517622188459109
3598,6.517622188459109
3599,6.517622188459109
3600,6.517622188459109
3601,6.517622188459109
3602,6.517622188459109
3603,6.517622188459109
3604,6.517622188459109
3605,6.517622188459109
3606,6.517622188459109
3607,6.517622188459109
3608,6.517622188459109
3609,6.517622188459109
3610,6.517622188459109
3611,6.517622188459109
3612,6.517622188459109
3613,6.517622188459109
3614,6.517622188459109
3615,6.517622188459109
3616,6.517622188459109
3617,6.517622188459109
3618,6.517622188459109
3619,6.517622188459109
3620,6.517622188459109
3621,6.517622188459109
3622,6.517622188459109
3623,6.517622188459109
3624,6.517622188459109
3625,6.517622188459109
3626,6.517622188459109
3627,6.517622188459109
3628,6.517622188459109
3629,6.517622188459109
3630,6.517622188459109
3631,6.517622188459109
3632,6.517622188459109
3633,6.517622188459109
3634,6.517622188459109
3635,6.517622188459109
3636,6.517622188459109
3637,6.517622188459109
3638,6.517622188459109
3639,6.517622188459109
3640,6.517622188459109
3641,6.517622188459109
3642,6.517622188459109
3643,6.517622188459109
3644,6.517622188459109
3645,6.517622188459109
3646,6.517622188459109
3647,6.517622188459109
3648,6.517622188459109
3649,6.517622188459109
3650,6.517622188459109
3651,6.517622188459109
3652,6.517622188459109
3653,6.517622188459109
3654,6.517622188459109
3655,6.517622188459109
3656,6.517622188459109
3657,6.517622188459109
3658,6.517622188459109
3659,6.517622188459109
3660,6.517622188459109
3661,6.517622188459109
3662,6.517622188459109
3663,6.517622188459109
3664,6.517622188459109
3665,6.517622188459109
3666,6.517622188459109
3667,6.517622188459109
3668,6.517622188459109
3669,6.517622188459109
3670,6.517622188459109
3671,6.517622188459109
3672,6.517622188459109
3673,6.517622188459109
3674,6.517622188459109
3675,6.517622188459109
3676,6.517622188459109
3677,6.517622188459109
3678,6.517622188459109
3679,6.517622188459109
3680,6.517622188459109
3681,6.517622188459109
3682,6.517622188459109
3683,6.517622188459109
3684,6.517622188459109
3685,6.517622188459109
3686,6.517622188459109
3687,6.517622188459109
3688,6.517622188459109
3689,6.517622188459109
3690,6.517622188459109
3691,6.517622188459109
3692,6.517622188459109
3693,6.517622188459109
3694,6.517622188459109
3695,6.517622188459109
3696,6.517622188459109
3697,6.517622188459109
3698,6.517622188459109
3699,6.517622188459109
3700,6.517622188459109
3701,6.517622188459109
3702,6.517622188459109
3703,6.517622188459109
3704,6.517622188459109
3705,6.517622188459109
3706,6.517622188459109
3707,6.517622188459109
3708,6.517622188459109
3709,6.517622188459109
3710,6.517622188459109
3711,6.517622188459109
3712,6.517622188459109
3713,6.517622188459109
3714,6.517622188459109
3715,6.517622188459109
3716,6.517622188459109
3717,6.517622188459109
3718,6.517622188459109
3719,6.517622188459109
3720,6.517622188459109
3721,6.517622188459109
3722,6.517622188459109
3723,6.517622188459109
3724,6.517622188459109
3725,6.517622188459109
3726,6.517622188459109
3727,6.517622188459109
3728,6.517622188459109
3729,6.517622188459109
3730,6.517622188459109
3731,6.517622188459109
3732,6.517622188459109
3733,6.517622188459109
3734,6.517622188459109
3735,6.517622188459109
3736,6.517622188459109
3737,6.517622188459109
3738,6.517622188459109
3739,6.517622188459109
3740,6.517622188459109
3741,6.517622188459109
3742,6.517622188459109
3743,6.517622188459109
3744,6.517622188459109
3745,6.517622188459109
3746,6.517622188459109
3747,6.517622188459109
3748,6.517622188459109
3749,6.517622188459109
3750,6.517622188459109
3751,6.517622188459109
3752,6.517622188459109
3753,6.517622188459109
3754,6.517622188459109
3755,6.517622188459109
3756,6.517622188459109
3757,6.517622188459109
3758,6.517622188459109
3759,6.517622188459109
3760,6.517622188459109
3761,6.517622188459109
3762,6.517622188459109
3763,6.517622188459109
3764,6.517622188459109
3765,6.517622188459109
3766,6.517622188459109
3767,6.517622188459109
3768,6.517622188459109
3769,6.517622188459109
3770,6.517622188459109
3771,6.517622188459109
3772,6.517622188459109
3773,6.517622188459109
3774,6.517622188459109
3775,6.517622188459109
3776,6.517622188459109
3777,6.517622188459109
3778,6.517622188459109
3779,6.517622188459109
3780,6.517622188459109
3781,6.517622188459109
3782,6.517622188459109
3783,6.517622188459109
3784,6.517622188459109
3785,6.517622188459109
3786,6.517622188459109
3787,6.517622188459109
3788,6.517622188459109
3789,6.517622188459109
3790,6.517622188459109
3791,6.517622188459109
3792,6.517622188459109
3793,6.517622188459109
3794,6.517622188459109
3795,6.517622188459109
3796,6.517622188459109
3797,6.517622188459109
3798,6.517622188459109
3799,6.517622188459109
3800,6.517622188459109
3801,6.517622188459109
3802,6.517622188459109
3803,6.517622188459109
3804,6.517622188459109
3805,6.517622188459109
3806,6.517622188459109
3807,6.517622188459109
3808,6.517622188459109
3809,6.517622188459109
3810,6.517622188459109
3811,6.517622188459109
3812,6.517622188459109
3813,6.517622188459109
3814,6.517622188459109
3815,6.517622188459109
3816,6.517622188459109
3817,6.517622188459109
3818,6.517622188459109
3819,6.517622188459109
3820,6.517622188459109
3821,6.517622188459109
3822,6.517622188459109
3823,6.517622188459109
3824,6.517622188459109
3825,6.517622188459109
3826,6.517622188459109
3827,6.517622188459109
3828,6.517622188459109
3829,6.517622188459109
3830,6.517622188459109
3831,6.517622188459109
3832,6.517622188459109
3833,6.517622188459109
3834,6.517622188459109
3835,6.517622188459109
3836,6.517622188459109
3837,6.517622188459109
3838,6.517622188459109
3839,6.517622188459109
3840,6.517622188459109
3841,6.517622188459109
3842,6.517622188459109
3843,6.517622188459109
3844,6.517622188459109
3845,6.517622188459109
3846,6.517622188459109
3847,6.517622188459109
3848,6.517622188459109
3849,6.517622188459109
3850,6.517622188459109
3851,6.517622188459109
3852,6.517622188459109
3853,6.517622188459109
3854,6.517622188459109
3855,6.517622188459109
3856,6.517622188459109
3857,6.517622188459109
3858,6.517622188459109
3859,6.517622188459109
3860,6.517622188459109
3861,6.517622188459109
3862,6.517622188459109
3863,6.517622188459109
3864,6.517622188459109
3865,6.517622188459109
3866,6.517622188459109
3867,6.517622188459109
3868,6.517622188459109
3869,6.517622188459109
3870,6.517622188459109
3871,6.517622188459109
3872,6.517622188459109
3873,6.517622188459109
3874,6.517622188459109
3875,6.517622188459109
3876,6.517622188459109
3877,6.517622188459109
3878,6.517622188459109
3879,6.517622188459109
3880,6.517622188459109
3881,6.517622188459109
3882,6.517622188459109
3883,6.517622188459109
3884,6.517622188459109
3885,6.517622188459109
3886,6.517622188459109
3887,6.517622188459109
3888,6.517622188459109
3889,6.517622188459109
3890,6.517622188459109
3891,6.517622188459109
3892,6.517622188459109
3893,6.517622188459109
3894,6.517622188459109
3895,6.517622188459109
3896,6.517622188459109
3897,6.517622188459109
3898,6.517622188459109
3899,6.517622188459109
3900,6.517622188459109
3901,6.517622188459109
3902,6.517622188459109
3903,6.517622188459109
3904,6.517622188459109
3905,6.517622188459109
3906,6.517622188459109
3907,6.517622188459109
3908,6.517622188459109
3909,6.517622188459109
3910,6.517622188459109
3911,6.517622188459109
3912,6.517622188459109
3913,6.517622188459109
3914,6.517622188459109
3915,6.517622188459109
3916,6.517622188459109
3917,6.517622188459109
3918,6.517622188459109
3919,6.517622188459109
3920,6.517622188459109
3921,6.517622188459109
3922,6.517622188459109
3923,6.517622188459109
3924,6.517622188459109
3925,6.517622188459109
3926,6.517622188459109
3927,6.517622188459109
3928,6.517622188459109
3929,6.517622188459109
3930,6.517622188459109
3931,6.517622188459109
3932,6.517622188459109
3933,6.517622188459109
3934,6.517622188459109
3935,6.517622188459109
3936,6.517622188459109
3937,6.517622188459109
3938,6.517622188459109
3939,6.517622188459109
3940,6.517622188459109
3941,6.517622188459109
3942,6.517622188459109
3943,6.517622188459109
3944,6.517622188459109
3945,6.517622188459109
3946,6.517622188459109
3947,6.517622188459109
3948,6.517622188459109
3949,6.517622188459109
3950,6.517622188459109
3951,6.517622188459109
3952,6.517622188459109
3953,6.517622188459109
3954,6.517622188459109
3955,6.517622188459109
3956,6.517622188459109
3957,6.517622188459109
3958,6.517622188459109
3959,6.517622188459109
3960,6.517622188459109
3961,6.517622188459109
3962,6.517622188459109
3963,6.517622188459109
3964,6.517622188459109
3965,6.517622188459109
3966,6.517622188459109
3967,6.517622188459109
3968,6.517622188459109
3969,6.517622188459109
3970,6.517622188459109
3971,6.517622188459109
3972,6.517622188459109
3973,6.517622188459109
3974,6.517622188459109
3975,6.517622188459109
3976,6.517622188459109
3977,6.517622188459109
3978,6.517622188459109
3979,6.517622188459109
3980,6.517622188459109
3981,6.517622188459109
3982,6.517622188459109
3983,6.517622188459109
3984,6.517622188459109
3985,6.517622188459109
3986,6.517622188459109
3987,6.517622188459109
3988,6.517622188459109
3989,6.517622188459109
3990,6.517622188459109
3991,6.517622188459109
3992,6.517622188459109
3993,6.517622188459109
3994,6.517622188459109
3995,6.517622188459109
3996,6.517622188459109
3997,6.517622188459109
3998,6.517622188459109
3999,6.517622188459109
4000,6.517622188459109
4001,6.517622188459109
4002,6.517622188459109
4003,6.517622188459109
4004,6.517622188459109
4005,6.517622188459109
4006,6.517622188459109
4007,6.517622188459109
4008,6.517622188459109
4009,6.517622188459109
4010,6.517622188459109
4011,6.517622188459109
4012,6.517622188459109
4013,6.517622188459109
4014,6.517622188459109
4015,6.517622188459109
4016,6.517622188459109
4017,6.517622188459109
4018,6.517622188459109
4019,6.517622188459109
4020,6.517622188459109
4021,6.517622188459109
4022,6.517622188459109
4023,6.517622188459109
4024,6.517622188459109
4025,6.517622188459109
4026,6.517622188459109
4027,6.517622188459109
4028,6.517622188459109
4029,6.517622188459109
4030,6.517622188459109
4031,6.517622188459109
4032,6.517622188459109
4033,6.517622188459109
4034,6.517622188459109
4035,6.517622188459109
4036,6.517622188459109
4037,6.517622188459109
4038,6.517622188459109
4039,6.517622188459109
4040,6.517622188459109
4041,6.517622188459109
4042,6.517622188459109
4043,6.517622188459109
4044,6.517622188459109
4045,6.517622188459109
4046,6.517622188459109
4047,6.517622188459109
4048,6.517622188459109
4049,6.517622188459109
4050,6.517622188459109
4051,6.517622188459109
4052,6.517622188459109
4053,6.517622188459109
4054,6.517622188459109
4055,6.517622188459109
4056,6.517622188459109
4057,6.517622188459109
4058,6.517622188459109
4059,6.517622188459109
4060,6.517622188459109
4061,6.517622188459109
4062,6.517622188459109
4063,6.517622188459109
4064,6.517622188459109
4065,6.517622188459109
4066,6.517622188459109
4067,6.121739114341336
4068,6.121739114341336
4069,6.121739114341336
4070,6.121739114341336
4071,6.121739114341336
4072,6.121739114341336
4073,6.121739114341336
4074,6.121739114341336
4075,6.121739114341336
4076,6.121739114341336
4077,6.121739114341336
4078,6.121739114341336
4079,6.121739114341336
4080,6.121739114341336
4081,6.121739114341336
4082,6.121739114341336
4083,6.121739114341336
4084,6.121739114341336
4085,6.121739114341336
4086,6.121739114341336
4087,6.121739114341336
4088,6.121739114341336
4089,6.121739114341336
4090,6.121739114341336
4091,6.121739114341336
4092,6.121739114341336
4093,6.121739114341336
4094,6.121739114341336
4095,6.121739114341336
4096,6.121739114341336
4097,6.121739114341336
4098,6.121739114341336
4099,6.121739114341336
4100,6.121739114341336
4101,6.121739114341336
4102,6.121739114341336
4103,6.121739114341336
4104,6.121739114341336
4105,6.121739114341336
4106,6.121739114341336
4107,6.121739114341336
4108,6.121739114341336
4109,6.121739114341336
4110,6.121739114341336
4111,6.121739114341336
4112,6.121739114341336
4113,6.121739114341336
4114,6.121739114341336
4115,6.121739114341336
4116,6.121739114341336
4117,6.121739114341336
4118,6.121739114341336
4119,6.121739114341336
4120,6.121739114341336
4121,6.121739114341336
4122,6.121739114341336
4123,6.121739114341336
4124,6.121739114341336
4125,6.121739114341336
4126,6.121739114341336
4127,6.121739114341336
4128,6.121739114341336
4129,6.121739114341336
4130,6.121739114341336
4131,6.121739114341336
4132,6.121739114341336
4133,6.121739114341336
4134,6.121739114341336
4135,6.121739114341336
4136,6.121739114341336
4137,6.121739114341336
4138,6.121739114341336
4139,6.121739114341336
4140,6.121739114341336
4141,6.121739114341336
4142,6.121739114341336
4143,6.121739114341336
4144,6.121739114341336
4145,6.121739114341336
4146,6.121739114341336
4147,6.121739114341336
4148,6.121739114341336
4149,6.121739114341336
4150,6.121739114341336
4151,6.121739114341336
4152,6.121739114341336
4153,6.121739114341336
4154,6.121739114341336
4155,6.121739114341336
4156,6.121739114341336
4157,6.121739114341336
4158,6.121739114341336
4159,6.121739114341336
4160,6.121739114341336
4161,6.121739114341336
4162,6.121739114341336
4163,6.121739114341336
4164,6.121739114341336
4165,6.121739114341336
4166,6.121739114341336
4167,6.121739114341336
4168,6.121739114341336
4169,6.121739114341336
4170,6.121739114341336
4171,6.121739114341336
4172,6.121739114341336
4173,6.121739114341336
4174,6.121739114341336
4175,6.121739114341336
4176,6.121739114341336
4177,6.121739114341336
4178,6.121739114341336
4179,6.121739114341336
4180,6.121739114341336
4181,6.121739114341336
4182,6.121739114341336
4183,6.121739114341336
4184,6.121739114341336
4185,6.121739114341336
4186,6.121739114341336
4187,6.121739114341336
4188,6.121739114341336
4189,6.121739114341336
4190,6.121739114341336
4191,6.121739114341336
4192,6.121739114341336
4193,6.121739114341336
4194,6.121739114341336
4195,6.121739114341336
4196,6.121739114341336
4197,6.121739114341336
4198,6.121739114341336
4199,6.121739114341336
4200,6.121739114341336
4201,6.121739114341336
4202,6.121739114341336
4203,6.121739114341336
4204,6.121739114341336
4205,6.121739114341336
4206,6.121739114341336
4207,6.121739114341336
4208,6.121739114341336
4209,6.121739114341336
4210,6.121739114341336
4211,6.121739114341336
4212,6.121739114341336
4213,6.121739114341336
4214,6.121739114341336
4215,6.121739114341336
4216,6.121739114341336
4217,6.121739114341336
4218,6.121739114341336
4219,6.121739114341336
4220,6.121739114341336
4221,6.121739114341336
4222,6.121739114341336
4223,6.121739114341336
4224,6.121739114341336
4225,6.121739114341336
4226,6.121739114341336
4227,6.121739114341336
4228,6.121739114341336
4229,6.121739114341336
4230,6.121739114341336
4231,6.121739114341336
4232,6.121739114341336
4233,6.121739114341336
4234,6.121739114341336
4235,6.121739114341336
4236,6.121739114341336
4237,6.121739114341336
4238,6.121739114341336
4239,6.121739114341336
4240,6.121739114341336
4241,6.121739114341336
4242,6.121739114341336
4243,6.121739114341336
4244,6.121739114341336
4245,6.121739114341336
4246,6.121739114341336
4247,6.121739114341336
4248,6.121739114341336
4249,6.121739114341336
4250,6.121739114341336
4251,6.121739114341336
4252,6.121739114341336
4253,6.121739114341336
4254,6.121739114341336
4255,6.121739114341336
4256,6.121739114341336
4257,6.121739114341336
4258,6.121739114341336
4259,6.121739114341336
4260,6.121739114341336
4261,6.121739114341336
4262,6.121739114341336
4263,6.121739114341336
4264,6.121739114341336
4265,6.121739114341336
4266,6.121739114341336
4267,6.121739114341336
4268,6.121739114341336
4269,6.121739114341336
4270,6.121739114341336
4271,6.121739114341336
4272,6.121739114341336
4273,6.121739114341336
4274,6.121739114341336
4275,6.121739114341336
4276,6.121739114341336
4277,6.121739114341336
4278,6.121739114341336
4279,6.121739114341336
4280,6.121739114341336
4281,6.121739114341336
4282,6.121739114341336
4283,6.121739114341336
4284,6.121739114341336
4285,6.121739114341336
4286,6.121739114341336
4287,6.121739114341336
4288,6.121739114341336
4289,6.121739114341336
4290,6.121739114341336
4291,6.121739114341336
4292,6.121739114341336
4293,6.121739114341336
4294,6.121739114341336
4295,6.121739114341336
4296,6.121739114341336
4297,6.121739114341336
4298,6.121739114341336
4299,6.121739114341336
4300,6.121739114341336
4301,6.121739114341336
4302,6.121739114341336
4303,6.121739114341336
4304,6.121739114341336
4305,6.121739114341336
4306,6.121739114341336
4307,6.121739114341336
4308,6.121739114341336
4309,6.121739114341336
4310,6.121739114341336
4311,6.121739114341336
4312,6.121739114341336
4313,6.121739114341336
4314,6.121739114341336
4315,6.121739114341336
4316,6.121739114341336
4317,6.121739114341336
4318,6.121739114341336
4319,6.121739114341336
4320,6.121739114341336
4321,6.121739114341336
4322,6.121739114341336
4323,6.121739114341336
4324,6.121739114341336
4325,6.121739114341336
4326,6.121739114341336
4327,6.121739114341336
4328,6.121739114341336
4329,6.121739114341336
4330,6.121739114341336
4331,6.121739114341336
4332,6.121739114341336
4333,6.121739114341336
4334,6.121739114341336
4335,6.121739114341336
4336,6.121739114341336
4337,6.121739114341336
4338,6.121739114341336
4339,6.121739114341336
4340,6.121739114341336
4341,6.121739114341336
4342,6.121739114341336
4343,6.121739114341336
4344,6.121739114341336
4345,6.121739114341336
4346,6.121739114341336
4347,6.121739114341336
4348,6.121739114341336
4349,6.121739114341336
4350,6.121739114341336
4351,6.121739114341336
4352,6.121739114341336
4353,6.121739114341336
4354,6.121739114341336
4355,6.121739114341336
4356,6.121739114341336
4357,6.121739114341336
4358,6.121739114341336
4359,6.121739114341336
4360,6.121739114341336
4361,6.121739114341336
4362,6.121739114341336
4363,6.121739114341336
4364,6.121739114341336
4365,6.121739114341336
4366,6.121739114341336
4367,6.121739114341336
4368,6.121739114341336
4369,6.121739114341336
4370,6.121739114341336
4371,6.121739114341336
4372,6.121739114341336
4373,6.121739114341336
4374,6.121739114341336
4375,6.121739114341336
4376,6.121739114341336
4377,6.121739114341336
4378,6.121739114341336
4379,6.121739114341336
4380,6.121739114341336
4381,6.121739114341336
4382,6.121739114341336
4383,6.121739114341336
4384,6.121739114341336
4385,6.121739114341336
4386,6.121739114341336
4387,6.121739114341336
4388,6.121739114341336
4389,6.121739114341336
4390,6.121739114341336
4391,6.121739114341336
4392,6.121739114341336
4393,6.121739114341336
4394,6.121739114341336
4395,6.121739114341336
4396,6.121739114341336
4397,6.121739114341336
4398,6.121739114341336
4399,6.121739114341336
4400,6.121739114341336
4401,6.121739114341336
4402,6.121739114341336
4403,6.121739114341336
4404,6.121739114341336
4405,6.121739114341336
4406,6.121739114341336
4407,6.121739114341336
4408,6.121739114341336
4409,6.121739114341336
4410,6.121739114341336
4411,6.121739114341336
4412,6.121739114341336
4413,6.121739114341336
4414,6.121739114341336
4415,6.121739114341336
4416,6.121739114341336
4417,6.121739114341336
4418,6.121739114341336
4419,6.121739114341336
4420,6.121739114341336
4421,6.121739114341336
4422,6.121739114341336
4423,6.121739114341336
4424,6.121739114341336
4425,6.121739114341336
4426,6.121739114341336
4427,6.121739114341336
4428,6.121739114341336
4429,6.121739114341336
4430,6.121739114341336
4431,6.121739114341336
4432,6.121739114341336
4433,6.121739114341336
4434,6.121739114341336
4435,6.121739114341336
4436,6.121739114341336
4437,6.121739114341336
4438,6.121739114341336
4439,6.121739114341336
4440,6.121739114341336
4441,6.121739114341336
4442,6.121739114341336
4443,6.121739114341336
4444,6.121739114341336
4445,6.121739114341336
4446,6.121739114341336
4447,6.121739114341336
4448,6.121739114341336
4449,6.121739114341336
4450,6.121739114341336
4451,6.121739114341336
4452,6.121739114341336
4453,6.121739114341336
4454,6.121739114341336
4455,6.121739114341336
4456,6.121739114341336
4457,6.121739114341336
4458,6.121739114341336
4459,6.121739114341336
4460,6.121739114341336
4461,6.121739114341336
4462,6.121739114341336
4463,6.121739114341336
4464,6.121739114341336
4465,6.121739114341336
4466,6.121739114341336
4467,6.121739114341336
4468,6.121739114341336
4469,6.121739114341336
4470,6.121739114341336
4471,6.121739114341336
4472,6.121739114341336
4473,6.121739114341336
4474,6.121739114341336
4475,6.121739114341336
4476,6.121739114341336
4477,6.121739114341336
4478,6.121739114341336
4479,6.121739114341336
4480,6.121739114341336
4481,6.121739114341336
4482,6.121739114341336
4483,6.121739114341336
4484,6.121739114341336
4485,6.121739114341336
4486,6.121739114341336
4487,6.121739114341336
4488,6.121739114341336
4489,6.121739114341336
4490,6.121739114341336
4491,6.121739114341336
4492,6.121739114341336
4493,6.121739114341336
4494,6.121739114341336
4495,6.121739114341336
4496,6.121739114341336
4497,6.121739114341336
4498,6.121739114341336
4499,6.121739114341336
4500,6.121739114341336
4501,6.121739114341336
4502,6.121739114341336
4503,6.121739114341336
4504,6.121739114341336
4505,6.121739114341336
4506,6.121739114341336
4507,6.121739114341336
4508,6.121739114341336
4509,6.121739114341336
4510,6.121739114341336
4511,6.121739114341336
4512,6.121739114341336
4513,6.121739114341336
4514,6.121739114341336
4515,6.121739114341336
4516,6.121739114341336
4517,6.121739114341336
4518,6.121739114341336
4519,6.121739114341336
4520,6.121739114341336
4521,6.121739114341336
4522,6.121739114341336
4523,6.121739114341336
4524,6.121739114341336
4525,6.121739114341336
4526,6.121739114341336
4527,6.121739114341336
4528,6.121739114341336
4529,6.121739114341336
4530,6.121739114341336
4531,6.121739114341336
4532,6.121739114341336
4533,6.121739114341336
4534,6.121739114341336
4535,6.121739114341336
4536,6.121739114341336
4537,6.121739114341336
4538,6.121739114341336
4539,6.121739114341336
4540,6.121739114341336
4541,6.121739114341336
4542,6.121739114341336
4543,6.121739114341336
4544,6.121739114341336
4545,6.121739114341336
4546,6.121739114341336
4547,6.121739114341336
4548,6.121739114341336
4549,6.121739114341336
4550,6.121739114341336
4551,6.121739114341336
4552,6.121739114341336
4553,6.121739114341336
4554,6.121739114341336
4555,6.121739114341336
4556,6.121739114341336
4557,6.121739114341336
4558,6.121739114341336
4559,6.121739114341336
4560,6.121739114341336
4561,6.121739114341336
4562,6.121739114341336
4563,6.121739114341336
4564,6.121739114341336
4565,6.121739114341336
4566,6.121739114341336
4567,6.121739114341336
4568,6.121739114341336
4569,6.121739114341336
4570,6.121739114341336
4571,6.121739114341336
4572,6.121739114341336
4573,6.121739114341336
4574,6.121739114341336
4575,6.121739114341336
4576,6.121739114341336
4577,6.121739114341336
4578,6.121739114341336
4579,6.121739114341336
4580,6.121739114341336
4581,6.121739114341336
4582,6.121739114341336
4583,6.121739114341336
4584,6.121739114341336
4585,6.121739114341336
4586,6.121739114341336
4587,6.121739114341336
4588,6.121739114341336
4589,6.121739114341336
4590,6.121739114341336
4591,6.121739114341336
4592,6.121739114341336
4593,6.121739114341336
4594,6.121739114341336
4595,6.121739114341336
4596,6.121739114341336
4597,6.121739114341336
4598,6.121739114341336
4599,6.121739114341336
4600,6.121739114341336
4601,6.121739114341336
4602,6.121739114341336
4603,6.121739114341336
4604,6.121739114341336
4605,6.121739114341336
4606,6.121739114341336
4607,6.121739114341336
4608,6.121739114341336
4609,6.121739114341336
4610,6.121739114341336
4611,6.121739114341336
4612,6.121739114341336
4613,6.121739114341336
4614,6.121739114341336
4615,6.121739114341336
4616,6.121739114341336
4617,6.121739114341336
4618,6.121739114341336
4619,6.121739114341336
4620,6.121739114341336
4621,6.121739114341336
4622,6.121739114341336
4623,6.121739114341336
4624,6.121739114341336
4625,6.121739114341336
4626,6.121739114341336
4627,6.121739114341336
4628,6.121739114341336
4629,6.121739114341336
4630,6.121739114341336
4631,6.121739114341336
4632,6.121739114341336
4633,6.121739114341336
4634,6.121739114341336
4635,6.121739114341336
4636,6.121739114341336
4637,6.121739114341336
4638,6.121739114341336
4639,6.121739114341336
4640,6.121739114341336
4641,6.121739114341336
4642,6.121739114341336
4643,6.121739114341336
4644,6.121739114341336
4645,6.121739114341336
4646,6.121739114341336
4647,6.121739114341336
4648,6.121739114341336
4649,6.121739114341336
4650,6.121739114341336
4651,6.121739114341336
4652,6.121739114341336
4653,6.121739114341336
4654,6.121739114341336
4655,6.121739114341336
4656,6.121739114341336
4657,6.121739114341336
4658,6.121739114341336
4659,6.121739114341336
4660,6.121739114341336
4661,6.121739114341336
4662,6.121739114341336
4663,6.121739114341336
4664,6.121739114341336
4665,6.121739114341336
4666,6.121739114341336
4667,6.121739114341336
4668,6.121739114341336
4669,6.121739114341336
4670,6.121739114341336
4671,6.121739114341336
4672,6.121739114341336
4673,6.121739114341336
4674,6.121739114341336
4675,6.121739114341336
4676,6.121739114341336
4677,6.121739114341336
4678,6.121739114341336
4679,6.121739114341336
4680,6.121739114341336
4681,6.121739114341336
4682,6.121739114341336
4683,6.121739114341336
4684,6.121739114341336
4685,6.121739114341336
4686,6.121739114341336
4687,6.121739114341336
4688,6.121739114341336
4689,6.121739114341336
4690,6.121739114341336
4691,6.121739114341336
4692,6.121739114341336
4693,6.121739114341336
4694,6.121739114341336
4695,6.121739114341336
4696,6.121739114341336
4697,6.121739114341336
4698,6.121739114341336
4699,6.121739114341336
4700,6.121739114341336
4701,6.121739114341336
4702,6.121739114341336
4703,6.121739114341336
4704,6.121739114341336
4705,6.121739114341336
4706,6.121739114341336
4707,6.121739114341336
4708,6.121739114341336
4709,6.121739114341336
4710,6.121739114341336
4711,6.121739114341336
4712,6.121739114341336
4713,6.121739114341336
4714,6.121739114341336
4715,6.121739114341336
4716,6.121739114341336
4717,6.121739114341336
4718,6.121739114341336
4719,6.121739114341336
4720,6.121739114341336
4721,6.121739114341336
4722,6.121739114341336
4723,6.121739114341336
4724,6.121739114341336
4725,6.121739114341336
4726,6.121739114341336
4727,6.121739114341336
4728,6.121739114341336
4729,6.121739114341336
4730,6.121739114341336
4731,6.121739114341336
4732,6.121739114341336
4733,6.121739114341336
4734,6.121739114341336
4735,6.121739114341336
4736,6.121739114341336
4737,6.121739114341336
4738,6.121739114341336
4739,6.121739114341336
4740,6.121739114341336
4741,6.121739114341336
4742,6.121739114341336
4743,6.121739114341336
4744,6.121739114341336
4745,6.121739114341336
4746,6.121739114341336
4747,6.121739114341336
4748,6.121739114341336
4749,6.121739114341336
4750,6.121739114341336
4751,6.121739114341336
4752,6.121739114341336
4753,6.121739114341336
4754,6.121739114341336
4755,6.121739114341336
4756,6.121739114341336
4757,6.121739114341336
4758,6.121739114341336
4759,6.121739114341336
4760,6.121739114341336
4761,6.121739114341336
4762,6.121739114341336
4763,6.121739114341336
4764,6.121739114341336
4765,6.121739114341336
4766,6.121739114341336
4767,6.121739114341336
4768,6.121739114341336
4769,6.121739114341336
4770,6.121739114341336
4771,6.121739114341336
4772,6.121739114341336
4773,6.121739114341336
4774,6.121739114341336
4775,6.121739114341336
4776,6.121739114341336
4777,6.121739114341336
4778,6.121739114341336
4779,6.121739114341336
4780,6.121739114341336
4781,6.121739114341336
4782,6.121739114341336
4783,6.121739114341336
4784,6.121739114341336
4785,6.121739114341336
4786,6.121739114341336
4787,6.121739114341336
4788,6.121739114341336
4789,6.121739114341336
4790,6.121739114341336
4791,6.121739114341336
4792,6.121739114341336
4793,6.121739114341336
4794,6.121739114341336
4795,6.121739114341336
4796,6.121739114341336
4797,6.121739114341336
4798,6.121739114341336
4799,6.121739114341336
4800,6.121739114341336
4801,6.121739114341336
4802,6.121739114341336
4803,6.121739114341336
4804,6.121739114341336
4805,6.121739114341336
4806,6.121739114341336
4807,6.121739114341336
4808,6.121739114341336
4809,6.121739114341336
4810,6.121739114341336
4811,6.121739114341336
4812,6.121739114341336
4813,6.121739114341336
4814,6.121739114341336
4815,6.121739114341336
4816,6.121739114341336
4817,6.121739114341336
4818,6.121739114341336
4819,6.121739114341336
4820,6.121739114341336
4821,6.121739114341336
4822,6.121739114341336
4823,6.121739114341336
4824,6.121739114341336
4825,6.121739114341336
4826,6.121739114341336
4827,6.121739114341336
4828,6.121739114341336
4829,6.121739114341336
4830,6.121739114341336
4831,6.121739114341336
4832,6.121739114341336
4833,6.121739114341336
4834,6.121739114341336
4835,6.121739114341336
4836,6.121739114341336
4837,6.121739114341336
4838,6.121739114341336
4839,6.121739114341336
4840,6.121739114341336
4841,6.121739114341336
4842,6.121739114341336
4843,6.121739114341336
4844,6.121739114341336
4845,6.121739114341336
4846,6.121739114341336
4847,6.121739114341336
4848,6.121739114341336
4849,6.121739114341336
4850,6.121739114341336
4851,6.121739114341336
4852,6.121739114341336
4853,6.121739114341336
4854,6.121739114341336
4855,6.121739114341336
4856,6.121739114341336
4857,6.121739114341336
4858,6.121739114341336
4859,6.121739114341336
4860,6.121739114341336
4861,6.121739114341336
4862,6.121739114341336
4863,6.121739114341336
4864,6.121739114341336
4865,6.121739114341336
4866,6.121739114341336
4867,6.121739114341336
4868,6.121739114341336
4869,6.121739114341336
4870,6.121739114341336
4871,6.121739114341336
4872,6.121739114341336
4873,6.121739114341336
4874,6.121739114341336
4875,6.121739114341336
4876,6.121739114341336
4877,6.121739114341336
4878,6.121739114341336
4879,6.121739114341336
4880,5.966245421292498
4881,5.966245421292498
4882,5.966245421292498
4883,5.966245421292498
4884,5.966245421292498
4885,5.966245421292498
4886,5.966245421292498
4887,5.966245421292498
4888,5.966245421292498
4889,5.966245421292498
4890,5.966245421292498
4891,5.966245421292498
4892,5.966245421292498
4893,5.966245421292498
4894,5.966245421292498
4895,5.966245421292498
4896,5.966245421292498
4897,5.966245421292498
4898,5.966245421292498
4899,5.966245421292498
4900,5.966245421292498
4901,5.966245421292498
4902,5.966245421292498
4903,5.966245421292498
4904,5.966245421292498
4905,5.966245421292498
4906,5.966245421292498
4907,5.966245421292498
4908,5.966245421292498
4909,5.966245421292498
4910,5.966245421292498
4911,5.966245421292498
4912,5.966245421292498
4913,5.632134873325201
4914,5.632134873325201
4915,5.632134873325201
4916,5.632134873325201
4917,5.632134873325201
4918,5.632134873325201
4919,5.632134873325201
4920,5.632134873325201
4921,5.632134873325201
4922,5.632134873325201
4923,5.632134873325201
4924,5.632134873325201
4925,5.632134873325201
4926,5.632134873325201
4927,5.632134873325201
4928,5.632134873325201
4929,5.632134873325201
4930,5.632134873325201
4931,5.632134873325201
4932,5.632134873325201
4933,5.632134873325201
4934,5.632134873325201
4935,5.632134873325201
4936,5.632134873325201
4937,5.632134873325201
4938,5.632134873325201
4939,5.632134873325201
4940,5.632134873325201
4941,5.632134873325201
4942,5.632134873325201
4943,5.632134873325201
4944,5.632134873325201
4945,5.632134873325201
4946,5.632134873325201
4947,5.632134873325201
4948,5.632134873325201
4949,5.632134873325201
4950,5.632134873325201
4951,5.632134873325201
4952,5.632134873325201
4953,5.632134873325201
4954,5.632134873325201
4955,5.632134873325201
4956,5.632134873325201
4957,5.632134873325201
4958,5.632134873325201
4959,5.632134873325201
4960,5.632134873325201
4961,5.632134873325201
4962,5.632134873325201
4963,5.632134873325201
4964,5.632134873325201
4965,5.632134873325201
4966,5.632134873325201
4967,5.632134873325201
4968,5.632134873325201
4969,5.632134873325201
4970,5.632134873325201
4971,5.632134873325201
4972,5.632134873325201
4973,5.632134873325201
4974,5.632134873325201
4975,5.632134873325201
4976,5.632134873325201
4977,5.632134873325201
4978,5.632134873325201
4979,5.632134873325201
4980,5.632134873325201
4981,5.632134873325201
4982,5.632134873325201
4983,5.632134873325201
4984,5.632134873325201
4985,5.632134873325201
4986,5.632134873325201
4987,5.632134873325201
4988,5.632134873325201
4989,5.632134873325201
4990,5.632134873325201
4991,5.632134873325201
4992,5.632134873325201
4993,5.632134873325201
4994,5.632134873325201
4995,5.632134873325201
4996,5.632134873325201
4997,5.632134873325201
4998,5.632134873325201
4999,5.632134873325201
5000,5.632134873325201
5001,5.632134873325201
5002,5.632134873325201
5003,5.632134873325201
5004,5.632134873325201
5005,5.632134873325201
5006,5.632134873325201
5007,5.632134873325201
5008,5.632134873325201
5009,5.632134873325201
5010,5.632134873325201
5011,5.632134873325201
5012,5.632134873325201
5013,5.632134873325201
5014,5.632134873325201
5015,5.632134873325201
5016,5.632134873325201
5017,5.632134873325201
5018,5.632134873325201
5019,5.632134873325201
5020,5.632134873325201
5021,5.632134873325201
5022,5.632134873325201
5023,5.632134873325201
5024,5.632134873325201
5025,5.632134873325201
5026,5.632134873325201
5027,5.632134873325201
5028,5.632134873325201
5029,5.632134873325201
5030,5.632134873325201
5031,5.632134873325201
5032,5.632134873325201
5033,5.632134873325201
5034,5.632134873325201
5035,5.632134873325201
5036,5.632134873325201
5037,5.632134873325201
5038,5.632134873325201
5039,5.632134873325201
5040,5.632134873325201
5041,5.632134873325201
5042,5.632134873325201
5043,5.632134873325201
5044,5.632134873325201
5045,5.632134873325201
5046,5.632134873325201
5047,5.632134873325201
5048,5.632134873325201
5049,5.632134873325201
5050,5.632134873325201
5051,5.632134873325201
5052,5.632134873325201
5053,5.632134873325201
5054,5.632134873325201
5055,5.632134873325201
5056,5.632134873325201
5057,5.632134873325201
5058,5.632134873325201
5059,5.632134873325201
5060,5.632134873325201
5061,5.632134873325201
5062,5.632134873325201
5063,5.632134873325201
5064,5.632134873325201
5065,5.632134873325201
5066,5.632134873325201
5067,5.632134873325201
5068,5.632134873325201
5069,5.632134873325201
5070,5.632134873325201
5071,5.632134873325201
5072,5.632134873325201
5073,5.632134873325201
5074,5.632134873325201
5075,5.632134873325201
5076,5.632134873325201
5077,5.632134873325201
5078,5.632134873325201
5079,5.632134873325201
5080,5.632134873325201
5081,5.632134873325201
5082,5.632134873325201
5083,5.632134873325201
5084,5.632134873325201
5085,5.632134873325201
5086,5.632134873325201
5087,5.632134873325201
5088,5.632134873325201
5089,5.632134873325201
5090,5.632134873325201
5091,5.632134873325201
5092,5.632134873325201
5093,5.632134873325201
5094,5.632134873325201
5095,5.632134873325201
5096,5.632134873325201
5097,5.632134873325201
5098,5.632134873325201
5099,5.632134873325201
5100,5.632134873325201
5101,5.632134873325201
5102,5.632134873325201
5103,5.632134873325201
5104,5.632134873325201
5105,5.632134873325201
5106,5.632134873325201
5107,5.632134873325201
5108,5.632134873325201
5109,5.632134873325201
5110,5.632134873325201
5111,5.632134873325201
5112,5.632134873325201
5113,5.632134873325201
5114,5.632134873325201
5115,5.632134873325201
5116,5.632134873325201
5117,5.632134873325201
5118,5.632134873325201
5119,5.632134873325201
5120,5.632134873325201
5121,5.632134873325201
5122,5.632134873325201
5123,5.632134873325201
5124,5.632134873325201
5125,5.632134873325201
5126,5.632134873325201
5127,5.632134873325201
5128,5.632134873325201
5129,5.632134873325201
5130,5.632134873325201
5131,5.632134873325201
5132,5.632134873325201
5133,5.632134873325201
5134,5.632134873325201
5135,5.632134873325201
5136,5.632134873325201
5137,5.632134873325201
5138,5.632134873325201
5139,5.632134873325201
5140,5.632134873325201
5141,5.632134873325201
5142,5.632134873325201
5143,5.632134873325201
5144,5.632134873325201
5145,5.632134873325201
5146,5.632134873325201
5147,5.632134873325201
5148,5.632134873325201
5149,5.632134873325201
5150,5.632134873325201
5151,5.632134873325201
5152,5.632134873325201
5153,5.632134873325201
5154,5.632134873325201
5155,5.632134873325201
5156,5.632134873325201
5157,5.632134873325201
5158,5.632134873325201
5159,5.632134873325201
5160,5.632134873325201
5161,5.632134873325201
5162,5.632134873325201
5163,5.632134873325201
5164,5.632134873325201
5165,5.632134873325201
5166,5.632134873325201
5167,5.632134873325201
5168,5.632134873325201
5169,5.632134873325201
5170,5.632134873325201
5171,5.632134873325201
5172,5.632134873325201
5173,5.632134873325201
5174,5.632134873325201
5175,5.632134873325201
5176,5.632134873325201
5177,5.632134873325201
5178,5.632134873325201
5179,5.632134873325201
5180,5.632134873325201
5181,5.632134873325201
5182,5.632134873325201
5183,5.632134873325201
5184,5.632134873325201
5185,5.632134873325201
5186,5.632134873325201
5187,5.632134873325201
5188,5.632134873325201
5189,5.632134873325201
5190,5.632134873325201
5191,5.632134873325201
5192,5.632134873325201
5193,5.632134873325201
5194,5.632134873325201
5195,5.632134873325201
5196,5.632134873325201
5197,5.632134873325201
5198,5.632134873325201
5199,5.632134873325201
5200,5.632134873325201
5201,5.632134873325201
5202,5.632134873325201
5203,5.632134873325201
5204,5.632134873325201
5205,5.632134873325201
5206,5.632134873325201
5207,5.632134873325201
5208,5.632134873325201
5209,5.632134873325201
5210,5.632134873325201
5211,5.632134873325201
5212,5.632134873325201
5213,5.632134873325201
5214,5.632134873325201
5215,5.632134873325201
5216,5.632134873325201
5217,5.632134873325201
5218,5.632134873325201
5219,5.632134873325201
5220,5.632134873325201
5221,5.632134873325201
5222,5.632134873325201
5223,5.632134873325201
5224,5.632134873325201
5225,5.632134873325201
5226,5.632134873325201
5227,5.632134873325201
5228,5.632134873325201
5229,5.632134873325201
5230,5.632134873325201
5231,5.632134873325201
5232,5.632134873325201
5233,5.632134873325201
5234,5.632134873325201
5235,5.632134873325201
5236,5.632134873325201
5237,5.632134873325201
5238,5.632134873325201
5239,5.632134873325201
5240,5.632134873325201
5241,5.632134873325201
5242,5.632134873325201
5243,5.632134873325201
5244,5.632134873325201
5245,5.632134873325201
5246,5.632134873325201
5247,5.632134873325201
5248,5.632134873325201
5249,5.632134873325201
5250,5.632134873325201
5251,5.632134873325201
5252,5.632134873325201
5253,5.632134873325201
5254,5.632134873325201
5255,5.632134873325201
5256,5.632134873325201
5257,5.632134873325201
5258,5.632134873325201
5259,5.632134873325201
5260,5.632134873325201
5261,5.632134873325201
5262,5.632134873325201
5263,5.632134873325201
5264,5.632134873325201
5265,5.632134873325201
5266,5.632134873325201
5267,5.632134873325201
5268,5.632134873325201
5269,5.632134873325201
5270,5.632134873325201
5271,5.632134873325201
5272,5.632134873325201
5273,5.632134873325201
5274,5.632134873325201
5275,5.632134873325201
5276,5.632134873325201
5277,5.632134873325201
5278,5.632134873325201
5279,5.632134873325201
5280,5.632134873325201
5281,5.632134873325201
5282,5.632134873325201
5283,5.632134873325201
5284,5.632134873325201
5285,5.632134873325201
5286,5.632134873325201
5287,5.632134873325201
5288,5.632134873325201
5289,5.632134873325201
5290,5.632134873325201
5291,5.632134873325201
5292,5.632134873325201
5293,5.632134873325201
5294,5.632134873325201
5295,5.632134873325201
5296,5.632134873325201
5297,5.632134873325201
5298,5.632134873325201
5299,5.632134873325201
5300,5.632134873325201
5301,5.632134873325201
5302,5.632134873325201
5303,5.632134873325201
5304,5.632134873325201
5305,5.632134873325201
5306,5.632134873325201
5307,5.632134873325201
5308,5.632134873325201
5309,5.632134873325201
5310,5.632134873325201
5311,5.632134873325201
5312,5.632134873325201
5313,5.632134873325201
5314,5.632134873325201
5315,5.632134873325201
5316,5.632134873325201
5317,5.632134873325201
5318,5.632134873325201
5319,5.632134873325201
5320,5.632134873325201
5321,5.632134873325201
5322,5.632134873325201
5323,5.632134873325201
5324,5.632134873325201
5325,5.632134873325201
5326,5.632134873325201
5327,5.632134873325201
5328,5.632134873325201
5329,5.632134873325201
5330,5.632134873325201
5331,5.632134873325201
5332,5.632134873325201
5333,5.632134873325201
5334,5.632134873325201
5335,5.632134873325201
5336,5.632134873325201
5337,5.632134873325201
5338,5.632134873325201
5339,5.632134873325201
5340,5.632134873325201
5341,5.632134873325201
5342,5.632134873325201
5343,5.632134873325201
5344,5.632134873325201
5345,5.632134873325201
5346,5.632134873325201
5347,5.632134873325201
5348,5.632134873325201
5349,5.632134873325201
5350,5.632134873325201
5351,5.632134873325201
5352,5.632134873325201
5353,5.632134873325201
5354,5.632134873325201
5355,5.632134873325201
5356,5.632134873325201
5357,5.632134873325201
5358,5.632134873325201
5359,5.632134873325201
5360,5.632134873325201
5361,5.632134873325201
5362,5.632134873325201
5363,5.632134873325201
5364,5.632134873325201
5365,5.632134873325201
5366,5.632134873325201
5367,5.632134873325201
5368,5.632134873325201
5369,5.632134873325201
5370,5.632134873325201
5371,5.632134873325201
5372,5.632134873325201
5373,5.632134873325201
5374,5.632134873325201
5375,5.632134873325201
5376,5.632134873325201
5377,5.632134873325201
5378,5.632134873325201
5379,5.632134873325201
5380,5.632134873325201
5381,5.632134873325201
5382,5.632134873325201
5383,5.632134873325201
5384,5.632134873325201
5385,5.632134873325201
5386,5.632134873325201
5387,5.632134873325201
5388,5.632134873325201
5389,5.632134873325201
5390,5.632134873325201
5391,5.632134873325201
5392,5.632134873325201
5393,5.632134873325201
5394,5.632134873325201
5395,5.632134873325201
5396,5.632134873325201
5397,5.632134873325201
5398,5.632134873325201
5399,5.632134873325201
5400,5.632134873325201
5401,5.632134873325201
5402,5.632134873325201
5403,5.632134873325201
5404,5.632134873325201
5405,5.632134873325201
5406,5.632134873325201
5407,5.632134873325201
5408,5.632134873325201
5409,5.632134873325201
5410,5.632134873325201
5411,5.632134873325201
5412,5.632134873325201
5413,5.632134873325201
5414,5.632134873325201
5415,5.632134873325201
5416,5.632134873325201
5417,5.632134873325201
5418,5.632134873325201
5419,5.632134873325201
5420,5.632134873325201
5421,5.632134873325201
5422,5.632134873325201
5423,5.632134873325201
5424,5.632134873325201
5425,5.632134873325201
5426,5.632134873325201
5427,5.632134873325201
5428,5.632134873325201
5429,5.632134873325201
5430,5.632134873325201
5431,5.632134873325201
5432,5.632134873325201
5433,5.632134873325201
5434,5.632134873325201
5435,5.632134873325201
5436,5.632134873325201
5437,5.632134873325201
5438,5.632134873325201
5439,5.632134873325201
5440,5.632134873325201
5441,5.632134873325201
5442,5.632134873325201
5443,5.632134873325201
5444,5.632134873325201
5445,5.632134873325201
5446,5.632134873325201
5447,5.632134873325201
5448,5.632134873325201
5449,5.632134873325201
5450,5.632134873325201
5451,5.632134873325201
5452,5.632134873325201
5453,5.632134873325201
5454,5.632134873325201
5455,5.632134873325201
5456,5.632134873325201
5457,5.632134873325201
5458,5.632134873325201
5459,5.632134873325201
5460,5.632134873325201
5461,5.632134873325201
5462,5.632134873325201
5463,5.632134873325201
5464,5.632134873325201
5465,5.632134873325201
5466,5.632134873325201
5467,5.632134873325201
5468,5.632134873325201
5469,5.632134873325201
5470,5.632134873325201
5471,5.632134873325201
5472,5.632134873325201
5473,5.632134873325201
5474,5.632134873325201
5475,5.632134873325201
5476,5.632134873325201
5477,5.632134873325201
5478,5.632134873325201
5479,5.632134873325201
5480,5.632134873325201
5481,5.632134873325201
5482,5.632134873325201
5483,5.632134873325201
5484,5.632134873325201
5485,5.632134873325201
5486,5.632134873325201
5487,5.632134873325201
5488,5.632134873325201
5489,5.632134873325201
5490,5.632134873325201
5491,5.632134873325201
5492,5.632134873325201
5493,5.632134873325201
5494,5.632134873325201
5495,5.632134873325201
5496,5.632134873325201
5497,5.632134873325201
5498,5.632134873325201
5499,5.632134873325201
5500,5.632134873325201
5501,5.632134873325201
5502,5.632134873325201
5503,5.632134873325201
5504,5.632134873325201
5505,5.632134873325201
5506,5.632134873325201
5507,5.632134873325201
5508,5.632134873325201
5509,5.632134873325201
5510,5.632134873325201
5511,5.632134873325201
5512,5.632134873325201
5513,5.632134873325201
5514,5.632134873325201
5515,5.632134873325201
5516,5.632134873325201
5517,5.632134873325201
5518,5.632134873325201
5519,5.632134873325201
5520,5.632134873325201
5521,5.632134873325201
5522,5.632134873325201
5523,5.632134873325201
5524,5.632134873325201
5525,5.632134873325201
5526,5.632134873325201
5527,5.632134873325201
5528,5.632134873325201
5529,5.632134873325201
5530,5.632134873325201
5531,5.632134873325201
5532,5.632134873325201
5533,5.632134873325201
5534,5.632134873325201
5535,5.632134873325201
5536,5.632134873325201
5537,5.632134873325201
5538,5.632134873325201
5539,5.632134873325201
5540,5.632134873325201
5541,5.632134873325201
5542,5.632134873325201
5543,5.632134873325201
5544,5.632134873325201
5545,5.632134873325201
5546,5.632134873325201
5547,5.632134873325201
5548,5.632134873325201
5549,5.632134873325201
5550,5.632134873325201
5551,5.632134873325201
5552,5.632134873325201
5553,5.632134873325201
5554,5.632134873325201
5555,5.632134873325201
5556,5.632134873325201
5557,5.632134873325201
5558,5.632134873325201
5559,5.632134873325201
5560,5.632134873325201
5561,5.632134873325201
5562,5.632134873325201
5563,5.632134873325201
5564,5.632134873325201
5565,5.632134873325201
5566,5.632134873325201
5567,5.632134873325201
5568,5.632134873325201
5569,5.632134873325201
5570,5.632134873325201
5571,5.632134873325201
5572,5.632134873325201
5573,5.632134873325201
5574,5.632134873325201
5575,5.632134873325201
5576,5.632134873325201
5577,5.632134873325201
5578,5.632134873325201
5579,5.632134873325201
5580,5.632134873325201
5581,5.632134873325201
5582,5.632134873325201
5583,5.632134873325201
5584,5.632134873325201
5585,5.632134873325201
5586,5.632134873325201
5587,5.632134873325201
5588,5.632134873325201
5589,5.632134873325201
5590,5.632134873325201
5591,5.632134873325201
5592,5.632134873325201
5593,5.632134873325201
5594,5.632134873325201
5595,5.632134873325201
5596,5.632134873325201
5597,5.632134873325201
5598,5.632134873325201
5599,5.632134873325201
5600,5.632134873325201
5601,5.632134873325201
5602,5.632134873325201
5603,5.632134873325201
5604,5.632134873325201
5605,5.632134873325201
5606,5.632134873325201
5607,5.632134873325201
5608,5.632134873325201
5609,5.632134873325201
5610,5.632134873325201
5611,5.632134873325201
5612,5.632134873325201
5613,5.632134873325201
5614,5.632134873325201
5615,5.632134873325201
5616,5.632134873325201
5617,5.632134873325201
5618,5.632134873325201
5619,5.632134873325201
5620,5.632134873325201
5621,5.632134873325201
5622,5.632134873325201
5623,5.632134873325201
5624,5.632134873325201
5625,5.632134873325201
5626,5.632134873325201
5627,5.632134873325201
5628,5.632134873325201
5629,5.632134873325201
5630,5.632134873325201
5631,5.632134873325201
5632,5.632134873325201
5633,5.632134873325201
5634,5.632134873325201
5635,5.632134873325201
5636,5.632134873325201
5637,5.632134873325201
5638,5.632134873325201
5639,5.632134873325201
5640,5.632134873325201
5641,5.632134873325201
5642,5.632134873325201
5643,5.632134873325201
5644,5.632134873325201
5645,5.632134873325201
5646,5.632134873325201
5647,5.632134873325201
5648,5.632134873325201
5649,5.632134873325201
5650,5.632134873325201
5651,5.632134873325201
5652,5.632134873325201
5653,5.632134873325201
5654,5.632134873325201
5655,5.632134873325201
5656,5.632134873325201
5657,5.632134873325201
5658,5.632134873325201
5659,5.632134873325201
5660,5.632134873325201
5661,5.632134873325201
5662,5.632134873325201
5663,5.632134873325201
5664,5.632134873325201
5665,5.632134873325201
5666,5.632134873325201
5667,5.632134873325201
5668,5.632134873325201
5669,5.632134873325201
5670,5.632134873325201
5671,5.632134873325201
5672,5.632134873325201
5673,5.632134873325201
5674,5.632134873325201
5675,5.632134873325201
5676,5.632134873325201
5677,5.632134873325201
5678,5.632134873325201
5679,5.632134873325201
5680,5.632134873325201
5681,5.632134873325201
5682,5.632134873325201
5683,5.632134873325201
5684,5.632134873325201
5685,5.632134873325201
5686,5.632134873325201
5687,5.632134873325201
5688,5.632134873325201
5689,5.632134873325201
5690,5.632134873325201
5691,5.632134873325201
5692,5.632134873325201
5693,5.632134873325201
5694,5.632134873325201
5695,5.632134873325201
5696,5.632134873325201
5697,5.632134873325201
5698,5.632134873325201
5699,5.632134873325201
5700,5.632134873325201
5701,5.632134873325201
5702,5.632134873325201
5703,5.632134873325201
5704,5.632134873325201
5705,5.632134873325201
5706,5.632134873325201
5707,5.632134873325201
5708,5.632134873325201
5709,5.632134873325201
5710,5.632134873325201
5711,5.632134873325201
5712,5.632134873325201
5713,5.632134873325201
5714,5.632134873325201
5715,5.632134873325201
5716,5.632134873325201
5717,5.632134873325201
5718,5.632134873325201
5719,5.632134873325201
5720,5.632134873325201
5721,5.632134873325201
5722,5.632134873325201
5723,5.632134873325201
5724,5.632134873325201
5725,5.632134873325201
5726,5.632134873325201
5727,5.632134873325201
5728,5.632134873325201
5729,5.632134873325201
5730,5.632134873325201
5731,5.632134873325201
5732,5.632134873325201
5733,5.632134873325201
5734,5.632134873325201
5735,5.632134873325201
5736,5.632134873325201
5737,5.632134873325201
5738,5.632134873325201
5739,5.632134873325201
5740,5.632134873325201
5741,5.632134873325201
5742,5.632134873325201
5743,5.632134873325201
5744,5.632134873325201
5745,5.632134873325201
5746,5.632134873325201
5747,5.632134873325201
5748,5.632134873325201
5749,5.632134873325201
5750,5.632134873325201
5751,5.632134873325201
5752,5.632134873325201
5753,5.632134873325201
5754,5.632134873325201
5755,5.632134873325201
5756,5.632134873325201
5757,5.632134873325201
5758,5.632134873325201
5759,5.632134873325201
5760,5.632134873325201
5761,5.632134873325201
5762,5.632134873325201
5763,5.632134873325201
5764,5.632134873325201
5765,5.632134873325201
5766,5.632134873325201
5767,5.632134873325201
5768,5.632134873325201
5769,5.632134873325201
5770,5.632134873325201
5771,5.632134873325201
5772,5.632134873325201
5773,5.632134873325201
5774,5.632134873325201
5775,5.632134873325201
5776,5.632134873325201
5777,5.632134873325201
5778,5.632134873325201
5779,5.632134873325201
5780,5.632134873325201
5781,5.632134873325201
5782,5.632134873325201
5783,5.632134873325201
5784,5.632134873325201
5785,5.632134873325201
5786,5.632134873325201
5787,5.632134873325201
5788,5.632134873325201
5789,5.632134873325201
5790,5.632134873325201
5791,5.632134873325201
5792,5.632134873325201
5793,5.632134873325201
5794,5.632134873325201
5795,5.632134873325201
5796,5.632134873325201
5797,5.632134873325201
5798,5.632134873325201
5799,5.632134873325201
5800,5.632134873325201
5801,5.632134873325201
5802,5.632134873325201
5803,5.632134873325201
5804,5.632134873325201
5805,5.632134873325201
5806,5.632134873325201
5807,5.632134873325201
5808,5.632134873325201
5809,5.632134873325201
5810,5.632134873325201
5811,5.632134873325201
5812,5.632134873325201
5813,5.632134873325201
5814,5.632134873325201
5815,5.632134873325201
5816,5.632134873325201
5817,5.632134873325201
5818,5.632134873325201
5819,5.632134873325201
5820,5.632134873325201
5821,5.632134873325201
5822,5.632134873325201
5823,5.632134873325201
5824,5.632134873325201
5825,5.632134873325201
5826,5.632134873325201
5827,5.632134873325201
5828,5.632134873325201
5829,5.632134873325201
5830,5.632134873325201
5831,5.632134873325201
5832,5.632134873325201
5833,5.632134873325201
5834,5.632134873325201
5835,5.632134873325201
5836,5.632134873325201
5837,5.632134873325201
5838,5.632134873325201
5839,5.632134873325201
5840,5.632134873325201
5841,5.632134873325201
5842,5.632134873325201
5843,5.632134873325201
5844,5.632134873325201
5845,5.632134873325201
5846,5.632134873325201
5847,5.632134873325201
5848,5.632134873325201
5849,5.632134873325201
5850,5.632134873325201
5851,5.632134873325201
5852,5.632134873325201
5853,5.632134873325201
5854,5.632134873325201
5855,5.632134873325201
5856,5.632134873325201
5857,5.632134873325201
5858,5.632134873325201
5859,5.632134873325201
5860,5.632134873325201
5861,5.632134873325201
5862,5.632134873325201
5863,5.632134873325201
5864,5.632134873325201
5865,5.632134873325201
5866,5.632134873325201
5867,5.632134873325201
5868,5.632134873325201
5869,5.632134873325201
5870,5.632134873325201
5871,5.632134873325201
5872,5.632134873325201
5873,5.632134873325201
5874,5.632134873325201
5875,5.632134873325201
5876,5.632134873325201
5877,5.632134873325201
5878,5.632134873325201
5879,5.632134873325201
5880,5.632134873325201
5881,5.632134873325201
5882,5.632134873325201
5883,5.632134873325201
5884,5.632134873325201
5885,5.632134873325201
5886,5.632134873325201
5887,5.632134873325201
5888,5.632134873325201
5889,5.632134873325201
5890,5.632134873325201
5891,5.632134873325201
5892,5.632134873325201
5893,5.632134873325201
5894,5.632134873325201
5895,5.632134873325201
5896,5.632134873325201
5897,5.632134873325201
5898,5.632134873325201
5899,5.632134873325201
5900,5.632134873325201
5901,5.632134873325201
5902,5.632134873325201
5903,5.632134873325201
5904,5.632134873325201
5905,5.632134873325201
5906,5.632134873325201
5907,5.632134873325201
5908,5.632134873325201
5909,5.632134873325201
5910,5.632134873325201
5911,5.632134873325201
5912,5.632134873325201
5913,5.632134873325201
5914,5.632134873325201
5915,5.632134873325201
5916,5.632134873325201
5917,5.632134873325201
5918,5.632134873325201
5919,5.632134873325201
5920,5.632134873325201
5921,5.632134873325201
5922,5.632134873325201
5923,5.632134873325201
5924,5.632134873325201
5925,5.632134873325201
5926,5.632134873325201
5927,5.632134873325201
5928,5.632134873325201
5929,5.632134873325201
5930,5.632134873325201
5931,5.632134873325201
5932,5.632134873325201
5933,5.632134873325201
5934,5.632134873325201
5935,5.632134873325201
5936,5.632134873325201
5937,5.632134873325201
5938,5.632134873325201
5939,5.632134873325201
5940,5.632134873325201
5941,5.632134873325201
5942,5.632134873325201
5943,5.632134873325201
5944,5.632134873325201
5945,5.632134873325201
5946,5.632134873325201
5947,5.632134873325201
5948,5.632134873325201
5949,5.632134873325201
5950,5.632134873325201
5951,5.632134873325201
5952,5.632134873325201
5953,5.632134873325201
5954,5.632134873325201
5955,5.632134873325201
5956,5.632134873325201
5957,5.632134873325201
5958,5.632134873325201
5959,5.632134873325201
5960,5.632134873325201
5961,5.632134873325201
5962,5.632134873325201
5963,5.632134873325201
5964,5.632134873325201
5965,5.632134873325201
5966,5.632134873325201
5967,5.632134873325201
5968,5.632134873325201
5969,5.632134873325201
5970,5.632134873325201
5971,5.632134873325201
5972,5.632134873325201
5973,5.632134873325201
5974,5.632134873325201
5975,5.632134873325201
5976,5.632134873325201
5977,5.632134873325201
5978,5.632134873325201
5979,5.632134873325201
5980,5.632134873325201
5981,5.632134873325201
5982,5.632134873325201
5983,5.632134873325201
5984,5.632134873325201
5985,5.632134873325201
5986,5.632134873325201
5987,5.632134873325201
5988,5.632134873325201
5989,5.632134873325201
5990,5.632134873325201
5991,5.632134873325201
5992,5.632134873325201
5993,5.632134873325201
5994,5.632134873325201
5995,5.632134873325201
5996,5.632134873325201
5997,5.632134873325201
5998,5.632134873325201
5999,5.632134873325201
6000,5.632134873325201
6001,5.632134873325201
6002,5.632134873325201
6003,5.632134873325201
6004,5.632134873325201
6005,5.632134873325201
6006,5.632134873325201
6007,5.632134873325201
6008,5.632134873325201
6009,5.632134873325201
6010,5.632134873325201
6011,5.632134873325201
6012,5.632134873325201
6013,5.632134873325201
6014,5.632134873325201
6015,5.632134873325201
6016,5.632134873325201
6017,5.632134873325201
6018,5.632134873325201
6019,5.632134873325201
6020,5.632134873325201
6021,5.632134873325201
6022,5.632134873325201
6023,5.632134873325201
6024,5.632134873325201
6025,5.632134873325201
6026,5.632134873325201
6027,5.632134873325201
6028,5.632134873325201
6029,5.632134873325201
6030,5.632134873325201
6031,5.632134873325201
6032,5.632134873325201
6033,5.632134873325201
6034,5.632134873325201
6035,5.632134873325201
6036,5.632134873325201
6037,5.632134873325201
6038,5.632134873325201
6039,5.632134873325201
6040,5.632134873325201
6041,5.632134873325201
6042,5.632134873325201
6043,5.632134873325201
6044,5.632134873325201
6045,5.632134873325201
6046,5.632134873325201
6047,5.632134873325201
6048,5.632134873325201
6049,5.632134873325201
6050,5.632134873325201
6051,5.632134873325201
6052,5.632134873325201
6053,5.632134873325201
6054,5.632134873325201
6055,5.632134873325201
6056,5.632134873325201
6057,5.632134873325201
6058,5.632134873325201
6059,5.632134873325201
6060,5.632134873325201
6061,5.632134873325201
6062,5.632134873325201
6063,5.632134873325201
6064,5.632134873325201
6065,5.632134873325201
6066,5.632134873325201
6067,5.632134873325201
6068,5.632134873325201
6069,5.632134873325201
6070,5.632134873325201
6071,5.632134873325201
6072,5.632134873325201
6073,5.632134873325201
6074,5.632134873325201
6075,5.632134873325201
6076,5.632134873325201
6077,5.632134873325201
6078,5.632134873325201
6079,5.632134873325201
6080,5.632134873325201
6081,5.632134873325201
6082,5.632134873325201
6083,5.632134873325201
6084,5.632134873325201
6085,5.632134873325201
6086,5.632134873325201
6087,5.632134873325201
6088,5.632134873325201
6089,5.632134873325201
6090,5.632134873325201
6091,5.632134873325201
6092,5.632134873325201
6093,5.632134873325201
6094,5.632134873325201
6095,5.632134873325201
6096,5.632134873325201
6097,5.632134873325201
6098,5.632134873325201
6099,5.632134873325201
6100,5.632134873325201
6101,5.632134873325201
6102,5.632134873325201
6103,5.632134873325201
6104,5.632134873325201
6105,5.632134873325201
6106,5.632134873325201
6107,5.632134873325201
6108,5.632134873325201
6109,5.632134873325201
6110,5.632134873325201
6111,5.632134873325201
6112,5.632134873325201
6113,5.632134873325201
6114,5.632134873325201
6115,5.632134873325201
6116,5.632134873325201
6117,5.632134873325201
6118,5.632134873325201
6119,5.632134873325201
6120,5.632134873325201
6121,5.632134873325201
6122,5.632134873325201
6123,5.632134873325201
6124,5.632134873325201
6125,5.632134873325201
6126,5.632134873325201
6127,5.632134873325201
6128,5.632134873325201
6129,5.632134873325201
6130,5.632134873325201
6131,5.632134873325201
6132,5.632134873325201
6133,5.632134873325201
6134,5.632134873325201
6135,5.632134873325201
6136,5.632134873325201
6137,5.632134873325201
6138,5.632134873325201
6139,5.632134873325201
6140,5.632134873325201
6141,5.632134873325201
6142,5.632134873325201
6143,5.632134873325201
6144,5.632134873325201
6145,5.632134873325201
6146,5.632134873325201
6147,5.632134873325201
6148,5.632134873325201
6149,5.632134873325201
6150,5.632134873325201
6151,5.632134873325201
6152,5.632134873325201
6153,5.632134873325201
6154,5.632134873325201
6155,5.632134873325201
6156,5.632134873325201
6157,5.632134873325201
6158,5.632134873325201
6159,5.632134873325201
6160,5.632134873325201
6161,5.632134873325201
6162,5.632134873325201
6163,5.632134873325201
6164,5.632134873325201
6165,5.632134873325201
6166,5.632134873325201
6167,5.632134873325201
6168,5.632134873325201
6169,5.632134873325201
6170,5.632134873325201
6171,5.632134873325201
6172,5.632134873325201
6173,5.632134873325201
6174,5.632134873325201
6175,5.632134873325201
6176,5.632134873325201
6177,5.632134873325201
6178,5.632134873325201
6179,5.632134873325201
6180,5.632134873325201
6181,5.632134873325201
6182,5.632134873325201
6183,5.632134873325201
6184,5.632134873325201
6185,5.632134873325201
6186,5.632134873325201
6187,5.632134873325201
6188,5.632134873325201
6189,5.632134873325201
6190,5.632134873325201
6191,5.632134873325201
6192,5.632134873325201
6193,5.632134873325201
6194,5.632134873325201
6195,5.632134873325201
6196,5.632134873325201
6197,5.632134873325201
6198,5.632134873325201
6199,5.632134873325201
6200,5.632134873325201
6201,5.632134873325201
6202,5.632134873325201
6203,5.632134873325201
6204,5.632134873325201
6205,5.632134873325201
6206,5.632134873325201
6207,5.632134873325201
6208,5.632134873325201
6209,5.632134873325201
6210,5.632134873325201
6211,5.632134873325201
6212,5.632134873325201
6213,5.632134873325201
6214,5.632134873325201
6215,5.632134873325201
6216,5.632134873325201
6217,5.632134873325201
6218,5.632134873325201
6219,5.632134873325201
6220,5.632134873325201
6221,5.632134873325201
6222,5.632134873325201
6223,5.632134873325201
6224,5.632134873325201
6225,5.632134873325201
6226,5.632134873325201
6227,5.632134873325201
6228,5.632134873325201
6229,5.632134873325201
6230,5.632134873325201
6231,5.632134873325201
6232,5.632134873325201
6233,5.632134873325201
6234,5.632134873325201
6235,5.632134873325201
6236,5.632134873325201
6237,5.632134873325201
6238,5.632134873325201
6239,5.632134873325201
6240,5.632134873325201
6241,5.632134873325201
6242,5.632134873325201
6243,5.632134873325201
6244,5.632134873325201
6245,5.632134873325201
6246,5.632134873325201
6247,5.632134873325201
6248,5.632134873325201
6249,5.632134873325201
6250,5.632134873325201
6251,5.632134873325201
6252,5.632134873325201
6253,5.632134873325201
6254,5.632134873325201
6255,5.632134873325201
6256,5.632134873325201
6257,5.632134873325201
6258,5.632134873325201
6259,5.632134873325201
6260,5.632134873325201
6261,5.632134873325201
6262,5.632134873325201
6263,5.632134873325201
6264,5.632134873325201
6265,5.632134873325201
6266,5.632134873325201
6267,5.632134873325201
6268,5.632134873325201
6269,5.632134873325201
6270,5.632134873325201
6271,5.632134873325201
6272,5.632134873325201
6273,5.632134873325201
6274,5.632134873325201
6275,5.632134873325201
6276,5.632134873325201
6277,5.632134873325201
6278,5.632134873325201
6279,5.632134873325201
6280,5.632134873325201
6281,5.632134873325201
6282,5.632134873325201
6283,5.632134873325201
6284,5.632134873325201
6285,5.632134873325201
6286,5.632134873325201
6287,5.632134873325201
6288,5.632134873325201
6289,5.632134873325201
6290,5.632134873325201
6291,5.632134873325201
6292,5.632134873325201
6293,5.632134873325201
6294,5.632134873325201
6295,5.632134873325201
6296,5.632134873325201
6297,5.632134873325201
6298,5.632134873325201
6299,5.632134873325201
6300,5.632134873325201
6301,5.632134873325201
6302,5.632134873325201
6303,5.632134873325201
6304,5.632134873325201
6305,5.632134873325201
6306,5.632134873325201
6307,5.632134873325201
6308,5.632134873325201
6309,5.632134873325201
6310,5.632134873325201
6311,5.632134873325201
6312,5.632134873325201
6313,5.632134873325201
6314,5.632134873325201
6315,5.632134873325201
6316,5.632134873325201
6317,5.632134873325201
6318,5.632134873325201
6319,5.632134873325201
6320,5.632134873325201
6321,5.632134873325201
6322,5.632134873325201
6323,5.632134873325201
6324,5.632134873325201
6325,5.632134873325201
6326,5.632134873325201
6327,5.632134873325201
6328,5.632134873325201
6329,5.632134873325201
6330,5.632134873325201
6331,5.632134873325201
6332,5.632134873325201
6333,5.632134873325201
6334,5.632134873325201
6335,5.632134873325201
6336,5.632134873325201
6337,5.632134873325201
6338,5.632134873325201
6339,5.632134873325201
6340,5.632134873325201
6341,5.632134873325201
6342,5.632134873325201
6343,5.632134873325201
6344,5.632134873325201
6345,5.632134873325201
6346,5.632134873325201
6347,5.632134873325201
6348,5.632134873325201
6349,5.632134873325201
6350,5.632134873325201
6351,5.632134873325201
6352,5.632134873325201
6353,5.632134873325201
6354,5.632134873325201
6355,5.632134873325201
6356,5.632134873325201
6357,5.632134873325201
6358,5.632134873325201
6359,5.632134873325201
6360,5.632134873325201
6361,5.632134873325201
6362,5.632134873325201
6363,5.632134873325201
6364,5.632134873325201
6365,5.632134873325201
6366,5.632134873325201
6367,5.632134873325201
6368,5.632134873325201
6369,5.632134873325201
6370,5.632134873325201
6371,5.632134873325201
6372,5.632134873325201
6373,5.632134873325201
6374,5.632134873325201
6375,5.632134873325201
6376,5.632134873325201
6377,5.632134873325201
6378,5.632134873325201
6379,5.632134873325201
6380,5.632134873325201
6381,5.632134873325201
6382,5.632134873325201
6383,5.632134873325201
6384,5.632134873325201
6385,5.632134873325201
6386,5.632134873325201
6387,5.632134873325201
6388,5.632134873325201
6389,5.632134873325201
6390,5.632134873325201
6391,5.632134873325201
6392,5.632134873325201
6393,5.632134873325201
6394,5.632134873325201
6395,5.632134873325201
6396,5.632134873325201
6397,5.632134873325201
6398,5.632134873325201
6399,5.632134873325201
6400,5.632134873325201
6401,5.632134873325201
6402,5.632134873325201
6403,5.632134873325201
6404,5.632134873325201
6405,5.632134873325201
6406,5.632134873325201
6407,5.632134873325201
6408,5.632134873325201
6409,5.632134873325201
6410,5.632134873325201
6411,5.632134873325201
6412,5.632134873325201
6413,5.632134873325201
6414,5.632134873325201
6415,5.632134873325201
6416,5.632134873325201
6417,5.632134873325201
6418,5.632134873325201
6419,5.632134873325201
6420,5.632134873325201
6421,5.632134873325201
6422,5.632134873325201
6423,5.632134873325201
6424,5.632134873325201
6425,5.632134873325201
6426,5.632134873325201
6427,5.632134873325201
6428,5.632134873325201
6429,5.632134873325201
6430,5.632134873325201
6431,5.632134873325201
6432,5.632134873325201
6433,5.632134873325201
6434,5.632134873325201
6435,5.632134873325201
6436,5.632134873325201
6437,5.632134873325201
6438,5.632134873325201
6439,5.632134873325201
6440,5.632134873325201
6441,5.632134873325201
6442,5.632134873325201
6443,5.632134873325201
6444,5.632134873325201
6445,5.632134873325201
6446,5.632134873325201
6447,5.632134873325201
6448,5.632134873325201
6449,5.632134873325201
6450,5.632134873325201
6451,5.632134873325201
6452,5.632134873325201
6453,5.632134873325201
6454,5.632134873325201
6455,5.632134873325201
6456,5.632134873325201
6457,5.632134873325201
6458,5.632134873325201
6459,5.632134873325201
6460,5.632134873325201
6461,5.632134873325201
6462,5.632134873325201
6463,5.632134873325201
6464,5.632134873325201
6465,5.632134873325201
6466,5.632134873325201
6467,5.632134873325201
6468,5.632134873325201
6469,5.632134873325201
6470,5.632134873325201
6471,5.632134873325201
6472,5.632134873325201
6473,5.632134873325201
6474,5.632134873325201
6475,5.632134873325201
6476,5.632134873325201
6477,5.632134873325201
6478,5.632134873325201
6479,5.632134873325201
6480,5.632134873325201
6481,5.632134873325201
6482,5.632134873325201
6483,5.632134873325201
6484,5.632134873325201
6485,5.632134873325201
6486,5.632134873325201
6487,5.632134873325201
6488,5.632134873325201
6489,5.632134873325201
6490,5.632134873325201
6491,5.632134873325201
6492,5.632134873325201
6493,5.632134873325201
6494,5.632134873325201
6495,5.632134873325201
6496,5.632134873325201
6497,5.632134873325201
6498,5.632134873325201
6499,5.632134873325201
6500,5.632134873325201
6501,5.632134873325201
6502,5.632134873325201
6503,5.632134873325201
6504,5.632134873325201
6505,5.632134873325201
6506,5.632134873325201
6507,5.632134873325201
6508,5.632134873325201
6509,5.632134873325201
6510,5.632134873325201
6511,5.632134873325201
6512,5.632134873325201
6513,5.632134873325201
6514,5.632134873325201
6515,5.632134873325201
6516,5.632134873325201
6517,5.632134873325201
6518,5.632134873325201
6519,5.632134873325201
6520,5.632134873325201
6521,5.632134873325201
6522,5.632134873325201
6523,5.632134873325201
6524,5.632134873325201
6525,5.632134873325201
6526,5.632134873325201
6527,5.632134873325201
6528,5.632134873325201
6529,5.632134873325201
6530,5.632134873325201
6531,5.632134873325201
6532,5.632134873325201
6533,5.632134873325201
6534,5.632134873325201
6535,5.632134873325201
6536,5.632134873325201
6537,5.632134873325201
6538,5.632134873325201
6539,5.632134873325201
6540,5.632134873325201
6541,5.632134873325201
6542,5.632134873325201
6543,5.632134873325201
6544,5.632134873325201
6545,5.632134873325201
6546,5.632134873325201
6547,5.632134873325201
6548,5.632134873325201
6549,5.632134873325201
6550,5.632134873325201
6551,5.632134873325201
6552,5.632134873325201
6553,5.632134873325201
6554,5.632134873325201
6555,5.632134873325201
6556,5.632134873325201
6557,5.632134873325201
6558,5.632134873325201
6559,5.632134873325201
6560,5.632134873325201
6561,5.632134873325201
6562,5.632134873325201
6563,5.632134873325201
6564,5.632134873325201
6565,5.632134873325201
6566,5.632134873325201
6567,5.632134873325201
6568,5.632134873325201
6569,5.632134873325201
6570,5.632134873325201
6571,5.632134873325201
6572,5.632134873325201
6573,5.632134873325201
6574,5.632134873325201
6575,5.632134873325201
6576,5.632134873325201
6577,5.632134873325201
6578,5.632134873325201
6579,5.632134873325201
6580,5.632134873325201
6581,5.632134873325201
6582,5.632134873325201
6583,5.632134873325201
6584,5.632134873325201
6585,5.632134873325201
6586,5.632134873325201
6587,5.632134873325201
6588,5.632134873325201
6589,5.632134873325201
6590,5.632134873325201
6591,5.632134873325201
6592,5.632134873325201
6593,5.632134873325201
6594,5.632134873325201
6595,5.632134873325201
6596,5.632134873325201
6597,5.632134873325201
6598,5.632134873325201
6599,5.632134873325201
6600,5.632134873325201
6601,5.632134873325201
6602,5.632134873325201
6603,5.632134873325201
6604,5.632134873325201
6605,5.632134873325201
6606,5.632134873325201
6607,5.632134873325201
6608,5.632134873325201
6609,5.632134873325201
6610,5.632134873325201
6611,5.632134873325201
6612,5.632134873325201
6613,5.632134873325201
6614,5.632134873325201
6615,5.632134873325201
6616,5.632134873325201
6617,5.632134873325201
6618,5.632134873325201
6619,5.632134873325201
6620,5.632134873325201
6621,5.632134873325201
6622,5.632134873325201
6623,5.632134873325201
6624,5.632134873325201
6625,5.632134873325201
6626,5.632134873325201
6627,5.632134873325201
6628,5.632134873325201
6629,5.632134873325201
6630,5.632134873325201
6631,5.632134873325201
6632,5.632134873325201
6633,5.632134873325201
6634,5.632134873325201
6635,5.632134873325201
6636,5.632134873325201
6637,5.632134873325201
6638,5.632134873325201
6639,5.632134873325201
6640,5.632134873325201
6641,5.632134873325201
6642,5.632134873325201
6643,5.632134873325201
6644,5.632134873325201
6645,5.632134873325201
6646,5.632134873325201
6647,5.632134873325201
6648,5.632134873325201
6649,5.632134873325201
6650,5.632134873325201
6651,5.632134873325201
6652,5.632134873325201
6653,5.632134873325201
6654,5.632134873325201
6655,5.632134873325201
6656,5.632134873325201
6657,5.632134873325201
6658,5.632134873325201
6659,5.632134873325201
6660,5.632134873325201
6661,5.632134873325201
6662,5.632134873325201
6663,5.632134873325201
6664,5.632134873325201
6665,5.632134873325201
6666,5.632134873325201
6667,5.632134873325201
6668,5.632134873325201
6669,5.632134873325201
6670,5.632134873325201
6671,5.632134873325201
6672,5.632134873325201
6673,5.632134873325201
6674,5.632134873325201
6675,5.632134873325201
6676,5.632134873325201
6677,5.632134873325201
6678,5.632134873325201
6679,5.632134873325201
6680,5.632134873325201
6681,5.632134873325201
6682,5.632134873325201
6683,5.632134873325201
6684,5.632134873325201
6685,5.632134873325201
6686,5.632134873325201
6687,5.632134873325201
6688,5.632134873325201
6689,5.632134873325201
6690,5.632134873325201
6691,5.632134873325201
6692,5.632134873325201
6693,5.632134873325201
6694,5.632134873325201
6695,5.632134873325201
6696,5.632134873325201
6697,5.632134873325201
6698,5.632134873325201
6699,5.632134873325201
6700,5.632134873325201
6701,5.632134873325201
6702,5.632134873325201
6703,5.632134873325201
6704,5.632134873325201
6705,5.632134873325201
6706,5.632134873325201
6707,5.632134873325201
6708,5.632134873325201
6709,5.632134873325201
6710,5.632134873325201
6711,5.632134873325201
6712,5.632134873325201
6713,5.632134873325201
6714,5.632134873325201
6715,5.632134873325201
6716,5.632134873325201
6717,5.632134873325201
6718,5.632134873325201
6719,5.632134873325201
6720,5.632134873325201
6721,5.632134873325201
6722,5.632134873325201
6723,5.632134873325201
6724,5.632134873325201
6725,5.632134873325201
6726,5.632134873325201
6727,5.632134873325201
6728,5.632134873325201
6729,5.632134873325201
6730,5.632134873325201
6731,5.632134873325201
6732,5.632134873325201
6733,5.632134873325201
6734,5.632134873325201
6735,5.632134873325201
6736,5.632134873325201
6737,5.632134873325201
6738,5.632134873325201
6739,5.632134873325201
6740,5.632134873325201
6741,5.632134873325201
6742,5.632134873325201
6743,5.632134873325201
6744,5.632134873325201
6745,5.632134873325201
6746,5.632134873325201
6747,5.632134873325201
6748,5.632134873325201
6749,5.632134873325201
6750,5.632134873325201
6751,5.632134873325201
6752,5.632134873325201
6753,5.632134873325201
6754,5.632134873325201
6755,5.632134873325201
6756,5.632134873325201
6757,5.632134873325201
6758,5.632134873325201
6759,5.632134873325201
6760,5.632134873325201
6761,5.632134873325201
6762,5.632134873325201
6763,5.632134873325201
6764,5.632134873325201
6765,5.632134873325201
6766,5.632134873325201
6767,5.632134873325201
6768,5.632134873325201
6769,5.632134873325201
6770,5.632134873325201
6771,5.632134873325201
6772,5.632134873325201
6773,5.632134873325201
6774,5.632134873325201
6775,5.632134873325201
6776,5.632134873325201
6777,5.632134873325201
6778,5.632134873325201
6779,5.632134873325201
6780,5.632134873325201
6781,5.632134873325201
6782,5.632134873325201
6783,5.632134873325201
6784,5.632134873325201
6785,5.632134873325201
6786,5.632134873325201
6787,5.632134873325201
6788,5.632134873325201
6789,5.632134873325201
6790,5.632134873325201
6791,5.632134873325201
6792,5.632134873325201
6793,5.632134873325201
6794,5.632134873325201
6795,5.632134873325201
6796,5.632134873325201
6797,5.632134873325201
6798,5.632134873325201
6799,5.632134873325201
6800,5.632134873325201
6801,5.632134873325201
6802,5.632134873325201
6803,5.632134873325201
6804,5.632134873325201
6805,5.632134873325201
6806,5.632134873325201
6807,5.632134873325201
6808,5.632134873325201
6809,5.632134873325201
6810,5.632134873325201
6811,5.632134873325201
6812,5.632134873325201
6813,5.632134873325201
6814,5.632134873325201
6815,5.632134873325201
6816,5.632134873325201
6817,5.632134873325201
6818,5.632134873325201
6819,5.632134873325201
6820,5.632134873325201
6821,5.632134873325201
6822,5.632134873325201
6823,5.632134873325201
6824,5.632134873325201
6825,5.632134873325201
6826,5.632134873325201
6827,5.632134873325201
6828,5.632134873325201
6829,5.632134873325201
6830,5.632134873325201
6831,5.632134873325201
6832,5.632134873325201
6833,5.632134873325201
6834,5.632134873325201
6835,5.632134873325201
6836,5.632134873325201
6837,5.632134873325201
6838,5.632134873325201
6839,5.632134873325201
6840,5.632134873325201
6841,5.632134873325201
6842,5.632134873325201
6843,5.632134873325201
6844,5.632134873325201
6845,5.632134873325201
6846,5.632134873325201
6847,5.632134873325201
6848,5.632134873325201
6849,5.632134873325201
6850,5.632134873325201
6851,5.632134873325201
6852,5.632134873325201
6853,5.632134873325201
6854,5.632134873325201
6855,5.632134873325201
6856,5.632134873325201
6857,5.632134873325201
6858,5.632134873325201
6859,5.632134873325201
6860,5.632134873325201
6861,5.632134873325201
6862,5.632134873325201
6863,5.632134873325201
6864,5.632134873325201
6865,5.632134873325201
6866,5.632134873325201
6867,5.632134873325201
6868,5.632134873325201
6869,5.632134873325201
6870,5.632134873325201
6871,5.632134873325201
6872,5.632134873325201
6873,5.632134873325201
6874,5.632134873325201
6875,5.632134873325201
6876,5.632134873325201
6877,5.632134873325201
6878,5.632134873325201
6879,5.632134873325201
6880,5.632134873325201
6881,4.74400646224921
6882,4.74400646224921
6883,4.74400646224921
6884,4.74400646224921
6885,4.74400646224921
6886,4.74400646224921
6887,4.74400646224921
6888,4.74400646224921
6889,4.74400646224921
6890,4.74400646224921
6891,4.74400646224921
6892,4.74400646224921
6893,4.74400646224921
6894,4.74400646224921
6895,4.74400646224921
6896,4.74400646224921
6897,4.74400646224921
6898,4.74400646224921
6899,4.74400646224921
6900,4.74400646224921
6901,4.74400646224921
6902,4.74400646224921
6903,4.74400646224921
6904,4.74400646224921
6905,4.74400646224921
6906,4.74400646224921
6907,4.74400646224921
6908,4.74400646224921
6909,4.74400646224921
6910,4.74400646224921
6911,4.74400646224921
6912,4.74400646224921
6913,4.74400646224921
6914,4.74400646224921
6915,4.74400646224921
6916,4.74400646224921
6917,4.74400646224921
6918,4.74400646224921
6919,4.74400646224921
6920,4.74400646224921
6921,4.74400646224921
6922,4.74400646224921
6923,4.74400646224921
6924,4.74400646224921
6925,4.74400646224921
6926,4.74400646224921
6927,4.74400646224921
6928,4.74400646224921
6929,4.74400646224921
6930,4.74400646224921
6931,4.74400646224921
6932,4.74400646224921
6933,4.74400646224921
6934,4.74400646224921
6935,4.74400646224921
6936,4.74400646224921
6937,4.74400646224921
6938,4.74400646224921
6939,4.74400646224921
6940,4.74400646224921
6941,4.74400646224921
6942,4.74400646224921
6943,4.74400646224921
6944,4.74400646224921
6945,4.74400646224921
6946,4.74400646224921
6947,4.74400646224921
6948,4.74400646224921
6949,4.74400646224921
6950,4.74400646224921
6951,4.74400646224921
6952,4.74400646224921
6953,4.74400646224921
6954,4.74400646224921
6955,4.74400646224921
6956,4.74400646224921
6957,4.74400646224921
6958,4.74400646224921
6959,4.74400646224921
6960,4.74400646224921
6961,4.74400646224921
6962,4.74400646224921
6963,4.74400646224921
6964,4.74400646224921
6965,4.74400646224921
6966,4.74400646224921
6967,4.74400646224921
6968,4.74400646224921
6969,4.74400646224921
6970,4.74400646224921
6971,4.74400646224921
6972,4.74400646224921
6973,4.74400646224921
6974,4.74400646224921
6975,4.74400646224921
6976,4.74400646224921
6977,4.74400646224921
6978,4.74400646224921
6979,4.74400646224921
6980,4.74400646224921
6981,4.74400646224921
6982,4.74400646224921
6983,4.74400646224921
6984,4.74400646224921
6985,4.74400646224921
6986,4.74400646224921
6987,4.74400646224921
6988,4.74400646224921
6989,4.74400646224921
6990,4.74400646224921
6991,4.74400646224921
6992,4.74400646224921
6993,4.74400646224921
6994,4.74400646224921
6995,4.74400646224921
6996,4.74400646224921
6997,4.74400646224921
6998,4.74400646224921
6999,4.74400646224921
7000,4.74400646224921
7001,4.74400646224921
7002,4.74400646224921
7003,4.74400646224921
7004,4.74400646224921
7005,4.74400646224921
7006,4.74400646224921
7007,4.74400646224921
7008,4.74400646224921
7009,4.74400646224921
7010,4.74400646224921
7011,4.74400646224921
7012,4.74400646224921
7013,4.74400646224921
7014,4.74400646224921
7015,4.74400646224921
7016,4.74400646224921
7017,4.74400646224921
7018,4.74400646224921
7019,4.74400646224921
7020,4.74400646224921
7021,4.74400646224921
7022,4.74400646224921
7023,4.74400646224921
7024,4.74400646224921
7025,4.74400646224921
7026,4.74400646224921
7027,4.74400646224921
7028,4.74400646224921
7029,4.74400646224921
7030,4.74400646224921
7031,4.74400646224921
7032,4.74400646224921
7033,4.74400646224921
7034,4.74400646224921
7035,4.74400646224921
7036,4.74400646224921
7037,4.74400646224921
7038,4.74400646224921
7039,4.74400646224921
7040,4.74400646224921
7041,4.74400646224921
7042,4.74400646224921
7043,4.74400646224921
7044,4.74400646224921
7045,4.74400646224921
7046,4.74400646224921
7047,4.74400646224921
7048,4.74400646224921
7049,4.74400646224921
7050,4.74400646224921
7051,4.74400646224921
7052,4.74400646224921
7053,4.74400646224921
7054,4.74400646224921
7055,4.74400646224921
7056,4.74400646224921
7057,4.74400646224921
7058,4.74400646224921
7059,4.74400646224921
7060,4.74400646224921
7061,4.74400646224921
7062,4.74400646224921
7063,4.74400646224921
7064,4.74400646224921
7065,4.74400646224921
7066,4.74400646224921
7067,4.74400646224921
7068,4.74400646224921
7069,4.74400646224921
7070,4.74400646224921
7071,4.74400646224921
7072,4.74400646224921
7073,4.74400646224921
7074,4.74400646224921
7075,4.74400646224921
7076,4.74400646224921
7077,4.74400646224921
7078,4.74400646224921
7079,4.74400646224921
7080,4.74400646224921
7081,4.74400646224921
7082,4.74400646224921
7083,4.74400646224921
7084,4.74400646224921
7085,4.74400646224921
7086,4.74400646224921
7087,4.74400646224921
7088,4.74400646224921
7089,4.74400646224921
7090,4.74400646224921
7091,4.74400646224921
7092,4.74400646224921
7093,4.74400646224921
7094,4.74400646224921
7095,4.74400646224921
7096,4.74400646224921
7097,4.74400646224921
7098,4.74400646224921
7099,4.74400646224921
7100,4.74400646224921
7101,4.74400646224921
7102,4.74400646224921
7103,4.74400646224921
7104,4.74400646224921
7105,4.74400646224921
7106,4.74400646224921
7107,4.74400646224921
7108,4.74400646224921
7109,4.74400646224921
7110,4.74400646224921
7111,4.74400646224921
7112,4.74400646224921
7113,4.74400646224921
7114,4.74400646224921
7115,4.74400646224921
7116,4.74400646224921
7117,4.74400646224921
7118,4.74400646224921
7119,4.74400646224921
7120,4.74400646224921
7121,4.74400646224921
7122,4.74400646224921
7123,4.74400646224921
7124,4.74400646224921
7125,4.74400646224921
7126,4.74400646224921
7127,4.74400646224921
7128,4.74400646224921
7129,4.74400646224921
7130,4.74400646224921
7131,4.74400646224921
7132,4.74400646224921
7133,4.74400646224921
7134,4.74400646224921
7135,4.74400646224921
7136,4.74400646224921
7137,4.74400646224921
7138,4.74400646224921
7139,4.74400646224921
7140,4.74400646224921
7141,4.74400646224921
7142,4.74400646224921
7143,4.74400646224921
7144,4.74400646224921
7145,4.74400646224921
7146,4.74400646224921
7147,4.74400646224921
7148,4.74400646224921
7149,4.74400646224921
7150,4.74400646224921
7151,4.74400646224921
7152,4.74400646224921
7153,4.74400646224921
7154,4.74400646224921
7155,4.74400646224921
7156,4.74400646224921
7157,4.74400646224921
7158,4.74400646224921
7159,4.74400646224921
7160,4.74400646224921
7161,4.74400646224921
7162,4.74400646224921
7163,4.74400646224921
7164,4.74400646224921
7165,4.74400646224921
7166,4.74400646224921
7167,4.74400646224921
7168,4.74400646224921
7169,4.74400646224921
7170,4.74400646224921
7171,4.74400646224921
7172,4.74400646224921
7173,4.74400646224921
7174,4.74400646224921
7175,4.74400646224921
7176,4.74400646224921
7177,4.74400646224921
7178,4.74400646224921
7179,4.74400646224921
7180,4.74400646224921
7181,4.74400646224921
7182,4.74400646224921
7183,4.74400646224921
7184,4.74400646224921
7185,4.74400646224921
7186,4.74400646224921
7187,4.74400646224921
7188,4.74400646224921
7189,4.74400646224921
7190,4.74400646224921
7191,4.74400646224921
7192,4.74400646224921
7193,4.74400646224921
7194,4.74400646224921
7195,4.74400646224921
7196,4.74400646224921
7197,4.74400646224921
7198,4.74400646224921
7199,4.74400646224921
7200,4.74400646224921
7201,4.74400646224921
7202,4.74400646224921
7203,4.74400646224921
7204,4.74400646224921
7205,4.74400646224921
7206,4.74400646224921
7207,4.74400646224921
7208,4.74400646224921
7209,4.74400646224921
7210,4.74400646224921
7211,4.74400646224921
7212,4.74400646224921
7213,4.74400646224921
7214,4.74400646224921
7215,4.74400646224921
7216,4.74400646224921
7217,4.74400646224921
7218,4.74400646224921
7219,4.74400646224921
7220,4.74400646224921
7221,4.74400646224921
7222,4.74400646224921
7223,4.74400646224921
7224,4.74400646224921
7225,4.74400646224921
7226,4.74400646224921
7227,4.74400646224921
7228,4.74400646224921
7229,4.74400646224921
7230,4.74400646224921
7231,4.74400646224921
7232,4.74400646224921
7233,4.74400646224921
7234,4.74400646224921
7235,4.74400646224921
7236,4.74400646224921
7237,4.74400646224921
7238,4.74400646224921
7239,4.74400646224921
7240,4.74400646224921
7241,4.74400646224921
7242,4.74400646224921
7243,4.74400646224921
7244,4.74400646224921
7245,4.74400646224921
7246,4.74400646224921
7247,4.74400646224921
7248,4.74400646224921
7249,4.74400646224921
7250,4.74400646224921
7251,4.74400646224921
7252,4.74400646224921
7253,4.74400646224921
7254,4.74400646224921
7255,4.74400646224921
7256,4.74400646224921
7257,4.74400646224921
7258,4.74400646224921
7259,4.74400646224921
7260,4.74400646224921
7261,4.74400646224921
7262,4.74400646224921
7263,4.74400646224921
7264,4.74400646224921
7265,4.74400646224921
7266,4.74400646224921
7267,4.74400646224921
7268,4.74400646224921
7269,4.74400646224921
7270,4.74400646224921
7271,4.74400646224921
7272,4.74400646224921
7273,4.74400646224921
7274,4.74400646224921
7275,4.74400646224921
7276,4.74400646224921
7277,4.74400646224921
7278,4.74400646224921
7279,4.74400646224921
7280,4.74400646224921
7281,4.74400646224921
7282,4.74400646224921
7283,4.74400646224921
7284,4.74400646224921
7285,4.74400646224921
7286,4.74400646224921
7287,4.74400646224921
7288,4.74400646224921
7289,4.74400646224921
7290,4.74400646224921
7291,4.74400646224921
7292,4.74400646224921
7293,4.74400646224921
7294,4.74400646224921
7295,4.74400646224921
7296,4.74400646224921
7297,4.74400646224921
7298,4.74400646224921
7299,4.74400646224921
7300,4.74400646224921
7301,4.74400646224921
7302,4.74400646224921
7303,4.74400646224921
7304,4.74400646224921
7305,4.74400646224921
7306,4.74400646224921
7307,4.74400646224921
7308,4.74400646224921
7309,4.74400646224921
7310,4.74400646224921
7311,4.74400646224921
7312,4.74400646224921
7313,4.74400646224921
7314,4.74400646224921
7315,4.74400646224921
7316,4.74400646224921
7317,4.74400646224921
7318,4.74400646224921
7319,4.74400646224921
7320,4.74400646224921
7321,4.74400646224921
7322,4.74400646224921
7323,4.74400646224921
7324,4.74400646224921
7325,4.74400646224921
7326,4.74400646224921
7327,4.74400646224921
7328,4.74400646224921
7329,4.74400646224921
7330,4.74400646224921
7331,4.74400646224921
7332,4.74400646224921
7333,4.74400646224921
7334,4.74400646224921
7335,4.74400646224921
7336,4.74400646224921
7337,4.74400646224921
7338,4.74400646224921
7339,4.74400646224921
7340,4.74400646224921
7341,4.74400646224921
7342,4.74400646224921
7343,4.74400646224921
7344,4.74400646224921
7345,4.74400646224921
7346,4.74400646224921
7347,4.74400646224921
7348,4.74400646224921
7349,4.74400646224921
7350,4.74400646224921
7351,4.74400646224921
7352,4.74400646224921
7353,4.74400646224921
7354,4.74400646224921
7355,4.74400646224921
7356,4.74400646224921
7357,4.74400646224921
7358,4.74400646224921
7359,4.74400646224921
7360,4.74400646224921
7361,4.74400646224921
7362,4.74400646224921
7363,4.74400646224921
7364,4.74400646224921
7365,4.74400646224921
7366,4.74400646224921
7367,4.74400646224921
7368,4.74400646224921
7369,4.74400646224921
7370,4.74400646224921
7371,4.74400646224921
7372,4.74400646224921
7373,4.74400646224921
7374,4.74400646224921
7375,4.74400646224921
7376,4.74400646224921
7377,4.74400646224921
7378,4.74400646224921
7379,4.74400646224921
7380,4.74400646224921
7381,4.74400646224921
7382,4.74400646224921
7383,4.74400646224921
7384,4.74400646224921
7385,4.74400646224921
7386,4.74400646224921
7387,4.74400646224921
7388,4.74400646224921
7389,4.74400646224921
7390,4.74400646224921
7391,4.74400646224921
7392,4.74400646224921
7393,4.74400646224921
7394,4.74400646224921
7395,4.74400646224921
7396,4.74400646224921
7397,4.74400646224921
7398,4.74400646224921
7399,4.74400646224921
7400,4.74400646224921
7401,4.74400646224921
7402,4.74400646224921
7403,4.74400646224921
7404,4.74400646224921
7405,4.74400646224921
7406,4.74400646224921
7407,4.74400646224921
7408,4.74400646224921
7409,4.74400646224921
7410,4.74400646224921
7411,4.74400646224921
7412,4.74400646224921
7413,4.74400646224921
7414,4.74400646224921
7415,4.74400646224921
7416,4.74400646224921
7417,4.74400646224921
7418,4.74400646224921
7419,4.74400646224921
7420,4.74400646224921
7421,4.74400646224921
7422,4.74400646224921
7423,4.74400646224921
7424,4.74400646224921
7425,4.74400646224921
7426,4.74400646224921
7427,4.74400646224921
7428,4.74400646224921
7429,4.74400646224921
7430,4.74400646224921
7431,4.74400646224921
7432,4.74400646224921
7433,4.74400646224921
7434,4.74400646224921
7435,4.74400646224921
7436,4.74400646224921
7437,4.74400646224921
7438,4.74400646224921
7439,4.74400646224921
7440,4.74400646224921
7441,4.74400646224921
7442,4.74400646224921
7443,4.74400646224921
7444,4.74400646224921
7445,4.74400646224921
7446,4.74400646224921
7447,4.74400646224921
7448,4.74400646224921
7449,4.74400646224921
7450,4.74400646224921
7451,4.74400646224921
7452,4.74400646224921
7453,4.74400646224921
7454,4.74400646224921
7455,4.74400646224921
7456,4.74400646224921
7457,4.74400646224921
7458,4.74400646224921
7459,4.74400646224921
7460,4.74400646224921
7461,4.74400646224921
7462,4.74400646224921
7463,4.74400646224921
7464,4.74400646224921
7465,4.74400646224921
7466,4.74400646224921
7467,4.74400646224921
7468,4.74400646224921
7469,4.74400646224921
7470,4.74400646224921
7471,4.74400646224921
7472,4.74400646224921
7473,4.74400646224921
7474,4.74400646224921
7475,4.74400646224921
7476,4.74400646224921
7477,4.74400646224921
7478,4.74400646224921
7479,4.74400646224921
7480,4.74400646224921
7481,4.74400646224921
7482,4.74400646224921
7483,4.74400646224921
7484,4.74400646224921
7485,4.74400646224921
7486,4.74400646224921
7487,4.74400646224921
7488,4.74400646224921
7489,4.74400646224921
7490,4.74400646224921
7491,4.74400646224921
7492,4.74400646224921
7493,4.74400646224921
7494,4.74400646224921
7495,4.74400646224921
7496,4.74400646224921
7497,4.74400646224921
7498,4.74400646224921
7499,4.74400646224921
7500,4.74400646224921
7501,4.74400646224921
7502,4.74400646224921
7503,4.74400646224921
7504,4.74400646224921
7505,4.74400646224921
7506,4.74400646224921
7507,4.74400646224921
7508,4.74400646224921
7509,4.74400646224921
7510,4.74400646224921
7511,4.74400646224921
7512,4.74400646224921
7513,4.74400646224921
7514,4.74400646224921
7515,4.74400646224921
7516,4.74400646224921
7517,4.74400646224921
7518,4.74400646224921
7519,4.74400646224921
7520,4.74400646224921
7521,4.74400646224921
7522,4.74400646224921
7523,4.74400646224921
7524,4.74400646224921
7525,4.74400646224921
7526,4.74400646224921
7527,4.74400646224921
7528,4.74400646224921
7529,4.74400646224921
7530,4.74400646224921
7531,4.74400646224921
7532,4.74400646224921
7533,4.74400646224921
7534,4.74400646224921
7535,4.74400646224921
7536,4.74400646224921
7537,4.74400646224921
7538,4.74400646224921
7539,4.74400646224921
7540,4.74400646224921
7541,4.74400646224921
7542,4.74400646224921
7543,4.74400646224921
7544,4.74400646224921
7545,4.74400646224921
7546,4.74400646224921
7547,4.74400646224921
7548,4.74400646224921
7549,4.74400646224921
7550,4.74400646224921
7551,4.74400646224921
7552,4.74400646224921
7553,4.74400646224921
7554,4.74400646224921
7555,4.74400646224921
7556,4.74400646224921
7557,4.74400646224921
7558,4.74400646224921
7559,4.74400646224921
7560,4.74400646224921
7561,4.74400646224921
7562,4.74400646224921
7563,4.74400646224921
7564,4.74400646224921
7565,4.74400646224921
7566,4.74400646224921
7567,4.74400646224921
7568,4.74400646224921
7569,4.74400646224921
7570,4.74400646224921
7571,4.74400646224921
7572,4.74400646224921
7573,4.74400646224921
7574,4.74400646224921
7575,4.74400646224921
7576,4.74400646224921
7577,4.74400646224921
7578,4.74400646224921
7579,4.74400646224921
7580,4.74400646224921
7581,4.74400646224921
7582,4.74400646224921
7583,4.74400646224921
7584,4.74400646224921
7585,4.74400646224921
7586,4.74400646224921
7587,4.74400646224921
7588,4.74400646224921
7589,4.74400646224921
7590,4.74400646224921
7591,4.74400646224921
7592,4.74400646224921
7593,4.74400646224921
7594,4.74400646224921
7595,4.74400646224921
7596,4.74400646224921
7597,4.74400646224921
7598,4.74400646224921
7599,4.74400646224921
7600,4.74400646224921
7601,4.74400646224921
7602,4.74400646224921
7603,4.74400646224921
7604,4.74400646224921
7605,4.74400646224921
7606,4.74400646224921
7607,4.74400646224921
7608,4.74400646224921
7609,4.74400646224921
7610,4.74400646224921
7611,4.74400646224921
7612,4.74400646224921
7613,4.74400646224921
7614,4.74400646224921
7615,4.74400646224921
7616,4.74400646224921
7617,4.74400646224921
7618,4.74400646224921
7619,4.74400646224921
7620,4.74400646224921
7621,4.74400646224921
7622,4.74400646224921
7623,4.74400646224921
7624,4.74400646224921
7625,4.74400646224921
7626,4.74400646224921
7627,4.74400646224921
7628,4.74400646224921
7629,4.74400646224921
7630,4.74400646224921
7631,4.74400646224921
7632,4.74400646224921
7633,4.74400646224921
7634,4.74400646224921
7635,4.74400646224921
7636,4.74400646224921
7637,4.74400646224921
7638,4.74400646224921
7639,4.74400646224921
7640,4.74400646224921
7641,4.74400646224921
7642,4.74400646224921
7643,4.74400646224921
7644,4.74400646224921
7645,4.74400646224921
7646,4.74400646224921
7647,4.74400646224921
7648,4.74400646224921
7649,4.74400646224921
7650,4.74400646224921
7651,4.74400646224921
7652,4.74400646224921
7653,4.74400646224921
7654,4.74400646224921
7655,4.74400646224921
7656,4.74400646224921
7657,4.74400646224921
7658,4.74400646224921
7659,4.74400646224921
7660,4.74400646224921
7661,4.74400646224921
7662,4.74400646224921
7663,4.74400646224921
7664,4.74400646224921
7665,4.74400646224921
7666,4.74400646224921
7667,4.74400646224921
7668,4.74400646224921
7669,4.74400646224921
7670,4.74400646224921
7671,4.74400646224921
7672,4.74400646224921
7673,4.74400646224921
7674,4.74400646224921
7675,4.74400646224921
7676,4.74400646224921
7677,4.74400646224921
7678,4.74400646224921
7679,4.74400646224921
7680,4.74400646224921
7681,4.74400646224921
7682,4.74400646224921
7683,4.74400646224921
7684,4.74400646224921
7685,4.74400646224921
7686,4.74400646224921
7687,4.74400646224921
7688,4.74400646224921
7689,4.74400646224921
7690,4.74400646224921
7691,4.74400646224921
7692,4.74400646224921
7693,4.74400646224921
7694,4.74400646224921
7695,4.74400646224921
7696,4.74400646224921
7697,4.74400646224921
7698,4.74400646224921
7699,4.74400646224921
7700,4.74400646224921
7701,4.74400646224921
7702,4.74400646224921
7703,4.74400646224921
7704,4.74400646224921
7705,4.74400646224921
7706,4.74400646224921
7707,4.74400646224921
7708,4.74400646224921
7709,4.74400646224921
7710,4.74400646224921
7711,4.74400646224921
7712,4.74400646224921
7713,4.74400646224921
7714,4.74400646224921
7715,4.74400646224921
7716,4.74400646224921
7717,4.74400646224921
7718,4.74400646224921
7719,4.74400646224921
7720,4.74400646224921
7721,4.74400646224921
7722,4.74400646224921
7723,4.74400646224921
7724,4.74400646224921
7725,4.74400646224921
7726,4.74400646224921
7727,4.74400646224921
7728,4.74400646224921
7729,4.74400646224921
7730,4.74400646224921
7731,4.74400646224921
7732,4.74400646224921
7733,4.74400646224921
7734,4.74400646224921
7735,4.74400646224921
7736,4.74400646224921
7737,4.74400646224921
7738,4.74400646224921
7739,4.74400646224921
7740,4.74400646224921
7741,4.74400646224921
7742,4.74400646224921
7743,4.74400646224921
7744,4.74400646224921
7745,4.74400646224921
7746,4.74400646224921
7747,4.74400646224921
7748,4.74400646224921
7749,4.74400646224921
7750,4.74400646224921
7751,4.74400646224921
7752,4.74400646224921
7753,4.74400646224921
7754,4.74400646224921
7755,4.74400646224921
7756,4.74400646224921
7757,4.74400646224921
7758,4.74400646224921
7759,4.74400646224921
7760,4.74400646224921
7761,4.74400646224921
7762,4.74400646224921
7763,4.74400646224921
7764,4.74400646224921
7765,4.74400646224921
7766,4.74400646224921
7767,4.74400646224921
7768,4.74400646224921
7769,4.74400646224921
7770,4.74400646224921
7771,4.74400646224921
7772,4.74400646224921
7773,4.74400646224921
7774,4.74400646224921
7775,4.74400646224921
7776,4.74400646224921
7777,4.74400646224921
7778,4.74400646224921
7779,4.74400646224921
7780,4.74400646224921
7781,4.74400646224921
7782,4.74400646224921
7783,4.74400646224921
7784,4.74400646224921
7785,4.74400646224921
7786,4.74400646224921
7787,4.74400646224921
7788,4.74400646224921
7789,4.74400646224921
7790,4.74400646224921
7791,4.74400646224921
7792,4.74400646224921
7793,4.74400646224921
7794,4.74400646224921
7795,4.74400646224921
7796,4.74400646224921
7797,4.74400646224921
7798,4.74400646224921
7799,4.74400646224921
7800,4.74400646224921
7801,4.74400646224921
7802,4.74400646224921
7803,4.74400646224921
7804,4.74400646224921
7805,4.74400646224921
7806,4.74400646224921
7807,4.74400646224921
7808,4.74400646224921
7809,4.74400646224921
7810,4.74400646224921
7811,4.74400646224921
7812,4.74400646224921
7813,4.74400646224921
7814,4.74400646224921
7815,4.74400646224921
7816,4.74400646224921
7817,4.74400646224921
7818,4.74400646224921
7819,4.74400646224921
7820,4.74400646224921
7821,4.74400646224921
7822,4.74400646224921
7823,4.74400646224921
7824,4.74400646224921
7825,4.74400646224921
7826,4.74400646224921
7827,4.74400646224921
7828,4.74400646224921
7829,4.74400646224921
7830,4.74400646224921
7831,4.74400646224921
7832,4.74400646224921
7833,4.74400646224921
7834,4.74400646224921
7835,4.74400646224921
7836,4.74400646224921
7837,4.74400646224921
7838,4.74400646224921
7839,4.74400646224921
7840,4.74400646224921
7841,4.74400646224921
7842,4.74400646224921
7843,4.74400646224921
7844,4.74400646224921
7845,4.74400646224921
7846,4.74400646224921
7847,4.74400646224921
7848,4.74400646224921
7849,4.74400646224921
7850,4.74400646224921
7851,4.74400646224921
7852,4.74400646224921
7853,4.74400646224921
7854,4.74400646224921
7855,4.74400646224921
7856,4.74400646224921
7857,4.74400646224921
7858,4.74400646224921
7859,4.74400646224921
7860,4.74400646224921
7861,4.74400646224921
7862,4.74400646224921
7863,4.74400646224921
7864,4.74400646224921
7865,4.74400646224921
7866,4.74400646224921
7867,4.74400646224921
7868,4.74400646224921
7869,4.74400646224921
7870,4.74400646224921
7871,4.74400646224921
7872,4.74400646224921
7873,4.74400646224921
7874,4.74400646224921
7875,4.74400646224921
7876,4.74400646224921
7877,4.74400646224921
7878,4.74400646224921
7879,4.74400646224921
7880,4.74400646224921
7881,4.74400646224921
7882,4.74400646224921
7883,4.74400646224921
7884,4.74400646224921
7885,4.74400646224921
7886,4.74400646224921
7887,4.74400646224921
7888,4.74400646224921
7889,4.74400646224921
7890,4.74400646224921
7891,4.74400646224921
7892,4.74400646224921
7893,4.74400646224921
7894,4.74400646224921
7895,4.74400646224921
7896,4.74400646224921
7897,4.74400646224921
7898,4.74400646224921
7899,4.74400646224921
7900,4.74400646224921
7901,4.74400646224921
7902,4.74400646224921
7903,4.74400646224921
7904,4.74400646224921
7905,4.74400646224921
7906,4.74400646224921
7907,4.74400646224921
7908,4.74400646224921
7909,4.74400646224921
7910,4.74400646224921
7911,4.74400646224921
7912,4.74400646224921
7913,4.74400646224921
7914,4.74400646224921
7915,4.74400646224921
7916,4.74400646224921
7917,4.74400646224921
7918,4.74400646224921
7919,4.74400646224921
7920,4.74400646224921
7921,4.74400646224921
7922,4.74400646224921
7923,4.74400646224921
7924,4.74400646224921
7925,4.74400646224921
7926,4.74400646224921
7927,4.74400646224921
7928,4.74400646224921
7929,4.74400646224921
7930,4.74400646224921
7931,4.74400646224921
7932,4.74400646224921
7933,4.74400646224921
7934,4.74400646224921
7935,4.74400646224921
7936,4.74400646224921
7937,4.74400646224921
7938,4.74400646224921
7939,4.74400646224921
7940,4.74400646224921
7941,4.74400646224921
7942,4.74400646224921
7943,4.74400646224921
7944,4.74400646224921
7945,4.74400646224921
7946,4.74400646224921
7947,4.74400646224921
7948,4.74400646224921
7949,4.74400646224921
7950,4.74400646224921
7951,4.74400646224921
7952,4.74400646224921
7953,4.74400646224921
7954,4.74400646224921
7955,4.74400646224921
7956,4.74400646224921
7957,4.74400646224921
7958,4.74400646224921
7959,4.74400646224921
7960,4.74400646224921
7961,4.74400646224921
7962,4.74400646224921
7963,4.74400646224921
7964,4.74400646224921
7965,4.74400646224921
7966,4.74400646224921
7967,4.74400646224921
7968,4.74400646224921
7969,4.74400646224921
7970,4.74400646224921
7971,4.74400646224921
7972,4.74400646224921
7973,4.74400646224921
7974,4.74400646224921
7975,4.74400646224921
7976,4.74400646224921
7977,4.74400646224921
7978,4.74400646224921
7979,4.74400646224921
7980,4.74400646224921
7981,4.74400646224921
7982,4.74400646224921
7983,4.74400646224921
7984,4.74400646224921
7985,4.74400646224921
7986,4.74400646224921
7987,4.74400646224921
7988,4.74400646224921
7989,4.74400646224921
7990,4.74400646224921
7991,4.74400646224921
7992,4.74400646224921
7993,4.74400646224921
7994,4.74400646224921
7995,4.74400646224921
7996,4.74400646224921
7997,4.74400646224921
7998,4.74400646224921
7999,4.74400646224921
8000,4.74400646224921
8001,4.74400646224921
8002,4.74400646224921
8003,4.74400646224921
8004,4.74400646224921
8005,4.74400646224921
8006,4.74400646224921
8007,4.74400646224921
8008,4.74400646224921
8009,4.74400646224921
8010,4.74400646224921
8011,4.74400646224921
8012,4.74400646224921
8013,4.74400646224921
8014,4.74400646224921
8015,4.74400646224921
8016,4.74400646224921
8017,4.74400646224921
8018,4.74400646224921
8019,4.74400646224921
8020,4.74400646224921
8021,4.74400646224921
8022,4.74400646224921
8023,4.74400646224921
8024,4.74400646224921
8025,4.74400646224921
8026,4.74400646224921
8027,4.74400646224921
8028,4.74400646224921
8029,4.74400646224921
8030,4.74400646224921
8031,4.74400646224921
8032,4.74400646224921
8033,4.74400646224921
8034,4.74400646224921
8035,4.74400646224921
8036,4.74400646224921
8037,4.74400646224921
8038,4.74400646224921
8039,4.74400646224921
8040,4.74400646224921
8041,4.74400646224921
8042,4.74400646224921
8043,4.74400646224921
8044,4.74400646224921
8045,4.74400646224921
8046,4.74400646224921
8047,4.74400646224921
8048,4.74400646224921
8049,4.74400646224921
8050,4.74400646224921
8051,4.74400646224921
8052,4.74400646224921
8053,4.74400646224921
8054,4.74400646224921
8055,4.74400646224921
8056,4.74400646224921
8057,4.74400646224921
8058,4.74400646224921
8059,4.74400646224921
8060,4.74400646224921
8061,4.74400646224921
8062,4.74400646224921
8063,4.74400646224921
8064,4.74400646224921
8065,4.74400646224921
8066,4.74400646224921
8067,4.74400646224921
8068,4.74400646224921
8069,4.74400646224921
8070,4.74400646224921
8071,4.74400646224921
8072,4.74400646224921
8073,4.74400646224921
8074,4.74400646224921
8075,4.74400646224921
8076,4.74400646224921
8077,4.74400646224921
8078,4.74400646224921
8079,4.74400646224921
8080,4.74400646224921
8081,4.74400646224921
8082,4.74400646224921
8083,4.74400646224921
8084,4.74400646224921
8085,4.74400646224921
8086,4.74400646224921
8087,4.74400646224921
8088,4.74400646224921
8089,4.74400646224921
8090,4.74400646224921
8091,4.74400646224921
8092,4.74400646224921
8093,4.74400646224921
8094,4.74400646224921
8095,4.74400646224921
8096,4.74400646224921
8097,4.74400646224921
8098,4.74400646224921
8099,4.74400646224921
8100,4.74400646224921
8101,4.74400646224921
8102,4.74400646224921
8103,4.74400646224921
8104,4.74400646224921
8105,4.74400646224921
8106,4.74400646224921
8107,4.74400646224921
8108,4.74400646224921
8109,4.74400646224921
8110,4.74400646224921
8111,4.74400646224921
8112,4.74400646224921
8113,4.74400646224921
8114,4.74400646224921
8115,4.74400646224921
8116,4.74400646224921
8117,4.74400646224921
8118,4.74400646224921
8119,4.74400646224921
8120,4.74400646224921
8121,4.74400646224921
8122,4.74400646224921
8123,4.74400646224921
8124,4.74400646224921
8125,4.74400646224921
8126,4.74400646224921
8127,4.74400646224921
8128,4.74400646224921
8129,4.74400646224921
8130,4.74400646224921
8131,4.74400646224921
8132,4.74400646224921
8133,4.74400646224921
8134,4.74400646224921
8135,4.74400646224921
8136,4.74400646224921
8137,4.74400646224921
8138,4.74400646224921
8139,4.74400646224921
8140,4.74400646224921
8141,4.74400646224921
8142,4.74400646224921
8143,4.74400646224921
8144,4.74400646224921
8145,4.74400646224921
8146,4.74400646224921
8147,4.74400646224921
8148,4.74400646224921
8149,4.74400646224921
8150,4.74400646224921
8151,4.74400646224921
8152,4.74400646224921
8153,4.74400646224921
8154,4.74400646224921
8155,4.74400646224921
8156,4.74400646224921
8157,4.74400646224921
8158,4.74400646224921
8159,4.74400646224921
8160,4.74400646224921
8161,4.74400646224921
8162,4.74400646224921
8163,4.74400646224921
8164,4.74400646224921
8165,4.74400646224921
8166,4.74400646224921
8167,4.74400646224921
8168,4.74400646224921
8169,4.74400646224921
8170,4.74400646224921
8171,4.74400646224921
8172,4.74400646224921
8173,4.74400646224921
8174,4.74400646224921
8175,4.74400646224921
8176,4.74400646224921
8177,4.74400646224921
8178,4.74400646224921
8179,4.74400646224921
8180,4.74400646224921
8181,4.74400646224921
8182,4.74400646224921
8183,4.74400646224921
8184,4.74400646224921
8185,4.74400646224921
8186,4.74400646224921
8187,4.74400646224921
8188,4.74400646224921
8189,4.74400646224921
8190,4.74400646224921
8191,4.74400646224921
8192,4.74400646224921
8193,4.74400646224921
8194,4.74400646224921
8195,4.74400646224921
8196,4.74400646224921
8197,4.74400646224921
8198,4.74400646224921
8199,4.74400646224921
8200,4.74400646224921
8201,4.74400646224921
8202,4.74400646224921
8203,4.74400646224921
8204,4.74400646224921
8205,4.74400646224921
8206,4.74400646224921
8207,4.74400646224921
8208,4.74400646224921
8209,4.74400646224921
8210,4.74400646224921
8211,4.74400646224921
8212,4.74400646224921
8213,4.74400646224921
8214,4.74400646224921
8215,4.74400646224921
8216,4.74400646224921
8217,4.74400646224921
8218,4.74400646224921
8219,4.74400646224921
8220,4.74400646224921
8221,4.74400646224921
8222,4.74400646224921
8223,4.74400646224921
8224,4.74400646224921
8225,4.74400646224921
8226,4.74400646224921
8227,4.74400646224921
8228,4.74400646224921
8229,4.74400646224921
8230,4.74400646224921
8231,4.74400646224921
8232,4.74400646224921
8233,4.74400646224921
8234,4.74400646224921
8235,4.74400646224921
8236,4.74400646224921
8237,4.74400646224921
8238,4.74400646224921
8239,4.74400646224921
8240,4.74400646224921
8241,4.74400646224921
8242,4.74400646224921
8243,4.74400646224921
8244,4.74400646224921
8245,4.74400646224921
8246,4.74400646224921
8247,4.74400646224921
8248,4.74400646224921
8249,4.74400646224921
8250,4.74400646224921
8251,4.74400646224921
8252,4.74400646224921
8253,4.74400646224921
8254,4.74400646224921
8255,4.74400646224921
8256,4.74400646224921
8257,4.74400646224921
8258,4.74400646224921
8259,4.74400646224921
8260,4.74400646224921
8261,4.74400646224921
8262,4.74400646224921
8263,4.74400646224921
8264,4.74400646224921
8265,4.74400646224921
8266,4.74400646224921
8267,4.74400646224921
8268,4.74400646224921
8269,4.74400646224921
8270,4.74400646224921
8271,4.74400646224921
8272,4.74400646224921
8273,4.74400646224921
8274,4.74400646224921
8275,4.74400646224921
8276,4.74400646224921
8277,4.74400646224921
8278,4.74400646224921
8279,4.74400646224921
8280,4.74400646224921
8281,4.74400646224921
8282,4.74400646224921
8283,4.74400646224921
8284,4.74400646224921
8285,4.74400646224921
8286,4.74400646224921
8287,4.74400646224921
8288,4.74400646224921
8289,4.74400646224921
8290,4.74400646224921
8291,4.74400646224921
8292,4.74400646224921
8293,4.74400646224921
8294,4.74400646224921
8295,4.74400646224921
8296,4.74400646224921
8297,4.74400646224921
8298,4.74400646224921
8299,4.74400646224921
8300,4.74400646224921
8301,4.74400646224921
8302,4.74400646224921
8303,4.74400646224921
8304,4.74400646224921
8305,4.74400646224921
8306,4.74400646224921
8307,4.74400646224921
8308,4.74400646224921
8309,4.74400646224921
8310,4.74400646224921
8311,4.74400646224921
8312,4.74400646224921
8313,4.74400646224921
8314,4.74400646224921
8315,4.74400646224921
8316,4.74400646224921
8317,4.74400646224921
8318,4.74400646224921
8319,4.74400646224921
8320,4.74400646224921
8321,4.74400646224921
8322,4.74400646224921
8323,4.74400646224921
8324,4.74400646224921
8325,4.74400646224921
8326,4.74400646224921
8327,4.74400646224921
8328,4.74400646224921
8329,4.74400646224921
8330,4.74400646224921
8331,4.74400646224921
8332,4.74400646224921
8333,4.74400646224921
8334,4.74400646224921
8335,4.74400646224921
8336,4.74400646224921
8337,4.74400646224921
8338,4.74400646224921
8339,4.74400646224921
8340,4.74400646224921
8341,4.74400646224921
8342,4.74400646224921
8343,4.74400646224921
8344,4.74400646224921
8345,4.74400646224921
8346,4.74400646224921
8347,4.74400646224921
8348,4.74400646224921
8349,4.74400646224921
8350,4.74400646224921
8351,4.74400646224921
8352,4.74400646224921
8353,4.74400646224921
8354,4.74400646224921
8355,4.74400646224921
8356,4.74400646224921
8357,4.74400646224921
8358,4.74400646224921
8359,4.74400646224921
8360,4.74400646224921
8361,4.74400646224921
8362,4.74400646224921
8363,4.74400646224921
8364,4.74400646224921
8365,4.74400646224921
8366,4.74400646224921
8367,4.74400646224921
8368,4.74400646224921
8369,4.74400646224921
8370,4.74400646224921
8371,4.74400646224921
8372,4.74400646224921
8373,4.74400646224921
8374,4.74400646224921
8375,4.74400646224921
8376,4.74400646224921
8377,4.74400646224921
8378,4.74400646224921
8379,4.74400646224921
8380,4.74400646224921
8381,4.74400646224921
8382,4.74400646224921
8383,4.74400646224921
8384,4.74400646224921
8385,4.74400646224921
8386,4.74400646224921
8387,4.74400646224921
8388,4.74400646224921
8389,4.74400646224921
8390,4.74400646224921
8391,4.74400646224921
8392,4.74400646224921
8393,4.74400646224921
8394,4.74400646224921
8395,4.74400646224921
8396,4.74400646224921
8397,4.74400646224921
8398,4.74400646224921
8399,4.74400646224921
8400,4.74400646224921
8401,4.74400646224921
8402,4.74400646224921
8403,4.74400646224921
8404,4.74400646224921
8405,4.74400646224921
8406,4.74400646224921
8407,4.74400646224921
8408,4.74400646224921
8409,4.74400646224921
8410,4.74400646224921
8411,4.74400646224921
8412,4.74400646224921
8413,4.74400646224921
8414,4.74400646224921
8415,4.74400646224921
8416,4.74400646224921
8417,4.74400646224921
8418,4.74400646224921
8419,4.74400646224921
8420,4.74400646224921
8421,4.74400646224921
8422,4.74400646224921
8423,4.74400646224921
8424,4.74400646224921
8425,4.74400646224921
8426,4.74400646224921
8427,4.74400646224921
8428,4.74400646224921
8429,4.74400646224921
8430,4.74400646224921
8431,4.74400646224921
8432,4.74400646224921
8433,4.74400646224921
8434,4.74400646224921
8435,4.74400646224921
8436,4.74400646224921
8437,4.74400646224921
8438,4.74400646224921
8439,4.74400646224921
8440,4.74400646224921
8441,4.74400646224921
8442,4.74400646224921
8443,4.74400646224921
8444,4.74400646224921
8445,4.74400646224921
8446,4.74400646224921
8447,4.74400646224921
8448,4.74400646224921
8449,4.74400646224921
8450,4.74400646224921
8451,4.74400646224921
8452,4.74400646224921
8453,4.74400646224921
8454,4.74400646224921
8455,4.74400646224921
8456,4.74400646224921
8457,4.74400646224921
8458,4.74400646224921
8459,4.74400646224921
8460,4.74400646224921
8461,4.74400646224921
8462,4.74400646224921
8463,4.74400646224921
8464,4.74400646224921
8465,4.74400646224921
8466,4.74400646224921
8467,4.74400646224921
8468,4.74400646224921
8469,4.74400646224921
8470,4.74400646224921
8471,4.74400646224921
8472,4.74400646224921
8473,4.74400646224921
8474,4.74400646224921
8475,4.74400646224921
8476,4.74400646224921
8477,4.74400646224921
8478,4.74400646224921
8479,4.74400646224921
8480,4.74400646224921
8481,4.74400646224921
8482,4.74400646224921
8483,4.74400646224921
8484,4.74400646224921
8485,4.74400646224921
8486,4.74400646224921
8487,4.74400646224921
8488,4.74400646224921
8489,4.74400646224921
8490,4.74400646224921
8491,4.74400646224921
8492,4.74400646224921
8493,4.74400646224921
8494,4.74400646224921
8495,4.74400646224921
8496,4.74400646224921
8497,4.74400646224921
8498,4.74400646224921
8499,4.74400646224921
8500,4.74400646224921
8501,4.74400646224921
8502,4.74400646224921
8503,4.74400646224921
8504,4.74400646224921
8505,4.74400646224921
8506,4.74400646224921
8507,4.74400646224921
8508,4.74400646224921
8509,4.74400646224921
8510,4.74400646224921
8511,4.74400646224921
8512,4.74400646224921
8513,4.74400646224921
8514,4.74400646224921
8515,4.74400646224921
8516,4.74400646224921
8517,4.74400646224921
8518,4.74400646224921
8519,4.74400646224921
8520,4.74400646224921
8521,4.74400646224921
8522,4.74400646224921
8523,4.74400646224921
8524,4.74400646224921
8525,4.74400646224921
8526,4.74400646224921
8527,4.74400646224921
8528,4.74400646224921
8529,4.74400646224921
8530,4.74400646224921
8531,4.74400646224921
8532,4.74400646224921
8533,4.74400646224921
8534,4.74400646224921
8535,4.74400646224921
8536,4.74400646224921
8537,4.74400646224921
8538,4.74400646224921
8539,4.74400646224921
8540,4.74400646224921
8541,4.74400646224921
8542,4.74400646224921
8543,4.74400646224921
8544,4.74400646224921
8545,4.74400646224921
8546,4.74400646224921
8547,4.74400646224921
8548,4.74400646224921
8549,4.74400646224921
8550,4.74400646224921
8551,4.74400646224921
8552,4.74400646224921
8553,4.74400646224921
8554,4.74400646224921
8555,4.74400646224921
8556,4.74400646224921
8557,4.74400646224921
8558,4.74400646224921
8559,4.74400646224921
8560,4.74400646224921
8561,4.74400646224921
8562,4.74400646224921
8563,4.74400646224921
8564,4.74400646224921
8565,4.74400646224921
8566,4.74400646224921
8567,4.74400646224921
8568,4.74400646224921
8569,4.74400646224921
8570,4.74400646224921
8571,4.74400646224921
8572,4.74400646224921
8573,4.74400646224921
8574,4.74400646224921
8575,4.74400646224921
8576,4.74400646224921
8577,4.74400646224921
8578,4.74400646224921
8579,4.74400646224921
8580,4.74400646224921
8581,4.74400646224921
8582,4.74400646224921
8583,4.74400646224921
8584,4.74400646224921
8585,4.74400646224921
8586,4.74400646224921
8587,4.74400646224921
8588,4.74400646224921
8589,4.74400646224921
8590,4.74400646224921
8591,4.74400646224921
8592,4.74400646224921
8593,4.74400646224921
8594,4.74400646224921
8595,4.74400646224921
8596,4.74400646224921
8597,4.74400646224921
8598,4.74400646224921
8599,4.74400646224921
8600,4.74400646224921
8601,4.74400646224921
8602,4.74400646224921
8603,4.74400646224921
8604,4.74400646224921
8605,4.74400646224921
8606,4.74400646224921
8607,4.74400646224921
8608,4.74400646224921
8609,4.74400646224921
8610,4.74400646224921
8611,4.74400646224921
8612,4.74400646224921
8613,4.74400646224921
8614,4.74400646224921
8615,4.74400646224921
8616,4.74400646224921
8617,4.74400646224921
8618,4.74400646224921
8619,4.74400646224921
8620,4.74400646224921
8621,4.74400646224921
8622,4.74400646224921
8623,4.74400646224921
8624,4.74400646224921
8625,4.74400646224921
8626,4.74400646224921
8627,4.74400646224921
8628,4.74400646224921
8629,4.74400646224921
8630,4.74400646224921
8631,4.74400646224921
8632,4.74400646224921
8633,4.74400646224921
8634,4.74400646224921
8635,4.74400646224921
8636,4.74400646224921
8637,4.74400646224921
8638,4.74400646224921
8639,4.74400646224921
8640,4.74400646224921
8641,4.74400646224921
8642,4.74400646224921
8643,4.74400646224921
8644,4.74400646224921
8645,4.74400646224921
8646,4.74400646224921
8647,4.74400646224921
8648,4.74400646224921
8649,4.74400646224921
8650,4.74400646224921
8651,4.74400646224921
8652,4.74400646224921
8653,4.74400646224921
8654,4.74400646224921
8655,4.74400646224921
8656,4.74400646224921
8657,4.74400646224921
8658,4.74400646224921
8659,4.74400646224921
8660,4.74400646224921
8661,4.74400646224921
8662,4.74400646224921
8663,4.74400646224921
8664,4.74400646224921
8665,4.74400646224921
8666,4.74400646224921
8667,4.74400646224921
8668,4.74400646224921
8669,4.74400646224921
8670,4.74400646224921
8671,4.74400646224921
8672,4.74400646224921
8673,4.74400646224921
8674,4.74400646224921
8675,4.74400646224921
8676,4.74400646224921
8677,4.74400646224921
8678,4.74400646224921
8679,4.74400646224921
8680,4.74400646224921
8681,4.74400646224921
8682,4.74400646224921
8683,4.74400646224921
8684,4.74400646224921
8685,4.74400646224921
8686,4.74400646224921
8687,4.74400646224921
8688,4.74400646224921
8689,4.74400646224921
8690,4.74400646224921
8691,4.74400646224921
8692,4.74400646224921
8693,4.74400646224921
8694,4.74400646224921
8695,4.74400646224921
8696,4.74400646224921
8697,4.74400646224921
8698,4.74400646224921
8699,4.74400646224921
8700,4.74400646224921
8701,4.74400646224921
8702,4.74400646224921
8703,4.74400646224921
8704,4.74400646224921
8705,4.74400646224921
8706,4.74400646224921
8707,4.74400646224921
8708,4.74400646224921
8709,4.74400646224921
8710,4.74400646224921
8711,4.74400646224921
8712,4.74400646224921
8713,4.74400646224921
8714,4.74400646224921
8715,4.74400646224921
8716,4.74400646224921
8717,4.74400646224921
8718,4.74400646224921
8719,4.74400646224921
8720,4.74400646224921
8721,4.74400646224921
8722,4.74400646224921
8723,4.74400646224921
8724,4.74400646224921
8725,4.74400646224921
8726,4.74400646224921
8727,4.74400646224921
8728,4.74400646224921
8729,4.74400646224921
8730,4.74400646224921
8731,4.74400646224921
8732,4.74400646224921
8733,4.74400646224921
8734,4.74400646224921
8735,4.74400646224921
8736,4.74400646224921
8737,4.74400646224921
8738,4.74400646224921
8739,4.74400646224921
8740,4.74400646224921
8741,4.74400646224921
8742,4.74400646224921
8743,4.74400646224921
8744,4.74400646224921
8745,4.74400646224921
8746,4.74400646224921
8747,4.74400646224921
8748,4.74400646224921
8749,4.74400646224921
8750,4.74400646224921
8751,4.74400646224921
8752,4.74400646224921
8753,4.74400646224921
8754,4.74400646224921
8755,4.74400646224921
8756,4.74400646224921
8757,4.74400646224921
8758,4.74400646224921
8759,4.74400646224921
8760,4.74400646224921
8761,4.74400646224921
8762,4.74400646224921
8763,4.74400646224921
8764,4.74400646224921
8765,4.74400646224921
8766,4.74400646224921
8767,4.74400646224921
8768,4.74400646224921
8769,4.74400646224921
8770,4.74400646224921
8771,4.74400646224921
8772,4.74400646224921
8773,4.74400646224921
8774,4.74400646224921
8775,4.74400646224921
8776,4.74400646224921
8777,4.74400646224921
8778,4.74400646224921
8779,4.74400646224921
8780,4.74400646224921
8781,4.74400646224921
8782,4.74400646224921
8783,4.74400646224921
8784,4.74400646224921
8785,4.74400646224921
8786,4.74400646224921
8787,4.74400646224921
8788,4.74400646224921
8789,4.74400646224921
8790,4.74400646224921
8791,4.74400646224921
8792,4.74400646224921
8793,4.74400646224921
8794,4.74400646224921
8795,4.74400646224921
8796,4.74400646224921
8797,4.74400646224921
8798,4.74400646224921
8799,4.74400646224921
8800,4.74400646224921
8801,4.74400646224921
8802,4.74400646224921
8803,4.74400646224921
8804,4.74400646224921
8805,4.74400646224921
8806,4.74400646224921
8807,4.74400646224921
8808,4.74400646224921
8809,4.74400646224921
8810,4.74400646224921
8811,4.74400646224921
8812,4.74400646224921
8813,4.74400646224921
8814,4.74400646224921
8815,4.74400646224921
8816,4.74400646224921
8817,4.74400646224921
8818,4.74400646224921
8819,4.74400646224921
8820,4.74400646224921
8821,4.74400646224921
8822,4.74400646224921
8823,4.74400646224921
8824,4.74400646224921
8825,4.74400646224921
8826,4.74400646224921
8827,4.74400646224921
8828,4.74400646224921
8829,4.74400646224921
8830,4.74400646224921
8831,4.74400646224921
8832,4.74400646224921
8833,4.74400646224921
8834,4.74400646224921
8835,4.74400646224921
8836,4.74400646224921
8837,4.74400646224921
8838,4.74400646224921
8839,4.74400646224921
8840,4.74400646224921
8841,4.74400646224921
8842,4.74400646224921
8843,4.74400646224921
8844,4.74400646224921
8845,4.74400646224921
8846,4.74400646224921
8847,4.74400646224921
8848,4.74400646224921
8849,4.74400646224921
8850,4.74400646224921
8851,4.74400646224921
8852,4.74400646224921
8853,4.74400646224921
8854,4.74400646224921
8855,4.74400646224921
8856,4.74400646224921
8857,4.74400646224921
8858,4.74400646224921
8859,4.74400646224921
8860,4.74400646224921
8861,4.74400646224921
8862,4.74400646224921
8863,4.74400646224921
8864,4.74400646224921
8865,4.74400646224921
8866,4.74400646224921
8867,4.74400646224921
8868,4.74400646224921
8869,4.74400646224921
8870,4.74400646224921
8871,4.74400646224921
8872,4.74400646224921
8873,4.74400646224921
8874,4.74400646224921
8875,4.74400646224921
8876,4.74400646224921
8877,4.74400646224921
8878,4.74400646224921
8879,4.74400646224921
8880,4.74400646224921
8881,4.74400646224921
8882,4.74400646224921
8883,4.74400646224921
8884,4.74400646224921
8885,4.74400646224921
8886,4.74400646224921
8887,4.74400646224921
8888,4.74400646224921
8889,4.74400646224921
8890,4.74400646224921
8891,4.74400646224921
8892,4.74400646224921
8893,4.74400646224921
8894,4.74400646224921
8895,4.74400646224921
8896,4.74400646224921
8897,4.74400646224921
8898,4.74400646224921
8899,4.74400646224921
8900,4.74400646224921
8901,4.74400646224921
8902,4.74400646224921
8903,4.74400646224921
8904,4.74400646224921
8905,4.74400646224921
8906,4.74400646224921
8907,4.74400646224921
8908,4.74400646224921
8909,4.74400646224921
8910,4.74400646224921
8911,4.74400646224921
8912,4.74400646224921
8913,4.74400646224921
8914,4.74400646224921
8915,4.74400646224921
8916,4.74400646224921
8917,4.74400646224921
8918,4.74400646224921
8919,4.74400646224921
8920,4.74400646224921
8921,4.74400646224921
8922,4.74400646224921
8923,4.74400646224921
8924,4.74400646224921
8925,4.74400646224921
8926,4.74400646224921
8927,4.74400646224921
8928,4.74400646224921
8929,4.74400646224921
8930,4.74400646224921
8931,4.74400646224921
8932,4.74400646224921
8933,4.74400646224921
8934,4.74400646224921
8935,4.74400646224921
8936,4.74400646224921
8937,4.74400646224921
8938,4.74400646224921
8939,4.74400646224921
8940,4.74400646224921
8941,4.74400646224921
8942,4.74400646224921
8943,4.74400646224921
8944,4.74400646224921
8945,4.74400646224921
8946,4.74400646224921
8947,4.74400646224921
8948,4.74400646224921
8949,4.74400646224921
8950,4.74400646224921
8951,4.74400646224921
8952,4.74400646224921
8953,4.74400646224921
8954,4.74400646224921
8955,4.74400646224921
8956,4.74400646224921
8957,4.74400646224921
8958,4.74400646224921
8959,4.74400646224921
8960,4.74400646224921
8961,4.74400646224921
8962,4.74400646224921
8963,4.74400646224921
8964,4.74400646224921
8965,4.74400646224921
8966,4.74400646224921
8967,4.74400646224921
8968,4.74400646224921
8969,4.74400646224921
8970,4.74400646224921
8971,4.74400646224921
8972,4.74400646224921
8973,4.74400646224921
8974,4.74400646224921
8975,4.74400646224921
8976,4.74400646224921
8977,4.74400646224921
8978,4.74400646224921
8979,4.74400646224921
8980,4.74400646224921
8981,4.74400646224921
8982,4.74400646224921
8983,4.74400646224921
8984,4.74400646224921
8985,4.74400646224921
8986,4.74400646224921
8987,4.74400646224921
8988,4.74400646224921
8989,4.74400646224921
8990,4.74400646224921
8991,4.74400646224921
8992,4.74400646224921
8993,4.74400646224921
8994,4.74400646224921
8995,4.74400646224921
8996,4.74400646224921
8997,4.74400646224921
8998,4.74400646224921
8999,4.74400646224921
9000,4.74400646224921
9001,4.74400646224921
9002,4.74400646224921
9003,4.74400646224921
9004,4.74400646224921
9005,4.74400646224921
9006,4.74400646224921
9007,4.74400646224921
9008,4.74400646224921
9009,4.74400646224921
9010,4.74400646224921
9011,4.74400646224921
9012,4.74400646224921
9013,4.74400646224921
9014,4.74400646224921
9015,4.74400646224921
9016,4.74400646224921
9017,4.74400646224921
9018,4.74400646224921
9019,4.74400646224921
9020,4.74400646224921
9021,4.74400646224921
9022,4.74400646224921
9023,4.74400646224921
9024,4.74400646224921
9025,4.74400646224921
9026,4.74400646224921
9027,4.74400646224921
9028,4.74400646224921
9029,4.74400646224921
9030,4.74400646224921
9031,4.74400646224921
9032,4.74400646224921
9033,4.74400646224921
9034,4.74400646224921
9035,4.74400646224921
9036,4.74400646224921
9037,4.74400646224921
9038,4.74400646224921
9039,4.74400646224921
9040,4.74400646224921
9041,4.74400646224921
9042,4.74400646224921
9043,4.74400646224921
9044,4.74400646224921
9045,4.74400646224921
9046,4.74400646224921
9047,4.74400646224921
9048,4.74400646224921
9049,4.74400646224921
9050,4.74400646224921
9051,4.74400646224921
9052,4.74400646224921
9053,4.74400646224921
9054,4.74400646224921
9055,4.74400646224921
9056,4.74400646224921
9057,4.74400646224921
9058,4.74400646224921
9059,4.74400646224921
9060,4.74400646224921
9061,4.74400646224921
9062,4.74400646224921
9063,4.74400646224921
9064,4.74400646224921
9065,4.74400646224921
9066,4.74400646224921
9067,4.74400646224921
9068,4.74400646224921
9069,4.74400646224921
9070,4.74400646224921
9071,4.74400646224921
9072,4.74400646224921
9073,4.74400646224921
9074,4.74400646224921
9075,4.74400646224921
9076,4.74400646224921
9077,4.74400646224921
9078,4.74400646224921
9079,4.74400646224921
9080,4.74400646224921
9081,4.74400646224921
9082,4.74400646224921
9083,4.74400646224921
9084,4.74400646224921
9085,4.74400646224921
9086,4.74400646224921
9087,4.74400646224921
9088,4.74400646224921
9089,4.74400646224921
9090,4.74400646224921
9091,4.74400646224921
9092,4.74400646224921
9093,4.74400646224921
9094,4.74400646224921
9095,4.74400646224921
9096,4.74400646224921
9097,4.74400646224921
9098,4.74400646224921
9099,4.74400646224921
9100,4.74400646224921
9101,4.74400646224921
9102,4.74400646224921
9103,4.74400646224921
9104,4.74400646224921
9105,4.74400646224921
9106,4.74400646224921
9107,4.74400646224921
9108,4.74400646224921
9109,4.74400646224921
9110,4.74400646224921
9111,4.74400646224921
9112,4.74400646224921
9113,4.74400646224921
9114,4.74400646224921
9115,4.74400646224921
9116,4.74400646224921
9117,4.74400646224921
9118,4.74400646224921
9119,4.74400646224921
9120,4.74400646224921
9121,4.74400646224921
9122,4.74400646224921
9123,4.74400646224921
9124,4.74400646224921
9125,4.74400646224921
9126,4.74400646224921
9127,4.74400646224921
9128,4.74400646224921
9129,4.74400646224921
9130,4.74400646224921
9131,4.74400646224921
9132,4.74400646224921
9133,4.74400646224921
9134,4.74400646224921
9135,4.74400646224921
9136,4.74400646224921
9137,4.74400646224921
9138,4.74400646224921
9139,4.74400646224921
9140,4.74400646224921
9141,4.74400646224921
9142,4.74400646224921
9143,4.74400646224921
9144,4.74400646224921
9145,4.74400646224921
9146,4.74400646224921
9147,4.74400646224921
9148,4.74400646224921
9149,4.74400646224921
9150,4.74400646224921
9151,4.74400646224921
9152,4.74400646224921
9153,4.74400646224921
9154,4.74400646224921
9155,4.74400646224921
9156,4.74400646224921
9157,4.74400646224921
9158,4.74400646224921
9159,4.74400646224921
9160,4.74400646224921
9161,4.74400646224921
9162,4.74400646224921
9163,4.74400646224921
9164,4.74400646224921
9165,4.74400646224921
9166,4.74400646224921
9167,4.74400646224921
9168,4.74400646224921
9169,4.74400646224921
9170,4.74400646224921
9171,4.74400646224921
9172,4.74400646224921
9173,4.74400646224921
9174,4.74400646224921
9175,4.74400646224921
9176,4.74400646224921
9177,4.74400646224921
9178,4.74400646224921
9179,4.74400646224921
9180,4.74400646224921
9181,4.74400646224921
9182,4.74400646224921
9183,4.74400646224921
9184,4.74400646224921
9185,4.74400646224921
9186,4.74400646224921
9187,4.74400646224921
9188,4.74400646224921
9189,4.74400646224921
9190,4.74400646224921
9191,4.74400646224921
9192,4.74400646224921
9193,4.74400646224921
9194,4.74400646224921
9195,4.74400646224921
9196,4.74400646224921
9197,4.74400646224921
9198,4.74400646224921
9199,4.74400646224921
9200,4.74400646224921
9201,4.74400646224921
9202,4.74400646224921
9203,4.74400646224921
9204,4.74400646224921
9205,4.74400646224921
9206,4.74400646224921
9207,4.74400646224921
9208,4.74400646224921
9209,4.74400646224921
9210,4.74400646224921
9211,4.74400646224921
9212,4.74400646224921
9213,4.74400646224921
9214,4.74400646224921
9215,4.74400646224921
9216,4.74400646224921
9217,4.74400646224921
9218,4.74400646224921
9219,4.74400646224921
9220,4.74400646224921
9221,4.74400646224921
9222,4.74400646224921
9223,4.74400646224921
9224,4.74400646224921
9225,4.74400646224921
9226,4.74400646224921
9227,4.74400646224921
9228,4.74400646224921
9229,4.74400646224921
9230,4.74400646224921
9231,4.74400646224921
9232,4.74400646224921
9233,4.74400646224921
9234,4.74400646224921
9235,4.74400646224921
9236,4.74400646224921
9237,4.74400646224921
9238,4.74400646224921
9239,4.74400646224921
9240,4.74400646224921
9241,4.74400646224921
9242,4.74400646224921
9243,4.74400646224921
9244,4.74400646224921
9245,4.74400646224921
9246,4.74400646224921
9247,4.74400646224921
9248,4.74400646224921
9249,4.74400646224921
9250,4.74400646224921
9251,4.74400646224921
9252,4.74400646224921
9253,4.74400646224921
9254,4.74400646224921
9255,4.74400646224921
9256,4.74400646224921
9257,4.74400646224921
9258,4.74400646224921
9259,4.74400646224921
9260,4.74400646224921
9261,4.74400646224921
9262,4.74400646224921
9263,4.74400646224921
9264,4.74400646224921
9265,4.74400646224921
9266,4.74400646224921
9267,4.74400646224921
9268,4.74400646224921
9269,4.74400646224921
9270,4.74400646224921
9271,4.74400646224921
9272,4.74400646224921
9273,4.74400646224921
9274,4.74400646224921
9275,4.74400646224921
9276,4.74400646224921
9277,4.74400646224921
9278,4.74400646224921
9279,4.74400646224921
9280,4.74400646224921
9281,4.74400646224921
9282,4.74400646224921
9283,4.74400646224921
9284,4.74400646224921
9285,4.74400646224921
9286,4.74400646224921
9287,4.74400646224921
9288,4.74400646224921
9289,4.74400646224921
9290,4.74400646224921
9291,4.74400646224921
9292,4.74400646224921
9293,4.74400646224921
9294,4.74400646224921
9295,4.74400646224921
9296,4.74400646224921
9297,4.74400646224921
9298,4.74400646224921
9299,4.74400646224921
9300,4.74400646224921
9301,4.74400646224921
9302,4.74400646224921
9303,4.74400646224921
9304,4.74400646224921
9305,4.74400646224921
9306,4.74400646224921
9307,4.74400646224921
9308,4.74400646224921
9309,4.74400646224921
9310,4.74400646224921
9311,4.74400646224921
9312,4.74400646224921
9313,4.74400646224921
9314,4.74400646224921
9315,4.74400646224921
9316,4.74400646224921
9317,4.74400646224921
9318,4.74400646224921
9319,4.74400646224921
9320,4.74400646224921
9321,4.74400646224921
9322,4.74400646224921
9323,4.74400646224921
9324,4.74400646224921
9325,4.74400646224921
9326,4.74400646224921
9327,4.74400646224921
9328,4.74400646224921
9329,4.74400646224921
9330,4.74400646224921
9331,4.74400646224921
9332,4.74400646224921
9333,4.74400646224921
9334,4.74400646224921
9335,4.74400646224921
9336,4.74400646224921
9337,4.74400646224921
9338,4.74400646224921
9339,4.74400646224921
9340,4.74400646224921
9341,4.74400646224921
9342,4.74400646224921
9343,4.74400646224921
9344,4.74400646224921
9345,4.74400646224921
9346,4.74400646224921
9347,4.74400646224921
9348,4.74400646224921
9349,4.74400646224921
9350,4.74400646224921
9351,4.74400646224921
9352,4.74400646224921
9353,4.74400646224921
9354,4.74400646224921
9355,4.74400646224921
9356,4.74400646224921
9357,4.74400646224921
9358,4.74400646224921
9359,4.74400646224921
9360,4.74400646224921
9361,4.74400646224921
9362,4.74400646224921
9363,4.74400646224921
9364,4.74400646224921
9365,4.74400646224921
9366,4.74400646224921
9367,4.74400646224921
9368,4.74400646224921
9369,4.74400646224921
9370,4.74400646224921
9371,4.74400646224921
9372,4.74400646224921
9373,4.74400646224921
9374,4.74400646224921
9375,4.74400646224921
9376,4.74400646224921
9377,4.74400646224921
9378,4.74400646224921
9379,4.74400646224921
9380,4.74400646224921
9381,4.74400646224921
9382,4.74400646224921
9383,4.74400646224921
9384,4.74400646224921
9385,4.74400646224921
9386,4.74400646224921
9387,4.74400646224921
9388,4.74400646224921
9389,4.74400646224921
9390,4.74400646224921
9391,4.74400646224921
9392,4.74400646224921
9393,4.74400646224921
9394,4.74400646224921
9395,4.74400646224921
9396,4.74400646224921
9397,4.74400646224921
9398,4.74400646224921
9399,4.74400646224921
9400,4.74400646224921
9401,4.74400646224921
9402,4.74400646224921
9403,4.74400646224921
9404,4.74400646224921
9405,4.74400646224921
9406,4.74400646224921
9407,4.74400646224921
9408,4.74400646224921
9409,4.74400646224921
9410,4.74400646224921
9411,4.74400646224921
9412,4.74400646224921
9413,4.74400646224921
9414,4.74400646224921
9415,4.74400646224921
9416,4.74400646224921
9417,4.74400646224921
9418,4.74400646224921
9419,4.74400646224921
9420,4.74400646224921
9421,4.74400646224921
9422,4.74400646224921
9423,4.74400646224921
9424,4.74400646224921
9425,4.74400646224921
9426,4.74400646224921
9427,4.74400646224921
9428,4.74400646224921
9429,4.74400646224921
9430,4.74400646224921
9431,4.74400646224921
9432,4.74400646224921
9433,4.74400646224921
9434,4.74400646224921
9435,4.74400646224921
9436,4.74400646224921
9437,4.74400646224921
9438,4.74400646224921
9439,4.74400646224921
9440,4.74400646224921
9441,4.74400646224921
9442,4.74400646224921
9443,4.74400646224921
9444,4.74400646224921
9445,4.74400646224921
9446,4.74400646224921
9447,4.74400646224921
9448,4.74400646224921
9449,4.74400646224921
9450,4.74400646224921
9451,4.74400646224921
9452,4.74400646224921
9453,4.74400646224921
9454,4.74400646224921
9455,4.74400646224921
9456,4.74400646224921
9457,4.74400646224921
9458,4.74400646224921
9459,4.74400646224921
9460,4.74400646224921
9461,4.74400646224921
9462,4.74400646224921
9463,4.74400646224921
9464,4.74400646224921
9465,4.74400646224921
9466,4.74400646224921
9467,4.74400646224921
9468,4.74400646224921
9469,4.74400646224921
9470,4.74400646224921
9471,4.74400646224921
9472,4.74400646224921
9473,4.74400646224921
9474,4.74400646224921
9475,4.74400646224921
9476,4.74400646224921
9477,4.74400646224921
9478,4.74400646224921
9479,4.74400646224921
9480,4.74400646224921
9481,4.74400646224921
9482,4.74400646224921
9483,4.74400646224921
9484,4.74400646224921
9485,4.74400646224921
9486,4.74400646224921
9487,4.74400646224921
9488,4.74400646224921
9489,4.74400646224921
9490,4.74400646224921
9491,4.74400646224921
9492,4.74400646224921
9493,4.74400646224921
9494,4.74400646224921
9495,4.74400646224921
9496,4.74400646224921
9497,4.74400646224921
9498,4.74400646224921
9499,4.74400646224921
9500,4.74400646224921
9501,4.74400646224921
9502,4.74400646224921
9503,4.74400646224921
9504,4.74400646224921
9505,4.74400646224921
9506,4.74400646224921
9507,4.74400646224921
9508,4.74400646224921
9509,4.74400646224921
9510,4.74400646224921
9511,4.74400646224921
9512,4.74400646224921
9513,4.74400646224921
9514,4.74400646224921
9515,4.74400646224921
9516,4.74400646224921
9517,4.74400646224921
9518,4.74400646224921
9519,4.74400646224921
9520,4.74400646224921
9521,4.74400646224921
9522,4.74400646224921
9523,4.74400646224921
9524,4.74400646224921
9525,4.74400646224921
9526,4.74400646224921
9527,4.74400646224921
9528,4.74400646224921
9529,4.74400646224921
9530,4.74400646224921
9531,4.74400646224921
9532,4.74400646224921
9533,4.74400646224921
9534,4.74400646224921
9535,4.74400646224921
9536,4.74400646224921
9537,4.74400646224921
9538,4.74400646224921
9539,4.74400646224921
9540,4.74400646224921
9541,4.74400646224921
9542,4.74400646224921
9543,4.74400646224921
9544,4.74400646224921
9545,4.74400646224921
9546,4.74400646224921
9547,4.74400646224921
9548,4.74400646224921
9549,4.74400646224921
9550,4.74400646224921
9551,4.74400646224921
9552,4.74400646224921
9553,4.74400646224921
9554,4.74400646224921
9555,4.74400646224921
9556,4.74400646224921
9557,4.74400646224921
9558,4.74400646224921
9559,4.74400646224921
9560,4.74400646224921
9561,4.74400646224921
9562,4.74400646224921
9563,4.74400646224921
9564,4.74400646224921
9565,4.74400646224921
9566,4.74400646224921
9567,4.74400646224921
9568,4.74400646224921
9569,4.74400646224921
9570,4.74400646224921
9571,4.74400646224921
9572,4.74400646224921
9573,4.74400646224921
9574,4.74400646224921
9575,4.74400646224921
9576,4.74400646224921
9577,4.74400646224921
9578,4.74400646224921
9579,4.74400646224921
9580,4.74400646224921
9581,4.74400646224921
9582,4.74400646224921
9583,4.74400646224921
9584,4.74400646224921
9585,4.74400646224921
9586,4.74400646224921
9587,4.74400646224921
9588,4.74400646224921
9589,4.74400646224921
9590,4.74400646224921
9591,4.74400646224921
9592,4.74400646224921
9593,4.74400646224921
9594,4.74400646224921
9595,4.74400646224921
9596,4.74400646224921
9597,4.74400646224921
9598,4.74400646224921
9599,4.74400646224921
9600,4.74400646224921
9601,4.74400646224921
9602,4.74400646224921
9603,4.74400646224921
9604,4.74400646224921
9605,4.74400646224921
9606,4.74400646224921
9607,4.74400646224921
9608,4.74400646224921
9609,4.74400646224921
9610,4.74400646224921
9611,4.74400646224921
9612,4.74400646224921
9613,4.74400646224921
9614,4.74400646224921
9615,4.74400646224921
9616,4.74400646224921
9617,4.74400646224921
9618,4.74400646224921
9619,4.74400646224921
9620,4.74400646224921
9621,4.74400646224921
9622,4.74400646224921
9623,4.74400646224921
9624,4.74400646224921
9625,4.74400646224921
9626,4.74400646224921
9627,4.74400646224921
9628,4.74400646224921
9629,4.74400646224921
9630,4.74400646224921
9631,4.74400646224921
9632,4.74400646224921
9633,4.74400646224921
9634,4.74400646224921
9635,4.74400646224921
9636,4.74400646224921
9637,4.74400646224921
9638,4.74400646224921
9639,4.74400646224921
9640,4.74400646224921
9641,4.74400646224921
9642,4.74400646224921
9643,4.74400646224921
9644,4.74400646224921
9645,4.74400646224921
9646,4.74400646224921
9647,4.74400646224921
9648,4.74400646224921
9649,4.74400646224921
9650,4.74400646224921
9651,4.74400646224921
9652,4.74400646224921
9653,4.74400646224921
9654,4.74400646224921
9655,4.74400646224921
9656,4.74400646224921
9657,4.74400646224921
9658,4.74400646224921
9659,4.74400646224921
9660,4.74400646224921
9661,4.74400646224921
9662,4.74400646224921
9663,4.74400646224921
9664,4.74400646224921
9665,4.74400646224921
9666,4.74400646224921
9667,4.74400646224921
9668,4.74400646224921
9669,4.74400646224921
9670,4.74400646224921
9671,4.74400646224921
9672,4.74400646224921
9673,4.74400646224921
9674,4.74400646224921
9675,4.74400646224921
9676,4.74400646224921
9677,4.74400646224921
9678,4.74400646224921
9679,4.74400646224921
9680,4.74400646224921
9681,4.74400646224921
9682,4.74400646224921
9683,4.74400646224921
9684,4.74400646224921
9685,4.74400646224921
9686,4.74400646224921
9687,4.74400646224921
9688,4.74400646224921
9689,4.74400646224921
9690,4.74400646224921
9691,4.74400646224921
9692,4.74400646224921
9693,4.74400646224921
9694,4.74400646224921
9695,4.74400646224921
9696,4.74400646224921
9697,4.74400646224921
9698,4.74400646224921
9699,4.74400646224921
9700,4.74400646224921
9701,4.74400646224921
9702,4.74400646224921
9703,4.74400646224921
9704,4.74400646224921
9705,4.74400646224921
9706,4.74400646224921
9707,4.74400646224921
9708,4.74400646224921
9709,4.74400646224921
9710,4.74400646224921
9711,4.74400646224921
9712,4.74400646224921
9713,4.74400646224921
9714,4.74400646224921
9715,4.74400646224921
9716,4.74400646224921
9717,4.74400646224921
9718,4.74400646224921
9719,4.74400646224921
9720,4.74400646224921
9721,4.74400646224921
9722,4.74400646224921
9723,4.74400646224921
9724,4.74400646224921
9725,4.74400646224921
9726,4.74400646224921
9727,4.74400646224921
9728,4.74400646224921
9729,4.74400646224921
9730,4.74400646224921
9731,4.74400646224921
9732,4.74400646224921
9733,4.74400646224921
9734,4.74400646224921
9735,4.74400646224921
9736,4.74400646224921
9737,4.74400646224921
9738,4.74400646224921
9739,4.74400646224921
9740,4.74400646224921
9741,4.74400646224921
9742,4.74400646224921
9743,4.74400646224921
9744,4.74400646224921
9745,4.74400646224921
9746,4.74400646224921
9747,4.74400646224921
9748,4.74400646224921
9749,4.74400646224921
9750,4.74400646224921
9751,4.74400646224921
9752,4.74400646224921
9753,4.74400646224921
9754,4.74400646224921
9755,4.74400646224921
9756,4.74400646224921
9757,4.74400646224921
9758,4.74400646224921
9759,4.74400646224921
9760,4.74400646224921
9761,4.74400646224921
9762,4.74400646224921
9763,4.74400646224921
9764,4.74400646224921
9765,4.74400646224921
9766,4.74400646224921
9767,4.74400646224921
9768,4.74400646224921
9769,4.74400646224921
9770,4.74400646224921
9771,4.74400646224921
9772,4.74400646224921
9773,4.74400646224921
9774,4.74400646224921
9775,4.74400646224921
9776,4.74400646224921
9777,4.74400646224921
9778,4.74400646224921
9779,4.74400646224921
9780,4.74400646224921
9781,4.74400646224921
9782,4.74400646224921
9783,4.74400646224921
9784,4.74400646224921
9785,4.74400646224921
9786,4.74400646224921
9787,4.74400646224921
9788,4.74400646224921
9789,4.74400646224921
9790,4.74400646224921
9791,4.74400646224921
9792,4.74400646224921
9793,4.74400646224921
9794,4.74400646224921
9795,4.74400646224921
9796,4.74400646224921
9797,4.74400646224921
9798,4.74400646224921
9799,4.74400646224921
9800,4.74400646224921
9801,4.74400646224921
9802,4.74400646224921
9803,4.74400646224921
9804,4.74400646224921
9805,4.74400646224921
9806,4.74400646224921
9807,4.74400646224921
9808,4.74400646224921
9809,4.74400646224921
9810,3.3026724902888263
9811,3.3026724902888263
9812,3.3026724902888263
9813,3.3026724902888263
9814,3.3026724902888263
9815,3.3026724902888263
9816,3.3026724902888263
9817,3.3026724902888263
9818,3.3026724902888263
9819,3.3026724902888263
9820,3.3026724902888263
9821,3.3026724902888263
9822,3.3026724902888263
9823,3.3026724902888263
9824,3.3026724902888263
9825,3.3026724902888263
9826,3.3026724902888263
9827,3.3026724902888263
9828,3.3026724902888263
9829,3.3026724902888263
9830,3.3026724902888263
9831,3.3026724902888263
9832,3.3026724902888263
9833,3.3026724902888263
9834,3.3026724902888263
9835,3.3026724902888263
9836,3.3026724902888263
9837,3.3026724902888263
9838,3.3026724902888263
9839,3.3026724902888263
9840,3.3026724902888263
9841,3.3026724902888263
9842,3.3026724902888263
9843,3.3026724902888263
9844,3.3026724902888263
9845,3.3026724902888263
9846,3.3026724902888263
9847,3.3026724902888263
9848,3.3026724902888263
9849,3.3026724902888263
9850,3.3026724902888263
9851,3.3026724902888263
9852,3.3026724902888263
9853,3.3026724902888263
9854,3.3026724902888263
9855,3.3026724902888263
9856,3.3026724902888263
9857,3.3026724902888263
9858,3.3026724902888263
9859,3.3026724902888263
9860,3.3026724902888263
9861,3.3026724902888263
9862,3.3026724902888263
9863,3.3026724902888263
9864,3.3026724902888263
9865,3.3026724902888263
9866,3.3026724902888263
9867,3.3026724902888263
9868,3.3026724902888263
9869,3.3026724902888263
9870,3.3026724902888263
9871,3.3026724902888263
9872,3.3026724902888263
9873,3.3026724902888263
9874,3.3026724902888263
9875,3.3026724902888263
9876,3.3026724902888263
9877,3.3026724902888263
9878,3.3026724902888263
9879,3.3026724902888263
9880,3.3026724902888263
9881,3.3026724902888263
9882,3.3026724902888263
9883,3.3026724902888263
9884,3.3026724902888263
9885,3.3026724902888263
9886,3.3026724902888263
9887,3.3026724902888263
9888,3.3026724902888263
9889,3.3026724902888263
9890,3.3026724902888263
9891,3.3026724902888263
9892,3.3026724902888263
9893,3.3026724902888263
9894,3.3026724902888263
9895,3.3026724902888263
9896,3.3026724902888263
9897,3.3026724902888263
9898,3.3026724902888263
9899,3.3026724902888263
9900,3.3026724902888263
9901,3.3026724902888263
9902,3.3026724902888263
9903,3.3026724902888263
9904,3.3026724902888263
9905,3.3026724902888263
9906,3.3026724902888263
9907,3.3026724902888263
9908,3.3026724902888263
9909,3.3026724902888263
9910,3.3026724902888263
9911,3.3026724902888263
9912,3.3026724902888263
9913,3.3026724902888263
9914,3.3026724902888263
9915,3.3026724902888263
9916,3.3026724902888263
9917,3.3026724902888263
9918,3.3026724902888263
9919,3.3026724902888263
9920,3.3026724902888263
9921,3.3026724902888263
9922,3.3026724902888263
9923,3.3026724902888263
9924,3.3026724902888263
9925,3.3026724902888263
9926,3.3026724902888263
9927,3.3026724902888263
9928,3.3026724902888263
9929,3.3026724902888263
9930,3.3026724902888263
9931,3.3026724902888263
9932,3.3026724902888263
9933,3.3026724902888263
9934,3.3026724902888263
9935,3.3026724902888263
9936,3.3026724902888263
9937,3.3026724902888263
9938,3.3026724902888263
9939,3.3026724902888263
9940,3.3026724902888263
9941,3.3026724902888263
9942,3.3026724902888263
9943,3.3026724902888263
9944,3.3026724902888263
9945,3.3026724902888263
9946,3.3026724902888263
9947,3.3026724902888263
9948,3.3026724902888263
9949,3.3026724902888263
9950,3.3026724902888263
9951,3.3026724902888263
9952,3.3026724902888263
9953,3.3026724902888263
9954,3.3026724902888263
9955,3.3026724902888263
9956,3.3026724902888263
9957,3.3026724902888263
9958,3.3026724902888263
9959,3.3026724902888263
9960,3.3026724902888263
9961,3.3026724902888263
9962,3.3026724902888263
9963,3.3026724902888263
9964,3.3026724902888263
9965,3.3026724902888263
9966,3.3026724902888263
9967,3.3026724902888263
9968,3.3026724902888263
9969,3.3026724902888263
9970,3.3026724902888263
9971,3.3026724902888263
9972,3.3026724902888263
9973,3.3026724902888263
9974,3.3026724902888263
9975,3.3026724902888263
9976,3.3026724902888263
9977,3.3026724902888263
9978,3.3026724902888263
9979,3.3026724902888263
9980,3.3026724902888263
9981,3.3026724902888263
9982,3.3026724902888263
9983,3.3026724902888263
9984,3.3026724902888263
9985,3.3026724902888263
9986,3.3026724902888263
9987,3.1591291678561446
9988,3.1591291678561446
9989,3.1591291678561446
9990,3.1591291678561446
9991,3.1591291678561446
9992,3.1591291678561446
9993,3.1591291678561446
9994,2.830103437038518
9995,2.830103437038518
9996,2.830103437038518
9997,2.830103437038518
9998,2.830103437038518
9999,2.830103437038518
10000,2.830103437038518
