iteration,best_loss
0,100.15075321184649
1,100.15075321184649
2,100.15075321184649
3,100.15075321184649
4,100.15075321184649
5,88.68288676485834
6,30.96509891761989
7,30.96509891761989
8,20.15664330981339
9,20.15664330981339
10,20.15664330981339
11,20.15664330981339
12,20.15664330981339
13,20.15664330981339
14,20.15664330981339
15,20.15664330981339
16,20.15664330981339
17,20.15664330981339
18,20.15664330981339
19,20.15664330981339
20,20.15664330981339
21,20.15664330981339
22,20.15664330981339
23,20.15664330981339
24,20.15664330981339
25,20.15664330981339
26,15.136474614886888
27,15.136474614886888
28,15.136474614886888
29,15.136474614886888
30,15.136474614886888
31,15.136474614886888
32,14.890525915977518
33,14.890525915977518
34,14.890525915977518
35,14.890525915977518
36,14.890525915977518
37,14.890525915977518
38,14.890525915977518
39,14.890525915977518
40,10.996204604391348
41,10.996204604391348
42,10.996204604391348
43,10.996204604391348
44,10.996204604391348
45,10.996204604391348
46,10.996204604391348
47,10.996204604391348
48,10.996204604391348
49,10.996204604391348
50,10.996204604391348
51,10.996204604391348
52,10.996204604391348
53,10.996204604391348
54,10.996204604391348
55,10.996204604391348
56,10.996204604391348
57,10.996204604391348
58,10.996204604391348
59,10.996204604391348
60,10.996204604391348
61,10.996204604391348
62,10.996204604391348
63,10.996204604391348
64,10.996204604391348
65,10.996204604391348
66,10.996204604391348
67,10.996204604391348
68,10.996204604391348
69,10.996204604391348
70,10.996204604391348
71,10.996204604391348
72,10.996204604391348
73,10.996204604391348
74,10.996204604391348
75,10.996204604391348
76,10.996204604391348
77,10.996204604391348
78,10.996204604391348
79,10.996204604391348
80,10.996204604391348
81,10.996204604391348
82,10.996204604391348
83,10.996204604391348
84,10.996204604391348
85,10.996204604391348
86,10.996204604391348
87,10.996204604391348
88,10.996204604391348
89,10.996204604391348
90,10.996204604391348
91,10.996204604391348
92,10.996204604391348
93,10.996204604391348
94,10.996204604391348
95,10.996204604391348
96,10.996204604391348
97,10.996204604391348
98,10.996204604391348
99,10.996204604391348
100,10.996204604391348
101,10.996204604391348
102,10.996204604391348
103,10.996204604391348
104,10.996204604391348
105,10.996204604391348
106,10.996204604391348
107,10.996204604391348
108,10.996204604391348
109,10.996204604391348
110,10.996204604391348
111,10.996204604391348
112,10.996204604391348
113,10.996204604391348
114,10.996204604391348
115,10.996204604391348
116,10.996204604391348
117,10.996204604391348
118,10.996204604391348
119,10.996204604391348
120,10.996204604391348
121,10.996204604391348
122,10.996204604391348
123,10.996204604391348
124,10.996204604391348
125,10.996204604391348
126,10.996204604391348
127,10.996204604391348
128,10.996204604391348
129,10.996204604391348
130,10.996204604391348
131,10.74803259025536
132,10.74803259025536
133,10.74803259025536
134,10.74803259025536
135,10.74803259025536
136,10.74803259025536
137,10.74803259025536
138,10.74803259025536
139,10.74803259025536
140,10.74803259025536
141,10.74803259025536
142,10.74803259025536
143,10.74803259025536
144,10.74803259025536
145,10.74803259025536
146,10.460300403003334
147,10.460300403003334
148,10.460300403003334
149,10.460300403003334
150,10.460300403003334
151,10.460300403003334
152,10.460300403003334
153,10.460300403003334
154,10.460300403003334
155,10.460300403003334
156,10.460300403003334
157,10.460300403003334
158,10.460300403003334
159,10.460300403003334
160,10.460300403003334
161,10.460300403003334
162,10.460300403003334
163,10.460300403003334
164,10.460300403003334
165,10.460300403003334
166,10.460300403003334
167,10.460300403003334
168,10.460300403003334
169,9.720296748099491
170,9.720296748099491
171,9.720296748099491
172,9.720296748099491
173,9.720296748099491
174,9.720296748099491
175,9.720296748099491
176,9.720296748099491
177,9.720296748099491
178,9.720296748099491
179,9.720296748099491
180,9.720296748099491
181,9.720296748099491
182,9.720296748099491
183,9.720296748099491
184,9.720296748099491
185,9.720296748099491
186,9.720296748099491
187,9.720296748099491
188,9.720296748099491
189,9.720296748099491
190,9.720296748099491
191,9.720296748099491
192,9.720296748099491
193,9.720296748099491
194,9.720296748099491
195,9.720296748099491
196,9.720296748099491
197,9.720296748099491
198,9.720296748099491
199,9.720296748099491
200,9.720296748099491
201,9.720296748099491
202,9.720296748099491
203,9.720296748099491
204,9.720296748099491
205,9.720296748099491
206,9.720296748099491
207,9.720296748099491
208,9.720296748099491
209,9.720296748099491
210,9.720296748099491
211,9.720296748099491
212,9.720296748099491
213,9.720296748099491
214,9.720296748099491
215,9.720296748099491
216,9.720296748099491
217,9.720296748099491
218,9.720296748099491
219,9.720296748099491
220,9.720296748099491
221,9.720296748099491
222,9.720296748099491
223,9.720296748099491
224,9.720296748099491
225,9.720296748099491
226,9.720296748099491
227,9.720296748099491
228,9.720296748099491
229,9.720296748099491
230,9.720296748099491
231,9.720296748099491
232,9.720296748099491
233,9.720296748099491
234,9.720296748099491
235,9.720296748099491
236,9.720296748099491
237,9.720296748099491
238,9.720296748099491
239,9.720296748099491
240,9.720296748099491
241,9.720296748099491
242,9.720296748099491
243,9.720296748099491
244,9.720296748099491
245,9.720296748099491
246,9.720296748099491
247,9.720296748099491
248,9.720296748099491
249,9.720296748099491
250,9.720296748099491
251,9.720296748099491
252,9.720296748099491
253,9.720296748099491
254,9.720296748099491
255,9.720296748099491
256,9.720296748099491
257,9.720296748099491
258,9.720296748099491
259,9.720296748099491
260,9.720296748099491
261,9.720296748099491
262,9.720296748099491
263,9.720296748099491
264,9.720296748099491
265,9.720296748099491
266,9.720296748099491
267,9.720296748099491
268,9.720296748099491
269,9.720296748099491
270,9.720296748099491
271,9.720296748099491
272,9.720296748099491
273,9.720296748099491
274,9.720296748099491
275,9.720296748099491
276,9.720296748099491
277,9.720296748099491
278,9.720296748099491
279,9.720296748099491
280,9.720296748099491
281,9.720296748099491
282,9.720296748099491
283,9.720296748099491
284,9.720296748099491
285,9.720296748099491
286,9.720296748099491
287,9.720296748099491
288,9.720296748099491
289,9.720296748099491
290,9.720296748099491
291,9.720296748099491
292,9.720296748099491
293,9.720296748099491
294,9.720296748099491
295,9.720296748099491
296,9.720296748099491
297,9.720296748099491
298,9.720296748099491
299,9.720296748099491
300,9.720296748099491
301,9.720296748099491
302,9.720296748099491
303,9.720296748099491
304,9.720296748099491
305,9.720296748099491
306,9.720296748099491
307,9.720296748099491
308,9.720296748099491
309,9.720296748099491
310,9.507266860586869
311,9.507266860586869
312,9.507266860586869
313,9.507266860586869
314,9.507266860586869
315,9.507266860586869
316,9.507266860586869
317,9.507266860586869
318,9.507266860586869
319,9.507266860586869
320,9.507266860586869
321,9.507266860586869
322,9.507266860586869
323,9.507266860586869
324,9.507266860586869
325,9.507266860586869
326,9.507266860586869
327,9.507266860586869
328,9.507266860586869
329,9.507266860586869
330,9.507266860586869
331,9.507266860586869
332,9.507266860586869
333,9.507266860586869
334,9.507266860586869
335,9.507266860586869
336,9.507266860586869
337,9.507266860586869
338,9.507266860586869
339,9.507266860586869
340,9.507266860586869
341,9.507266860586869
342,9.507266860586869
343,9.507266860586869
344,9.507266860586869
345,9.507266860586869
346,9.507266860586869
347,9.507266860586869
348,9.507266860586869
349,9.507266860586869
350,9.507266860586869
351,9.507266860586869
352,9.507266860586869
353,9.507266860586869
354,9.507266860586869
355,9.507266860586869
356,9.507266860586869
357,9.507266860586869
358,9.507266860586869
359,9.507266860586869
360,9.507266860586869
361,9.507266860586869
362,9.507266860586869
363,9.507266860586869
364,9.507266860586869
365,9.507266860586869
366,9.507266860586869
367,9.507266860586869
368,9.507266860586869
369,9.507266860586869
370,9.507266860586869
371,9.507266860586869
372,9.507266860586869
373,9.507266860586869
374,9.507266860586869
375,9.507266860586869
376,9.507266860586869
377,9.507266860586869
378,9.507266860586869
379,9.507266860586869
380,9.507266860586869
381,9.507266860586869
382,9.507266860586869
383,9.507266860586869
384,9.507266860586869
385,9.507266860586869
386,9.507266860586869
387,9.507266860586869
388,9.507266860586869
389,9.507266860586869
390,9.507266860586869
391,9.507266860586869
392,9.507266860586869
393,9.507266860586869
394,9.507266860586869
395,9.507266860586869
396,9.507266860586869
397,9.507266860586869
398,9.507266860586869
399,9.507266860586869
400,9.507266860586869
401,9.507266860586869
402,9.507266860586869
403,9.507266860586869
404,9.507266860586869
405,9.507266860586869
406,9.507266860586869
407,9.507266860586869
408,9.507266860586869
409,9.507266860586869
410,9.507266860586869
411,9.507266860586869
412,9.507266860586869
413,9.507266860586869
414,9.507266860586869
415,9.507266860586869
416,9.507266860586869
417,9.507266860586869
418,9.507266860586869
419,9.507266860586869
420,9.507266860586869
421,9.507266860586869
422,9.507266860586869
423,9.507266860586869
424,9.507266860586869
425,9.507266860586869
426,9.507266860586869
427,9.507266860586869
428,9.507266860586869
429,9.507266860586869
430,9.507266860586869
431,9.507266860586869
432,9.507266860586869
433,9.507266860586869
434,9.507266860586869
435,9.507266860586869
436,9.507266860586869
437,9.507266860586869
438,9.507266860586869
439,9.507266860586869
440,9.507266860586869
441,9.507266860586869
442,9.507266860586869
443,9.507266860586869
444,9.507266860586869
445,9.507266860586869
446,9.507266860586869
447,9.507266860586869
448,9.507266860586869
449,9.507266860586869
450,9.507266860586869
451,9.507266860586869
452,9.507266860586869
453,9.507266860586869
454,9.507266860586869
455,9.507266860586869
456,9.507266860586869
457,9.507266860586869
458,9.507266860586869
459,9.507266860586869
460,9.507266860586869
461,9.507266860586869
462,9.507266860586869
463,9.507266860586869
464,9.507266860586869
465,9.507266860586869
466,9.507266860586869
467,9.507266860586869
468,9.507266860586869
469,9.507266860586869
470,9.507266860586869
471,9.507266860586869
472,9.507266860586869
473,9.507266860586869
474,9.507266860586869
475,9.507266860586869
476,9.507266860586869
477,9.507266860586869
478,9.507266860586869
479,9.507266860586869
480,9.507266860586869
481,9.507266860586869
482,9.507266860586869
483,9.507266860586869
484,9.507266860586869
485,9.507266860586869
486,9.507266860586869
487,9.507266860586869
488,9.507266860586869
489,9.507266860586869
490,9.507266860586869
491,9.507266860586869
492,9.507266860586869
493,9.507266860586869
494,9.507266860586869
495,9.507266860586869
496,9.507266860586869
497,9.507266860586869
498,9.507266860586869
499,9.507266860586869
500,9.507266860586869
501,9.507266860586869
502,9.507266860586869
503,9.507266860586869
504,9.507266860586869
505,9.507266860586869
506,9.507266860586869
507,9.507266860586869
508,9.507266860586869
509,9.507266860586869
510,9.507266860586869
511,9.507266860586869
512,9.507266860586869
513,9.507266860586869
514,9.507266860586869
515,9.507266860586869
516,9.507266860586869
517,9.507266860586869
518,9.507266860586869
519,9.507266860586869
520,9.507266860586869
521,9.507266860586869
522,9.507266860586869
523,9.507266860586869
524,9.507266860586869
525,9.507266860586869
526,9.507266860586869
527,9.507266860586869
528,9.507266860586869
529,9.285190801890911
530,9.285190801890911
531,9.285190801890911
532,9.285190801890911
533,9.285190801890911
534,9.285190801890911
535,9.285190801890911
536,9.285190801890911
537,9.285190801890911
538,9.285190801890911
539,9.285190801890911
540,9.285190801890911
541,9.285190801890911
542,9.285190801890911
543,9.285190801890911
544,9.285190801890911
545,9.285190801890911
546,9.285190801890911
547,9.285190801890911
548,9.285190801890911
549,9.285190801890911
550,9.285190801890911
551,9.285190801890911
552,9.285190801890911
553,9.285190801890911
554,9.285190801890911
555,9.285190801890911
556,9.285190801890911
557,9.285190801890911
558,9.285190801890911
559,9.285190801890911
560,9.285190801890911
561,9.285190801890911
562,9.285190801890911
563,9.285190801890911
564,9.285190801890911
565,9.285190801890911
566,9.285190801890911
567,9.285190801890911
568,9.285190801890911
569,9.285190801890911
570,9.285190801890911
571,9.285190801890911
572,9.285190801890911
573,9.285190801890911
574,9.285190801890911
575,9.285190801890911
576,9.285190801890911
577,9.285190801890911
578,9.285190801890911
579,9.285190801890911
580,9.285190801890911
581,9.285190801890911
582,9.285190801890911
583,9.285190801890911
584,9.285190801890911
585,9.285190801890911
586,9.285190801890911
587,9.285190801890911
588,9.285190801890911
589,9.285190801890911
590,9.285190801890911
591,9.285190801890911
592,9.285190801890911
593,9.285190801890911
594,9.285190801890911
595,9.285190801890911
596,9.285190801890911
597,9.285190801890911
598,9.285190801890911
599,9.285190801890911
600,9.285190801890911
601,9.285190801890911
602,9.285190801890911
603,9.285190801890911
604,9.285190801890911
605,9.285190801890911
606,9.285190801890911
607,9.285190801890911
608,9.285190801890911
609,9.285190801890911
610,9.285190801890911
611,9.285190801890911
612,9.285190801890911
613,9.285190801890911
614,9.285190801890911
615,9.285190801890911
616,9.285190801890911
617,9.285190801890911
618,9.285190801890911
619,9.285190801890911
620,9.285190801890911
621,9.285190801890911
622,9.285190801890911
623,9.285190801890911
624,9.285190801890911
625,9.285190801890911
626,9.285190801890911
627,9.285190801890911
628,9.285190801890911
629,9.285190801890911
630,9.285190801890911
631,9.285190801890911
632,9.285190801890911
633,9.285190801890911
634,9.285190801890911
635,9.285190801890911
636,9.285190801890911
637,9.285190801890911
638,9.285190801890911
639,9.285190801890911
640,9.285190801890911
641,9.285190801890911
642,9.285190801890911
643,9.285190801890911
644,9.285190801890911
645,9.285190801890911
646,9.285190801890911
647,9.285190801890911
648,9.285190801890911
649,9.285190801890911
650,9.285190801890911
651,9.285190801890911
652,9.285190801890911
653,9.285190801890911
654,9.285190801890911
655,9.285190801890911
656,9.285190801890911
657,9.285190801890911
658,9.285190801890911
659,9.285190801890911
660,9.285190801890911
661,9.285190801890911
662,9.285190801890911
663,9.285190801890911
664,9.285190801890911
665,9.285190801890911
666,9.285190801890911
667,9.285190801890911
668,9.285190801890911
669,9.285190801890911
670,9.285190801890911
671,9.285190801890911
672,9.285190801890911
673,9.285190801890911
674,9.285190801890911
675,9.285190801890911
676,9.285190801890911
677,9.285190801890911
678,9.285190801890911
679,9.285190801890911
680,9.285190801890911
681,9.285190801890911
682,9.285190801890911
683,9.285190801890911
684,9.285190801890911
685,9.285190801890911
686,9.285190801890911
687,9.285190801890911
688,9.285190801890911
689,9.285190801890911
690,9.285190801890911
691,9.285190801890911
692,9.285190801890911
693,9.285190801890911
694,9.285190801890911
695,9.285190801890911
696,9.285190801890911
697,9.285190801890911
698,9.285190801890911
699,9.285190801890911
700,9.285190801890911
701,9.285190801890911
702,9.285190801890911
703,9.285190801890911
704,9.285190801890911
705,9.285190801890911
706,9.285190801890911
707,9.285190801890911
708,9.285190801890911
709,9.285190801890911
710,9.285190801890911
711,9.285190801890911
712,9.285190801890911
713,9.285190801890911
714,9.285190801890911
715,9.285190801890911
716,9.285190801890911
717,9.285190801890911
718,9.285190801890911
719,9.285190801890911
720,9.285190801890911
721,9.285190801890911
722,9.285190801890911
723,9.285190801890911
724,9.285190801890911
725,9.285190801890911
726,9.285190801890911
727,9.285190801890911
728,9.285190801890911
729,9.285190801890911
730,9.285190801890911
731,9.285190801890911
732,9.285190801890911
733,9.285190801890911
734,9.285190801890911
735,9.285190801890911
736,9.285190801890911
737,9.285190801890911
738,9.285190801890911
739,9.285190801890911
740,9.285190801890911
741,9.285190801890911
742,9.285190801890911
743,9.285190801890911
744,9.285190801890911
745,9.285190801890911
746,9.285190801890911
747,9.285190801890911
748,9.285190801890911
749,9.285190801890911
750,9.285190801890911
751,9.285190801890911
752,9.285190801890911
753,9.285190801890911
754,9.285190801890911
755,9.285190801890911
756,9.285190801890911
757,9.285190801890911
758,9.285190801890911
759,9.285190801890911
760,9.285190801890911
761,9.285190801890911
762,9.285190801890911
763,9.285190801890911
764,9.285190801890911
765,9.285190801890911
766,9.285190801890911
767,9.285190801890911
768,9.285190801890911
769,9.285190801890911
770,9.285190801890911
771,9.285190801890911
772,9.285190801890911
773,9.285190801890911
774,9.285190801890911
775,9.285190801890911
776,9.285190801890911
777,9.285190801890911
778,9.285190801890911
779,9.285190801890911
780,9.285190801890911
781,9.285190801890911
782,9.285190801890911
783,9.285190801890911
784,9.285190801890911
785,9.285190801890911
786,9.285190801890911
787,9.285190801890911
788,9.285190801890911
789,9.285190801890911
790,9.285190801890911
791,9.285190801890911
792,9.285190801890911
793,9.285190801890911
794,9.285190801890911
795,9.285190801890911
796,9.285190801890911
797,9.285190801890911
798,9.285190801890911
799,9.285190801890911
800,9.285190801890911
801,9.285190801890911
802,9.285190801890911
803,9.285190801890911
804,9.285190801890911
805,9.285190801890911
806,9.285190801890911
807,9.285190801890911
808,9.285190801890911
809,9.285190801890911
810,9.285190801890911
811,9.285190801890911
812,9.285190801890911
813,9.285190801890911
814,9.285190801890911
815,9.285190801890911
816,9.285190801890911
817,9.285190801890911
818,9.285190801890911
819,9.285190801890911
820,9.285190801890911
821,9.285190801890911
822,9.285190801890911
823,9.285190801890911
824,9.285190801890911
825,9.285190801890911
826,9.285190801890911
827,9.285190801890911
828,9.285190801890911
829,9.285190801890911
830,9.285190801890911
831,9.285190801890911
832,9.285190801890911
833,9.285190801890911
834,9.285190801890911
835,9.285190801890911
836,9.285190801890911
837,9.285190801890911
838,9.285190801890911
839,9.285190801890911
840,9.285190801890911
841,9.285190801890911
842,9.285190801890911
843,9.285190801890911
844,9.285190801890911
845,9.285190801890911
846,9.285190801890911
847,9.285190801890911
848,9.285190801890911
849,9.285190801890911
850,9.285190801890911
851,9.285190801890911
852,9.285190801890911
853,9.285190801890911
854,9.285190801890911
855,9.285190801890911
856,9.285190801890911
857,9.285190801890911
858,9.285190801890911
859,9.285190801890911
860,9.285190801890911
861,9.285190801890911
862,9.285190801890911
863,9.285190801890911
864,9.285190801890911
865,9.285190801890911
866,9.285190801890911
867,9.285190801890911
868,9.285190801890911
869,9.285190801890911
870,9.285190801890911
871,9.285190801890911
872,9.285190801890911
873,9.285190801890911
874,9.285190801890911
875,9.285190801890911
876,9.285190801890911
877,9.285190801890911
878,9.285190801890911
879,9.285190801890911
880,9.285190801890911
881,9.285190801890911
882,9.285190801890911
883,9.285190801890911
884,9.285190801890911
885,9.285190801890911
886,9.285190801890911
887,9.285190801890911
888,9.285190801890911
889,9.285190801890911
890,9.285190801890911
891,9.285190801890911
892,9.285190801890911
893,9.285190801890911
894,9.285190801890911
895,9.285190801890911
896,9.285190801890911
897,9.285190801890911
898,9.285190801890911
899,9.285190801890911
900,9.285190801890911
901,9.285190801890911
902,9.285190801890911
903,9.285190801890911
904,9.285190801890911
905,9.285190801890911
906,9.285190801890911
907,9.285190801890911
908,9.285190801890911
909,9.285190801890911
910,9.285190801890911
911,9.285190801890911
912,9.285190801890911
913,9.285190801890911
914,9.285190801890911
915,9.285190801890911
916,9.285190801890911
917,9.285190801890911
918,9.285190801890911
919,9.285190801890911
920,9.285190801890911
921,9.285190801890911
922,9.285190801890911
923,9.285190801890911
924,9.285190801890911
925,9.285190801890911
926,9.285190801890911
927,9.285190801890911
928,9.285190801890911
929,9.285190801890911
930,9.285190801890911
931,9.285190801890911
932,9.285190801890911
933,9.285190801890911
934,9.285190801890911
935,9.285190801890911
936,9.285190801890911
937,9.285190801890911
938,9.285190801890911
939,9.285190801890911
940,9.285190801890911
941,9.285190801890911
942,9.285190801890911
943,9.285190801890911
944,9.285190801890911
945,9.285190801890911
946,9.285190801890911
947,9.285190801890911
948,9.285190801890911
949,9.285190801890911
950,9.285190801890911
951,9.285190801890911
952,9.285190801890911
953,9.285190801890911
954,9.285190801890911
955,9.285190801890911
956,9.285190801890911
957,9.285190801890911
958,9.285190801890911
959,9.285190801890911
960,9.285190801890911
961,9.285190801890911
962,9.285190801890911
963,9.285190801890911
964,9.285190801890911
965,9.285190801890911
966,9.285190801890911
967,9.285190801890911
968,9.285190801890911
969,9.285190801890911
970,9.285190801890911
971,9.285190801890911
972,9.285190801890911
973,9.285190801890911
974,9.285190801890911
975,9.285190801890911
976,9.285190801890911
977,9.285190801890911
978,9.285190801890911
979,9.285190801890911
980,9.285190801890911
981,9.285190801890911
982,9.285190801890911
983,9.285190801890911
984,9.285190801890911
985,9.285190801890911
986,9.285190801890911
987,9.285190801890911
988,9.285190801890911
989,9.285190801890911
990,9.285190801890911
991,9.285190801890911
992,9.285190801890911
993,9.285190801890911
994,9.285190801890911
995,9.285190801890911
996,9.285190801890911
997,9.285190801890911
998,9.285190801890911
999,9.285190801890911
1000,9.285190801890911
1001,9.285190801890911
1002,9.285190801890911
1003,9.285190801890911
1004,9.285190801890911
1005,9.285190801890911
1006,9.285190801890911
1007,9.285190801890911
1008,9.285190801890911
1009,9.285190801890911
1010,9.285190801890911
1011,9.285190801890911
1012,9.285190801890911
1013,9.285190801890911
1014,9.285190801890911
1015,9.285190801890911
1016,9.285190801890911
1017,9.285190801890911
1018,9.285190801890911
1019,9.285190801890911
1020,9.285190801890911
1021,9.285190801890911
1022,9.285190801890911
1023,9.285190801890911
1024,9.285190801890911
1025,9.285190801890911
1026,9.285190801890911
1027,9.285190801890911
1028,9.285190801890911
1029,9.285190801890911
1030,9.285190801890911
1031,9.285190801890911
1032,9.285190801890911
1033,9.285190801890911
1034,9.285190801890911
1035,9.285190801890911
1036,9.285190801890911
1037,9.285190801890911
1038,9.285190801890911
1039,9.285190801890911
1040,9.285190801890911
1041,9.285190801890911
1042,9.285190801890911
1043,9.285190801890911
1044,9.285190801890911
1045,9.285190801890911
1046,9.285190801890911
1047,9.285190801890911
1048,9.285190801890911
1049,9.285190801890911
1050,9.285190801890911
1051,9.285190801890911
1052,9.285190801890911
1053,9.285190801890911
1054,9.285190801890911
1055,9.285190801890911
1056,9.285190801890911
1057,9.285190801890911
1058,9.285190801890911
1059,9.285190801890911
1060,9.285190801890911
1061,9.285190801890911
1062,9.285190801890911
1063,9.285190801890911
1064,9.285190801890911
1065,9.285190801890911
1066,9.285190801890911
1067,9.285190801890911
1068,9.285190801890911
1069,9.285190801890911
1070,9.285190801890911
1071,9.285190801890911
1072,9.285190801890911
1073,9.285190801890911
1074,9.285190801890911
1075,9.285190801890911
1076,9.285190801890911
1077,9.285190801890911
1078,9.285190801890911
1079,9.285190801890911
1080,9.285190801890911
1081,9.285190801890911
1082,9.285190801890911
1083,9.285190801890911
1084,9.285190801890911
1085,9.285190801890911
1086,9.285190801890911
1087,9.285190801890911
1088,9.285190801890911
1089,9.285190801890911
1090,9.285190801890911
1091,9.285190801890911
1092,9.285190801890911
1093,9.285190801890911
1094,9.285190801890911
1095,9.285190801890911
1096,9.285190801890911
1097,9.285190801890911
1098,9.285190801890911
1099,9.285190801890911
1100,9.285190801890911
1101,9.285190801890911
1102,9.285190801890911
1103,9.285190801890911
1104,9.285190801890911
1105,9.285190801890911
1106,9.285190801890911
1107,9.285190801890911
1108,9.285190801890911
1109,9.285190801890911
1110,9.285190801890911
1111,9.285190801890911
1112,9.285190801890911
1113,9.285190801890911
1114,9.285190801890911
1115,9.285190801890911
1116,9.285190801890911
1117,9.285190801890911
1118,9.285190801890911
1119,9.285190801890911
1120,9.285190801890911
1121,9.285190801890911
1122,9.285190801890911
1123,9.285190801890911
1124,9.285190801890911
1125,9.285190801890911
1126,9.285190801890911
1127,9.285190801890911
1128,9.285190801890911
1129,9.285190801890911
1130,9.285190801890911
1131,9.285190801890911
1132,9.285190801890911
1133,9.285190801890911
1134,9.285190801890911
1135,9.285190801890911
1136,9.285190801890911
1137,9.285190801890911
1138,9.285190801890911
1139,9.285190801890911
1140,9.285190801890911
1141,9.285190801890911
1142,9.285190801890911
1143,9.285190801890911
1144,9.285190801890911
1145,9.285190801890911
1146,9.285190801890911
1147,9.285190801890911
1148,9.285190801890911
1149,9.285190801890911
1150,9.285190801890911
1151,9.285190801890911
1152,9.285190801890911
1153,9.285190801890911
1154,9.285190801890911
1155,9.285190801890911
1156,9.285190801890911
1157,9.285190801890911
1158,9.285190801890911
1159,9.285190801890911
1160,9.285190801890911
1161,9.285190801890911
1162,9.285190801890911
1163,9.285190801890911
1164,9.285190801890911
1165,9.285190801890911
1166,9.285190801890911
1167,9.285190801890911
1168,9.285190801890911
1169,9.285190801890911
1170,9.285190801890911
1171,9.285190801890911
1172,9.285190801890911
1173,9.285190801890911
1174,9.285190801890911
1175,9.285190801890911
1176,9.285190801890911
1177,9.285190801890911
1178,9.285190801890911
1179,9.285190801890911
1180,9.285190801890911
1181,9.285190801890911
1182,9.285190801890911
1183,9.285190801890911
1184,9.285190801890911
1185,9.285190801890911
1186,9.285190801890911
1187,9.285190801890911
1188,9.285190801890911
1189,9.285190801890911
1190,9.285190801890911
1191,9.285190801890911
1192,9.285190801890911
1193,9.285190801890911
1194,9.285190801890911
1195,9.285190801890911
1196,9.285190801890911
1197,9.285190801890911
1198,9.285190801890911
1199,9.285190801890911
1200,9.285190801890911
1201,9.285190801890911
1202,9.285190801890911
1203,9.285190801890911
1204,9.285190801890911
1205,9.285190801890911
1206,9.285190801890911
1207,9.285190801890911
1208,9.285190801890911
1209,9.285190801890911
1210,9.285190801890911
1211,9.285190801890911
1212,9.285190801890911
1213,9.285190801890911
1214,9.285190801890911
1215,9.285190801890911
1216,9.285190801890911
1217,9.285190801890911
1218,9.285190801890911
1219,9.285190801890911
1220,9.285190801890911
1221,9.285190801890911
1222,9.285190801890911
1223,9.285190801890911
1224,9.285190801890911
1225,9.285190801890911
1226,9.285190801890911
1227,9.285190801890911
1228,9.285190801890911
1229,9.285190801890911
1230,9.285190801890911
1231,9.285190801890911
1232,9.285190801890911
1233,9.285190801890911
1234,9.285190801890911
1235,9.285190801890911
1236,9.285190801890911
1237,9.285190801890911
1238,9.285190801890911
1239,9.285190801890911
1240,9.285190801890911
1241,9.285190801890911
1242,9.285190801890911
1243,9.285190801890911
1244,9.285190801890911
1245,9.285190801890911
1246,9.285190801890911
1247,9.285190801890911
1248,9.285190801890911
1249,9.285190801890911
1250,9.285190801890911
1251,9.285190801890911
1252,9.285190801890911
1253,9.285190801890911
1254,9.285190801890911
1255,9.285190801890911
1256,9.285190801890911
1257,9.285190801890911
1258,9.285190801890911
1259,9.285190801890911
1260,9.285190801890911
1261,9.285190801890911
1262,9.285190801890911
1263,9.285190801890911
1264,9.285190801890911
1265,9.285190801890911
1266,9.285190801890911
1267,9.285190801890911
1268,9.285190801890911
1269,9.285190801890911
1270,9.285190801890911
1271,9.285190801890911
1272,9.285190801890911
1273,9.285190801890911
1274,9.285190801890911
1275,9.285190801890911
1276,9.285190801890911
1277,9.285190801890911
1278,9.285190801890911
1279,9.285190801890911
1280,9.285190801890911
1281,9.285190801890911
1282,9.285190801890911
1283,9.285190801890911
1284,9.285190801890911
1285,9.285190801890911
1286,9.285190801890911
1287,9.285190801890911
1288,9.285190801890911
1289,9.285190801890911
1290,9.285190801890911
1291,9.285190801890911
1292,9.285190801890911
1293,9.285190801890911
1294,9.285190801890911
1295,9.285190801890911
1296,9.285190801890911
1297,9.285190801890911
1298,9.285190801890911
1299,9.285190801890911
1300,9.285190801890911
1301,9.285190801890911
1302,9.285190801890911
1303,9.285190801890911
1304,9.285190801890911
1305,9.285190801890911
1306,9.285190801890911
1307,9.285190801890911
1308,9.285190801890911
1309,9.285190801890911
1310,9.285190801890911
1311,9.285190801890911
1312,9.285190801890911
1313,9.285190801890911
1314,9.285190801890911
1315,9.285190801890911
1316,9.285190801890911
1317,9.285190801890911
1318,9.285190801890911
1319,9.285190801890911
1320,9.285190801890911
1321,9.285190801890911
1322,9.285190801890911
1323,9.285190801890911
1324,9.285190801890911
1325,9.285190801890911
1326,9.285190801890911
1327,9.285190801890911
1328,9.285190801890911
1329,9.285190801890911
1330,9.285190801890911
1331,9.285190801890911
1332,9.285190801890911
1333,9.285190801890911
1334,9.285190801890911
1335,9.285190801890911
1336,9.285190801890911
1337,9.285190801890911
1338,9.285190801890911
1339,9.285190801890911
1340,9.285190801890911
1341,9.285190801890911
1342,9.285190801890911
1343,9.285190801890911
1344,9.285190801890911
1345,9.285190801890911
1346,9.285190801890911
1347,9.285190801890911
1348,9.285190801890911
1349,9.285190801890911
1350,9.285190801890911
1351,9.285190801890911
1352,9.285190801890911
1353,9.285190801890911
1354,9.285190801890911
1355,9.285190801890911
1356,9.285190801890911
1357,9.285190801890911
1358,9.285190801890911
1359,9.285190801890911
1360,9.285190801890911
1361,9.285190801890911
1362,9.285190801890911
1363,9.285190801890911
1364,9.285190801890911
1365,9.285190801890911
1366,9.285190801890911
1367,9.285190801890911
1368,9.285190801890911
1369,9.285190801890911
1370,9.285190801890911
1371,9.285190801890911
1372,9.285190801890911
1373,9.285190801890911
1374,9.285190801890911
1375,9.285190801890911
1376,9.285190801890911
1377,9.285190801890911
1378,9.285190801890911
1379,9.285190801890911
1380,9.285190801890911
1381,9.285190801890911
1382,9.285190801890911
1383,9.285190801890911
1384,9.285190801890911
1385,9.285190801890911
1386,9.285190801890911
1387,9.285190801890911
1388,9.285190801890911
1389,9.285190801890911
1390,9.285190801890911
1391,9.285190801890911
1392,9.285190801890911
1393,9.285190801890911
1394,9.285190801890911
1395,9.285190801890911
1396,9.285190801890911
1397,9.285190801890911
1398,9.285190801890911
1399,9.285190801890911
1400,9.285190801890911
1401,9.285190801890911
1402,9.285190801890911
1403,9.285190801890911
1404,9.285190801890911
1405,9.285190801890911
1406,9.285190801890911
1407,9.285190801890911
1408,9.285190801890911
1409,9.285190801890911
1410,9.285190801890911
1411,9.285190801890911
1412,9.285190801890911
1413,9.285190801890911
1414,9.285190801890911
1415,9.285190801890911
1416,9.285190801890911
1417,9.285190801890911
1418,9.285190801890911
1419,9.285190801890911
1420,9.285190801890911
1421,9.285190801890911
1422,9.285190801890911
1423,9.285190801890911
1424,9.285190801890911
1425,9.285190801890911
1426,9.285190801890911
1427,9.285190801890911
1428,9.285190801890911
1429,9.285190801890911
1430,9.285190801890911
1431,9.285190801890911
1432,9.285190801890911
1433,9.285190801890911
1434,9.285190801890911
1435,9.285190801890911
1436,9.285190801890911
1437,9.285190801890911
1438,9.285190801890911
1439,9.285190801890911
1440,9.285190801890911
1441,9.285190801890911
1442,9.285190801890911
1443,9.285190801890911
1444,9.285190801890911
1445,9.285190801890911
1446,9.285190801890911
1447,9.285190801890911
1448,9.285190801890911
1449,9.285190801890911
1450,9.285190801890911
1451,9.285190801890911
1452,9.285190801890911
1453,9.285190801890911
1454,9.285190801890911
1455,9.285190801890911
1456,9.285190801890911
1457,9.285190801890911
1458,9.285190801890911
1459,9.285190801890911
1460,9.285190801890911
1461,9.285190801890911
1462,9.285190801890911
1463,9.285190801890911
1464,9.285190801890911
1465,9.285190801890911
1466,9.285190801890911
1467,9.285190801890911
1468,9.285190801890911
1469,9.285190801890911
1470,9.285190801890911
1471,9.285190801890911
1472,9.285190801890911
1473,9.285190801890911
1474,9.285190801890911
1475,9.285190801890911
1476,9.285190801890911
1477,9.285190801890911
1478,9.285190801890911
1479,9.285190801890911
1480,9.285190801890911
1481,9.285190801890911
1482,9.285190801890911
1483,9.285190801890911
1484,9.285190801890911
1485,9.285190801890911
1486,9.285190801890911
1487,9.285190801890911
1488,9.285190801890911
1489,9.285190801890911
1490,9.285190801890911
1491,9.285190801890911
1492,9.285190801890911
1493,9.285190801890911
1494,9.285190801890911
1495,9.285190801890911
1496,9.285190801890911
1497,9.285190801890911
1498,9.285190801890911
1499,9.285190801890911
1500,9.285190801890911
1501,9.285190801890911
1502,9.285190801890911
1503,9.285190801890911
1504,9.285190801890911
1505,9.285190801890911
1506,9.285190801890911
1507,9.285190801890911
1508,9.285190801890911
1509,9.285190801890911
1510,9.285190801890911
1511,9.285190801890911
1512,9.285190801890911
1513,9.285190801890911
1514,9.285190801890911
1515,9.285190801890911
1516,9.285190801890911
1517,9.285190801890911
1518,9.285190801890911
1519,9.285190801890911
1520,9.285190801890911
1521,9.285190801890911
1522,9.285190801890911
1523,9.285190801890911
1524,9.285190801890911
1525,9.285190801890911
1526,9.285190801890911
1527,9.285190801890911
1528,9.285190801890911
1529,9.285190801890911
1530,9.285190801890911
1531,9.285190801890911
1532,9.285190801890911
1533,9.285190801890911
1534,9.285190801890911
1535,9.285190801890911
1536,9.285190801890911
1537,9.285190801890911
1538,9.285190801890911
1539,9.285190801890911
1540,9.285190801890911
1541,9.285190801890911
1542,9.285190801890911
1543,9.285190801890911
1544,9.285190801890911
1545,9.285190801890911
1546,9.285190801890911
1547,9.285190801890911
1548,9.285190801890911
1549,9.285190801890911
1550,9.285190801890911
1551,9.285190801890911
1552,9.285190801890911
1553,9.285190801890911
1554,9.285190801890911
1555,9.285190801890911
1556,9.285190801890911
1557,9.285190801890911
1558,9.285190801890911
1559,9.285190801890911
1560,9.285190801890911
1561,9.285190801890911
1562,9.285190801890911
1563,9.285190801890911
1564,9.285190801890911
1565,9.285190801890911
1566,9.285190801890911
1567,9.285190801890911
1568,9.285190801890911
1569,9.285190801890911
1570,9.285190801890911
1571,9.285190801890911
1572,9.285190801890911
1573,9.285190801890911
1574,9.285190801890911
1575,9.285190801890911
1576,9.285190801890911
1577,9.285190801890911
1578,9.285190801890911
1579,9.285190801890911
1580,9.285190801890911
1581,9.285190801890911
1582,9.285190801890911
1583,9.285190801890911
1584,9.285190801890911
1585,9.285190801890911
1586,9.285190801890911
1587,9.285190801890911
1588,9.285190801890911
1589,9.285190801890911
1590,9.285190801890911
1591,9.285190801890911
1592,9.285190801890911
1593,9.285190801890911
1594,9.285190801890911
1595,9.285190801890911
1596,9.285190801890911
1597,9.285190801890911
1598,9.285190801890911
1599,9.285190801890911
1600,9.285190801890911
1601,9.285190801890911
1602,9.285190801890911
1603,9.285190801890911
1604,9.285190801890911
1605,9.285190801890911
1606,9.285190801890911
1607,9.285190801890911
1608,9.285190801890911
1609,9.285190801890911
1610,9.285190801890911
1611,9.285190801890911
1612,9.285190801890911
1613,9.285190801890911
1614,9.285190801890911
1615,9.285190801890911
1616,9.285190801890911
1617,9.285190801890911
1618,9.285190801890911
1619,9.285190801890911
1620,9.285190801890911
1621,9.285190801890911
1622,9.285190801890911
1623,9.285190801890911
1624,9.285190801890911
1625,9.285190801890911
1626,9.285190801890911
1627,9.285190801890911
1628,9.285190801890911
1629,9.285190801890911
1630,9.285190801890911
1631,9.285190801890911
1632,9.285190801890911
1633,9.285190801890911
1634,9.285190801890911
1635,9.285190801890911
1636,9.285190801890911
1637,9.285190801890911
1638,9.285190801890911
1639,9.285190801890911
1640,9.285190801890911
1641,9.285190801890911
1642,9.285190801890911
1643,9.285190801890911
1644,9.285190801890911
1645,9.285190801890911
1646,9.285190801890911
1647,9.285190801890911
1648,9.285190801890911
1649,9.285190801890911
1650,9.285190801890911
1651,9.285190801890911
1652,9.285190801890911
1653,9.285190801890911
1654,9.285190801890911
1655,9.285190801890911
1656,9.285190801890911
1657,9.285190801890911
1658,9.285190801890911
1659,9.285190801890911
1660,9.285190801890911
1661,9.285190801890911
1662,9.285190801890911
1663,9.285190801890911
1664,9.285190801890911
1665,9.285190801890911
1666,9.285190801890911
1667,9.285190801890911
1668,9.285190801890911
1669,9.285190801890911
1670,9.285190801890911
1671,9.285190801890911
1672,9.285190801890911
1673,9.285190801890911
1674,9.285190801890911
1675,9.285190801890911
1676,9.285190801890911
1677,9.285190801890911
1678,9.285190801890911
1679,9.285190801890911
1680,9.285190801890911
1681,9.285190801890911
1682,9.285190801890911
1683,9.285190801890911
1684,9.285190801890911
1685,9.285190801890911
1686,9.285190801890911
1687,9.285190801890911
1688,9.285190801890911
1689,9.285190801890911
1690,9.285190801890911
1691,9.285190801890911
1692,9.285190801890911
1693,9.285190801890911
1694,9.285190801890911
1695,9.285190801890911
1696,9.285190801890911
1697,9.285190801890911
1698,9.285190801890911
1699,9.285190801890911
1700,9.285190801890911
1701,9.285190801890911
1702,9.285190801890911
1703,9.285190801890911
1704,9.285190801890911
1705,9.285190801890911
1706,9.285190801890911
1707,9.285190801890911
1708,9.285190801890911
1709,9.285190801890911
1710,9.285190801890911
1711,9.285190801890911
1712,9.285190801890911
1713,9.285190801890911
1714,9.285190801890911
1715,9.285190801890911
1716,9.285190801890911
1717,9.285190801890911
1718,9.285190801890911
1719,9.285190801890911
1720,9.285190801890911
1721,9.285190801890911
1722,9.285190801890911
1723,9.285190801890911
1724,9.285190801890911
1725,9.285190801890911
1726,9.285190801890911
1727,9.285190801890911
1728,9.285190801890911
1729,9.285190801890911
1730,9.285190801890911
1731,9.285190801890911
1732,9.285190801890911
1733,9.285190801890911
1734,9.285190801890911
1735,9.285190801890911
1736,9.285190801890911
1737,9.285190801890911
1738,9.285190801890911
1739,9.285190801890911
1740,9.285190801890911
1741,9.285190801890911
1742,9.285190801890911
1743,9.285190801890911
1744,9.285190801890911
1745,9.285190801890911
1746,9.285190801890911
1747,9.285190801890911
1748,9.285190801890911
1749,9.285190801890911
1750,9.285190801890911
1751,9.285190801890911
1752,9.285190801890911
1753,9.285190801890911
1754,9.285190801890911
1755,9.285190801890911
1756,9.285190801890911
1757,9.285190801890911
1758,9.285190801890911
1759,9.285190801890911
1760,9.285190801890911
1761,9.285190801890911
1762,9.285190801890911
1763,9.285190801890911
1764,9.285190801890911
1765,9.285190801890911
1766,9.285190801890911
1767,9.285190801890911
1768,9.285190801890911
1769,9.285190801890911
1770,9.285190801890911
1771,9.285190801890911
1772,9.285190801890911
1773,9.285190801890911
1774,9.285190801890911
1775,9.285190801890911
1776,9.285190801890911
1777,9.285190801890911
1778,9.285190801890911
1779,9.285190801890911
1780,9.285190801890911
1781,9.285190801890911
1782,9.285190801890911
1783,9.285190801890911
1784,9.285190801890911
1785,9.285190801890911
1786,9.285190801890911
1787,9.285190801890911
1788,9.285190801890911
1789,9.285190801890911
1790,9.285190801890911
1791,9.285190801890911
1792,9.285190801890911
1793,9.285190801890911
1794,9.285190801890911
1795,9.285190801890911
1796,9.285190801890911
1797,9.285190801890911
1798,9.285190801890911
1799,9.285190801890911
1800,9.285190801890911
1801,9.285190801890911
1802,9.285190801890911
1803,9.285190801890911
1804,9.285190801890911
1805,9.285190801890911
1806,9.285190801890911
1807,9.285190801890911
1808,9.285190801890911
1809,9.285190801890911
1810,9.285190801890911
1811,9.285190801890911
1812,9.285190801890911
1813,9.285190801890911
1814,9.285190801890911
1815,9.285190801890911
1816,9.285190801890911
1817,9.285190801890911
1818,9.285190801890911
1819,9.285190801890911
1820,9.285190801890911
1821,9.285190801890911
1822,9.285190801890911
1823,9.285190801890911
1824,9.285190801890911
1825,9.285190801890911
1826,9.285190801890911
1827,9.285190801890911
1828,9.285190801890911
1829,9.285190801890911
1830,9.285190801890911
1831,9.285190801890911
1832,9.285190801890911
1833,9.285190801890911
1834,9.285190801890911
1835,9.285190801890911
1836,9.285190801890911
1837,9.285190801890911
1838,9.285190801890911
1839,9.285190801890911
1840,9.285190801890911
1841,8.859709947361253
1842,8.859709947361253
1843,8.859709947361253
1844,8.859709947361253
1845,8.859709947361253
1846,8.859709947361253
1847,8.859709947361253
1848,8.859709947361253
1849,8.859709947361253
1850,8.859709947361253
1851,8.859709947361253
1852,8.859709947361253
1853,8.859709947361253
1854,8.859709947361253
1855,8.859709947361253
1856,8.859709947361253
1857,8.859709947361253
1858,8.859709947361253
1859,8.859709947361253
1860,8.859709947361253
1861,8.859709947361253
1862,8.859709947361253
1863,8.859709947361253
1864,8.859709947361253
1865,8.859709947361253
1866,8.859709947361253
1867,8.859709947361253
1868,8.859709947361253
1869,8.859709947361253
1870,8.859709947361253
1871,8.859709947361253
1872,8.859709947361253
1873,8.859709947361253
1874,8.859709947361253
1875,8.859709947361253
1876,8.859709947361253
1877,8.859709947361253
1878,8.859709947361253
1879,8.859709947361253
1880,8.859709947361253
1881,8.859709947361253
1882,8.859709947361253
1883,8.859709947361253
1884,8.859709947361253
1885,8.859709947361253
1886,8.859709947361253
1887,8.859709947361253
1888,8.859709947361253
1889,8.859709947361253
1890,8.859709947361253
1891,8.859709947361253
1892,8.859709947361253
1893,8.859709947361253
1894,8.859709947361253
1895,8.859709947361253
1896,8.859709947361253
1897,8.859709947361253
1898,8.859709947361253
1899,8.859709947361253
1900,8.859709947361253
1901,8.859709947361253
1902,8.859709947361253
1903,8.859709947361253
1904,8.859709947361253
1905,8.859709947361253
1906,8.859709947361253
1907,8.859709947361253
1908,8.859709947361253
1909,8.859709947361253
1910,8.859709947361253
1911,8.859709947361253
1912,8.859709947361253
1913,8.859709947361253
1914,8.859709947361253
1915,8.859709947361253
1916,8.859709947361253
1917,8.859709947361253
1918,8.859709947361253
1919,8.859709947361253
1920,8.859709947361253
1921,8.859709947361253
1922,8.859709947361253
1923,8.859709947361253
1924,8.859709947361253
1925,8.859709947361253
1926,8.859709947361253
1927,8.859709947361253
1928,8.859709947361253
1929,8.859709947361253
1930,8.859709947361253
1931,8.859709947361253
1932,8.859709947361253
1933,8.859709947361253
1934,8.859709947361253
1935,8.859709947361253
1936,8.859709947361253
1937,8.859709947361253
1938,8.859709947361253
1939,8.859709947361253
1940,8.859709947361253
1941,8.859709947361253
1942,8.859709947361253
1943,8.859709947361253
1944,8.859709947361253
1945,8.859709947361253
1946,8.859709947361253
1947,8.859709947361253
1948,8.859709947361253
1949,8.859709947361253
1950,8.859709947361253
1951,8.859709947361253
1952,8.859709947361253
1953,8.859709947361253
1954,8.859709947361253
1955,8.859709947361253
1956,8.859709947361253
1957,8.859709947361253
1958,8.859709947361253
1959,8.859709947361253
1960,8.859709947361253
1961,8.859709947361253
1962,8.859709947361253
1963,8.859709947361253
1964,8.859709947361253
1965,8.859709947361253
1966,8.859709947361253
1967,8.859709947361253
1968,8.859709947361253
1969,8.859709947361253
1970,8.859709947361253
1971,8.859709947361253
1972,8.859709947361253
1973,8.859709947361253
1974,8.859709947361253
1975,8.859709947361253
1976,8.367807130752025
1977,8.367807130752025
1978,8.367807130752025
1979,8.367807130752025
1980,8.367807130752025
1981,8.367807130752025
1982,8.367807130752025
1983,8.367807130752025
1984,8.367807130752025
1985,8.367807130752025
1986,8.367807130752025
1987,8.367807130752025
1988,8.367807130752025
1989,8.367807130752025
1990,8.367807130752025
1991,8.367807130752025
1992,8.367807130752025
1993,8.367807130752025
1994,8.367807130752025
1995,8.367807130752025
1996,8.367807130752025
1997,8.367807130752025
1998,8.367807130752025
1999,8.367807130752025
2000,8.367807130752025
2001,8.367807130752025
2002,8.367807130752025
2003,8.367807130752025
2004,8.367807130752025
2005,8.367807130752025
2006,8.367807130752025
2007,8.367807130752025
2008,8.367807130752025
2009,8.367807130752025
2010,8.367807130752025
2011,8.367807130752025
2012,8.367807130752025
2013,8.367807130752025
2014,8.367807130752025
2015,8.367807130752025
2016,8.367807130752025
2017,8.367807130752025
2018,8.367807130752025
2019,8.367807130752025
2020,8.367807130752025
2021,8.367807130752025
2022,8.367807130752025
2023,7.84471107288203
2024,7.84471107288203
2025,7.84471107288203
2026,7.84471107288203
2027,7.84471107288203
2028,7.84471107288203
2029,7.84471107288203
2030,7.84471107288203
2031,7.84471107288203
2032,7.84471107288203
2033,7.84471107288203
2034,7.84471107288203
2035,7.84471107288203
2036,7.84471107288203
2037,7.84471107288203
2038,7.84471107288203
2039,7.84471107288203
2040,7.84471107288203
2041,7.84471107288203
2042,7.84471107288203
2043,7.84471107288203
2044,7.84471107288203
2045,7.84471107288203
2046,7.84471107288203
2047,7.84471107288203
2048,7.84471107288203
2049,7.84471107288203
2050,7.84471107288203
2051,7.84471107288203
2052,7.84471107288203
2053,7.84471107288203
2054,7.84471107288203
2055,7.84471107288203
2056,7.84471107288203
2057,7.84471107288203
2058,7.84471107288203
2059,7.84471107288203
2060,7.84471107288203
2061,7.84471107288203
2062,7.84471107288203
2063,7.84471107288203
2064,7.84471107288203
2065,7.84471107288203
2066,7.84471107288203
2067,7.84471107288203
2068,7.84471107288203
2069,7.84471107288203
2070,7.84471107288203
2071,7.84471107288203
2072,7.84471107288203
2073,7.84471107288203
2074,7.84471107288203
2075,7.84471107288203
2076,7.84471107288203
2077,7.84471107288203
2078,7.84471107288203
2079,7.84471107288203
2080,7.84471107288203
2081,7.84471107288203
2082,7.84471107288203
2083,7.84471107288203
2084,7.84471107288203
2085,7.84471107288203
2086,7.84471107288203
2087,7.84471107288203
2088,7.84471107288203
2089,7.84471107288203
2090,7.84471107288203
2091,7.84471107288203
2092,7.84471107288203
2093,7.84471107288203
2094,7.84471107288203
2095,7.84471107288203
2096,7.84471107288203
2097,7.84471107288203
2098,7.84471107288203
2099,7.84471107288203
2100,7.84471107288203
2101,7.84471107288203
2102,7.84471107288203
2103,7.84471107288203
2104,7.84471107288203
2105,7.84471107288203
2106,7.84471107288203
2107,7.84471107288203
2108,7.84471107288203
2109,7.84471107288203
2110,7.84471107288203
2111,7.84471107288203
2112,7.84471107288203
2113,7.84471107288203
2114,7.84471107288203
2115,7.84471107288203
2116,7.84471107288203
2117,7.84471107288203
2118,7.84471107288203
2119,7.84471107288203
2120,7.84471107288203
2121,7.84471107288203
2122,7.84471107288203
2123,7.84471107288203
2124,7.84471107288203
2125,7.84471107288203
2126,7.84471107288203
2127,7.84471107288203
2128,7.84471107288203
2129,7.84471107288203
2130,7.84471107288203
2131,7.84471107288203
2132,7.84471107288203
2133,7.84471107288203
2134,7.84471107288203
2135,7.84471107288203
2136,7.84471107288203
2137,7.84471107288203
2138,7.84471107288203
2139,7.84471107288203
2140,7.84471107288203
2141,7.84471107288203
2142,7.84471107288203
2143,7.84471107288203
2144,7.84471107288203
2145,7.84471107288203
2146,7.84471107288203
2147,7.84471107288203
2148,7.84471107288203
2149,7.84471107288203
2150,7.84471107288203
2151,7.84471107288203
2152,7.84471107288203
2153,7.84471107288203
2154,7.84471107288203
2155,7.84471107288203
2156,7.84471107288203
2157,7.84471107288203
2158,7.84471107288203
2159,7.84471107288203
2160,7.84471107288203
2161,7.84471107288203
2162,7.84471107288203
2163,7.84471107288203
2164,7.84471107288203
2165,7.84471107288203
2166,7.84471107288203
2167,7.84471107288203
2168,7.84471107288203
2169,7.84471107288203
2170,7.84471107288203
2171,7.84471107288203
2172,7.84471107288203
2173,7.84471107288203
2174,7.84471107288203
2175,7.84471107288203
2176,7.84471107288203
2177,7.84471107288203
2178,7.84471107288203
2179,7.84471107288203
2180,7.84471107288203
2181,7.84471107288203
2182,7.84471107288203
2183,7.84471107288203
2184,7.84471107288203
2185,7.84471107288203
2186,7.84471107288203
2187,7.84471107288203
2188,7.84471107288203
2189,7.84471107288203
2190,7.84471107288203
2191,7.84471107288203
2192,7.84471107288203
2193,7.84471107288203
2194,7.84471107288203
2195,7.84471107288203
2196,7.84471107288203
2197,7.84471107288203
2198,7.84471107288203
2199,7.84471107288203
2200,7.84471107288203
2201,7.84471107288203
2202,7.84471107288203
2203,7.84471107288203
2204,7.84471107288203
2205,7.84471107288203
2206,7.84471107288203
2207,7.84471107288203
2208,7.84471107288203
2209,7.84471107288203
2210,7.84471107288203
2211,7.84471107288203
2212,7.84471107288203
2213,7.84471107288203
2214,7.84471107288203
2215,7.84471107288203
2216,7.84471107288203
2217,7.84471107288203
2218,7.84471107288203
2219,7.84471107288203
2220,7.84471107288203
2221,7.84471107288203
2222,7.84471107288203
2223,7.84471107288203
2224,7.84471107288203
2225,7.84471107288203
2226,7.84471107288203
2227,7.84471107288203
2228,7.84471107288203
2229,7.84471107288203
2230,7.84471107288203
2231,7.84471107288203
2232,7.84471107288203
2233,7.84471107288203
2234,7.84471107288203
2235,7.84471107288203
2236,7.84471107288203
2237,7.84471107288203
2238,7.84471107288203
2239,7.84471107288203
2240,7.84471107288203
2241,7.84471107288203
2242,7.84471107288203
2243,7.84471107288203
2244,7.84471107288203
2245,7.84471107288203
2246,7.84471107288203
2247,7.84471107288203
2248,7.84471107288203
2249,7.84471107288203
2250,7.84471107288203
2251,7.84471107288203
2252,7.84471107288203
2253,7.84471107288203
2254,7.84471107288203
2255,7.84471107288203
2256,7.84471107288203
2257,7.84471107288203
2258,7.84471107288203
2259,7.84471107288203
2260,7.84471107288203
2261,7.84471107288203
2262,7.84471107288203
2263,7.84471107288203
2264,7.84471107288203
2265,7.84471107288203
2266,7.84471107288203
2267,7.84471107288203
2268,7.84471107288203
2269,7.84471107288203
2270,7.84471107288203
2271,7.84471107288203
2272,7.84471107288203
2273,7.84471107288203
2274,7.84471107288203
2275,7.84471107288203
2276,7.84471107288203
2277,7.84471107288203
2278,7.84471107288203
2279,7.84471107288203
2280,7.84471107288203
2281,7.84471107288203
2282,7.84471107288203
2283,7.84471107288203
2284,7.84471107288203
2285,7.84471107288203
2286,7.84471107288203
2287,7.84471107288203
2288,7.84471107288203
2289,7.84471107288203
2290,7.84471107288203
2291,7.84471107288203
2292,7.84471107288203
2293,7.84471107288203
2294,7.84471107288203
2295,7.84471107288203
2296,7.84471107288203
2297,7.84471107288203
2298,7.84471107288203
2299,7.84471107288203
2300,7.84471107288203
2301,7.84471107288203
2302,7.84471107288203
2303,7.84471107288203
2304,7.84471107288203
2305,7.84471107288203
2306,7.84471107288203
2307,7.84471107288203
2308,7.84471107288203
2309,7.84471107288203
2310,7.84471107288203
2311,7.84471107288203
2312,7.84471107288203
2313,7.84471107288203
2314,7.84471107288203
2315,7.84471107288203
2316,7.84471107288203
2317,7.84471107288203
2318,7.84471107288203
2319,7.84471107288203
2320,7.84471107288203
2321,7.84471107288203
2322,7.84471107288203
2323,7.84471107288203
2324,7.84471107288203
2325,7.84471107288203
2326,7.84471107288203
2327,7.84471107288203
2328,7.84471107288203
2329,7.84471107288203
2330,7.84471107288203
2331,7.84471107288203
2332,7.84471107288203
2333,7.84471107288203
2334,7.84471107288203
2335,7.84471107288203
2336,7.84471107288203
2337,7.84471107288203
2338,7.84471107288203
2339,7.84471107288203
2340,7.84471107288203
2341,7.84471107288203
2342,7.84471107288203
2343,7.84471107288203
2344,7.84471107288203
2345,7.84471107288203
2346,7.84471107288203
2347,7.84471107288203
2348,7.84471107288203
2349,7.84471107288203
2350,7.84471107288203
2351,7.84471107288203
2352,7.84471107288203
2353,7.84471107288203
2354,7.84471107288203
2355,7.84471107288203
2356,7.84471107288203
2357,7.84471107288203
2358,7.84471107288203
2359,7.84471107288203
2360,7.84471107288203
2361,7.84471107288203
2362,7.84471107288203
2363,7.84471107288203
2364,7.84471107288203
2365,7.84471107288203
2366,7.84471107288203
2367,7.84471107288203
2368,7.84471107288203
2369,7.84471107288203
2370,7.84471107288203
2371,7.84471107288203
2372,7.84471107288203
2373,7.84471107288203
2374,7.84471107288203
2375,7.84471107288203
2376,7.84471107288203
2377,7.84471107288203
2378,7.84471107288203
2379,7.84471107288203
2380,7.84471107288203
2381,7.84471107288203
2382,7.84471107288203
2383,7.84471107288203
2384,7.84471107288203
2385,7.84471107288203
2386,7.84471107288203
2387,7.84471107288203
2388,7.84471107288203
2389,7.84471107288203
2390,7.84471107288203
2391,7.84471107288203
2392,7.84471107288203
2393,7.84471107288203
2394,7.84471107288203
2395,7.84471107288203
2396,7.84471107288203
2397,7.84471107288203
2398,7.84471107288203
2399,7.84471107288203
2400,7.84471107288203
2401,7.84471107288203
2402,7.84471107288203
2403,7.84471107288203
2404,7.84471107288203
2405,7.84471107288203
2406,7.84471107288203
2407,7.84471107288203
2408,7.84471107288203
2409,7.84471107288203
2410,7.84471107288203
2411,7.84471107288203
2412,7.84471107288203
2413,7.84471107288203
2414,7.84471107288203
2415,7.84471107288203
2416,7.84471107288203
2417,7.84471107288203
2418,7.84471107288203
2419,7.84471107288203
2420,7.84471107288203
2421,7.84471107288203
2422,7.84471107288203
2423,7.84471107288203
2424,7.84471107288203
2425,7.84471107288203
2426,7.84471107288203
2427,7.84471107288203
2428,7.84471107288203
2429,7.84471107288203
2430,7.84471107288203
2431,7.84471107288203
2432,7.84471107288203
2433,7.84471107288203
2434,7.84471107288203
2435,7.84471107288203
2436,7.84471107288203
2437,7.84471107288203
2438,7.84471107288203
2439,7.84471107288203
2440,7.84471107288203
2441,7.84471107288203
2442,7.84471107288203
2443,7.84471107288203
2444,7.84471107288203
2445,7.84471107288203
2446,7.84471107288203
2447,7.84471107288203
2448,7.84471107288203
2449,7.84471107288203
2450,7.84471107288203
2451,7.84471107288203
2452,7.84471107288203
2453,7.84471107288203
2454,7.84471107288203
2455,7.84471107288203
2456,7.84471107288203
2457,7.84471107288203
2458,7.84471107288203
2459,7.84471107288203
2460,7.84471107288203
2461,7.84471107288203
2462,7.84471107288203
2463,7.84471107288203
2464,7.84471107288203
2465,7.84471107288203
2466,7.84471107288203
2467,7.84471107288203
2468,7.84471107288203
2469,7.84471107288203
2470,7.84471107288203
2471,7.84471107288203
2472,7.84471107288203
2473,7.84471107288203
2474,7.84471107288203
2475,7.84471107288203
2476,7.84471107288203
2477,7.84471107288203
2478,7.84471107288203
2479,7.84471107288203
2480,7.84471107288203
2481,7.84471107288203
2482,7.84471107288203
2483,7.84471107288203
2484,7.84471107288203
2485,7.84471107288203
2486,7.84471107288203
2487,7.84471107288203
2488,7.84471107288203
2489,7.84471107288203
2490,7.84471107288203
2491,7.84471107288203
2492,7.84471107288203
2493,7.84471107288203
2494,7.84471107288203
2495,7.84471107288203
2496,7.84471107288203
2497,7.84471107288203
2498,7.84471107288203
2499,7.84471107288203
2500,7.84471107288203
2501,7.84471107288203
2502,7.84471107288203
2503,7.84471107288203
2504,7.84471107288203
2505,7.84471107288203
2506,7.84471107288203
2507,7.84471107288203
2508,7.84471107288203
2509,7.84471107288203
2510,7.84471107288203
2511,7.84471107288203
2512,7.84471107288203
2513,7.84471107288203
2514,7.84471107288203
2515,7.84471107288203
2516,7.84471107288203
2517,7.84471107288203
2518,7.84471107288203
2519,7.84471107288203
2520,7.84471107288203
2521,7.84471107288203
2522,7.84471107288203
2523,7.84471107288203
2524,7.84471107288203
2525,7.84471107288203
2526,7.84471107288203
2527,7.84471107288203
2528,7.84471107288203
2529,7.84471107288203
2530,7.84471107288203
2531,7.84471107288203
2532,7.84471107288203
2533,7.84471107288203
2534,7.84471107288203
2535,7.84471107288203
2536,7.84471107288203
2537,7.84471107288203
2538,7.84471107288203
2539,7.84471107288203
2540,7.84471107288203
2541,7.84471107288203
2542,7.84471107288203
2543,7.84471107288203
2544,7.84471107288203
2545,7.84471107288203
2546,7.84471107288203
2547,7.84471107288203
2548,7.84471107288203
2549,7.84471107288203
2550,7.84471107288203
2551,7.84471107288203
2552,7.84471107288203
2553,7.84471107288203
2554,7.84471107288203
2555,7.84471107288203
2556,7.84471107288203
2557,7.84471107288203
2558,7.84471107288203
2559,7.84471107288203
2560,7.84471107288203
2561,7.84471107288203
2562,7.84471107288203
2563,7.84471107288203
2564,7.84471107288203
2565,7.84471107288203
2566,7.84471107288203
2567,7.84471107288203
2568,7.84471107288203
2569,7.84471107288203
2570,7.84471107288203
2571,7.84471107288203
2572,7.84471107288203
2573,7.84471107288203
2574,7.84471107288203
2575,7.84471107288203
2576,7.84471107288203
2577,7.84471107288203
2578,7.84471107288203
2579,7.84471107288203
2580,7.84471107288203
2581,7.84471107288203
2582,7.84471107288203
2583,7.84471107288203
2584,7.84471107288203
2585,7.84471107288203
2586,7.84471107288203
2587,7.84471107288203
2588,7.84471107288203
2589,7.84471107288203
2590,7.84471107288203
2591,7.84471107288203
2592,7.84471107288203
2593,7.84471107288203
2594,7.84471107288203
2595,7.84471107288203
2596,7.84471107288203
2597,7.84471107288203
2598,7.84471107288203
2599,7.84471107288203
2600,7.84471107288203
2601,7.84471107288203
2602,7.84471107288203
2603,7.84471107288203
2604,7.84471107288203
2605,7.84471107288203
2606,7.84471107288203
2607,7.84471107288203
2608,7.84471107288203
2609,7.84471107288203
2610,7.84471107288203
2611,7.84471107288203
2612,7.84471107288203
2613,7.84471107288203
2614,7.84471107288203
2615,7.84471107288203
2616,7.84471107288203
2617,7.84471107288203
2618,7.84471107288203
2619,7.84471107288203
2620,7.84471107288203
2621,7.84471107288203
2622,7.84471107288203
2623,7.84471107288203
2624,7.84471107288203
2625,7.84471107288203
2626,7.84471107288203
2627,7.84471107288203
2628,7.84471107288203
2629,7.84471107288203
2630,7.84471107288203
2631,7.84471107288203
2632,7.84471107288203
2633,7.84471107288203
2634,7.84471107288203
2635,7.84471107288203
2636,7.84471107288203
2637,7.84471107288203
2638,7.84471107288203
2639,7.84471107288203
2640,7.84471107288203
2641,7.84471107288203
2642,7.84471107288203
2643,7.84471107288203
2644,7.84471107288203
2645,7.84471107288203
2646,7.84471107288203
2647,7.84471107288203
2648,7.84471107288203
2649,7.84471107288203
2650,7.84471107288203
2651,7.84471107288203
2652,7.84471107288203
2653,7.84471107288203
2654,7.84471107288203
2655,7.84471107288203
2656,7.84471107288203
2657,7.84471107288203
2658,7.84471107288203
2659,7.84471107288203
2660,7.84471107288203
2661,7.84471107288203
2662,7.84471107288203
2663,7.84471107288203
2664,7.84471107288203
2665,7.84471107288203
2666,7.84471107288203
2667,7.84471107288203
2668,7.84471107288203
2669,7.84471107288203
2670,7.84471107288203
2671,7.84471107288203
2672,7.84471107288203
2673,7.84471107288203
2674,7.84471107288203
2675,7.84471107288203
2676,7.84471107288203
2677,7.84471107288203
2678,7.84471107288203
2679,7.84471107288203
2680,7.84471107288203
2681,7.84471107288203
2682,7.84471107288203
2683,7.84471107288203
2684,7.84471107288203
2685,7.84471107288203
2686,7.84471107288203
2687,7.84471107288203
2688,7.84471107288203
2689,7.84471107288203
2690,7.84471107288203
2691,7.84471107288203
2692,7.84471107288203
2693,7.84471107288203
2694,7.84471107288203
2695,7.84471107288203
2696,7.84471107288203
2697,7.84471107288203
2698,7.84471107288203
2699,7.84471107288203
2700,7.84471107288203
2701,7.84471107288203
2702,7.84471107288203
2703,7.84471107288203
2704,7.84471107288203
2705,7.84471107288203
2706,7.84471107288203
2707,7.84471107288203
2708,7.84471107288203
2709,7.84471107288203
2710,7.84471107288203
2711,7.84471107288203
2712,7.84471107288203
2713,7.84471107288203
2714,7.84471107288203
2715,7.84471107288203
2716,7.84471107288203
2717,7.84471107288203
2718,7.84471107288203
2719,7.84471107288203
2720,7.84471107288203
2721,7.84471107288203
2722,7.84471107288203
2723,7.84471107288203
2724,7.84471107288203
2725,7.84471107288203
2726,7.84471107288203
2727,7.84471107288203
2728,7.84471107288203
2729,7.84471107288203
2730,7.84471107288203
2731,7.84471107288203
2732,7.84471107288203
2733,7.84471107288203
2734,7.84471107288203
2735,7.84471107288203
2736,7.84471107288203
2737,7.84471107288203
2738,7.84471107288203
2739,7.84471107288203
2740,7.84471107288203
2741,7.84471107288203
2742,7.84471107288203
2743,7.84471107288203
2744,7.84471107288203
2745,7.84471107288203
2746,7.84471107288203
2747,7.84471107288203
2748,7.84471107288203
2749,7.84471107288203
2750,7.84471107288203
2751,7.84471107288203
2752,7.84471107288203
2753,7.84471107288203
2754,7.84471107288203
2755,7.84471107288203
2756,7.84471107288203
2757,7.84471107288203
2758,7.84471107288203
2759,7.84471107288203
2760,7.84471107288203
2761,7.84471107288203
2762,7.84471107288203
2763,7.84471107288203
2764,7.84471107288203
2765,7.84471107288203
2766,7.84471107288203
2767,7.84471107288203
2768,7.84471107288203
2769,7.84471107288203
2770,7.84471107288203
2771,7.84471107288203
2772,7.84471107288203
2773,7.84471107288203
2774,7.84471107288203
2775,7.84471107288203
2776,7.84471107288203
2777,7.84471107288203
2778,7.84471107288203
2779,7.84471107288203
2780,7.84471107288203
2781,7.84471107288203
2782,7.84471107288203
2783,7.84471107288203
2784,7.84471107288203
2785,7.84471107288203
2786,7.84471107288203
2787,7.84471107288203
2788,7.84471107288203
2789,7.84471107288203
2790,7.84471107288203
2791,7.84471107288203
2792,7.84471107288203
2793,7.84471107288203
2794,7.84471107288203
2795,7.84471107288203
2796,7.84471107288203
2797,7.84471107288203
2798,7.84471107288203
2799,7.84471107288203
2800,7.84471107288203
2801,7.84471107288203
2802,7.84471107288203
2803,7.84471107288203
2804,7.84471107288203
2805,7.84471107288203
2806,7.84471107288203
2807,7.84471107288203
2808,7.84471107288203
2809,7.84471107288203
2810,7.84471107288203
2811,7.84471107288203
2812,7.84471107288203
2813,7.84471107288203
2814,7.84471107288203
2815,7.84471107288203
2816,7.84471107288203
2817,7.84471107288203
2818,7.84471107288203
2819,7.84471107288203
2820,7.84471107288203
2821,7.84471107288203
2822,7.84471107288203
2823,7.84471107288203
2824,7.84471107288203
2825,7.84471107288203
2826,7.84471107288203
2827,7.84471107288203
2828,7.84471107288203
2829,7.84471107288203
2830,7.84471107288203
2831,7.84471107288203
2832,7.84471107288203
2833,7.84471107288203
2834,7.84471107288203
2835,7.84471107288203
2836,7.84471107288203
2837,7.84471107288203
2838,7.84471107288203
2839,7.84471107288203
2840,7.84471107288203
2841,7.84471107288203
2842,7.84471107288203
2843,7.84471107288203
2844,7.84471107288203
2845,7.84471107288203
2846,7.84471107288203
2847,7.84471107288203
2848,7.84471107288203
2849,7.84471107288203
2850,7.84471107288203
2851,7.84471107288203
2852,7.84471107288203
2853,7.84471107288203
2854,7.84471107288203
2855,7.84471107288203
2856,7.84471107288203
2857,7.84471107288203
2858,7.84471107288203
2859,7.84471107288203
2860,7.84471107288203
2861,7.84471107288203
2862,7.84471107288203
2863,7.84471107288203
2864,7.84471107288203
2865,7.84471107288203
2866,7.84471107288203
2867,7.84471107288203
2868,7.84471107288203
2869,7.84471107288203
2870,7.84471107288203
2871,7.84471107288203
2872,7.84471107288203
2873,7.84471107288203
2874,7.84471107288203
2875,7.84471107288203
2876,7.84471107288203
2877,7.84471107288203
2878,7.84471107288203
2879,7.84471107288203
2880,7.84471107288203
2881,7.84471107288203
2882,7.84471107288203
2883,7.84471107288203
2884,7.84471107288203
2885,7.84471107288203
2886,7.84471107288203
2887,7.84471107288203
2888,7.84471107288203
2889,7.84471107288203
2890,7.84471107288203
2891,7.84471107288203
2892,7.84471107288203
2893,7.84471107288203
2894,7.84471107288203
2895,7.84471107288203
2896,7.84471107288203
2897,7.84471107288203
2898,7.84471107288203
2899,7.84471107288203
2900,7.84471107288203
2901,7.84471107288203
2902,7.84471107288203
2903,7.84471107288203
2904,7.84471107288203
2905,7.84471107288203
2906,7.84471107288203
2907,7.84471107288203
2908,7.84471107288203
2909,7.84471107288203
2910,7.84471107288203
2911,7.84471107288203
2912,7.84471107288203
2913,7.84471107288203
2914,7.84471107288203
2915,7.84471107288203
2916,7.84471107288203
2917,7.84471107288203
2918,7.84471107288203
2919,7.84471107288203
2920,7.84471107288203
2921,7.84471107288203
2922,7.84471107288203
2923,7.84471107288203
2924,7.84471107288203
2925,7.84471107288203
2926,7.84471107288203
2927,7.84471107288203
2928,7.84471107288203
2929,7.84471107288203
2930,7.84471107288203
2931,7.84471107288203
2932,7.84471107288203
2933,7.84471107288203
2934,7.84471107288203
2935,7.84471107288203
2936,7.84471107288203
2937,7.84471107288203
2938,7.84471107288203
2939,7.84471107288203
2940,7.84471107288203
2941,7.84471107288203
2942,7.84471107288203
2943,7.84471107288203
2944,7.84471107288203
2945,7.84471107288203
2946,7.84471107288203
2947,7.84471107288203
2948,7.84471107288203
2949,7.84471107288203
2950,7.84471107288203
2951,7.84471107288203
2952,7.84471107288203
2953,7.84471107288203
2954,7.84471107288203
2955,7.84471107288203
2956,7.84471107288203
2957,7.84471107288203
2958,7.84471107288203
2959,7.84471107288203
2960,7.84471107288203
2961,7.84471107288203
2962,7.84471107288203
2963,7.84471107288203
2964,7.84471107288203
2965,7.84471107288203
2966,7.84471107288203
2967,7.84471107288203
2968,7.84471107288203
2969,7.84471107288203
2970,7.84471107288203
2971,7.84471107288203
2972,7.84471107288203
2973,7.84471107288203
2974,7.84471107288203
2975,7.84471107288203
2976,7.84471107288203
2977,7.84471107288203
2978,7.84471107288203
2979,7.84471107288203
2980,7.84471107288203
2981,7.84471107288203
2982,7.84471107288203
2983,7.84471107288203
2984,7.84471107288203
2985,7.84471107288203
2986,7.84471107288203
2987,7.84471107288203
2988,7.84471107288203
2989,7.84471107288203
2990,7.84471107288203
2991,7.84471107288203
2992,7.84471107288203
2993,7.84471107288203
2994,7.84471107288203
2995,7.84471107288203
2996,7.84471107288203
2997,7.84471107288203
2998,7.84471107288203
2999,7.84471107288203
3000,7.84471107288203
3001,7.84471107288203
3002,7.84471107288203
3003,7.84471107288203
3004,7.84471107288203
3005,7.84471107288203
3006,7.84471107288203
3007,7.84471107288203
3008,7.84471107288203
3009,7.84471107288203
3010,7.84471107288203
3011,7.84471107288203
3012,7.84471107288203
3013,7.84471107288203
3014,7.84471107288203
3015,7.84471107288203
3016,7.84471107288203
3017,7.84471107288203
3018,7.84471107288203
3019,7.84471107288203
3020,7.84471107288203
3021,7.84471107288203
3022,7.84471107288203
3023,7.84471107288203
3024,7.84471107288203
3025,7.84471107288203
3026,7.84471107288203
3027,7.84471107288203
3028,7.84471107288203
3029,7.84471107288203
3030,7.84471107288203
3031,7.84471107288203
3032,7.84471107288203
3033,7.84471107288203
3034,7.84471107288203
3035,7.84471107288203
3036,7.84471107288203
3037,7.84471107288203
3038,7.84471107288203
3039,7.84471107288203
3040,7.84471107288203
3041,7.84471107288203
3042,7.84471107288203
3043,7.84471107288203
3044,7.84471107288203
3045,7.84471107288203
3046,7.84471107288203
3047,7.84471107288203
3048,7.84471107288203
3049,7.84471107288203
3050,7.84471107288203
3051,7.84471107288203
3052,7.84471107288203
3053,7.84471107288203
3054,7.84471107288203
3055,7.84471107288203
3056,7.84471107288203
3057,7.84471107288203
3058,7.84471107288203
3059,7.84471107288203
3060,7.84471107288203
3061,7.84471107288203
3062,7.84471107288203
3063,7.84471107288203
3064,7.84471107288203
3065,7.84471107288203
3066,7.84471107288203
3067,7.84471107288203
3068,7.84471107288203
3069,7.84471107288203
3070,7.84471107288203
3071,7.84471107288203
3072,7.84471107288203
3073,7.84471107288203
3074,7.84471107288203
3075,7.84471107288203
3076,7.84471107288203
3077,7.84471107288203
3078,7.84471107288203
3079,7.84471107288203
3080,7.84471107288203
3081,7.84471107288203
3082,7.84471107288203
3083,7.84471107288203
3084,7.84471107288203
3085,7.84471107288203
3086,7.84471107288203
3087,7.84471107288203
3088,7.84471107288203
3089,7.84471107288203
3090,7.84471107288203
3091,7.84471107288203
3092,7.84471107288203
3093,7.84471107288203
3094,7.84471107288203
3095,7.84471107288203
3096,7.84471107288203
3097,7.84471107288203
3098,7.84471107288203
3099,7.84471107288203
3100,7.84471107288203
3101,7.84471107288203
3102,7.84471107288203
3103,7.84471107288203
3104,7.84471107288203
3105,7.84471107288203
3106,7.84471107288203
3107,7.84471107288203
3108,7.84471107288203
3109,7.84471107288203
3110,7.84471107288203
3111,7.84471107288203
3112,7.84471107288203
3113,7.84471107288203
3114,7.84471107288203
3115,7.84471107288203
3116,7.84471107288203
3117,7.84471107288203
3118,7.84471107288203
3119,7.84471107288203
3120,7.84471107288203
3121,7.84471107288203
3122,7.84471107288203
3123,7.84471107288203
3124,7.84471107288203
3125,7.84471107288203
3126,7.84471107288203
3127,7.84471107288203
3128,7.84471107288203
3129,7.84471107288203
3130,7.84471107288203
3131,7.84471107288203
3132,7.84471107288203
3133,7.84471107288203
3134,7.84471107288203
3135,7.84471107288203
3136,7.84471107288203
3137,7.84471107288203
3138,7.84471107288203
3139,7.84471107288203
3140,7.84471107288203
3141,7.84471107288203
3142,7.84471107288203
3143,7.84471107288203
3144,7.84471107288203
3145,7.84471107288203
3146,7.84471107288203
3147,7.84471107288203
3148,7.84471107288203
3149,7.84471107288203
3150,7.84471107288203
3151,7.84471107288203
3152,7.84471107288203
3153,7.84471107288203
3154,7.84471107288203
3155,7.84471107288203
3156,7.84471107288203
3157,7.84471107288203
3158,7.84471107288203
3159,7.84471107288203
3160,7.84471107288203
3161,7.84471107288203
3162,7.84471107288203
3163,7.84471107288203
3164,7.84471107288203
3165,7.84471107288203
3166,7.84471107288203
3167,7.84471107288203
3168,7.84471107288203
3169,7.84471107288203
3170,7.84471107288203
3171,7.84471107288203
3172,7.84471107288203
3173,7.84471107288203
3174,7.84471107288203
3175,7.84471107288203
3176,7.84471107288203
3177,7.84471107288203
3178,7.84471107288203
3179,7.84471107288203
3180,7.84471107288203
3181,7.84471107288203
3182,7.84471107288203
3183,7.84471107288203
3184,7.84471107288203
3185,7.84471107288203
3186,7.84471107288203
3187,7.84471107288203
3188,7.84471107288203
3189,7.84471107288203
3190,7.84471107288203
3191,7.84471107288203
3192,7.84471107288203
3193,7.84471107288203
3194,7.84471107288203
3195,7.84471107288203
3196,7.84471107288203
3197,7.84471107288203
3198,7.84471107288203
3199,7.84471107288203
3200,7.84471107288203
3201,7.84471107288203
3202,7.84471107288203
3203,7.84471107288203
3204,7.84471107288203
3205,7.84471107288203
3206,7.84471107288203
3207,7.84471107288203
3208,7.84471107288203
3209,7.84471107288203
3210,7.84471107288203
3211,7.84471107288203
3212,7.84471107288203
3213,7.84471107288203
3214,7.84471107288203
3215,7.84471107288203
3216,7.84471107288203
3217,7.84471107288203
3218,7.84471107288203
3219,7.84471107288203
3220,7.84471107288203
3221,7.84471107288203
3222,7.84471107288203
3223,7.84471107288203
3224,7.84471107288203
3225,7.84471107288203
3226,7.84471107288203
3227,7.84471107288203
3228,7.84471107288203
3229,7.84471107288203
3230,7.84471107288203
3231,7.84471107288203
3232,7.84471107288203
3233,7.84471107288203
3234,7.84471107288203
3235,7.84471107288203
3236,7.84471107288203
3237,7.84471107288203
3238,7.84471107288203
3239,7.84471107288203
3240,7.84471107288203
3241,7.84471107288203
3242,7.84471107288203
3243,7.84471107288203
3244,7.84471107288203
3245,7.84471107288203
3246,7.84471107288203
3247,7.84471107288203
3248,7.84471107288203
3249,7.84471107288203
3250,7.84471107288203
3251,7.84471107288203
3252,7.84471107288203
3253,7.84471107288203
3254,7.84471107288203
3255,7.84471107288203
3256,7.84471107288203
3257,7.84471107288203
3258,7.84471107288203
3259,7.84471107288203
3260,7.84471107288203
3261,7.84471107288203
3262,7.84471107288203
3263,7.84471107288203
3264,7.84471107288203
3265,7.84471107288203
3266,7.84471107288203
3267,7.84471107288203
3268,7.84471107288203
3269,7.84471107288203
3270,7.84471107288203
3271,7.84471107288203
3272,7.84471107288203
3273,7.84471107288203
3274,7.84471107288203
3275,7.84471107288203
3276,7.84471107288203
3277,7.84471107288203
3278,7.84471107288203
3279,7.84471107288203
3280,7.84471107288203
3281,7.84471107288203
3282,7.84471107288203
3283,7.84471107288203
3284,7.84471107288203
3285,7.84471107288203
3286,7.84471107288203
3287,7.84471107288203
3288,7.84471107288203
3289,7.84471107288203
3290,7.84471107288203
3291,7.84471107288203
3292,7.84471107288203
3293,7.84471107288203
3294,7.84471107288203
3295,7.84471107288203
3296,7.84471107288203
3297,7.84471107288203
3298,7.84471107288203
3299,7.84471107288203
3300,7.84471107288203
3301,7.84471107288203
3302,7.84471107288203
3303,7.84471107288203
3304,7.84471107288203
3305,7.84471107288203
3306,7.84471107288203
3307,7.84471107288203
3308,7.84471107288203
3309,7.84471107288203
3310,7.84471107288203
3311,7.84471107288203
3312,7.84471107288203
3313,7.84471107288203
3314,7.84471107288203
3315,7.84471107288203
3316,7.84471107288203
3317,7.84471107288203
3318,7.84471107288203
3319,7.84471107288203
3320,7.84471107288203
3321,7.84471107288203
3322,7.84471107288203
3323,7.84471107288203
3324,7.84471107288203
3325,7.84471107288203
3326,7.84471107288203
3327,7.84471107288203
3328,7.84471107288203
3329,7.84471107288203
3330,7.84471107288203
3331,7.84471107288203
3332,7.84471107288203
3333,7.84471107288203
3334,7.84471107288203
3335,7.84471107288203
3336,7.84471107288203
3337,7.84471107288203
3338,7.84471107288203
3339,7.84471107288203
3340,7.84471107288203
3341,7.84471107288203
3342,7.84471107288203
3343,7.84471107288203
3344,7.84471107288203
3345,7.84471107288203
3346,7.84471107288203
3347,7.84471107288203
3348,7.84471107288203
3349,7.84471107288203
3350,7.84471107288203
3351,7.84471107288203
3352,7.84471107288203
3353,7.84471107288203
3354,7.84471107288203
3355,7.84471107288203
3356,7.84471107288203
3357,7.84471107288203
3358,7.84471107288203
3359,7.84471107288203
3360,7.84471107288203
3361,7.84471107288203
3362,7.84471107288203
3363,7.84471107288203
3364,7.84471107288203
3365,7.84471107288203
3366,7.84471107288203
3367,7.84471107288203
3368,7.84471107288203
3369,7.84471107288203
3370,7.84471107288203
3371,7.84471107288203
3372,7.84471107288203
3373,7.84471107288203
3374,7.84471107288203
3375,7.84471107288203
3376,7.84471107288203
3377,7.84471107288203
3378,7.84471107288203
3379,7.84471107288203
3380,7.84471107288203
3381,7.84471107288203
3382,7.84471107288203
3383,7.84471107288203
3384,7.84471107288203
3385,7.84471107288203
3386,7.84471107288203
3387,7.84471107288203
3388,7.84471107288203
3389,7.84471107288203
3390,7.84471107288203
3391,7.84471107288203
3392,7.84471107288203
3393,7.84471107288203
3394,7.84471107288203
3395,7.84471107288203
3396,7.84471107288203
3397,7.84471107288203
3398,7.84471107288203
3399,7.84471107288203
3400,7.84471107288203
3401,7.84471107288203
3402,7.84471107288203
3403,7.84471107288203
3404,7.84471107288203
3405,7.84471107288203
3406,7.84471107288203
3407,7.84471107288203
3408,7.84471107288203
3409,7.84471107288203
3410,7.84471107288203
3411,7.84471107288203
3412,7.84471107288203
3413,7.84471107288203
3414,7.84471107288203
3415,7.84471107288203
3416,7.84471107288203
3417,7.84471107288203
3418,7.84471107288203
3419,7.84471107288203
3420,7.84471107288203
3421,7.84471107288203
3422,7.84471107288203
3423,7.84471107288203
3424,7.84471107288203
3425,7.84471107288203
3426,7.84471107288203
3427,7.84471107288203
3428,7.84471107288203
3429,7.84471107288203
3430,7.84471107288203
3431,7.84471107288203
3432,7.84471107288203
3433,7.84471107288203
3434,7.84471107288203
3435,7.84471107288203
3436,7.84471107288203
3437,7.84471107288203
3438,7.84471107288203
3439,7.84471107288203
3440,7.84471107288203
3441,7.84471107288203
3442,7.84471107288203
3443,7.84471107288203
3444,7.84471107288203
3445,7.84471107288203
3446,7.84471107288203
3447,7.84471107288203
3448,7.84471107288203
3449,7.84471107288203
3450,7.84471107288203
3451,7.84471107288203
3452,7.84471107288203
3453,7.84471107288203
3454,7.84471107288203
3455,7.84471107288203
3456,7.84471107288203
3457,7.84471107288203
3458,7.84471107288203
3459,7.84471107288203
3460,7.84471107288203
3461,7.84471107288203
3462,7.84471107288203
3463,7.84471107288203
3464,7.84471107288203
3465,7.84471107288203
3466,7.84471107288203
3467,7.84471107288203
3468,7.84471107288203
3469,7.84471107288203
3470,7.84471107288203
3471,7.84471107288203
3472,7.84471107288203
3473,7.84471107288203
3474,7.84471107288203
3475,7.84471107288203
3476,7.84471107288203
3477,7.84471107288203
3478,7.84471107288203
3479,7.84471107288203
3480,7.84471107288203
3481,7.84471107288203
3482,7.84471107288203
3483,7.84471107288203
3484,7.84471107288203
3485,7.84471107288203
3486,7.84471107288203
3487,7.84471107288203
3488,7.84471107288203
3489,7.84471107288203
3490,7.84471107288203
3491,7.84471107288203
3492,7.84471107288203
3493,7.84471107288203
3494,7.84471107288203
3495,7.84471107288203
3496,7.84471107288203
3497,7.84471107288203
3498,7.84471107288203
3499,7.84471107288203
3500,7.84471107288203
3501,7.84471107288203
3502,7.84471107288203
3503,7.84471107288203
3504,7.84471107288203
3505,7.84471107288203
3506,7.84471107288203
3507,7.84471107288203
3508,7.84471107288203
3509,7.84471107288203
3510,7.84471107288203
3511,7.84471107288203
3512,7.84471107288203
3513,7.84471107288203
3514,7.84471107288203
3515,7.84471107288203
3516,7.84471107288203
3517,7.84471107288203
3518,7.84471107288203
3519,7.84471107288203
3520,7.84471107288203
3521,7.84471107288203
3522,7.84471107288203
3523,7.84471107288203
3524,7.84471107288203
3525,7.84471107288203
3526,7.84471107288203
3527,7.84471107288203
3528,7.84471107288203
3529,7.84471107288203
3530,7.84471107288203
3531,7.84471107288203
3532,7.84471107288203
3533,7.84471107288203
3534,7.84471107288203
3535,7.84471107288203
3536,7.84471107288203
3537,7.84471107288203
3538,7.84471107288203
3539,7.84471107288203
3540,7.84471107288203
3541,7.84471107288203
3542,7.84471107288203
3543,7.84471107288203
3544,7.84471107288203
3545,7.84471107288203
3546,7.84471107288203
3547,7.84471107288203
3548,7.84471107288203
3549,7.84471107288203
3550,7.84471107288203
3551,7.84471107288203
3552,7.84471107288203
3553,7.84471107288203
3554,7.84471107288203
3555,7.84471107288203
3556,7.84471107288203
3557,7.84471107288203
3558,7.84471107288203
3559,7.84471107288203
3560,7.84471107288203
3561,7.84471107288203
3562,7.84471107288203
3563,7.84471107288203
3564,7.84471107288203
3565,7.84471107288203
3566,7.84471107288203
3567,7.84471107288203
3568,7.84471107288203
3569,7.84471107288203
3570,7.84471107288203
3571,7.84471107288203
3572,7.84471107288203
3573,7.84471107288203
3574,7.84471107288203
3575,7.84471107288203
3576,7.84471107288203
3577,7.84471107288203
3578,7.84471107288203
3579,7.84471107288203
3580,7.84471107288203
3581,7.84471107288203
3582,7.84471107288203
3583,7.84471107288203
3584,7.84471107288203
3585,7.84471107288203
3586,7.84471107288203
3587,7.84471107288203
3588,7.84471107288203
3589,7.84471107288203
3590,7.84471107288203
3591,7.84471107288203
3592,7.84471107288203
3593,7.84471107288203
3594,7.84471107288203
3595,7.84471107288203
3596,7.84471107288203
3597,7.84471107288203
3598,7.84471107288203
3599,7.84471107288203
3600,7.84471107288203
3601,7.84471107288203
3602,7.84471107288203
3603,7.84471107288203
3604,7.84471107288203
3605,7.84471107288203
3606,7.84471107288203
3607,7.84471107288203
3608,7.84471107288203
3609,7.84471107288203
3610,7.84471107288203
3611,7.84471107288203
3612,7.84471107288203
3613,7.84471107288203
3614,7.84471107288203
3615,7.84471107288203
3616,7.84471107288203
3617,7.84471107288203
3618,7.84471107288203
3619,7.84471107288203
3620,7.84471107288203
3621,7.84471107288203
3622,7.84471107288203
3623,7.84471107288203
3624,7.84471107288203
3625,7.84471107288203
3626,7.84471107288203
3627,7.84471107288203
3628,7.84471107288203
3629,7.84471107288203
3630,7.84471107288203
3631,7.84471107288203
3632,7.84471107288203
3633,7.84471107288203
3634,7.84471107288203
3635,7.84471107288203
3636,7.84471107288203
3637,7.84471107288203
3638,7.84471107288203
3639,7.84471107288203
3640,7.84471107288203
3641,7.84471107288203
3642,7.84471107288203
3643,7.84471107288203
3644,7.84471107288203
3645,7.84471107288203
3646,7.84471107288203
3647,7.84471107288203
3648,7.84471107288203
3649,7.84471107288203
3650,7.84471107288203
3651,7.84471107288203
3652,7.84471107288203
3653,7.84471107288203
3654,7.84471107288203
3655,7.84471107288203
3656,7.84471107288203
3657,7.84471107288203
3658,7.84471107288203
3659,7.84471107288203
3660,7.84471107288203
3661,7.84471107288203
3662,7.84471107288203
3663,7.84471107288203
3664,7.84471107288203
3665,7.84471107288203
3666,7.84471107288203
3667,7.84471107288203
3668,7.84471107288203
3669,7.84471107288203
3670,7.84471107288203
3671,7.84471107288203
3672,7.84471107288203
3673,7.84471107288203
3674,7.84471107288203
3675,7.84471107288203
3676,7.84471107288203
3677,7.84471107288203
3678,7.84471107288203
3679,7.84471107288203
3680,7.84471107288203
3681,7.84471107288203
3682,7.84471107288203
3683,7.84471107288203
3684,7.84471107288203
3685,7.84471107288203
3686,7.84471107288203
3687,7.84471107288203
3688,7.84471107288203
3689,7.84471107288203
3690,7.84471107288203
3691,7.84471107288203
3692,7.84471107288203
3693,7.84471107288203
3694,7.84471107288203
3695,7.84471107288203
3696,7.84471107288203
3697,7.84471107288203
3698,7.84471107288203
3699,7.84471107288203
3700,7.84471107288203
3701,7.84471107288203
3702,7.84471107288203
3703,7.84471107288203
3704,7.84471107288203
3705,7.84471107288203
3706,7.84471107288203
3707,7.84471107288203
3708,7.84471107288203
3709,7.84471107288203
3710,7.84471107288203
3711,7.84471107288203
3712,7.84471107288203
3713,7.84471107288203
3714,7.84471107288203
3715,7.84471107288203
3716,7.84471107288203
3717,7.84471107288203
3718,7.84471107288203
3719,7.84471107288203
3720,7.84471107288203
3721,7.84471107288203
3722,7.84471107288203
3723,7.84471107288203
3724,7.84471107288203
3725,7.84471107288203
3726,7.84471107288203
3727,7.84471107288203
3728,7.84471107288203
3729,7.84471107288203
3730,7.84471107288203
3731,7.84471107288203
3732,7.84471107288203
3733,7.84471107288203
3734,7.84471107288203
3735,7.84471107288203
3736,7.84471107288203
3737,7.84471107288203
3738,7.84471107288203
3739,7.84471107288203
3740,7.84471107288203
3741,7.84471107288203
3742,7.84471107288203
3743,7.84471107288203
3744,7.84471107288203
3745,7.84471107288203
3746,7.84471107288203
3747,7.84471107288203
3748,7.84471107288203
3749,7.84471107288203
3750,7.84471107288203
3751,7.84471107288203
3752,7.84471107288203
3753,7.84471107288203
3754,7.84471107288203
3755,7.84471107288203
3756,7.84471107288203
3757,7.84471107288203
3758,7.84471107288203
3759,7.84471107288203
3760,7.84471107288203
3761,7.84471107288203
3762,7.84471107288203
3763,7.84471107288203
3764,7.84471107288203
3765,7.84471107288203
3766,7.84471107288203
3767,7.84471107288203
3768,7.84471107288203
3769,7.84471107288203
3770,7.84471107288203
3771,7.84471107288203
3772,7.84471107288203
3773,7.84471107288203
3774,7.84471107288203
3775,7.84471107288203
3776,7.84471107288203
3777,7.84471107288203
3778,7.84471107288203
3779,7.84471107288203
3780,7.84471107288203
3781,7.84471107288203
3782,7.84471107288203
3783,7.84471107288203
3784,7.84471107288203
3785,7.84471107288203
3786,7.84471107288203
3787,7.84471107288203
3788,7.84471107288203
3789,7.84471107288203
3790,7.84471107288203
3791,7.84471107288203
3792,7.84471107288203
3793,7.84471107288203
3794,7.84471107288203
3795,7.84471107288203
3796,7.84471107288203
3797,7.84471107288203
3798,7.84471107288203
3799,7.84471107288203
3800,7.84471107288203
3801,7.84471107288203
3802,7.84471107288203
3803,7.84471107288203
3804,7.84471107288203
3805,7.84471107288203
3806,7.84471107288203
3807,7.84471107288203
3808,7.84471107288203
3809,7.84471107288203
3810,7.84471107288203
3811,7.84471107288203
3812,7.84471107288203
3813,7.84471107288203
3814,7.84471107288203
3815,7.84471107288203
3816,7.84471107288203
3817,7.84471107288203
3818,7.84471107288203
3819,7.84471107288203
3820,7.84471107288203
3821,7.84471107288203
3822,7.84471107288203
3823,7.84471107288203
3824,7.84471107288203
3825,7.84471107288203
3826,7.84471107288203
3827,7.84471107288203
3828,7.84471107288203
3829,7.84471107288203
3830,7.84471107288203
3831,7.84471107288203
3832,7.84471107288203
3833,7.84471107288203
3834,7.84471107288203
3835,7.84471107288203
3836,7.84471107288203
3837,7.84471107288203
3838,7.84471107288203
3839,7.84471107288203
3840,7.84471107288203
3841,7.84471107288203
3842,7.84471107288203
3843,7.84471107288203
3844,7.84471107288203
3845,7.84471107288203
3846,7.84471107288203
3847,7.84471107288203
3848,7.84471107288203
3849,7.84471107288203
3850,7.84471107288203
3851,7.84471107288203
3852,7.84471107288203
3853,7.84471107288203
3854,7.84471107288203
3855,7.84471107288203
3856,7.84471107288203
3857,7.84471107288203
3858,7.84471107288203
3859,7.84471107288203
3860,7.84471107288203
3861,7.84471107288203
3862,7.84471107288203
3863,7.84471107288203
3864,7.84471107288203
3865,7.84471107288203
3866,7.84471107288203
3867,7.84471107288203
3868,7.84471107288203
3869,7.84471107288203
3870,7.84471107288203
3871,7.84471107288203
3872,7.84471107288203
3873,7.84471107288203
3874,7.84471107288203
3875,7.84471107288203
3876,7.84471107288203
3877,7.84471107288203
3878,7.84471107288203
3879,7.84471107288203
3880,7.84471107288203
3881,7.84471107288203
3882,7.84471107288203
3883,7.84471107288203
3884,7.84471107288203
3885,7.84471107288203
3886,7.84471107288203
3887,7.84471107288203
3888,7.84471107288203
3889,7.84471107288203
3890,7.84471107288203
3891,7.84471107288203
3892,7.84471107288203
3893,7.84471107288203
3894,7.84471107288203
3895,7.84471107288203
3896,7.84471107288203
3897,7.84471107288203
3898,7.84471107288203
3899,7.84471107288203
3900,7.84471107288203
3901,7.84471107288203
3902,7.84471107288203
3903,7.84471107288203
3904,7.84471107288203
3905,7.84471107288203
3906,7.84471107288203
3907,7.84471107288203
3908,7.84471107288203
3909,7.84471107288203
3910,7.84471107288203
3911,7.84471107288203
3912,7.84471107288203
3913,7.84471107288203
3914,7.84471107288203
3915,7.84471107288203
3916,7.84471107288203
3917,7.84471107288203
3918,7.84471107288203
3919,7.84471107288203
3920,7.84471107288203
3921,7.84471107288203
3922,7.84471107288203
3923,7.84471107288203
3924,7.84471107288203
3925,7.84471107288203
3926,7.84471107288203
3927,7.84471107288203
3928,7.84471107288203
3929,7.84471107288203
3930,7.84471107288203
3931,7.84471107288203
3932,7.84471107288203
3933,7.84471107288203
3934,7.84471107288203
3935,7.84471107288203
3936,7.84471107288203
3937,7.84471107288203
3938,7.84471107288203
3939,7.84471107288203
3940,7.84471107288203
3941,7.84471107288203
3942,7.84471107288203
3943,7.84471107288203
3944,7.84471107288203
3945,7.84471107288203
3946,7.84471107288203
3947,7.84471107288203
3948,7.84471107288203
3949,7.84471107288203
3950,7.84471107288203
3951,7.84471107288203
3952,7.84471107288203
3953,7.84471107288203
3954,7.84471107288203
3955,7.84471107288203
3956,7.84471107288203
3957,7.84471107288203
3958,7.84471107288203
3959,7.84471107288203
3960,7.84471107288203
3961,7.84471107288203
3962,7.84471107288203
3963,7.84471107288203
3964,7.84471107288203
3965,7.84471107288203
3966,7.84471107288203
3967,7.84471107288203
3968,7.84471107288203
3969,7.84471107288203
3970,7.84471107288203
3971,7.84471107288203
3972,7.84471107288203
3973,7.84471107288203
3974,7.84471107288203
3975,7.84471107288203
3976,7.84471107288203
3977,7.84471107288203
3978,7.84471107288203
3979,7.84471107288203
3980,7.84471107288203
3981,7.84471107288203
3982,7.84471107288203
3983,7.84471107288203
3984,7.84471107288203
3985,7.84471107288203
3986,7.84471107288203
3987,7.84471107288203
3988,7.84471107288203
3989,7.84471107288203
3990,7.84471107288203
3991,7.84471107288203
3992,7.84471107288203
3993,7.84471107288203
3994,7.84471107288203
3995,7.84471107288203
3996,7.84471107288203
3997,7.84471107288203
3998,7.84471107288203
3999,7.84471107288203
4000,7.84471107288203
4001,7.84471107288203
4002,7.84471107288203
4003,7.84471107288203
4004,7.84471107288203
4005,7.84471107288203
4006,7.84471107288203
4007,7.84471107288203
4008,7.84471107288203
4009,7.84471107288203
4010,7.84471107288203
4011,7.84471107288203
4012,7.84471107288203
4013,7.84471107288203
4014,7.84471107288203
4015,7.84471107288203
4016,7.84471107288203
4017,7.84471107288203
4018,7.84471107288203
4019,7.84471107288203
4020,7.84471107288203
4021,7.84471107288203
4022,7.84471107288203
4023,7.84471107288203
4024,7.84471107288203
4025,7.84471107288203
4026,7.84471107288203
4027,7.84471107288203
4028,7.84471107288203
4029,7.84471107288203
4030,7.84471107288203
4031,7.84471107288203
4032,7.84471107288203
4033,7.84471107288203
4034,7.84471107288203
4035,7.84471107288203
4036,7.84471107288203
4037,7.84471107288203
4038,7.84471107288203
4039,7.84471107288203
4040,7.84471107288203
4041,7.84471107288203
4042,7.84471107288203
4043,7.84471107288203
4044,7.84471107288203
4045,7.84471107288203
4046,7.84471107288203
4047,7.84471107288203
4048,7.84471107288203
4049,7.84471107288203
4050,7.84471107288203
4051,7.84471107288203
4052,7.84471107288203
4053,7.84471107288203
4054,7.84471107288203
4055,7.84471107288203
4056,7.84471107288203
4057,7.84471107288203
4058,7.84471107288203
4059,7.84471107288203
4060,7.84471107288203
4061,7.84471107288203
4062,7.84471107288203
4063,7.84471107288203
4064,7.84471107288203
4065,7.84471107288203
4066,7.84471107288203
4067,7.84471107288203
4068,7.84471107288203
4069,7.84471107288203
4070,7.84471107288203
4071,7.84471107288203
4072,7.84471107288203
4073,7.84471107288203
4074,7.84471107288203
4075,7.84471107288203
4076,7.84471107288203
4077,7.84471107288203
4078,7.84471107288203
4079,7.84471107288203
4080,7.84471107288203
4081,7.84471107288203
4082,7.84471107288203
4083,7.84471107288203
4084,7.84471107288203
4085,7.84471107288203
4086,7.84471107288203
4087,7.84471107288203
4088,7.84471107288203
4089,7.84471107288203
4090,7.84471107288203
4091,7.84471107288203
4092,7.84471107288203
4093,7.84471107288203
4094,7.84471107288203
4095,7.84471107288203
4096,7.84471107288203
4097,7.84471107288203
4098,7.84471107288203
4099,7.84471107288203
4100,7.84471107288203
4101,7.84471107288203
4102,7.84471107288203
4103,7.84471107288203
4104,7.84471107288203
4105,7.84471107288203
4106,7.84471107288203
4107,7.84471107288203
4108,7.84471107288203
4109,7.84471107288203
4110,7.84471107288203
4111,7.84471107288203
4112,7.84471107288203
4113,7.84471107288203
4114,7.84471107288203
4115,7.84471107288203
4116,7.84471107288203
4117,7.84471107288203
4118,7.84471107288203
4119,7.84471107288203
4120,7.84471107288203
4121,7.84471107288203
4122,7.84471107288203
4123,7.84471107288203
4124,7.84471107288203
4125,7.84471107288203
4126,7.84471107288203
4127,7.84471107288203
4128,7.84471107288203
4129,7.84471107288203
4130,7.84471107288203
4131,7.84471107288203
4132,7.84471107288203
4133,7.84471107288203
4134,7.84471107288203
4135,7.84471107288203
4136,7.84471107288203
4137,7.84471107288203
4138,7.84471107288203
4139,7.84471107288203
4140,7.84471107288203
4141,7.84471107288203
4142,7.84471107288203
4143,7.84471107288203
4144,7.84471107288203
4145,7.84471107288203
4146,7.84471107288203
4147,7.84471107288203
4148,7.84471107288203
4149,7.84471107288203
4150,7.84471107288203
4151,7.84471107288203
4152,7.84471107288203
4153,7.84471107288203
4154,7.84471107288203
4155,7.84471107288203
4156,7.84471107288203
4157,7.84471107288203
4158,7.84471107288203
4159,7.84471107288203
4160,7.84471107288203
4161,7.84471107288203
4162,7.84471107288203
4163,7.84471107288203
4164,7.84471107288203
4165,7.84471107288203
4166,7.84471107288203
4167,7.84471107288203
4168,7.84471107288203
4169,7.84471107288203
4170,7.84471107288203
4171,7.84471107288203
4172,7.84471107288203
4173,7.84471107288203
4174,7.84471107288203
4175,7.84471107288203
4176,7.84471107288203
4177,7.84471107288203
4178,7.84471107288203
4179,7.84471107288203
4180,7.84471107288203
4181,7.84471107288203
4182,7.84471107288203
4183,7.84471107288203
4184,7.84471107288203
4185,7.84471107288203
4186,7.84471107288203
4187,7.84471107288203
4188,7.84471107288203
4189,7.84471107288203
4190,7.84471107288203
4191,7.84471107288203
4192,7.84471107288203
4193,7.84471107288203
4194,7.84471107288203
4195,7.84471107288203
4196,7.84471107288203
4197,7.84471107288203
4198,7.84471107288203
4199,7.84471107288203
4200,7.84471107288203
4201,7.84471107288203
4202,7.84471107288203
4203,7.84471107288203
4204,7.84471107288203
4205,7.84471107288203
4206,7.84471107288203
4207,7.84471107288203
4208,7.84471107288203
4209,7.84471107288203
4210,7.84471107288203
4211,7.84471107288203
4212,7.84471107288203
4213,7.84471107288203
4214,7.84471107288203
4215,7.84471107288203
4216,7.84471107288203
4217,7.84471107288203
4218,7.84471107288203
4219,7.84471107288203
4220,7.84471107288203
4221,7.84471107288203
4222,7.84471107288203
4223,7.84471107288203
4224,7.84471107288203
4225,7.84471107288203
4226,7.84471107288203
4227,7.84471107288203
4228,7.84471107288203
4229,7.84471107288203
4230,7.84471107288203
4231,7.84471107288203
4232,7.84471107288203
4233,7.84471107288203
4234,7.84471107288203
4235,7.84471107288203
4236,7.84471107288203
4237,7.84471107288203
4238,7.84471107288203
4239,7.84471107288203
4240,7.84471107288203
4241,7.84471107288203
4242,7.84471107288203
4243,7.84471107288203
4244,7.84471107288203
4245,7.84471107288203
4246,7.84471107288203
4247,7.84471107288203
4248,7.84471107288203
4249,7.84471107288203
4250,7.84471107288203
4251,7.84471107288203
4252,7.84471107288203
4253,7.84471107288203
4254,7.84471107288203
4255,7.84471107288203
4256,7.84471107288203
4257,7.84471107288203
4258,7.84471107288203
4259,7.84471107288203
4260,7.84471107288203
4261,7.84471107288203
4262,7.84471107288203
4263,7.84471107288203
4264,7.84471107288203
4265,7.84471107288203
4266,7.84471107288203
4267,7.84471107288203
4268,7.84471107288203
4269,7.84471107288203
4270,7.84471107288203
4271,7.84471107288203
4272,7.84471107288203
4273,7.84471107288203
4274,7.84471107288203
4275,7.84471107288203
4276,7.84471107288203
4277,7.84471107288203
4278,7.84471107288203
4279,7.84471107288203
4280,7.84471107288203
4281,7.84471107288203
4282,7.84471107288203
4283,7.84471107288203
4284,7.84471107288203
4285,7.84471107288203
4286,7.84471107288203
4287,7.84471107288203
4288,7.84471107288203
4289,7.84471107288203
4290,7.84471107288203
4291,7.84471107288203
4292,7.84471107288203
4293,7.84471107288203
4294,7.84471107288203
4295,7.84471107288203
4296,7.84471107288203
4297,7.84471107288203
4298,7.84471107288203
4299,7.84471107288203
4300,7.84471107288203
4301,7.84471107288203
4302,7.84471107288203
4303,7.84471107288203
4304,7.84471107288203
4305,7.84471107288203
4306,7.84471107288203
4307,7.84471107288203
4308,7.84471107288203
4309,7.84471107288203
4310,7.84471107288203
4311,7.84471107288203
4312,7.84471107288203
4313,7.84471107288203
4314,7.84471107288203
4315,7.84471107288203
4316,7.84471107288203
4317,7.84471107288203
4318,7.84471107288203
4319,7.84471107288203
4320,7.84471107288203
4321,7.84471107288203
4322,7.84471107288203
4323,7.84471107288203
4324,7.84471107288203
4325,7.84471107288203
4326,7.84471107288203
4327,7.84471107288203
4328,7.84471107288203
4329,7.84471107288203
4330,7.84471107288203
4331,7.84471107288203
4332,7.84471107288203
4333,7.84471107288203
4334,7.84471107288203
4335,7.84471107288203
4336,7.84471107288203
4337,7.84471107288203
4338,7.84471107288203
4339,7.84471107288203
4340,7.84471107288203
4341,7.84471107288203
4342,7.84471107288203
4343,7.84471107288203
4344,7.84471107288203
4345,7.84471107288203
4346,7.84471107288203
4347,7.84471107288203
4348,7.84471107288203
4349,7.84471107288203
4350,7.84471107288203
4351,7.84471107288203
4352,7.84471107288203
4353,7.84471107288203
4354,7.84471107288203
4355,7.84471107288203
4356,7.84471107288203
4357,7.84471107288203
4358,7.84471107288203
4359,7.84471107288203
4360,7.84471107288203
4361,7.84471107288203
4362,7.84471107288203
4363,7.84471107288203
4364,7.84471107288203
4365,7.84471107288203
4366,7.84471107288203
4367,7.84471107288203
4368,7.84471107288203
4369,7.84471107288203
4370,7.84471107288203
4371,7.84471107288203
4372,7.84471107288203
4373,7.84471107288203
4374,7.84471107288203
4375,7.84471107288203
4376,7.84471107288203
4377,7.84471107288203
4378,7.84471107288203
4379,7.84471107288203
4380,7.84471107288203
4381,7.84471107288203
4382,7.84471107288203
4383,7.84471107288203
4384,7.84471107288203
4385,7.84471107288203
4386,7.84471107288203
4387,7.84471107288203
4388,7.84471107288203
4389,7.84471107288203
4390,7.84471107288203
4391,7.84471107288203
4392,7.84471107288203
4393,7.84471107288203
4394,7.84471107288203
4395,7.84471107288203
4396,7.84471107288203
4397,7.84471107288203
4398,7.84471107288203
4399,7.84471107288203
4400,7.84471107288203
4401,7.84471107288203
4402,7.84471107288203
4403,7.84471107288203
4404,7.84471107288203
4405,7.84471107288203
4406,7.84471107288203
4407,7.84471107288203
4408,7.84471107288203
4409,7.84471107288203
4410,7.84471107288203
4411,7.84471107288203
4412,7.84471107288203
4413,7.84471107288203
4414,7.84471107288203
4415,7.84471107288203
4416,7.84471107288203
4417,7.84471107288203
4418,7.84471107288203
4419,7.84471107288203
4420,7.84471107288203
4421,7.84471107288203
4422,7.84471107288203
4423,7.84471107288203
4424,7.84471107288203
4425,7.84471107288203
4426,7.84471107288203
4427,7.84471107288203
4428,7.84471107288203
4429,7.84471107288203
4430,7.84471107288203
4431,7.84471107288203
4432,7.84471107288203
4433,7.84471107288203
4434,7.84471107288203
4435,7.84471107288203
4436,7.84471107288203
4437,7.84471107288203
4438,7.84471107288203
4439,7.84471107288203
4440,7.84471107288203
4441,7.84471107288203
4442,7.84471107288203
4443,7.84471107288203
4444,7.84471107288203
4445,7.84471107288203
4446,7.84471107288203
4447,7.84471107288203
4448,7.84471107288203
4449,7.84471107288203
4450,7.84471107288203
4451,7.84471107288203
4452,7.84471107288203
4453,7.84471107288203
4454,7.84471107288203
4455,7.84471107288203
4456,7.84471107288203
4457,7.84471107288203
4458,7.84471107288203
4459,7.84471107288203
4460,7.84471107288203
4461,7.84471107288203
4462,7.84471107288203
4463,7.84471107288203
4464,7.84471107288203
4465,7.84471107288203
4466,7.84471107288203
4467,7.84471107288203
4468,7.84471107288203
4469,7.84471107288203
4470,7.84471107288203
4471,7.84471107288203
4472,7.84471107288203
4473,7.84471107288203
4474,7.84471107288203
4475,7.84471107288203
4476,7.84471107288203
4477,7.84471107288203
4478,7.84471107288203
4479,7.84471107288203
4480,7.84471107288203
4481,7.84471107288203
4482,7.84471107288203
4483,7.84471107288203
4484,7.84471107288203
4485,7.84471107288203
4486,7.84471107288203
4487,7.84471107288203
4488,7.84471107288203
4489,7.84471107288203
4490,7.84471107288203
4491,7.84471107288203
4492,7.84471107288203
4493,7.84471107288203
4494,7.84471107288203
4495,7.84471107288203
4496,7.84471107288203
4497,7.84471107288203
4498,7.84471107288203
4499,7.84471107288203
4500,7.84471107288203
4501,7.84471107288203
4502,7.84471107288203
4503,7.84471107288203
4504,7.84471107288203
4505,7.84471107288203
4506,7.84471107288203
4507,7.84471107288203
4508,7.84471107288203
4509,7.84471107288203
4510,7.84471107288203
4511,7.84471107288203
4512,7.84471107288203
4513,7.84471107288203
4514,7.84471107288203
4515,7.84471107288203
4516,7.84471107288203
4517,7.84471107288203
4518,7.84471107288203
4519,7.84471107288203
4520,7.84471107288203
4521,7.84471107288203
4522,7.84471107288203
4523,7.84471107288203
4524,7.84471107288203
4525,7.84471107288203
4526,7.84471107288203
4527,7.84471107288203
4528,7.84471107288203
4529,7.84471107288203
4530,7.84471107288203
4531,7.84471107288203
4532,7.84471107288203
4533,7.84471107288203
4534,7.84471107288203
4535,7.84471107288203
4536,7.84471107288203
4537,7.84471107288203
4538,7.84471107288203
4539,7.84471107288203
4540,7.84471107288203
4541,7.84471107288203
4542,7.84471107288203
4543,7.84471107288203
4544,7.84471107288203
4545,7.84471107288203
4546,7.84471107288203
4547,7.84471107288203
4548,7.84471107288203
4549,7.84471107288203
4550,7.84471107288203
4551,7.84471107288203
4552,7.84471107288203
4553,7.84471107288203
4554,7.84471107288203
4555,7.84471107288203
4556,7.84471107288203
4557,7.84471107288203
4558,7.84471107288203
4559,7.84471107288203
4560,7.84471107288203
4561,7.84471107288203
4562,7.84471107288203
4563,7.84471107288203
4564,7.84471107288203
4565,7.84471107288203
4566,7.84471107288203
4567,7.84471107288203
4568,7.84471107288203
4569,7.84471107288203
4570,7.84471107288203
4571,7.84471107288203
4572,7.84471107288203
4573,7.84471107288203
4574,7.84471107288203
4575,7.84471107288203
4576,7.84471107288203
4577,7.84471107288203
4578,7.84471107288203
4579,7.84471107288203
4580,7.84471107288203
4581,7.84471107288203
4582,7.84471107288203
4583,7.84471107288203
4584,7.84471107288203
4585,7.84471107288203
4586,7.84471107288203
4587,7.84471107288203
4588,7.84471107288203
4589,7.84471107288203
4590,7.84471107288203
4591,7.84471107288203
4592,7.84471107288203
4593,7.84471107288203
4594,7.84471107288203
4595,7.84471107288203
4596,7.84471107288203
4597,7.84471107288203
4598,7.84471107288203
4599,7.84471107288203
4600,7.84471107288203
4601,7.84471107288203
4602,7.84471107288203
4603,7.84471107288203
4604,7.84471107288203
4605,7.84471107288203
4606,7.84471107288203
4607,7.84471107288203
4608,7.84471107288203
4609,7.84471107288203
4610,7.84471107288203
4611,7.84471107288203
4612,7.84471107288203
4613,7.84471107288203
4614,7.84471107288203
4615,7.84471107288203
4616,7.84471107288203
4617,7.84471107288203
4618,7.84471107288203
4619,7.84471107288203
4620,7.84471107288203
4621,7.84471107288203
4622,7.84471107288203
4623,7.84471107288203
4624,7.84471107288203
4625,7.84471107288203
4626,7.84471107288203
4627,7.84471107288203
4628,7.84471107288203
4629,7.84471107288203
4630,7.84471107288203
4631,7.84471107288203
4632,7.84471107288203
4633,7.84471107288203
4634,7.84471107288203
4635,7.84471107288203
4636,7.84471107288203
4637,7.84471107288203
4638,7.84471107288203
4639,7.84471107288203
4640,7.84471107288203
4641,7.84471107288203
4642,7.84471107288203
4643,7.84471107288203
4644,7.84471107288203
4645,7.84471107288203
4646,7.84471107288203
4647,7.84471107288203
4648,7.84471107288203
4649,7.84471107288203
4650,7.84471107288203
4651,7.84471107288203
4652,7.84471107288203
4653,7.84471107288203
4654,7.84471107288203
4655,7.84471107288203
4656,7.84471107288203
4657,7.84471107288203
4658,7.84471107288203
4659,7.84471107288203
4660,7.84471107288203
4661,7.84471107288203
4662,7.84471107288203
4663,7.84471107288203
4664,7.84471107288203
4665,7.84471107288203
4666,7.84471107288203
4667,7.84471107288203
4668,7.84471107288203
4669,7.84471107288203
4670,7.84471107288203
4671,7.84471107288203
4672,7.84471107288203
4673,7.84471107288203
4674,7.84471107288203
4675,7.84471107288203
4676,7.84471107288203
4677,7.84471107288203
4678,7.84471107288203
4679,7.84471107288203
4680,7.84471107288203
4681,7.84471107288203
4682,7.84471107288203
4683,7.84471107288203
4684,7.84471107288203
4685,7.84471107288203
4686,7.84471107288203
4687,7.84471107288203
4688,7.84471107288203
4689,7.84471107288203
4690,7.84471107288203
4691,7.84471107288203
4692,7.84471107288203
4693,7.84471107288203
4694,7.84471107288203
4695,7.84471107288203
4696,7.84471107288203
4697,7.84471107288203
4698,7.84471107288203
4699,7.84471107288203
4700,7.84471107288203
4701,7.84471107288203
4702,7.84471107288203
4703,7.84471107288203
4704,7.84471107288203
4705,7.84471107288203
4706,7.84471107288203
4707,7.84471107288203
4708,7.84471107288203
4709,7.84471107288203
4710,7.84471107288203
4711,7.84471107288203
4712,7.84471107288203
4713,7.84471107288203
4714,7.84471107288203
4715,7.84471107288203
4716,7.84471107288203
4717,7.84471107288203
4718,7.84471107288203
4719,7.84471107288203
4720,7.84471107288203
4721,7.84471107288203
4722,7.84471107288203
4723,7.84471107288203
4724,7.84471107288203
4725,7.84471107288203
4726,7.84471107288203
4727,7.84471107288203
4728,7.84471107288203
4729,7.84471107288203
4730,7.84471107288203
4731,7.84471107288203
4732,7.84471107288203
4733,7.84471107288203
4734,7.84471107288203
4735,7.84471107288203
4736,7.84471107288203
4737,7.84471107288203
4738,7.84471107288203
4739,7.84471107288203
4740,7.84471107288203
4741,7.84471107288203
4742,7.84471107288203
4743,7.84471107288203
4744,7.84471107288203
4745,7.84471107288203
4746,7.84471107288203
4747,7.84471107288203
4748,7.84471107288203
4749,7.84471107288203
4750,7.84471107288203
4751,7.84471107288203
4752,7.84471107288203
4753,7.84471107288203
4754,7.84471107288203
4755,7.84471107288203
4756,7.84471107288203
4757,7.84471107288203
4758,7.84471107288203
4759,7.84471107288203
4760,7.84471107288203
4761,7.84471107288203
4762,7.84471107288203
4763,7.84471107288203
4764,7.84471107288203
4765,7.84471107288203
4766,7.84471107288203
4767,7.84471107288203
4768,7.84471107288203
4769,7.84471107288203
4770,7.84471107288203
4771,7.84471107288203
4772,7.84471107288203
4773,7.84471107288203
4774,7.84471107288203
4775,7.84471107288203
4776,7.84471107288203
4777,7.84471107288203
4778,7.84471107288203
4779,7.84471107288203
4780,7.84471107288203
4781,7.84471107288203
4782,7.84471107288203
4783,7.84471107288203
4784,7.84471107288203
4785,7.84471107288203
4786,7.84471107288203
4787,7.84471107288203
4788,7.84471107288203
4789,7.84471107288203
4790,7.84471107288203
4791,7.84471107288203
4792,7.84471107288203
4793,7.84471107288203
4794,7.84471107288203
4795,7.84471107288203
4796,7.84471107288203
4797,7.84471107288203
4798,7.84471107288203
4799,7.84471107288203
4800,7.84471107288203
4801,7.84471107288203
4802,7.84471107288203
4803,7.84471107288203
4804,7.84471107288203
4805,7.84471107288203
4806,7.84471107288203
4807,7.84471107288203
4808,7.84471107288203
4809,7.84471107288203
4810,7.84471107288203
4811,7.84471107288203
4812,7.84471107288203
4813,7.84471107288203
4814,7.84471107288203
4815,7.84471107288203
4816,7.84471107288203
4817,7.84471107288203
4818,7.84471107288203
4819,7.84471107288203
4820,7.84471107288203
4821,7.84471107288203
4822,7.84471107288203
4823,7.84471107288203
4824,7.84471107288203
4825,7.84471107288203
4826,7.84471107288203
4827,7.84471107288203
4828,7.84471107288203
4829,7.84471107288203
4830,7.84471107288203
4831,7.84471107288203
4832,7.84471107288203
4833,7.84471107288203
4834,7.84471107288203
4835,7.84471107288203
4836,7.84471107288203
4837,7.84471107288203
4838,7.84471107288203
4839,7.84471107288203
4840,7.84471107288203
4841,7.84471107288203
4842,7.84471107288203
4843,7.84471107288203
4844,7.84471107288203
4845,7.84471107288203
4846,7.84471107288203
4847,7.84471107288203
4848,7.84471107288203
4849,7.84471107288203
4850,7.84471107288203
4851,7.84471107288203
4852,7.84471107288203
4853,7.84471107288203
4854,7.84471107288203
4855,7.84471107288203
4856,7.84471107288203
4857,7.84471107288203
4858,7.84471107288203
4859,7.84471107288203
4860,7.84471107288203
4861,7.84471107288203
4862,7.84471107288203
4863,7.84471107288203
4864,7.84471107288203
4865,7.84471107288203
4866,7.84471107288203
4867,7.84471107288203
4868,7.84471107288203
4869,7.84471107288203
4870,7.84471107288203
4871,7.84471107288203
4872,7.84471107288203
4873,7.84471107288203
4874,7.84471107288203
4875,7.84471107288203
4876,7.84471107288203
4877,7.84471107288203
4878,7.84471107288203
4879,7.84471107288203
4880,7.84471107288203
4881,7.84471107288203
4882,7.84471107288203
4883,7.84471107288203
4884,7.84471107288203
4885,7.84471107288203
4886,7.84471107288203
4887,7.84471107288203
4888,7.84471107288203
4889,7.84471107288203
4890,7.84471107288203
4891,7.84471107288203
4892,7.84471107288203
4893,7.84471107288203
4894,7.84471107288203
4895,7.84471107288203
4896,7.84471107288203
4897,7.84471107288203
4898,7.84471107288203
4899,7.84471107288203
4900,7.84471107288203
4901,7.84471107288203
4902,7.84471107288203
4903,7.84471107288203
4904,7.84471107288203
4905,7.84471107288203
4906,7.84471107288203
4907,7.84471107288203
4908,7.84471107288203
4909,7.84471107288203
4910,7.84471107288203
4911,7.84471107288203
4912,7.84471107288203
4913,7.84471107288203
4914,7.84471107288203
4915,7.84471107288203
4916,7.84471107288203
4917,7.84471107288203
4918,7.84471107288203
4919,7.84471107288203
4920,7.84471107288203
4921,7.84471107288203
4922,7.84471107288203
4923,7.84471107288203
4924,7.84471107288203
4925,7.84471107288203
4926,7.84471107288203
4927,7.84471107288203
4928,7.84471107288203
4929,7.84471107288203
4930,7.84471107288203
4931,7.84471107288203
4932,7.84471107288203
4933,7.84471107288203
4934,7.84471107288203
4935,7.84471107288203
4936,7.84471107288203
4937,7.84471107288203
4938,7.84471107288203
4939,7.84471107288203
4940,7.84471107288203
4941,7.84471107288203
4942,7.84471107288203
4943,7.84471107288203
4944,7.84471107288203
4945,7.84471107288203
4946,7.84471107288203
4947,7.84471107288203
4948,7.84471107288203
4949,7.84471107288203
4950,7.84471107288203
4951,7.84471107288203
4952,7.84471107288203
4953,7.84471107288203
4954,7.84471107288203
4955,7.84471107288203
4956,7.84471107288203
4957,7.84471107288203
4958,7.84471107288203
4959,7.84471107288203
4960,7.84471107288203
4961,7.84471107288203
4962,7.84471107288203
4963,7.84471107288203
4964,7.84471107288203
4965,7.84471107288203
4966,7.84471107288203
4967,7.84471107288203
4968,7.84471107288203
4969,7.84471107288203
4970,7.84471107288203
4971,7.84471107288203
4972,7.84471107288203
4973,7.84471107288203
4974,7.84471107288203
4975,7.84471107288203
4976,7.84471107288203
4977,7.84471107288203
4978,7.84471107288203
4979,7.84471107288203
4980,7.84471107288203
4981,7.84471107288203
4982,7.84471107288203
4983,7.84471107288203
4984,7.84471107288203
4985,7.84471107288203
4986,7.84471107288203
4987,7.84471107288203
4988,7.84471107288203
4989,7.84471107288203
4990,7.84471107288203
4991,7.84471107288203
4992,7.84471107288203
4993,7.84471107288203
4994,7.84471107288203
4995,7.84471107288203
4996,7.84471107288203
4997,7.84471107288203
4998,7.84471107288203
4999,7.84471107288203
5000,7.84471107288203
5001,7.84471107288203
5002,7.84471107288203
5003,7.84471107288203
5004,7.84471107288203
5005,7.84471107288203
5006,7.84471107288203
5007,7.84471107288203
5008,7.84471107288203
5009,7.84471107288203
5010,7.84471107288203
5011,7.84471107288203
5012,7.84471107288203
5013,7.84471107288203
5014,7.84471107288203
5015,7.84471107288203
5016,7.84471107288203
5017,7.84471107288203
5018,7.84471107288203
5019,7.84471107288203
5020,7.84471107288203
5021,7.84471107288203
5022,7.84471107288203
5023,7.84471107288203
5024,7.84471107288203
5025,7.84471107288203
5026,7.84471107288203
5027,7.84471107288203
5028,7.84471107288203
5029,7.84471107288203
5030,7.84471107288203
5031,7.84471107288203
5032,7.84471107288203
5033,7.84471107288203
5034,7.84471107288203
5035,7.84471107288203
5036,7.84471107288203
5037,7.84471107288203
5038,7.84471107288203
5039,7.84471107288203
5040,7.84471107288203
5041,7.84471107288203
5042,7.84471107288203
5043,7.84471107288203
5044,7.84471107288203
5045,7.84471107288203
5046,7.84471107288203
5047,7.84471107288203
5048,7.84471107288203
5049,7.84471107288203
5050,7.84471107288203
5051,7.84471107288203
5052,7.84471107288203
5053,7.84471107288203
5054,7.84471107288203
5055,7.84471107288203
5056,7.84471107288203
5057,7.84471107288203
5058,7.84471107288203
5059,7.84471107288203
5060,7.84471107288203
5061,7.84471107288203
5062,7.84471107288203
5063,7.84471107288203
5064,7.84471107288203
5065,7.84471107288203
5066,7.84471107288203
5067,7.84471107288203
5068,7.84471107288203
5069,7.84471107288203
5070,7.84471107288203
5071,7.84471107288203
5072,7.84471107288203
5073,7.84471107288203
5074,7.84471107288203
5075,7.84471107288203
5076,7.84471107288203
5077,7.84471107288203
5078,7.84471107288203
5079,7.84471107288203
5080,7.84471107288203
5081,7.84471107288203
5082,7.84471107288203
5083,7.84471107288203
5084,7.84471107288203
5085,7.84471107288203
5086,7.84471107288203
5087,7.84471107288203
5088,7.84471107288203
5089,7.84471107288203
5090,7.84471107288203
5091,7.84471107288203
5092,7.84471107288203
5093,7.84471107288203
5094,7.84471107288203
5095,7.84471107288203
5096,7.84471107288203
5097,7.84471107288203
5098,7.84471107288203
5099,7.84471107288203
5100,7.84471107288203
5101,7.84471107288203
5102,7.84471107288203
5103,7.84471107288203
5104,7.84471107288203
5105,7.84471107288203
5106,7.84471107288203
5107,7.84471107288203
5108,7.84471107288203
5109,7.84471107288203
5110,7.84471107288203
5111,7.84471107288203
5112,7.84471107288203
5113,7.84471107288203
5114,7.84471107288203
5115,7.84471107288203
5116,7.84471107288203
5117,7.84471107288203
5118,7.84471107288203
5119,7.84471107288203
5120,7.84471107288203
5121,7.84471107288203
5122,7.84471107288203
5123,7.84471107288203
5124,7.84471107288203
5125,7.84471107288203
5126,7.84471107288203
5127,7.84471107288203
5128,7.84471107288203
5129,7.84471107288203
5130,7.84471107288203
5131,7.84471107288203
5132,7.84471107288203
5133,7.84471107288203
5134,7.84471107288203
5135,7.84471107288203
5136,7.84471107288203
5137,7.84471107288203
5138,7.84471107288203
5139,7.84471107288203
5140,7.84471107288203
5141,7.84471107288203
5142,7.84471107288203
5143,7.84471107288203
5144,7.84471107288203
5145,7.84471107288203
5146,7.84471107288203
5147,7.84471107288203
5148,7.84471107288203
5149,7.84471107288203
5150,7.84471107288203
5151,7.84471107288203
5152,7.84471107288203
5153,7.84471107288203
5154,7.84471107288203
5155,7.84471107288203
5156,7.84471107288203
5157,7.84471107288203
5158,7.84471107288203
5159,7.84471107288203
5160,7.84471107288203
5161,7.84471107288203
5162,7.84471107288203
5163,7.84471107288203
5164,7.84471107288203
5165,7.84471107288203
5166,7.84471107288203
5167,7.84471107288203
5168,7.84471107288203
5169,7.84471107288203
5170,7.84471107288203
5171,7.84471107288203
5172,7.84471107288203
5173,7.84471107288203
5174,7.84471107288203
5175,7.84471107288203
5176,7.84471107288203
5177,7.84471107288203
5178,7.84471107288203
5179,7.84471107288203
5180,7.84471107288203
5181,7.84471107288203
5182,7.84471107288203
5183,7.84471107288203
5184,7.84471107288203
5185,7.84471107288203
5186,7.84471107288203
5187,7.84471107288203
5188,7.84471107288203
5189,7.84471107288203
5190,7.84471107288203
5191,7.84471107288203
5192,7.84471107288203
5193,7.84471107288203
5194,7.84471107288203
5195,7.84471107288203
5196,7.84471107288203
5197,7.84471107288203
5198,7.84471107288203
5199,7.84471107288203
5200,7.84471107288203
5201,7.84471107288203
5202,7.84471107288203
5203,7.84471107288203
5204,7.84471107288203
5205,7.84471107288203
5206,7.84471107288203
5207,7.84471107288203
5208,7.84471107288203
5209,7.84471107288203
5210,7.84471107288203
5211,7.84471107288203
5212,7.84471107288203
5213,7.84471107288203
5214,7.84471107288203
5215,7.84471107288203
5216,7.84471107288203
5217,7.84471107288203
5218,7.84471107288203
5219,7.84471107288203
5220,7.84471107288203
5221,7.84471107288203
5222,7.84471107288203
5223,7.84471107288203
5224,7.84471107288203
5225,7.84471107288203
5226,7.84471107288203
5227,7.84471107288203
5228,7.84471107288203
5229,7.84471107288203
5230,7.84471107288203
5231,7.84471107288203
5232,7.84471107288203
5233,7.84471107288203
5234,7.84471107288203
5235,7.84471107288203
5236,7.84471107288203
5237,7.84471107288203
5238,7.84471107288203
5239,7.84471107288203
5240,7.84471107288203
5241,7.84471107288203
5242,7.84471107288203
5243,7.84471107288203
5244,7.84471107288203
5245,7.84471107288203
5246,7.84471107288203
5247,7.84471107288203
5248,7.84471107288203
5249,7.84471107288203
5250,7.84471107288203
5251,7.84471107288203
5252,7.84471107288203
5253,7.84471107288203
5254,7.84471107288203
5255,7.84471107288203
5256,7.84471107288203
5257,7.84471107288203
5258,7.84471107288203
5259,7.84471107288203
5260,7.84471107288203
5261,7.84471107288203
5262,7.84471107288203
5263,7.84471107288203
5264,7.84471107288203
5265,7.84471107288203
5266,7.84471107288203
5267,7.84471107288203
5268,7.84471107288203
5269,7.84471107288203
5270,7.84471107288203
5271,7.84471107288203
5272,7.84471107288203
5273,7.84471107288203
5274,7.84471107288203
5275,7.84471107288203
5276,7.84471107288203
5277,7.84471107288203
5278,7.84471107288203
5279,7.84471107288203
5280,7.84471107288203
5281,7.84471107288203
5282,7.84471107288203
5283,7.84471107288203
5284,7.84471107288203
5285,7.84471107288203
5286,7.84471107288203
5287,7.84471107288203
5288,7.84471107288203
5289,7.84471107288203
5290,7.84471107288203
5291,7.84471107288203
5292,7.84471107288203
5293,7.84471107288203
5294,7.84471107288203
5295,7.84471107288203
5296,7.84471107288203
5297,7.84471107288203
5298,7.84471107288203
5299,7.84471107288203
5300,7.84471107288203
5301,7.84471107288203
5302,7.84471107288203
5303,7.84471107288203
5304,7.84471107288203
5305,7.84471107288203
5306,7.84471107288203
5307,7.84471107288203
5308,7.84471107288203
5309,7.84471107288203
5310,7.84471107288203
5311,7.84471107288203
5312,7.84471107288203
5313,7.84471107288203
5314,7.84471107288203
5315,7.84471107288203
5316,7.84471107288203
5317,7.84471107288203
5318,7.84471107288203
5319,7.84471107288203
5320,7.84471107288203
5321,7.84471107288203
5322,7.84471107288203
5323,7.84471107288203
5324,7.84471107288203
5325,7.84471107288203
5326,7.84471107288203
5327,7.84471107288203
5328,7.84471107288203
5329,7.84471107288203
5330,7.84471107288203
5331,7.84471107288203
5332,7.84471107288203
5333,7.84471107288203
5334,7.84471107288203
5335,7.84471107288203
5336,7.84471107288203
5337,7.84471107288203
5338,7.84471107288203
5339,7.84471107288203
5340,7.84471107288203
5341,7.84471107288203
5342,7.84471107288203
5343,7.84471107288203
5344,7.84471107288203
5345,7.84471107288203
5346,7.84471107288203
5347,7.84471107288203
5348,7.84471107288203
5349,7.84471107288203
5350,7.84471107288203
5351,7.84471107288203
5352,7.84471107288203
5353,7.84471107288203
5354,7.84471107288203
5355,7.84471107288203
5356,7.84471107288203
5357,7.84471107288203
5358,7.84471107288203
5359,7.84471107288203
5360,7.84471107288203
5361,7.84471107288203
5362,7.84471107288203
5363,7.84471107288203
5364,7.84471107288203
5365,7.84471107288203
5366,7.84471107288203
5367,7.84471107288203
5368,7.84471107288203
5369,7.84471107288203
5370,7.84471107288203
5371,7.84471107288203
5372,7.84471107288203
5373,7.84471107288203
5374,7.84471107288203
5375,7.84471107288203
5376,7.84471107288203
5377,7.84471107288203
5378,7.84471107288203
5379,7.84471107288203
5380,7.84471107288203
5381,7.84471107288203
5382,7.84471107288203
5383,7.84471107288203
5384,7.84471107288203
5385,7.84471107288203
5386,7.84471107288203
5387,7.84471107288203
5388,7.84471107288203
5389,7.84471107288203
5390,7.84471107288203
5391,7.84471107288203
5392,7.84471107288203
5393,7.84471107288203
5394,7.84471107288203
5395,7.84471107288203
5396,7.84471107288203
5397,7.84471107288203
5398,7.84471107288203
5399,7.84471107288203
5400,7.84471107288203
5401,7.84471107288203
5402,7.84471107288203
5403,7.84471107288203
5404,7.84471107288203
5405,7.84471107288203
5406,7.84471107288203
5407,7.84471107288203
5408,7.84471107288203
5409,7.84471107288203
5410,7.84471107288203
5411,7.84471107288203
5412,7.84471107288203
5413,7.84471107288203
5414,7.84471107288203
5415,7.84471107288203
5416,7.84471107288203
5417,7.84471107288203
5418,7.84471107288203
5419,7.84471107288203
5420,7.84471107288203
5421,7.84471107288203
5422,7.84471107288203
5423,7.84471107288203
5424,7.84471107288203
5425,7.84471107288203
5426,7.84471107288203
5427,7.84471107288203
5428,7.84471107288203
5429,7.84471107288203
5430,7.84471107288203
5431,7.84471107288203
5432,7.84471107288203
5433,7.84471107288203
5434,7.84471107288203
5435,7.84471107288203
5436,7.84471107288203
5437,7.84471107288203
5438,7.84471107288203
5439,7.84471107288203
5440,7.84471107288203
5441,7.84471107288203
5442,7.84471107288203
5443,7.84471107288203
5444,7.84471107288203
5445,7.84471107288203
5446,7.84471107288203
5447,7.84471107288203
5448,7.84471107288203
5449,7.84471107288203
5450,7.84471107288203
5451,7.84471107288203
5452,7.84471107288203
5453,7.84471107288203
5454,7.84471107288203
5455,7.84471107288203
5456,7.84471107288203
5457,7.84471107288203
5458,7.84471107288203
5459,7.84471107288203
5460,7.84471107288203
5461,7.84471107288203
5462,7.84471107288203
5463,7.84471107288203
5464,7.84471107288203
5465,7.84471107288203
5466,7.84471107288203
5467,7.84471107288203
5468,7.84471107288203
5469,7.84471107288203
5470,7.84471107288203
5471,7.84471107288203
5472,7.84471107288203
5473,7.84471107288203
5474,7.84471107288203
5475,7.84471107288203
5476,7.84471107288203
5477,7.84471107288203
5478,7.84471107288203
5479,7.84471107288203
5480,7.84471107288203
5481,7.84471107288203
5482,7.84471107288203
5483,7.84471107288203
5484,7.84471107288203
5485,7.84471107288203
5486,7.84471107288203
5487,7.84471107288203
5488,7.84471107288203
5489,7.84471107288203
5490,7.84471107288203
5491,7.84471107288203
5492,7.84471107288203
5493,7.84471107288203
5494,7.84471107288203
5495,7.84471107288203
5496,7.84471107288203
5497,7.84471107288203
5498,7.84471107288203
5499,7.84471107288203
5500,7.84471107288203
5501,7.84471107288203
5502,7.84471107288203
5503,7.84471107288203
5504,7.84471107288203
5505,7.84471107288203
5506,7.84471107288203
5507,7.84471107288203
5508,7.84471107288203
5509,7.84471107288203
5510,7.84471107288203
5511,7.84471107288203
5512,7.84471107288203
5513,7.84471107288203
5514,7.84471107288203
5515,7.84471107288203
5516,7.84471107288203
5517,7.84471107288203
5518,7.84471107288203
5519,7.84471107288203
5520,7.84471107288203
5521,7.84471107288203
5522,7.84471107288203
5523,7.84471107288203
5524,7.84471107288203
5525,7.84471107288203
5526,7.84471107288203
5527,7.84471107288203
5528,7.84471107288203
5529,7.84471107288203
5530,7.84471107288203
5531,7.84471107288203
5532,7.84471107288203
5533,7.84471107288203
5534,7.84471107288203
5535,7.84471107288203
5536,7.84471107288203
5537,7.84471107288203
5538,7.84471107288203
5539,7.84471107288203
5540,7.84471107288203
5541,7.84471107288203
5542,7.84471107288203
5543,7.84471107288203
5544,7.84471107288203
5545,7.84471107288203
5546,7.84471107288203
5547,7.84471107288203
5548,7.84471107288203
5549,7.84471107288203
5550,7.84471107288203
5551,7.84471107288203
5552,7.84471107288203
5553,7.84471107288203
5554,7.84471107288203
5555,7.84471107288203
5556,7.84471107288203
5557,7.84471107288203
5558,7.84471107288203
5559,7.84471107288203
5560,7.84471107288203
5561,7.84471107288203
5562,7.84471107288203
5563,7.84471107288203
5564,7.84471107288203
5565,7.84471107288203
5566,7.84471107288203
5567,7.84471107288203
5568,7.84471107288203
5569,7.84471107288203
5570,7.84471107288203
5571,7.84471107288203
5572,7.84471107288203
5573,7.84471107288203
5574,7.84471107288203
5575,7.84471107288203
5576,7.84471107288203
5577,7.84471107288203
5578,7.84471107288203
5579,7.84471107288203
5580,7.84471107288203
5581,7.84471107288203
5582,7.84471107288203
5583,7.84471107288203
5584,7.84471107288203
5585,7.84471107288203
5586,7.84471107288203
5587,7.84471107288203
5588,7.84471107288203
5589,7.84471107288203
5590,7.84471107288203
5591,7.84471107288203
5592,7.84471107288203
5593,7.84471107288203
5594,7.84471107288203
5595,7.84471107288203
5596,7.84471107288203
5597,7.84471107288203
5598,7.84471107288203
5599,7.84471107288203
5600,7.84471107288203
5601,7.84471107288203
5602,7.84471107288203
5603,7.84471107288203
5604,7.84471107288203
5605,7.84471107288203
5606,7.84471107288203
5607,7.84471107288203
5608,7.84471107288203
5609,7.84471107288203
5610,7.84471107288203
5611,7.84471107288203
5612,7.84471107288203
5613,7.84471107288203
5614,7.84471107288203
5615,7.84471107288203
5616,7.84471107288203
5617,7.84471107288203
5618,7.84471107288203
5619,7.84471107288203
5620,7.84471107288203
5621,7.84471107288203
5622,7.84471107288203
5623,7.84471107288203
5624,7.84471107288203
5625,7.84471107288203
5626,7.84471107288203
5627,7.84471107288203
5628,7.84471107288203
5629,7.84471107288203
5630,7.84471107288203
5631,7.84471107288203
5632,7.84471107288203
5633,7.84471107288203
5634,7.84471107288203
5635,7.84471107288203
5636,7.84471107288203
5637,7.84471107288203
5638,7.84471107288203
5639,7.84471107288203
5640,7.84471107288203
5641,7.84471107288203
5642,7.84471107288203
5643,7.84471107288203
5644,7.84471107288203
5645,7.84471107288203
5646,7.84471107288203
5647,7.84471107288203
5648,7.84471107288203
5649,7.84471107288203
5650,7.84471107288203
5651,7.84471107288203
5652,7.84471107288203
5653,7.84471107288203
5654,7.84471107288203
5655,7.84471107288203
5656,7.84471107288203
5657,7.84471107288203
5658,7.84471107288203
5659,7.84471107288203
5660,7.84471107288203
5661,7.84471107288203
5662,7.84471107288203
5663,7.84471107288203
5664,7.84471107288203
5665,7.84471107288203
5666,7.84471107288203
5667,7.84471107288203
5668,7.84471107288203
5669,7.84471107288203
5670,7.84471107288203
5671,7.84471107288203
5672,7.84471107288203
5673,7.84471107288203
5674,7.84471107288203
5675,7.84471107288203
5676,7.84471107288203
5677,7.84471107288203
5678,7.84471107288203
5679,7.84471107288203
5680,7.84471107288203
5681,7.84471107288203
5682,7.84471107288203
5683,7.84471107288203
5684,7.84471107288203
5685,7.84471107288203
5686,7.84471107288203
5687,7.84471107288203
5688,7.84471107288203
5689,7.84471107288203
5690,7.84471107288203
5691,7.84471107288203
5692,7.84471107288203
5693,7.84471107288203
5694,7.84471107288203
5695,7.84471107288203
5696,7.84471107288203
5697,7.84471107288203
5698,7.84471107288203
5699,7.84471107288203
5700,7.84471107288203
5701,7.84471107288203
5702,7.84471107288203
5703,7.84471107288203
5704,7.84471107288203
5705,7.84471107288203
5706,7.84471107288203
5707,7.84471107288203
5708,7.84471107288203
5709,7.84471107288203
5710,7.84471107288203
5711,7.84471107288203
5712,7.84471107288203
5713,7.84471107288203
5714,7.84471107288203
5715,7.84471107288203
5716,7.84471107288203
5717,7.84471107288203
5718,7.84471107288203
5719,7.84471107288203
5720,7.84471107288203
5721,7.84471107288203
5722,7.84471107288203
5723,7.84471107288203
5724,7.84471107288203
5725,7.84471107288203
5726,7.84471107288203
5727,7.84471107288203
5728,7.84471107288203
5729,7.84471107288203
5730,7.84471107288203
5731,7.84471107288203
5732,7.84471107288203
5733,7.84471107288203
5734,7.84471107288203
5735,7.84471107288203
5736,7.84471107288203
5737,7.84471107288203
5738,7.84471107288203
5739,7.84471107288203
5740,7.84471107288203
5741,7.84471107288203
5742,7.84471107288203
5743,7.84471107288203
5744,7.84471107288203
5745,7.84471107288203
5746,7.84471107288203
5747,7.84471107288203
5748,7.84471107288203
5749,7.84471107288203
5750,7.84471107288203
5751,7.84471107288203
5752,7.84471107288203
5753,7.84471107288203
5754,7.84471107288203
5755,7.84471107288203
5756,7.84471107288203
5757,7.84471107288203
5758,7.84471107288203
5759,7.84471107288203
5760,7.84471107288203
5761,7.84471107288203
5762,7.84471107288203
5763,7.84471107288203
5764,7.84471107288203
5765,7.84471107288203
5766,7.84471107288203
5767,7.84471107288203
5768,7.84471107288203
5769,7.84471107288203
5770,7.84471107288203
5771,7.84471107288203
5772,7.84471107288203
5773,7.84471107288203
5774,7.84471107288203
5775,7.84471107288203
5776,7.84471107288203
5777,7.84471107288203
5778,7.84471107288203
5779,7.84471107288203
5780,7.84471107288203
5781,7.84471107288203
5782,7.84471107288203
5783,7.84471107288203
5784,7.84471107288203
5785,7.84471107288203
5786,7.84471107288203
5787,7.84471107288203
5788,7.84471107288203
5789,7.84471107288203
5790,7.84471107288203
5791,7.84471107288203
5792,7.84471107288203
5793,7.84471107288203
5794,7.84471107288203
5795,7.84471107288203
5796,7.84471107288203
5797,7.84471107288203
5798,7.84471107288203
5799,7.84471107288203
5800,7.84471107288203
5801,7.84471107288203
5802,7.84471107288203
5803,7.84471107288203
5804,7.84471107288203
5805,7.84471107288203
5806,7.84471107288203
5807,7.84471107288203
5808,7.84471107288203
5809,7.84471107288203
5810,7.84471107288203
5811,7.84471107288203
5812,7.84471107288203
5813,7.84471107288203
5814,7.84471107288203
5815,7.84471107288203
5816,7.84471107288203
5817,7.84471107288203
5818,7.84471107288203
5819,7.84471107288203
5820,7.84471107288203
5821,7.84471107288203
5822,7.84471107288203
5823,7.84471107288203
5824,7.84471107288203
5825,7.84471107288203
5826,7.84471107288203
5827,7.84471107288203
5828,7.84471107288203
5829,7.84471107288203
5830,7.84471107288203
5831,7.84471107288203
5832,7.84471107288203
5833,7.84471107288203
5834,7.84471107288203
5835,7.84471107288203
5836,7.84471107288203
5837,7.84471107288203
5838,7.84471107288203
5839,7.84471107288203
5840,7.84471107288203
5841,7.84471107288203
5842,7.84471107288203
5843,7.84471107288203
5844,7.84471107288203
5845,7.84471107288203
5846,7.84471107288203
5847,7.84471107288203
5848,7.84471107288203
5849,7.84471107288203
5850,7.84471107288203
5851,7.84471107288203
5852,7.84471107288203
5853,7.84471107288203
5854,7.84471107288203
5855,7.84471107288203
5856,7.84471107288203
5857,7.84471107288203
5858,7.84471107288203
5859,7.84471107288203
5860,7.84471107288203
5861,7.84471107288203
5862,7.84471107288203
5863,7.84471107288203
5864,7.84471107288203
5865,7.84471107288203
5866,7.84471107288203
5867,7.84471107288203
5868,7.84471107288203
5869,7.84471107288203
5870,7.84471107288203
5871,7.84471107288203
5872,7.84471107288203
5873,7.84471107288203
5874,7.84471107288203
5875,7.84471107288203
5876,7.84471107288203
5877,7.84471107288203
5878,7.84471107288203
5879,7.84471107288203
5880,7.84471107288203
5881,7.84471107288203
5882,7.84471107288203
5883,7.84471107288203
5884,7.84471107288203
5885,7.84471107288203
5886,7.84471107288203
5887,7.84471107288203
5888,7.84471107288203
5889,7.84471107288203
5890,7.84471107288203
5891,7.84471107288203
5892,7.84471107288203
5893,7.84471107288203
5894,7.84471107288203
5895,7.84471107288203
5896,7.84471107288203
5897,7.84471107288203
5898,7.84471107288203
5899,7.84471107288203
5900,7.84471107288203
5901,7.84471107288203
5902,7.84471107288203
5903,7.84471107288203
5904,7.84471107288203
5905,7.84471107288203
5906,7.84471107288203
5907,7.84471107288203
5908,7.84471107288203
5909,7.84471107288203
5910,7.84471107288203
5911,7.84471107288203
5912,7.84471107288203
5913,7.84471107288203
5914,7.84471107288203
5915,7.84471107288203
5916,7.84471107288203
5917,7.84471107288203
5918,7.84471107288203
5919,7.84471107288203
5920,7.84471107288203
5921,7.84471107288203
5922,7.84471107288203
5923,7.84471107288203
5924,7.84471107288203
5925,7.84471107288203
5926,7.84471107288203
5927,7.84471107288203
5928,7.84471107288203
5929,7.84471107288203
5930,7.84471107288203
5931,7.84471107288203
5932,7.84471107288203
5933,7.84471107288203
5934,7.84471107288203
5935,7.84471107288203
5936,7.84471107288203
5937,7.84471107288203
5938,7.84471107288203
5939,7.84471107288203
5940,7.84471107288203
5941,7.84471107288203
5942,7.84471107288203
5943,7.84471107288203
5944,7.84471107288203
5945,7.84471107288203
5946,7.84471107288203
5947,7.84471107288203
5948,7.84471107288203
5949,7.84471107288203
5950,7.84471107288203
5951,7.84471107288203
5952,7.84471107288203
5953,7.84471107288203
5954,7.84471107288203
5955,7.84471107288203
5956,7.84471107288203
5957,7.84471107288203
5958,7.84471107288203
5959,7.84471107288203
5960,7.84471107288203
5961,7.84471107288203
5962,7.84471107288203
5963,7.84471107288203
5964,7.84471107288203
5965,7.84471107288203
5966,7.84471107288203
5967,7.84471107288203
5968,7.84471107288203
5969,7.84471107288203
5970,7.84471107288203
5971,7.84471107288203
5972,7.84471107288203
5973,7.84471107288203
5974,7.84471107288203
5975,7.84471107288203
5976,7.84471107288203
5977,7.84471107288203
5978,7.84471107288203
5979,7.84471107288203
5980,7.84471107288203
5981,7.84471107288203
5982,7.84471107288203
5983,7.84471107288203
5984,7.84471107288203
5985,7.84471107288203
5986,7.84471107288203
5987,7.84471107288203
5988,7.84471107288203
5989,7.84471107288203
5990,7.84471107288203
5991,7.84471107288203
5992,7.84471107288203
5993,7.84471107288203
5994,7.84471107288203
5995,7.84471107288203
5996,7.84471107288203
5997,7.84471107288203
5998,7.84471107288203
5999,7.84471107288203
6000,7.84471107288203
6001,7.84471107288203
6002,7.84471107288203
6003,7.84471107288203
6004,7.84471107288203
6005,7.84471107288203
6006,7.84471107288203
6007,7.84471107288203
6008,7.84471107288203
6009,7.84471107288203
6010,7.84471107288203
6011,7.84471107288203
6012,7.84471107288203
6013,7.84471107288203
6014,7.84471107288203
6015,7.84471107288203
6016,7.84471107288203
6017,7.84471107288203
6018,7.84471107288203
6019,7.84471107288203
6020,7.84471107288203
6021,7.84471107288203
6022,7.84471107288203
6023,7.84471107288203
6024,7.84471107288203
6025,7.84471107288203
6026,7.84471107288203
6027,7.84471107288203
6028,7.84471107288203
6029,7.84471107288203
6030,7.84471107288203
6031,7.84471107288203
6032,7.84471107288203
6033,7.84471107288203
6034,7.84471107288203
6035,7.84471107288203
6036,7.84471107288203
6037,7.84471107288203
6038,7.84471107288203
6039,7.84471107288203
6040,7.84471107288203
6041,7.84471107288203
6042,7.84471107288203
6043,7.84471107288203
6044,7.84471107288203
6045,7.84471107288203
6046,7.84471107288203
6047,7.84471107288203
6048,7.84471107288203
6049,7.84471107288203
6050,7.84471107288203
6051,7.84471107288203
6052,7.84471107288203
6053,7.84471107288203
6054,7.84471107288203
6055,7.84471107288203
6056,7.84471107288203
6057,7.84471107288203
6058,7.84471107288203
6059,7.84471107288203
6060,7.84471107288203
6061,7.84471107288203
6062,7.84471107288203
6063,7.84471107288203
6064,7.84471107288203
6065,7.84471107288203
6066,7.84471107288203
6067,7.84471107288203
6068,7.84471107288203
6069,7.84471107288203
6070,7.84471107288203
6071,7.84471107288203
6072,7.84471107288203
6073,7.84471107288203
6074,7.84471107288203
6075,7.84471107288203
6076,7.84471107288203
6077,7.84471107288203
6078,7.84471107288203
6079,7.84471107288203
6080,7.84471107288203
6081,7.84471107288203
6082,7.84471107288203
6083,7.84471107288203
6084,7.84471107288203
6085,7.84471107288203
6086,7.84471107288203
6087,7.84471107288203
6088,7.84471107288203
6089,7.84471107288203
6090,7.84471107288203
6091,7.84471107288203
6092,7.84471107288203
6093,7.84471107288203
6094,7.84471107288203
6095,7.84471107288203
6096,7.84471107288203
6097,7.84471107288203
6098,7.84471107288203
6099,7.84471107288203
6100,7.84471107288203
6101,7.84471107288203
6102,7.84471107288203
6103,7.84471107288203
6104,7.84471107288203
6105,7.84471107288203
6106,7.84471107288203
6107,7.84471107288203
6108,7.84471107288203
6109,7.84471107288203
6110,7.84471107288203
6111,7.84471107288203
6112,7.84471107288203
6113,7.84471107288203
6114,7.84471107288203
6115,7.84471107288203
6116,7.84471107288203
6117,7.84471107288203
6118,7.84471107288203
6119,7.84471107288203
6120,7.84471107288203
6121,7.84471107288203
6122,7.84471107288203
6123,7.84471107288203
6124,7.84471107288203
6125,7.84471107288203
6126,7.84471107288203
6127,7.84471107288203
6128,7.84471107288203
6129,7.84471107288203
6130,7.84471107288203
6131,7.84471107288203
6132,7.84471107288203
6133,7.84471107288203
6134,7.84471107288203
6135,7.84471107288203
6136,7.84471107288203
6137,7.84471107288203
6138,7.84471107288203
6139,7.84471107288203
6140,7.84471107288203
6141,7.84471107288203
6142,7.84471107288203
6143,7.84471107288203
6144,7.84471107288203
6145,7.84471107288203
6146,7.84471107288203
6147,7.84471107288203
6148,7.84471107288203
6149,7.84471107288203
6150,7.84471107288203
6151,7.84471107288203
6152,7.84471107288203
6153,7.84471107288203
6154,7.84471107288203
6155,7.84471107288203
6156,7.84471107288203
6157,7.84471107288203
6158,7.84471107288203
6159,7.84471107288203
6160,7.84471107288203
6161,7.84471107288203
6162,7.84471107288203
6163,7.84471107288203
6164,7.84471107288203
6165,7.84471107288203
6166,7.84471107288203
6167,7.84471107288203
6168,7.84471107288203
6169,7.84471107288203
6170,7.84471107288203
6171,7.84471107288203
6172,7.84471107288203
6173,7.84471107288203
6174,7.84471107288203
6175,7.84471107288203
6176,7.84471107288203
6177,7.84471107288203
6178,7.84471107288203
6179,7.84471107288203
6180,7.84471107288203
6181,7.84471107288203
6182,7.84471107288203
6183,7.84471107288203
6184,7.84471107288203
6185,7.84471107288203
6186,7.84471107288203
6187,7.84471107288203
6188,7.84471107288203
6189,7.84471107288203
6190,7.84471107288203
6191,7.84471107288203
6192,7.84471107288203
6193,7.84471107288203
6194,7.84471107288203
6195,7.84471107288203
6196,7.84471107288203
6197,7.84471107288203
6198,7.84471107288203
6199,7.84471107288203
6200,7.84471107288203
6201,7.84471107288203
6202,7.84471107288203
6203,7.84471107288203
6204,7.84471107288203
6205,7.84471107288203
6206,7.84471107288203
6207,7.84471107288203
6208,7.84471107288203
6209,7.84471107288203
6210,7.84471107288203
6211,7.84471107288203
6212,7.84471107288203
6213,7.84471107288203
6214,7.84471107288203
6215,7.84471107288203
6216,7.84471107288203
6217,7.84471107288203
6218,7.84471107288203
6219,7.84471107288203
6220,7.84471107288203
6221,7.84471107288203
6222,7.84471107288203
6223,7.84471107288203
6224,7.84471107288203
6225,7.84471107288203
6226,7.84471107288203
6227,7.84471107288203
6228,7.84471107288203
6229,7.84471107288203
6230,7.84471107288203
6231,7.84471107288203
6232,7.84471107288203
6233,7.84471107288203
6234,7.84471107288203
6235,7.84471107288203
6236,7.84471107288203
6237,7.84471107288203
6238,7.84471107288203
6239,7.84471107288203
6240,7.84471107288203
6241,7.84471107288203
6242,7.84471107288203
6243,7.84471107288203
6244,7.84471107288203
6245,7.84471107288203
6246,7.84471107288203
6247,7.84471107288203
6248,7.84471107288203
6249,7.84471107288203
6250,7.84471107288203
6251,7.84471107288203
6252,7.84471107288203
6253,7.84471107288203
6254,7.84471107288203
6255,7.84471107288203
6256,7.84471107288203
6257,7.84471107288203
6258,7.84471107288203
6259,7.84471107288203
6260,7.84471107288203
6261,7.84471107288203
6262,7.84471107288203
6263,7.84471107288203
6264,7.84471107288203
6265,7.84471107288203
6266,7.84471107288203
6267,7.84471107288203
6268,7.84471107288203
6269,7.84471107288203
6270,7.84471107288203
6271,7.84471107288203
6272,7.84471107288203
6273,7.84471107288203
6274,7.84471107288203
6275,7.84471107288203
6276,7.84471107288203
6277,7.84471107288203
6278,7.84471107288203
6279,7.84471107288203
6280,7.84471107288203
6281,7.84471107288203
6282,7.84471107288203
6283,7.84471107288203
6284,7.84471107288203
6285,7.84471107288203
6286,7.84471107288203
6287,7.84471107288203
6288,7.84471107288203
6289,7.84471107288203
6290,7.84471107288203
6291,7.84471107288203
6292,7.84471107288203
6293,7.84471107288203
6294,7.84471107288203
6295,7.84471107288203
6296,7.84471107288203
6297,7.84471107288203
6298,7.84471107288203
6299,7.84471107288203
6300,7.84471107288203
6301,7.84471107288203
6302,7.84471107288203
6303,7.84471107288203
6304,7.84471107288203
6305,7.84471107288203
6306,7.84471107288203
6307,7.84471107288203
6308,7.84471107288203
6309,7.84471107288203
6310,7.84471107288203
6311,7.84471107288203
6312,7.84471107288203
6313,7.84471107288203
6314,7.84471107288203
6315,7.84471107288203
6316,7.84471107288203
6317,7.84471107288203
6318,7.84471107288203
6319,7.84471107288203
6320,7.84471107288203
6321,7.84471107288203
6322,7.84471107288203
6323,7.84471107288203
6324,7.84471107288203
6325,7.84471107288203
6326,7.84471107288203
6327,7.84471107288203
6328,7.84471107288203
6329,7.84471107288203
6330,7.84471107288203
6331,7.84471107288203
6332,7.84471107288203
6333,7.84471107288203
6334,7.84471107288203
6335,7.84471107288203
6336,7.84471107288203
6337,7.84471107288203
6338,7.84471107288203
6339,7.84471107288203
6340,7.84471107288203
6341,7.84471107288203
6342,7.84471107288203
6343,7.84471107288203
6344,7.84471107288203
6345,7.84471107288203
6346,7.84471107288203
6347,7.84471107288203
6348,7.84471107288203
6349,7.84471107288203
6350,7.84471107288203
6351,7.84471107288203
6352,7.84471107288203
6353,7.84471107288203
6354,7.84471107288203
6355,7.84471107288203
6356,7.84471107288203
6357,7.84471107288203
6358,7.84471107288203
6359,7.84471107288203
6360,7.84471107288203
6361,7.84471107288203
6362,7.84471107288203
6363,7.84471107288203
6364,7.84471107288203
6365,7.84471107288203
6366,7.84471107288203
6367,7.84471107288203
6368,7.84471107288203
6369,7.84471107288203
6370,7.84471107288203
6371,7.84471107288203
6372,7.84471107288203
6373,7.84471107288203
6374,7.84471107288203
6375,7.84471107288203
6376,7.84471107288203
6377,7.84471107288203
6378,7.84471107288203
6379,7.84471107288203
6380,7.84471107288203
6381,7.84471107288203
6382,7.84471107288203
6383,7.84471107288203
6384,7.84471107288203
6385,7.84471107288203
6386,7.84471107288203
6387,7.84471107288203
6388,7.84471107288203
6389,7.84471107288203
6390,7.84471107288203
6391,7.84471107288203
6392,7.84471107288203
6393,7.84471107288203
6394,7.84471107288203
6395,7.84471107288203
6396,7.84471107288203
6397,7.84471107288203
6398,7.84471107288203
6399,7.84471107288203
6400,7.84471107288203
6401,7.84471107288203
6402,7.84471107288203
6403,7.84471107288203
6404,7.84471107288203
6405,7.84471107288203
6406,7.84471107288203
6407,7.84471107288203
6408,7.84471107288203
6409,7.84471107288203
6410,7.84471107288203
6411,7.84471107288203
6412,7.84471107288203
6413,7.84471107288203
6414,7.84471107288203
6415,7.84471107288203
6416,7.84471107288203
6417,7.84471107288203
6418,7.84471107288203
6419,7.84471107288203
6420,7.84471107288203
6421,7.84471107288203
6422,7.84471107288203
6423,7.84471107288203
6424,7.84471107288203
6425,7.84471107288203
6426,7.84471107288203
6427,7.84471107288203
6428,7.84471107288203
6429,7.84471107288203
6430,7.84471107288203
6431,7.84471107288203
6432,7.84471107288203
6433,7.84471107288203
6434,7.84471107288203
6435,7.84471107288203
6436,7.84471107288203
6437,7.84471107288203
6438,7.84471107288203
6439,7.84471107288203
6440,7.84471107288203
6441,7.84471107288203
6442,7.84471107288203
6443,7.84471107288203
6444,7.84471107288203
6445,7.84471107288203
6446,7.84471107288203
6447,7.84471107288203
6448,7.84471107288203
6449,7.84471107288203
6450,7.84471107288203
6451,7.84471107288203
6452,7.84471107288203
6453,7.84471107288203
6454,7.84471107288203
6455,7.84471107288203
6456,7.84471107288203
6457,7.84471107288203
6458,7.84471107288203
6459,7.84471107288203
6460,7.84471107288203
6461,7.84471107288203
6462,7.84471107288203
6463,7.84471107288203
6464,7.84471107288203
6465,7.84471107288203
6466,7.84471107288203
6467,7.84471107288203
6468,7.84471107288203
6469,7.84471107288203
6470,7.84471107288203
6471,7.84471107288203
6472,7.84471107288203
6473,7.84471107288203
6474,7.84471107288203
6475,7.84471107288203
6476,7.84471107288203
6477,7.84471107288203
6478,7.84471107288203
6479,7.84471107288203
6480,7.84471107288203
6481,7.84471107288203
6482,7.84471107288203
6483,7.84471107288203
6484,7.84471107288203
6485,7.84471107288203
6486,7.84471107288203
6487,7.84471107288203
6488,7.84471107288203
6489,7.84471107288203
6490,7.84471107288203
6491,7.84471107288203
6492,7.84471107288203
6493,7.84471107288203
6494,7.84471107288203
6495,7.84471107288203
6496,7.84471107288203
6497,7.84471107288203
6498,7.84471107288203
6499,7.84471107288203
6500,7.84471107288203
6501,7.84471107288203
6502,7.84471107288203
6503,7.84471107288203
6504,7.84471107288203
6505,7.84471107288203
6506,7.84471107288203
6507,7.84471107288203
6508,7.84471107288203
6509,7.84471107288203
6510,7.84471107288203
6511,7.84471107288203
6512,7.84471107288203
6513,7.84471107288203
6514,7.84471107288203
6515,7.84471107288203
6516,7.84471107288203
6517,7.84471107288203
6518,7.84471107288203
6519,7.84471107288203
6520,7.84471107288203
6521,7.84471107288203
6522,7.84471107288203
6523,7.84471107288203
6524,7.84471107288203
6525,7.84471107288203
6526,7.84471107288203
6527,7.84471107288203
6528,7.84471107288203
6529,7.84471107288203
6530,7.84471107288203
6531,7.84471107288203
6532,7.84471107288203
6533,7.84471107288203
6534,7.84471107288203
6535,7.84471107288203
6536,7.84471107288203
6537,7.84471107288203
6538,7.84471107288203
6539,7.84471107288203
6540,7.84471107288203
6541,7.84471107288203
6542,7.84471107288203
6543,7.84471107288203
6544,7.84471107288203
6545,7.84471107288203
6546,7.84471107288203
6547,7.84471107288203
6548,7.84471107288203
6549,7.84471107288203
6550,7.84471107288203
6551,7.84471107288203
6552,7.84471107288203
6553,7.84471107288203
6554,7.84471107288203
6555,7.84471107288203
6556,7.84471107288203
6557,7.84471107288203
6558,7.84471107288203
6559,7.84471107288203
6560,7.84471107288203
6561,7.84471107288203
6562,7.84471107288203
6563,7.84471107288203
6564,7.84471107288203
6565,7.84471107288203
6566,7.84471107288203
6567,7.84471107288203
6568,7.84471107288203
6569,7.84471107288203
6570,7.84471107288203
6571,7.84471107288203
6572,7.84471107288203
6573,7.84471107288203
6574,7.84471107288203
6575,7.84471107288203
6576,7.84471107288203
6577,7.84471107288203
6578,7.84471107288203
6579,7.84471107288203
6580,7.84471107288203
6581,7.84471107288203
6582,7.84471107288203
6583,7.84471107288203
6584,7.84471107288203
6585,7.84471107288203
6586,7.84471107288203
6587,7.84471107288203
6588,7.84471107288203
6589,7.84471107288203
6590,7.84471107288203
6591,7.84471107288203
6592,7.84471107288203
6593,7.84471107288203
6594,7.84471107288203
6595,7.84471107288203
6596,7.84471107288203
6597,7.84471107288203
6598,7.84471107288203
6599,7.84471107288203
6600,7.84471107288203
6601,7.84471107288203
6602,7.84471107288203
6603,7.84471107288203
6604,7.84471107288203
6605,7.84471107288203
6606,7.84471107288203
6607,7.84471107288203
6608,7.84471107288203
6609,7.84471107288203
6610,7.84471107288203
6611,7.84471107288203
6612,7.84471107288203
6613,7.84471107288203
6614,7.84471107288203
6615,7.84471107288203
6616,7.84471107288203
6617,7.84471107288203
6618,7.84471107288203
6619,7.84471107288203
6620,7.84471107288203
6621,7.84471107288203
6622,7.84471107288203
6623,7.84471107288203
6624,7.84471107288203
6625,7.84471107288203
6626,7.84471107288203
6627,7.84471107288203
6628,7.84471107288203
6629,7.84471107288203
6630,7.84471107288203
6631,7.84471107288203
6632,7.84471107288203
6633,7.84471107288203
6634,7.84471107288203
6635,7.84471107288203
6636,7.84471107288203
6637,7.84471107288203
6638,7.84471107288203
6639,7.84471107288203
6640,7.84471107288203
6641,7.84471107288203
6642,7.84471107288203
6643,7.84471107288203
6644,7.84471107288203
6645,7.84471107288203
6646,7.84471107288203
6647,7.84471107288203
6648,7.84471107288203
6649,7.84471107288203
6650,7.84471107288203
6651,7.84471107288203
6652,7.84471107288203
6653,7.84471107288203
6654,7.84471107288203
6655,7.84471107288203
6656,7.84471107288203
6657,7.84471107288203
6658,7.84471107288203
6659,7.84471107288203
6660,7.84471107288203
6661,7.84471107288203
6662,7.84471107288203
6663,7.84471107288203
6664,7.84471107288203
6665,7.84471107288203
6666,7.84471107288203
6667,7.84471107288203
6668,7.84471107288203
6669,7.84471107288203
6670,7.84471107288203
6671,7.84471107288203
6672,7.84471107288203
6673,7.84471107288203
6674,7.84471107288203
6675,7.84471107288203
6676,7.84471107288203
6677,7.84471107288203
6678,7.84471107288203
6679,7.84471107288203
6680,7.84471107288203
6681,7.84471107288203
6682,7.84471107288203
6683,7.84471107288203
6684,7.84471107288203
6685,7.84471107288203
6686,7.84471107288203
6687,7.84471107288203
6688,7.84471107288203
6689,7.84471107288203
6690,7.84471107288203
6691,7.84471107288203
6692,7.84471107288203
6693,7.84471107288203
6694,7.84471107288203
6695,7.84471107288203
6696,7.84471107288203
6697,7.84471107288203
6698,7.84471107288203
6699,7.84471107288203
6700,7.84471107288203
6701,7.84471107288203
6702,7.84471107288203
6703,7.84471107288203
6704,7.84471107288203
6705,7.84471107288203
6706,7.84471107288203
6707,7.84471107288203
6708,7.84471107288203
6709,7.84471107288203
6710,7.84471107288203
6711,7.84471107288203
6712,7.84471107288203
6713,7.84471107288203
6714,7.84471107288203
6715,7.84471107288203
6716,7.84471107288203
6717,7.84471107288203
6718,7.84471107288203
6719,7.84471107288203
6720,7.84471107288203
6721,7.84471107288203
6722,7.84471107288203
6723,7.84471107288203
6724,7.84471107288203
6725,7.84471107288203
6726,7.84471107288203
6727,7.84471107288203
6728,7.84471107288203
6729,7.84471107288203
6730,7.84471107288203
6731,7.84471107288203
6732,7.84471107288203
6733,7.84471107288203
6734,7.84471107288203
6735,7.84471107288203
6736,7.84471107288203
6737,7.84471107288203
6738,7.84471107288203
6739,7.84471107288203
6740,7.84471107288203
6741,7.84471107288203
6742,7.84471107288203
6743,7.84471107288203
6744,7.84471107288203
6745,7.84471107288203
6746,7.84471107288203
6747,7.84471107288203
6748,7.84471107288203
6749,7.84471107288203
6750,7.84471107288203
6751,7.84471107288203
6752,7.84471107288203
6753,7.84471107288203
6754,7.84471107288203
6755,7.84471107288203
6756,7.84471107288203
6757,7.84471107288203
6758,7.84471107288203
6759,7.84471107288203
6760,7.84471107288203
6761,7.84471107288203
6762,7.84471107288203
6763,7.84471107288203
6764,7.84471107288203
6765,7.84471107288203
6766,7.84471107288203
6767,7.84471107288203
6768,7.84471107288203
6769,7.84471107288203
6770,7.84471107288203
6771,7.84471107288203
6772,7.84471107288203
6773,7.84471107288203
6774,7.84471107288203
6775,7.84471107288203
6776,7.84471107288203
6777,7.84471107288203
6778,7.84471107288203
6779,7.84471107288203
6780,7.84471107288203
6781,7.84471107288203
6782,7.84471107288203
6783,7.84471107288203
6784,7.84471107288203
6785,7.84471107288203
6786,7.84471107288203
6787,7.84471107288203
6788,7.84471107288203
6789,7.84471107288203
6790,7.84471107288203
6791,7.84471107288203
6792,7.84471107288203
6793,7.84471107288203
6794,7.84471107288203
6795,7.84471107288203
6796,7.84471107288203
6797,7.84471107288203
6798,7.84471107288203
6799,7.84471107288203
6800,7.84471107288203
6801,7.84471107288203
6802,7.84471107288203
6803,7.84471107288203
6804,7.84471107288203
6805,7.84471107288203
6806,7.84471107288203
6807,7.84471107288203
6808,7.84471107288203
6809,7.84471107288203
6810,7.84471107288203
6811,7.84471107288203
6812,7.84471107288203
6813,7.84471107288203
6814,7.84471107288203
6815,7.84471107288203
6816,7.84471107288203
6817,7.84471107288203
6818,7.84471107288203
6819,7.84471107288203
6820,7.84471107288203
6821,7.84471107288203
6822,7.84471107288203
6823,7.84471107288203
6824,7.84471107288203
6825,7.84471107288203
6826,7.84471107288203
6827,7.84471107288203
6828,7.84471107288203
6829,7.84471107288203
6830,7.84471107288203
6831,7.84471107288203
6832,7.84471107288203
6833,7.84471107288203
6834,7.84471107288203
6835,7.84471107288203
6836,7.84471107288203
6837,7.84471107288203
6838,7.84471107288203
6839,7.84471107288203
6840,7.84471107288203
6841,7.84471107288203
6842,7.84471107288203
6843,7.84471107288203
6844,7.84471107288203
6845,7.84471107288203
6846,7.84471107288203
6847,7.84471107288203
6848,7.84471107288203
6849,7.84471107288203
6850,7.84471107288203
6851,7.84471107288203
6852,7.84471107288203
6853,7.84471107288203
6854,7.84471107288203
6855,7.84471107288203
6856,7.84471107288203
6857,7.84471107288203
6858,7.84471107288203
6859,7.84471107288203
6860,7.84471107288203
6861,7.84471107288203
6862,7.84471107288203
6863,7.84471107288203
6864,7.84471107288203
6865,7.84471107288203
6866,7.84471107288203
6867,7.84471107288203
6868,7.84471107288203
6869,7.84471107288203
6870,7.84471107288203
6871,7.84471107288203
6872,7.84471107288203
6873,7.84471107288203
6874,7.84471107288203
6875,7.84471107288203
6876,7.84471107288203
6877,7.84471107288203
6878,7.84471107288203
6879,7.84471107288203
6880,7.84471107288203
6881,7.84471107288203
6882,7.84471107288203
6883,7.84471107288203
6884,7.84471107288203
6885,7.84471107288203
6886,7.84471107288203
6887,7.84471107288203
6888,7.84471107288203
6889,7.84471107288203
6890,7.84471107288203
6891,7.84471107288203
6892,7.84471107288203
6893,7.84471107288203
6894,7.84471107288203
6895,7.84471107288203
6896,7.84471107288203
6897,7.84471107288203
6898,7.84471107288203
6899,7.84471107288203
6900,7.84471107288203
6901,7.84471107288203
6902,7.84471107288203
6903,7.84471107288203
6904,7.84471107288203
6905,7.84471107288203
6906,7.84471107288203
6907,7.84471107288203
6908,7.84471107288203
6909,7.84471107288203
6910,7.84471107288203
6911,7.84471107288203
6912,7.84471107288203
6913,7.84471107288203
6914,7.84471107288203
6915,7.84471107288203
6916,7.84471107288203
6917,7.84471107288203
6918,7.84471107288203
6919,7.84471107288203
6920,7.84471107288203
6921,7.84471107288203
6922,7.84471107288203
6923,7.84471107288203
6924,7.84471107288203
6925,7.84471107288203
6926,7.84471107288203
6927,7.84471107288203
6928,7.84471107288203
6929,7.84471107288203
6930,7.84471107288203
6931,7.84471107288203
6932,7.84471107288203
6933,7.84471107288203
6934,7.84471107288203
6935,7.84471107288203
6936,7.84471107288203
6937,7.84471107288203
6938,7.84471107288203
6939,7.84471107288203
6940,7.84471107288203
6941,7.84471107288203
6942,7.84471107288203
6943,7.84471107288203
6944,7.84471107288203
6945,7.84471107288203
6946,7.84471107288203
6947,7.84471107288203
6948,7.84471107288203
6949,7.84471107288203
6950,7.84471107288203
6951,7.84471107288203
6952,7.84471107288203
6953,7.84471107288203
6954,7.84471107288203
6955,7.84471107288203
6956,7.84471107288203
6957,7.84471107288203
6958,7.84471107288203
6959,7.84471107288203
6960,7.84471107288203
6961,7.84471107288203
6962,7.84471107288203
6963,7.84471107288203
6964,7.84471107288203
6965,7.84471107288203
6966,7.84471107288203
6967,7.84471107288203
6968,7.84471107288203
6969,7.84471107288203
6970,7.84471107288203
6971,7.84471107288203
6972,7.84471107288203
6973,7.84471107288203
6974,7.84471107288203
6975,7.84471107288203
6976,7.84471107288203
6977,7.84471107288203
6978,7.84471107288203
6979,7.84471107288203
6980,7.84471107288203
6981,7.84471107288203
6982,7.84471107288203
6983,7.84471107288203
6984,7.84471107288203
6985,7.84471107288203
6986,7.84471107288203
6987,7.84471107288203
6988,7.84471107288203
6989,7.84471107288203
6990,7.84471107288203
6991,7.84471107288203
6992,7.84471107288203
6993,7.84471107288203
6994,7.84471107288203
6995,7.84471107288203
6996,7.84471107288203
6997,7.84471107288203
6998,7.84471107288203
6999,7.84471107288203
7000,7.84471107288203
7001,7.84471107288203
7002,7.84471107288203
7003,7.84471107288203
7004,7.84471107288203
7005,7.84471107288203
7006,7.84471107288203
7007,7.84471107288203
7008,7.84471107288203
7009,7.84471107288203
7010,7.84471107288203
7011,7.84471107288203
7012,7.84471107288203
7013,7.84471107288203
7014,7.84471107288203
7015,7.84471107288203
7016,7.84471107288203
7017,7.84471107288203
7018,7.84471107288203
7019,7.84471107288203
7020,7.84471107288203
7021,7.84471107288203
7022,7.84471107288203
7023,7.84471107288203
7024,7.84471107288203
7025,7.84471107288203
7026,7.84471107288203
7027,7.84471107288203
7028,7.84471107288203
7029,7.84471107288203
7030,7.84471107288203
7031,7.84471107288203
7032,7.84471107288203
7033,7.84471107288203
7034,7.84471107288203
7035,7.84471107288203
7036,7.84471107288203
7037,7.84471107288203
7038,7.84471107288203
7039,7.84471107288203
7040,7.84471107288203
7041,7.84471107288203
7042,7.84471107288203
7043,7.84471107288203
7044,7.84471107288203
7045,7.84471107288203
7046,7.84471107288203
7047,7.84471107288203
7048,7.84471107288203
7049,7.84471107288203
7050,7.84471107288203
7051,7.84471107288203
7052,7.84471107288203
7053,7.84471107288203
7054,7.84471107288203
7055,7.84471107288203
7056,7.84471107288203
7057,7.84471107288203
7058,7.84471107288203
7059,7.84471107288203
7060,7.84471107288203
7061,7.84471107288203
7062,7.84471107288203
7063,7.84471107288203
7064,7.84471107288203
7065,7.84471107288203
7066,7.84471107288203
7067,7.84471107288203
7068,7.84471107288203
7069,7.84471107288203
7070,7.84471107288203
7071,7.84471107288203
7072,7.84471107288203
7073,7.84471107288203
7074,7.84471107288203
7075,7.84471107288203
7076,7.84471107288203
7077,7.84471107288203
7078,7.84471107288203
7079,7.84471107288203
7080,7.84471107288203
7081,7.84471107288203
7082,7.84471107288203
7083,7.84471107288203
7084,7.84471107288203
7085,7.84471107288203
7086,7.84471107288203
7087,7.84471107288203
7088,7.84471107288203
7089,7.84471107288203
7090,7.84471107288203
7091,7.84471107288203
7092,7.84471107288203
7093,7.84471107288203
7094,7.84471107288203
7095,7.84471107288203
7096,7.84471107288203
7097,7.84471107288203
7098,7.84471107288203
7099,7.84471107288203
7100,7.84471107288203
7101,7.84471107288203
7102,7.84471107288203
7103,7.84471107288203
7104,7.84471107288203
7105,7.84471107288203
7106,7.84471107288203
7107,7.84471107288203
7108,7.84471107288203
7109,7.84471107288203
7110,7.84471107288203
7111,7.84471107288203
7112,7.84471107288203
7113,7.84471107288203
7114,7.84471107288203
7115,7.84471107288203
7116,7.84471107288203
7117,7.84471107288203
7118,7.84471107288203
7119,7.84471107288203
7120,7.84471107288203
7121,7.84471107288203
7122,7.84471107288203
7123,7.84471107288203
7124,7.84471107288203
7125,7.84471107288203
7126,7.84471107288203
7127,7.84471107288203
7128,7.84471107288203
7129,7.84471107288203
7130,7.84471107288203
7131,7.84471107288203
7132,7.84471107288203
7133,7.84471107288203
7134,7.84471107288203
7135,7.84471107288203
7136,7.84471107288203
7137,7.84471107288203
7138,7.84471107288203
7139,7.84471107288203
7140,7.84471107288203
7141,7.84471107288203
7142,7.84471107288203
7143,7.84471107288203
7144,7.84471107288203
7145,7.84471107288203
7146,7.84471107288203
7147,7.84471107288203
7148,7.84471107288203
7149,7.84471107288203
7150,7.84471107288203
7151,7.84471107288203
7152,7.84471107288203
7153,7.84471107288203
7154,7.84471107288203
7155,7.84471107288203
7156,7.84471107288203
7157,7.84471107288203
7158,7.84471107288203
7159,7.84471107288203
7160,7.84471107288203
7161,7.84471107288203
7162,7.84471107288203
7163,7.84471107288203
7164,7.84471107288203
7165,7.84471107288203
7166,7.84471107288203
7167,7.84471107288203
7168,7.84471107288203
7169,7.84471107288203
7170,7.84471107288203
7171,7.84471107288203
7172,7.84471107288203
7173,7.84471107288203
7174,7.84471107288203
7175,7.84471107288203
7176,7.84471107288203
7177,7.84471107288203
7178,7.84471107288203
7179,7.84471107288203
7180,7.84471107288203
7181,7.84471107288203
7182,7.84471107288203
7183,7.84471107288203
7184,7.84471107288203
7185,7.84471107288203
7186,7.84471107288203
7187,7.84471107288203
7188,7.84471107288203
7189,7.84471107288203
7190,7.84471107288203
7191,7.84471107288203
7192,7.84471107288203
7193,7.84471107288203
7194,7.84471107288203
7195,7.84471107288203
7196,7.84471107288203
7197,7.84471107288203
7198,7.84471107288203
7199,7.84471107288203
7200,7.84471107288203
7201,7.84471107288203
7202,7.84471107288203
7203,7.84471107288203
7204,7.84471107288203
7205,7.84471107288203
7206,7.84471107288203
7207,7.84471107288203
7208,7.84471107288203
7209,7.84471107288203
7210,7.84471107288203
7211,7.84471107288203
7212,7.84471107288203
7213,7.84471107288203
7214,7.84471107288203
7215,7.84471107288203
7216,7.84471107288203
7217,7.84471107288203
7218,7.84471107288203
7219,7.84471107288203
7220,7.84471107288203
7221,7.84471107288203
7222,7.84471107288203
7223,7.84471107288203
7224,7.84471107288203
7225,7.84471107288203
7226,7.84471107288203
7227,7.84471107288203
7228,7.84471107288203
7229,7.84471107288203
7230,7.84471107288203
7231,7.84471107288203
7232,7.84471107288203
7233,7.84471107288203
7234,7.84471107288203
7235,7.84471107288203
7236,7.84471107288203
7237,7.84471107288203
7238,7.84471107288203
7239,7.84471107288203
7240,7.84471107288203
7241,7.84471107288203
7242,7.84471107288203
7243,7.84471107288203
7244,7.84471107288203
7245,7.84471107288203
7246,7.84471107288203
7247,7.84471107288203
7248,7.84471107288203
7249,7.84471107288203
7250,7.84471107288203
7251,7.84471107288203
7252,7.84471107288203
7253,7.84471107288203
7254,7.84471107288203
7255,7.84471107288203
7256,7.84471107288203
7257,7.84471107288203
7258,7.84471107288203
7259,7.84471107288203
7260,7.84471107288203
7261,7.84471107288203
7262,7.84471107288203
7263,7.84471107288203
7264,7.84471107288203
7265,7.84471107288203
7266,7.84471107288203
7267,7.84471107288203
7268,7.84471107288203
7269,7.84471107288203
7270,7.84471107288203
7271,7.84471107288203
7272,7.84471107288203
7273,7.84471107288203
7274,7.84471107288203
7275,7.84471107288203
7276,7.84471107288203
7277,7.84471107288203
7278,7.84471107288203
7279,7.84471107288203
7280,7.84471107288203
7281,7.84471107288203
7282,7.84471107288203
7283,7.84471107288203
7284,7.84471107288203
7285,7.84471107288203
7286,7.84471107288203
7287,7.84471107288203
7288,7.84471107288203
7289,7.84471107288203
7290,7.84471107288203
7291,7.84471107288203
7292,7.84471107288203
7293,7.84471107288203
7294,7.84471107288203
7295,7.84471107288203
7296,7.84471107288203
7297,7.84471107288203
7298,7.84471107288203
7299,7.84471107288203
7300,7.84471107288203
7301,7.84471107288203
7302,7.84471107288203
7303,7.84471107288203
7304,7.84471107288203
7305,7.84471107288203
7306,7.84471107288203
7307,7.84471107288203
7308,7.84471107288203
7309,7.84471107288203
7310,7.84471107288203
7311,7.84471107288203
7312,7.84471107288203
7313,7.84471107288203
7314,7.84471107288203
7315,7.84471107288203
7316,7.84471107288203
7317,7.84471107288203
7318,7.84471107288203
7319,7.84471107288203
7320,7.84471107288203
7321,7.84471107288203
7322,7.84471107288203
7323,7.84471107288203
7324,7.84471107288203
7325,7.84471107288203
7326,7.84471107288203
7327,7.84471107288203
7328,7.84471107288203
7329,7.84471107288203
7330,7.84471107288203
7331,7.84471107288203
7332,7.84471107288203
7333,7.84471107288203
7334,7.84471107288203
7335,7.84471107288203
7336,7.84471107288203
7337,7.84471107288203
7338,7.84471107288203
7339,7.84471107288203
7340,7.84471107288203
7341,7.84471107288203
7342,7.84471107288203
7343,7.84471107288203
7344,7.84471107288203
7345,7.84471107288203
7346,7.84471107288203
7347,7.84471107288203
7348,7.84471107288203
7349,7.84471107288203
7350,7.84471107288203
7351,7.84471107288203
7352,7.84471107288203
7353,7.84471107288203
7354,7.84471107288203
7355,7.84471107288203
7356,7.84471107288203
7357,7.84471107288203
7358,7.84471107288203
7359,7.84471107288203
7360,7.84471107288203
7361,7.84471107288203
7362,7.84471107288203
7363,7.84471107288203
7364,7.84471107288203
7365,7.84471107288203
7366,7.84471107288203
7367,7.84471107288203
7368,7.84471107288203
7369,7.84471107288203
7370,7.84471107288203
7371,7.84471107288203
7372,7.84471107288203
7373,7.84471107288203
7374,7.84471107288203
7375,7.84471107288203
7376,7.84471107288203
7377,7.84471107288203
7378,7.84471107288203
7379,7.84471107288203
7380,7.84471107288203
7381,7.84471107288203
7382,7.84471107288203
7383,7.84471107288203
7384,7.84471107288203
7385,7.84471107288203
7386,7.84471107288203
7387,7.84471107288203
7388,7.84471107288203
7389,7.84471107288203
7390,7.84471107288203
7391,7.84471107288203
7392,7.84471107288203
7393,7.84471107288203
7394,7.84471107288203
7395,7.84471107288203
7396,7.84471107288203
7397,7.84471107288203
7398,7.84471107288203
7399,7.84471107288203
7400,7.84471107288203
7401,7.84471107288203
7402,7.84471107288203
7403,7.84471107288203
7404,7.84471107288203
7405,7.84471107288203
7406,7.84471107288203
7407,7.84471107288203
7408,7.84471107288203
7409,7.84471107288203
7410,7.84471107288203
7411,7.84471107288203
7412,7.84471107288203
7413,7.84471107288203
7414,7.84471107288203
7415,7.84471107288203
7416,7.84471107288203
7417,7.84471107288203
7418,7.84471107288203
7419,7.84471107288203
7420,7.84471107288203
7421,7.84471107288203
7422,7.84471107288203
7423,7.84471107288203
7424,7.84471107288203
7425,7.84471107288203
7426,7.84471107288203
7427,7.84471107288203
7428,7.84471107288203
7429,7.84471107288203
7430,7.84471107288203
7431,7.84471107288203
7432,7.84471107288203
7433,7.84471107288203
7434,7.84471107288203
7435,7.84471107288203
7436,7.84471107288203
7437,7.84471107288203
7438,7.84471107288203
7439,7.84471107288203
7440,7.84471107288203
7441,7.84471107288203
7442,7.84471107288203
7443,7.84471107288203
7444,7.84471107288203
7445,7.84471107288203
7446,7.84471107288203
7447,7.84471107288203
7448,7.84471107288203
7449,7.84471107288203
7450,7.84471107288203
7451,7.84471107288203
7452,7.84471107288203
7453,7.84471107288203
7454,7.84471107288203
7455,7.84471107288203
7456,7.84471107288203
7457,7.84471107288203
7458,7.84471107288203
7459,7.84471107288203
7460,7.84471107288203
7461,7.84471107288203
7462,7.84471107288203
7463,7.84471107288203
7464,7.84471107288203
7465,7.84471107288203
7466,7.84471107288203
7467,7.84471107288203
7468,7.84471107288203
7469,7.84471107288203
7470,7.84471107288203
7471,7.84471107288203
7472,7.84471107288203
7473,7.84471107288203
7474,7.84471107288203
7475,7.84471107288203
7476,7.84471107288203
7477,7.84471107288203
7478,7.84471107288203
7479,7.84471107288203
7480,7.84471107288203
7481,7.84471107288203
7482,7.84471107288203
7483,7.84471107288203
7484,7.84471107288203
7485,7.84471107288203
7486,7.84471107288203
7487,7.84471107288203
7488,7.84471107288203
7489,7.84471107288203
7490,7.84471107288203
7491,7.84471107288203
7492,7.84471107288203
7493,7.84471107288203
7494,7.84471107288203
7495,7.84471107288203
7496,7.84471107288203
7497,7.84471107288203
7498,7.84471107288203
7499,7.84471107288203
7500,7.84471107288203
7501,7.84471107288203
7502,7.84471107288203
7503,7.84471107288203
7504,7.84471107288203
7505,7.84471107288203
7506,7.84471107288203
7507,7.84471107288203
7508,7.84471107288203
7509,7.84471107288203
7510,7.84471107288203
7511,7.84471107288203
7512,7.84471107288203
7513,7.84471107288203
7514,7.84471107288203
7515,7.84471107288203
7516,7.84471107288203
7517,7.84471107288203
7518,7.84471107288203
7519,7.84471107288203
7520,7.84471107288203
7521,7.84471107288203
7522,7.84471107288203
7523,7.84471107288203
7524,7.84471107288203
7525,7.84471107288203
7526,7.84471107288203
7527,7.84471107288203
7528,7.84471107288203
7529,7.84471107288203
7530,7.84471107288203
7531,7.84471107288203
7532,7.84471107288203
7533,7.84471107288203
7534,7.84471107288203
7535,7.84471107288203
7536,7.84471107288203
7537,7.84471107288203
7538,7.84471107288203
7539,7.84471107288203
7540,7.84471107288203
7541,7.84471107288203
7542,7.84471107288203
7543,7.84471107288203
7544,7.84471107288203
7545,7.84471107288203
7546,7.84471107288203
7547,7.84471107288203
7548,7.84471107288203
7549,7.84471107288203
7550,7.84471107288203
7551,7.84471107288203
7552,7.84471107288203
7553,7.84471107288203
7554,7.84471107288203
7555,7.84471107288203
7556,7.84471107288203
7557,7.84471107288203
7558,7.84471107288203
7559,7.84471107288203
7560,7.84471107288203
7561,7.84471107288203
7562,7.84471107288203
7563,7.84471107288203
7564,7.84471107288203
7565,7.84471107288203
7566,7.84471107288203
7567,7.84471107288203
7568,7.84471107288203
7569,7.84471107288203
7570,7.84471107288203
7571,7.84471107288203
7572,7.84471107288203
7573,7.84471107288203
7574,7.84471107288203
7575,7.84471107288203
7576,7.84471107288203
7577,7.84471107288203
7578,7.84471107288203
7579,7.84471107288203
7580,7.84471107288203
7581,7.84471107288203
7582,7.84471107288203
7583,7.84471107288203
7584,7.84471107288203
7585,7.84471107288203
7586,7.84471107288203
7587,7.84471107288203
7588,7.84471107288203
7589,7.84471107288203
7590,7.84471107288203
7591,7.84471107288203
7592,7.84471107288203
7593,7.84471107288203
7594,7.84471107288203
7595,7.84471107288203
7596,7.84471107288203
7597,7.84471107288203
7598,7.84471107288203
7599,7.84471107288203
7600,7.84471107288203
7601,7.84471107288203
7602,7.84471107288203
7603,7.84471107288203
7604,7.84471107288203
7605,7.84471107288203
7606,7.84471107288203
7607,7.84471107288203
7608,7.84471107288203
7609,7.84471107288203
7610,7.84471107288203
7611,7.84471107288203
7612,7.84471107288203
7613,7.84471107288203
7614,7.84471107288203
7615,7.84471107288203
7616,7.84471107288203
7617,7.84471107288203
7618,7.84471107288203
7619,7.84471107288203
7620,7.84471107288203
7621,7.84471107288203
7622,7.84471107288203
7623,7.84471107288203
7624,7.84471107288203
7625,7.84471107288203
7626,7.84471107288203
7627,7.84471107288203
7628,7.84471107288203
7629,7.84471107288203
7630,7.84471107288203
7631,7.84471107288203
7632,7.84471107288203
7633,7.84471107288203
7634,7.84471107288203
7635,7.84471107288203
7636,7.84471107288203
7637,7.84471107288203
7638,7.84471107288203
7639,7.84471107288203
7640,7.84471107288203
7641,7.84471107288203
7642,7.84471107288203
7643,7.84471107288203
7644,7.84471107288203
7645,7.84471107288203
7646,7.84471107288203
7647,7.84471107288203
7648,7.84471107288203
7649,7.84471107288203
7650,7.84471107288203
7651,7.84471107288203
7652,7.84471107288203
7653,7.84471107288203
7654,7.84471107288203
7655,7.84471107288203
7656,7.84471107288203
7657,7.84471107288203
7658,7.84471107288203
7659,7.84471107288203
7660,7.84471107288203
7661,7.84471107288203
7662,7.84471107288203
7663,7.84471107288203
7664,7.84471107288203
7665,7.84471107288203
7666,7.84471107288203
7667,7.84471107288203
7668,7.84471107288203
7669,7.84471107288203
7670,7.84471107288203
7671,7.84471107288203
7672,7.84471107288203
7673,7.84471107288203
7674,7.84471107288203
7675,7.84471107288203
7676,7.84471107288203
7677,7.84471107288203
7678,7.84471107288203
7679,7.84471107288203
7680,7.84471107288203
7681,7.84471107288203
7682,7.84471107288203
7683,7.84471107288203
7684,7.84471107288203
7685,7.84471107288203
7686,7.84471107288203
7687,7.84471107288203
7688,7.84471107288203
7689,7.84471107288203
7690,7.84471107288203
7691,7.84471107288203
7692,7.84471107288203
7693,7.84471107288203
7694,7.84471107288203
7695,7.84471107288203
7696,7.84471107288203
7697,7.84471107288203
7698,7.84471107288203
7699,7.84471107288203
7700,7.84471107288203
7701,7.84471107288203
7702,7.84471107288203
7703,7.84471107288203
7704,7.84471107288203
7705,7.84471107288203
7706,7.84471107288203
7707,7.84471107288203
7708,7.84471107288203
7709,7.84471107288203
7710,7.84471107288203
7711,7.84471107288203
7712,7.84471107288203
7713,7.84471107288203
7714,7.84471107288203
7715,7.84471107288203
7716,7.84471107288203
7717,7.84471107288203
7718,7.84471107288203
7719,7.84471107288203
7720,7.84471107288203
7721,7.84471107288203
7722,7.84471107288203
7723,7.84471107288203
7724,7.84471107288203
7725,7.84471107288203
7726,7.84471107288203
7727,7.84471107288203
7728,7.84471107288203
7729,7.84471107288203
7730,7.84471107288203
7731,7.84471107288203
7732,7.84471107288203
7733,7.84471107288203
7734,7.84471107288203
7735,7.84471107288203
7736,7.84471107288203
7737,7.84471107288203
7738,7.84471107288203
7739,7.84471107288203
7740,7.84471107288203
7741,7.84471107288203
7742,7.84471107288203
7743,7.84471107288203
7744,7.84471107288203
7745,7.84471107288203
7746,7.84471107288203
7747,7.84471107288203
7748,7.84471107288203
7749,7.84471107288203
7750,7.84471107288203
7751,7.84471107288203
7752,7.84471107288203
7753,7.84471107288203
7754,7.84471107288203
7755,7.84471107288203
7756,7.84471107288203
7757,7.84471107288203
7758,7.84471107288203
7759,7.84471107288203
7760,7.84471107288203
7761,7.84471107288203
7762,7.84471107288203
7763,7.84471107288203
7764,7.84471107288203
7765,7.84471107288203
7766,7.84471107288203
7767,7.84471107288203
7768,7.84471107288203
7769,7.84471107288203
7770,7.84471107288203
7771,7.84471107288203
7772,7.84471107288203
7773,7.84471107288203
7774,7.84471107288203
7775,7.84471107288203
7776,7.84471107288203
7777,7.84471107288203
7778,7.84471107288203
7779,7.84471107288203
7780,7.84471107288203
7781,7.84471107288203
7782,7.84471107288203
7783,7.84471107288203
7784,7.84471107288203
7785,7.84471107288203
7786,7.84471107288203
7787,7.84471107288203
7788,7.84471107288203
7789,7.84471107288203
7790,7.84471107288203
7791,7.84471107288203
7792,7.84471107288203
7793,7.84471107288203
7794,7.84471107288203
7795,7.84471107288203
7796,7.84471107288203
7797,7.84471107288203
7798,7.84471107288203
7799,7.84471107288203
7800,7.84471107288203
7801,7.84471107288203
7802,7.84471107288203
7803,7.84471107288203
7804,7.84471107288203
7805,7.84471107288203
7806,7.84471107288203
7807,7.84471107288203
7808,7.84471107288203
7809,7.84471107288203
7810,7.84471107288203
7811,7.84471107288203
7812,7.84471107288203
7813,7.84471107288203
7814,7.84471107288203
7815,7.84471107288203
7816,7.84471107288203
7817,7.84471107288203
7818,7.84471107288203
7819,7.84471107288203
7820,7.84471107288203
7821,7.84471107288203
7822,7.84471107288203
7823,7.84471107288203
7824,7.84471107288203
7825,7.84471107288203
7826,7.84471107288203
7827,7.84471107288203
7828,7.84471107288203
7829,7.84471107288203
7830,7.84471107288203
7831,7.84471107288203
7832,7.84471107288203
7833,7.84471107288203
7834,7.84471107288203
7835,7.84471107288203
7836,7.84471107288203
7837,7.84471107288203
7838,7.84471107288203
7839,7.84471107288203
7840,7.84471107288203
7841,7.84471107288203
7842,7.84471107288203
7843,7.84471107288203
7844,7.84471107288203
7845,7.84471107288203
7846,7.84471107288203
7847,7.84471107288203
7848,7.84471107288203
7849,7.84471107288203
7850,7.84471107288203
7851,7.84471107288203
7852,7.84471107288203
7853,7.84471107288203
7854,7.84471107288203
7855,7.84471107288203
7856,7.84471107288203
7857,7.84471107288203
7858,7.84471107288203
7859,7.84471107288203
7860,7.84471107288203
7861,7.84471107288203
7862,7.84471107288203
7863,7.84471107288203
7864,7.84471107288203
7865,7.84471107288203
7866,7.84471107288203
7867,7.84471107288203
7868,7.84471107288203
7869,7.84471107288203
7870,7.84471107288203
7871,7.84471107288203
7872,7.84471107288203
7873,7.84471107288203
7874,7.84471107288203
7875,7.84471107288203
7876,7.84471107288203
7877,7.84471107288203
7878,7.84471107288203
7879,7.84471107288203
7880,7.84471107288203
7881,7.84471107288203
7882,7.84471107288203
7883,7.84471107288203
7884,7.84471107288203
7885,7.84471107288203
7886,7.84471107288203
7887,7.84471107288203
7888,7.84471107288203
7889,7.84471107288203
7890,7.84471107288203
7891,7.84471107288203
7892,7.84471107288203
7893,7.84471107288203
7894,7.84471107288203
7895,7.84471107288203
7896,7.84471107288203
7897,7.84471107288203
7898,7.84471107288203
7899,7.84471107288203
7900,7.84471107288203
7901,7.84471107288203
7902,7.84471107288203
7903,7.84471107288203
7904,7.84471107288203
7905,7.84471107288203
7906,7.84471107288203
7907,7.84471107288203
7908,7.84471107288203
7909,7.84471107288203
7910,7.84471107288203
7911,7.84471107288203
7912,7.84471107288203
7913,7.84471107288203
7914,7.84471107288203
7915,7.84471107288203
7916,7.84471107288203
7917,7.84471107288203
7918,7.84471107288203
7919,7.84471107288203
7920,7.84471107288203
7921,7.84471107288203
7922,7.84471107288203
7923,7.84471107288203
7924,7.84471107288203
7925,7.84471107288203
7926,7.84471107288203
7927,7.84471107288203
7928,7.84471107288203
7929,7.84471107288203
7930,7.84471107288203
7931,7.84471107288203
7932,7.84471107288203
7933,7.84471107288203
7934,7.84471107288203
7935,7.84471107288203
7936,7.84471107288203
7937,7.84471107288203
7938,7.84471107288203
7939,7.84471107288203
7940,7.84471107288203
7941,7.84471107288203
7942,7.84471107288203
7943,7.84471107288203
7944,7.84471107288203
7945,7.84471107288203
7946,7.84471107288203
7947,7.84471107288203
7948,7.84471107288203
7949,7.84471107288203
7950,7.84471107288203
7951,7.84471107288203
7952,7.84471107288203
7953,7.84471107288203
7954,7.84471107288203
7955,7.84471107288203
7956,7.84471107288203
7957,7.84471107288203
7958,7.84471107288203
7959,7.84471107288203
7960,7.84471107288203
7961,7.84471107288203
7962,7.84471107288203
7963,7.84471107288203
7964,7.84471107288203
7965,7.84471107288203
7966,7.84471107288203
7967,7.84471107288203
7968,7.84471107288203
7969,7.84471107288203
7970,7.84471107288203
7971,7.84471107288203
7972,7.84471107288203
7973,7.84471107288203
7974,7.84471107288203
7975,7.84471107288203
7976,7.84471107288203
7977,7.84471107288203
7978,7.84471107288203
7979,7.84471107288203
7980,7.84471107288203
7981,7.84471107288203
7982,7.84471107288203
7983,7.84471107288203
7984,7.84471107288203
7985,7.84471107288203
7986,7.84471107288203
7987,7.84471107288203
7988,7.84471107288203
7989,7.84471107288203
7990,7.84471107288203
7991,7.84471107288203
7992,7.84471107288203
7993,7.84471107288203
7994,7.84471107288203
7995,7.84471107288203
7996,7.84471107288203
7997,7.84471107288203
7998,7.84471107288203
7999,7.84471107288203
8000,7.84471107288203
8001,7.84471107288203
8002,7.84471107288203
8003,7.84471107288203
8004,7.84471107288203
8005,7.84471107288203
8006,7.84471107288203
8007,7.84471107288203
8008,7.84471107288203
8009,7.84471107288203
8010,7.84471107288203
8011,7.84471107288203
8012,7.84471107288203
8013,7.84471107288203
8014,7.84471107288203
8015,7.84471107288203
8016,7.84471107288203
8017,7.84471107288203
8018,7.84471107288203
8019,7.84471107288203
8020,7.84471107288203
8021,7.84471107288203
8022,7.84471107288203
8023,7.84471107288203
8024,7.84471107288203
8025,7.84471107288203
8026,7.84471107288203
8027,7.84471107288203
8028,7.84471107288203
8029,7.84471107288203
8030,7.84471107288203
8031,7.84471107288203
8032,7.84471107288203
8033,7.84471107288203
8034,7.84471107288203
8035,7.84471107288203
8036,7.84471107288203
8037,7.84471107288203
8038,7.84471107288203
8039,7.84471107288203
8040,7.84471107288203
8041,7.84471107288203
8042,7.84471107288203
8043,7.84471107288203
8044,7.84471107288203
8045,7.84471107288203
8046,7.84471107288203
8047,7.84471107288203
8048,7.84471107288203
8049,7.84471107288203
8050,7.84471107288203
8051,7.84471107288203
8052,7.84471107288203
8053,7.84471107288203
8054,7.84471107288203
8055,7.84471107288203
8056,7.84471107288203
8057,7.84471107288203
8058,7.84471107288203
8059,7.84471107288203
8060,7.84471107288203
8061,7.84471107288203
8062,7.794095978931843
8063,7.794095978931843
8064,7.794095978931843
8065,7.794095978931843
8066,7.794095978931843
8067,7.794095978931843
8068,7.794095978931843
8069,7.794095978931843
8070,7.794095978931843
8071,7.794095978931843
8072,7.794095978931843
8073,7.794095978931843
8074,7.794095978931843
8075,7.794095978931843
8076,7.794095978931843
8077,7.794095978931843
8078,7.794095978931843
8079,7.794095978931843
8080,7.794095978931843
8081,7.794095978931843
8082,7.794095978931843
8083,7.794095978931843
8084,7.794095978931843
8085,7.794095978931843
8086,7.794095978931843
8087,7.794095978931843
8088,7.794095978931843
8089,7.794095978931843
8090,7.794095978931843
8091,7.794095978931843
8092,7.794095978931843
8093,7.794095978931843
8094,7.794095978931843
8095,7.794095978931843
8096,7.794095978931843
8097,7.794095978931843
8098,7.794095978931843
8099,7.794095978931843
8100,7.794095978931843
8101,7.794095978931843
8102,7.794095978931843
8103,7.794095978931843
8104,7.794095978931843
8105,7.794095978931843
8106,7.794095978931843
8107,7.794095978931843
8108,7.794095978931843
8109,7.794095978931843
8110,7.794095978931843
8111,7.794095978931843
8112,7.794095978931843
8113,7.794095978931843
8114,7.794095978931843
8115,7.794095978931843
8116,7.794095978931843
8117,7.794095978931843
8118,7.794095978931843
8119,7.794095978931843
8120,7.794095978931843
8121,7.794095978931843
8122,7.794095978931843
8123,7.794095978931843
8124,7.794095978931843
8125,7.794095978931843
8126,7.794095978931843
8127,7.794095978931843
8128,7.794095978931843
8129,7.794095978931843
8130,7.794095978931843
8131,7.794095978931843
8132,7.794095978931843
8133,7.794095978931843
8134,7.794095978931843
8135,7.794095978931843
8136,7.794095978931843
8137,7.794095978931843
8138,7.794095978931843
8139,7.794095978931843
8140,7.794095978931843
8141,7.794095978931843
8142,7.794095978931843
8143,7.794095978931843
8144,7.794095978931843
8145,7.794095978931843
8146,7.794095978931843
8147,7.794095978931843
8148,7.794095978931843
8149,7.794095978931843
8150,7.794095978931843
8151,7.794095978931843
8152,7.794095978931843
8153,7.794095978931843
8154,7.794095978931843
8155,7.794095978931843
8156,7.794095978931843
8157,7.794095978931843
8158,7.794095978931843
8159,7.794095978931843
8160,7.794095978931843
8161,7.794095978931843
8162,7.794095978931843
8163,7.794095978931843
8164,7.794095978931843
8165,7.794095978931843
8166,7.794095978931843
8167,7.794095978931843
8168,7.794095978931843
8169,7.794095978931843
8170,7.794095978931843
8171,7.794095978931843
8172,7.794095978931843
8173,7.794095978931843
8174,7.794095978931843
8175,7.794095978931843
8176,7.794095978931843
8177,7.794095978931843
8178,7.794095978931843
8179,7.794095978931843
8180,7.794095978931843
8181,7.794095978931843
8182,7.794095978931843
8183,7.794095978931843
8184,7.794095978931843
8185,7.794095978931843
8186,7.794095978931843
8187,7.794095978931843
8188,7.794095978931843
8189,7.794095978931843
8190,7.794095978931843
8191,7.794095978931843
8192,7.794095978931843
8193,7.794095978931843
8194,7.794095978931843
8195,7.794095978931843
8196,7.794095978931843
8197,7.794095978931843
8198,7.794095978931843
8199,7.794095978931843
8200,7.794095978931843
8201,7.794095978931843
8202,7.794095978931843
8203,7.794095978931843
8204,7.794095978931843
8205,7.794095978931843
8206,7.794095978931843
8207,7.794095978931843
8208,7.794095978931843
8209,7.794095978931843
8210,7.794095978931843
8211,7.794095978931843
8212,7.794095978931843
8213,7.794095978931843
8214,7.794095978931843
8215,7.794095978931843
8216,7.794095978931843
8217,7.794095978931843
8218,7.794095978931843
8219,7.794095978931843
8220,7.794095978931843
8221,7.794095978931843
8222,7.794095978931843
8223,7.794095978931843
8224,7.794095978931843
8225,7.794095978931843
8226,7.794095978931843
8227,7.794095978931843
8228,7.794095978931843
8229,7.794095978931843
8230,7.794095978931843
8231,7.794095978931843
8232,7.794095978931843
8233,7.794095978931843
8234,7.794095978931843
8235,7.794095978931843
8236,7.794095978931843
8237,7.794095978931843
8238,7.794095978931843
8239,7.794095978931843
8240,7.794095978931843
8241,7.794095978931843
8242,7.794095978931843
8243,7.794095978931843
8244,7.794095978931843
8245,7.794095978931843
8246,7.794095978931843
8247,7.794095978931843
8248,7.794095978931843
8249,7.794095978931843
8250,7.794095978931843
8251,7.794095978931843
8252,7.794095978931843
8253,7.794095978931843
8254,7.794095978931843
8255,7.794095978931843
8256,7.794095978931843
8257,7.794095978931843
8258,7.794095978931843
8259,7.794095978931843
8260,7.794095978931843
8261,7.794095978931843
8262,7.794095978931843
8263,7.794095978931843
8264,7.794095978931843
8265,7.794095978931843
8266,7.794095978931843
8267,7.794095978931843
8268,7.794095978931843
8269,7.794095978931843
8270,7.794095978931843
8271,7.794095978931843
8272,7.794095978931843
8273,7.794095978931843
8274,7.794095978931843
8275,7.794095978931843
8276,7.794095978931843
8277,7.794095978931843
8278,7.794095978931843
8279,7.794095978931843
8280,7.794095978931843
8281,7.794095978931843
8282,7.794095978931843
8283,7.794095978931843
8284,7.794095978931843
8285,7.794095978931843
8286,7.794095978931843
8287,7.794095978931843
8288,7.794095978931843
8289,7.794095978931843
8290,7.794095978931843
8291,7.794095978931843
8292,7.794095978931843
8293,7.794095978931843
8294,7.794095978931843
8295,7.794095978931843
8296,7.794095978931843
8297,7.794095978931843
8298,7.794095978931843
8299,7.794095978931843
8300,7.794095978931843
8301,7.794095978931843
8302,7.794095978931843
8303,7.794095978931843
8304,7.794095978931843
8305,7.794095978931843
8306,7.794095978931843
8307,7.794095978931843
8308,7.794095978931843
8309,7.794095978931843
8310,7.794095978931843
8311,7.794095978931843
8312,7.794095978931843
8313,7.794095978931843
8314,7.794095978931843
8315,7.794095978931843
8316,7.794095978931843
8317,7.794095978931843
8318,7.794095978931843
8319,7.794095978931843
8320,7.794095978931843
8321,7.794095978931843
8322,7.794095978931843
8323,7.794095978931843
8324,7.794095978931843
8325,7.794095978931843
8326,7.794095978931843
8327,7.794095978931843
8328,7.794095978931843
8329,7.794095978931843
8330,7.794095978931843
8331,7.794095978931843
8332,7.794095978931843
8333,7.794095978931843
8334,7.794095978931843
8335,7.794095978931843
8336,7.794095978931843
8337,7.794095978931843
8338,7.794095978931843
8339,7.794095978931843
8340,7.794095978931843
8341,7.794095978931843
8342,7.794095978931843
8343,7.794095978931843
8344,7.794095978931843
8345,7.794095978931843
8346,7.794095978931843
8347,7.794095978931843
8348,7.794095978931843
8349,7.794095978931843
8350,7.794095978931843
8351,7.794095978931843
8352,7.794095978931843
8353,7.794095978931843
8354,7.794095978931843
8355,7.794095978931843
8356,7.794095978931843
8357,7.794095978931843
8358,7.794095978931843
8359,7.794095978931843
8360,7.794095978931843
8361,7.794095978931843
8362,7.794095978931843
8363,7.794095978931843
8364,7.794095978931843
8365,7.794095978931843
8366,7.794095978931843
8367,7.794095978931843
8368,7.794095978931843
8369,7.794095978931843
8370,7.794095978931843
8371,7.794095978931843
8372,7.794095978931843
8373,7.794095978931843
8374,7.794095978931843
8375,7.794095978931843
8376,7.794095978931843
8377,7.794095978931843
8378,7.794095978931843
8379,7.794095978931843
8380,7.794095978931843
8381,7.794095978931843
8382,7.794095978931843
8383,7.794095978931843
8384,7.794095978931843
8385,7.794095978931843
8386,7.794095978931843
8387,7.794095978931843
8388,7.794095978931843
8389,7.794095978931843
8390,7.794095978931843
8391,7.794095978931843
8392,7.794095978931843
8393,7.794095978931843
8394,7.794095978931843
8395,7.794095978931843
8396,7.794095978931843
8397,7.794095978931843
8398,7.794095978931843
8399,7.794095978931843
8400,7.794095978931843
8401,7.794095978931843
8402,7.794095978931843
8403,7.794095978931843
8404,7.794095978931843
8405,7.794095978931843
8406,7.794095978931843
8407,7.794095978931843
8408,7.794095978931843
8409,7.794095978931843
8410,7.794095978931843
8411,7.794095978931843
8412,7.794095978931843
8413,7.794095978931843
8414,7.794095978931843
8415,7.794095978931843
8416,7.794095978931843
8417,7.794095978931843
8418,7.794095978931843
8419,7.794095978931843
8420,7.794095978931843
8421,7.794095978931843
8422,7.794095978931843
8423,7.794095978931843
8424,7.794095978931843
8425,7.794095978931843
8426,7.794095978931843
8427,7.794095978931843
8428,7.794095978931843
8429,7.794095978931843
8430,7.794095978931843
8431,7.794095978931843
8432,7.794095978931843
8433,7.794095978931843
8434,7.794095978931843
8435,7.794095978931843
8436,7.794095978931843
8437,7.794095978931843
8438,7.794095978931843
8439,7.794095978931843
8440,7.794095978931843
8441,7.794095978931843
8442,7.794095978931843
8443,7.794095978931843
8444,7.794095978931843
8445,7.794095978931843
8446,7.794095978931843
8447,7.794095978931843
8448,7.794095978931843
8449,7.794095978931843
8450,7.794095978931843
8451,7.794095978931843
8452,7.794095978931843
8453,7.794095978931843
8454,7.794095978931843
8455,7.794095978931843
8456,7.794095978931843
8457,7.794095978931843
8458,7.794095978931843
8459,7.794095978931843
8460,7.794095978931843
8461,7.794095978931843
8462,7.794095978931843
8463,7.794095978931843
8464,7.794095978931843
8465,7.794095978931843
8466,7.794095978931843
8467,7.794095978931843
8468,7.794095978931843
8469,7.794095978931843
8470,7.794095978931843
8471,7.794095978931843
8472,7.794095978931843
8473,7.794095978931843
8474,7.794095978931843
8475,7.794095978931843
8476,7.794095978931843
8477,7.794095978931843
8478,7.794095978931843
8479,7.794095978931843
8480,7.794095978931843
8481,7.794095978931843
8482,7.794095978931843
8483,7.794095978931843
8484,7.794095978931843
8485,7.794095978931843
8486,7.794095978931843
8487,7.794095978931843
8488,7.794095978931843
8489,7.794095978931843
8490,7.794095978931843
8491,7.794095978931843
8492,7.794095978931843
8493,7.794095978931843
8494,7.794095978931843
8495,7.794095978931843
8496,7.794095978931843
8497,7.794095978931843
8498,7.794095978931843
8499,7.794095978931843
8500,7.794095978931843
8501,7.794095978931843
8502,7.794095978931843
8503,7.794095978931843
8504,7.794095978931843
8505,7.794095978931843
8506,7.794095978931843
8507,7.794095978931843
8508,7.794095978931843
8509,7.794095978931843
8510,7.794095978931843
8511,7.794095978931843
8512,7.794095978931843
8513,7.794095978931843
8514,7.794095978931843
8515,7.794095978931843
8516,7.794095978931843
8517,7.794095978931843
8518,7.794095978931843
8519,7.794095978931843
8520,7.794095978931843
8521,7.794095978931843
8522,7.794095978931843
8523,7.794095978931843
8524,7.794095978931843
8525,7.794095978931843
8526,7.794095978931843
8527,7.794095978931843
8528,7.794095978931843
8529,7.794095978931843
8530,7.794095978931843
8531,7.794095978931843
8532,7.794095978931843
8533,7.794095978931843
8534,7.794095978931843
8535,7.794095978931843
8536,7.794095978931843
8537,7.794095978931843
8538,7.794095978931843
8539,7.794095978931843
8540,7.794095978931843
8541,7.794095978931843
8542,7.794095978931843
8543,7.794095978931843
8544,7.794095978931843
8545,7.794095978931843
8546,7.794095978931843
8547,7.794095978931843
8548,7.794095978931843
8549,7.794095978931843
8550,7.794095978931843
8551,7.794095978931843
8552,7.794095978931843
8553,7.794095978931843
8554,7.794095978931843
8555,7.794095978931843
8556,7.794095978931843
8557,7.794095978931843
8558,7.794095978931843
8559,7.794095978931843
8560,7.794095978931843
8561,7.794095978931843
8562,7.794095978931843
8563,7.794095978931843
8564,7.794095978931843
8565,7.794095978931843
8566,7.794095978931843
8567,7.794095978931843
8568,7.794095978931843
8569,7.794095978931843
8570,7.794095978931843
8571,7.794095978931843
8572,7.794095978931843
8573,7.794095978931843
8574,7.794095978931843
8575,7.794095978931843
8576,7.794095978931843
8577,7.794095978931843
8578,7.794095978931843
8579,7.794095978931843
8580,7.794095978931843
8581,7.794095978931843
8582,7.794095978931843
8583,7.794095978931843
8584,7.794095978931843
8585,7.794095978931843
8586,7.794095978931843
8587,7.794095978931843
8588,7.794095978931843
8589,7.794095978931843
8590,7.794095978931843
8591,7.794095978931843
8592,7.794095978931843
8593,7.794095978931843
8594,7.794095978931843
8595,7.794095978931843
8596,7.794095978931843
8597,7.794095978931843
8598,7.794095978931843
8599,7.794095978931843
8600,7.794095978931843
8601,7.794095978931843
8602,7.794095978931843
8603,7.794095978931843
8604,7.794095978931843
8605,7.794095978931843
8606,7.794095978931843
8607,7.794095978931843
8608,7.794095978931843
8609,7.794095978931843
8610,7.794095978931843
8611,7.794095978931843
8612,7.794095978931843
8613,7.794095978931843
8614,7.794095978931843
8615,7.794095978931843
8616,7.794095978931843
8617,7.794095978931843
8618,7.794095978931843
8619,7.794095978931843
8620,7.794095978931843
8621,7.794095978931843
8622,7.794095978931843
8623,7.794095978931843
8624,7.794095978931843
8625,7.794095978931843
8626,7.794095978931843
8627,7.794095978931843
8628,7.794095978931843
8629,7.794095978931843
8630,7.794095978931843
8631,7.794095978931843
8632,7.794095978931843
8633,7.794095978931843
8634,7.794095978931843
8635,7.794095978931843
8636,7.794095978931843
8637,7.794095978931843
8638,7.794095978931843
8639,7.794095978931843
8640,7.794095978931843
8641,7.794095978931843
8642,7.794095978931843
8643,7.794095978931843
8644,7.794095978931843
8645,7.794095978931843
8646,7.794095978931843
8647,7.794095978931843
8648,7.794095978931843
8649,7.794095978931843
8650,7.794095978931843
8651,7.794095978931843
8652,7.794095978931843
8653,7.794095978931843
8654,7.794095978931843
8655,7.794095978931843
8656,7.794095978931843
8657,7.794095978931843
8658,7.794095978931843
8659,7.794095978931843
8660,7.794095978931843
8661,7.794095978931843
8662,7.794095978931843
8663,7.794095978931843
8664,7.794095978931843
8665,7.794095978931843
8666,7.794095978931843
8667,7.794095978931843
8668,7.794095978931843
8669,7.794095978931843
8670,7.794095978931843
8671,7.794095978931843
8672,7.794095978931843
8673,7.794095978931843
8674,7.794095978931843
8675,7.794095978931843
8676,7.794095978931843
8677,7.794095978931843
8678,7.794095978931843
8679,7.794095978931843
8680,7.794095978931843
8681,7.794095978931843
8682,7.794095978931843
8683,7.794095978931843
8684,7.794095978931843
8685,7.794095978931843
8686,7.794095978931843
8687,7.794095978931843
8688,7.794095978931843
8689,7.794095978931843
8690,7.794095978931843
8691,7.794095978931843
8692,7.794095978931843
8693,7.794095978931843
8694,7.794095978931843
8695,7.794095978931843
8696,7.794095978931843
8697,7.794095978931843
8698,7.794095978931843
8699,7.794095978931843
8700,7.794095978931843
8701,7.794095978931843
8702,7.794095978931843
8703,7.794095978931843
8704,7.794095978931843
8705,7.794095978931843
8706,7.794095978931843
8707,7.794095978931843
8708,7.794095978931843
8709,7.794095978931843
8710,7.794095978931843
8711,7.794095978931843
8712,7.794095978931843
8713,7.794095978931843
8714,7.794095978931843
8715,7.794095978931843
8716,7.794095978931843
8717,7.794095978931843
8718,7.794095978931843
8719,7.794095978931843
8720,7.794095978931843
8721,7.794095978931843
8722,7.794095978931843
8723,7.794095978931843
8724,7.794095978931843
8725,7.794095978931843
8726,7.794095978931843
8727,7.794095978931843
8728,7.794095978931843
8729,7.794095978931843
8730,7.794095978931843
8731,7.794095978931843
8732,7.794095978931843
8733,7.794095978931843
8734,7.794095978931843
8735,7.794095978931843
8736,7.794095978931843
8737,7.794095978931843
8738,7.794095978931843
8739,7.794095978931843
8740,7.794095978931843
8741,7.794095978931843
8742,7.794095978931843
8743,7.794095978931843
8744,7.794095978931843
8745,7.794095978931843
8746,7.794095978931843
8747,7.794095978931843
8748,7.794095978931843
8749,7.794095978931843
8750,7.794095978931843
8751,7.794095978931843
8752,7.794095978931843
8753,7.794095978931843
8754,7.794095978931843
8755,7.794095978931843
8756,7.794095978931843
8757,7.794095978931843
8758,7.794095978931843
8759,7.794095978931843
8760,7.794095978931843
8761,7.794095978931843
8762,7.794095978931843
8763,7.794095978931843
8764,7.794095978931843
8765,7.794095978931843
8766,7.794095978931843
8767,7.794095978931843
8768,7.794095978931843
8769,7.794095978931843
8770,7.794095978931843
8771,7.794095978931843
8772,7.794095978931843
8773,7.794095978931843
8774,7.794095978931843
8775,7.794095978931843
8776,7.794095978931843
8777,7.794095978931843
8778,7.794095978931843
8779,7.794095978931843
8780,7.794095978931843
8781,7.794095978931843
8782,7.794095978931843
8783,7.794095978931843
8784,7.794095978931843
8785,7.794095978931843
8786,7.794095978931843
8787,7.794095978931843
8788,7.794095978931843
8789,7.794095978931843
8790,7.794095978931843
8791,7.794095978931843
8792,7.794095978931843
8793,7.794095978931843
8794,7.794095978931843
8795,7.794095978931843
8796,7.794095978931843
8797,7.794095978931843
8798,7.794095978931843
8799,7.794095978931843
8800,7.794095978931843
8801,7.794095978931843
8802,7.794095978931843
8803,7.794095978931843
8804,7.794095978931843
8805,7.794095978931843
8806,7.794095978931843
8807,7.794095978931843
8808,7.794095978931843
8809,7.794095978931843
8810,7.794095978931843
8811,7.794095978931843
8812,7.794095978931843
8813,7.794095978931843
8814,7.794095978931843
8815,7.794095978931843
8816,7.794095978931843
8817,7.794095978931843
8818,7.794095978931843
8819,7.794095978931843
8820,7.794095978931843
8821,7.794095978931843
8822,7.794095978931843
8823,7.794095978931843
8824,7.794095978931843
8825,7.794095978931843
8826,7.794095978931843
8827,7.794095978931843
8828,7.794095978931843
8829,7.794095978931843
8830,7.794095978931843
8831,7.794095978931843
8832,7.794095978931843
8833,7.794095978931843
8834,7.794095978931843
8835,7.794095978931843
8836,7.794095978931843
8837,7.794095978931843
8838,7.794095978931843
8839,7.794095978931843
8840,7.794095978931843
8841,7.794095978931843
8842,7.794095978931843
8843,7.794095978931843
8844,7.794095978931843
8845,7.794095978931843
8846,7.794095978931843
8847,7.794095978931843
8848,7.794095978931843
8849,7.794095978931843
8850,7.794095978931843
8851,7.794095978931843
8852,7.794095978931843
8853,7.794095978931843
8854,7.794095978931843
8855,7.794095978931843
8856,7.794095978931843
8857,7.794095978931843
8858,7.794095978931843
8859,7.794095978931843
8860,7.794095978931843
8861,7.794095978931843
8862,7.794095978931843
8863,7.794095978931843
8864,7.794095978931843
8865,7.794095978931843
8866,7.794095978931843
8867,7.794095978931843
8868,7.794095978931843
8869,7.794095978931843
8870,7.794095978931843
8871,7.794095978931843
8872,7.794095978931843
8873,7.794095978931843
8874,7.794095978931843
8875,7.794095978931843
8876,7.794095978931843
8877,7.794095978931843
8878,7.794095978931843
8879,7.794095978931843
8880,7.794095978931843
8881,7.794095978931843
8882,7.794095978931843
8883,7.794095978931843
8884,7.794095978931843
8885,7.794095978931843
8886,7.794095978931843
8887,7.794095978931843
8888,7.794095978931843
8889,7.794095978931843
8890,7.794095978931843
8891,7.794095978931843
8892,7.794095978931843
8893,7.794095978931843
8894,7.794095978931843
8895,7.794095978931843
8896,7.794095978931843
8897,7.794095978931843
8898,7.794095978931843
8899,7.794095978931843
8900,7.794095978931843
8901,7.794095978931843
8902,7.794095978931843
8903,7.794095978931843
8904,7.794095978931843
8905,7.794095978931843
8906,7.794095978931843
8907,7.794095978931843
8908,7.794095978931843
8909,7.794095978931843
8910,7.794095978931843
8911,7.794095978931843
8912,7.794095978931843
8913,7.794095978931843
8914,7.794095978931843
8915,7.794095978931843
8916,7.794095978931843
8917,7.794095978931843
8918,7.794095978931843
8919,7.794095978931843
8920,7.794095978931843
8921,7.794095978931843
8922,7.794095978931843
8923,7.794095978931843
8924,7.794095978931843
8925,7.794095978931843
8926,7.794095978931843
8927,7.794095978931843
8928,7.794095978931843
8929,7.794095978931843
8930,7.794095978931843
8931,7.794095978931843
8932,7.794095978931843
8933,7.794095978931843
8934,7.794095978931843
8935,7.794095978931843
8936,7.794095978931843
8937,7.794095978931843
8938,7.794095978931843
8939,7.794095978931843
8940,7.794095978931843
8941,7.794095978931843
8942,7.794095978931843
8943,7.794095978931843
8944,7.794095978931843
8945,7.794095978931843
8946,7.794095978931843
8947,7.794095978931843
8948,7.794095978931843
8949,7.794095978931843
8950,7.794095978931843
8951,7.794095978931843
8952,7.794095978931843
8953,7.794095978931843
8954,7.794095978931843
8955,7.794095978931843
8956,7.794095978931843
8957,7.794095978931843
8958,7.794095978931843
8959,7.794095978931843
8960,7.794095978931843
8961,7.794095978931843
8962,7.794095978931843
8963,7.794095978931843
8964,7.794095978931843
8965,7.794095978931843
8966,7.794095978931843
8967,7.794095978931843
8968,7.794095978931843
8969,7.794095978931843
8970,7.794095978931843
8971,7.794095978931843
8972,7.794095978931843
8973,7.794095978931843
8974,7.794095978931843
8975,7.794095978931843
8976,7.794095978931843
8977,7.794095978931843
8978,7.794095978931843
8979,7.794095978931843
8980,7.794095978931843
8981,7.794095978931843
8982,7.794095978931843
8983,7.794095978931843
8984,7.794095978931843
8985,7.794095978931843
8986,7.794095978931843
8987,7.794095978931843
8988,7.794095978931843
8989,7.794095978931843
8990,7.794095978931843
8991,7.794095978931843
8992,7.794095978931843
8993,7.794095978931843
8994,7.794095978931843
8995,7.794095978931843
8996,7.794095978931843
8997,7.794095978931843
8998,7.794095978931843
8999,7.794095978931843
9000,7.794095978931843
9001,7.794095978931843
9002,7.794095978931843
9003,7.794095978931843
9004,7.794095978931843
9005,7.794095978931843
9006,7.794095978931843
9007,7.794095978931843
9008,7.794095978931843
9009,7.794095978931843
9010,7.794095978931843
9011,7.794095978931843
9012,7.794095978931843
9013,7.794095978931843
9014,7.794095978931843
9015,7.794095978931843
9016,7.794095978931843
9017,7.794095978931843
9018,7.794095978931843
9019,7.794095978931843
9020,7.794095978931843
9021,7.794095978931843
9022,7.794095978931843
9023,7.794095978931843
9024,7.794095978931843
9025,7.794095978931843
9026,7.794095978931843
9027,7.794095978931843
9028,7.794095978931843
9029,7.794095978931843
9030,7.794095978931843
9031,7.794095978931843
9032,7.794095978931843
9033,7.794095978931843
9034,7.794095978931843
9035,7.794095978931843
9036,7.794095978931843
9037,7.794095978931843
9038,7.794095978931843
9039,7.794095978931843
9040,7.794095978931843
9041,7.794095978931843
9042,7.794095978931843
9043,7.794095978931843
9044,7.794095978931843
9045,7.794095978931843
9046,7.794095978931843
9047,7.794095978931843
9048,7.794095978931843
9049,7.794095978931843
9050,7.794095978931843
9051,7.794095978931843
9052,7.794095978931843
9053,7.794095978931843
9054,7.794095978931843
9055,7.794095978931843
9056,7.794095978931843
9057,7.794095978931843
9058,7.794095978931843
9059,7.794095978931843
9060,7.794095978931843
9061,7.794095978931843
9062,7.794095978931843
9063,7.794095978931843
9064,7.794095978931843
9065,7.794095978931843
9066,7.794095978931843
9067,7.794095978931843
9068,7.794095978931843
9069,7.794095978931843
9070,7.794095978931843
9071,7.794095978931843
9072,7.794095978931843
9073,7.794095978931843
9074,7.794095978931843
9075,7.794095978931843
9076,7.794095978931843
9077,7.794095978931843
9078,7.794095978931843
9079,7.794095978931843
9080,7.794095978931843
9081,7.794095978931843
9082,7.794095978931843
9083,7.794095978931843
9084,7.794095978931843
9085,7.794095978931843
9086,7.794095978931843
9087,7.794095978931843
9088,7.794095978931843
9089,7.794095978931843
9090,7.794095978931843
9091,7.794095978931843
9092,7.794095978931843
9093,7.794095978931843
9094,7.794095978931843
9095,7.794095978931843
9096,7.794095978931843
9097,7.794095978931843
9098,7.794095978931843
9099,7.794095978931843
9100,7.794095978931843
9101,7.794095978931843
9102,7.794095978931843
9103,7.794095978931843
9104,7.794095978931843
9105,7.794095978931843
9106,7.794095978931843
9107,7.794095978931843
9108,7.794095978931843
9109,7.794095978931843
9110,7.794095978931843
9111,7.794095978931843
9112,7.794095978931843
9113,7.794095978931843
9114,7.794095978931843
9115,7.794095978931843
9116,7.794095978931843
9117,7.794095978931843
9118,7.794095978931843
9119,7.794095978931843
9120,7.794095978931843
9121,7.794095978931843
9122,7.794095978931843
9123,7.794095978931843
9124,7.794095978931843
9125,7.794095978931843
9126,7.794095978931843
9127,7.794095978931843
9128,7.794095978931843
9129,7.794095978931843
9130,7.794095978931843
9131,7.794095978931843
9132,7.794095978931843
9133,7.794095978931843
9134,7.794095978931843
9135,7.794095978931843
9136,7.794095978931843
9137,7.794095978931843
9138,7.794095978931843
9139,7.794095978931843
9140,7.794095978931843
9141,7.794095978931843
9142,7.794095978931843
9143,7.794095978931843
9144,7.794095978931843
9145,7.794095978931843
9146,7.794095978931843
9147,7.794095978931843
9148,7.794095978931843
9149,7.794095978931843
9150,7.794095978931843
9151,7.794095978931843
9152,7.794095978931843
9153,7.794095978931843
9154,7.794095978931843
9155,7.794095978931843
9156,7.794095978931843
9157,7.794095978931843
9158,7.794095978931843
9159,7.794095978931843
9160,7.794095978931843
9161,7.794095978931843
9162,7.794095978931843
9163,7.794095978931843
9164,7.794095978931843
9165,7.794095978931843
9166,7.794095978931843
9167,7.794095978931843
9168,7.794095978931843
9169,7.794095978931843
9170,7.794095978931843
9171,7.794095978931843
9172,7.794095978931843
9173,7.794095978931843
9174,7.794095978931843
9175,7.794095978931843
9176,7.794095978931843
9177,7.794095978931843
9178,7.794095978931843
9179,7.794095978931843
9180,7.794095978931843
9181,7.794095978931843
9182,7.794095978931843
9183,7.794095978931843
9184,7.794095978931843
9185,7.794095978931843
9186,7.794095978931843
9187,7.794095978931843
9188,7.794095978931843
9189,7.794095978931843
9190,7.794095978931843
9191,7.794095978931843
9192,7.794095978931843
9193,7.794095978931843
9194,7.794095978931843
9195,7.794095978931843
9196,7.794095978931843
9197,7.794095978931843
9198,7.794095978931843
9199,7.794095978931843
9200,7.794095978931843
9201,7.794095978931843
9202,7.794095978931843
9203,7.794095978931843
9204,7.794095978931843
9205,7.794095978931843
9206,7.794095978931843
9207,7.794095978931843
9208,7.794095978931843
9209,7.794095978931843
9210,7.794095978931843
9211,7.794095978931843
9212,7.794095978931843
9213,7.794095978931843
9214,7.794095978931843
9215,7.794095978931843
9216,7.794095978931843
9217,7.794095978931843
9218,7.794095978931843
9219,7.794095978931843
9220,7.794095978931843
9221,7.794095978931843
9222,7.794095978931843
9223,7.794095978931843
9224,7.794095978931843
9225,7.794095978931843
9226,7.794095978931843
9227,7.794095978931843
9228,7.794095978931843
9229,7.794095978931843
9230,7.794095978931843
9231,7.794095978931843
9232,7.794095978931843
9233,7.794095978931843
9234,7.794095978931843
9235,7.794095978931843
9236,7.794095978931843
9237,7.794095978931843
9238,7.794095978931843
9239,7.794095978931843
9240,7.794095978931843
9241,7.794095978931843
9242,7.794095978931843
9243,7.794095978931843
9244,7.794095978931843
9245,7.794095978931843
9246,7.794095978931843
9247,7.794095978931843
9248,7.794095978931843
9249,7.794095978931843
9250,7.794095978931843
9251,7.794095978931843
9252,7.794095978931843
9253,7.794095978931843
9254,7.794095978931843
9255,7.794095978931843
9256,7.794095978931843
9257,7.794095978931843
9258,7.794095978931843
9259,7.794095978931843
9260,7.794095978931843
9261,7.794095978931843
9262,7.794095978931843
9263,7.794095978931843
9264,7.794095978931843
9265,7.794095978931843
9266,7.794095978931843
9267,7.794095978931843
9268,7.794095978931843
9269,7.794095978931843
9270,7.794095978931843
9271,7.794095978931843
9272,7.794095978931843
9273,7.794095978931843
9274,7.794095978931843
9275,7.794095978931843
9276,7.794095978931843
9277,7.794095978931843
9278,7.794095978931843
9279,7.794095978931843
9280,7.794095978931843
9281,7.794095978931843
9282,7.794095978931843
9283,7.794095978931843
9284,7.794095978931843
9285,7.794095978931843
9286,7.794095978931843
9287,7.794095978931843
9288,7.794095978931843
9289,7.794095978931843
9290,7.794095978931843
9291,7.794095978931843
9292,7.794095978931843
9293,7.794095978931843
9294,7.794095978931843
9295,7.794095978931843
9296,7.794095978931843
9297,7.794095978931843
9298,7.794095978931843
9299,7.794095978931843
9300,7.794095978931843
9301,7.794095978931843
9302,7.794095978931843
9303,7.794095978931843
9304,7.794095978931843
9305,7.794095978931843
9306,7.794095978931843
9307,7.794095978931843
9308,7.794095978931843
9309,7.794095978931843
9310,7.794095978931843
9311,7.794095978931843
9312,7.794095978931843
9313,7.794095978931843
9314,7.794095978931843
9315,7.794095978931843
9316,7.794095978931843
9317,7.794095978931843
9318,7.794095978931843
9319,7.794095978931843
9320,7.794095978931843
9321,7.794095978931843
9322,7.794095978931843
9323,7.794095978931843
9324,7.794095978931843
9325,7.794095978931843
9326,7.794095978931843
9327,7.794095978931843
9328,7.794095978931843
9329,7.794095978931843
9330,7.794095978931843
9331,7.794095978931843
9332,7.794095978931843
9333,7.794095978931843
9334,7.794095978931843
9335,7.794095978931843
9336,7.794095978931843
9337,7.794095978931843
9338,7.794095978931843
9339,7.794095978931843
9340,7.794095978931843
9341,7.794095978931843
9342,7.794095978931843
9343,7.794095978931843
9344,7.794095978931843
9345,7.794095978931843
9346,7.794095978931843
9347,7.794095978931843
9348,7.794095978931843
9349,7.794095978931843
9350,7.794095978931843
9351,7.794095978931843
9352,7.794095978931843
9353,7.794095978931843
9354,7.794095978931843
9355,7.794095978931843
9356,7.794095978931843
9357,7.794095978931843
9358,7.794095978931843
9359,7.794095978931843
9360,7.794095978931843
9361,7.794095978931843
9362,7.794095978931843
9363,7.794095978931843
9364,7.794095978931843
9365,7.794095978931843
9366,7.794095978931843
9367,7.794095978931843
9368,7.794095978931843
9369,7.794095978931843
9370,7.794095978931843
9371,7.794095978931843
9372,7.794095978931843
9373,7.794095978931843
9374,7.794095978931843
9375,7.794095978931843
9376,7.794095978931843
9377,7.794095978931843
9378,7.794095978931843
9379,7.794095978931843
9380,7.794095978931843
9381,7.794095978931843
9382,7.794095978931843
9383,7.794095978931843
9384,7.794095978931843
9385,7.794095978931843
9386,7.794095978931843
9387,7.794095978931843
9388,7.794095978931843
9389,7.794095978931843
9390,7.794095978931843
9391,7.794095978931843
9392,7.794095978931843
9393,7.794095978931843
9394,7.794095978931843
9395,7.794095978931843
9396,7.794095978931843
9397,7.794095978931843
9398,7.794095978931843
9399,7.794095978931843
9400,7.794095978931843
9401,7.794095978931843
9402,7.794095978931843
9403,7.794095978931843
9404,7.794095978931843
9405,7.794095978931843
9406,7.794095978931843
9407,7.794095978931843
9408,7.794095978931843
9409,7.794095978931843
9410,7.794095978931843
9411,7.794095978931843
9412,7.794095978931843
9413,7.794095978931843
9414,7.794095978931843
9415,7.794095978931843
9416,7.794095978931843
9417,7.794095978931843
9418,7.794095978931843
9419,7.794095978931843
9420,7.794095978931843
9421,7.794095978931843
9422,7.794095978931843
9423,7.794095978931843
9424,7.794095978931843
9425,7.794095978931843
9426,7.794095978931843
9427,7.794095978931843
9428,7.794095978931843
9429,7.794095978931843
9430,7.794095978931843
9431,7.794095978931843
9432,7.794095978931843
9433,7.794095978931843
9434,7.794095978931843
9435,7.794095978931843
9436,7.794095978931843
9437,7.794095978931843
9438,7.794095978931843
9439,7.794095978931843
9440,7.794095978931843
9441,7.794095978931843
9442,7.794095978931843
9443,7.794095978931843
9444,7.794095978931843
9445,7.794095978931843
9446,7.794095978931843
9447,7.794095978931843
9448,7.794095978931843
9449,7.794095978931843
9450,7.794095978931843
9451,7.794095978931843
9452,7.794095978931843
9453,7.794095978931843
9454,7.794095978931843
9455,7.794095978931843
9456,7.794095978931843
9457,7.794095978931843
9458,7.794095978931843
9459,7.794095978931843
9460,7.794095978931843
9461,7.794095978931843
9462,7.794095978931843
9463,7.794095978931843
9464,7.794095978931843
9465,7.794095978931843
9466,7.794095978931843
9467,7.794095978931843
9468,7.794095978931843
9469,7.794095978931843
9470,7.794095978931843
9471,7.794095978931843
9472,7.794095978931843
9473,7.794095978931843
9474,7.794095978931843
9475,7.794095978931843
9476,7.794095978931843
9477,7.794095978931843
9478,7.794095978931843
9479,7.794095978931843
9480,7.794095978931843
9481,7.794095978931843
9482,7.794095978931843
9483,7.794095978931843
9484,7.794095978931843
9485,7.794095978931843
9486,7.794095978931843
9487,7.794095978931843
9488,7.794095978931843
9489,7.794095978931843
9490,7.794095978931843
9491,7.794095978931843
9492,7.794095978931843
9493,7.794095978931843
9494,7.794095978931843
9495,7.794095978931843
9496,7.794095978931843
9497,7.794095978931843
9498,7.794095978931843
9499,7.794095978931843
9500,7.794095978931843
9501,7.794095978931843
9502,7.794095978931843
9503,7.794095978931843
9504,7.794095978931843
9505,7.794095978931843
9506,7.794095978931843
9507,7.794095978931843
9508,7.794095978931843
9509,7.794095978931843
9510,7.794095978931843
9511,7.794095978931843
9512,7.794095978931843
9513,7.794095978931843
9514,7.794095978931843
9515,7.794095978931843
9516,7.794095978931843
9517,7.794095978931843
9518,7.794095978931843
9519,7.794095978931843
9520,7.794095978931843
9521,7.794095978931843
9522,7.794095978931843
9523,7.794095978931843
9524,7.794095978931843
9525,7.794095978931843
9526,7.794095978931843
9527,7.794095978931843
9528,7.794095978931843
9529,7.794095978931843
9530,7.794095978931843
9531,7.794095978931843
9532,7.794095978931843
9533,7.794095978931843
9534,7.794095978931843
9535,7.794095978931843
9536,7.794095978931843
9537,7.794095978931843
9538,7.794095978931843
9539,7.794095978931843
9540,7.794095978931843
9541,7.794095978931843
9542,7.794095978931843
9543,7.794095978931843
9544,7.794095978931843
9545,7.794095978931843
9546,7.794095978931843
9547,7.794095978931843
9548,7.794095978931843
9549,7.794095978931843
9550,7.794095978931843
9551,7.794095978931843
9552,7.794095978931843
9553,7.794095978931843
9554,7.794095978931843
9555,7.794095978931843
9556,7.794095978931843
9557,7.794095978931843
9558,7.794095978931843
9559,7.794095978931843
9560,7.794095978931843
9561,7.794095978931843
9562,7.794095978931843
9563,7.794095978931843
9564,7.794095978931843
9565,7.794095978931843
9566,7.794095978931843
9567,7.794095978931843
9568,7.794095978931843
9569,7.794095978931843
9570,7.794095978931843
9571,7.794095978931843
9572,7.794095978931843
9573,7.794095978931843
9574,7.794095978931843
9575,7.794095978931843
9576,7.794095978931843
9577,7.794095978931843
9578,7.794095978931843
9579,7.794095978931843
9580,7.794095978931843
9581,7.794095978931843
9582,7.794095978931843
9583,7.794095978931843
9584,7.794095978931843
9585,7.794095978931843
9586,7.794095978931843
9587,7.794095978931843
9588,7.794095978931843
9589,7.794095978931843
9590,7.794095978931843
9591,7.794095978931843
9592,7.794095978931843
9593,7.794095978931843
9594,7.794095978931843
9595,7.794095978931843
9596,7.794095978931843
9597,7.794095978931843
9598,7.794095978931843
9599,7.794095978931843
9600,7.794095978931843
9601,7.794095978931843
9602,7.794095978931843
9603,7.794095978931843
9604,7.794095978931843
9605,7.794095978931843
9606,7.794095978931843
9607,7.794095978931843
9608,7.794095978931843
9609,7.794095978931843
9610,7.794095978931843
9611,7.794095978931843
9612,7.794095978931843
9613,7.794095978931843
9614,7.794095978931843
9615,7.794095978931843
9616,7.794095978931843
9617,7.794095978931843
9618,7.794095978931843
9619,7.794095978931843
9620,7.794095978931843
9621,7.794095978931843
9622,7.794095978931843
9623,7.794095978931843
9624,7.794095978931843
9625,7.794095978931843
9626,7.794095978931843
9627,7.794095978931843
9628,7.794095978931843
9629,7.794095978931843
9630,7.794095978931843
9631,7.794095978931843
9632,7.794095978931843
9633,7.794095978931843
9634,7.794095978931843
9635,7.794095978931843
9636,7.794095978931843
9637,7.794095978931843
9638,7.794095978931843
9639,7.794095978931843
9640,7.794095978931843
9641,7.794095978931843
9642,7.794095978931843
9643,7.794095978931843
9644,7.794095978931843
9645,7.794095978931843
9646,7.794095978931843
9647,7.794095978931843
9648,7.794095978931843
9649,7.794095978931843
9650,7.794095978931843
9651,7.794095978931843
9652,7.794095978931843
9653,7.794095978931843
9654,7.794095978931843
9655,7.794095978931843
9656,7.794095978931843
9657,7.794095978931843
9658,7.794095978931843
9659,7.794095978931843
9660,7.794095978931843
9661,7.794095978931843
9662,7.794095978931843
9663,7.794095978931843
9664,7.794095978931843
9665,7.794095978931843
9666,7.794095978931843
9667,7.794095978931843
9668,7.794095978931843
9669,7.794095978931843
9670,7.794095978931843
9671,7.794095978931843
9672,7.794095978931843
9673,7.794095978931843
9674,7.794095978931843
9675,7.794095978931843
9676,7.794095978931843
9677,7.794095978931843
9678,7.794095978931843
9679,7.794095978931843
9680,7.794095978931843
9681,7.794095978931843
9682,7.794095978931843
9683,7.794095978931843
9684,7.794095978931843
9685,7.794095978931843
9686,7.794095978931843
9687,7.794095978931843
9688,7.794095978931843
9689,7.794095978931843
9690,7.794095978931843
9691,7.794095978931843
9692,7.794095978931843
9693,7.794095978931843
9694,7.794095978931843
9695,7.794095978931843
9696,7.794095978931843
9697,7.794095978931843
9698,7.794095978931843
9699,7.794095978931843
9700,7.794095978931843
9701,7.794095978931843
9702,7.794095978931843
9703,7.794095978931843
9704,7.794095978931843
9705,7.794095978931843
9706,7.794095978931843
9707,7.794095978931843
9708,7.794095978931843
9709,7.794095978931843
9710,7.794095978931843
9711,7.794095978931843
9712,7.794095978931843
9713,7.794095978931843
9714,7.794095978931843
9715,7.794095978931843
9716,7.794095978931843
9717,7.794095978931843
9718,7.794095978931843
9719,7.794095978931843
9720,7.794095978931843
9721,7.794095978931843
9722,7.794095978931843
9723,7.794095978931843
9724,7.794095978931843
9725,7.794095978931843
9726,7.794095978931843
9727,7.794095978931843
9728,7.794095978931843
9729,7.794095978931843
9730,7.794095978931843
9731,7.794095978931843
9732,7.794095978931843
9733,7.794095978931843
9734,7.794095978931843
9735,7.794095978931843
9736,7.794095978931843
9737,7.794095978931843
9738,7.794095978931843
9739,7.794095978931843
9740,7.794095978931843
9741,7.794095978931843
9742,7.794095978931843
9743,7.794095978931843
9744,7.794095978931843
9745,7.794095978931843
9746,7.794095978931843
9747,7.794095978931843
9748,7.794095978931843
9749,7.794095978931843
9750,7.794095978931843
9751,7.794095978931843
9752,7.794095978931843
9753,7.794095978931843
9754,7.794095978931843
9755,7.794095978931843
9756,7.794095978931843
9757,7.794095978931843
9758,7.794095978931843
9759,7.794095978931843
9760,7.794095978931843
9761,7.794095978931843
9762,7.794095978931843
9763,7.794095978931843
9764,7.794095978931843
9765,7.794095978931843
9766,7.794095978931843
9767,7.794095978931843
9768,7.794095978931843
9769,7.794095978931843
9770,7.794095978931843
9771,7.794095978931843
9772,7.794095978931843
9773,7.794095978931843
9774,7.794095978931843
9775,7.794095978931843
9776,7.794095978931843
9777,7.754010334175319
9778,7.754010334175319
9779,7.754010334175319
9780,7.754010334175319
9781,7.754010334175319
9782,7.754010334175319
9783,7.754010334175319
9784,7.754010334175319
9785,7.754010334175319
9786,7.754010334175319
9787,7.754010334175319
9788,7.754010334175319
9789,7.754010334175319
9790,7.754010334175319
9791,7.754010334175319
9792,7.754010334175319
9793,7.754010334175319
9794,7.754010334175319
9795,7.754010334175319
9796,7.754010334175319
9797,7.754010334175319
9798,7.754010334175319
9799,7.754010334175319
9800,7.754010334175319
9801,7.754010334175319
9802,7.754010334175319
9803,7.754010334175319
9804,7.754010334175319
9805,7.754010334175319
9806,7.754010334175319
9807,7.754010334175319
9808,7.754010334175319
9809,7.754010334175319
9810,7.754010334175319
9811,7.754010334175319
9812,7.754010334175319
9813,7.754010334175319
9814,7.754010334175319
9815,7.754010334175319
9816,7.754010334175319
9817,7.754010334175319
9818,7.754010334175319
9819,7.754010334175319
9820,7.649649528462721
9821,7.649649528462721
9822,7.649649528462721
9823,7.649649528462721
9824,7.649649528462721
9825,7.649649528462721
9826,7.649649528462721
9827,7.649649528462721
9828,7.649649528462721
9829,7.649649528462721
9830,7.649649528462721
9831,7.649649528462721
9832,7.649649528462721
9833,7.649649528462721
9834,7.649649528462721
9835,7.649649528462721
9836,7.649649528462721
9837,7.649649528462721
9838,7.649649528462721
9839,7.649649528462721
9840,7.649649528462721
9841,7.649649528462721
9842,7.649649528462721
9843,7.649649528462721
9844,7.649649528462721
9845,7.649649528462721
9846,7.649649528462721
9847,7.649649528462721
9848,7.649649528462721
9849,7.649649528462721
9850,7.649649528462721
9851,7.649649528462721
9852,7.649649528462721
9853,7.649649528462721
9854,7.649649528462721
9855,7.649649528462721
9856,7.649649528462721
9857,7.649649528462721
9858,7.649649528462721
9859,7.649649528462721
9860,7.649649528462721
9861,7.649649528462721
9862,7.649649528462721
9863,7.649649528462721
9864,7.649649528462721
9865,7.649649528462721
9866,7.649649528462721
9867,7.649649528462721
9868,7.649649528462721
9869,7.649649528462721
9870,7.649649528462721
9871,7.649649528462721
9872,7.649649528462721
9873,7.649649528462721
9874,7.649649528462721
9875,7.649649528462721
9876,7.649649528462721
9877,7.649649528462721
9878,7.649649528462721
9879,7.649649528462721
9880,7.649649528462721
9881,7.649649528462721
9882,7.649649528462721
9883,7.649649528462721
9884,7.649649528462721
9885,7.649649528462721
9886,7.649649528462721
9887,7.649649528462721
9888,7.649649528462721
9889,7.649649528462721
9890,7.649649528462721
9891,7.649649528462721
9892,7.649649528462721
9893,7.649649528462721
9894,7.649649528462721
9895,7.649649528462721
9896,7.649649528462721
9897,7.649649528462721
9898,7.649649528462721
9899,7.649649528462721
9900,7.649649528462721
9901,7.649649528462721
9902,7.649649528462721
9903,7.649649528462721
9904,7.649649528462721
9905,7.649649528462721
9906,7.649649528462721
9907,7.649649528462721
9908,7.649649528462721
9909,7.649649528462721
9910,7.649649528462721
9911,7.649649528462721
9912,7.649649528462721
9913,7.649649528462721
9914,7.649649528462721
9915,7.649649528462721
9916,7.649649528462721
9917,7.649649528462721
9918,7.649649528462721
9919,7.649649528462721
9920,7.649649528462721
9921,7.649649528462721
9922,7.649649528462721
9923,7.649649528462721
9924,7.649649528462721
9925,7.649649528462721
9926,7.649649528462721
9927,7.649649528462721
9928,7.649649528462721
9929,7.649649528462721
9930,7.649649528462721
9931,7.649649528462721
9932,7.649649528462721
9933,7.649649528462721
9934,7.649649528462721
9935,7.649649528462721
9936,7.649649528462721
9937,7.649649528462721
9938,7.649649528462721
9939,7.649649528462721
9940,7.649649528462721
9941,7.649649528462721
9942,7.649649528462721
9943,7.649649528462721
9944,7.649649528462721
9945,7.649649528462721
9946,7.649649528462721
9947,7.649649528462721
9948,7.649649528462721
9949,7.649649528462721
9950,7.649649528462721
9951,7.649649528462721
9952,7.649649528462721
9953,7.649649528462721
9954,7.649649528462721
9955,7.649649528462721
9956,7.649649528462721
9957,7.649649528462721
9958,7.649649528462721
9959,7.649649528462721
9960,7.649649528462721
9961,7.649649528462721
9962,7.649649528462721
9963,7.649649528462721
9964,7.649649528462721
9965,7.649649528462721
9966,7.649649528462721
9967,7.649649528462721
9968,7.649649528462721
9969,7.649649528462721
9970,7.649649528462721
9971,7.649649528462721
9972,7.649649528462721
9973,7.649649528462721
9974,7.649649528462721
9975,7.649649528462721
9976,7.649649528462721
9977,7.649649528462721
9978,7.649649528462721
9979,7.649649528462721
9980,7.649649528462721
9981,7.649649528462721
9982,7.649649528462721
9983,7.649649528462721
9984,7.649649528462721
9985,7.649649528462721
9986,7.649649528462721
9987,7.649649528462721
9988,7.649649528462721
9989,7.649649528462721
9990,7.649649528462721
9991,7.649649528462721
9992,7.649649528462721
9993,7.649649528462721
9994,7.649649528462721
9995,7.649649528462721
9996,7.649649528462721
9997,7.649649528462721
9998,7.649649528462721
9999,7.649649528462721
10000,7.649649528462721
