iteration,best_loss
0,169.7757005797128
1,166.01170485312238
2,166.01170485312238
3,166.01170485312238
4,166.01170485312238
5,155.4727431055246
6,18.80164975522183
7,18.80164975522183
8,18.80164975522183
9,18.80164975522183
10,18.80164975522183
11,18.80164975522183
12,18.80164975522183
13,18.80164975522183
14,18.80164975522183
15,18.80164975522183
16,18.80164975522183
17,18.80164975522183
18,18.80164975522183
19,18.80164975522183
20,18.80164975522183
21,18.80164975522183
22,18.80164975522183
23,18.80164975522183
24,18.80164975522183
25,18.80164975522183
26,13.500690330471878
27,13.500690330471878
28,13.374326473085276
29,13.374326473085276
30,13.374326473085276
31,13.374326473085276
32,12.094803226001673
33,12.094803226001673
34,12.094803226001673
35,12.094803226001673
36,12.094803226001673
37,12.094803226001673
38,12.094803226001673
39,12.094803226001673
40,12.094803226001673
41,12.094803226001673
42,12.094803226001673
43,12.094803226001673
44,12.094803226001673
45,12.094803226001673
46,12.094803226001673
47,12.094803226001673
48,12.094803226001673
49,12.094803226001673
50,12.094803226001673
51,12.094803226001673
52,12.094803226001673
53,12.094803226001673
54,12.094803226001673
55,12.094803226001673
56,12.094803226001673
57,12.094803226001673
58,12.094803226001673
59,12.094803226001673
60,12.094803226001673
61,12.094803226001673
62,12.094803226001673
63,12.094803226001673
64,12.094803226001673
65,12.094803226001673
66,12.094803226001673
67,12.094803226001673
68,12.094803226001673
69,12.094803226001673
70,12.094803226001673
71,12.094803226001673
72,12.094803226001673
73,12.094803226001673
74,12.094803226001673
75,12.094803226001673
76,12.094803226001673
77,12.094803226001673
78,12.094803226001673
79,12.094803226001673
80,12.094803226001673
81,12.094803226001673
82,12.094803226001673
83,12.094803226001673
84,12.094803226001673
85,12.094803226001673
86,12.094803226001673
87,12.094803226001673
88,12.094803226001673
89,12.094803226001673
90,12.094803226001673
91,12.094803226001673
92,12.094803226001673
93,12.094803226001673
94,12.094803226001673
95,12.094803226001673
96,12.094803226001673
97,12.094803226001673
98,9.749485031422083
99,9.749485031422083
100,9.027578000732227
101,9.027578000732227
102,9.027578000732227
103,9.027578000732227
104,9.027578000732227
105,9.027578000732227
106,9.027578000732227
107,9.027578000732227
108,9.027578000732227
109,9.027578000732227
110,9.027578000732227
111,9.027578000732227
112,9.027578000732227
113,9.027578000732227
114,9.027578000732227
115,9.027578000732227
116,9.027578000732227
117,9.027578000732227
118,9.027578000732227
119,9.027578000732227
120,9.027578000732227
121,9.027578000732227
122,9.027578000732227
123,9.027578000732227
124,9.027578000732227
125,9.027578000732227
126,9.027578000732227
127,9.027578000732227
128,9.027578000732227
129,9.027578000732227
130,9.027578000732227
131,9.027578000732227
132,9.027578000732227
133,9.027578000732227
134,9.027578000732227
135,9.027578000732227
136,9.027578000732227
137,9.027578000732227
138,9.027578000732227
139,9.027578000732227
140,9.027578000732227
141,9.027578000732227
142,9.027578000732227
143,9.027578000732227
144,9.027578000732227
145,9.027578000732227
146,9.027578000732227
147,9.027578000732227
148,9.027578000732227
149,9.027578000732227
150,9.027578000732227
151,9.027578000732227
152,9.027578000732227
153,9.027578000732227
154,9.027578000732227
155,9.027578000732227
156,9.027578000732227
157,9.027578000732227
158,9.027578000732227
159,9.027578000732227
160,9.027578000732227
161,9.027578000732227
162,9.027578000732227
163,9.027578000732227
164,9.027578000732227
165,9.027578000732227
166,9.027578000732227
167,9.027578000732227
168,9.027578000732227
169,9.027578000732227
170,9.027578000732227
171,9.027578000732227
172,9.027578000732227
173,9.027578000732227
174,9.027578000732227
175,9.027578000732227
176,9.027578000732227
177,9.027578000732227
178,9.027578000732227
179,9.027578000732227
180,9.027578000732227
181,9.027578000732227
182,9.027578000732227
183,9.027578000732227
184,9.027578000732227
185,9.027578000732227
186,9.027578000732227
187,9.027578000732227
188,9.027578000732227
189,9.027578000732227
190,9.027578000732227
191,9.027578000732227
192,9.027578000732227
193,9.027578000732227
194,9.027578000732227
195,9.027578000732227
196,9.027578000732227
197,9.027578000732227
198,9.027578000732227
199,9.027578000732227
200,9.027578000732227
201,9.027578000732227
202,9.027578000732227
203,9.027578000732227
204,9.027578000732227
205,9.027578000732227
206,9.027578000732227
207,9.027578000732227
208,9.027578000732227
209,9.027578000732227
210,9.027578000732227
211,9.027578000732227
212,9.027578000732227
213,9.027578000732227
214,9.027578000732227
215,9.027578000732227
216,9.027578000732227
217,9.027578000732227
218,9.027578000732227
219,9.027578000732227
220,9.027578000732227
221,9.027578000732227
222,9.027578000732227
223,9.027578000732227
224,9.027578000732227
225,9.027578000732227
226,9.027578000732227
227,9.027578000732227
228,9.027578000732227
229,9.027578000732227
230,9.027578000732227
231,9.027578000732227
232,9.027578000732227
233,9.027578000732227
234,9.027578000732227
235,9.027578000732227
236,9.027578000732227
237,9.027578000732227
238,9.027578000732227
239,9.027578000732227
240,9.027578000732227
241,9.027578000732227
242,9.027578000732227
243,9.027578000732227
244,9.027578000732227
245,9.027578000732227
246,9.027578000732227
247,9.027578000732227
248,9.027578000732227
249,9.027578000732227
250,9.027578000732227
251,9.027578000732227
252,9.027578000732227
253,9.027578000732227
254,9.027578000732227
255,9.027578000732227
256,9.027578000732227
257,9.027578000732227
258,9.027578000732227
259,9.027578000732227
260,9.027578000732227
261,9.027578000732227
262,9.027578000732227
263,9.027578000732227
264,9.027578000732227
265,9.027578000732227
266,9.027578000732227
267,9.027578000732227
268,9.027578000732227
269,9.027578000732227
270,9.027578000732227
271,9.027578000732227
272,9.027578000732227
273,9.027578000732227
274,9.027578000732227
275,9.027578000732227
276,9.027578000732227
277,9.027578000732227
278,9.027578000732227
279,9.027578000732227
280,9.027578000732227
281,9.027578000732227
282,9.027578000732227
283,9.027578000732227
284,9.027578000732227
285,9.027578000732227
286,9.027578000732227
287,9.027578000732227
288,9.027578000732227
289,9.027578000732227
290,9.027578000732227
291,9.027578000732227
292,9.027578000732227
293,9.027578000732227
294,9.027578000732227
295,9.027578000732227
296,9.027578000732227
297,9.027578000732227
298,9.027578000732227
299,9.027578000732227
300,9.027578000732227
301,9.027578000732227
302,9.027578000732227
303,9.027578000732227
304,9.027578000732227
305,9.027578000732227
306,9.027578000732227
307,9.027578000732227
308,9.027578000732227
309,9.027578000732227
310,9.027578000732227
311,9.027578000732227
312,9.027578000732227
313,9.027578000732227
314,9.027578000732227
315,9.027578000732227
316,9.027578000732227
317,9.027578000732227
318,9.027578000732227
319,9.027578000732227
320,9.027578000732227
321,9.027578000732227
322,9.027578000732227
323,9.027578000732227
324,9.027578000732227
325,9.027578000732227
326,9.027578000732227
327,9.027578000732227
328,9.027578000732227
329,9.027578000732227
330,9.027578000732227
331,9.027578000732227
332,9.027578000732227
333,9.027578000732227
334,9.027578000732227
335,9.027578000732227
336,9.027578000732227
337,9.027578000732227
338,9.027578000732227
339,9.027578000732227
340,9.027578000732227
341,9.027578000732227
342,9.027578000732227
343,9.027578000732227
344,9.027578000732227
345,9.027578000732227
346,9.027578000732227
347,9.027578000732227
348,9.027578000732227
349,9.027578000732227
350,9.027578000732227
351,9.027578000732227
352,9.027578000732227
353,9.027578000732227
354,9.027578000732227
355,9.027578000732227
356,9.027578000732227
357,9.027578000732227
358,9.027578000732227
359,9.027578000732227
360,9.027578000732227
361,9.027578000732227
362,9.027578000732227
363,9.027578000732227
364,9.027578000732227
365,9.027578000732227
366,9.027578000732227
367,9.027578000732227
368,9.027578000732227
369,9.027578000732227
370,9.027578000732227
371,9.027578000732227
372,9.027578000732227
373,9.027578000732227
374,9.027578000732227
375,9.027578000732227
376,9.027578000732227
377,9.027578000732227
378,9.027578000732227
379,9.027578000732227
380,9.027578000732227
381,9.027578000732227
382,9.027578000732227
383,9.027578000732227
384,9.027578000732227
385,9.027578000732227
386,9.027578000732227
387,9.027578000732227
388,9.027578000732227
389,9.027578000732227
390,9.027578000732227
391,9.027578000732227
392,9.027578000732227
393,9.027578000732227
394,9.027578000732227
395,9.027578000732227
396,9.027578000732227
397,9.027578000732227
398,9.027578000732227
399,9.027578000732227
400,9.027578000732227
401,9.027578000732227
402,9.027578000732227
403,9.027578000732227
404,9.027578000732227
405,9.027578000732227
406,9.027578000732227
407,9.027578000732227
408,9.027578000732227
409,9.027578000732227
410,9.027578000732227
411,9.027578000732227
412,9.027578000732227
413,9.027578000732227
414,9.027578000732227
415,9.027578000732227
416,9.027578000732227
417,9.027578000732227
418,9.027578000732227
419,9.027578000732227
420,9.027578000732227
421,9.027578000732227
422,9.027578000732227
423,9.027578000732227
424,9.027578000732227
425,9.027578000732227
426,9.027578000732227
427,9.027578000732227
428,9.027578000732227
429,9.027578000732227
430,9.027578000732227
431,9.027578000732227
432,9.027578000732227
433,9.027578000732227
434,9.027578000732227
435,9.027578000732227
436,9.027578000732227
437,9.027578000732227
438,9.027578000732227
439,9.027578000732227
440,9.027578000732227
441,9.027578000732227
442,9.027578000732227
443,9.027578000732227
444,9.027578000732227
445,9.027578000732227
446,9.027578000732227
447,9.027578000732227
448,9.027578000732227
449,9.027578000732227
450,9.027578000732227
451,9.027578000732227
452,9.027578000732227
453,9.027578000732227
454,9.027578000732227
455,9.027578000732227
456,9.027578000732227
457,9.027578000732227
458,9.027578000732227
459,9.027578000732227
460,9.027578000732227
461,9.027578000732227
462,9.027578000732227
463,9.027578000732227
464,9.027578000732227
465,9.027578000732227
466,9.027578000732227
467,9.027578000732227
468,9.027578000732227
469,9.027578000732227
470,9.027578000732227
471,9.027578000732227
472,9.027578000732227
473,9.027578000732227
474,9.027578000732227
475,9.027578000732227
476,9.027578000732227
477,9.027578000732227
478,9.027578000732227
479,9.027578000732227
480,9.027578000732227
481,9.027578000732227
482,9.027578000732227
483,9.027578000732227
484,9.027578000732227
485,9.027578000732227
486,9.027578000732227
487,9.027578000732227
488,9.027578000732227
489,9.027578000732227
490,9.027578000732227
491,9.027578000732227
492,9.027578000732227
493,9.027578000732227
494,9.027578000732227
495,9.027578000732227
496,9.027578000732227
497,9.027578000732227
498,9.027578000732227
499,9.027578000732227
500,9.027578000732227
501,9.027578000732227
502,9.027578000732227
503,9.027578000732227
504,9.027578000732227
505,9.027578000732227
506,9.027578000732227
507,9.027578000732227
508,9.027578000732227
509,9.027578000732227
510,9.027578000732227
511,9.027578000732227
512,9.027578000732227
513,9.027578000732227
514,9.027578000732227
515,9.027578000732227
516,9.027578000732227
517,9.027578000732227
518,9.027578000732227
519,9.027578000732227
520,9.027578000732227
521,9.027578000732227
522,9.027578000732227
523,9.027578000732227
524,9.027578000732227
525,9.027578000732227
526,9.027578000732227
527,9.027578000732227
528,9.027578000732227
529,9.027578000732227
530,9.027578000732227
531,9.027578000732227
532,9.027578000732227
533,9.027578000732227
534,9.027578000732227
535,9.027578000732227
536,9.027578000732227
537,9.027578000732227
538,9.027578000732227
539,9.027578000732227
540,9.027578000732227
541,9.027578000732227
542,9.027578000732227
543,9.027578000732227
544,9.027578000732227
545,9.027578000732227
546,9.027578000732227
547,9.027578000732227
548,9.027578000732227
549,9.027578000732227
550,9.027578000732227
551,9.027578000732227
552,9.027578000732227
553,9.027578000732227
554,9.027578000732227
555,9.027578000732227
556,9.027578000732227
557,9.027578000732227
558,9.027578000732227
559,9.027578000732227
560,9.027578000732227
561,9.027578000732227
562,9.027578000732227
563,9.027578000732227
564,9.027578000732227
565,9.027578000732227
566,9.027578000732227
567,9.027578000732227
568,9.027578000732227
569,9.027578000732227
570,9.027578000732227
571,9.027578000732227
572,9.027578000732227
573,9.027578000732227
574,9.027578000732227
575,9.027578000732227
576,9.027578000732227
577,9.027578000732227
578,9.027578000732227
579,9.027578000732227
580,9.027578000732227
581,9.027578000732227
582,9.027578000732227
583,9.027578000732227
584,9.027578000732227
585,9.027578000732227
586,9.027578000732227
587,9.027578000732227
588,9.027578000732227
589,9.027578000732227
590,9.027578000732227
591,9.027578000732227
592,9.027578000732227
593,9.027578000732227
594,9.027578000732227
595,9.027578000732227
596,9.027578000732227
597,9.027578000732227
598,9.027578000732227
599,9.027578000732227
600,9.027578000732227
601,9.027578000732227
602,9.027578000732227
603,9.027578000732227
604,9.027578000732227
605,9.027578000732227
606,9.027578000732227
607,9.027578000732227
608,9.027578000732227
609,9.027578000732227
610,9.027578000732227
611,9.027578000732227
612,9.027578000732227
613,9.027578000732227
614,9.027578000732227
615,9.027578000732227
616,9.027578000732227
617,9.027578000732227
618,9.027578000732227
619,9.027578000732227
620,9.027578000732227
621,9.027578000732227
622,9.027578000732227
623,9.027578000732227
624,9.027578000732227
625,9.027578000732227
626,9.027578000732227
627,9.027578000732227
628,9.027578000732227
629,9.027578000732227
630,9.027578000732227
631,9.027578000732227
632,9.027578000732227
633,9.027578000732227
634,9.027578000732227
635,9.027578000732227
636,9.027578000732227
637,9.027578000732227
638,9.027578000732227
639,9.027578000732227
640,9.027578000732227
641,9.027578000732227
642,9.027578000732227
643,9.027578000732227
644,9.027578000732227
645,9.027578000732227
646,9.027578000732227
647,9.027578000732227
648,9.027578000732227
649,9.027578000732227
650,9.027578000732227
651,9.027578000732227
652,9.027578000732227
653,9.027578000732227
654,9.027578000732227
655,9.027578000732227
656,9.027578000732227
657,9.027578000732227
658,9.027578000732227
659,9.027578000732227
660,9.027578000732227
661,9.027578000732227
662,9.027578000732227
663,9.027578000732227
664,9.027578000732227
665,9.027578000732227
666,9.027578000732227
667,9.027578000732227
668,9.027578000732227
669,9.027578000732227
670,9.027578000732227
671,9.027578000732227
672,9.027578000732227
673,9.027578000732227
674,9.027578000732227
675,9.027578000732227
676,9.027578000732227
677,9.027578000732227
678,9.027578000732227
679,9.027578000732227
680,9.027578000732227
681,9.027578000732227
682,9.027578000732227
683,9.027578000732227
684,9.027578000732227
685,9.027578000732227
686,9.027578000732227
687,9.027578000732227
688,9.027578000732227
689,9.027578000732227
690,9.027578000732227
691,9.027578000732227
692,9.027578000732227
693,9.027578000732227
694,9.027578000732227
695,9.027578000732227
696,9.027578000732227
697,9.027578000732227
698,9.027578000732227
699,9.027578000732227
700,9.027578000732227
701,9.027578000732227
702,9.027578000732227
703,9.027578000732227
704,9.027578000732227
705,9.027578000732227
706,9.027578000732227
707,9.027578000732227
708,9.027578000732227
709,9.027578000732227
710,9.027578000732227
711,9.027578000732227
712,9.027578000732227
713,9.027578000732227
714,9.027578000732227
715,9.027578000732227
716,9.027578000732227
717,9.027578000732227
718,9.027578000732227
719,9.027578000732227
720,9.027578000732227
721,9.027578000732227
722,9.027578000732227
723,9.027578000732227
724,9.027578000732227
725,9.027578000732227
726,9.027578000732227
727,9.027578000732227
728,9.027578000732227
729,9.027578000732227
730,9.027578000732227
731,9.027578000732227
732,9.027578000732227
733,9.027578000732227
734,9.027578000732227
735,9.027578000732227
736,9.027578000732227
737,9.027578000732227
738,9.027578000732227
739,9.027578000732227
740,9.027578000732227
741,9.027578000732227
742,9.027578000732227
743,9.027578000732227
744,9.027578000732227
745,9.027578000732227
746,9.027578000732227
747,9.027578000732227
748,9.027578000732227
749,9.027578000732227
750,9.027578000732227
751,9.027578000732227
752,9.027578000732227
753,9.027578000732227
754,9.027578000732227
755,9.027578000732227
756,9.027578000732227
757,9.027578000732227
758,9.027578000732227
759,9.027578000732227
760,9.027578000732227
761,9.027578000732227
762,9.027578000732227
763,9.027578000732227
764,9.027578000732227
765,9.027578000732227
766,9.027578000732227
767,9.027578000732227
768,9.027578000732227
769,9.027578000732227
770,9.027578000732227
771,9.027578000732227
772,9.027578000732227
773,9.027578000732227
774,9.027578000732227
775,9.027578000732227
776,9.027578000732227
777,9.027578000732227
778,9.027578000732227
779,9.027578000732227
780,9.027578000732227
781,9.027578000732227
782,9.027578000732227
783,9.027578000732227
784,9.027578000732227
785,9.027578000732227
786,9.027578000732227
787,9.027578000732227
788,9.027578000732227
789,9.027578000732227
790,9.027578000732227
791,9.027578000732227
792,9.027578000732227
793,9.027578000732227
794,9.027578000732227
795,9.027578000732227
796,9.027578000732227
797,9.027578000732227
798,9.027578000732227
799,9.027578000732227
800,9.027578000732227
801,9.027578000732227
802,9.027578000732227
803,9.027578000732227
804,9.027578000732227
805,9.027578000732227
806,9.027578000732227
807,9.027578000732227
808,9.027578000732227
809,9.027578000732227
810,9.027578000732227
811,9.027578000732227
812,9.027578000732227
813,9.027578000732227
814,9.027578000732227
815,9.027578000732227
816,9.027578000732227
817,9.027578000732227
818,9.027578000732227
819,9.027578000732227
820,9.027578000732227
821,9.027578000732227
822,9.027578000732227
823,9.027578000732227
824,9.027578000732227
825,9.027578000732227
826,9.027578000732227
827,9.027578000732227
828,9.027578000732227
829,9.027578000732227
830,9.027578000732227
831,9.027578000732227
832,9.027578000732227
833,9.027578000732227
834,9.027578000732227
835,9.027578000732227
836,9.027578000732227
837,9.027578000732227
838,9.027578000732227
839,9.027578000732227
840,9.027578000732227
841,9.027578000732227
842,9.027578000732227
843,9.027578000732227
844,9.027578000732227
845,9.027578000732227
846,9.027578000732227
847,9.027578000732227
848,9.027578000732227
849,9.027578000732227
850,9.027578000732227
851,9.027578000732227
852,9.027578000732227
853,9.027578000732227
854,9.027578000732227
855,9.027578000732227
856,9.027578000732227
857,9.027578000732227
858,9.027578000732227
859,9.027578000732227
860,9.027578000732227
861,9.027578000732227
862,9.027578000732227
863,9.027578000732227
864,9.027578000732227
865,9.027578000732227
866,9.027578000732227
867,9.027578000732227
868,9.027578000732227
869,9.027578000732227
870,9.027578000732227
871,9.027578000732227
872,9.027578000732227
873,9.027578000732227
874,9.027578000732227
875,9.027578000732227
876,9.027578000732227
877,9.027578000732227
878,9.027578000732227
879,9.027578000732227
880,9.027578000732227
881,9.027578000732227
882,9.027578000732227
883,9.027578000732227
884,9.027578000732227
885,9.027578000732227
886,9.027578000732227
887,9.027578000732227
888,9.027578000732227
889,9.027578000732227
890,9.027578000732227
891,9.027578000732227
892,9.027578000732227
893,9.027578000732227
894,9.027578000732227
895,9.027578000732227
896,9.027578000732227
897,9.027578000732227
898,9.027578000732227
899,9.027578000732227
900,9.027578000732227
901,9.027578000732227
902,9.027578000732227
903,9.027578000732227
904,9.027578000732227
905,9.027578000732227
906,9.027578000732227
907,9.027578000732227
908,9.027578000732227
909,9.027578000732227
910,9.027578000732227
911,9.027578000732227
912,9.027578000732227
913,9.027578000732227
914,9.027578000732227
915,9.027578000732227
916,9.027578000732227
917,9.027578000732227
918,9.027578000732227
919,9.027578000732227
920,9.027578000732227
921,9.027578000732227
922,9.027578000732227
923,9.027578000732227
924,9.027578000732227
925,9.027578000732227
926,9.027578000732227
927,9.027578000732227
928,9.027578000732227
929,9.027578000732227
930,9.027578000732227
931,9.027578000732227
932,9.027578000732227
933,9.027578000732227
934,9.027578000732227
935,9.027578000732227
936,9.027578000732227
937,9.027578000732227
938,9.027578000732227
939,9.027578000732227
940,9.027578000732227
941,9.027578000732227
942,9.027578000732227
943,9.027578000732227
944,9.027578000732227
945,9.027578000732227
946,9.027578000732227
947,9.027578000732227
948,9.027578000732227
949,9.027578000732227
950,9.027578000732227
951,9.027578000732227
952,9.027578000732227
953,9.027578000732227
954,9.027578000732227
955,9.027578000732227
956,9.027578000732227
957,9.027578000732227
958,9.027578000732227
959,9.027578000732227
960,9.027578000732227
961,9.027578000732227
962,9.027578000732227
963,9.027578000732227
964,9.027578000732227
965,9.027578000732227
966,9.027578000732227
967,9.027578000732227
968,9.027578000732227
969,9.027578000732227
970,9.027578000732227
971,9.027578000732227
972,9.027578000732227
973,9.027578000732227
974,9.027578000732227
975,9.027578000732227
976,9.027578000732227
977,9.027578000732227
978,9.027578000732227
979,9.027578000732227
980,9.027578000732227
981,9.027578000732227
982,8.890754843385718
983,8.890754843385718
984,8.890754843385718
985,8.890754843385718
986,8.890754843385718
987,8.890754843385718
988,8.890754843385718
989,8.890754843385718
990,8.890754843385718
991,8.890754843385718
992,8.890754843385718
993,8.890754843385718
994,8.890754843385718
995,8.890754843385718
996,8.890754843385718
997,8.890754843385718
998,8.890754843385718
999,8.890754843385718
1000,8.890754843385718
1001,8.890754843385718
1002,8.890754843385718
1003,8.890754843385718
1004,8.890754843385718
1005,8.890754843385718
1006,8.890754843385718
1007,8.890754843385718
1008,8.890754843385718
1009,8.890754843385718
1010,8.890754843385718
1011,8.890754843385718
1012,8.890754843385718
1013,8.890754843385718
1014,8.890754843385718
1015,8.890754843385718
1016,8.890754843385718
1017,8.614342513024464
1018,8.614342513024464
1019,8.614342513024464
1020,8.614342513024464
1021,8.614342513024464
1022,8.614342513024464
1023,8.614342513024464
1024,8.614342513024464
1025,8.614342513024464
1026,8.614342513024464
1027,8.614342513024464
1028,8.614342513024464
1029,8.614342513024464
1030,8.614342513024464
1031,8.614342513024464
1032,8.614342513024464
1033,8.614342513024464
1034,8.614342513024464
1035,8.614342513024464
1036,8.614342513024464
1037,8.614342513024464
1038,8.614342513024464
1039,8.614342513024464
1040,8.614342513024464
1041,8.614342513024464
1042,8.614342513024464
1043,8.614342513024464
1044,8.614342513024464
1045,8.614342513024464
1046,8.614342513024464
1047,8.614342513024464
1048,8.614342513024464
1049,8.614342513024464
1050,8.614342513024464
1051,8.614342513024464
1052,8.614342513024464
1053,8.614342513024464
1054,8.614342513024464
1055,8.614342513024464
1056,8.614342513024464
1057,8.614342513024464
1058,8.614342513024464
1059,8.614342513024464
1060,8.614342513024464
1061,8.614342513024464
1062,8.614342513024464
1063,8.614342513024464
1064,8.614342513024464
1065,8.614342513024464
1066,8.614342513024464
1067,8.614342513024464
1068,8.614342513024464
1069,8.614342513024464
1070,8.614342513024464
1071,8.614342513024464
1072,8.614342513024464
1073,8.614342513024464
1074,8.614342513024464
1075,8.614342513024464
1076,8.614342513024464
1077,8.614342513024464
1078,8.614342513024464
1079,8.614342513024464
1080,8.614342513024464
1081,8.614342513024464
1082,8.614342513024464
1083,8.614342513024464
1084,8.614342513024464
1085,8.614342513024464
1086,8.614342513024464
1087,8.614342513024464
1088,8.614342513024464
1089,8.614342513024464
1090,8.614342513024464
1091,8.614342513024464
1092,8.614342513024464
1093,8.614342513024464
1094,8.614342513024464
1095,8.614342513024464
1096,8.614342513024464
1097,8.614342513024464
1098,8.614342513024464
1099,8.614342513024464
1100,8.614342513024464
1101,8.614342513024464
1102,8.614342513024464
1103,8.614342513024464
1104,8.614342513024464
1105,8.614342513024464
1106,8.614342513024464
1107,8.614342513024464
1108,8.614342513024464
1109,8.614342513024464
1110,8.614342513024464
1111,8.614342513024464
1112,8.614342513024464
1113,8.614342513024464
1114,8.614342513024464
1115,8.614342513024464
1116,8.614342513024464
1117,8.614342513024464
1118,8.614342513024464
1119,8.614342513024464
1120,8.614342513024464
1121,8.614342513024464
1122,8.614342513024464
1123,8.614342513024464
1124,8.614342513024464
1125,8.614342513024464
1126,8.614342513024464
1127,8.614342513024464
1128,8.614342513024464
1129,8.614342513024464
1130,8.614342513024464
1131,8.614342513024464
1132,8.614342513024464
1133,8.614342513024464
1134,8.614342513024464
1135,8.614342513024464
1136,8.614342513024464
1137,8.614342513024464
1138,8.614342513024464
1139,8.614342513024464
1140,8.614342513024464
1141,8.614342513024464
1142,8.614342513024464
1143,8.614342513024464
1144,8.614342513024464
1145,8.614342513024464
1146,8.614342513024464
1147,8.614342513024464
1148,8.614342513024464
1149,8.614342513024464
1150,8.614342513024464
1151,8.614342513024464
1152,8.614342513024464
1153,8.614342513024464
1154,8.614342513024464
1155,8.614342513024464
1156,8.614342513024464
1157,8.614342513024464
1158,8.614342513024464
1159,8.614342513024464
1160,8.614342513024464
1161,8.614342513024464
1162,8.614342513024464
1163,8.614342513024464
1164,8.614342513024464
1165,8.614342513024464
1166,8.614342513024464
1167,8.614342513024464
1168,8.614342513024464
1169,8.614342513024464
1170,8.614342513024464
1171,8.614342513024464
1172,8.614342513024464
1173,8.614342513024464
1174,8.614342513024464
1175,8.614342513024464
1176,8.614342513024464
1177,8.614342513024464
1178,8.614342513024464
1179,8.614342513024464
1180,8.614342513024464
1181,8.614342513024464
1182,8.614342513024464
1183,8.614342513024464
1184,8.614342513024464
1185,8.614342513024464
1186,8.614342513024464
1187,8.614342513024464
1188,8.614342513024464
1189,8.614342513024464
1190,8.614342513024464
1191,8.614342513024464
1192,8.614342513024464
1193,8.614342513024464
1194,8.614342513024464
1195,8.614342513024464
1196,8.614342513024464
1197,8.614342513024464
1198,8.614342513024464
1199,8.614342513024464
1200,8.614342513024464
1201,8.614342513024464
1202,8.614342513024464
1203,8.614342513024464
1204,8.614342513024464
1205,8.614342513024464
1206,8.614342513024464
1207,8.614342513024464
1208,8.614342513024464
1209,8.614342513024464
1210,8.614342513024464
1211,8.614342513024464
1212,8.614342513024464
1213,8.614342513024464
1214,8.614342513024464
1215,8.614342513024464
1216,8.614342513024464
1217,8.614342513024464
1218,8.614342513024464
1219,8.614342513024464
1220,8.614342513024464
1221,8.614342513024464
1222,8.614342513024464
1223,8.614342513024464
1224,8.614342513024464
1225,8.614342513024464
1226,8.614342513024464
1227,8.614342513024464
1228,8.614342513024464
1229,8.614342513024464
1230,8.614342513024464
1231,8.614342513024464
1232,8.614342513024464
1233,8.614342513024464
1234,8.614342513024464
1235,8.614342513024464
1236,8.614342513024464
1237,8.614342513024464
1238,8.614342513024464
1239,8.614342513024464
1240,8.614342513024464
1241,8.614342513024464
1242,8.614342513024464
1243,8.614342513024464
1244,8.614342513024464
1245,8.614342513024464
1246,8.614342513024464
1247,8.614342513024464
1248,8.614342513024464
1249,8.614342513024464
1250,8.614342513024464
1251,8.614342513024464
1252,8.614342513024464
1253,8.614342513024464
1254,8.614342513024464
1255,8.614342513024464
1256,8.614342513024464
1257,8.614342513024464
1258,8.614342513024464
1259,8.614342513024464
1260,8.614342513024464
1261,8.614342513024464
1262,8.614342513024464
1263,8.614342513024464
1264,8.614342513024464
1265,8.614342513024464
1266,8.614342513024464
1267,8.614342513024464
1268,8.614342513024464
1269,8.614342513024464
1270,8.614342513024464
1271,8.614342513024464
1272,8.614342513024464
1273,8.614342513024464
1274,8.614342513024464
1275,8.614342513024464
1276,8.614342513024464
1277,8.614342513024464
1278,8.614342513024464
1279,8.614342513024464
1280,8.614342513024464
1281,8.614342513024464
1282,8.614342513024464
1283,8.614342513024464
1284,8.614342513024464
1285,8.614342513024464
1286,8.614342513024464
1287,8.614342513024464
1288,8.614342513024464
1289,8.614342513024464
1290,8.614342513024464
1291,8.614342513024464
1292,8.614342513024464
1293,8.614342513024464
1294,8.614342513024464
1295,8.614342513024464
1296,8.614342513024464
1297,8.614342513024464
1298,8.614342513024464
1299,8.614342513024464
1300,8.614342513024464
1301,8.614342513024464
1302,8.614342513024464
1303,8.614342513024464
1304,8.614342513024464
1305,8.614342513024464
1306,8.614342513024464
1307,8.614342513024464
1308,8.614342513024464
1309,8.614342513024464
1310,8.614342513024464
1311,8.614342513024464
1312,8.614342513024464
1313,8.614342513024464
1314,8.614342513024464
1315,8.614342513024464
1316,8.614342513024464
1317,8.614342513024464
1318,8.614342513024464
1319,8.614342513024464
1320,8.614342513024464
1321,8.614342513024464
1322,8.614342513024464
1323,8.614342513024464
1324,8.614342513024464
1325,8.614342513024464
1326,8.614342513024464
1327,8.614342513024464
1328,8.614342513024464
1329,8.614342513024464
1330,8.614342513024464
1331,8.614342513024464
1332,8.614342513024464
1333,8.614342513024464
1334,8.614342513024464
1335,8.614342513024464
1336,8.614342513024464
1337,8.614342513024464
1338,8.614342513024464
1339,8.614342513024464
1340,8.614342513024464
1341,8.614342513024464
1342,8.614342513024464
1343,8.614342513024464
1344,8.614342513024464
1345,8.614342513024464
1346,8.614342513024464
1347,8.614342513024464
1348,8.614342513024464
1349,8.614342513024464
1350,8.614342513024464
1351,8.614342513024464
1352,8.614342513024464
1353,8.614342513024464
1354,8.614342513024464
1355,8.614342513024464
1356,8.614342513024464
1357,8.614342513024464
1358,8.614342513024464
1359,8.614342513024464
1360,8.614342513024464
1361,8.614342513024464
1362,8.614342513024464
1363,8.614342513024464
1364,8.614342513024464
1365,8.614342513024464
1366,8.614342513024464
1367,8.614342513024464
1368,8.614342513024464
1369,8.614342513024464
1370,8.614342513024464
1371,8.614342513024464
1372,8.614342513024464
1373,8.614342513024464
1374,8.614342513024464
1375,8.614342513024464
1376,8.614342513024464
1377,8.614342513024464
1378,8.614342513024464
1379,8.614342513024464
1380,8.614342513024464
1381,8.614342513024464
1382,8.614342513024464
1383,8.614342513024464
1384,8.614342513024464
1385,8.614342513024464
1386,8.614342513024464
1387,8.614342513024464
1388,8.614342513024464
1389,8.614342513024464
1390,8.614342513024464
1391,8.614342513024464
1392,8.614342513024464
1393,8.614342513024464
1394,8.614342513024464
1395,8.614342513024464
1396,8.614342513024464
1397,8.614342513024464
1398,8.614342513024464
1399,8.614342513024464
1400,8.614342513024464
1401,8.614342513024464
1402,8.614342513024464
1403,8.614342513024464
1404,8.614342513024464
1405,8.614342513024464
1406,8.614342513024464
1407,8.614342513024464
1408,8.614342513024464
1409,8.614342513024464
1410,8.614342513024464
1411,8.614342513024464
1412,8.614342513024464
1413,8.614342513024464
1414,8.614342513024464
1415,8.614342513024464
1416,8.614342513024464
1417,8.614342513024464
1418,8.614342513024464
1419,8.614342513024464
1420,8.614342513024464
1421,8.614342513024464
1422,8.614342513024464
1423,8.614342513024464
1424,8.614342513024464
1425,8.614342513024464
1426,8.614342513024464
1427,8.614342513024464
1428,8.614342513024464
1429,8.614342513024464
1430,8.614342513024464
1431,8.614342513024464
1432,8.614342513024464
1433,8.614342513024464
1434,8.614342513024464
1435,8.614342513024464
1436,8.614342513024464
1437,8.614342513024464
1438,8.614342513024464
1439,8.614342513024464
1440,8.614342513024464
1441,8.614342513024464
1442,8.614342513024464
1443,8.614342513024464
1444,8.614342513024464
1445,8.614342513024464
1446,8.614342513024464
1447,8.614342513024464
1448,8.614342513024464
1449,8.614342513024464
1450,8.614342513024464
1451,8.614342513024464
1452,8.614342513024464
1453,8.614342513024464
1454,8.614342513024464
1455,8.614342513024464
1456,8.614342513024464
1457,8.614342513024464
1458,8.614342513024464
1459,8.614342513024464
1460,8.614342513024464
1461,8.614342513024464
1462,8.614342513024464
1463,8.614342513024464
1464,8.614342513024464
1465,8.614342513024464
1466,8.614342513024464
1467,8.614342513024464
1468,8.614342513024464
1469,8.614342513024464
1470,8.614342513024464
1471,8.614342513024464
1472,8.614342513024464
1473,8.614342513024464
1474,8.614342513024464
1475,8.614342513024464
1476,8.614342513024464
1477,8.614342513024464
1478,8.614342513024464
1479,8.614342513024464
1480,8.614342513024464
1481,8.614342513024464
1482,8.614342513024464
1483,8.614342513024464
1484,8.614342513024464
1485,8.614342513024464
1486,8.614342513024464
1487,8.614342513024464
1488,8.614342513024464
1489,8.614342513024464
1490,8.614342513024464
1491,8.614342513024464
1492,8.614342513024464
1493,8.614342513024464
1494,8.614342513024464
1495,8.614342513024464
1496,8.614342513024464
1497,8.614342513024464
1498,8.614342513024464
1499,8.614342513024464
1500,8.614342513024464
1501,8.614342513024464
1502,8.614342513024464
1503,8.614342513024464
1504,8.614342513024464
1505,8.614342513024464
1506,8.614342513024464
1507,8.614342513024464
1508,8.614342513024464
1509,8.614342513024464
1510,8.614342513024464
1511,8.614342513024464
1512,8.614342513024464
1513,8.614342513024464
1514,8.614342513024464
1515,8.614342513024464
1516,8.614342513024464
1517,8.614342513024464
1518,8.614342513024464
1519,8.614342513024464
1520,8.614342513024464
1521,8.614342513024464
1522,8.614342513024464
1523,8.614342513024464
1524,8.614342513024464
1525,8.614342513024464
1526,8.614342513024464
1527,8.614342513024464
1528,8.614342513024464
1529,8.614342513024464
1530,8.614342513024464
1531,8.614342513024464
1532,8.614342513024464
1533,8.614342513024464
1534,8.614342513024464
1535,8.614342513024464
1536,8.614342513024464
1537,8.614342513024464
1538,8.614342513024464
1539,8.614342513024464
1540,8.614342513024464
1541,8.614342513024464
1542,8.614342513024464
1543,8.614342513024464
1544,8.614342513024464
1545,8.614342513024464
1546,8.614342513024464
1547,8.614342513024464
1548,8.614342513024464
1549,8.614342513024464
1550,8.614342513024464
1551,8.614342513024464
1552,8.614342513024464
1553,8.614342513024464
1554,8.614342513024464
1555,8.614342513024464
1556,8.614342513024464
1557,8.614342513024464
1558,8.614342513024464
1559,8.614342513024464
1560,8.614342513024464
1561,8.614342513024464
1562,8.614342513024464
1563,8.614342513024464
1564,8.614342513024464
1565,8.614342513024464
1566,8.614342513024464
1567,8.614342513024464
1568,8.614342513024464
1569,8.614342513024464
1570,8.614342513024464
1571,8.614342513024464
1572,8.614342513024464
1573,8.614342513024464
1574,8.614342513024464
1575,8.614342513024464
1576,8.614342513024464
1577,8.614342513024464
1578,8.614342513024464
1579,8.614342513024464
1580,8.614342513024464
1581,8.614342513024464
1582,8.614342513024464
1583,8.614342513024464
1584,8.614342513024464
1585,8.614342513024464
1586,8.614342513024464
1587,8.614342513024464
1588,8.614342513024464
1589,8.614342513024464
1590,8.614342513024464
1591,8.614342513024464
1592,8.614342513024464
1593,8.614342513024464
1594,8.614342513024464
1595,8.614342513024464
1596,8.614342513024464
1597,8.614342513024464
1598,8.614342513024464
1599,8.614342513024464
1600,8.614342513024464
1601,8.614342513024464
1602,8.614342513024464
1603,8.614342513024464
1604,8.614342513024464
1605,8.614342513024464
1606,8.614342513024464
1607,8.614342513024464
1608,8.614342513024464
1609,8.614342513024464
1610,8.614342513024464
1611,8.614342513024464
1612,8.614342513024464
1613,8.614342513024464
1614,8.614342513024464
1615,8.614342513024464
1616,8.614342513024464
1617,8.614342513024464
1618,8.614342513024464
1619,8.614342513024464
1620,8.614342513024464
1621,8.614342513024464
1622,8.614342513024464
1623,8.614342513024464
1624,8.614342513024464
1625,8.614342513024464
1626,8.614342513024464
1627,8.614342513024464
1628,8.614342513024464
1629,8.614342513024464
1630,8.614342513024464
1631,8.614342513024464
1632,8.614342513024464
1633,8.614342513024464
1634,8.614342513024464
1635,8.614342513024464
1636,8.614342513024464
1637,8.614342513024464
1638,8.614342513024464
1639,8.614342513024464
1640,8.614342513024464
1641,8.614342513024464
1642,8.614342513024464
1643,8.614342513024464
1644,8.614342513024464
1645,8.614342513024464
1646,8.614342513024464
1647,8.614342513024464
1648,8.614342513024464
1649,8.614342513024464
1650,8.614342513024464
1651,8.614342513024464
1652,8.614342513024464
1653,8.614342513024464
1654,8.614342513024464
1655,8.614342513024464
1656,8.614342513024464
1657,8.614342513024464
1658,8.614342513024464
1659,8.614342513024464
1660,8.614342513024464
1661,8.614342513024464
1662,8.614342513024464
1663,8.614342513024464
1664,8.614342513024464
1665,8.614342513024464
1666,8.614342513024464
1667,8.614342513024464
1668,8.614342513024464
1669,8.614342513024464
1670,8.614342513024464
1671,8.614342513024464
1672,8.614342513024464
1673,8.614342513024464
1674,8.614342513024464
1675,8.614342513024464
1676,8.614342513024464
1677,8.614342513024464
1678,8.614342513024464
1679,8.614342513024464
1680,8.614342513024464
1681,8.614342513024464
1682,8.614342513024464
1683,8.614342513024464
1684,8.614342513024464
1685,8.614342513024464
1686,8.614342513024464
1687,8.614342513024464
1688,8.614342513024464
1689,8.614342513024464
1690,8.614342513024464
1691,8.614342513024464
1692,8.614342513024464
1693,8.614342513024464
1694,8.614342513024464
1695,8.614342513024464
1696,8.614342513024464
1697,8.614342513024464
1698,8.614342513024464
1699,8.614342513024464
1700,8.614342513024464
1701,8.614342513024464
1702,8.614342513024464
1703,8.614342513024464
1704,8.614342513024464
1705,8.614342513024464
1706,8.614342513024464
1707,8.614342513024464
1708,8.614342513024464
1709,8.614342513024464
1710,8.614342513024464
1711,8.614342513024464
1712,8.614342513024464
1713,8.614342513024464
1714,8.614342513024464
1715,8.614342513024464
1716,8.614342513024464
1717,8.614342513024464
1718,8.614342513024464
1719,8.614342513024464
1720,8.614342513024464
1721,8.614342513024464
1722,8.614342513024464
1723,8.614342513024464
1724,8.614342513024464
1725,8.614342513024464
1726,8.614342513024464
1727,8.614342513024464
1728,8.614342513024464
1729,8.614342513024464
1730,8.614342513024464
1731,8.614342513024464
1732,8.614342513024464
1733,8.614342513024464
1734,8.614342513024464
1735,8.614342513024464
1736,8.614342513024464
1737,8.614342513024464
1738,8.614342513024464
1739,8.614342513024464
1740,8.614342513024464
1741,8.614342513024464
1742,8.614342513024464
1743,8.614342513024464
1744,8.614342513024464
1745,8.614342513024464
1746,8.614342513024464
1747,8.614342513024464
1748,8.614342513024464
1749,8.614342513024464
1750,8.614342513024464
1751,8.614342513024464
1752,8.614342513024464
1753,8.614342513024464
1754,8.614342513024464
1755,8.614342513024464
1756,8.614342513024464
1757,8.614342513024464
1758,8.614342513024464
1759,8.614342513024464
1760,8.614342513024464
1761,8.614342513024464
1762,8.614342513024464
1763,8.614342513024464
1764,8.614342513024464
1765,8.614342513024464
1766,8.614342513024464
1767,8.614342513024464
1768,8.614342513024464
1769,8.614342513024464
1770,8.614342513024464
1771,8.614342513024464
1772,8.614342513024464
1773,8.614342513024464
1774,8.614342513024464
1775,8.614342513024464
1776,8.614342513024464
1777,8.614342513024464
1778,8.614342513024464
1779,8.614342513024464
1780,8.614342513024464
1781,8.614342513024464
1782,8.614342513024464
1783,8.614342513024464
1784,8.614342513024464
1785,8.614342513024464
1786,8.614342513024464
1787,8.614342513024464
1788,8.614342513024464
1789,8.614342513024464
1790,8.614342513024464
1791,8.614342513024464
1792,8.614342513024464
1793,8.614342513024464
1794,8.614342513024464
1795,8.614342513024464
1796,8.614342513024464
1797,8.614342513024464
1798,8.614342513024464
1799,8.614342513024464
1800,8.614342513024464
1801,8.614342513024464
1802,8.614342513024464
1803,8.614342513024464
1804,8.614342513024464
1805,8.614342513024464
1806,8.614342513024464
1807,8.614342513024464
1808,8.614342513024464
1809,8.614342513024464
1810,8.614342513024464
1811,8.614342513024464
1812,8.614342513024464
1813,8.614342513024464
1814,8.614342513024464
1815,8.614342513024464
1816,8.614342513024464
1817,8.614342513024464
1818,8.614342513024464
1819,8.614342513024464
1820,8.614342513024464
1821,8.614342513024464
1822,8.614342513024464
1823,8.614342513024464
1824,8.614342513024464
1825,8.614342513024464
1826,8.614342513024464
1827,8.614342513024464
1828,8.614342513024464
1829,8.614342513024464
1830,8.614342513024464
1831,8.614342513024464
1832,8.614342513024464
1833,8.614342513024464
1834,8.614342513024464
1835,8.614342513024464
1836,8.614342513024464
1837,8.614342513024464
1838,8.614342513024464
1839,8.614342513024464
1840,8.614342513024464
1841,8.614342513024464
1842,8.614342513024464
1843,8.614342513024464
1844,8.614342513024464
1845,8.614342513024464
1846,8.614342513024464
1847,8.614342513024464
1848,8.614342513024464
1849,8.614342513024464
1850,8.614342513024464
1851,8.614342513024464
1852,8.614342513024464
1853,8.614342513024464
1854,8.614342513024464
1855,8.614342513024464
1856,8.614342513024464
1857,8.614342513024464
1858,8.614342513024464
1859,8.614342513024464
1860,8.614342513024464
1861,8.614342513024464
1862,8.614342513024464
1863,8.614342513024464
1864,8.614342513024464
1865,8.614342513024464
1866,8.614342513024464
1867,8.614342513024464
1868,8.614342513024464
1869,8.614342513024464
1870,8.614342513024464
1871,8.614342513024464
1872,8.614342513024464
1873,8.614342513024464
1874,8.614342513024464
1875,8.614342513024464
1876,8.614342513024464
1877,8.614342513024464
1878,8.614342513024464
1879,8.614342513024464
1880,8.614342513024464
1881,8.614342513024464
1882,8.614342513024464
1883,8.614342513024464
1884,8.614342513024464
1885,8.614342513024464
1886,8.614342513024464
1887,8.614342513024464
1888,8.614342513024464
1889,8.614342513024464
1890,8.614342513024464
1891,8.614342513024464
1892,8.614342513024464
1893,8.614342513024464
1894,8.614342513024464
1895,8.614342513024464
1896,8.614342513024464
1897,8.614342513024464
1898,8.614342513024464
1899,8.614342513024464
1900,8.614342513024464
1901,8.614342513024464
1902,8.614342513024464
1903,8.614342513024464
1904,8.614342513024464
1905,8.614342513024464
1906,8.614342513024464
1907,8.614342513024464
1908,8.614342513024464
1909,8.614342513024464
1910,8.614342513024464
1911,8.614342513024464
1912,8.614342513024464
1913,8.614342513024464
1914,8.614342513024464
1915,8.614342513024464
1916,8.614342513024464
1917,8.614342513024464
1918,8.614342513024464
1919,8.614342513024464
1920,8.614342513024464
1921,8.614342513024464
1922,8.614342513024464
1923,8.614342513024464
1924,8.614342513024464
1925,8.614342513024464
1926,8.614342513024464
1927,8.614342513024464
1928,8.614342513024464
1929,8.614342513024464
1930,8.614342513024464
1931,8.614342513024464
1932,8.614342513024464
1933,8.614342513024464
1934,8.614342513024464
1935,8.614342513024464
1936,8.614342513024464
1937,8.614342513024464
1938,8.614342513024464
1939,8.614342513024464
1940,8.614342513024464
1941,8.614342513024464
1942,8.614342513024464
1943,8.614342513024464
1944,8.614342513024464
1945,8.614342513024464
1946,8.614342513024464
1947,8.614342513024464
1948,8.614342513024464
1949,8.614342513024464
1950,8.614342513024464
1951,8.614342513024464
1952,8.614342513024464
1953,8.614342513024464
1954,8.614342513024464
1955,8.614342513024464
1956,8.614342513024464
1957,8.614342513024464
1958,8.614342513024464
1959,8.614342513024464
1960,8.614342513024464
1961,8.614342513024464
1962,8.614342513024464
1963,8.614342513024464
1964,8.614342513024464
1965,8.614342513024464
1966,8.614342513024464
1967,8.614342513024464
1968,8.614342513024464
1969,8.614342513024464
1970,8.614342513024464
1971,8.614342513024464
1972,8.614342513024464
1973,8.614342513024464
1974,8.614342513024464
1975,8.614342513024464
1976,8.614342513024464
1977,8.614342513024464
1978,8.614342513024464
1979,8.614342513024464
1980,8.614342513024464
1981,8.614342513024464
1982,8.614342513024464
1983,8.614342513024464
1984,8.614342513024464
1985,8.614342513024464
1986,8.614342513024464
1987,8.614342513024464
1988,8.614342513024464
1989,8.614342513024464
1990,8.614342513024464
1991,8.614342513024464
1992,8.614342513024464
1993,8.614342513024464
1994,8.614342513024464
1995,8.614342513024464
1996,8.614342513024464
1997,8.614342513024464
1998,8.614342513024464
1999,8.614342513024464
2000,8.614342513024464
2001,8.614342513024464
2002,8.614342513024464
2003,8.614342513024464
2004,8.614342513024464
2005,8.614342513024464
2006,8.614342513024464
2007,8.614342513024464
2008,8.614342513024464
2009,8.614342513024464
2010,8.614342513024464
2011,8.614342513024464
2012,8.614342513024464
2013,8.614342513024464
2014,8.614342513024464
2015,8.614342513024464
2016,8.614342513024464
2017,8.614342513024464
2018,8.614342513024464
2019,8.614342513024464
2020,8.614342513024464
2021,8.614342513024464
2022,8.614342513024464
2023,8.614342513024464
2024,8.614342513024464
2025,8.614342513024464
2026,8.614342513024464
2027,8.614342513024464
2028,8.614342513024464
2029,8.614342513024464
2030,8.614342513024464
2031,8.614342513024464
2032,8.614342513024464
2033,8.614342513024464
2034,8.614342513024464
2035,8.614342513024464
2036,8.614342513024464
2037,8.614342513024464
2038,8.614342513024464
2039,8.614342513024464
2040,8.614342513024464
2041,8.614342513024464
2042,8.614342513024464
2043,8.614342513024464
2044,8.614342513024464
2045,8.614342513024464
2046,8.614342513024464
2047,8.614342513024464
2048,8.614342513024464
2049,8.614342513024464
2050,8.614342513024464
2051,8.614342513024464
2052,8.614342513024464
2053,8.614342513024464
2054,8.614342513024464
2055,8.614342513024464
2056,8.614342513024464
2057,8.614342513024464
2058,8.614342513024464
2059,8.614342513024464
2060,8.614342513024464
2061,8.614342513024464
2062,8.614342513024464
2063,8.614342513024464
2064,8.614342513024464
2065,8.614342513024464
2066,8.614342513024464
2067,8.614342513024464
2068,8.614342513024464
2069,8.614342513024464
2070,8.614342513024464
2071,8.614342513024464
2072,8.614342513024464
2073,8.614342513024464
2074,8.614342513024464
2075,8.614342513024464
2076,8.614342513024464
2077,8.614342513024464
2078,8.614342513024464
2079,8.614342513024464
2080,8.614342513024464
2081,8.614342513024464
2082,8.614342513024464
2083,8.614342513024464
2084,8.614342513024464
2085,8.614342513024464
2086,8.614342513024464
2087,8.614342513024464
2088,8.614342513024464
2089,8.614342513024464
2090,8.614342513024464
2091,8.614342513024464
2092,8.614342513024464
2093,8.614342513024464
2094,8.614342513024464
2095,8.614342513024464
2096,8.614342513024464
2097,8.614342513024464
2098,8.614342513024464
2099,8.614342513024464
2100,8.614342513024464
2101,8.614342513024464
2102,8.614342513024464
2103,8.614342513024464
2104,8.614342513024464
2105,8.614342513024464
2106,8.614342513024464
2107,8.614342513024464
2108,8.614342513024464
2109,8.614342513024464
2110,8.614342513024464
2111,8.614342513024464
2112,8.614342513024464
2113,8.614342513024464
2114,8.614342513024464
2115,8.614342513024464
2116,8.614342513024464
2117,8.614342513024464
2118,8.614342513024464
2119,8.614342513024464
2120,8.614342513024464
2121,8.614342513024464
2122,8.614342513024464
2123,8.614342513024464
2124,8.614342513024464
2125,8.614342513024464
2126,8.614342513024464
2127,8.614342513024464
2128,8.614342513024464
2129,8.614342513024464
2130,8.614342513024464
2131,8.614342513024464
2132,8.614342513024464
2133,8.614342513024464
2134,8.614342513024464
2135,8.614342513024464
2136,8.614342513024464
2137,8.614342513024464
2138,8.614342513024464
2139,8.614342513024464
2140,8.614342513024464
2141,8.614342513024464
2142,8.614342513024464
2143,8.614342513024464
2144,8.614342513024464
2145,8.614342513024464
2146,8.614342513024464
2147,8.614342513024464
2148,8.614342513024464
2149,8.614342513024464
2150,8.614342513024464
2151,8.614342513024464
2152,8.614342513024464
2153,8.614342513024464
2154,8.614342513024464
2155,8.614342513024464
2156,8.614342513024464
2157,8.614342513024464
2158,8.614342513024464
2159,8.614342513024464
2160,8.614342513024464
2161,8.614342513024464
2162,8.614342513024464
2163,8.614342513024464
2164,8.614342513024464
2165,8.614342513024464
2166,8.614342513024464
2167,8.614342513024464
2168,8.614342513024464
2169,8.614342513024464
2170,8.614342513024464
2171,8.614342513024464
2172,8.614342513024464
2173,8.614342513024464
2174,8.614342513024464
2175,8.614342513024464
2176,8.614342513024464
2177,8.614342513024464
2178,8.614342513024464
2179,8.614342513024464
2180,8.614342513024464
2181,8.614342513024464
2182,8.614342513024464
2183,8.614342513024464
2184,8.614342513024464
2185,8.614342513024464
2186,8.614342513024464
2187,8.614342513024464
2188,8.614342513024464
2189,8.614342513024464
2190,8.614342513024464
2191,8.614342513024464
2192,8.614342513024464
2193,8.614342513024464
2194,8.614342513024464
2195,8.614342513024464
2196,8.614342513024464
2197,8.614342513024464
2198,8.614342513024464
2199,8.614342513024464
2200,8.614342513024464
2201,8.614342513024464
2202,8.614342513024464
2203,8.614342513024464
2204,8.614342513024464
2205,8.614342513024464
2206,8.614342513024464
2207,8.614342513024464
2208,8.614342513024464
2209,8.614342513024464
2210,8.614342513024464
2211,8.614342513024464
2212,8.614342513024464
2213,8.614342513024464
2214,8.614342513024464
2215,8.614342513024464
2216,8.614342513024464
2217,8.614342513024464
2218,8.614342513024464
2219,8.614342513024464
2220,8.614342513024464
2221,8.614342513024464
2222,8.614342513024464
2223,8.614342513024464
2224,8.614342513024464
2225,8.614342513024464
2226,8.614342513024464
2227,8.614342513024464
2228,8.614342513024464
2229,8.614342513024464
2230,8.614342513024464
2231,8.614342513024464
2232,8.614342513024464
2233,8.614342513024464
2234,8.614342513024464
2235,8.614342513024464
2236,8.614342513024464
2237,8.614342513024464
2238,8.22050068568062
2239,8.22050068568062
2240,8.22050068568062
2241,8.22050068568062
2242,8.22050068568062
2243,8.22050068568062
2244,8.22050068568062
2245,8.22050068568062
2246,8.22050068568062
2247,8.22050068568062
2248,8.22050068568062
2249,8.22050068568062
2250,8.22050068568062
2251,8.22050068568062
2252,8.22050068568062
2253,8.22050068568062
2254,8.22050068568062
2255,8.22050068568062
2256,8.22050068568062
2257,8.22050068568062
2258,8.22050068568062
2259,8.22050068568062
2260,8.22050068568062
2261,8.22050068568062
2262,8.22050068568062
2263,8.22050068568062
2264,8.22050068568062
2265,8.22050068568062
2266,8.22050068568062
2267,8.22050068568062
2268,7.7820829814897765
2269,7.7820829814897765
2270,7.7820829814897765
2271,7.7820829814897765
2272,7.7820829814897765
2273,7.7820829814897765
2274,7.7820829814897765
2275,7.7820829814897765
2276,7.7820829814897765
2277,7.7820829814897765
2278,7.7820829814897765
2279,7.7820829814897765
2280,7.7820829814897765
2281,7.7820829814897765
2282,7.7820829814897765
2283,7.7820829814897765
2284,7.7820829814897765
2285,7.7820829814897765
2286,7.7820829814897765
2287,7.7820829814897765
2288,7.7820829814897765
2289,7.7820829814897765
2290,7.7820829814897765
2291,7.7820829814897765
2292,7.7820829814897765
2293,7.7820829814897765
2294,7.7820829814897765
2295,7.7820829814897765
2296,7.7820829814897765
2297,7.7820829814897765
2298,7.7820829814897765
2299,7.7820829814897765
2300,7.7820829814897765
2301,7.7820829814897765
2302,7.7820829814897765
2303,7.7820829814897765
2304,7.7820829814897765
2305,7.7820829814897765
2306,7.7820829814897765
2307,7.7820829814897765
2308,7.7820829814897765
2309,7.7820829814897765
2310,7.7820829814897765
2311,7.7820829814897765
2312,7.7820829814897765
2313,7.7820829814897765
2314,7.7820829814897765
2315,7.7820829814897765
2316,7.7820829814897765
2317,7.7820829814897765
2318,7.7820829814897765
2319,7.7820829814897765
2320,7.7820829814897765
2321,7.7820829814897765
2322,7.7820829814897765
2323,7.7820829814897765
2324,7.7820829814897765
2325,7.7820829814897765
2326,7.7820829814897765
2327,7.7820829814897765
2328,7.7820829814897765
2329,7.7820829814897765
2330,7.7820829814897765
2331,7.7820829814897765
2332,7.7820829814897765
2333,7.7820829814897765
2334,7.7820829814897765
2335,7.7820829814897765
2336,7.7820829814897765
2337,7.7820829814897765
2338,7.7820829814897765
2339,7.7820829814897765
2340,7.7820829814897765
2341,7.7820829814897765
2342,7.7820829814897765
2343,7.7820829814897765
2344,7.7820829814897765
2345,7.7820829814897765
2346,7.7820829814897765
2347,7.7820829814897765
2348,7.7820829814897765
2349,7.7820829814897765
2350,7.7820829814897765
2351,7.7820829814897765
2352,7.7820829814897765
2353,7.7820829814897765
2354,7.7820829814897765
2355,7.7820829814897765
2356,7.7820829814897765
2357,7.7820829814897765
2358,7.7820829814897765
2359,7.7820829814897765
2360,7.7820829814897765
2361,7.7820829814897765
2362,7.7820829814897765
2363,7.7820829814897765
2364,7.7820829814897765
2365,7.7820829814897765
2366,7.7820829814897765
2367,7.7820829814897765
2368,7.7820829814897765
2369,7.7820829814897765
2370,7.7820829814897765
2371,7.7820829814897765
2372,7.7820829814897765
2373,7.7820829814897765
2374,7.7820829814897765
2375,7.7820829814897765
2376,7.7820829814897765
2377,7.7820829814897765
2378,7.7820829814897765
2379,7.7820829814897765
2380,7.7820829814897765
2381,7.7820829814897765
2382,7.7820829814897765
2383,7.7820829814897765
2384,7.7820829814897765
2385,7.7820829814897765
2386,7.7820829814897765
2387,7.7820829814897765
2388,7.7820829814897765
2389,7.7820829814897765
2390,7.7820829814897765
2391,7.7820829814897765
2392,7.7820829814897765
2393,7.7820829814897765
2394,7.7820829814897765
2395,7.7820829814897765
2396,7.7820829814897765
2397,7.7820829814897765
2398,7.7820829814897765
2399,7.7820829814897765
2400,7.7820829814897765
2401,7.7820829814897765
2402,7.7820829814897765
2403,7.7820829814897765
2404,7.7820829814897765
2405,7.7820829814897765
2406,7.7820829814897765
2407,7.7820829814897765
2408,7.7820829814897765
2409,7.7820829814897765
2410,7.7820829814897765
2411,7.7820829814897765
2412,7.7820829814897765
2413,7.7820829814897765
2414,7.7820829814897765
2415,7.7820829814897765
2416,7.7820829814897765
2417,7.7820829814897765
2418,7.7820829814897765
2419,7.7820829814897765
2420,7.7820829814897765
2421,7.7820829814897765
2422,7.7820829814897765
2423,7.7820829814897765
2424,7.7820829814897765
2425,7.7820829814897765
2426,7.7820829814897765
2427,7.7820829814897765
2428,7.7820829814897765
2429,7.7820829814897765
2430,7.7820829814897765
2431,7.7820829814897765
2432,7.7820829814897765
2433,7.7820829814897765
2434,7.7820829814897765
2435,7.7820829814897765
2436,7.7820829814897765
2437,7.7820829814897765
2438,7.7820829814897765
2439,7.7820829814897765
2440,7.7820829814897765
2441,7.7820829814897765
2442,7.7820829814897765
2443,7.7820829814897765
2444,7.7820829814897765
2445,7.7820829814897765
2446,7.7820829814897765
2447,7.7820829814897765
2448,7.7820829814897765
2449,7.7820829814897765
2450,7.7820829814897765
2451,7.7820829814897765
2452,7.7820829814897765
2453,7.7820829814897765
2454,7.7820829814897765
2455,7.7820829814897765
2456,7.7820829814897765
2457,7.7820829814897765
2458,7.7820829814897765
2459,7.7820829814897765
2460,7.7820829814897765
2461,7.7820829814897765
2462,7.7820829814897765
2463,7.7820829814897765
2464,7.7820829814897765
2465,7.7820829814897765
2466,7.7820829814897765
2467,7.7820829814897765
2468,7.7820829814897765
2469,7.7820829814897765
2470,7.7820829814897765
2471,7.7820829814897765
2472,7.7820829814897765
2473,7.7820829814897765
2474,7.7820829814897765
2475,7.7820829814897765
2476,7.7820829814897765
2477,7.7820829814897765
2478,7.7820829814897765
2479,7.7820829814897765
2480,7.7820829814897765
2481,7.7820829814897765
2482,7.7820829814897765
2483,7.7820829814897765
2484,7.7820829814897765
2485,7.7820829814897765
2486,7.7820829814897765
2487,7.7820829814897765
2488,7.7820829814897765
2489,7.7820829814897765
2490,7.7820829814897765
2491,7.7820829814897765
2492,7.7820829814897765
2493,7.7820829814897765
2494,7.7820829814897765
2495,7.7820829814897765
2496,7.7820829814897765
2497,7.7820829814897765
2498,7.7820829814897765
2499,7.7820829814897765
2500,7.7820829814897765
2501,7.7820829814897765
2502,7.7820829814897765
2503,7.7820829814897765
2504,7.7820829814897765
2505,7.7820829814897765
2506,7.7820829814897765
2507,7.7820829814897765
2508,7.7820829814897765
2509,7.7820829814897765
2510,7.7820829814897765
2511,7.7820829814897765
2512,7.7820829814897765
2513,7.7820829814897765
2514,7.7820829814897765
2515,7.7820829814897765
2516,7.7820829814897765
2517,7.7820829814897765
2518,7.7820829814897765
2519,7.7820829814897765
2520,7.7820829814897765
2521,7.7820829814897765
2522,7.7820829814897765
2523,7.7820829814897765
2524,7.7820829814897765
2525,7.7820829814897765
2526,7.7820829814897765
2527,7.7820829814897765
2528,7.7820829814897765
2529,7.7820829814897765
2530,7.7820829814897765
2531,7.7820829814897765
2532,7.7820829814897765
2533,7.7820829814897765
2534,7.7820829814897765
2535,7.7820829814897765
2536,7.7820829814897765
2537,7.7820829814897765
2538,7.7820829814897765
2539,7.7820829814897765
2540,7.7820829814897765
2541,7.7820829814897765
2542,7.7820829814897765
2543,7.7820829814897765
2544,7.7820829814897765
2545,7.7820829814897765
2546,7.7820829814897765
2547,7.7820829814897765
2548,7.7820829814897765
2549,7.7820829814897765
2550,7.7820829814897765
2551,7.7820829814897765
2552,7.7820829814897765
2553,7.7820829814897765
2554,7.7820829814897765
2555,7.7820829814897765
2556,7.7820829814897765
2557,7.7820829814897765
2558,7.7820829814897765
2559,7.7820829814897765
2560,7.7820829814897765
2561,7.7820829814897765
2562,7.7820829814897765
2563,7.7820829814897765
2564,7.7820829814897765
2565,7.7820829814897765
2566,7.7820829814897765
2567,7.7820829814897765
2568,7.7820829814897765
2569,7.7820829814897765
2570,7.7820829814897765
2571,7.7820829814897765
2572,7.7820829814897765
2573,7.7820829814897765
2574,7.7820829814897765
2575,7.7820829814897765
2576,7.7820829814897765
2577,7.7820829814897765
2578,7.7820829814897765
2579,7.7820829814897765
2580,7.7820829814897765
2581,7.7820829814897765
2582,7.7820829814897765
2583,7.7820829814897765
2584,7.7820829814897765
2585,7.7820829814897765
2586,7.7820829814897765
2587,7.7820829814897765
2588,7.7820829814897765
2589,7.7820829814897765
2590,7.7820829814897765
2591,7.7820829814897765
2592,7.7820829814897765
2593,7.7820829814897765
2594,7.7820829814897765
2595,7.7820829814897765
2596,7.7820829814897765
2597,7.7820829814897765
2598,7.7820829814897765
2599,7.7820829814897765
2600,7.7820829814897765
2601,7.7820829814897765
2602,7.7820829814897765
2603,7.7820829814897765
2604,7.7820829814897765
2605,7.7820829814897765
2606,7.7820829814897765
2607,7.7820829814897765
2608,7.7820829814897765
2609,7.7820829814897765
2610,7.7820829814897765
2611,7.7820829814897765
2612,7.7820829814897765
2613,7.7820829814897765
2614,7.7820829814897765
2615,7.7820829814897765
2616,7.7820829814897765
2617,7.7820829814897765
2618,7.7820829814897765
2619,7.7820829814897765
2620,7.7820829814897765
2621,7.7820829814897765
2622,7.7820829814897765
2623,7.7820829814897765
2624,7.7820829814897765
2625,7.7820829814897765
2626,7.7820829814897765
2627,7.7820829814897765
2628,7.7820829814897765
2629,7.7820829814897765
2630,7.7820829814897765
2631,7.7820829814897765
2632,7.7820829814897765
2633,7.7820829814897765
2634,7.7820829814897765
2635,7.7820829814897765
2636,7.7820829814897765
2637,7.7820829814897765
2638,7.7820829814897765
2639,7.7820829814897765
2640,7.7820829814897765
2641,7.7820829814897765
2642,7.7820829814897765
2643,7.7820829814897765
2644,7.7820829814897765
2645,7.7820829814897765
2646,7.7820829814897765
2647,7.7820829814897765
2648,7.7820829814897765
2649,7.7820829814897765
2650,7.7820829814897765
2651,7.7820829814897765
2652,7.7820829814897765
2653,7.7820829814897765
2654,7.7820829814897765
2655,7.7820829814897765
2656,7.7820829814897765
2657,7.7820829814897765
2658,7.7820829814897765
2659,7.7820829814897765
2660,7.7820829814897765
2661,7.7820829814897765
2662,7.7820829814897765
2663,7.7820829814897765
2664,7.7820829814897765
2665,7.7820829814897765
2666,7.7820829814897765
2667,7.7820829814897765
2668,7.7820829814897765
2669,7.7820829814897765
2670,7.7820829814897765
2671,7.7820829814897765
2672,7.7820829814897765
2673,7.7820829814897765
2674,7.7820829814897765
2675,7.7820829814897765
2676,7.7820829814897765
2677,7.7820829814897765
2678,7.7820829814897765
2679,7.7820829814897765
2680,7.7820829814897765
2681,7.7820829814897765
2682,7.7820829814897765
2683,7.7820829814897765
2684,7.7820829814897765
2685,7.7820829814897765
2686,7.7820829814897765
2687,7.7820829814897765
2688,7.7820829814897765
2689,7.7820829814897765
2690,7.7820829814897765
2691,7.7820829814897765
2692,7.7820829814897765
2693,7.7820829814897765
2694,7.7820829814897765
2695,7.7820829814897765
2696,7.7820829814897765
2697,7.7820829814897765
2698,7.7820829814897765
2699,7.7820829814897765
2700,7.7820829814897765
2701,7.7820829814897765
2702,7.7820829814897765
2703,7.7820829814897765
2704,7.7820829814897765
2705,7.7820829814897765
2706,7.7820829814897765
2707,7.7820829814897765
2708,7.7820829814897765
2709,7.7820829814897765
2710,7.7820829814897765
2711,7.7820829814897765
2712,7.7820829814897765
2713,7.7820829814897765
2714,7.7820829814897765
2715,7.7820829814897765
2716,7.7820829814897765
2717,7.7820829814897765
2718,7.7820829814897765
2719,7.7820829814897765
2720,7.7820829814897765
2721,7.7820829814897765
2722,7.7820829814897765
2723,7.7820829814897765
2724,7.7820829814897765
2725,7.7820829814897765
2726,7.7820829814897765
2727,7.7820829814897765
2728,7.7820829814897765
2729,7.7820829814897765
2730,7.7820829814897765
2731,7.7820829814897765
2732,7.7820829814897765
2733,7.7820829814897765
2734,7.7820829814897765
2735,7.7820829814897765
2736,7.7820829814897765
2737,7.7820829814897765
2738,7.7820829814897765
2739,7.7820829814897765
2740,7.7820829814897765
2741,7.7820829814897765
2742,7.7820829814897765
2743,7.7820829814897765
2744,7.7820829814897765
2745,7.7820829814897765
2746,7.7820829814897765
2747,7.7820829814897765
2748,7.7820829814897765
2749,7.7820829814897765
2750,7.7820829814897765
2751,7.7820829814897765
2752,7.7820829814897765
2753,7.7820829814897765
2754,7.7820829814897765
2755,7.7820829814897765
2756,7.7820829814897765
2757,7.7820829814897765
2758,7.7820829814897765
2759,7.7820829814897765
2760,7.7820829814897765
2761,7.7820829814897765
2762,7.7820829814897765
2763,7.7820829814897765
2764,7.7820829814897765
2765,7.7820829814897765
2766,7.7820829814897765
2767,7.7820829814897765
2768,7.7820829814897765
2769,7.7820829814897765
2770,7.7820829814897765
2771,7.7820829814897765
2772,7.7820829814897765
2773,7.7820829814897765
2774,7.7820829814897765
2775,7.7820829814897765
2776,7.7820829814897765
2777,7.7820829814897765
2778,7.7820829814897765
2779,7.7820829814897765
2780,7.7820829814897765
2781,7.7820829814897765
2782,7.7820829814897765
2783,7.7820829814897765
2784,7.7820829814897765
2785,7.7820829814897765
2786,7.7820829814897765
2787,7.7820829814897765
2788,7.7820829814897765
2789,7.7820829814897765
2790,7.7820829814897765
2791,7.7820829814897765
2792,7.7820829814897765
2793,7.7820829814897765
2794,7.7820829814897765
2795,7.7820829814897765
2796,7.7820829814897765
2797,7.7820829814897765
2798,7.7820829814897765
2799,7.7820829814897765
2800,7.7820829814897765
2801,7.7820829814897765
2802,7.7820829814897765
2803,7.7820829814897765
2804,7.7820829814897765
2805,7.7820829814897765
2806,7.7820829814897765
2807,7.7820829814897765
2808,7.7820829814897765
2809,7.7820829814897765
2810,7.7820829814897765
2811,7.7820829814897765
2812,7.7820829814897765
2813,7.7820829814897765
2814,7.7820829814897765
2815,7.7820829814897765
2816,7.7820829814897765
2817,7.7820829814897765
2818,7.7820829814897765
2819,7.7820829814897765
2820,7.7820829814897765
2821,7.7820829814897765
2822,7.7820829814897765
2823,7.7820829814897765
2824,7.7820829814897765
2825,7.7820829814897765
2826,7.7820829814897765
2827,7.7820829814897765
2828,7.7820829814897765
2829,7.7820829814897765
2830,7.7820829814897765
2831,7.7820829814897765
2832,7.7820829814897765
2833,7.7820829814897765
2834,7.7820829814897765
2835,7.7820829814897765
2836,7.7820829814897765
2837,7.7820829814897765
2838,7.7820829814897765
2839,7.7820829814897765
2840,7.7820829814897765
2841,7.7820829814897765
2842,7.7820829814897765
2843,7.7820829814897765
2844,7.7820829814897765
2845,7.7820829814897765
2846,7.7820829814897765
2847,7.7820829814897765
2848,7.7820829814897765
2849,7.7820829814897765
2850,7.7820829814897765
2851,7.7820829814897765
2852,7.7820829814897765
2853,7.7820829814897765
2854,7.7820829814897765
2855,7.7820829814897765
2856,7.7820829814897765
2857,7.7820829814897765
2858,7.7820829814897765
2859,7.7820829814897765
2860,7.7820829814897765
2861,7.7820829814897765
2862,7.7820829814897765
2863,7.7820829814897765
2864,7.7820829814897765
2865,7.7820829814897765
2866,7.7820829814897765
2867,7.7820829814897765
2868,7.7820829814897765
2869,7.7820829814897765
2870,7.7820829814897765
2871,7.7820829814897765
2872,7.7820829814897765
2873,7.7820829814897765
2874,7.7820829814897765
2875,7.7820829814897765
2876,7.7820829814897765
2877,7.7820829814897765
2878,7.7820829814897765
2879,7.7820829814897765
2880,7.7820829814897765
2881,7.7820829814897765
2882,7.7820829814897765
2883,7.7820829814897765
2884,7.7820829814897765
2885,7.7820829814897765
2886,7.7820829814897765
2887,7.7820829814897765
2888,7.7820829814897765
2889,7.7820829814897765
2890,7.7820829814897765
2891,7.7820829814897765
2892,7.7820829814897765
2893,7.7820829814897765
2894,7.7820829814897765
2895,7.7820829814897765
2896,7.7820829814897765
2897,7.7820829814897765
2898,7.7820829814897765
2899,7.7820829814897765
2900,7.7820829814897765
2901,7.7820829814897765
2902,7.7820829814897765
2903,7.7820829814897765
2904,7.7820829814897765
2905,7.7820829814897765
2906,7.7820829814897765
2907,7.7820829814897765
2908,7.7820829814897765
2909,7.7820829814897765
2910,7.7820829814897765
2911,7.7820829814897765
2912,7.7820829814897765
2913,7.7820829814897765
2914,7.7820829814897765
2915,7.7820829814897765
2916,7.7820829814897765
2917,7.7820829814897765
2918,7.7820829814897765
2919,7.7820829814897765
2920,7.7820829814897765
2921,7.7820829814897765
2922,7.7820829814897765
2923,7.7820829814897765
2924,7.7820829814897765
2925,7.7820829814897765
2926,7.7820829814897765
2927,7.7820829814897765
2928,7.7820829814897765
2929,7.7820829814897765
2930,7.7820829814897765
2931,7.7820829814897765
2932,7.7820829814897765
2933,7.7820829814897765
2934,7.7820829814897765
2935,7.7820829814897765
2936,7.7820829814897765
2937,7.7820829814897765
2938,7.7820829814897765
2939,7.7820829814897765
2940,7.7820829814897765
2941,7.7820829814897765
2942,7.7820829814897765
2943,7.7820829814897765
2944,7.7820829814897765
2945,7.7820829814897765
2946,7.7820829814897765
2947,7.7820829814897765
2948,7.7820829814897765
2949,7.7820829814897765
2950,7.7820829814897765
2951,7.7820829814897765
2952,7.7820829814897765
2953,7.7820829814897765
2954,7.7820829814897765
2955,7.7820829814897765
2956,7.7820829814897765
2957,7.7820829814897765
2958,7.7820829814897765
2959,7.7820829814897765
2960,7.7820829814897765
2961,7.7820829814897765
2962,7.7820829814897765
2963,7.7820829814897765
2964,7.7820829814897765
2965,7.7820829814897765
2966,7.7820829814897765
2967,7.7820829814897765
2968,7.7820829814897765
2969,7.7820829814897765
2970,7.7820829814897765
2971,7.7820829814897765
2972,7.7820829814897765
2973,7.7820829814897765
2974,7.7820829814897765
2975,7.7820829814897765
2976,7.7820829814897765
2977,7.7820829814897765
2978,7.7820829814897765
2979,7.7820829814897765
2980,7.7820829814897765
2981,7.7820829814897765
2982,7.7820829814897765
2983,7.7820829814897765
2984,7.7820829814897765
2985,7.7820829814897765
2986,7.7820829814897765
2987,7.7820829814897765
2988,7.7820829814897765
2989,7.7820829814897765
2990,7.7820829814897765
2991,7.7820829814897765
2992,7.7820829814897765
2993,7.7820829814897765
2994,7.7820829814897765
2995,7.7820829814897765
2996,7.7820829814897765
2997,7.7820829814897765
2998,7.7820829814897765
2999,7.7820829814897765
3000,7.7820829814897765
3001,7.7820829814897765
3002,7.7820829814897765
3003,7.7820829814897765
3004,7.7820829814897765
3005,7.7820829814897765
3006,7.7820829814897765
3007,7.7820829814897765
3008,7.7820829814897765
3009,7.7820829814897765
3010,7.7820829814897765
3011,7.7820829814897765
3012,7.7820829814897765
3013,7.7820829814897765
3014,7.7820829814897765
3015,7.7820829814897765
3016,7.7820829814897765
3017,7.7820829814897765
3018,7.7820829814897765
3019,7.7820829814897765
3020,7.7820829814897765
3021,7.7820829814897765
3022,7.7820829814897765
3023,7.7820829814897765
3024,7.7820829814897765
3025,7.7820829814897765
3026,7.7820829814897765
3027,7.7820829814897765
3028,7.7820829814897765
3029,7.7820829814897765
3030,7.7820829814897765
3031,7.7820829814897765
3032,7.7820829814897765
3033,7.7820829814897765
3034,7.7820829814897765
3035,7.7820829814897765
3036,7.7820829814897765
3037,7.7820829814897765
3038,7.7820829814897765
3039,7.7820829814897765
3040,7.7820829814897765
3041,7.7820829814897765
3042,7.7820829814897765
3043,7.7820829814897765
3044,7.7820829814897765
3045,7.7820829814897765
3046,7.7820829814897765
3047,7.7820829814897765
3048,7.7820829814897765
3049,7.7820829814897765
3050,7.7820829814897765
3051,7.7820829814897765
3052,7.7820829814897765
3053,7.7820829814897765
3054,7.7820829814897765
3055,7.7820829814897765
3056,7.7820829814897765
3057,7.7820829814897765
3058,7.7820829814897765
3059,7.7820829814897765
3060,7.7820829814897765
3061,7.7820829814897765
3062,7.7820829814897765
3063,7.7820829814897765
3064,7.7820829814897765
3065,7.7820829814897765
3066,7.7820829814897765
3067,7.7820829814897765
3068,7.7820829814897765
3069,7.7820829814897765
3070,7.7820829814897765
3071,7.7820829814897765
3072,7.7820829814897765
3073,7.7820829814897765
3074,7.7820829814897765
3075,7.7820829814897765
3076,7.7820829814897765
3077,7.7820829814897765
3078,7.7820829814897765
3079,7.7820829814897765
3080,7.7820829814897765
3081,7.7820829814897765
3082,7.7820829814897765
3083,7.7820829814897765
3084,7.7820829814897765
3085,7.7820829814897765
3086,7.7820829814897765
3087,7.7820829814897765
3088,7.7820829814897765
3089,7.7820829814897765
3090,7.7820829814897765
3091,7.7820829814897765
3092,7.7820829814897765
3093,7.7820829814897765
3094,7.7820829814897765
3095,7.7820829814897765
3096,7.7820829814897765
3097,7.7820829814897765
3098,7.7820829814897765
3099,7.7820829814897765
3100,7.7820829814897765
3101,7.7820829814897765
3102,7.7820829814897765
3103,7.7820829814897765
3104,7.7820829814897765
3105,7.7820829814897765
3106,7.7820829814897765
3107,7.7820829814897765
3108,7.7820829814897765
3109,7.7820829814897765
3110,7.7820829814897765
3111,7.7820829814897765
3112,7.7820829814897765
3113,7.7820829814897765
3114,7.7820829814897765
3115,7.7820829814897765
3116,7.7820829814897765
3117,7.7820829814897765
3118,7.7820829814897765
3119,7.7820829814897765
3120,7.7820829814897765
3121,7.7820829814897765
3122,7.7820829814897765
3123,7.7820829814897765
3124,7.7820829814897765
3125,7.7820829814897765
3126,7.7820829814897765
3127,7.7820829814897765
3128,7.7820829814897765
3129,7.7820829814897765
3130,7.7820829814897765
3131,7.7820829814897765
3132,7.7820829814897765
3133,7.7820829814897765
3134,7.7820829814897765
3135,7.7820829814897765
3136,7.7820829814897765
3137,7.7820829814897765
3138,7.7820829814897765
3139,7.7820829814897765
3140,7.7820829814897765
3141,7.7820829814897765
3142,7.7820829814897765
3143,7.7820829814897765
3144,7.7820829814897765
3145,7.7820829814897765
3146,7.7820829814897765
3147,7.7820829814897765
3148,7.7820829814897765
3149,7.7820829814897765
3150,7.7820829814897765
3151,7.7820829814897765
3152,7.7820829814897765
3153,7.7820829814897765
3154,7.7820829814897765
3155,7.7820829814897765
3156,7.7820829814897765
3157,7.7820829814897765
3158,7.7820829814897765
3159,7.7820829814897765
3160,7.7820829814897765
3161,7.7820829814897765
3162,7.7820829814897765
3163,7.7820829814897765
3164,7.7820829814897765
3165,7.7820829814897765
3166,7.7820829814897765
3167,7.7820829814897765
3168,7.7820829814897765
3169,7.7820829814897765
3170,7.7820829814897765
3171,7.7820829814897765
3172,7.7820829814897765
3173,7.7820829814897765
3174,7.7820829814897765
3175,7.7820829814897765
3176,7.7820829814897765
3177,7.7820829814897765
3178,7.7820829814897765
3179,7.7820829814897765
3180,7.7820829814897765
3181,7.7820829814897765
3182,7.7820829814897765
3183,7.7820829814897765
3184,7.7820829814897765
3185,7.7820829814897765
3186,7.7820829814897765
3187,7.7820829814897765
3188,7.7820829814897765
3189,7.7820829814897765
3190,7.7820829814897765
3191,7.7820829814897765
3192,7.7820829814897765
3193,7.7820829814897765
3194,7.7820829814897765
3195,7.7820829814897765
3196,7.7820829814897765
3197,7.7820829814897765
3198,7.7820829814897765
3199,7.7820829814897765
3200,7.7820829814897765
3201,7.7820829814897765
3202,7.7820829814897765
3203,7.7820829814897765
3204,7.7820829814897765
3205,7.7820829814897765
3206,7.7820829814897765
3207,7.7820829814897765
3208,7.7820829814897765
3209,7.7820829814897765
3210,7.7820829814897765
3211,7.7820829814897765
3212,7.7820829814897765
3213,7.7820829814897765
3214,7.7820829814897765
3215,7.7820829814897765
3216,7.7820829814897765
3217,7.7820829814897765
3218,7.7820829814897765
3219,7.7820829814897765
3220,7.7820829814897765
3221,7.7820829814897765
3222,7.7820829814897765
3223,7.7820829814897765
3224,7.7820829814897765
3225,7.7820829814897765
3226,7.7820829814897765
3227,7.7820829814897765
3228,7.7820829814897765
3229,7.7820829814897765
3230,7.7820829814897765
3231,7.7820829814897765
3232,7.7820829814897765
3233,7.7820829814897765
3234,7.7820829814897765
3235,7.7820829814897765
3236,7.7820829814897765
3237,7.7820829814897765
3238,7.7820829814897765
3239,7.7820829814897765
3240,7.7820829814897765
3241,7.7820829814897765
3242,7.7820829814897765
3243,7.7820829814897765
3244,7.7820829814897765
3245,7.7820829814897765
3246,7.7820829814897765
3247,7.7820829814897765
3248,7.7820829814897765
3249,7.7820829814897765
3250,7.7820829814897765
3251,7.7820829814897765
3252,7.7820829814897765
3253,7.7820829814897765
3254,7.7820829814897765
3255,7.7820829814897765
3256,7.7820829814897765
3257,7.7820829814897765
3258,7.7820829814897765
3259,7.7820829814897765
3260,7.7820829814897765
3261,7.7820829814897765
3262,7.7820829814897765
3263,7.7820829814897765
3264,7.7820829814897765
3265,7.7820829814897765
3266,7.7820829814897765
3267,7.7820829814897765
3268,7.7820829814897765
3269,7.7820829814897765
3270,7.7820829814897765
3271,7.7820829814897765
3272,7.7820829814897765
3273,7.7820829814897765
3274,7.7820829814897765
3275,7.7820829814897765
3276,7.7820829814897765
3277,7.7820829814897765
3278,7.7820829814897765
3279,7.7820829814897765
3280,7.7820829814897765
3281,7.7820829814897765
3282,7.7820829814897765
3283,7.7820829814897765
3284,7.7820829814897765
3285,7.7820829814897765
3286,7.7820829814897765
3287,7.7820829814897765
3288,7.7820829814897765
3289,7.7820829814897765
3290,7.7820829814897765
3291,7.7820829814897765
3292,7.7820829814897765
3293,7.7820829814897765
3294,7.7820829814897765
3295,7.7820829814897765
3296,7.7820829814897765
3297,7.7820829814897765
3298,7.7820829814897765
3299,7.7820829814897765
3300,7.7820829814897765
3301,7.7820829814897765
3302,7.7820829814897765
3303,7.7820829814897765
3304,7.7820829814897765
3305,7.7820829814897765
3306,7.7820829814897765
3307,7.7820829814897765
3308,7.7820829814897765
3309,7.7820829814897765
3310,7.7820829814897765
3311,7.7820829814897765
3312,7.7820829814897765
3313,7.7820829814897765
3314,7.7820829814897765
3315,7.7820829814897765
3316,7.7820829814897765
3317,7.7820829814897765
3318,7.7820829814897765
3319,7.7820829814897765
3320,7.7820829814897765
3321,7.7820829814897765
3322,7.7820829814897765
3323,7.7820829814897765
3324,7.7820829814897765
3325,7.7820829814897765
3326,7.7820829814897765
3327,7.7820829814897765
3328,7.7820829814897765
3329,7.7820829814897765
3330,7.7820829814897765
3331,7.7820829814897765
3332,7.7820829814897765
3333,7.7820829814897765
3334,7.7820829814897765
3335,7.7820829814897765
3336,7.7820829814897765
3337,7.7820829814897765
3338,7.7820829814897765
3339,7.7820829814897765
3340,7.7820829814897765
3341,7.7820829814897765
3342,7.7820829814897765
3343,7.7820829814897765
3344,7.7820829814897765
3345,7.7820829814897765
3346,7.7820829814897765
3347,7.7820829814897765
3348,7.7820829814897765
3349,7.7820829814897765
3350,7.7820829814897765
3351,7.7820829814897765
3352,7.7820829814897765
3353,7.7820829814897765
3354,7.7820829814897765
3355,7.7820829814897765
3356,7.7820829814897765
3357,7.7820829814897765
3358,7.7820829814897765
3359,7.7820829814897765
3360,7.7820829814897765
3361,7.7820829814897765
3362,7.7820829814897765
3363,7.7820829814897765
3364,7.7820829814897765
3365,7.7820829814897765
3366,7.7820829814897765
3367,7.7820829814897765
3368,7.7820829814897765
3369,7.7820829814897765
3370,7.7820829814897765
3371,7.7820829814897765
3372,7.7820829814897765
3373,7.7820829814897765
3374,7.7820829814897765
3375,7.7820829814897765
3376,7.7820829814897765
3377,7.7820829814897765
3378,7.7820829814897765
3379,7.7820829814897765
3380,7.7820829814897765
3381,7.7820829814897765
3382,7.7820829814897765
3383,7.7820829814897765
3384,7.7820829814897765
3385,7.7820829814897765
3386,7.7820829814897765
3387,7.7820829814897765
3388,7.7820829814897765
3389,7.7820829814897765
3390,7.7820829814897765
3391,7.7820829814897765
3392,7.7820829814897765
3393,7.7820829814897765
3394,7.7820829814897765
3395,7.7820829814897765
3396,7.7820829814897765
3397,7.7820829814897765
3398,7.7820829814897765
3399,7.7820829814897765
3400,7.7820829814897765
3401,7.7820829814897765
3402,7.7820829814897765
3403,7.7820829814897765
3404,7.7820829814897765
3405,7.7820829814897765
3406,7.7820829814897765
3407,7.7820829814897765
3408,7.7820829814897765
3409,7.7820829814897765
3410,7.7820829814897765
3411,7.7820829814897765
3412,7.7820829814897765
3413,7.7820829814897765
3414,7.7820829814897765
3415,7.7820829814897765
3416,7.7820829814897765
3417,7.7820829814897765
3418,7.7820829814897765
3419,7.7820829814897765
3420,7.7820829814897765
3421,7.7820829814897765
3422,7.7820829814897765
3423,7.7820829814897765
3424,7.7820829814897765
3425,7.7820829814897765
3426,7.7820829814897765
3427,7.7820829814897765
3428,7.7820829814897765
3429,7.7820829814897765
3430,7.7820829814897765
3431,7.7820829814897765
3432,7.7820829814897765
3433,7.7820829814897765
3434,7.7820829814897765
3435,7.7820829814897765
3436,7.7820829814897765
3437,7.7820829814897765
3438,7.7820829814897765
3439,7.7820829814897765
3440,7.7820829814897765
3441,7.7820829814897765
3442,7.7820829814897765
3443,7.7820829814897765
3444,7.7820829814897765
3445,7.7820829814897765
3446,7.7820829814897765
3447,7.7820829814897765
3448,7.7820829814897765
3449,7.7820829814897765
3450,7.7820829814897765
3451,7.7820829814897765
3452,7.7820829814897765
3453,7.7820829814897765
3454,7.7820829814897765
3455,7.7820829814897765
3456,7.7820829814897765
3457,7.7820829814897765
3458,7.7820829814897765
3459,7.7820829814897765
3460,7.7820829814897765
3461,7.7820829814897765
3462,7.7820829814897765
3463,7.7820829814897765
3464,7.7820829814897765
3465,7.7820829814897765
3466,7.7820829814897765
3467,7.7820829814897765
3468,7.7820829814897765
3469,7.7820829814897765
3470,7.7820829814897765
3471,7.7820829814897765
3472,7.7820829814897765
3473,7.7820829814897765
3474,7.7820829814897765
3475,7.7820829814897765
3476,7.7820829814897765
3477,7.7820829814897765
3478,7.7820829814897765
3479,7.7820829814897765
3480,7.7820829814897765
3481,7.7820829814897765
3482,7.7820829814897765
3483,7.7820829814897765
3484,7.7820829814897765
3485,7.7820829814897765
3486,7.7820829814897765
3487,7.7820829814897765
3488,7.7820829814897765
3489,7.7820829814897765
3490,7.7820829814897765
3491,7.7820829814897765
3492,7.7820829814897765
3493,7.7820829814897765
3494,7.7820829814897765
3495,7.7820829814897765
3496,7.7820829814897765
3497,7.7820829814897765
3498,7.7820829814897765
3499,7.7820829814897765
3500,7.7820829814897765
3501,7.7820829814897765
3502,7.7820829814897765
3503,7.7820829814897765
3504,7.7820829814897765
3505,7.7820829814897765
3506,7.7820829814897765
3507,7.7820829814897765
3508,7.7820829814897765
3509,7.7820829814897765
3510,7.7820829814897765
3511,7.7820829814897765
3512,7.7820829814897765
3513,7.7820829814897765
3514,7.7820829814897765
3515,7.7820829814897765
3516,7.7820829814897765
3517,7.7820829814897765
3518,7.7820829814897765
3519,7.7820829814897765
3520,7.7820829814897765
3521,7.7820829814897765
3522,7.7820829814897765
3523,7.7820829814897765
3524,7.7820829814897765
3525,7.7820829814897765
3526,7.7820829814897765
3527,7.7820829814897765
3528,7.7820829814897765
3529,7.7820829814897765
3530,7.7820829814897765
3531,7.7820829814897765
3532,7.7820829814897765
3533,7.7820829814897765
3534,7.7820829814897765
3535,7.7820829814897765
3536,7.7820829814897765
3537,7.7820829814897765
3538,7.7820829814897765
3539,7.7820829814897765
3540,7.7820829814897765
3541,7.7820829814897765
3542,7.7820829814897765
3543,7.7820829814897765
3544,7.7820829814897765
3545,7.7820829814897765
3546,7.7820829814897765
3547,7.7820829814897765
3548,7.7820829814897765
3549,7.7820829814897765
3550,7.7820829814897765
3551,7.7820829814897765
3552,7.7820829814897765
3553,7.7820829814897765
3554,7.7820829814897765
3555,7.7820829814897765
3556,7.7820829814897765
3557,7.7820829814897765
3558,7.7820829814897765
3559,7.7820829814897765
3560,7.7820829814897765
3561,7.7820829814897765
3562,7.7820829814897765
3563,7.7820829814897765
3564,7.7820829814897765
3565,7.7820829814897765
3566,7.7820829814897765
3567,7.7820829814897765
3568,7.7820829814897765
3569,7.7820829814897765
3570,7.7820829814897765
3571,7.7820829814897765
3572,7.7820829814897765
3573,7.7820829814897765
3574,7.7820829814897765
3575,7.7820829814897765
3576,7.7820829814897765
3577,7.7820829814897765
3578,7.7820829814897765
3579,7.7820829814897765
3580,7.7820829814897765
3581,7.7820829814897765
3582,7.7820829814897765
3583,7.7820829814897765
3584,7.7820829814897765
3585,7.7820829814897765
3586,7.7820829814897765
3587,7.7820829814897765
3588,7.7820829814897765
3589,7.7820829814897765
3590,7.7820829814897765
3591,7.7820829814897765
3592,7.7820829814897765
3593,7.7820829814897765
3594,7.7820829814897765
3595,7.7820829814897765
3596,7.7820829814897765
3597,7.7820829814897765
3598,7.7820829814897765
3599,7.7820829814897765
3600,7.7820829814897765
3601,7.7820829814897765
3602,7.7820829814897765
3603,7.7820829814897765
3604,7.7820829814897765
3605,7.7820829814897765
3606,7.7820829814897765
3607,7.7820829814897765
3608,7.7820829814897765
3609,7.7820829814897765
3610,7.7820829814897765
3611,7.7820829814897765
3612,7.7820829814897765
3613,7.7820829814897765
3614,7.7820829814897765
3615,7.7820829814897765
3616,7.7820829814897765
3617,7.7820829814897765
3618,7.7820829814897765
3619,7.7820829814897765
3620,7.7820829814897765
3621,7.7820829814897765
3622,7.7820829814897765
3623,7.7820829814897765
3624,7.7820829814897765
3625,7.7820829814897765
3626,7.7820829814897765
3627,7.7820829814897765
3628,7.7820829814897765
3629,7.7820829814897765
3630,7.7820829814897765
3631,7.7820829814897765
3632,7.7820829814897765
3633,7.7820829814897765
3634,7.7820829814897765
3635,7.7820829814897765
3636,7.7820829814897765
3637,7.7820829814897765
3638,7.7820829814897765
3639,7.7820829814897765
3640,7.7820829814897765
3641,7.7820829814897765
3642,7.7820829814897765
3643,7.7820829814897765
3644,7.7820829814897765
3645,7.7820829814897765
3646,7.7820829814897765
3647,7.7820829814897765
3648,7.7820829814897765
3649,7.7820829814897765
3650,7.7820829814897765
3651,7.7820829814897765
3652,7.7820829814897765
3653,7.7820829814897765
3654,7.7820829814897765
3655,7.7820829814897765
3656,7.7820829814897765
3657,7.7820829814897765
3658,7.7820829814897765
3659,7.7820829814897765
3660,7.7820829814897765
3661,7.7820829814897765
3662,7.7820829814897765
3663,7.7820829814897765
3664,7.7820829814897765
3665,7.7820829814897765
3666,7.7820829814897765
3667,7.7820829814897765
3668,7.7820829814897765
3669,7.7820829814897765
3670,7.7820829814897765
3671,7.7820829814897765
3672,7.7820829814897765
3673,7.7820829814897765
3674,7.7820829814897765
3675,7.7820829814897765
3676,7.7820829814897765
3677,7.7820829814897765
3678,7.7820829814897765
3679,7.7820829814897765
3680,7.7820829814897765
3681,7.7820829814897765
3682,7.7820829814897765
3683,7.7820829814897765
3684,7.7820829814897765
3685,7.7820829814897765
3686,7.7820829814897765
3687,7.7820829814897765
3688,7.7820829814897765
3689,7.7820829814897765
3690,7.7820829814897765
3691,7.7820829814897765
3692,7.7820829814897765
3693,7.7820829814897765
3694,7.7820829814897765
3695,7.7820829814897765
3696,7.7820829814897765
3697,7.7820829814897765
3698,7.7820829814897765
3699,7.7820829814897765
3700,7.7820829814897765
3701,7.7820829814897765
3702,7.7820829814897765
3703,7.7820829814897765
3704,7.7820829814897765
3705,7.7820829814897765
3706,7.7820829814897765
3707,7.7820829814897765
3708,7.7820829814897765
3709,7.7820829814897765
3710,7.7820829814897765
3711,7.7820829814897765
3712,7.7820829814897765
3713,7.7820829814897765
3714,7.7820829814897765
3715,7.7820829814897765
3716,7.7820829814897765
3717,7.7820829814897765
3718,7.7820829814897765
3719,7.7820829814897765
3720,7.7820829814897765
3721,7.7820829814897765
3722,7.7820829814897765
3723,7.7820829814897765
3724,7.7820829814897765
3725,7.7820829814897765
3726,7.7820829814897765
3727,7.7820829814897765
3728,7.7820829814897765
3729,7.7820829814897765
3730,7.7820829814897765
3731,7.7820829814897765
3732,7.7820829814897765
3733,7.7820829814897765
3734,7.7820829814897765
3735,7.7820829814897765
3736,7.7820829814897765
3737,7.7820829814897765
3738,7.7820829814897765
3739,7.7820829814897765
3740,7.7820829814897765
3741,7.7820829814897765
3742,7.7820829814897765
3743,7.7820829814897765
3744,7.7820829814897765
3745,7.7820829814897765
3746,7.7820829814897765
3747,7.7820829814897765
3748,7.7820829814897765
3749,7.7820829814897765
3750,7.7820829814897765
3751,7.7820829814897765
3752,7.7820829814897765
3753,7.7820829814897765
3754,7.7820829814897765
3755,7.7820829814897765
3756,7.7820829814897765
3757,7.7820829814897765
3758,7.7820829814897765
3759,7.7820829814897765
3760,7.7820829814897765
3761,7.7820829814897765
3762,7.7820829814897765
3763,7.7820829814897765
3764,7.7820829814897765
3765,7.7820829814897765
3766,7.7820829814897765
3767,7.7820829814897765
3768,7.7820829814897765
3769,7.7820829814897765
3770,7.7820829814897765
3771,7.7820829814897765
3772,7.7820829814897765
3773,7.7820829814897765
3774,7.7820829814897765
3775,7.7820829814897765
3776,7.7820829814897765
3777,7.7820829814897765
3778,7.7820829814897765
3779,7.7820829814897765
3780,7.7820829814897765
3781,7.7820829814897765
3782,7.7820829814897765
3783,7.7820829814897765
3784,7.7820829814897765
3785,7.7820829814897765
3786,7.7820829814897765
3787,7.7820829814897765
3788,7.7820829814897765
3789,7.7820829814897765
3790,7.7820829814897765
3791,7.7820829814897765
3792,7.7820829814897765
3793,7.7820829814897765
3794,7.7820829814897765
3795,7.7820829814897765
3796,7.7820829814897765
3797,7.7820829814897765
3798,7.7820829814897765
3799,7.7820829814897765
3800,7.7820829814897765
3801,7.7820829814897765
3802,7.7820829814897765
3803,7.7820829814897765
3804,7.7820829814897765
3805,7.7820829814897765
3806,7.7820829814897765
3807,7.7820829814897765
3808,7.7820829814897765
3809,7.7820829814897765
3810,7.7820829814897765
3811,7.7820829814897765
3812,7.7820829814897765
3813,7.7820829814897765
3814,7.7820829814897765
3815,7.7820829814897765
3816,7.7820829814897765
3817,7.7820829814897765
3818,7.7820829814897765
3819,7.7820829814897765
3820,7.7820829814897765
3821,7.7820829814897765
3822,7.7820829814897765
3823,7.7820829814897765
3824,7.7820829814897765
3825,7.7820829814897765
3826,7.7820829814897765
3827,7.7820829814897765
3828,7.7820829814897765
3829,7.7820829814897765
3830,7.7820829814897765
3831,7.7820829814897765
3832,7.7820829814897765
3833,7.7820829814897765
3834,7.7820829814897765
3835,7.7820829814897765
3836,7.7820829814897765
3837,7.7820829814897765
3838,7.7820829814897765
3839,7.7820829814897765
3840,7.7820829814897765
3841,7.7820829814897765
3842,7.7820829814897765
3843,7.7820829814897765
3844,7.7820829814897765
3845,7.7820829814897765
3846,7.7820829814897765
3847,7.7820829814897765
3848,7.7820829814897765
3849,7.7820829814897765
3850,7.7820829814897765
3851,7.7820829814897765
3852,7.7820829814897765
3853,7.7820829814897765
3854,7.7820829814897765
3855,7.7820829814897765
3856,7.7820829814897765
3857,7.7820829814897765
3858,7.7820829814897765
3859,7.7820829814897765
3860,7.7820829814897765
3861,7.7820829814897765
3862,7.7820829814897765
3863,7.7820829814897765
3864,7.7820829814897765
3865,7.7820829814897765
3866,7.7820829814897765
3867,7.7820829814897765
3868,7.7820829814897765
3869,7.7820829814897765
3870,7.7820829814897765
3871,7.7820829814897765
3872,7.7820829814897765
3873,7.7820829814897765
3874,7.7820829814897765
3875,7.7820829814897765
3876,7.7820829814897765
3877,7.7820829814897765
3878,7.7820829814897765
3879,7.7820829814897765
3880,7.7820829814897765
3881,7.7820829814897765
3882,7.7820829814897765
3883,7.7820829814897765
3884,7.7820829814897765
3885,7.7820829814897765
3886,7.7820829814897765
3887,7.7820829814897765
3888,7.7820829814897765
3889,7.7820829814897765
3890,7.7820829814897765
3891,7.7820829814897765
3892,7.7820829814897765
3893,7.7820829814897765
3894,7.7820829814897765
3895,7.7820829814897765
3896,7.7820829814897765
3897,7.7820829814897765
3898,7.7820829814897765
3899,7.7820829814897765
3900,7.7820829814897765
3901,7.7820829814897765
3902,7.7820829814897765
3903,7.7820829814897765
3904,7.7820829814897765
3905,7.7820829814897765
3906,7.7820829814897765
3907,7.7820829814897765
3908,7.7820829814897765
3909,7.7820829814897765
3910,7.7820829814897765
3911,7.7820829814897765
3912,7.7820829814897765
3913,7.7820829814897765
3914,7.7820829814897765
3915,7.7820829814897765
3916,7.7820829814897765
3917,7.7820829814897765
3918,7.7820829814897765
3919,7.7820829814897765
3920,7.7820829814897765
3921,7.7820829814897765
3922,7.7820829814897765
3923,7.7820829814897765
3924,7.7820829814897765
3925,7.7820829814897765
3926,7.7820829814897765
3927,7.7820829814897765
3928,7.7820829814897765
3929,7.7820829814897765
3930,7.7820829814897765
3931,7.7820829814897765
3932,7.7820829814897765
3933,7.7820829814897765
3934,7.7820829814897765
3935,7.7820829814897765
3936,7.7820829814897765
3937,7.7820829814897765
3938,7.7820829814897765
3939,7.7820829814897765
3940,7.7820829814897765
3941,7.7820829814897765
3942,7.7820829814897765
3943,7.7820829814897765
3944,7.7820829814897765
3945,7.7820829814897765
3946,7.7820829814897765
3947,7.7820829814897765
3948,7.7820829814897765
3949,7.7820829814897765
3950,7.7820829814897765
3951,7.7820829814897765
3952,7.7820829814897765
3953,7.7820829814897765
3954,7.7820829814897765
3955,7.7820829814897765
3956,7.7820829814897765
3957,7.7820829814897765
3958,7.7820829814897765
3959,7.7820829814897765
3960,7.7820829814897765
3961,7.7820829814897765
3962,7.7820829814897765
3963,7.7820829814897765
3964,7.7820829814897765
3965,7.7820829814897765
3966,7.7820829814897765
3967,7.7820829814897765
3968,7.7820829814897765
3969,7.7820829814897765
3970,7.7820829814897765
3971,7.7820829814897765
3972,7.7820829814897765
3973,7.7820829814897765
3974,7.7820829814897765
3975,7.7820829814897765
3976,7.7820829814897765
3977,7.7820829814897765
3978,7.7820829814897765
3979,7.7820829814897765
3980,7.7820829814897765
3981,7.7820829814897765
3982,7.7820829814897765
3983,7.7820829814897765
3984,7.7820829814897765
3985,7.7820829814897765
3986,7.7820829814897765
3987,7.7820829814897765
3988,7.7820829814897765
3989,7.7820829814897765
3990,7.7820829814897765
3991,7.7820829814897765
3992,7.7820829814897765
3993,7.7820829814897765
3994,7.7820829814897765
3995,7.7820829814897765
3996,7.7820829814897765
3997,7.7820829814897765
3998,7.7820829814897765
3999,7.7820829814897765
4000,7.7820829814897765
4001,7.7820829814897765
4002,7.7820829814897765
4003,7.7820829814897765
4004,7.7820829814897765
4005,7.7820829814897765
4006,7.7820829814897765
4007,7.7820829814897765
4008,7.7820829814897765
4009,7.7820829814897765
4010,7.7820829814897765
4011,7.7820829814897765
4012,7.7820829814897765
4013,7.7820829814897765
4014,7.7820829814897765
4015,7.7820829814897765
4016,7.7820829814897765
4017,7.7820829814897765
4018,7.7820829814897765
4019,7.7820829814897765
4020,7.7820829814897765
4021,7.7820829814897765
4022,7.7820829814897765
4023,7.7820829814897765
4024,7.7820829814897765
4025,7.7820829814897765
4026,7.7820829814897765
4027,7.7820829814897765
4028,7.7820829814897765
4029,7.7820829814897765
4030,7.7820829814897765
4031,7.7820829814897765
4032,7.7820829814897765
4033,7.7820829814897765
4034,7.7820829814897765
4035,7.7820829814897765
4036,7.7820829814897765
4037,7.7820829814897765
4038,7.7820829814897765
4039,7.7820829814897765
4040,7.7820829814897765
4041,7.7820829814897765
4042,7.7820829814897765
4043,7.7820829814897765
4044,7.7820829814897765
4045,7.7820829814897765
4046,7.7820829814897765
4047,7.7820829814897765
4048,7.7820829814897765
4049,7.7820829814897765
4050,7.7820829814897765
4051,7.7820829814897765
4052,7.7820829814897765
4053,7.7820829814897765
4054,7.7820829814897765
4055,7.7820829814897765
4056,7.7820829814897765
4057,7.7820829814897765
4058,7.7820829814897765
4059,7.7820829814897765
4060,7.7820829814897765
4061,7.7820829814897765
4062,7.7820829814897765
4063,7.7820829814897765
4064,7.7820829814897765
4065,7.7820829814897765
4066,7.7820829814897765
4067,7.7820829814897765
4068,7.7820829814897765
4069,7.7820829814897765
4070,7.7820829814897765
4071,7.7820829814897765
4072,7.7820829814897765
4073,7.7820829814897765
4074,7.7820829814897765
4075,7.7820829814897765
4076,7.7820829814897765
4077,7.7820829814897765
4078,7.7820829814897765
4079,7.7820829814897765
4080,7.7820829814897765
4081,7.7820829814897765
4082,7.7820829814897765
4083,7.7820829814897765
4084,7.7820829814897765
4085,7.7820829814897765
4086,7.7820829814897765
4087,7.7820829814897765
4088,7.7820829814897765
4089,7.7820829814897765
4090,7.7820829814897765
4091,7.7820829814897765
4092,7.7820829814897765
4093,7.7820829814897765
4094,7.7820829814897765
4095,7.7820829814897765
4096,7.7820829814897765
4097,7.7820829814897765
4098,7.7820829814897765
4099,7.7820829814897765
4100,7.7820829814897765
4101,7.7820829814897765
4102,7.7820829814897765
4103,7.7820829814897765
4104,7.7820829814897765
4105,7.7820829814897765
4106,7.7820829814897765
4107,7.7820829814897765
4108,7.7820829814897765
4109,7.7820829814897765
4110,7.7820829814897765
4111,7.7820829814897765
4112,7.7820829814897765
4113,7.7820829814897765
4114,7.7820829814897765
4115,7.7820829814897765
4116,7.7820829814897765
4117,7.7820829814897765
4118,7.7820829814897765
4119,7.7820829814897765
4120,7.7820829814897765
4121,7.7820829814897765
4122,7.7820829814897765
4123,7.7820829814897765
4124,7.7820829814897765
4125,7.7820829814897765
4126,7.7820829814897765
4127,7.7820829814897765
4128,7.7820829814897765
4129,7.7820829814897765
4130,7.7820829814897765
4131,7.7820829814897765
4132,7.7820829814897765
4133,7.7820829814897765
4134,7.7820829814897765
4135,7.7820829814897765
4136,7.7820829814897765
4137,7.7820829814897765
4138,7.7820829814897765
4139,7.7820829814897765
4140,7.7820829814897765
4141,7.7820829814897765
4142,7.7820829814897765
4143,7.7820829814897765
4144,7.7820829814897765
4145,7.7820829814897765
4146,7.7820829814897765
4147,7.7820829814897765
4148,7.7820829814897765
4149,7.7820829814897765
4150,7.7820829814897765
4151,7.7820829814897765
4152,7.7820829814897765
4153,7.7820829814897765
4154,7.7820829814897765
4155,7.7820829814897765
4156,7.7820829814897765
4157,7.7820829814897765
4158,7.7820829814897765
4159,7.7820829814897765
4160,7.7820829814897765
4161,7.7820829814897765
4162,7.7820829814897765
4163,7.7820829814897765
4164,7.7820829814897765
4165,7.7820829814897765
4166,7.7820829814897765
4167,7.7820829814897765
4168,7.7820829814897765
4169,7.7820829814897765
4170,7.7820829814897765
4171,7.7820829814897765
4172,7.7820829814897765
4173,7.7820829814897765
4174,7.7820829814897765
4175,7.7820829814897765
4176,7.7820829814897765
4177,7.7820829814897765
4178,7.7820829814897765
4179,7.7820829814897765
4180,7.7820829814897765
4181,7.7820829814897765
4182,7.7820829814897765
4183,7.7820829814897765
4184,7.7820829814897765
4185,7.7820829814897765
4186,7.7820829814897765
4187,7.7820829814897765
4188,7.7820829814897765
4189,7.7820829814897765
4190,7.7820829814897765
4191,7.7820829814897765
4192,7.7820829814897765
4193,7.7820829814897765
4194,7.7820829814897765
4195,7.7820829814897765
4196,7.7820829814897765
4197,7.7820829814897765
4198,7.7820829814897765
4199,7.7820829814897765
4200,7.7820829814897765
4201,7.7820829814897765
4202,7.7820829814897765
4203,7.7820829814897765
4204,7.7820829814897765
4205,7.7820829814897765
4206,7.7820829814897765
4207,7.7820829814897765
4208,7.7820829814897765
4209,7.7820829814897765
4210,7.7820829814897765
4211,7.7820829814897765
4212,7.7820829814897765
4213,7.7820829814897765
4214,7.7820829814897765
4215,7.7820829814897765
4216,7.7820829814897765
4217,7.7820829814897765
4218,7.7820829814897765
4219,7.7820829814897765
4220,7.7820829814897765
4221,7.7820829814897765
4222,7.7820829814897765
4223,7.7820829814897765
4224,7.7820829814897765
4225,7.7820829814897765
4226,7.7820829814897765
4227,7.7820829814897765
4228,7.7820829814897765
4229,7.7820829814897765
4230,7.7820829814897765
4231,7.7820829814897765
4232,7.7820829814897765
4233,7.7820829814897765
4234,7.7820829814897765
4235,7.7820829814897765
4236,7.7820829814897765
4237,7.7820829814897765
4238,7.7820829814897765
4239,7.7820829814897765
4240,7.7820829814897765
4241,7.7820829814897765
4242,7.7820829814897765
4243,7.7820829814897765
4244,7.7820829814897765
4245,7.7820829814897765
4246,7.7820829814897765
4247,7.7820829814897765
4248,7.7820829814897765
4249,7.7820829814897765
4250,7.7820829814897765
4251,7.7820829814897765
4252,7.7820829814897765
4253,7.7820829814897765
4254,7.7820829814897765
4255,7.7820829814897765
4256,7.7820829814897765
4257,7.7820829814897765
4258,7.7820829814897765
4259,7.7820829814897765
4260,7.7820829814897765
4261,7.7820829814897765
4262,7.7820829814897765
4263,7.7820829814897765
4264,7.7820829814897765
4265,7.7820829814897765
4266,7.7820829814897765
4267,7.7820829814897765
4268,7.7820829814897765
4269,7.7820829814897765
4270,7.7820829814897765
4271,7.7820829814897765
4272,7.7820829814897765
4273,7.7820829814897765
4274,7.7820829814897765
4275,7.7820829814897765
4276,7.7820829814897765
4277,7.7820829814897765
4278,7.7820829814897765
4279,7.7820829814897765
4280,7.7820829814897765
4281,7.7820829814897765
4282,7.7820829814897765
4283,7.7820829814897765
4284,7.7820829814897765
4285,7.7820829814897765
4286,7.7820829814897765
4287,7.7820829814897765
4288,7.7820829814897765
4289,7.7820829814897765
4290,7.7820829814897765
4291,7.7820829814897765
4292,7.7820829814897765
4293,7.7820829814897765
4294,7.7820829814897765
4295,7.7820829814897765
4296,7.7820829814897765
4297,7.7820829814897765
4298,7.7820829814897765
4299,7.7820829814897765
4300,7.7820829814897765
4301,7.7820829814897765
4302,7.7820829814897765
4303,7.7820829814897765
4304,7.7820829814897765
4305,7.7820829814897765
4306,7.7820829814897765
4307,7.7820829814897765
4308,7.7820829814897765
4309,7.7820829814897765
4310,7.7820829814897765
4311,7.7820829814897765
4312,7.7820829814897765
4313,7.7820829814897765
4314,7.7820829814897765
4315,7.7820829814897765
4316,7.7820829814897765
4317,7.7820829814897765
4318,7.7820829814897765
4319,7.7820829814897765
4320,7.7820829814897765
4321,7.7820829814897765
4322,7.7820829814897765
4323,7.7820829814897765
4324,7.7820829814897765
4325,7.7820829814897765
4326,7.7820829814897765
4327,7.7820829814897765
4328,7.7820829814897765
4329,7.7820829814897765
4330,7.7820829814897765
4331,7.7820829814897765
4332,7.7820829814897765
4333,7.7820829814897765
4334,7.7820829814897765
4335,7.7820829814897765
4336,7.7820829814897765
4337,7.7820829814897765
4338,7.7820829814897765
4339,7.7820829814897765
4340,7.7820829814897765
4341,7.7820829814897765
4342,7.7820829814897765
4343,7.7820829814897765
4344,7.7820829814897765
4345,7.7820829814897765
4346,7.7820829814897765
4347,7.7820829814897765
4348,7.7820829814897765
4349,7.7820829814897765
4350,7.7820829814897765
4351,7.7820829814897765
4352,7.7820829814897765
4353,7.7820829814897765
4354,7.7820829814897765
4355,7.7820829814897765
4356,7.7820829814897765
4357,7.7820829814897765
4358,7.7820829814897765
4359,7.7820829814897765
4360,7.7820829814897765
4361,7.7820829814897765
4362,7.7820829814897765
4363,7.7820829814897765
4364,7.7820829814897765
4365,7.7820829814897765
4366,7.7820829814897765
4367,7.7820829814897765
4368,7.7820829814897765
4369,7.7820829814897765
4370,7.7820829814897765
4371,7.7820829814897765
4372,7.7820829814897765
4373,7.7820829814897765
4374,7.7820829814897765
4375,7.7820829814897765
4376,7.7820829814897765
4377,7.7820829814897765
4378,7.7820829814897765
4379,7.7820829814897765
4380,7.7820829814897765
4381,7.7820829814897765
4382,7.7820829814897765
4383,7.7820829814897765
4384,7.7820829814897765
4385,7.7820829814897765
4386,7.7820829814897765
4387,7.7820829814897765
4388,7.7820829814897765
4389,7.7820829814897765
4390,7.7820829814897765
4391,7.7820829814897765
4392,7.7820829814897765
4393,7.7820829814897765
4394,7.7820829814897765
4395,7.7820829814897765
4396,7.7820829814897765
4397,7.7820829814897765
4398,7.7820829814897765
4399,7.7820829814897765
4400,7.7820829814897765
4401,7.7820829814897765
4402,7.7820829814897765
4403,7.7820829814897765
4404,7.7820829814897765
4405,7.7820829814897765
4406,7.7820829814897765
4407,7.7820829814897765
4408,7.7820829814897765
4409,7.7820829814897765
4410,7.7820829814897765
4411,7.7820829814897765
4412,7.7820829814897765
4413,7.7820829814897765
4414,7.7820829814897765
4415,7.7820829814897765
4416,7.7820829814897765
4417,7.7820829814897765
4418,7.7820829814897765
4419,7.7820829814897765
4420,7.7820829814897765
4421,7.7820829814897765
4422,7.7820829814897765
4423,7.7820829814897765
4424,7.7820829814897765
4425,7.7820829814897765
4426,7.7820829814897765
4427,7.7820829814897765
4428,7.7820829814897765
4429,7.7820829814897765
4430,7.7820829814897765
4431,7.7820829814897765
4432,7.7820829814897765
4433,7.7820829814897765
4434,7.7820829814897765
4435,7.7820829814897765
4436,7.7820829814897765
4437,7.7820829814897765
4438,7.7820829814897765
4439,7.7820829814897765
4440,7.7820829814897765
4441,7.7820829814897765
4442,7.7820829814897765
4443,7.7820829814897765
4444,7.7820829814897765
4445,7.7820829814897765
4446,7.7820829814897765
4447,7.7820829814897765
4448,7.7820829814897765
4449,7.7820829814897765
4450,7.7820829814897765
4451,7.7820829814897765
4452,7.7820829814897765
4453,7.7820829814897765
4454,7.7820829814897765
4455,7.7820829814897765
4456,7.7820829814897765
4457,7.7820829814897765
4458,7.7820829814897765
4459,7.7820829814897765
4460,7.7820829814897765
4461,7.7820829814897765
4462,7.7820829814897765
4463,7.7820829814897765
4464,7.7820829814897765
4465,7.7820829814897765
4466,7.7820829814897765
4467,7.7820829814897765
4468,7.7820829814897765
4469,7.7820829814897765
4470,7.7820829814897765
4471,7.7820829814897765
4472,7.7820829814897765
4473,7.7820829814897765
4474,7.7820829814897765
4475,7.7820829814897765
4476,7.7820829814897765
4477,7.7820829814897765
4478,7.7820829814897765
4479,7.7820829814897765
4480,7.7820829814897765
4481,7.7820829814897765
4482,7.7820829814897765
4483,7.7820829814897765
4484,7.7820829814897765
4485,7.7820829814897765
4486,7.7820829814897765
4487,7.7820829814897765
4488,7.7820829814897765
4489,7.7820829814897765
4490,7.7820829814897765
4491,7.7820829814897765
4492,7.7820829814897765
4493,7.7820829814897765
4494,7.7820829814897765
4495,7.7820829814897765
4496,7.7820829814897765
4497,7.7820829814897765
4498,7.7820829814897765
4499,7.7820829814897765
4500,7.7820829814897765
4501,7.7820829814897765
4502,7.7820829814897765
4503,7.7820829814897765
4504,7.7820829814897765
4505,7.7820829814897765
4506,7.7820829814897765
4507,7.7820829814897765
4508,7.7820829814897765
4509,7.7820829814897765
4510,7.7820829814897765
4511,7.7820829814897765
4512,7.7820829814897765
4513,7.7820829814897765
4514,7.7820829814897765
4515,7.7820829814897765
4516,7.7820829814897765
4517,7.7820829814897765
4518,7.7820829814897765
4519,7.7820829814897765
4520,7.7820829814897765
4521,7.7820829814897765
4522,7.7820829814897765
4523,7.7820829814897765
4524,7.7820829814897765
4525,7.7820829814897765
4526,7.7820829814897765
4527,7.7820829814897765
4528,7.7820829814897765
4529,7.7820829814897765
4530,7.7820829814897765
4531,7.7820829814897765
4532,7.7820829814897765
4533,7.7820829814897765
4534,7.7820829814897765
4535,7.7820829814897765
4536,7.7820829814897765
4537,7.7820829814897765
4538,7.7820829814897765
4539,7.7820829814897765
4540,7.7820829814897765
4541,7.7820829814897765
4542,7.7820829814897765
4543,7.7820829814897765
4544,7.7820829814897765
4545,7.7820829814897765
4546,7.7820829814897765
4547,7.7820829814897765
4548,7.7820829814897765
4549,7.7820829814897765
4550,7.7820829814897765
4551,7.7820829814897765
4552,7.7820829814897765
4553,7.7820829814897765
4554,7.7820829814897765
4555,7.7820829814897765
4556,7.7820829814897765
4557,7.7820829814897765
4558,7.7820829814897765
4559,7.7820829814897765
4560,7.7820829814897765
4561,7.7820829814897765
4562,7.7820829814897765
4563,7.7820829814897765
4564,7.7820829814897765
4565,7.7820829814897765
4566,7.7820829814897765
4567,7.7820829814897765
4568,7.7820829814897765
4569,7.7820829814897765
4570,7.7820829814897765
4571,7.7820829814897765
4572,7.7820829814897765
4573,7.7820829814897765
4574,7.7820829814897765
4575,7.7820829814897765
4576,7.7820829814897765
4577,7.7820829814897765
4578,7.7820829814897765
4579,7.7820829814897765
4580,7.7820829814897765
4581,7.7820829814897765
4582,7.7820829814897765
4583,7.7820829814897765
4584,7.7820829814897765
4585,7.7820829814897765
4586,7.7820829814897765
4587,7.7820829814897765
4588,7.7820829814897765
4589,7.7820829814897765
4590,7.7820829814897765
4591,7.7820829814897765
4592,7.7820829814897765
4593,7.7820829814897765
4594,7.7820829814897765
4595,7.7820829814897765
4596,7.7820829814897765
4597,7.7820829814897765
4598,7.7820829814897765
4599,7.7820829814897765
4600,7.7820829814897765
4601,7.7820829814897765
4602,7.7820829814897765
4603,7.7820829814897765
4604,7.7820829814897765
4605,7.7820829814897765
4606,7.7820829814897765
4607,7.7820829814897765
4608,7.7820829814897765
4609,7.7820829814897765
4610,7.7820829814897765
4611,7.7820829814897765
4612,7.7820829814897765
4613,7.7820829814897765
4614,7.7820829814897765
4615,7.7820829814897765
4616,7.7820829814897765
4617,7.7820829814897765
4618,7.7820829814897765
4619,7.7820829814897765
4620,7.7820829814897765
4621,7.7820829814897765
4622,7.7820829814897765
4623,7.7820829814897765
4624,7.7820829814897765
4625,7.7820829814897765
4626,7.7820829814897765
4627,7.7820829814897765
4628,7.7820829814897765
4629,7.7820829814897765
4630,7.7820829814897765
4631,7.7820829814897765
4632,7.7820829814897765
4633,7.7820829814897765
4634,7.7820829814897765
4635,7.7820829814897765
4636,7.7820829814897765
4637,7.7820829814897765
4638,7.7820829814897765
4639,7.7820829814897765
4640,7.7820829814897765
4641,7.7820829814897765
4642,7.7820829814897765
4643,7.7820829814897765
4644,7.7820829814897765
4645,7.7820829814897765
4646,7.7820829814897765
4647,7.7820829814897765
4648,7.7820829814897765
4649,7.7820829814897765
4650,7.7820829814897765
4651,7.7820829814897765
4652,7.7820829814897765
4653,7.7820829814897765
4654,7.7820829814897765
4655,7.7820829814897765
4656,7.7820829814897765
4657,7.7820829814897765
4658,7.7820829814897765
4659,7.7820829814897765
4660,7.7820829814897765
4661,7.7820829814897765
4662,7.7820829814897765
4663,7.7820829814897765
4664,7.7820829814897765
4665,7.7820829814897765
4666,7.7820829814897765
4667,7.7820829814897765
4668,7.7820829814897765
4669,7.7820829814897765
4670,7.7820829814897765
4671,7.7820829814897765
4672,7.7820829814897765
4673,7.7820829814897765
4674,7.7820829814897765
4675,7.7820829814897765
4676,7.7820829814897765
4677,7.7820829814897765
4678,7.7820829814897765
4679,7.7820829814897765
4680,7.7820829814897765
4681,7.7820829814897765
4682,7.7820829814897765
4683,7.7820829814897765
4684,7.7820829814897765
4685,7.7820829814897765
4686,7.7820829814897765
4687,7.7820829814897765
4688,7.7820829814897765
4689,7.7820829814897765
4690,7.7820829814897765
4691,7.7820829814897765
4692,7.7820829814897765
4693,7.7820829814897765
4694,7.7820829814897765
4695,7.7820829814897765
4696,7.7820829814897765
4697,7.7820829814897765
4698,7.7820829814897765
4699,7.7820829814897765
4700,7.7820829814897765
4701,7.7820829814897765
4702,7.7820829814897765
4703,7.7820829814897765
4704,7.7820829814897765
4705,7.7820829814897765
4706,7.7820829814897765
4707,7.7820829814897765
4708,7.7820829814897765
4709,7.7820829814897765
4710,7.7820829814897765
4711,7.7820829814897765
4712,7.7820829814897765
4713,7.7820829814897765
4714,7.7820829814897765
4715,7.7820829814897765
4716,7.7820829814897765
4717,7.7820829814897765
4718,7.7820829814897765
4719,7.7820829814897765
4720,7.7820829814897765
4721,7.7820829814897765
4722,7.7820829814897765
4723,7.7820829814897765
4724,7.7820829814897765
4725,7.7820829814897765
4726,7.7820829814897765
4727,7.7820829814897765
4728,7.7820829814897765
4729,7.7820829814897765
4730,7.7820829814897765
4731,7.7820829814897765
4732,7.7820829814897765
4733,7.7820829814897765
4734,7.7820829814897765
4735,7.7820829814897765
4736,7.7820829814897765
4737,7.7820829814897765
4738,7.7820829814897765
4739,7.7820829814897765
4740,7.7820829814897765
4741,7.7820829814897765
4742,7.7820829814897765
4743,7.7820829814897765
4744,7.7820829814897765
4745,7.7820829814897765
4746,7.7820829814897765
4747,7.7820829814897765
4748,7.7820829814897765
4749,7.7820829814897765
4750,7.7820829814897765
4751,7.7820829814897765
4752,7.7820829814897765
4753,7.7820829814897765
4754,7.7820829814897765
4755,7.7820829814897765
4756,7.7820829814897765
4757,7.7820829814897765
4758,7.7820829814897765
4759,7.7820829814897765
4760,7.7820829814897765
4761,7.7820829814897765
4762,7.7820829814897765
4763,7.7820829814897765
4764,7.7820829814897765
4765,7.7820829814897765
4766,7.7820829814897765
4767,7.7820829814897765
4768,7.7820829814897765
4769,7.7820829814897765
4770,7.7820829814897765
4771,7.7820829814897765
4772,7.7820829814897765
4773,7.7820829814897765
4774,7.7820829814897765
4775,7.7820829814897765
4776,7.7820829814897765
4777,7.7820829814897765
4778,7.7820829814897765
4779,7.7820829814897765
4780,7.7820829814897765
4781,7.7820829814897765
4782,7.7820829814897765
4783,7.7820829814897765
4784,7.7820829814897765
4785,7.7820829814897765
4786,7.7820829814897765
4787,7.7820829814897765
4788,7.7820829814897765
4789,7.7820829814897765
4790,7.7820829814897765
4791,7.7820829814897765
4792,7.7820829814897765
4793,7.7820829814897765
4794,7.7820829814897765
4795,7.7820829814897765
4796,7.7820829814897765
4797,7.7820829814897765
4798,7.7820829814897765
4799,7.7820829814897765
4800,7.7820829814897765
4801,7.7820829814897765
4802,7.7820829814897765
4803,7.7820829814897765
4804,7.7820829814897765
4805,7.7820829814897765
4806,7.7820829814897765
4807,7.7820829814897765
4808,7.7820829814897765
4809,7.7820829814897765
4810,7.7820829814897765
4811,7.7820829814897765
4812,7.7820829814897765
4813,7.7820829814897765
4814,7.7820829814897765
4815,7.7820829814897765
4816,7.7820829814897765
4817,7.7820829814897765
4818,7.7820829814897765
4819,7.7820829814897765
4820,7.7820829814897765
4821,7.7820829814897765
4822,7.7820829814897765
4823,7.7820829814897765
4824,7.7820829814897765
4825,7.7820829814897765
4826,7.7820829814897765
4827,7.7820829814897765
4828,7.7820829814897765
4829,7.7820829814897765
4830,7.7820829814897765
4831,7.7820829814897765
4832,7.7820829814897765
4833,7.7820829814897765
4834,7.7820829814897765
4835,7.7820829814897765
4836,7.7820829814897765
4837,7.7820829814897765
4838,7.7820829814897765
4839,7.7820829814897765
4840,7.7820829814897765
4841,7.7820829814897765
4842,7.7820829814897765
4843,7.7820829814897765
4844,7.7820829814897765
4845,7.7820829814897765
4846,7.7820829814897765
4847,7.7820829814897765
4848,7.7820829814897765
4849,7.7820829814897765
4850,7.7820829814897765
4851,7.7820829814897765
4852,7.7820829814897765
4853,7.7820829814897765
4854,7.7820829814897765
4855,7.7820829814897765
4856,7.7820829814897765
4857,7.7820829814897765
4858,7.7820829814897765
4859,7.7820829814897765
4860,7.7820829814897765
4861,7.7820829814897765
4862,7.7820829814897765
4863,7.7820829814897765
4864,7.7820829814897765
4865,7.7820829814897765
4866,7.7820829814897765
4867,7.7820829814897765
4868,7.7820829814897765
4869,7.7820829814897765
4870,7.7820829814897765
4871,7.7820829814897765
4872,7.7820829814897765
4873,7.7820829814897765
4874,7.7820829814897765
4875,7.7820829814897765
4876,7.7820829814897765
4877,7.7820829814897765
4878,7.7820829814897765
4879,7.7820829814897765
4880,7.7820829814897765
4881,7.7820829814897765
4882,7.7820829814897765
4883,7.7820829814897765
4884,7.7820829814897765
4885,7.7820829814897765
4886,7.7820829814897765
4887,7.7820829814897765
4888,7.7820829814897765
4889,7.7820829814897765
4890,7.7820829814897765
4891,7.7820829814897765
4892,7.7820829814897765
4893,7.7820829814897765
4894,7.7820829814897765
4895,7.7820829814897765
4896,7.7820829814897765
4897,7.7820829814897765
4898,7.7820829814897765
4899,7.7820829814897765
4900,7.7820829814897765
4901,7.7820829814897765
4902,7.7820829814897765
4903,7.7820829814897765
4904,7.7820829814897765
4905,7.7820829814897765
4906,7.7820829814897765
4907,7.7820829814897765
4908,7.7820829814897765
4909,7.7820829814897765
4910,7.7820829814897765
4911,7.7820829814897765
4912,7.7820829814897765
4913,7.7820829814897765
4914,7.7820829814897765
4915,7.7820829814897765
4916,7.7820829814897765
4917,7.7820829814897765
4918,7.7820829814897765
4919,7.7820829814897765
4920,7.7820829814897765
4921,7.7820829814897765
4922,7.7820829814897765
4923,7.7820829814897765
4924,7.7820829814897765
4925,7.7820829814897765
4926,7.7820829814897765
4927,7.7820829814897765
4928,7.7820829814897765
4929,7.7820829814897765
4930,7.7820829814897765
4931,7.7820829814897765
4932,7.7820829814897765
4933,7.7820829814897765
4934,7.7820829814897765
4935,7.7820829814897765
4936,7.7820829814897765
4937,7.7820829814897765
4938,7.7820829814897765
4939,7.7820829814897765
4940,7.7820829814897765
4941,7.7820829814897765
4942,7.7820829814897765
4943,7.7820829814897765
4944,7.7820829814897765
4945,7.7820829814897765
4946,7.7820829814897765
4947,7.7820829814897765
4948,7.7820829814897765
4949,7.7820829814897765
4950,7.7820829814897765
4951,7.7820829814897765
4952,7.7820829814897765
4953,7.7820829814897765
4954,7.7820829814897765
4955,7.7820829814897765
4956,7.7820829814897765
4957,7.7820829814897765
4958,7.7820829814897765
4959,7.7820829814897765
4960,7.7820829814897765
4961,7.7820829814897765
4962,7.7820829814897765
4963,7.7820829814897765
4964,7.7820829814897765
4965,7.7820829814897765
4966,7.7820829814897765
4967,7.7820829814897765
4968,7.7820829814897765
4969,7.7820829814897765
4970,7.7820829814897765
4971,7.7820829814897765
4972,7.7820829814897765
4973,7.7820829814897765
4974,7.7820829814897765
4975,7.7820829814897765
4976,7.7820829814897765
4977,7.7820829814897765
4978,7.7820829814897765
4979,7.7820829814897765
4980,7.7820829814897765
4981,7.7820829814897765
4982,7.7820829814897765
4983,7.7820829814897765
4984,7.7820829814897765
4985,7.7820829814897765
4986,7.7820829814897765
4987,7.7820829814897765
4988,7.7820829814897765
4989,7.7820829814897765
4990,7.7820829814897765
4991,7.7820829814897765
4992,7.7820829814897765
4993,7.7820829814897765
4994,7.7820829814897765
4995,7.7820829814897765
4996,7.7820829814897765
4997,7.7820829814897765
4998,7.7820829814897765
4999,7.7820829814897765
5000,7.7820829814897765
5001,7.7820829814897765
5002,7.7820829814897765
5003,7.7820829814897765
5004,7.7820829814897765
5005,7.7820829814897765
5006,7.7820829814897765
5007,7.7820829814897765
5008,7.7820829814897765
5009,7.7820829814897765
5010,7.7820829814897765
5011,7.7820829814897765
5012,7.7820829814897765
5013,7.7820829814897765
5014,7.7820829814897765
5015,7.7820829814897765
5016,7.7820829814897765
5017,7.7820829814897765
5018,7.7820829814897765
5019,7.7820829814897765
5020,7.7820829814897765
5021,7.7820829814897765
5022,7.7820829814897765
5023,7.7820829814897765
5024,7.7820829814897765
5025,7.7820829814897765
5026,7.7820829814897765
5027,7.7820829814897765
5028,7.7820829814897765
5029,7.7820829814897765
5030,7.7820829814897765
5031,7.7820829814897765
5032,7.7820829814897765
5033,7.7820829814897765
5034,7.7820829814897765
5035,7.7820829814897765
5036,7.7820829814897765
5037,7.7820829814897765
5038,7.7820829814897765
5039,7.7820829814897765
5040,7.7820829814897765
5041,7.7820829814897765
5042,7.7820829814897765
5043,7.7820829814897765
5044,7.7820829814897765
5045,7.7820829814897765
5046,7.7820829814897765
5047,7.7820829814897765
5048,7.7820829814897765
5049,7.7820829814897765
5050,7.7820829814897765
5051,7.7820829814897765
5052,7.7820829814897765
5053,7.7820829814897765
5054,7.7820829814897765
5055,7.7820829814897765
5056,7.7820829814897765
5057,7.7820829814897765
5058,7.7820829814897765
5059,7.7820829814897765
5060,7.7820829814897765
5061,7.7820829814897765
5062,7.7820829814897765
5063,7.7820829814897765
5064,7.7820829814897765
5065,7.7820829814897765
5066,7.7820829814897765
5067,7.7820829814897765
5068,7.7820829814897765
5069,7.7820829814897765
5070,7.7820829814897765
5071,7.7820829814897765
5072,7.7820829814897765
5073,7.7820829814897765
5074,7.7820829814897765
5075,7.7820829814897765
5076,7.7820829814897765
5077,7.7820829814897765
5078,7.7820829814897765
5079,7.7820829814897765
5080,7.7820829814897765
5081,7.7820829814897765
5082,7.7820829814897765
5083,7.7820829814897765
5084,7.7820829814897765
5085,7.7820829814897765
5086,7.7820829814897765
5087,7.7820829814897765
5088,7.7820829814897765
5089,7.7820829814897765
5090,7.7820829814897765
5091,7.7820829814897765
5092,7.7820829814897765
5093,7.7820829814897765
5094,7.7820829814897765
5095,7.7820829814897765
5096,7.7820829814897765
5097,7.7820829814897765
5098,7.7820829814897765
5099,7.7820829814897765
5100,7.7820829814897765
5101,7.7820829814897765
5102,7.7820829814897765
5103,7.7820829814897765
5104,7.7820829814897765
5105,7.7820829814897765
5106,7.7820829814897765
5107,7.7820829814897765
5108,7.7820829814897765
5109,7.7820829814897765
5110,7.7820829814897765
5111,7.7820829814897765
5112,7.7820829814897765
5113,7.7820829814897765
5114,7.7820829814897765
5115,7.7820829814897765
5116,7.7820829814897765
5117,7.7820829814897765
5118,7.7820829814897765
5119,7.7820829814897765
5120,7.7820829814897765
5121,7.7820829814897765
5122,7.7820829814897765
5123,7.7820829814897765
5124,7.7820829814897765
5125,7.7820829814897765
5126,7.7820829814897765
5127,7.7820829814897765
5128,7.7820829814897765
5129,7.7820829814897765
5130,7.7820829814897765
5131,7.7820829814897765
5132,7.7820829814897765
5133,7.7820829814897765
5134,7.7820829814897765
5135,7.7820829814897765
5136,7.7820829814897765
5137,7.7820829814897765
5138,7.7820829814897765
5139,7.7820829814897765
5140,7.7820829814897765
5141,7.7820829814897765
5142,7.7820829814897765
5143,7.7820829814897765
5144,7.7820829814897765
5145,7.7820829814897765
5146,7.7820829814897765
5147,7.7820829814897765
5148,7.7820829814897765
5149,7.7820829814897765
5150,7.7820829814897765
5151,7.7820829814897765
5152,7.7820829814897765
5153,7.7820829814897765
5154,7.7820829814897765
5155,7.7820829814897765
5156,7.7820829814897765
5157,7.7820829814897765
5158,7.7820829814897765
5159,7.7820829814897765
5160,7.7820829814897765
5161,7.7820829814897765
5162,7.7820829814897765
5163,7.7820829814897765
5164,7.7820829814897765
5165,7.7820829814897765
5166,7.7820829814897765
5167,7.7820829814897765
5168,7.7820829814897765
5169,7.7820829814897765
5170,7.7820829814897765
5171,7.7820829814897765
5172,7.7820829814897765
5173,7.7820829814897765
5174,7.7820829814897765
5175,7.7820829814897765
5176,7.7820829814897765
5177,7.7820829814897765
5178,7.7820829814897765
5179,7.7820829814897765
5180,7.7820829814897765
5181,7.7820829814897765
5182,7.7820829814897765
5183,7.7820829814897765
5184,7.7820829814897765
5185,7.7820829814897765
5186,7.7820829814897765
5187,7.7820829814897765
5188,7.7820829814897765
5189,7.7820829814897765
5190,7.7820829814897765
5191,7.7820829814897765
5192,7.7820829814897765
5193,7.7820829814897765
5194,7.7820829814897765
5195,7.7820829814897765
5196,7.7820829814897765
5197,7.7820829814897765
5198,7.7820829814897765
5199,7.7820829814897765
5200,7.7820829814897765
5201,7.7820829814897765
5202,7.7820829814897765
5203,7.7820829814897765
5204,7.7820829814897765
5205,7.7820829814897765
5206,7.7820829814897765
5207,7.7820829814897765
5208,7.7820829814897765
5209,7.7820829814897765
5210,7.7820829814897765
5211,7.7820829814897765
5212,7.7820829814897765
5213,7.7820829814897765
5214,7.7820829814897765
5215,7.7820829814897765
5216,7.7820829814897765
5217,7.7820829814897765
5218,7.7820829814897765
5219,7.7820829814897765
5220,7.7820829814897765
5221,7.7820829814897765
5222,7.7820829814897765
5223,7.7820829814897765
5224,7.7820829814897765
5225,7.7820829814897765
5226,7.7820829814897765
5227,7.7820829814897765
5228,7.7820829814897765
5229,7.7820829814897765
5230,7.7820829814897765
5231,7.7820829814897765
5232,7.7820829814897765
5233,7.7820829814897765
5234,7.7820829814897765
5235,7.7820829814897765
5236,7.7820829814897765
5237,7.7820829814897765
5238,7.7820829814897765
5239,7.7820829814897765
5240,7.7820829814897765
5241,7.7820829814897765
5242,7.7820829814897765
5243,7.7820829814897765
5244,7.7820829814897765
5245,7.7820829814897765
5246,7.7820829814897765
5247,7.7820829814897765
5248,7.7820829814897765
5249,7.7820829814897765
5250,7.7820829814897765
5251,7.7820829814897765
5252,7.7820829814897765
5253,7.7820829814897765
5254,7.7820829814897765
5255,7.7820829814897765
5256,7.7820829814897765
5257,7.7820829814897765
5258,7.7820829814897765
5259,7.7820829814897765
5260,7.7820829814897765
5261,7.7820829814897765
5262,7.7820829814897765
5263,7.7820829814897765
5264,7.7820829814897765
5265,7.7820829814897765
5266,7.7820829814897765
5267,7.7820829814897765
5268,7.7820829814897765
5269,7.7820829814897765
5270,7.7820829814897765
5271,7.7820829814897765
5272,7.7820829814897765
5273,7.7820829814897765
5274,7.7820829814897765
5275,7.7820829814897765
5276,7.7820829814897765
5277,7.7820829814897765
5278,7.7820829814897765
5279,7.7820829814897765
5280,7.7820829814897765
5281,7.7820829814897765
5282,7.7820829814897765
5283,7.7820829814897765
5284,7.7820829814897765
5285,7.7820829814897765
5286,7.7820829814897765
5287,7.7820829814897765
5288,7.7820829814897765
5289,7.7820829814897765
5290,7.7820829814897765
5291,7.7820829814897765
5292,7.7820829814897765
5293,7.7820829814897765
5294,7.7820829814897765
5295,7.7820829814897765
5296,7.7820829814897765
5297,7.7820829814897765
5298,7.7820829814897765
5299,7.7820829814897765
5300,7.7820829814897765
5301,7.7820829814897765
5302,7.7820829814897765
5303,7.7820829814897765
5304,7.7820829814897765
5305,7.7820829814897765
5306,7.7820829814897765
5307,7.7820829814897765
5308,7.7820829814897765
5309,7.7820829814897765
5310,7.7820829814897765
5311,7.7820829814897765
5312,7.7820829814897765
5313,7.7820829814897765
5314,7.7820829814897765
5315,7.7820829814897765
5316,7.7820829814897765
5317,7.7820829814897765
5318,7.7820829814897765
5319,7.7820829814897765
5320,7.7820829814897765
5321,7.7820829814897765
5322,7.7820829814897765
5323,7.7820829814897765
5324,7.7820829814897765
5325,7.7820829814897765
5326,7.7820829814897765
5327,7.7820829814897765
5328,7.7820829814897765
5329,7.7820829814897765
5330,7.7820829814897765
5331,7.7820829814897765
5332,7.7820829814897765
5333,7.7820829814897765
5334,7.7820829814897765
5335,7.7820829814897765
5336,7.7820829814897765
5337,7.7820829814897765
5338,7.7820829814897765
5339,7.7820829814897765
5340,7.7820829814897765
5341,7.7820829814897765
5342,7.7820829814897765
5343,7.7820829814897765
5344,7.7820829814897765
5345,7.7820829814897765
5346,7.7820829814897765
5347,7.7820829814897765
5348,7.7820829814897765
5349,7.7820829814897765
5350,7.7820829814897765
5351,7.7820829814897765
5352,7.7820829814897765
5353,7.7820829814897765
5354,7.7820829814897765
5355,7.7820829814897765
5356,7.7820829814897765
5357,7.7820829814897765
5358,7.7820829814897765
5359,7.7820829814897765
5360,7.7820829814897765
5361,7.7820829814897765
5362,7.7820829814897765
5363,7.7820829814897765
5364,7.7820829814897765
5365,7.7820829814897765
5366,7.7820829814897765
5367,7.7820829814897765
5368,7.7820829814897765
5369,7.7820829814897765
5370,7.7820829814897765
5371,7.7820829814897765
5372,7.7820829814897765
5373,7.7820829814897765
5374,7.7820829814897765
5375,7.7820829814897765
5376,7.7820829814897765
5377,7.7820829814897765
5378,7.7820829814897765
5379,7.7820829814897765
5380,7.7820829814897765
5381,7.7820829814897765
5382,7.7820829814897765
5383,7.7820829814897765
5384,7.7820829814897765
5385,7.7820829814897765
5386,7.7820829814897765
5387,7.7820829814897765
5388,7.7820829814897765
5389,7.7820829814897765
5390,7.7820829814897765
5391,7.7820829814897765
5392,7.7820829814897765
5393,7.7820829814897765
5394,7.7820829814897765
5395,7.7820829814897765
5396,7.7820829814897765
5397,7.7820829814897765
5398,7.7820829814897765
5399,7.7820829814897765
5400,7.7820829814897765
5401,7.7820829814897765
5402,7.7820829814897765
5403,7.7820829814897765
5404,7.7820829814897765
5405,7.7820829814897765
5406,7.7820829814897765
5407,7.7820829814897765
5408,7.7820829814897765
5409,7.7820829814897765
5410,7.7820829814897765
5411,7.7820829814897765
5412,7.7820829814897765
5413,7.7820829814897765
5414,7.7820829814897765
5415,7.7820829814897765
5416,7.7820829814897765
5417,7.7820829814897765
5418,7.7820829814897765
5419,7.7820829814897765
5420,7.7820829814897765
5421,7.7820829814897765
5422,7.7820829814897765
5423,7.7820829814897765
5424,7.7820829814897765
5425,7.7820829814897765
5426,7.7820829814897765
5427,7.7820829814897765
5428,7.7820829814897765
5429,7.7820829814897765
5430,7.7820829814897765
5431,7.7820829814897765
5432,7.7820829814897765
5433,7.7820829814897765
5434,7.7820829814897765
5435,7.7820829814897765
5436,7.7820829814897765
5437,7.7820829814897765
5438,7.7820829814897765
5439,7.7820829814897765
5440,7.7820829814897765
5441,7.7820829814897765
5442,7.7820829814897765
5443,7.7820829814897765
5444,7.7820829814897765
5445,7.7820829814897765
5446,7.7820829814897765
5447,7.7820829814897765
5448,7.7820829814897765
5449,7.7820829814897765
5450,7.7820829814897765
5451,7.7820829814897765
5452,7.7820829814897765
5453,7.7820829814897765
5454,7.7820829814897765
5455,7.7820829814897765
5456,7.7820829814897765
5457,7.7820829814897765
5458,7.7820829814897765
5459,7.7820829814897765
5460,7.7820829814897765
5461,7.7820829814897765
5462,7.7820829814897765
5463,7.7820829814897765
5464,7.7820829814897765
5465,7.7820829814897765
5466,7.7820829814897765
5467,7.7820829814897765
5468,7.7820829814897765
5469,7.7820829814897765
5470,7.7820829814897765
5471,7.7820829814897765
5472,7.7820829814897765
5473,7.7820829814897765
5474,7.7820829814897765
5475,7.7820829814897765
5476,7.7820829814897765
5477,7.7820829814897765
5478,7.7820829814897765
5479,7.7820829814897765
5480,7.7820829814897765
5481,7.7820829814897765
5482,7.7820829814897765
5483,7.7820829814897765
5484,7.7820829814897765
5485,7.7820829814897765
5486,7.7820829814897765
5487,7.7820829814897765
5488,7.7820829814897765
5489,7.7820829814897765
5490,7.7820829814897765
5491,7.7820829814897765
5492,7.7820829814897765
5493,7.7820829814897765
5494,7.7820829814897765
5495,7.7820829814897765
5496,7.7820829814897765
5497,7.7820829814897765
5498,7.7820829814897765
5499,7.7820829814897765
5500,7.7820829814897765
5501,7.7820829814897765
5502,7.7820829814897765
5503,7.7820829814897765
5504,7.7820829814897765
5505,7.7820829814897765
5506,7.7820829814897765
5507,7.7820829814897765
5508,7.7820829814897765
5509,7.7820829814897765
5510,7.7820829814897765
5511,7.7820829814897765
5512,7.7820829814897765
5513,7.7820829814897765
5514,7.7820829814897765
5515,7.7820829814897765
5516,7.7820829814897765
5517,7.7820829814897765
5518,7.7820829814897765
5519,7.7820829814897765
5520,7.7820829814897765
5521,7.7820829814897765
5522,7.7820829814897765
5523,7.7820829814897765
5524,7.7820829814897765
5525,7.7820829814897765
5526,7.7820829814897765
5527,7.7820829814897765
5528,7.7820829814897765
5529,7.7820829814897765
5530,7.7820829814897765
5531,7.7820829814897765
5532,7.7820829814897765
5533,7.7820829814897765
5534,7.7820829814897765
5535,7.7820829814897765
5536,7.7820829814897765
5537,7.7820829814897765
5538,7.7820829814897765
5539,7.7820829814897765
5540,7.7820829814897765
5541,7.7820829814897765
5542,7.7820829814897765
5543,7.7820829814897765
5544,7.7820829814897765
5545,7.7820829814897765
5546,7.7820829814897765
5547,7.7820829814897765
5548,7.7820829814897765
5549,7.7820829814897765
5550,7.7820829814897765
5551,7.7820829814897765
5552,7.7820829814897765
5553,7.7820829814897765
5554,7.7820829814897765
5555,7.7820829814897765
5556,7.7820829814897765
5557,7.7820829814897765
5558,7.7820829814897765
5559,7.7820829814897765
5560,7.7820829814897765
5561,7.7820829814897765
5562,7.7820829814897765
5563,7.7820829814897765
5564,7.7820829814897765
5565,7.7820829814897765
5566,7.7820829814897765
5567,7.7820829814897765
5568,7.7820829814897765
5569,7.7820829814897765
5570,7.7820829814897765
5571,7.7820829814897765
5572,7.7820829814897765
5573,7.7820829814897765
5574,7.7820829814897765
5575,7.7820829814897765
5576,7.7820829814897765
5577,7.7820829814897765
5578,7.7820829814897765
5579,7.7820829814897765
5580,7.7820829814897765
5581,7.7820829814897765
5582,7.7820829814897765
5583,7.7820829814897765
5584,7.7820829814897765
5585,7.7820829814897765
5586,7.7820829814897765
5587,7.7820829814897765
5588,7.7820829814897765
5589,7.7820829814897765
5590,7.7820829814897765
5591,7.7820829814897765
5592,7.7820829814897765
5593,7.7820829814897765
5594,7.7820829814897765
5595,7.7820829814897765
5596,7.7820829814897765
5597,7.7820829814897765
5598,7.7820829814897765
5599,7.7820829814897765
5600,7.7820829814897765
5601,7.7820829814897765
5602,7.7820829814897765
5603,7.7820829814897765
5604,7.7820829814897765
5605,7.7820829814897765
5606,7.7820829814897765
5607,7.7820829814897765
5608,7.7820829814897765
5609,7.7820829814897765
5610,7.7820829814897765
5611,7.7820829814897765
5612,7.7820829814897765
5613,7.7820829814897765
5614,7.7820829814897765
5615,7.7820829814897765
5616,7.7820829814897765
5617,7.7820829814897765
5618,7.7820829814897765
5619,7.7820829814897765
5620,7.7820829814897765
5621,7.7820829814897765
5622,7.7820829814897765
5623,7.7820829814897765
5624,7.7820829814897765
5625,7.7820829814897765
5626,7.7820829814897765
5627,7.7820829814897765
5628,7.7820829814897765
5629,7.7820829814897765
5630,7.7820829814897765
5631,7.7820829814897765
5632,7.7820829814897765
5633,7.7820829814897765
5634,7.7820829814897765
5635,7.7820829814897765
5636,7.7820829814897765
5637,7.7820829814897765
5638,7.7820829814897765
5639,7.7820829814897765
5640,7.7820829814897765
5641,7.7820829814897765
5642,7.7820829814897765
5643,7.7820829814897765
5644,7.7820829814897765
5645,7.7820829814897765
5646,7.7820829814897765
5647,7.7820829814897765
5648,7.7820829814897765
5649,7.7820829814897765
5650,7.7820829814897765
5651,7.7820829814897765
5652,7.7820829814897765
5653,7.7820829814897765
5654,7.7820829814897765
5655,7.7820829814897765
5656,7.7820829814897765
5657,7.7820829814897765
5658,7.7820829814897765
5659,7.7820829814897765
5660,7.7820829814897765
5661,7.7820829814897765
5662,7.7820829814897765
5663,7.7820829814897765
5664,7.7820829814897765
5665,7.7820829814897765
5666,7.7820829814897765
5667,7.7820829814897765
5668,7.7820829814897765
5669,7.7820829814897765
5670,7.7820829814897765
5671,7.7820829814897765
5672,7.7820829814897765
5673,7.7820829814897765
5674,7.7820829814897765
5675,7.7820829814897765
5676,7.7820829814897765
5677,7.7820829814897765
5678,7.7820829814897765
5679,7.7820829814897765
5680,7.7820829814897765
5681,7.7820829814897765
5682,7.7820829814897765
5683,7.7820829814897765
5684,7.7820829814897765
5685,7.7820829814897765
5686,7.7820829814897765
5687,7.7820829814897765
5688,7.7820829814897765
5689,7.7820829814897765
5690,7.7820829814897765
5691,7.7820829814897765
5692,7.7820829814897765
5693,7.7820829814897765
5694,7.7820829814897765
5695,7.7820829814897765
5696,7.7820829814897765
5697,7.7820829814897765
5698,7.7820829814897765
5699,7.7820829814897765
5700,7.7820829814897765
5701,7.7820829814897765
5702,7.7820829814897765
5703,7.7820829814897765
5704,7.7820829814897765
5705,7.7820829814897765
5706,7.7820829814897765
5707,7.7820829814897765
5708,7.7820829814897765
5709,7.7820829814897765
5710,7.7820829814897765
5711,7.7820829814897765
5712,7.7820829814897765
5713,7.7820829814897765
5714,7.7820829814897765
5715,7.7820829814897765
5716,7.7820829814897765
5717,7.7820829814897765
5718,7.7820829814897765
5719,7.7820829814897765
5720,7.7820829814897765
5721,7.7820829814897765
5722,7.7820829814897765
5723,7.7820829814897765
5724,7.7820829814897765
5725,7.7820829814897765
5726,7.7820829814897765
5727,7.7820829814897765
5728,7.7820829814897765
5729,7.7820829814897765
5730,7.7820829814897765
5731,7.7820829814897765
5732,7.7820829814897765
5733,7.7820829814897765
5734,7.7820829814897765
5735,7.7820829814897765
5736,7.7820829814897765
5737,7.7820829814897765
5738,7.7820829814897765
5739,7.7820829814897765
5740,7.7820829814897765
5741,7.7820829814897765
5742,7.7820829814897765
5743,7.7820829814897765
5744,7.7820829814897765
5745,7.7820829814897765
5746,7.7820829814897765
5747,7.7820829814897765
5748,7.7820829814897765
5749,7.7820829814897765
5750,7.7820829814897765
5751,7.7820829814897765
5752,7.7820829814897765
5753,7.7820829814897765
5754,7.7820829814897765
5755,7.7820829814897765
5756,7.7820829814897765
5757,7.7820829814897765
5758,7.7820829814897765
5759,7.7820829814897765
5760,7.7820829814897765
5761,7.7820829814897765
5762,7.7820829814897765
5763,7.7820829814897765
5764,7.7820829814897765
5765,7.7820829814897765
5766,7.7820829814897765
5767,7.7820829814897765
5768,7.7820829814897765
5769,7.7820829814897765
5770,7.7820829814897765
5771,7.7820829814897765
5772,7.7820829814897765
5773,7.7820829814897765
5774,7.7820829814897765
5775,7.7820829814897765
5776,7.7820829814897765
5777,7.7820829814897765
5778,7.7820829814897765
5779,7.7820829814897765
5780,7.7820829814897765
5781,7.7820829814897765
5782,7.7820829814897765
5783,7.7820829814897765
5784,7.7820829814897765
5785,7.7820829814897765
5786,7.7820829814897765
5787,7.7820829814897765
5788,7.7820829814897765
5789,7.7820829814897765
5790,7.7820829814897765
5791,7.7820829814897765
5792,7.7820829814897765
5793,7.7820829814897765
5794,7.7820829814897765
5795,7.7820829814897765
5796,7.7820829814897765
5797,7.7820829814897765
5798,7.7820829814897765
5799,7.7820829814897765
5800,7.7820829814897765
5801,7.7820829814897765
5802,7.7820829814897765
5803,7.7820829814897765
5804,7.7820829814897765
5805,7.7820829814897765
5806,7.7820829814897765
5807,7.7820829814897765
5808,7.7820829814897765
5809,7.7820829814897765
5810,7.7820829814897765
5811,7.7820829814897765
5812,7.7820829814897765
5813,7.7820829814897765
5814,7.7820829814897765
5815,7.7820829814897765
5816,7.7820829814897765
5817,7.7820829814897765
5818,7.7820829814897765
5819,7.7820829814897765
5820,7.7820829814897765
5821,7.7820829814897765
5822,7.7820829814897765
5823,7.7820829814897765
5824,7.7820829814897765
5825,7.7820829814897765
5826,7.7820829814897765
5827,7.7820829814897765
5828,7.7820829814897765
5829,7.7820829814897765
5830,7.7820829814897765
5831,7.7820829814897765
5832,7.7820829814897765
5833,7.7820829814897765
5834,7.7820829814897765
5835,7.7820829814897765
5836,7.7820829814897765
5837,7.7820829814897765
5838,7.7820829814897765
5839,7.7820829814897765
5840,7.7820829814897765
5841,7.7820829814897765
5842,7.7820829814897765
5843,7.7820829814897765
5844,7.7820829814897765
5845,7.7820829814897765
5846,7.7820829814897765
5847,7.7820829814897765
5848,7.7820829814897765
5849,7.7820829814897765
5850,7.7820829814897765
5851,7.7820829814897765
5852,7.7820829814897765
5853,7.7820829814897765
5854,7.7820829814897765
5855,7.7820829814897765
5856,7.7820829814897765
5857,7.7820829814897765
5858,7.7820829814897765
5859,7.7820829814897765
5860,7.7820829814897765
5861,7.7820829814897765
5862,7.7820829814897765
5863,7.7820829814897765
5864,7.7820829814897765
5865,7.7820829814897765
5866,7.7820829814897765
5867,7.7820829814897765
5868,7.7820829814897765
5869,7.7820829814897765
5870,7.7820829814897765
5871,7.7820829814897765
5872,7.7820829814897765
5873,7.7820829814897765
5874,7.7820829814897765
5875,7.7820829814897765
5876,7.7820829814897765
5877,7.7820829814897765
5878,7.7820829814897765
5879,7.7820829814897765
5880,7.7820829814897765
5881,7.7820829814897765
5882,7.7820829814897765
5883,7.7820829814897765
5884,7.7820829814897765
5885,7.7820829814897765
5886,7.7820829814897765
5887,7.7820829814897765
5888,7.7820829814897765
5889,7.7820829814897765
5890,7.7820829814897765
5891,7.7820829814897765
5892,7.7820829814897765
5893,7.7820829814897765
5894,7.7820829814897765
5895,7.7820829814897765
5896,7.7820829814897765
5897,7.7820829814897765
5898,7.7820829814897765
5899,7.7820829814897765
5900,7.7820829814897765
5901,7.7820829814897765
5902,7.7820829814897765
5903,7.7820829814897765
5904,7.7820829814897765
5905,7.7820829814897765
5906,7.7820829814897765
5907,7.7820829814897765
5908,7.7820829814897765
5909,7.7820829814897765
5910,7.7820829814897765
5911,7.7820829814897765
5912,7.7820829814897765
5913,7.7820829814897765
5914,7.7820829814897765
5915,7.7820829814897765
5916,7.7820829814897765
5917,7.7820829814897765
5918,7.7820829814897765
5919,7.7820829814897765
5920,7.7820829814897765
5921,7.7820829814897765
5922,7.7820829814897765
5923,7.7820829814897765
5924,7.7820829814897765
5925,7.7820829814897765
5926,7.7820829814897765
5927,7.7820829814897765
5928,7.7820829814897765
5929,7.7820829814897765
5930,7.7820829814897765
5931,7.7820829814897765
5932,7.7820829814897765
5933,7.7820829814897765
5934,7.7820829814897765
5935,7.7820829814897765
5936,7.7820829814897765
5937,7.7820829814897765
5938,7.7820829814897765
5939,7.7820829814897765
5940,7.7820829814897765
5941,7.7820829814897765
5942,7.7820829814897765
5943,7.7820829814897765
5944,7.7820829814897765
5945,7.7820829814897765
5946,7.7820829814897765
5947,7.7820829814897765
5948,7.7820829814897765
5949,7.7820829814897765
5950,7.7820829814897765
5951,7.7820829814897765
5952,7.7820829814897765
5953,7.7820829814897765
5954,7.7820829814897765
5955,7.7820829814897765
5956,7.7820829814897765
5957,7.7820829814897765
5958,7.7820829814897765
5959,7.7820829814897765
5960,7.7820829814897765
5961,7.7820829814897765
5962,7.7820829814897765
5963,7.7820829814897765
5964,7.7820829814897765
5965,7.7820829814897765
5966,7.7820829814897765
5967,7.7820829814897765
5968,7.7820829814897765
5969,7.7820829814897765
5970,7.7820829814897765
5971,7.7820829814897765
5972,7.7820829814897765
5973,7.7820829814897765
5974,7.7820829814897765
5975,7.7820829814897765
5976,7.7820829814897765
5977,7.7820829814897765
5978,7.7820829814897765
5979,7.7820829814897765
5980,7.7820829814897765
5981,7.7820829814897765
5982,7.7820829814897765
5983,7.7820829814897765
5984,7.7820829814897765
5985,7.7820829814897765
5986,7.7820829814897765
5987,7.7820829814897765
5988,7.7820829814897765
5989,7.7820829814897765
5990,7.7820829814897765
5991,7.7820829814897765
5992,7.7820829814897765
5993,7.7820829814897765
5994,7.7820829814897765
5995,7.7820829814897765
5996,7.7820829814897765
5997,7.7820829814897765
5998,7.7820829814897765
5999,7.7820829814897765
6000,7.7820829814897765
6001,7.7820829814897765
6002,7.7820829814897765
6003,7.7820829814897765
6004,7.7820829814897765
6005,7.7820829814897765
6006,7.7820829814897765
6007,7.7820829814897765
6008,7.7820829814897765
6009,7.7820829814897765
6010,7.7820829814897765
6011,7.7820829814897765
6012,7.7820829814897765
6013,7.7820829814897765
6014,7.7820829814897765
6015,7.7820829814897765
6016,7.7820829814897765
6017,7.7820829814897765
6018,7.7820829814897765
6019,7.7820829814897765
6020,7.7820829814897765
6021,7.7820829814897765
6022,7.7820829814897765
6023,7.7820829814897765
6024,7.7820829814897765
6025,7.7820829814897765
6026,7.7820829814897765
6027,7.7820829814897765
6028,7.7820829814897765
6029,7.7820829814897765
6030,7.7820829814897765
6031,7.7820829814897765
6032,7.7820829814897765
6033,7.7820829814897765
6034,7.7820829814897765
6035,7.7820829814897765
6036,7.7820829814897765
6037,7.7820829814897765
6038,7.7820829814897765
6039,7.7820829814897765
6040,7.7820829814897765
6041,7.7820829814897765
6042,7.7820829814897765
6043,7.7820829814897765
6044,7.7820829814897765
6045,7.7820829814897765
6046,7.7820829814897765
6047,7.7820829814897765
6048,7.7820829814897765
6049,7.7820829814897765
6050,7.7820829814897765
6051,7.7820829814897765
6052,7.7820829814897765
6053,7.7820829814897765
6054,7.7820829814897765
6055,7.7820829814897765
6056,7.7820829814897765
6057,7.7820829814897765
6058,7.7820829814897765
6059,7.7820829814897765
6060,7.7820829814897765
6061,7.7820829814897765
6062,7.7820829814897765
6063,7.7820829814897765
6064,7.7820829814897765
6065,7.7820829814897765
6066,7.7820829814897765
6067,7.7820829814897765
6068,7.7820829814897765
6069,7.7820829814897765
6070,7.7820829814897765
6071,7.7820829814897765
6072,7.7820829814897765
6073,7.7820829814897765
6074,7.7820829814897765
6075,7.7820829814897765
6076,7.7820829814897765
6077,7.7820829814897765
6078,7.7820829814897765
6079,7.7820829814897765
6080,7.7820829814897765
6081,7.7820829814897765
6082,7.7820829814897765
6083,7.7820829814897765
6084,7.7820829814897765
6085,7.7820829814897765
6086,7.7820829814897765
6087,7.7820829814897765
6088,7.7820829814897765
6089,7.7820829814897765
6090,7.7820829814897765
6091,7.7820829814897765
6092,7.7820829814897765
6093,7.7820829814897765
6094,7.7820829814897765
6095,7.7820829814897765
6096,7.7820829814897765
6097,7.7820829814897765
6098,7.7820829814897765
6099,7.7820829814897765
6100,7.7820829814897765
6101,7.7820829814897765
6102,7.7820829814897765
6103,7.7820829814897765
6104,7.7820829814897765
6105,7.7820829814897765
6106,7.7820829814897765
6107,7.7820829814897765
6108,7.7820829814897765
6109,7.7820829814897765
6110,7.7820829814897765
6111,7.7820829814897765
6112,7.7820829814897765
6113,7.7820829814897765
6114,7.7820829814897765
6115,7.7820829814897765
6116,7.7820829814897765
6117,7.7820829814897765
6118,7.7820829814897765
6119,7.7820829814897765
6120,7.7820829814897765
6121,7.7820829814897765
6122,7.7820829814897765
6123,7.7820829814897765
6124,7.7820829814897765
6125,7.7820829814897765
6126,7.7820829814897765
6127,7.7820829814897765
6128,7.7820829814897765
6129,7.7820829814897765
6130,7.7820829814897765
6131,7.7820829814897765
6132,7.7820829814897765
6133,7.7820829814897765
6134,7.7820829814897765
6135,7.7820829814897765
6136,7.7820829814897765
6137,7.7820829814897765
6138,7.7820829814897765
6139,7.7820829814897765
6140,7.7820829814897765
6141,7.7820829814897765
6142,7.7820829814897765
6143,7.7820829814897765
6144,7.7820829814897765
6145,7.7820829814897765
6146,7.7820829814897765
6147,7.7820829814897765
6148,7.7820829814897765
6149,7.7820829814897765
6150,7.7820829814897765
6151,7.7820829814897765
6152,7.7820829814897765
6153,7.7820829814897765
6154,7.7820829814897765
6155,7.7820829814897765
6156,7.7820829814897765
6157,7.7820829814897765
6158,7.7820829814897765
6159,7.7820829814897765
6160,7.7820829814897765
6161,7.7820829814897765
6162,7.7820829814897765
6163,7.7820829814897765
6164,7.7820829814897765
6165,7.7820829814897765
6166,7.7820829814897765
6167,7.7820829814897765
6168,7.7820829814897765
6169,7.7820829814897765
6170,7.7820829814897765
6171,7.7820829814897765
6172,7.7820829814897765
6173,7.7820829814897765
6174,7.7820829814897765
6175,7.7820829814897765
6176,7.7820829814897765
6177,7.7820829814897765
6178,7.7820829814897765
6179,7.7820829814897765
6180,7.7820829814897765
6181,7.7820829814897765
6182,7.7820829814897765
6183,7.7820829814897765
6184,7.7820829814897765
6185,7.7820829814897765
6186,7.7820829814897765
6187,7.7820829814897765
6188,7.7820829814897765
6189,7.7820829814897765
6190,7.7820829814897765
6191,7.7820829814897765
6192,7.7820829814897765
6193,7.7820829814897765
6194,7.7820829814897765
6195,7.7820829814897765
6196,7.7820829814897765
6197,7.7820829814897765
6198,7.7820829814897765
6199,7.7820829814897765
6200,7.7820829814897765
6201,7.7820829814897765
6202,7.7820829814897765
6203,7.7820829814897765
6204,7.7820829814897765
6205,7.7820829814897765
6206,7.7820829814897765
6207,7.7820829814897765
6208,7.7820829814897765
6209,7.7820829814897765
6210,7.7820829814897765
6211,7.7820829814897765
6212,7.7820829814897765
6213,7.7820829814897765
6214,7.7820829814897765
6215,7.7820829814897765
6216,7.7820829814897765
6217,7.7820829814897765
6218,7.7820829814897765
6219,7.7820829814897765
6220,7.7820829814897765
6221,7.7820829814897765
6222,7.7820829814897765
6223,7.7820829814897765
6224,7.7820829814897765
6225,7.7820829814897765
6226,7.7820829814897765
6227,7.7820829814897765
6228,7.7820829814897765
6229,7.7820829814897765
6230,7.7820829814897765
6231,7.7820829814897765
6232,7.7820829814897765
6233,7.7820829814897765
6234,7.7820829814897765
6235,7.7820829814897765
6236,7.7820829814897765
6237,7.7820829814897765
6238,7.7820829814897765
6239,7.7820829814897765
6240,7.7820829814897765
6241,7.7820829814897765
6242,7.7820829814897765
6243,7.7820829814897765
6244,7.7820829814897765
6245,7.7820829814897765
6246,7.7820829814897765
6247,7.7820829814897765
6248,7.7820829814897765
6249,7.7820829814897765
6250,7.7820829814897765
6251,7.7820829814897765
6252,7.7820829814897765
6253,7.7820829814897765
6254,7.7820829814897765
6255,7.7820829814897765
6256,7.7820829814897765
6257,7.7820829814897765
6258,7.7820829814897765
6259,7.7820829814897765
6260,7.7820829814897765
6261,7.7820829814897765
6262,7.7820829814897765
6263,7.7820829814897765
6264,7.7820829814897765
6265,7.7820829814897765
6266,7.7820829814897765
6267,7.7820829814897765
6268,7.7820829814897765
6269,7.7820829814897765
6270,7.7820829814897765
6271,7.7820829814897765
6272,7.7820829814897765
6273,7.7820829814897765
6274,7.7820829814897765
6275,7.7820829814897765
6276,7.7820829814897765
6277,7.7820829814897765
6278,7.7820829814897765
6279,7.7820829814897765
6280,7.7820829814897765
6281,7.7820829814897765
6282,7.7820829814897765
6283,7.7820829814897765
6284,7.7820829814897765
6285,7.7820829814897765
6286,7.7820829814897765
6287,7.7820829814897765
6288,7.7820829814897765
6289,7.7820829814897765
6290,7.7820829814897765
6291,7.7820829814897765
6292,7.7820829814897765
6293,7.7820829814897765
6294,7.7820829814897765
6295,7.7820829814897765
6296,7.7820829814897765
6297,7.7820829814897765
6298,7.7820829814897765
6299,7.7820829814897765
6300,7.7820829814897765
6301,7.7820829814897765
6302,7.7820829814897765
6303,7.7820829814897765
6304,7.7820829814897765
6305,7.7820829814897765
6306,7.7820829814897765
6307,7.7820829814897765
6308,7.7820829814897765
6309,7.7820829814897765
6310,7.7820829814897765
6311,7.7820829814897765
6312,7.7820829814897765
6313,7.7820829814897765
6314,7.7820829814897765
6315,7.7820829814897765
6316,7.7820829814897765
6317,7.7820829814897765
6318,7.7820829814897765
6319,7.7820829814897765
6320,7.7820829814897765
6321,7.7820829814897765
6322,7.7820829814897765
6323,7.7820829814897765
6324,7.7820829814897765
6325,7.7820829814897765
6326,7.7820829814897765
6327,7.7820829814897765
6328,7.7820829814897765
6329,7.7820829814897765
6330,7.7820829814897765
6331,7.7820829814897765
6332,7.7820829814897765
6333,7.7820829814897765
6334,7.7820829814897765
6335,7.7820829814897765
6336,7.7820829814897765
6337,7.7820829814897765
6338,7.7820829814897765
6339,7.7820829814897765
6340,7.7820829814897765
6341,7.7820829814897765
6342,7.7820829814897765
6343,7.7820829814897765
6344,7.7820829814897765
6345,7.7820829814897765
6346,7.7820829814897765
6347,7.7820829814897765
6348,7.7820829814897765
6349,7.7820829814897765
6350,7.7820829814897765
6351,7.7820829814897765
6352,7.7820829814897765
6353,7.7820829814897765
6354,7.7820829814897765
6355,7.7820829814897765
6356,7.7820829814897765
6357,7.7820829814897765
6358,7.7820829814897765
6359,7.7820829814897765
6360,7.7820829814897765
6361,7.7820829814897765
6362,7.7820829814897765
6363,7.7820829814897765
6364,7.7820829814897765
6365,7.7820829814897765
6366,7.7820829814897765
6367,7.7820829814897765
6368,7.7820829814897765
6369,7.7820829814897765
6370,7.7820829814897765
6371,7.7820829814897765
6372,7.7820829814897765
6373,7.7820829814897765
6374,7.7820829814897765
6375,7.7820829814897765
6376,7.7820829814897765
6377,7.7820829814897765
6378,7.7820829814897765
6379,7.7820829814897765
6380,7.7820829814897765
6381,7.7820829814897765
6382,7.7820829814897765
6383,7.7820829814897765
6384,7.7820829814897765
6385,7.7820829814897765
6386,7.7820829814897765
6387,7.7820829814897765
6388,7.7820829814897765
6389,7.7820829814897765
6390,7.7820829814897765
6391,7.7820829814897765
6392,7.7820829814897765
6393,7.7820829814897765
6394,7.7820829814897765
6395,7.7820829814897765
6396,7.7820829814897765
6397,7.7820829814897765
6398,7.7820829814897765
6399,7.7820829814897765
6400,7.7820829814897765
6401,7.7820829814897765
6402,7.7820829814897765
6403,7.7820829814897765
6404,7.7820829814897765
6405,7.7820829814897765
6406,7.7820829814897765
6407,7.7820829814897765
6408,7.7820829814897765
6409,7.7820829814897765
6410,7.7820829814897765
6411,7.7820829814897765
6412,7.7820829814897765
6413,7.7820829814897765
6414,7.7820829814897765
6415,7.7820829814897765
6416,7.7820829814897765
6417,7.7820829814897765
6418,7.7820829814897765
6419,7.7820829814897765
6420,7.7820829814897765
6421,7.7820829814897765
6422,7.7820829814897765
6423,7.7820829814897765
6424,7.7820829814897765
6425,7.7820829814897765
6426,7.7820829814897765
6427,7.7820829814897765
6428,7.7820829814897765
6429,7.7820829814897765
6430,7.7820829814897765
6431,7.7820829814897765
6432,7.7820829814897765
6433,7.7820829814897765
6434,7.7820829814897765
6435,7.7820829814897765
6436,7.7820829814897765
6437,7.7820829814897765
6438,7.7820829814897765
6439,7.7820829814897765
6440,7.7820829814897765
6441,7.7820829814897765
6442,7.7820829814897765
6443,7.7820829814897765
6444,7.7820829814897765
6445,7.7820829814897765
6446,7.7820829814897765
6447,7.7820829814897765
6448,7.7820829814897765
6449,7.7820829814897765
6450,7.7820829814897765
6451,7.7820829814897765
6452,7.7820829814897765
6453,7.7820829814897765
6454,7.7820829814897765
6455,7.7820829814897765
6456,7.7820829814897765
6457,7.7820829814897765
6458,7.7820829814897765
6459,7.7820829814897765
6460,7.7820829814897765
6461,7.7820829814897765
6462,7.7820829814897765
6463,7.7820829814897765
6464,7.7820829814897765
6465,7.7820829814897765
6466,7.7820829814897765
6467,7.7820829814897765
6468,7.7820829814897765
6469,7.7820829814897765
6470,7.7820829814897765
6471,7.7820829814897765
6472,7.7820829814897765
6473,7.7820829814897765
6474,7.7820829814897765
6475,7.7820829814897765
6476,7.7820829814897765
6477,7.7820829814897765
6478,7.7820829814897765
6479,7.7820829814897765
6480,7.7820829814897765
6481,7.7820829814897765
6482,7.7820829814897765
6483,7.7820829814897765
6484,7.7820829814897765
6485,7.7820829814897765
6486,7.7820829814897765
6487,7.7820829814897765
6488,7.7820829814897765
6489,7.7820829814897765
6490,7.7820829814897765
6491,7.7820829814897765
6492,7.7820829814897765
6493,7.7820829814897765
6494,7.7820829814897765
6495,7.7820829814897765
6496,7.7820829814897765
6497,7.7820829814897765
6498,7.7820829814897765
6499,7.7820829814897765
6500,7.7820829814897765
6501,7.7820829814897765
6502,7.7820829814897765
6503,7.7820829814897765
6504,7.7820829814897765
6505,7.7820829814897765
6506,7.7820829814897765
6507,7.7820829814897765
6508,7.7820829814897765
6509,7.7820829814897765
6510,7.7820829814897765
6511,7.7820829814897765
6512,7.7820829814897765
6513,7.7820829814897765
6514,7.7820829814897765
6515,7.7820829814897765
6516,7.7820829814897765
6517,7.7820829814897765
6518,7.7820829814897765
6519,7.7820829814897765
6520,7.7820829814897765
6521,7.7820829814897765
6522,7.7820829814897765
6523,7.7820829814897765
6524,7.7820829814897765
6525,7.7820829814897765
6526,7.7820829814897765
6527,7.7820829814897765
6528,7.7820829814897765
6529,7.7820829814897765
6530,7.7820829814897765
6531,7.7820829814897765
6532,7.7820829814897765
6533,7.7820829814897765
6534,7.7820829814897765
6535,7.7820829814897765
6536,7.7820829814897765
6537,7.7820829814897765
6538,7.7820829814897765
6539,7.7820829814897765
6540,7.7820829814897765
6541,7.7820829814897765
6542,7.7820829814897765
6543,7.7820829814897765
6544,7.7820829814897765
6545,7.7820829814897765
6546,7.7820829814897765
6547,7.7820829814897765
6548,7.7820829814897765
6549,7.7820829814897765
6550,7.7820829814897765
6551,7.7820829814897765
6552,7.7820829814897765
6553,7.7820829814897765
6554,7.7820829814897765
6555,7.7820829814897765
6556,7.7820829814897765
6557,7.7820829814897765
6558,7.7820829814897765
6559,7.7820829814897765
6560,7.7820829814897765
6561,7.7820829814897765
6562,7.7820829814897765
6563,7.7820829814897765
6564,7.7820829814897765
6565,7.7820829814897765
6566,7.7820829814897765
6567,7.7820829814897765
6568,7.7820829814897765
6569,7.7820829814897765
6570,7.7820829814897765
6571,7.7820829814897765
6572,7.7820829814897765
6573,7.7820829814897765
6574,7.7820829814897765
6575,7.7820829814897765
6576,7.7820829814897765
6577,7.7820829814897765
6578,7.7820829814897765
6579,7.7820829814897765
6580,7.7820829814897765
6581,7.7820829814897765
6582,7.7820829814897765
6583,7.7820829814897765
6584,7.7820829814897765
6585,7.7820829814897765
6586,7.7820829814897765
6587,7.7820829814897765
6588,7.7820829814897765
6589,7.7820829814897765
6590,7.7820829814897765
6591,7.7820829814897765
6592,7.7820829814897765
6593,7.7820829814897765
6594,7.7820829814897765
6595,7.7820829814897765
6596,7.7820829814897765
6597,7.7820829814897765
6598,7.7820829814897765
6599,7.7820829814897765
6600,7.7820829814897765
6601,7.7820829814897765
6602,7.7820829814897765
6603,7.7820829814897765
6604,7.7820829814897765
6605,7.7820829814897765
6606,7.7820829814897765
6607,7.7820829814897765
6608,7.7820829814897765
6609,7.7820829814897765
6610,7.7820829814897765
6611,7.7820829814897765
6612,7.7820829814897765
6613,7.7820829814897765
6614,7.7820829814897765
6615,7.7820829814897765
6616,7.7820829814897765
6617,7.7820829814897765
6618,7.7820829814897765
6619,7.7820829814897765
6620,7.7820829814897765
6621,7.7820829814897765
6622,7.7820829814897765
6623,7.7820829814897765
6624,7.7820829814897765
6625,7.7820829814897765
6626,7.7820829814897765
6627,7.7820829814897765
6628,7.7820829814897765
6629,7.7820829814897765
6630,7.7820829814897765
6631,7.7820829814897765
6632,7.7820829814897765
6633,7.7820829814897765
6634,7.7820829814897765
6635,7.7820829814897765
6636,7.7820829814897765
6637,7.7820829814897765
6638,7.7820829814897765
6639,7.7820829814897765
6640,7.7820829814897765
6641,7.7820829814897765
6642,7.7820829814897765
6643,7.7820829814897765
6644,7.7820829814897765
6645,7.7820829814897765
6646,7.7820829814897765
6647,7.7820829814897765
6648,7.7820829814897765
6649,7.7820829814897765
6650,7.7820829814897765
6651,7.7820829814897765
6652,7.7820829814897765
6653,7.7820829814897765
6654,7.7820829814897765
6655,7.7820829814897765
6656,7.7820829814897765
6657,7.7820829814897765
6658,7.7820829814897765
6659,7.7820829814897765
6660,7.7820829814897765
6661,7.7820829814897765
6662,7.7820829814897765
6663,7.7820829814897765
6664,7.7820829814897765
6665,7.7820829814897765
6666,7.7820829814897765
6667,7.7820829814897765
6668,7.7820829814897765
6669,7.7820829814897765
6670,7.7820829814897765
6671,7.7820829814897765
6672,7.7820829814897765
6673,7.7820829814897765
6674,7.7820829814897765
6675,7.7820829814897765
6676,7.7820829814897765
6677,7.7820829814897765
6678,7.7820829814897765
6679,7.7820829814897765
6680,7.7820829814897765
6681,7.7820829814897765
6682,7.7820829814897765
6683,7.7820829814897765
6684,7.7820829814897765
6685,7.7820829814897765
6686,7.7820829814897765
6687,7.7820829814897765
6688,7.7820829814897765
6689,7.7820829814897765
6690,7.7820829814897765
6691,7.7820829814897765
6692,7.7820829814897765
6693,7.7820829814897765
6694,7.7820829814897765
6695,7.7820829814897765
6696,7.7820829814897765
6697,7.7820829814897765
6698,7.7820829814897765
6699,7.7820829814897765
6700,7.7820829814897765
6701,7.7820829814897765
6702,7.7820829814897765
6703,7.7820829814897765
6704,7.7820829814897765
6705,7.7820829814897765
6706,7.7820829814897765
6707,7.7820829814897765
6708,7.7820829814897765
6709,7.7820829814897765
6710,7.7820829814897765
6711,7.7820829814897765
6712,7.7820829814897765
6713,7.7820829814897765
6714,7.7820829814897765
6715,7.7820829814897765
6716,7.7820829814897765
6717,7.7820829814897765
6718,7.7820829814897765
6719,7.7820829814897765
6720,7.7820829814897765
6721,7.7820829814897765
6722,7.7820829814897765
6723,7.7820829814897765
6724,7.7820829814897765
6725,7.7820829814897765
6726,7.7820829814897765
6727,7.7820829814897765
6728,7.7820829814897765
6729,7.7820829814897765
6730,7.7820829814897765
6731,7.7820829814897765
6732,7.7820829814897765
6733,7.7820829814897765
6734,7.7820829814897765
6735,7.7820829814897765
6736,7.7820829814897765
6737,7.7820829814897765
6738,7.7820829814897765
6739,7.7820829814897765
6740,7.7820829814897765
6741,7.7820829814897765
6742,7.7820829814897765
6743,7.7820829814897765
6744,7.7820829814897765
6745,7.7820829814897765
6746,7.7820829814897765
6747,7.7820829814897765
6748,7.7820829814897765
6749,7.7820829814897765
6750,7.7820829814897765
6751,7.7820829814897765
6752,7.7820829814897765
6753,7.7820829814897765
6754,7.7820829814897765
6755,7.7820829814897765
6756,7.7820829814897765
6757,7.7820829814897765
6758,7.7820829814897765
6759,7.7820829814897765
6760,7.7820829814897765
6761,7.7820829814897765
6762,7.7820829814897765
6763,7.7820829814897765
6764,7.7820829814897765
6765,7.7820829814897765
6766,7.7820829814897765
6767,7.7820829814897765
6768,7.7820829814897765
6769,7.7820829814897765
6770,7.7820829814897765
6771,7.7820829814897765
6772,7.7820829814897765
6773,7.7820829814897765
6774,7.7820829814897765
6775,7.7820829814897765
6776,7.7820829814897765
6777,7.7820829814897765
6778,7.7820829814897765
6779,7.7820829814897765
6780,7.7820829814897765
6781,7.7820829814897765
6782,7.7820829814897765
6783,7.7820829814897765
6784,7.7820829814897765
6785,7.7820829814897765
6786,7.7820829814897765
6787,7.7820829814897765
6788,7.7820829814897765
6789,7.7820829814897765
6790,7.7820829814897765
6791,7.7820829814897765
6792,7.7820829814897765
6793,7.7820829814897765
6794,7.7820829814897765
6795,7.7820829814897765
6796,7.7820829814897765
6797,7.7820829814897765
6798,7.7820829814897765
6799,7.7820829814897765
6800,7.7820829814897765
6801,7.7820829814897765
6802,7.7820829814897765
6803,7.7820829814897765
6804,7.7820829814897765
6805,7.7820829814897765
6806,7.7820829814897765
6807,7.7820829814897765
6808,7.7820829814897765
6809,7.7820829814897765
6810,7.7820829814897765
6811,7.7820829814897765
6812,7.7820829814897765
6813,7.7820829814897765
6814,7.7820829814897765
6815,7.7820829814897765
6816,7.7820829814897765
6817,7.7820829814897765
6818,7.7820829814897765
6819,7.7820829814897765
6820,7.7820829814897765
6821,7.7820829814897765
6822,7.7820829814897765
6823,7.7820829814897765
6824,7.7820829814897765
6825,7.7820829814897765
6826,7.7820829814897765
6827,7.7820829814897765
6828,7.7820829814897765
6829,7.7820829814897765
6830,7.7820829814897765
6831,7.7820829814897765
6832,7.7820829814897765
6833,7.7820829814897765
6834,7.7820829814897765
6835,7.7820829814897765
6836,7.7820829814897765
6837,7.7820829814897765
6838,7.7820829814897765
6839,7.7820829814897765
6840,7.7820829814897765
6841,7.7820829814897765
6842,7.7820829814897765
6843,7.7820829814897765
6844,7.7820829814897765
6845,7.7820829814897765
6846,7.7820829814897765
6847,7.7820829814897765
6848,7.7820829814897765
6849,7.7820829814897765
6850,7.7820829814897765
6851,7.7820829814897765
6852,7.7820829814897765
6853,7.7820829814897765
6854,7.7820829814897765
6855,7.7820829814897765
6856,7.7820829814897765
6857,7.7820829814897765
6858,7.7820829814897765
6859,7.7820829814897765
6860,7.7820829814897765
6861,7.7820829814897765
6862,7.7820829814897765
6863,7.7820829814897765
6864,7.7820829814897765
6865,7.7820829814897765
6866,7.7820829814897765
6867,7.7820829814897765
6868,7.7820829814897765
6869,7.7820829814897765
6870,7.7820829814897765
6871,7.7820829814897765
6872,7.7820829814897765
6873,7.7820829814897765
6874,7.7820829814897765
6875,7.7820829814897765
6876,7.7820829814897765
6877,7.7820829814897765
6878,7.7820829814897765
6879,7.7820829814897765
6880,7.7820829814897765
6881,7.7820829814897765
6882,7.7820829814897765
6883,7.7820829814897765
6884,7.7820829814897765
6885,7.7820829814897765
6886,7.7820829814897765
6887,7.7820829814897765
6888,7.7820829814897765
6889,7.7820829814897765
6890,7.7820829814897765
6891,7.7820829814897765
6892,7.7820829814897765
6893,7.7820829814897765
6894,7.7820829814897765
6895,7.7820829814897765
6896,7.7820829814897765
6897,7.7820829814897765
6898,7.7820829814897765
6899,7.7820829814897765
6900,7.7820829814897765
6901,7.7820829814897765
6902,7.7820829814897765
6903,7.7820829814897765
6904,7.7820829814897765
6905,7.7820829814897765
6906,7.7820829814897765
6907,7.7820829814897765
6908,7.7820829814897765
6909,7.7820829814897765
6910,7.7820829814897765
6911,7.7820829814897765
6912,7.7820829814897765
6913,7.7820829814897765
6914,7.7820829814897765
6915,7.7820829814897765
6916,7.7820829814897765
6917,7.7820829814897765
6918,7.7820829814897765
6919,7.7820829814897765
6920,7.7820829814897765
6921,7.7820829814897765
6922,7.7820829814897765
6923,7.7820829814897765
6924,7.7820829814897765
6925,7.7820829814897765
6926,7.7820829814897765
6927,7.7820829814897765
6928,7.7820829814897765
6929,7.7820829814897765
6930,7.7820829814897765
6931,7.7820829814897765
6932,7.7820829814897765
6933,7.7820829814897765
6934,7.7820829814897765
6935,7.7820829814897765
6936,7.7820829814897765
6937,7.7820829814897765
6938,7.7820829814897765
6939,7.7820829814897765
6940,7.7820829814897765
6941,7.7820829814897765
6942,7.7820829814897765
6943,7.7820829814897765
6944,7.7820829814897765
6945,7.7820829814897765
6946,7.7820829814897765
6947,7.7820829814897765
6948,7.7820829814897765
6949,7.7820829814897765
6950,7.7820829814897765
6951,7.7820829814897765
6952,7.7820829814897765
6953,7.7820829814897765
6954,7.7820829814897765
6955,7.7820829814897765
6956,7.7820829814897765
6957,7.7820829814897765
6958,7.7820829814897765
6959,7.7820829814897765
6960,7.7820829814897765
6961,7.7820829814897765
6962,7.7820829814897765
6963,7.7820829814897765
6964,7.7820829814897765
6965,7.7820829814897765
6966,7.7820829814897765
6967,7.7820829814897765
6968,7.7820829814897765
6969,7.7820829814897765
6970,7.7820829814897765
6971,7.7820829814897765
6972,7.7820829814897765
6973,7.7820829814897765
6974,7.7820829814897765
6975,7.7820829814897765
6976,7.7820829814897765
6977,7.7820829814897765
6978,7.7820829814897765
6979,7.7820829814897765
6980,7.7820829814897765
6981,7.7820829814897765
6982,7.7820829814897765
6983,7.7820829814897765
6984,7.7820829814897765
6985,7.7820829814897765
6986,7.7820829814897765
6987,7.7820829814897765
6988,7.7820829814897765
6989,7.7820829814897765
6990,7.7820829814897765
6991,7.7820829814897765
6992,7.7820829814897765
6993,7.7820829814897765
6994,7.7820829814897765
6995,7.7820829814897765
6996,7.7820829814897765
6997,7.7820829814897765
6998,7.7820829814897765
6999,7.7820829814897765
7000,7.7820829814897765
7001,7.7820829814897765
7002,7.7820829814897765
7003,7.7820829814897765
7004,7.7820829814897765
7005,7.7820829814897765
7006,7.7820829814897765
7007,7.7820829814897765
7008,7.7820829814897765
7009,7.7820829814897765
7010,7.7820829814897765
7011,7.7820829814897765
7012,7.7820829814897765
7013,7.7820829814897765
7014,7.7820829814897765
7015,7.7820829814897765
7016,7.7820829814897765
7017,7.7820829814897765
7018,7.7820829814897765
7019,7.7820829814897765
7020,7.7820829814897765
7021,7.7820829814897765
7022,7.7820829814897765
7023,7.7820829814897765
7024,7.7820829814897765
7025,7.7820829814897765
7026,7.7820829814897765
7027,7.7820829814897765
7028,7.7820829814897765
7029,7.7820829814897765
7030,7.7820829814897765
7031,7.7820829814897765
7032,7.7820829814897765
7033,7.7820829814897765
7034,7.7820829814897765
7035,7.7820829814897765
7036,7.7820829814897765
7037,7.7820829814897765
7038,7.7820829814897765
7039,7.7820829814897765
7040,7.7820829814897765
7041,7.7820829814897765
7042,7.7820829814897765
7043,7.7820829814897765
7044,7.7820829814897765
7045,7.7820829814897765
7046,7.7820829814897765
7047,7.7820829814897765
7048,7.7820829814897765
7049,7.7820829814897765
7050,7.7820829814897765
7051,7.7820829814897765
7052,7.7820829814897765
7053,7.7820829814897765
7054,7.7820829814897765
7055,7.7820829814897765
7056,7.7820829814897765
7057,7.7820829814897765
7058,7.7820829814897765
7059,7.7820829814897765
7060,7.7820829814897765
7061,7.7820829814897765
7062,7.7820829814897765
7063,7.7820829814897765
7064,7.7820829814897765
7065,7.7820829814897765
7066,7.7820829814897765
7067,7.7820829814897765
7068,7.7820829814897765
7069,7.7820829814897765
7070,7.7820829814897765
7071,7.7820829814897765
7072,7.7820829814897765
7073,7.7820829814897765
7074,7.7820829814897765
7075,7.7820829814897765
7076,7.7820829814897765
7077,7.7820829814897765
7078,7.7820829814897765
7079,7.7820829814897765
7080,7.7820829814897765
7081,7.7820829814897765
7082,7.7820829814897765
7083,7.7820829814897765
7084,7.7820829814897765
7085,7.7820829814897765
7086,7.7820829814897765
7087,7.7820829814897765
7088,7.7820829814897765
7089,7.7820829814897765
7090,7.7820829814897765
7091,7.7820829814897765
7092,7.7820829814897765
7093,7.7820829814897765
7094,7.7820829814897765
7095,7.7820829814897765
7096,7.7820829814897765
7097,7.7820829814897765
7098,7.7820829814897765
7099,7.7820829814897765
7100,7.7820829814897765
7101,7.7820829814897765
7102,7.7820829814897765
7103,7.7820829814897765
7104,7.7820829814897765
7105,7.7820829814897765
7106,7.7820829814897765
7107,7.7820829814897765
7108,7.7820829814897765
7109,7.7820829814897765
7110,7.7820829814897765
7111,7.7820829814897765
7112,7.7820829814897765
7113,7.7820829814897765
7114,7.7820829814897765
7115,7.7820829814897765
7116,7.7820829814897765
7117,7.7820829814897765
7118,7.7820829814897765
7119,7.7820829814897765
7120,7.7820829814897765
7121,7.7820829814897765
7122,7.7820829814897765
7123,7.7820829814897765
7124,7.7820829814897765
7125,7.7820829814897765
7126,7.7820829814897765
7127,7.7820829814897765
7128,7.7820829814897765
7129,7.7820829814897765
7130,7.7820829814897765
7131,7.7820829814897765
7132,7.7820829814897765
7133,7.7820829814897765
7134,7.7820829814897765
7135,7.7820829814897765
7136,7.7820829814897765
7137,7.7820829814897765
7138,7.7820829814897765
7139,7.7820829814897765
7140,7.7820829814897765
7141,7.7820829814897765
7142,7.7820829814897765
7143,7.7820829814897765
7144,7.7820829814897765
7145,7.7820829814897765
7146,7.7820829814897765
7147,7.7820829814897765
7148,7.7820829814897765
7149,7.7820829814897765
7150,7.7820829814897765
7151,7.7820829814897765
7152,7.7820829814897765
7153,7.7820829814897765
7154,7.7820829814897765
7155,7.7820829814897765
7156,7.7820829814897765
7157,7.7820829814897765
7158,7.7820829814897765
7159,7.7820829814897765
7160,7.7820829814897765
7161,7.7820829814897765
7162,7.7820829814897765
7163,7.7820829814897765
7164,7.7820829814897765
7165,7.7820829814897765
7166,7.7820829814897765
7167,7.7820829814897765
7168,7.7820829814897765
7169,7.7820829814897765
7170,7.7820829814897765
7171,7.7820829814897765
7172,7.7820829814897765
7173,7.7820829814897765
7174,7.7820829814897765
7175,7.7820829814897765
7176,7.7820829814897765
7177,7.7820829814897765
7178,7.7820829814897765
7179,7.7820829814897765
7180,7.7820829814897765
7181,7.7820829814897765
7182,7.7820829814897765
7183,7.7820829814897765
7184,7.7820829814897765
7185,7.7820829814897765
7186,7.7820829814897765
7187,7.7820829814897765
7188,7.7820829814897765
7189,7.7820829814897765
7190,7.7820829814897765
7191,7.7820829814897765
7192,7.7820829814897765
7193,7.7820829814897765
7194,7.7820829814897765
7195,7.7820829814897765
7196,7.7820829814897765
7197,7.7820829814897765
7198,7.7820829814897765
7199,7.7820829814897765
7200,7.7820829814897765
7201,7.7820829814897765
7202,7.7820829814897765
7203,7.7820829814897765
7204,7.7820829814897765
7205,7.7820829814897765
7206,7.7820829814897765
7207,7.7820829814897765
7208,7.7820829814897765
7209,7.7820829814897765
7210,7.7820829814897765
7211,7.7820829814897765
7212,7.7820829814897765
7213,7.7820829814897765
7214,7.7820829814897765
7215,7.7820829814897765
7216,7.7820829814897765
7217,7.7820829814897765
7218,7.7820829814897765
7219,7.7820829814897765
7220,7.7820829814897765
7221,7.7820829814897765
7222,7.7820829814897765
7223,7.7820829814897765
7224,7.7820829814897765
7225,7.7820829814897765
7226,7.7820829814897765
7227,7.7820829814897765
7228,7.7820829814897765
7229,7.7820829814897765
7230,7.7820829814897765
7231,7.7820829814897765
7232,7.7820829814897765
7233,7.7820829814897765
7234,7.7820829814897765
7235,7.7820829814897765
7236,7.7820829814897765
7237,7.7820829814897765
7238,7.7820829814897765
7239,7.7820829814897765
7240,7.7820829814897765
7241,7.7820829814897765
7242,7.7820829814897765
7243,7.7820829814897765
7244,7.7820829814897765
7245,7.7820829814897765
7246,7.7820829814897765
7247,7.7820829814897765
7248,7.7820829814897765
7249,7.7820829814897765
7250,7.7820829814897765
7251,7.7820829814897765
7252,7.7820829814897765
7253,7.7820829814897765
7254,7.7820829814897765
7255,7.7820829814897765
7256,7.7820829814897765
7257,7.7820829814897765
7258,7.7820829814897765
7259,7.7820829814897765
7260,7.7820829814897765
7261,7.7820829814897765
7262,7.7820829814897765
7263,7.7820829814897765
7264,7.7820829814897765
7265,7.7820829814897765
7266,7.7820829814897765
7267,7.7820829814897765
7268,7.7820829814897765
7269,7.7820829814897765
7270,7.7820829814897765
7271,7.7820829814897765
7272,7.7820829814897765
7273,7.7820829814897765
7274,7.7820829814897765
7275,7.7820829814897765
7276,7.7820829814897765
7277,7.7820829814897765
7278,7.7820829814897765
7279,7.7820829814897765
7280,7.7820829814897765
7281,7.7820829814897765
7282,7.7820829814897765
7283,7.7820829814897765
7284,7.7820829814897765
7285,7.7820829814897765
7286,7.7820829814897765
7287,7.7820829814897765
7288,7.7820829814897765
7289,7.7820829814897765
7290,7.7820829814897765
7291,7.7820829814897765
7292,7.7820829814897765
7293,7.7820829814897765
7294,7.7820829814897765
7295,7.7820829814897765
7296,7.7820829814897765
7297,7.7820829814897765
7298,7.7820829814897765
7299,7.7820829814897765
7300,7.7820829814897765
7301,7.7820829814897765
7302,7.7820829814897765
7303,7.7820829814897765
7304,7.7820829814897765
7305,7.7820829814897765
7306,7.7820829814897765
7307,7.7820829814897765
7308,7.7820829814897765
7309,7.7820829814897765
7310,7.7820829814897765
7311,7.7820829814897765
7312,7.7820829814897765
7313,7.7820829814897765
7314,7.7820829814897765
7315,7.7820829814897765
7316,7.7820829814897765
7317,7.7820829814897765
7318,7.7820829814897765
7319,7.7820829814897765
7320,7.7820829814897765
7321,7.7820829814897765
7322,7.7820829814897765
7323,7.7820829814897765
7324,7.7820829814897765
7325,7.7820829814897765
7326,7.7820829814897765
7327,7.7820829814897765
7328,7.7820829814897765
7329,7.7820829814897765
7330,7.7820829814897765
7331,7.7820829814897765
7332,7.7820829814897765
7333,7.7820829814897765
7334,7.7820829814897765
7335,7.7820829814897765
7336,7.7820829814897765
7337,7.7820829814897765
7338,7.7820829814897765
7339,7.7820829814897765
7340,7.7820829814897765
7341,7.7820829814897765
7342,7.7820829814897765
7343,7.7820829814897765
7344,7.7820829814897765
7345,7.7820829814897765
7346,7.7820829814897765
7347,7.7820829814897765
7348,7.7820829814897765
7349,7.7820829814897765
7350,7.7820829814897765
7351,7.7820829814897765
7352,7.7820829814897765
7353,7.7820829814897765
7354,7.7820829814897765
7355,7.7820829814897765
7356,7.7820829814897765
7357,7.7820829814897765
7358,7.7820829814897765
7359,7.7820829814897765
7360,7.7820829814897765
7361,7.7820829814897765
7362,7.7820829814897765
7363,7.7820829814897765
7364,7.7820829814897765
7365,7.7820829814897765
7366,7.7820829814897765
7367,7.7820829814897765
7368,7.7820829814897765
7369,7.7820829814897765
7370,7.7820829814897765
7371,7.7820829814897765
7372,7.7820829814897765
7373,7.7820829814897765
7374,7.7820829814897765
7375,7.7820829814897765
7376,7.7820829814897765
7377,7.7820829814897765
7378,7.7820829814897765
7379,7.7820829814897765
7380,7.7820829814897765
7381,7.7820829814897765
7382,7.7820829814897765
7383,7.7820829814897765
7384,7.7820829814897765
7385,7.7820829814897765
7386,7.7820829814897765
7387,7.7820829814897765
7388,7.7820829814897765
7389,7.7820829814897765
7390,7.7820829814897765
7391,7.7820829814897765
7392,7.7820829814897765
7393,7.7820829814897765
7394,7.7820829814897765
7395,7.7820829814897765
7396,7.7820829814897765
7397,7.7820829814897765
7398,7.7820829814897765
7399,7.7820829814897765
7400,7.7820829814897765
7401,7.7820829814897765
7402,7.7820829814897765
7403,7.7820829814897765
7404,7.7820829814897765
7405,7.7820829814897765
7406,7.7820829814897765
7407,7.7820829814897765
7408,7.7820829814897765
7409,7.7820829814897765
7410,7.7820829814897765
7411,7.7820829814897765
7412,7.7820829814897765
7413,7.7820829814897765
7414,7.7820829814897765
7415,7.7820829814897765
7416,7.7820829814897765
7417,7.7820829814897765
7418,7.7820829814897765
7419,7.7820829814897765
7420,7.7820829814897765
7421,7.7820829814897765
7422,7.7820829814897765
7423,7.7820829814897765
7424,7.7820829814897765
7425,7.7820829814897765
7426,7.7820829814897765
7427,7.7820829814897765
7428,7.7820829814897765
7429,7.7820829814897765
7430,7.7820829814897765
7431,7.7820829814897765
7432,7.7820829814897765
7433,7.7820829814897765
7434,7.7820829814897765
7435,7.7820829814897765
7436,7.7820829814897765
7437,7.7820829814897765
7438,7.7820829814897765
7439,7.7820829814897765
7440,7.7820829814897765
7441,7.7820829814897765
7442,7.7820829814897765
7443,7.7820829814897765
7444,7.7820829814897765
7445,7.7820829814897765
7446,7.7820829814897765
7447,7.7820829814897765
7448,7.7820829814897765
7449,7.7820829814897765
7450,7.7820829814897765
7451,7.7820829814897765
7452,7.7820829814897765
7453,7.7820829814897765
7454,7.7820829814897765
7455,7.7820829814897765
7456,7.7820829814897765
7457,7.7820829814897765
7458,7.7820829814897765
7459,7.7820829814897765
7460,7.7820829814897765
7461,7.7820829814897765
7462,7.7820829814897765
7463,7.7820829814897765
7464,7.7820829814897765
7465,7.7820829814897765
7466,7.7820829814897765
7467,7.7820829814897765
7468,7.7820829814897765
7469,7.7820829814897765
7470,7.7820829814897765
7471,7.7820829814897765
7472,7.7820829814897765
7473,7.7820829814897765
7474,7.7820829814897765
7475,7.7820829814897765
7476,7.7820829814897765
7477,7.7820829814897765
7478,7.7820829814897765
7479,7.7820829814897765
7480,7.7820829814897765
7481,7.7820829814897765
7482,7.7820829814897765
7483,7.7820829814897765
7484,7.7820829814897765
7485,7.7820829814897765
7486,7.7820829814897765
7487,7.7820829814897765
7488,7.7820829814897765
7489,7.7820829814897765
7490,7.7820829814897765
7491,7.7820829814897765
7492,7.7820829814897765
7493,7.7820829814897765
7494,7.7820829814897765
7495,7.7820829814897765
7496,7.7820829814897765
7497,7.7820829814897765
7498,7.7820829814897765
7499,7.7820829814897765
7500,7.7820829814897765
7501,7.7820829814897765
7502,7.7820829814897765
7503,7.7820829814897765
7504,7.7820829814897765
7505,7.7820829814897765
7506,7.7820829814897765
7507,7.7820829814897765
7508,7.7820829814897765
7509,7.7820829814897765
7510,7.7820829814897765
7511,7.7820829814897765
7512,7.7820829814897765
7513,7.7820829814897765
7514,7.7820829814897765
7515,7.7820829814897765
7516,7.7820829814897765
7517,7.7820829814897765
7518,7.7820829814897765
7519,7.7820829814897765
7520,7.7820829814897765
7521,7.7820829814897765
7522,7.7820829814897765
7523,7.7820829814897765
7524,7.7820829814897765
7525,7.7820829814897765
7526,7.7820829814897765
7527,7.7820829814897765
7528,7.7820829814897765
7529,7.7820829814897765
7530,7.7820829814897765
7531,7.7820829814897765
7532,7.7820829814897765
7533,7.7820829814897765
7534,7.7820829814897765
7535,7.7820829814897765
7536,7.7820829814897765
7537,7.7820829814897765
7538,7.7820829814897765
7539,7.7820829814897765
7540,7.7820829814897765
7541,7.7820829814897765
7542,7.7820829814897765
7543,7.7820829814897765
7544,7.7820829814897765
7545,7.7820829814897765
7546,7.7820829814897765
7547,7.7820829814897765
7548,7.7820829814897765
7549,7.7820829814897765
7550,7.7820829814897765
7551,7.7820829814897765
7552,7.7820829814897765
7553,7.7820829814897765
7554,7.7820829814897765
7555,7.7820829814897765
7556,7.7820829814897765
7557,7.7820829814897765
7558,7.7820829814897765
7559,7.7820829814897765
7560,7.7820829814897765
7561,7.7820829814897765
7562,7.7820829814897765
7563,7.7820829814897765
7564,7.7820829814897765
7565,7.7820829814897765
7566,7.7820829814897765
7567,7.7820829814897765
7568,7.7820829814897765
7569,7.7820829814897765
7570,7.7820829814897765
7571,7.7820829814897765
7572,7.7820829814897765
7573,7.7820829814897765
7574,7.7820829814897765
7575,7.7820829814897765
7576,7.7820829814897765
7577,7.7820829814897765
7578,7.7820829814897765
7579,7.7820829814897765
7580,7.7820829814897765
7581,7.7820829814897765
7582,7.7820829814897765
7583,7.7820829814897765
7584,7.7820829814897765
7585,7.7820829814897765
7586,7.7820829814897765
7587,7.7820829814897765
7588,7.7820829814897765
7589,7.7820829814897765
7590,7.7820829814897765
7591,7.7820829814897765
7592,7.7820829814897765
7593,7.7820829814897765
7594,7.7820829814897765
7595,7.7820829814897765
7596,7.7820829814897765
7597,7.7820829814897765
7598,7.7820829814897765
7599,7.7820829814897765
7600,7.7820829814897765
7601,7.7820829814897765
7602,7.7820829814897765
7603,7.7820829814897765
7604,7.7820829814897765
7605,7.7820829814897765
7606,7.7820829814897765
7607,7.7820829814897765
7608,7.7820829814897765
7609,7.7820829814897765
7610,7.7820829814897765
7611,7.7820829814897765
7612,7.7820829814897765
7613,7.7820829814897765
7614,7.7820829814897765
7615,7.7820829814897765
7616,7.7820829814897765
7617,7.7820829814897765
7618,7.7820829814897765
7619,7.7820829814897765
7620,7.7820829814897765
7621,7.7820829814897765
7622,7.7820829814897765
7623,7.7820829814897765
7624,7.7820829814897765
7625,7.7820829814897765
7626,7.7820829814897765
7627,7.7820829814897765
7628,7.7820829814897765
7629,7.7820829814897765
7630,7.7820829814897765
7631,7.7820829814897765
7632,7.7820829814897765
7633,7.7820829814897765
7634,7.7820829814897765
7635,7.7820829814897765
7636,7.7820829814897765
7637,7.7820829814897765
7638,7.7820829814897765
7639,7.7820829814897765
7640,7.7820829814897765
7641,7.7820829814897765
7642,7.7820829814897765
7643,7.7820829814897765
7644,7.7820829814897765
7645,7.7820829814897765
7646,7.7820829814897765
7647,7.7820829814897765
7648,7.7820829814897765
7649,7.7820829814897765
7650,7.7820829814897765
7651,7.7820829814897765
7652,7.7820829814897765
7653,7.7820829814897765
7654,7.7820829814897765
7655,7.7820829814897765
7656,7.7820829814897765
7657,7.7820829814897765
7658,7.7820829814897765
7659,7.7820829814897765
7660,7.7820829814897765
7661,7.7820829814897765
7662,7.7820829814897765
7663,7.7820829814897765
7664,7.7820829814897765
7665,7.7820829814897765
7666,7.7820829814897765
7667,7.7820829814897765
7668,7.7820829814897765
7669,7.7820829814897765
7670,7.7820829814897765
7671,7.7820829814897765
7672,7.7820829814897765
7673,7.7820829814897765
7674,7.7820829814897765
7675,7.7820829814897765
7676,7.7820829814897765
7677,7.7820829814897765
7678,7.7820829814897765
7679,7.7820829814897765
7680,7.7820829814897765
7681,7.7820829814897765
7682,7.7820829814897765
7683,7.7820829814897765
7684,7.7820829814897765
7685,7.7820829814897765
7686,7.7820829814897765
7687,7.7820829814897765
7688,7.7820829814897765
7689,7.7820829814897765
7690,7.7820829814897765
7691,7.7820829814897765
7692,7.7820829814897765
7693,7.7820829814897765
7694,7.7820829814897765
7695,7.7820829814897765
7696,7.7820829814897765
7697,7.7820829814897765
7698,7.7820829814897765
7699,7.7820829814897765
7700,7.7820829814897765
7701,7.7820829814897765
7702,7.7820829814897765
7703,7.7820829814897765
7704,7.7820829814897765
7705,7.7820829814897765
7706,7.7820829814897765
7707,7.7820829814897765
7708,7.7820829814897765
7709,7.7820829814897765
7710,7.7820829814897765
7711,7.7820829814897765
7712,7.7820829814897765
7713,7.7820829814897765
7714,7.7820829814897765
7715,7.7820829814897765
7716,7.7820829814897765
7717,7.7820829814897765
7718,7.7820829814897765
7719,7.7820829814897765
7720,7.7820829814897765
7721,7.7820829814897765
7722,7.7820829814897765
7723,7.7820829814897765
7724,7.7820829814897765
7725,7.7820829814897765
7726,7.7820829814897765
7727,7.7820829814897765
7728,7.7820829814897765
7729,7.7820829814897765
7730,7.7820829814897765
7731,7.7820829814897765
7732,7.7820829814897765
7733,7.7820829814897765
7734,7.7820829814897765
7735,7.7820829814897765
7736,7.7820829814897765
7737,7.7820829814897765
7738,7.7820829814897765
7739,7.7820829814897765
7740,7.7820829814897765
7741,7.7820829814897765
7742,7.7820829814897765
7743,7.7820829814897765
7744,7.7820829814897765
7745,7.7820829814897765
7746,7.7820829814897765
7747,7.7820829814897765
7748,7.7820829814897765
7749,7.7820829814897765
7750,7.7820829814897765
7751,7.7820829814897765
7752,7.7820829814897765
7753,7.7820829814897765
7754,7.7820829814897765
7755,7.7820829814897765
7756,7.7820829814897765
7757,7.7820829814897765
7758,7.7820829814897765
7759,7.7820829814897765
7760,7.7820829814897765
7761,7.7820829814897765
7762,7.7820829814897765
7763,7.7820829814897765
7764,7.7820829814897765
7765,7.7820829814897765
7766,7.7820829814897765
7767,7.7820829814897765
7768,7.7820829814897765
7769,7.7820829814897765
7770,7.7820829814897765
7771,7.7820829814897765
7772,7.7820829814897765
7773,7.7820829814897765
7774,7.7820829814897765
7775,7.7820829814897765
7776,7.7820829814897765
7777,7.7820829814897765
7778,7.7820829814897765
7779,7.7820829814897765
7780,7.7820829814897765
7781,7.7820829814897765
7782,7.7820829814897765
7783,7.7820829814897765
7784,7.7820829814897765
7785,7.7820829814897765
7786,7.7820829814897765
7787,7.7820829814897765
7788,7.7820829814897765
7789,7.7820829814897765
7790,7.7820829814897765
7791,7.7820829814897765
7792,7.7820829814897765
7793,7.7820829814897765
7794,7.7820829814897765
7795,7.7820829814897765
7796,7.7820829814897765
7797,7.7820829814897765
7798,7.7820829814897765
7799,7.7820829814897765
7800,7.7820829814897765
7801,7.7820829814897765
7802,7.7820829814897765
7803,7.7820829814897765
7804,7.7820829814897765
7805,7.7820829814897765
7806,7.7820829814897765
7807,7.7820829814897765
7808,7.7820829814897765
7809,7.7820829814897765
7810,7.7820829814897765
7811,7.7820829814897765
7812,7.7820829814897765
7813,7.7820829814897765
7814,7.7820829814897765
7815,7.7820829814897765
7816,7.7820829814897765
7817,7.7820829814897765
7818,7.7820829814897765
7819,7.7820829814897765
7820,7.7820829814897765
7821,7.7820829814897765
7822,7.7820829814897765
7823,7.7820829814897765
7824,7.7820829814897765
7825,7.7820829814897765
7826,7.7820829814897765
7827,7.7820829814897765
7828,7.7820829814897765
7829,7.7820829814897765
7830,7.7820829814897765
7831,7.7820829814897765
7832,7.7820829814897765
7833,7.7820829814897765
7834,7.7820829814897765
7835,7.7820829814897765
7836,7.7820829814897765
7837,7.7820829814897765
7838,7.7820829814897765
7839,7.7820829814897765
7840,7.7820829814897765
7841,7.7820829814897765
7842,7.7820829814897765
7843,7.7820829814897765
7844,7.7820829814897765
7845,7.7820829814897765
7846,7.7820829814897765
7847,7.7820829814897765
7848,7.7820829814897765
7849,7.7820829814897765
7850,7.7820829814897765
7851,7.7820829814897765
7852,7.7820829814897765
7853,7.7820829814897765
7854,7.7820829814897765
7855,7.7820829814897765
7856,7.7820829814897765
7857,7.7820829814897765
7858,7.7820829814897765
7859,7.7820829814897765
7860,7.7820829814897765
7861,7.7820829814897765
7862,7.7820829814897765
7863,7.7820829814897765
7864,7.7820829814897765
7865,7.7820829814897765
7866,7.7820829814897765
7867,7.7820829814897765
7868,7.7820829814897765
7869,7.7820829814897765
7870,7.7820829814897765
7871,7.7820829814897765
7872,7.7820829814897765
7873,7.7820829814897765
7874,7.7820829814897765
7875,7.7820829814897765
7876,7.7820829814897765
7877,7.7820829814897765
7878,7.7820829814897765
7879,7.7820829814897765
7880,7.7820829814897765
7881,7.7820829814897765
7882,7.7820829814897765
7883,7.7820829814897765
7884,7.7820829814897765
7885,7.7820829814897765
7886,7.7820829814897765
7887,7.7820829814897765
7888,7.7820829814897765
7889,7.7820829814897765
7890,7.7820829814897765
7891,7.7820829814897765
7892,7.7820829814897765
7893,7.7820829814897765
7894,7.7820829814897765
7895,7.7820829814897765
7896,7.7820829814897765
7897,7.7820829814897765
7898,7.7820829814897765
7899,7.7820829814897765
7900,7.7820829814897765
7901,7.7820829814897765
7902,7.7820829814897765
7903,7.7820829814897765
7904,7.7820829814897765
7905,7.7820829814897765
7906,7.7820829814897765
7907,7.7820829814897765
7908,7.7820829814897765
7909,7.7820829814897765
7910,7.7820829814897765
7911,7.7820829814897765
7912,7.7820829814897765
7913,7.7820829814897765
7914,7.7820829814897765
7915,7.7820829814897765
7916,7.7820829814897765
7917,7.7820829814897765
7918,7.7820829814897765
7919,7.7820829814897765
7920,7.7820829814897765
7921,7.7820829814897765
7922,7.7820829814897765
7923,7.7820829814897765
7924,7.7820829814897765
7925,7.7820829814897765
7926,7.7820829814897765
7927,7.7820829814897765
7928,7.7820829814897765
7929,7.7820829814897765
7930,7.7820829814897765
7931,7.7820829814897765
7932,7.7820829814897765
7933,7.7820829814897765
7934,7.7820829814897765
7935,7.7820829814897765
7936,7.7820829814897765
7937,7.7820829814897765
7938,7.7820829814897765
7939,7.7820829814897765
7940,7.7820829814897765
7941,7.7820829814897765
7942,7.7820829814897765
7943,7.7820829814897765
7944,7.7820829814897765
7945,7.7820829814897765
7946,7.7820829814897765
7947,7.7820829814897765
7948,7.7820829814897765
7949,7.7820829814897765
7950,7.7820829814897765
7951,7.7820829814897765
7952,7.7820829814897765
7953,7.7820829814897765
7954,7.7820829814897765
7955,7.7820829814897765
7956,7.7820829814897765
7957,7.7820829814897765
7958,7.7820829814897765
7959,7.7820829814897765
7960,7.7820829814897765
7961,7.7820829814897765
7962,7.7820829814897765
7963,7.7820829814897765
7964,7.7820829814897765
7965,7.7820829814897765
7966,7.7820829814897765
7967,7.7820829814897765
7968,7.7820829814897765
7969,7.7820829814897765
7970,7.7820829814897765
7971,7.7820829814897765
7972,7.7820829814897765
7973,7.7820829814897765
7974,7.7820829814897765
7975,7.7820829814897765
7976,7.7820829814897765
7977,7.7820829814897765
7978,7.7820829814897765
7979,7.7820829814897765
7980,7.7820829814897765
7981,7.7820829814897765
7982,7.7820829814897765
7983,7.7820829814897765
7984,7.7820829814897765
7985,7.7820829814897765
7986,7.7820829814897765
7987,7.7820829814897765
7988,7.7820829814897765
7989,7.7820829814897765
7990,7.7820829814897765
7991,7.7820829814897765
7992,7.7820829814897765
7993,7.7820829814897765
7994,7.7820829814897765
7995,7.7820829814897765
7996,7.7820829814897765
7997,7.7820829814897765
7998,7.7820829814897765
7999,7.7820829814897765
8000,7.7820829814897765
8001,7.7820829814897765
8002,7.7820829814897765
8003,7.7820829814897765
8004,7.7820829814897765
8005,7.7820829814897765
8006,7.7820829814897765
8007,7.7820829814897765
8008,7.7820829814897765
8009,7.7820829814897765
8010,7.7820829814897765
8011,7.7820829814897765
8012,7.7820829814897765
8013,7.7820829814897765
8014,7.7820829814897765
8015,7.7820829814897765
8016,7.7820829814897765
8017,7.7820829814897765
8018,7.7820829814897765
8019,7.7820829814897765
8020,7.7820829814897765
8021,7.7820829814897765
8022,7.7820829814897765
8023,7.7820829814897765
8024,7.7820829814897765
8025,7.7820829814897765
8026,7.7820829814897765
8027,7.7820829814897765
8028,7.7820829814897765
8029,7.7820829814897765
8030,7.7820829814897765
8031,7.7820829814897765
8032,7.7820829814897765
8033,7.7820829814897765
8034,7.7820829814897765
8035,7.7820829814897765
8036,7.7820829814897765
8037,7.7820829814897765
8038,7.7820829814897765
8039,7.7820829814897765
8040,7.7820829814897765
8041,7.7820829814897765
8042,7.7820829814897765
8043,7.7820829814897765
8044,7.7820829814897765
8045,7.7820829814897765
8046,7.7820829814897765
8047,7.7820829814897765
8048,7.7820829814897765
8049,7.7820829814897765
8050,7.7820829814897765
8051,7.7820829814897765
8052,7.7820829814897765
8053,7.7820829814897765
8054,7.7820829814897765
8055,7.7820829814897765
8056,7.7820829814897765
8057,7.7820829814897765
8058,7.7820829814897765
8059,7.7820829814897765
8060,7.7820829814897765
8061,7.7820829814897765
8062,7.7820829814897765
8063,7.7820829814897765
8064,7.7820829814897765
8065,7.7820829814897765
8066,7.7820829814897765
8067,7.7820829814897765
8068,7.7820829814897765
8069,7.7820829814897765
8070,7.7820829814897765
8071,7.7820829814897765
8072,7.7820829814897765
8073,7.7820829814897765
8074,7.7820829814897765
8075,7.7820829814897765
8076,7.7820829814897765
8077,7.7820829814897765
8078,7.7820829814897765
8079,7.7820829814897765
8080,7.7820829814897765
8081,7.7820829814897765
8082,7.7820829814897765
8083,7.7820829814897765
8084,7.7820829814897765
8085,7.7820829814897765
8086,7.7820829814897765
8087,7.7820829814897765
8088,7.7820829814897765
8089,7.7820829814897765
8090,7.7820829814897765
8091,7.7820829814897765
8092,7.7820829814897765
8093,7.7820829814897765
8094,7.7820829814897765
8095,7.7820829814897765
8096,7.7820829814897765
8097,7.7820829814897765
8098,7.7820829814897765
8099,7.7820829814897765
8100,7.7820829814897765
8101,7.7820829814897765
8102,7.7820829814897765
8103,7.7820829814897765
8104,7.7820829814897765
8105,7.7820829814897765
8106,7.7820829814897765
8107,7.7820829814897765
8108,7.7820829814897765
8109,7.7820829814897765
8110,7.7820829814897765
8111,7.7820829814897765
8112,7.7820829814897765
8113,7.7820829814897765
8114,7.7820829814897765
8115,7.7820829814897765
8116,7.7820829814897765
8117,7.7820829814897765
8118,7.7820829814897765
8119,7.7820829814897765
8120,7.7820829814897765
8121,7.7820829814897765
8122,7.7820829814897765
8123,7.7820829814897765
8124,7.7820829814897765
8125,7.7820829814897765
8126,7.7820829814897765
8127,7.7820829814897765
8128,7.7820829814897765
8129,7.7820829814897765
8130,7.7820829814897765
8131,7.7820829814897765
8132,7.7820829814897765
8133,7.7820829814897765
8134,7.7820829814897765
8135,7.7820829814897765
8136,7.7820829814897765
8137,7.7820829814897765
8138,7.7820829814897765
8139,7.7820829814897765
8140,7.7820829814897765
8141,7.7820829814897765
8142,7.7820829814897765
8143,7.7820829814897765
8144,7.7820829814897765
8145,7.7820829814897765
8146,7.7820829814897765
8147,7.7820829814897765
8148,7.7820829814897765
8149,7.7820829814897765
8150,7.7820829814897765
8151,7.7820829814897765
8152,7.7820829814897765
8153,7.7820829814897765
8154,7.7820829814897765
8155,7.7820829814897765
8156,7.7820829814897765
8157,7.7820829814897765
8158,7.7820829814897765
8159,7.7820829814897765
8160,7.7820829814897765
8161,7.7820829814897765
8162,7.7820829814897765
8163,7.7820829814897765
8164,7.7820829814897765
8165,7.7820829814897765
8166,7.7820829814897765
8167,7.7820829814897765
8168,7.7820829814897765
8169,7.7820829814897765
8170,7.7820829814897765
8171,7.7820829814897765
8172,7.7820829814897765
8173,7.7820829814897765
8174,7.7820829814897765
8175,7.7820829814897765
8176,7.7820829814897765
8177,7.7820829814897765
8178,7.7820829814897765
8179,7.7820829814897765
8180,7.7820829814897765
8181,7.7820829814897765
8182,7.7820829814897765
8183,7.7820829814897765
8184,7.7820829814897765
8185,7.7820829814897765
8186,7.7820829814897765
8187,7.7820829814897765
8188,7.7820829814897765
8189,7.7820829814897765
8190,7.7820829814897765
8191,7.7820829814897765
8192,7.7820829814897765
8193,7.7820829814897765
8194,7.7820829814897765
8195,7.7820829814897765
8196,7.7820829814897765
8197,7.7820829814897765
8198,7.7820829814897765
8199,7.7820829814897765
8200,7.7820829814897765
8201,7.7820829814897765
8202,7.7820829814897765
8203,7.7820829814897765
8204,7.7820829814897765
8205,7.7820829814897765
8206,7.7820829814897765
8207,7.7820829814897765
8208,7.7820829814897765
8209,7.7820829814897765
8210,7.7820829814897765
8211,7.7820829814897765
8212,7.7820829814897765
8213,7.7820829814897765
8214,7.7820829814897765
8215,7.7820829814897765
8216,7.7820829814897765
8217,7.7820829814897765
8218,7.7820829814897765
8219,7.7820829814897765
8220,7.7820829814897765
8221,7.7820829814897765
8222,7.7820829814897765
8223,7.7820829814897765
8224,7.7820829814897765
8225,7.7820829814897765
8226,7.7820829814897765
8227,7.7820829814897765
8228,7.7820829814897765
8229,7.7820829814897765
8230,7.7820829814897765
8231,7.7820829814897765
8232,7.7820829814897765
8233,7.7820829814897765
8234,7.7820829814897765
8235,7.7820829814897765
8236,7.7820829814897765
8237,7.7820829814897765
8238,7.7820829814897765
8239,7.7820829814897765
8240,7.7820829814897765
8241,7.7820829814897765
8242,7.7820829814897765
8243,7.7820829814897765
8244,7.7820829814897765
8245,7.7820829814897765
8246,7.7820829814897765
8247,7.7820829814897765
8248,7.7820829814897765
8249,7.7820829814897765
8250,7.7820829814897765
8251,7.7820829814897765
8252,7.7820829814897765
8253,7.7820829814897765
8254,7.7820829814897765
8255,7.7820829814897765
8256,7.7820829814897765
8257,7.7820829814897765
8258,7.7820829814897765
8259,7.7820829814897765
8260,7.7820829814897765
8261,7.7820829814897765
8262,7.7820829814897765
8263,7.7820829814897765
8264,7.7820829814897765
8265,7.7820829814897765
8266,7.7820829814897765
8267,7.7820829814897765
8268,7.7820829814897765
8269,7.7820829814897765
8270,7.7820829814897765
8271,7.7820829814897765
8272,7.7820829814897765
8273,7.7820829814897765
8274,7.7820829814897765
8275,7.7820829814897765
8276,7.7820829814897765
8277,7.7820829814897765
8278,7.7820829814897765
8279,7.7820829814897765
8280,7.7820829814897765
8281,7.7820829814897765
8282,7.7820829814897765
8283,7.7820829814897765
8284,7.7820829814897765
8285,7.7820829814897765
8286,7.7820829814897765
8287,7.7820829814897765
8288,7.7820829814897765
8289,7.7820829814897765
8290,7.7820829814897765
8291,7.7820829814897765
8292,7.7820829814897765
8293,7.7820829814897765
8294,7.7820829814897765
8295,7.7820829814897765
8296,7.7820829814897765
8297,7.7820829814897765
8298,7.7820829814897765
8299,7.7820829814897765
8300,7.7820829814897765
8301,7.7820829814897765
8302,7.7820829814897765
8303,7.7820829814897765
8304,7.7820829814897765
8305,7.7820829814897765
8306,7.7820829814897765
8307,7.7820829814897765
8308,7.7820829814897765
8309,7.7820829814897765
8310,7.7820829814897765
8311,7.7820829814897765
8312,7.7820829814897765
8313,7.7820829814897765
8314,7.7820829814897765
8315,7.7820829814897765
8316,7.7820829814897765
8317,7.7820829814897765
8318,7.7820829814897765
8319,7.7820829814897765
8320,7.7820829814897765
8321,7.7820829814897765
8322,7.7820829814897765
8323,7.7820829814897765
8324,7.7820829814897765
8325,7.7820829814897765
8326,7.7820829814897765
8327,7.7820829814897765
8328,7.7820829814897765
8329,7.7820829814897765
8330,7.7820829814897765
8331,7.7820829814897765
8332,7.7820829814897765
8333,7.7820829814897765
8334,7.7820829814897765
8335,7.7820829814897765
8336,7.7820829814897765
8337,7.7820829814897765
8338,7.7820829814897765
8339,7.7820829814897765
8340,7.7820829814897765
8341,7.7820829814897765
8342,7.7820829814897765
8343,7.7820829814897765
8344,7.7820829814897765
8345,7.7820829814897765
8346,7.7820829814897765
8347,7.7820829814897765
8348,7.7820829814897765
8349,7.7820829814897765
8350,7.7820829814897765
8351,7.7820829814897765
8352,7.7820829814897765
8353,7.7820829814897765
8354,7.7820829814897765
8355,7.7820829814897765
8356,7.7820829814897765
8357,7.7820829814897765
8358,7.7820829814897765
8359,7.7820829814897765
8360,7.7820829814897765
8361,7.7820829814897765
8362,7.7820829814897765
8363,7.7820829814897765
8364,7.7820829814897765
8365,7.7820829814897765
8366,7.7820829814897765
8367,7.7820829814897765
8368,7.7820829814897765
8369,7.7820829814897765
8370,7.7820829814897765
8371,7.7820829814897765
8372,7.7820829814897765
8373,7.7820829814897765
8374,7.7820829814897765
8375,7.7820829814897765
8376,7.7820829814897765
8377,7.7820829814897765
8378,7.7820829814897765
8379,7.7820829814897765
8380,7.7820829814897765
8381,7.7820829814897765
8382,7.7820829814897765
8383,7.7820829814897765
8384,7.7820829814897765
8385,7.7820829814897765
8386,7.7820829814897765
8387,7.7820829814897765
8388,7.7820829814897765
8389,7.7820829814897765
8390,7.7820829814897765
8391,7.7820829814897765
8392,7.7820829814897765
8393,7.7820829814897765
8394,7.7820829814897765
8395,7.7820829814897765
8396,7.7820829814897765
8397,7.7820829814897765
8398,7.7820829814897765
8399,7.7820829814897765
8400,7.7820829814897765
8401,7.7820829814897765
8402,7.7820829814897765
8403,7.7820829814897765
8404,7.7820829814897765
8405,7.7820829814897765
8406,7.7820829814897765
8407,7.7820829814897765
8408,7.7820829814897765
8409,7.7820829814897765
8410,7.7820829814897765
8411,7.7820829814897765
8412,7.7820829814897765
8413,7.7820829814897765
8414,7.7820829814897765
8415,7.7820829814897765
8416,7.7820829814897765
8417,7.7820829814897765
8418,7.7820829814897765
8419,7.7820829814897765
8420,7.7820829814897765
8421,7.7820829814897765
8422,7.7820829814897765
8423,7.7820829814897765
8424,7.7820829814897765
8425,7.7820829814897765
8426,7.7820829814897765
8427,7.7820829814897765
8428,7.7820829814897765
8429,7.7820829814897765
8430,7.7820829814897765
8431,7.7820829814897765
8432,7.7820829814897765
8433,7.7820829814897765
8434,7.7820829814897765
8435,7.7820829814897765
8436,7.7820829814897765
8437,7.7820829814897765
8438,7.7820829814897765
8439,7.7820829814897765
8440,7.7820829814897765
8441,7.7820829814897765
8442,7.7820829814897765
8443,7.7820829814897765
8444,7.7820829814897765
8445,7.7820829814897765
8446,7.7820829814897765
8447,7.7820829814897765
8448,7.7820829814897765
8449,7.7820829814897765
8450,7.7820829814897765
8451,7.7820829814897765
8452,7.7820829814897765
8453,7.7820829814897765
8454,7.7820829814897765
8455,7.7820829814897765
8456,7.7820829814897765
8457,7.7820829814897765
8458,7.7820829814897765
8459,7.7820829814897765
8460,7.7820829814897765
8461,7.7820829814897765
8462,7.7820829814897765
8463,7.7820829814897765
8464,7.7820829814897765
8465,7.7820829814897765
8466,7.7820829814897765
8467,7.7820829814897765
8468,7.7820829814897765
8469,7.7820829814897765
8470,7.7820829814897765
8471,7.7820829814897765
8472,7.7820829814897765
8473,7.7820829814897765
8474,7.7820829814897765
8475,7.7820829814897765
8476,7.7820829814897765
8477,7.7820829814897765
8478,7.7820829814897765
8479,7.7820829814897765
8480,7.7820829814897765
8481,7.7820829814897765
8482,7.7820829814897765
8483,7.7820829814897765
8484,7.7820829814897765
8485,7.7820829814897765
8486,7.7820829814897765
8487,7.7820829814897765
8488,7.7820829814897765
8489,7.7820829814897765
8490,7.7820829814897765
8491,7.7820829814897765
8492,7.7820829814897765
8493,7.7820829814897765
8494,7.7820829814897765
8495,7.7820829814897765
8496,7.7820829814897765
8497,7.7820829814897765
8498,7.7820829814897765
8499,7.7820829814897765
8500,7.7820829814897765
8501,7.7820829814897765
8502,7.7820829814897765
8503,7.7820829814897765
8504,7.7820829814897765
8505,7.7820829814897765
8506,7.7820829814897765
8507,7.7820829814897765
8508,7.7820829814897765
8509,7.7820829814897765
8510,7.7820829814897765
8511,7.7820829814897765
8512,7.7820829814897765
8513,7.7820829814897765
8514,7.7820829814897765
8515,7.7820829814897765
8516,7.7820829814897765
8517,7.7820829814897765
8518,7.7820829814897765
8519,7.7820829814897765
8520,7.7820829814897765
8521,7.7820829814897765
8522,7.7820829814897765
8523,7.7820829814897765
8524,7.7820829814897765
8525,7.7820829814897765
8526,7.7820829814897765
8527,7.7820829814897765
8528,7.7820829814897765
8529,7.7820829814897765
8530,7.7820829814897765
8531,7.7820829814897765
8532,7.7820829814897765
8533,7.7820829814897765
8534,7.7820829814897765
8535,7.7820829814897765
8536,7.7820829814897765
8537,7.7820829814897765
8538,7.7820829814897765
8539,7.7820829814897765
8540,7.7820829814897765
8541,7.7820829814897765
8542,7.7820829814897765
8543,7.7820829814897765
8544,7.7820829814897765
8545,7.7820829814897765
8546,7.7820829814897765
8547,7.7820829814897765
8548,7.7820829814897765
8549,7.7820829814897765
8550,7.7820829814897765
8551,7.7820829814897765
8552,7.7820829814897765
8553,7.7820829814897765
8554,7.7820829814897765
8555,7.7820829814897765
8556,7.7820829814897765
8557,7.7820829814897765
8558,7.7820829814897765
8559,7.7820829814897765
8560,7.7820829814897765
8561,7.7820829814897765
8562,7.7820829814897765
8563,7.7820829814897765
8564,7.7820829814897765
8565,7.7820829814897765
8566,7.7820829814897765
8567,7.7820829814897765
8568,7.7820829814897765
8569,7.7820829814897765
8570,7.7820829814897765
8571,7.7820829814897765
8572,7.7820829814897765
8573,7.7820829814897765
8574,7.7820829814897765
8575,7.7820829814897765
8576,7.7820829814897765
8577,7.7820829814897765
8578,7.7820829814897765
8579,7.7820829814897765
8580,7.7820829814897765
8581,7.7820829814897765
8582,7.7820829814897765
8583,7.7820829814897765
8584,7.7820829814897765
8585,7.7820829814897765
8586,7.7820829814897765
8587,7.7820829814897765
8588,7.7820829814897765
8589,7.7820829814897765
8590,7.7820829814897765
8591,7.7820829814897765
8592,7.7820829814897765
8593,7.7820829814897765
8594,7.7820829814897765
8595,7.7820829814897765
8596,7.7820829814897765
8597,7.7820829814897765
8598,7.7820829814897765
8599,7.7820829814897765
8600,7.7820829814897765
8601,7.7820829814897765
8602,7.7820829814897765
8603,7.7820829814897765
8604,7.7820829814897765
8605,7.7820829814897765
8606,7.7820829814897765
8607,7.7820829814897765
8608,7.7820829814897765
8609,7.7820829814897765
8610,7.7820829814897765
8611,7.7820829814897765
8612,7.7820829814897765
8613,7.7820829814897765
8614,7.7820829814897765
8615,7.7820829814897765
8616,7.7820829814897765
8617,7.7820829814897765
8618,7.7820829814897765
8619,7.7820829814897765
8620,7.7820829814897765
8621,7.7820829814897765
8622,7.7820829814897765
8623,7.7820829814897765
8624,7.7820829814897765
8625,7.7820829814897765
8626,7.7820829814897765
8627,7.7820829814897765
8628,7.7820829814897765
8629,7.7820829814897765
8630,7.7820829814897765
8631,7.7820829814897765
8632,7.7820829814897765
8633,7.7820829814897765
8634,7.7820829814897765
8635,7.7820829814897765
8636,7.7820829814897765
8637,7.7820829814897765
8638,7.7820829814897765
8639,7.7820829814897765
8640,7.7820829814897765
8641,7.7820829814897765
8642,7.7820829814897765
8643,7.7820829814897765
8644,7.7820829814897765
8645,7.7820829814897765
8646,7.7820829814897765
8647,7.7820829814897765
8648,7.7820829814897765
8649,7.7820829814897765
8650,7.7820829814897765
8651,7.7820829814897765
8652,7.7820829814897765
8653,7.7820829814897765
8654,7.7820829814897765
8655,7.7820829814897765
8656,7.7820829814897765
8657,7.7820829814897765
8658,7.7820829814897765
8659,7.7820829814897765
8660,7.7820829814897765
8661,7.7820829814897765
8662,7.7820829814897765
8663,7.7820829814897765
8664,7.7820829814897765
8665,7.7820829814897765
8666,7.7820829814897765
8667,7.7820829814897765
8668,7.7820829814897765
8669,7.7820829814897765
8670,7.7820829814897765
8671,7.7820829814897765
8672,7.7820829814897765
8673,7.7820829814897765
8674,7.7820829814897765
8675,7.7820829814897765
8676,7.7820829814897765
8677,7.7820829814897765
8678,7.7820829814897765
8679,7.7820829814897765
8680,7.7820829814897765
8681,7.7820829814897765
8682,7.7820829814897765
8683,7.7820829814897765
8684,7.7820829814897765
8685,7.7820829814897765
8686,7.7820829814897765
8687,7.7820829814897765
8688,7.7820829814897765
8689,7.7820829814897765
8690,7.7820829814897765
8691,7.7820829814897765
8692,7.7820829814897765
8693,7.7820829814897765
8694,7.7820829814897765
8695,7.7820829814897765
8696,7.7820829814897765
8697,7.7820829814897765
8698,7.7820829814897765
8699,7.7820829814897765
8700,7.7820829814897765
8701,7.7820829814897765
8702,7.7820829814897765
8703,7.7820829814897765
8704,7.7820829814897765
8705,7.7820829814897765
8706,7.7820829814897765
8707,7.7820829814897765
8708,7.7820829814897765
8709,7.7820829814897765
8710,7.7820829814897765
8711,7.7820829814897765
8712,7.7820829814897765
8713,7.7820829814897765
8714,7.7820829814897765
8715,7.7820829814897765
8716,7.7820829814897765
8717,7.7820829814897765
8718,7.7820829814897765
8719,7.7820829814897765
8720,7.7820829814897765
8721,7.7820829814897765
8722,7.7820829814897765
8723,7.7820829814897765
8724,7.7820829814897765
8725,7.7820829814897765
8726,7.7820829814897765
8727,7.7820829814897765
8728,7.7820829814897765
8729,7.7820829814897765
8730,7.7820829814897765
8731,7.7820829814897765
8732,7.7820829814897765
8733,7.7820829814897765
8734,7.7820829814897765
8735,7.7820829814897765
8736,7.7820829814897765
8737,7.7820829814897765
8738,7.7820829814897765
8739,7.7820829814897765
8740,7.7820829814897765
8741,7.7820829814897765
8742,7.7820829814897765
8743,7.7820829814897765
8744,7.7820829814897765
8745,7.7820829814897765
8746,7.7820829814897765
8747,7.7820829814897765
8748,7.7820829814897765
8749,7.7820829814897765
8750,7.7820829814897765
8751,7.7820829814897765
8752,7.7820829814897765
8753,7.7820829814897765
8754,7.7820829814897765
8755,7.7820829814897765
8756,7.7820829814897765
8757,7.7820829814897765
8758,7.7820829814897765
8759,7.7820829814897765
8760,7.7820829814897765
8761,7.7820829814897765
8762,7.7820829814897765
8763,7.7820829814897765
8764,7.7820829814897765
8765,7.7820829814897765
8766,7.7820829814897765
8767,7.7820829814897765
8768,7.7820829814897765
8769,7.7820829814897765
8770,7.7820829814897765
8771,7.7820829814897765
8772,7.7820829814897765
8773,7.7820829814897765
8774,7.7820829814897765
8775,7.7820829814897765
8776,7.7820829814897765
8777,7.7820829814897765
8778,7.7820829814897765
8779,7.7820829814897765
8780,7.7820829814897765
8781,7.7820829814897765
8782,7.7820829814897765
8783,7.7820829814897765
8784,7.7820829814897765
8785,7.7820829814897765
8786,7.7820829814897765
8787,7.7820829814897765
8788,7.7820829814897765
8789,7.7820829814897765
8790,7.7820829814897765
8791,7.7820829814897765
8792,7.7820829814897765
8793,7.7820829814897765
8794,7.7820829814897765
8795,7.7820829814897765
8796,7.7820829814897765
8797,7.7820829814897765
8798,7.7820829814897765
8799,7.7820829814897765
8800,7.7820829814897765
8801,7.7820829814897765
8802,7.7820829814897765
8803,7.7820829814897765
8804,7.7820829814897765
8805,7.7820829814897765
8806,7.7820829814897765
8807,7.7820829814897765
8808,7.7820829814897765
8809,7.7820829814897765
8810,7.7820829814897765
8811,7.7820829814897765
8812,7.7820829814897765
8813,7.7820829814897765
8814,7.7820829814897765
8815,7.7820829814897765
8816,7.7820829814897765
8817,7.7820829814897765
8818,7.7820829814897765
8819,7.7820829814897765
8820,7.7820829814897765
8821,7.7820829814897765
8822,7.7820829814897765
8823,7.7820829814897765
8824,7.7820829814897765
8825,7.7820829814897765
8826,7.7820829814897765
8827,7.7820829814897765
8828,7.7820829814897765
8829,7.7820829814897765
8830,7.7820829814897765
8831,7.7820829814897765
8832,7.7820829814897765
8833,7.7820829814897765
8834,7.7820829814897765
8835,7.7820829814897765
8836,7.7820829814897765
8837,7.7820829814897765
8838,7.7820829814897765
8839,7.7820829814897765
8840,7.7820829814897765
8841,7.7820829814897765
8842,7.7820829814897765
8843,7.7820829814897765
8844,7.7820829814897765
8845,7.7820829814897765
8846,7.7820829814897765
8847,7.7820829814897765
8848,7.7820829814897765
8849,7.7820829814897765
8850,7.7820829814897765
8851,7.7820829814897765
8852,7.7820829814897765
8853,7.7820829814897765
8854,7.7820829814897765
8855,7.7820829814897765
8856,7.7820829814897765
8857,7.7820829814897765
8858,7.7820829814897765
8859,7.7820829814897765
8860,7.7820829814897765
8861,7.7820829814897765
8862,7.7820829814897765
8863,7.7820829814897765
8864,7.7820829814897765
8865,7.7820829814897765
8866,7.7820829814897765
8867,7.7820829814897765
8868,7.7820829814897765
8869,7.7820829814897765
8870,7.7820829814897765
8871,7.7820829814897765
8872,7.7820829814897765
8873,7.7820829814897765
8874,7.7820829814897765
8875,7.7820829814897765
8876,7.7820829814897765
8877,7.7820829814897765
8878,7.7820829814897765
8879,7.7820829814897765
8880,7.7820829814897765
8881,7.7820829814897765
8882,7.7820829814897765
8883,7.7820829814897765
8884,7.7820829814897765
8885,7.7820829814897765
8886,7.7820829814897765
8887,7.7820829814897765
8888,7.7820829814897765
8889,7.7820829814897765
8890,7.7820829814897765
8891,7.7820829814897765
8892,7.7820829814897765
8893,7.7820829814897765
8894,7.7820829814897765
8895,7.7820829814897765
8896,7.7820829814897765
8897,7.7820829814897765
8898,7.7820829814897765
8899,7.7820829814897765
8900,7.7820829814897765
8901,7.7820829814897765
8902,7.7820829814897765
8903,7.7820829814897765
8904,7.7820829814897765
8905,7.7820829814897765
8906,7.7820829814897765
8907,7.7820829814897765
8908,7.7820829814897765
8909,7.7820829814897765
8910,7.7820829814897765
8911,7.7820829814897765
8912,7.7820829814897765
8913,7.7820829814897765
8914,7.7820829814897765
8915,7.7820829814897765
8916,7.7820829814897765
8917,7.7820829814897765
8918,7.7820829814897765
8919,7.7820829814897765
8920,7.7820829814897765
8921,7.7820829814897765
8922,7.7820829814897765
8923,7.7820829814897765
8924,7.7820829814897765
8925,7.7820829814897765
8926,7.7820829814897765
8927,7.7820829814897765
8928,7.7820829814897765
8929,7.7820829814897765
8930,7.7820829814897765
8931,7.7820829814897765
8932,7.7820829814897765
8933,7.7820829814897765
8934,7.7820829814897765
8935,7.7820829814897765
8936,7.7820829814897765
8937,7.7820829814897765
8938,7.7820829814897765
8939,7.7820829814897765
8940,7.7820829814897765
8941,7.7820829814897765
8942,7.7820829814897765
8943,7.7820829814897765
8944,7.7820829814897765
8945,7.7820829814897765
8946,7.7820829814897765
8947,7.7820829814897765
8948,7.7820829814897765
8949,7.7820829814897765
8950,7.7820829814897765
8951,7.7820829814897765
8952,7.7820829814897765
8953,7.7820829814897765
8954,7.7820829814897765
8955,7.7820829814897765
8956,7.7820829814897765
8957,7.7820829814897765
8958,7.7820829814897765
8959,7.7820829814897765
8960,7.7820829814897765
8961,7.7820829814897765
8962,7.7820829814897765
8963,7.7820829814897765
8964,7.7820829814897765
8965,7.7820829814897765
8966,7.7820829814897765
8967,7.7820829814897765
8968,7.7820829814897765
8969,7.7820829814897765
8970,7.7820829814897765
8971,7.7820829814897765
8972,7.7820829814897765
8973,7.7820829814897765
8974,7.7820829814897765
8975,7.7820829814897765
8976,7.7820829814897765
8977,7.7820829814897765
8978,7.7820829814897765
8979,7.7820829814897765
8980,7.7820829814897765
8981,7.7820829814897765
8982,7.7820829814897765
8983,7.7820829814897765
8984,7.7820829814897765
8985,7.7820829814897765
8986,7.7820829814897765
8987,7.7820829814897765
8988,7.7820829814897765
8989,7.7820829814897765
8990,7.7820829814897765
8991,7.7820829814897765
8992,7.7820829814897765
8993,7.7820829814897765
8994,7.7820829814897765
8995,7.7820829814897765
8996,7.7820829814897765
8997,7.7820829814897765
8998,7.7820829814897765
8999,7.7820829814897765
9000,7.7820829814897765
9001,7.7820829814897765
9002,7.7820829814897765
9003,7.7820829814897765
9004,7.7820829814897765
9005,7.7820829814897765
9006,7.7820829814897765
9007,7.7820829814897765
9008,7.7820829814897765
9009,7.7820829814897765
9010,7.7820829814897765
9011,7.7820829814897765
9012,7.7820829814897765
9013,7.7820829814897765
9014,7.7820829814897765
9015,7.7820829814897765
9016,7.7820829814897765
9017,7.7820829814897765
9018,7.7820829814897765
9019,7.7820829814897765
9020,7.7820829814897765
9021,7.7820829814897765
9022,7.7820829814897765
9023,7.7820829814897765
9024,7.7820829814897765
9025,7.7820829814897765
9026,7.7820829814897765
9027,7.7820829814897765
9028,7.7820829814897765
9029,7.7820829814897765
9030,7.7820829814897765
9031,7.7820829814897765
9032,7.7820829814897765
9033,7.7820829814897765
9034,7.7820829814897765
9035,7.7820829814897765
9036,7.7820829814897765
9037,7.7820829814897765
9038,7.7820829814897765
9039,7.7820829814897765
9040,7.7820829814897765
9041,7.7820829814897765
9042,7.7820829814897765
9043,7.7820829814897765
9044,7.7820829814897765
9045,7.7820829814897765
9046,7.7820829814897765
9047,7.7820829814897765
9048,7.7820829814897765
9049,7.7820829814897765
9050,7.7820829814897765
9051,7.7820829814897765
9052,7.7820829814897765
9053,7.7820829814897765
9054,7.7820829814897765
9055,7.7820829814897765
9056,7.7820829814897765
9057,7.7820829814897765
9058,7.7820829814897765
9059,7.7820829814897765
9060,7.7820829814897765
9061,7.7820829814897765
9062,7.7820829814897765
9063,7.7820829814897765
9064,7.7820829814897765
9065,7.7820829814897765
9066,7.7820829814897765
9067,7.7820829814897765
9068,7.7820829814897765
9069,7.7820829814897765
9070,7.7820829814897765
9071,7.7820829814897765
9072,7.7820829814897765
9073,7.7820829814897765
9074,7.7820829814897765
9075,7.7820829814897765
9076,7.7820829814897765
9077,7.7820829814897765
9078,7.7820829814897765
9079,7.7820829814897765
9080,7.7820829814897765
9081,7.7820829814897765
9082,7.7820829814897765
9083,7.7820829814897765
9084,7.7820829814897765
9085,7.7820829814897765
9086,7.7820829814897765
9087,7.7820829814897765
9088,7.7820829814897765
9089,7.7820829814897765
9090,7.7820829814897765
9091,7.7820829814897765
9092,7.7820829814897765
9093,7.7820829814897765
9094,7.7820829814897765
9095,7.7820829814897765
9096,7.7820829814897765
9097,7.7820829814897765
9098,7.7820829814897765
9099,7.7820829814897765
9100,7.7820829814897765
9101,7.7820829814897765
9102,7.7820829814897765
9103,7.7820829814897765
9104,7.7820829814897765
9105,7.7820829814897765
9106,7.7820829814897765
9107,7.7820829814897765
9108,7.7820829814897765
9109,7.7820829814897765
9110,7.7820829814897765
9111,7.7820829814897765
9112,7.7820829814897765
9113,7.7820829814897765
9114,7.7820829814897765
9115,7.7820829814897765
9116,7.7820829814897765
9117,7.7820829814897765
9118,7.7820829814897765
9119,7.7820829814897765
9120,7.7820829814897765
9121,7.7820829814897765
9122,7.7820829814897765
9123,7.7820829814897765
9124,7.7820829814897765
9125,7.7820829814897765
9126,7.7820829814897765
9127,7.7820829814897765
9128,7.7820829814897765
9129,7.7820829814897765
9130,7.7820829814897765
9131,7.7820829814897765
9132,7.7820829814897765
9133,7.7820829814897765
9134,7.7820829814897765
9135,7.7820829814897765
9136,7.7820829814897765
9137,7.7820829814897765
9138,7.7820829814897765
9139,7.7820829814897765
9140,7.7820829814897765
9141,7.7820829814897765
9142,7.7820829814897765
9143,7.7820829814897765
9144,7.7820829814897765
9145,7.7820829814897765
9146,7.7820829814897765
9147,7.7820829814897765
9148,7.7820829814897765
9149,7.7820829814897765
9150,7.7820829814897765
9151,7.7820829814897765
9152,7.7820829814897765
9153,7.7820829814897765
9154,7.7820829814897765
9155,7.7820829814897765
9156,7.7820829814897765
9157,7.7820829814897765
9158,7.7820829814897765
9159,7.7820829814897765
9160,7.7820829814897765
9161,7.7820829814897765
9162,7.7820829814897765
9163,7.7820829814897765
9164,7.7820829814897765
9165,7.7820829814897765
9166,7.7820829814897765
9167,7.7820829814897765
9168,7.7820829814897765
9169,7.7820829814897765
9170,7.7820829814897765
9171,7.7820829814897765
9172,7.7820829814897765
9173,7.7820829814897765
9174,7.7820829814897765
9175,7.7820829814897765
9176,7.7820829814897765
9177,7.7820829814897765
9178,7.7820829814897765
9179,7.7820829814897765
9180,7.7820829814897765
9181,7.7820829814897765
9182,7.7820829814897765
9183,7.7820829814897765
9184,7.7820829814897765
9185,7.7820829814897765
9186,7.7820829814897765
9187,7.7820829814897765
9188,7.7820829814897765
9189,7.7820829814897765
9190,7.7820829814897765
9191,7.7820829814897765
9192,7.7820829814897765
9193,7.7820829814897765
9194,7.7820829814897765
9195,7.7820829814897765
9196,7.7820829814897765
9197,7.7820829814897765
9198,7.7820829814897765
9199,7.7820829814897765
9200,7.7820829814897765
9201,7.7820829814897765
9202,7.7820829814897765
9203,7.7820829814897765
9204,7.7820829814897765
9205,7.7820829814897765
9206,7.7820829814897765
9207,7.7820829814897765
9208,7.7820829814897765
9209,7.7820829814897765
9210,7.7820829814897765
9211,7.7820829814897765
9212,7.7820829814897765
9213,7.7820829814897765
9214,7.7820829814897765
9215,7.7820829814897765
9216,7.7820829814897765
9217,7.7820829814897765
9218,7.7820829814897765
9219,7.7820829814897765
9220,7.7820829814897765
9221,7.7820829814897765
9222,7.7820829814897765
9223,7.7820829814897765
9224,7.7820829814897765
9225,7.7820829814897765
9226,7.7820829814897765
9227,7.7820829814897765
9228,7.7820829814897765
9229,7.7820829814897765
9230,7.7820829814897765
9231,7.7820829814897765
9232,7.7820829814897765
9233,7.7820829814897765
9234,7.7820829814897765
9235,7.7820829814897765
9236,7.7820829814897765
9237,7.7820829814897765
9238,7.7820829814897765
9239,7.7820829814897765
9240,7.7820829814897765
9241,7.7820829814897765
9242,7.7820829814897765
9243,7.7820829814897765
9244,7.7820829814897765
9245,7.7820829814897765
9246,7.7820829814897765
9247,7.7820829814897765
9248,7.7820829814897765
9249,7.7820829814897765
9250,7.7820829814897765
9251,7.7820829814897765
9252,7.7820829814897765
9253,7.7820829814897765
9254,7.7820829814897765
9255,7.7820829814897765
9256,7.7820829814897765
9257,7.7820829814897765
9258,7.7820829814897765
9259,7.7820829814897765
9260,7.7820829814897765
9261,7.7820829814897765
9262,7.7820829814897765
9263,7.7820829814897765
9264,7.7820829814897765
9265,7.7820829814897765
9266,7.7820829814897765
9267,7.7820829814897765
9268,7.7820829814897765
9269,7.7820829814897765
9270,7.7820829814897765
9271,7.7820829814897765
9272,7.7820829814897765
9273,7.7820829814897765
9274,7.7820829814897765
9275,7.7820829814897765
9276,7.7820829814897765
9277,7.7820829814897765
9278,7.7820829814897765
9279,7.7820829814897765
9280,7.7820829814897765
9281,7.7820829814897765
9282,7.7820829814897765
9283,7.7820829814897765
9284,7.7820829814897765
9285,7.7820829814897765
9286,7.7820829814897765
9287,7.7820829814897765
9288,7.7820829814897765
9289,7.7820829814897765
9290,7.7820829814897765
9291,7.7820829814897765
9292,7.7820829814897765
9293,7.7820829814897765
9294,7.7820829814897765
9295,7.7820829814897765
9296,7.7820829814897765
9297,7.7820829814897765
9298,7.7820829814897765
9299,7.7820829814897765
9300,7.7820829814897765
9301,7.7820829814897765
9302,7.7820829814897765
9303,7.7820829814897765
9304,7.7820829814897765
9305,7.7820829814897765
9306,7.7820829814897765
9307,7.7820829814897765
9308,7.7820829814897765
9309,7.7820829814897765
9310,7.7820829814897765
9311,7.7820829814897765
9312,7.7820829814897765
9313,7.7820829814897765
9314,7.7820829814897765
9315,7.7820829814897765
9316,7.7820829814897765
9317,7.7820829814897765
9318,7.7820829814897765
9319,7.7820829814897765
9320,7.7820829814897765
9321,7.7820829814897765
9322,7.7820829814897765
9323,7.7820829814897765
9324,7.7820829814897765
9325,7.7820829814897765
9326,7.7820829814897765
9327,7.7820829814897765
9328,7.7820829814897765
9329,7.7820829814897765
9330,7.7820829814897765
9331,7.7820829814897765
9332,7.7820829814897765
9333,7.7820829814897765
9334,7.7820829814897765
9335,7.7820829814897765
9336,7.7820829814897765
9337,7.7820829814897765
9338,7.7820829814897765
9339,7.7820829814897765
9340,7.7820829814897765
9341,7.7820829814897765
9342,7.7820829814897765
9343,7.7820829814897765
9344,7.7820829814897765
9345,7.7820829814897765
9346,7.7820829814897765
9347,7.7820829814897765
9348,7.7820829814897765
9349,7.7820829814897765
9350,7.7820829814897765
9351,7.7820829814897765
9352,7.7820829814897765
9353,7.7820829814897765
9354,7.7820829814897765
9355,7.7820829814897765
9356,7.7820829814897765
9357,7.7820829814897765
9358,7.7820829814897765
9359,7.7820829814897765
9360,7.7820829814897765
9361,7.7820829814897765
9362,7.7820829814897765
9363,7.7820829814897765
9364,7.7820829814897765
9365,7.7820829814897765
9366,7.7820829814897765
9367,7.7820829814897765
9368,7.7820829814897765
9369,7.7820829814897765
9370,7.7820829814897765
9371,7.7820829814897765
9372,7.7820829814897765
9373,7.7820829814897765
9374,7.7820829814897765
9375,7.7820829814897765
9376,7.7820829814897765
9377,7.7820829814897765
9378,7.7820829814897765
9379,7.7820829814897765
9380,7.7820829814897765
9381,7.7820829814897765
9382,7.7820829814897765
9383,7.7820829814897765
9384,7.7820829814897765
9385,7.7820829814897765
9386,7.7820829814897765
9387,7.7820829814897765
9388,7.7820829814897765
9389,7.7820829814897765
9390,7.7820829814897765
9391,7.7820829814897765
9392,7.7820829814897765
9393,7.7820829814897765
9394,7.7820829814897765
9395,7.7820829814897765
9396,7.7820829814897765
9397,7.7820829814897765
9398,7.7820829814897765
9399,7.7820829814897765
9400,7.7820829814897765
9401,7.7820829814897765
9402,7.7820829814897765
9403,7.7820829814897765
9404,7.7820829814897765
9405,7.7820829814897765
9406,7.7820829814897765
9407,7.7820829814897765
9408,7.7820829814897765
9409,7.7820829814897765
9410,7.7820829814897765
9411,7.7820829814897765
9412,7.7820829814897765
9413,7.7820829814897765
9414,7.7820829814897765
9415,7.7820829814897765
9416,7.7820829814897765
9417,7.7820829814897765
9418,7.7820829814897765
9419,7.7820829814897765
9420,7.7820829814897765
9421,7.7820829814897765
9422,7.7820829814897765
9423,7.7820829814897765
9424,7.7820829814897765
9425,7.7820829814897765
9426,7.7820829814897765
9427,7.7820829814897765
9428,7.7820829814897765
9429,7.7820829814897765
9430,7.7820829814897765
9431,7.7820829814897765
9432,7.7820829814897765
9433,7.7820829814897765
9434,7.7820829814897765
9435,7.7820829814897765
9436,7.7820829814897765
9437,7.7820829814897765
9438,7.7820829814897765
9439,7.7820829814897765
9440,7.7820829814897765
9441,7.7820829814897765
9442,7.7820829814897765
9443,7.7820829814897765
9444,7.7820829814897765
9445,7.7820829814897765
9446,7.7820829814897765
9447,7.7820829814897765
9448,7.7820829814897765
9449,7.7820829814897765
9450,7.7820829814897765
9451,7.7820829814897765
9452,7.7820829814897765
9453,7.7820829814897765
9454,7.7820829814897765
9455,7.7820829814897765
9456,7.7820829814897765
9457,7.7820829814897765
9458,7.7820829814897765
9459,7.7820829814897765
9460,7.7820829814897765
9461,7.7820829814897765
9462,7.7820829814897765
9463,7.7820829814897765
9464,7.7820829814897765
9465,7.7820829814897765
9466,7.7820829814897765
9467,7.7820829814897765
9468,7.7820829814897765
9469,7.7820829814897765
9470,7.7820829814897765
9471,7.7820829814897765
9472,7.7820829814897765
9473,7.7820829814897765
9474,7.7820829814897765
9475,7.7820829814897765
9476,7.7820829814897765
9477,7.7820829814897765
9478,7.7820829814897765
9479,7.7820829814897765
9480,7.7820829814897765
9481,7.7820829814897765
9482,7.7820829814897765
9483,7.7820829814897765
9484,7.7820829814897765
9485,7.7820829814897765
9486,7.7820829814897765
9487,7.7820829814897765
9488,7.7820829814897765
9489,7.7820829814897765
9490,7.7820829814897765
9491,7.7820829814897765
9492,7.7820829814897765
9493,7.7820829814897765
9494,7.7820829814897765
9495,7.7820829814897765
9496,7.7820829814897765
9497,7.7820829814897765
9498,7.7820829814897765
9499,7.7820829814897765
9500,7.7820829814897765
9501,7.7820829814897765
9502,7.7820829814897765
9503,7.7820829814897765
9504,7.7820829814897765
9505,7.7820829814897765
9506,7.7820829814897765
9507,7.7820829814897765
9508,7.7820829814897765
9509,7.7820829814897765
9510,7.7820829814897765
9511,7.7820829814897765
9512,7.7820829814897765
9513,7.7820829814897765
9514,7.7820829814897765
9515,7.7820829814897765
9516,7.7820829814897765
9517,7.7820829814897765
9518,7.7820829814897765
9519,7.7820829814897765
9520,7.7820829814897765
9521,7.7820829814897765
9522,7.7820829814897765
9523,7.7820829814897765
9524,7.7820829814897765
9525,7.7820829814897765
9526,7.7820829814897765
9527,7.7820829814897765
9528,7.7820829814897765
9529,7.7820829814897765
9530,7.7820829814897765
9531,7.7820829814897765
9532,7.7820829814897765
9533,7.7820829814897765
9534,7.7820829814897765
9535,7.7820829814897765
9536,7.7820829814897765
9537,7.7820829814897765
9538,7.7820829814897765
9539,7.7820829814897765
9540,7.7820829814897765
9541,7.7820829814897765
9542,7.7820829814897765
9543,7.7820829814897765
9544,7.7820829814897765
9545,7.7820829814897765
9546,7.7820829814897765
9547,7.7820829814897765
9548,7.7820829814897765
9549,7.7820829814897765
9550,7.7820829814897765
9551,7.7820829814897765
9552,7.7820829814897765
9553,7.7820829814897765
9554,7.7820829814897765
9555,7.7820829814897765
9556,7.7820829814897765
9557,7.7820829814897765
9558,7.7820829814897765
9559,7.7820829814897765
9560,7.7820829814897765
9561,7.7820829814897765
9562,7.7820829814897765
9563,7.7820829814897765
9564,7.7820829814897765
9565,7.7820829814897765
9566,7.7820829814897765
9567,7.7820829814897765
9568,7.7820829814897765
9569,7.7820829814897765
9570,7.7820829814897765
9571,7.7820829814897765
9572,7.7820829814897765
9573,7.7820829814897765
9574,7.7820829814897765
9575,7.7820829814897765
9576,7.7820829814897765
9577,7.7820829814897765
9578,7.7820829814897765
9579,7.7820829814897765
9580,7.7820829814897765
9581,7.7820829814897765
9582,7.7820829814897765
9583,7.7820829814897765
9584,7.7820829814897765
9585,7.7820829814897765
9586,7.7820829814897765
9587,7.7820829814897765
9588,7.7820829814897765
9589,7.7820829814897765
9590,7.7820829814897765
9591,7.7820829814897765
9592,7.7820829814897765
9593,7.7820829814897765
9594,7.7820829814897765
9595,7.7820829814897765
9596,7.7820829814897765
9597,7.7820829814897765
9598,7.7820829814897765
9599,7.7820829814897765
9600,7.7820829814897765
9601,7.7820829814897765
9602,7.7820829814897765
9603,7.7820829814897765
9604,7.7820829814897765
9605,7.7820829814897765
9606,7.7820829814897765
9607,7.7820829814897765
9608,7.7820829814897765
9609,7.7820829814897765
9610,7.7820829814897765
9611,7.7820829814897765
9612,7.7820829814897765
9613,7.7820829814897765
9614,7.7820829814897765
9615,7.7820829814897765
9616,7.7820829814897765
9617,7.7820829814897765
9618,7.7820829814897765
9619,7.7820829814897765
9620,7.7820829814897765
9621,7.7820829814897765
9622,7.7820829814897765
9623,7.7820829814897765
9624,7.7820829814897765
9625,7.7820829814897765
9626,7.7820829814897765
9627,7.7820829814897765
9628,7.7820829814897765
9629,7.7820829814897765
9630,7.7820829814897765
9631,7.7820829814897765
9632,7.7820829814897765
9633,7.7820829814897765
9634,7.7820829814897765
9635,7.7820829814897765
9636,7.7820829814897765
9637,7.7820829814897765
9638,7.7820829814897765
9639,7.7820829814897765
9640,7.7820829814897765
9641,7.7820829814897765
9642,7.7820829814897765
9643,7.7820829814897765
9644,7.7820829814897765
9645,7.7820829814897765
9646,7.7820829814897765
9647,7.7820829814897765
9648,7.7820829814897765
9649,7.7820829814897765
9650,7.7820829814897765
9651,7.7820829814897765
9652,7.7820829814897765
9653,7.7820829814897765
9654,7.7820829814897765
9655,7.7820829814897765
9656,7.7820829814897765
9657,7.7820829814897765
9658,7.7820829814897765
9659,7.7820829814897765
9660,7.7820829814897765
9661,7.7820829814897765
9662,7.7820829814897765
9663,7.7820829814897765
9664,7.7820829814897765
9665,7.7820829814897765
9666,7.7820829814897765
9667,7.7820829814897765
9668,7.7820829814897765
9669,7.7820829814897765
9670,7.7820829814897765
9671,7.7820829814897765
9672,7.7820829814897765
9673,7.7820829814897765
9674,7.7820829814897765
9675,7.7820829814897765
9676,7.7820829814897765
9677,7.7820829814897765
9678,7.7820829814897765
9679,7.7820829814897765
9680,7.7820829814897765
9681,7.7820829814897765
9682,7.7820829814897765
9683,7.7820829814897765
9684,7.7820829814897765
9685,7.7820829814897765
9686,7.7820829814897765
9687,7.7820829814897765
9688,7.7820829814897765
9689,7.7820829814897765
9690,7.7820829814897765
9691,7.7820829814897765
9692,7.7820829814897765
9693,7.7820829814897765
9694,7.7820829814897765
9695,7.7820829814897765
9696,7.7820829814897765
9697,7.7820829814897765
9698,7.7820829814897765
9699,7.7820829814897765
9700,7.7820829814897765
9701,7.7820829814897765
9702,7.7820829814897765
9703,7.7820829814897765
9704,7.7820829814897765
9705,7.7820829814897765
9706,7.7820829814897765
9707,7.7820829814897765
9708,7.7820829814897765
9709,7.7820829814897765
9710,7.7820829814897765
9711,7.7820829814897765
9712,7.7820829814897765
9713,7.7820829814897765
9714,7.7820829814897765
9715,7.7820829814897765
9716,7.7820829814897765
9717,7.7820829814897765
9718,7.7820829814897765
9719,7.7820829814897765
9720,7.7820829814897765
9721,7.7820829814897765
9722,7.7820829814897765
9723,7.7820829814897765
9724,7.7820829814897765
9725,7.7820829814897765
9726,7.7820829814897765
9727,7.7820829814897765
9728,7.7820829814897765
9729,7.7820829814897765
9730,7.7820829814897765
9731,7.7820829814897765
9732,7.7820829814897765
9733,7.7820829814897765
9734,7.7820829814897765
9735,7.7820829814897765
9736,7.7820829814897765
9737,7.7820829814897765
9738,7.7820829814897765
9739,7.7820829814897765
9740,7.7820829814897765
9741,7.7820829814897765
9742,7.7820829814897765
9743,7.7820829814897765
9744,7.7820829814897765
9745,7.7820829814897765
9746,7.7820829814897765
9747,7.7820829814897765
9748,7.7820829814897765
9749,7.7820829814897765
9750,7.7820829814897765
9751,7.7820829814897765
9752,7.7820829814897765
9753,7.7820829814897765
9754,7.7820829814897765
9755,7.7820829814897765
9756,7.7820829814897765
9757,7.7820829814897765
9758,7.7820829814897765
9759,7.7820829814897765
9760,7.7820829814897765
9761,7.7820829814897765
9762,7.7820829814897765
9763,7.7820829814897765
9764,7.7820829814897765
9765,7.7820829814897765
9766,7.7820829814897765
9767,7.7820829814897765
9768,7.7820829814897765
9769,7.7820829814897765
9770,7.7820829814897765
9771,7.7820829814897765
9772,7.7820829814897765
9773,7.7820829814897765
9774,7.7820829814897765
9775,7.7820829814897765
9776,7.7820829814897765
9777,7.7820829814897765
9778,7.7820829814897765
9779,7.7820829814897765
9780,7.7820829814897765
9781,7.7820829814897765
9782,7.7820829814897765
9783,7.7820829814897765
9784,7.7820829814897765
9785,7.7820829814897765
9786,7.7820829814897765
9787,7.7820829814897765
9788,7.7820829814897765
9789,7.7820829814897765
9790,7.7820829814897765
9791,7.7820829814897765
9792,7.7820829814897765
9793,7.7820829814897765
9794,7.7820829814897765
9795,7.7820829814897765
9796,7.7820829814897765
9797,7.7820829814897765
9798,7.7820829814897765
9799,7.7820829814897765
9800,7.7820829814897765
9801,7.7820829814897765
9802,7.7820829814897765
9803,7.7820829814897765
9804,7.7820829814897765
9805,7.7820829814897765
9806,7.7820829814897765
9807,7.7820829814897765
9808,7.7820829814897765
9809,7.7820829814897765
9810,7.7820829814897765
9811,7.7820829814897765
9812,7.7820829814897765
9813,7.7820829814897765
9814,7.7820829814897765
9815,7.7820829814897765
9816,7.7820829814897765
9817,7.7820829814897765
9818,7.7820829814897765
9819,7.7820829814897765
9820,7.7820829814897765
9821,7.7820829814897765
9822,7.7820829814897765
9823,7.7820829814897765
9824,7.7820829814897765
9825,7.7820829814897765
9826,7.7820829814897765
9827,7.7820829814897765
9828,7.7820829814897765
9829,7.7820829814897765
9830,7.7820829814897765
9831,7.7820829814897765
9832,7.7820829814897765
9833,7.7820829814897765
9834,7.7820829814897765
9835,7.7820829814897765
9836,7.7820829814897765
9837,7.7820829814897765
9838,7.7820829814897765
9839,7.7820829814897765
9840,7.7820829814897765
9841,7.7820829814897765
9842,7.7820829814897765
9843,7.7820829814897765
9844,7.7820829814897765
9845,7.7820829814897765
9846,7.7820829814897765
9847,7.7820829814897765
9848,7.7820829814897765
9849,7.7820829814897765
9850,7.7820829814897765
9851,7.7820829814897765
9852,7.7820829814897765
9853,7.7820829814897765
9854,7.7820829814897765
9855,7.7820829814897765
9856,7.7820829814897765
9857,7.7820829814897765
9858,7.7820829814897765
9859,7.7820829814897765
9860,7.7820829814897765
9861,7.7820829814897765
9862,7.7820829814897765
9863,7.7820829814897765
9864,7.7820829814897765
9865,7.7820829814897765
9866,7.7820829814897765
9867,7.7820829814897765
9868,7.7820829814897765
9869,7.7820829814897765
9870,7.7820829814897765
9871,7.7820829814897765
9872,7.7820829814897765
9873,7.7820829814897765
9874,7.7820829814897765
9875,7.7820829814897765
9876,7.7820829814897765
9877,7.7820829814897765
9878,7.7820829814897765
9879,7.7820829814897765
9880,7.7820829814897765
9881,7.7820829814897765
9882,7.7820829814897765
9883,7.7820829814897765
9884,7.7820829814897765
9885,7.7820829814897765
9886,7.7820829814897765
9887,7.7820829814897765
9888,7.7820829814897765
9889,7.7820829814897765
9890,7.7820829814897765
9891,7.7820829814897765
9892,7.7820829814897765
9893,7.7820829814897765
9894,7.7820829814897765
9895,7.7820829814897765
9896,7.7820829814897765
9897,7.7820829814897765
9898,7.7820829814897765
9899,7.7820829814897765
9900,7.7820829814897765
9901,7.7820829814897765
9902,7.7820829814897765
9903,7.7820829814897765
9904,7.7820829814897765
9905,7.7820829814897765
9906,7.7820829814897765
9907,7.7820829814897765
9908,7.7820829814897765
9909,7.7820829814897765
9910,7.7820829814897765
9911,7.7820829814897765
9912,7.7820829814897765
9913,7.7820829814897765
9914,7.7820829814897765
9915,7.7820829814897765
9916,7.7820829814897765
9917,7.7820829814897765
9918,7.7820829814897765
9919,7.7820829814897765
9920,7.7820829814897765
9921,7.7820829814897765
9922,7.7820829814897765
9923,7.7820829814897765
9924,7.7820829814897765
9925,7.7820829814897765
9926,7.7820829814897765
9927,7.7820829814897765
9928,7.7820829814897765
9929,7.7820829814897765
9930,7.7820829814897765
9931,7.7820829814897765
9932,7.7820829814897765
9933,7.7820829814897765
9934,7.7820829814897765
9935,7.7820829814897765
9936,7.7820829814897765
9937,7.7820829814897765
9938,7.7820829814897765
9939,7.7820829814897765
9940,7.7820829814897765
9941,7.7820829814897765
9942,7.7820829814897765
9943,7.7820829814897765
9944,7.7820829814897765
9945,7.7820829814897765
9946,7.7820829814897765
9947,7.7820829814897765
9948,7.7820829814897765
9949,7.7820829814897765
9950,7.7820829814897765
9951,7.7820829814897765
9952,7.7820829814897765
9953,7.7820829814897765
9954,7.7820829814897765
9955,7.7820829814897765
9956,7.7820829814897765
9957,7.7820829814897765
9958,7.7820829814897765
9959,7.7820829814897765
9960,7.7820829814897765
9961,7.7820829814897765
9962,7.7820829814897765
9963,7.7820829814897765
9964,7.7820829814897765
9965,7.7820829814897765
9966,7.7820829814897765
9967,7.7820829814897765
9968,7.7820829814897765
9969,7.7820829814897765
9970,7.7820829814897765
9971,7.7820829814897765
9972,7.7820829814897765
9973,7.7820829814897765
9974,7.7820829814897765
9975,7.7820829814897765
9976,7.7820829814897765
9977,7.7820829814897765
9978,7.7820829814897765
9979,7.7820829814897765
9980,7.7820829814897765
9981,7.7820829814897765
9982,7.7820829814897765
9983,7.7820829814897765
9984,7.7820829814897765
9985,7.7820829814897765
9986,7.7820829814897765
9987,7.7820829814897765
9988,7.7820829814897765
9989,7.7820829814897765
9990,7.7820829814897765
9991,7.7820829814897765
9992,7.7820829814897765
9993,7.7820829814897765
9994,7.7820829814897765
9995,7.7820829814897765
9996,7.7820829814897765
9997,7.7820829814897765
9998,7.7820829814897765
9999,7.7820829814897765
10000,7.7820829814897765
