iteration,best_loss
0,20.065251964466356
1,20.065251964466356
2,17.502930184925233
3,17.502930184925233
4,17.502930184925233
5,17.502930184925233
6,17.502930184925233
7,17.502930184925233
8,17.502930184925233
9,17.502930184925233
10,16.054629183122973
11,16.054629183122973
12,16.054629183122973
13,16.054629183122973
14,16.054629183122973
15,16.054629183122973
16,16.054629183122973
17,16.054629183122973
18,16.054629183122973
19,16.054629183122973
20,16.054629183122973
21,14.9780535999982
22,14.9780535999982
23,14.9780535999982
24,12.665536305922341
25,12.665536305922341
26,12.665536305922341
27,12.665536305922341
28,12.665536305922341
29,12.665536305922341
30,12.665536305922341
31,12.665536305922341
32,12.665536305922341
33,12.665536305922341
34,12.665536305922341
35,8.465159592548567
36,8.465159592548567
37,8.465159592548567
38,8.465159592548567
39,8.465159592548567
40,8.465159592548567
41,8.465159592548567
42,8.465159592548567
43,8.465159592548567
44,8.465159592548567
45,8.465159592548567
46,8.465159592548567
47,8.465159592548567
48,8.465159592548567
49,8.465159592548567
50,8.465159592548567
51,8.465159592548567
52,8.465159592548567
53,8.465159592548567
54,8.465159592548567
55,8.465159592548567
56,8.465159592548567
57,8.465159592548567
58,8.465159592548567
59,8.465159592548567
60,8.465159592548567
61,8.465159592548567
62,8.465159592548567
63,8.465159592548567
64,8.465159592548567
65,8.465159592548567
66,8.465159592548567
67,8.465159592548567
68,8.465159592548567
69,8.465159592548567
70,8.465159592548567
71,8.465159592548567
72,8.465159592548567
73,8.465159592548567
74,8.465159592548567
75,8.465159592548567
76,8.465159592548567
77,8.465159592548567
78,8.465159592548567
79,8.465159592548567
80,8.465159592548567
81,8.465159592548567
82,8.465159592548567
83,8.465159592548567
84,8.465159592548567
85,8.465159592548567
86,8.465159592548567
87,8.465159592548567
88,8.465159592548567
89,8.465159592548567
90,8.465159592548567
91,8.465159592548567
92,8.465159592548567
93,8.465159592548567
94,8.465159592548567
95,8.465159592548567
96,8.465159592548567
97,8.465159592548567
98,8.465159592548567
99,8.465159592548567
100,8.465159592548567
101,8.465159592548567
102,8.465159592548567
103,8.465159592548567
104,8.465159592548567
105,8.465159592548567
106,8.465159592548567
107,8.465159592548567
108,8.465159592548567
109,8.465159592548567
110,8.465159592548567
111,8.465159592548567
112,8.465159592548567
113,8.465159592548567
114,8.465159592548567
115,8.465159592548567
116,8.465159592548567
117,8.465159592548567
118,8.465159592548567
119,8.465159592548567
120,8.465159592548567
121,8.465159592548567
122,8.465159592548567
123,8.465159592548567
124,8.465159592548567
125,8.465159592548567
126,8.465159592548567
127,8.465159592548567
128,8.465159592548567
129,8.465159592548567
130,8.465159592548567
131,8.465159592548567
132,8.465159592548567
133,8.465159592548567
134,8.465159592548567
135,8.465159592548567
136,8.465159592548567
137,8.465159592548567
138,8.465159592548567
139,8.465159592548567
140,8.465159592548567
141,8.199120625121122
142,8.199120625121122
143,8.199120625121122
144,8.199120625121122
145,8.199120625121122
146,8.199120625121122
147,8.199120625121122
148,8.199120625121122
149,8.199120625121122
150,8.199120625121122
151,8.199120625121122
152,8.199120625121122
153,8.199120625121122
154,8.199120625121122
155,8.199120625121122
156,8.199120625121122
157,7.382270381681724
158,7.382270381681724
159,7.382270381681724
160,7.382270381681724
161,7.382270381681724
162,7.382270381681724
163,7.382270381681724
164,7.382270381681724
165,7.382270381681724
166,7.382270381681724
167,7.382270381681724
168,7.382270381681724
169,7.382270381681724
170,7.382270381681724
171,7.382270381681724
172,7.382270381681724
173,7.382270381681724
174,7.382270381681724
175,7.382270381681724
176,7.382270381681724
177,7.382270381681724
178,7.382270381681724
179,7.382270381681724
180,7.382270381681724
181,7.382270381681724
182,7.382270381681724
183,7.382270381681724
184,7.382270381681724
185,7.382270381681724
186,7.382270381681724
187,7.382270381681724
188,7.382270381681724
189,7.382270381681724
190,7.382270381681724
191,7.382270381681724
192,7.382270381681724
193,7.382270381681724
194,7.382270381681724
195,7.382270381681724
196,7.382270381681724
197,7.382270381681724
198,7.382270381681724
199,7.382270381681724
200,7.382270381681724
201,7.382270381681724
202,7.382270381681724
203,7.382270381681724
204,7.382270381681724
205,7.382270381681724
206,7.382270381681724
207,7.382270381681724
208,7.382270381681724
209,7.382270381681724
210,7.382270381681724
211,7.382270381681724
212,7.382270381681724
213,7.382270381681724
214,7.382270381681724
215,7.382270381681724
216,7.382270381681724
217,7.382270381681724
218,7.382270381681724
219,7.382270381681724
220,7.382270381681724
221,7.382270381681724
222,7.382270381681724
223,7.382270381681724
224,7.382270381681724
225,7.382270381681724
226,7.382270381681724
227,7.382270381681724
228,7.382270381681724
229,7.382270381681724
230,7.382270381681724
231,7.382270381681724
232,7.382270381681724
233,7.382270381681724
234,7.382270381681724
235,7.382270381681724
236,7.382270381681724
237,7.382270381681724
238,7.382270381681724
239,7.382270381681724
240,7.382270381681724
241,7.382270381681724
242,7.382270381681724
243,7.382270381681724
244,7.382270381681724
245,7.382270381681724
246,7.382270381681724
247,7.382270381681724
248,7.382270381681724
249,7.382270381681724
250,7.382270381681724
251,7.382270381681724
252,7.382270381681724
253,7.382270381681724
254,7.382270381681724
255,7.382270381681724
256,7.382270381681724
257,7.382270381681724
258,7.382270381681724
259,7.382270381681724
260,7.382270381681724
261,7.382270381681724
262,7.382270381681724
263,7.382270381681724
264,7.382270381681724
265,7.382270381681724
266,7.382270381681724
267,7.382270381681724
268,7.382270381681724
269,7.382270381681724
270,7.382270381681724
271,7.382270381681724
272,7.382270381681724
273,7.382270381681724
274,7.382270381681724
275,7.382270381681724
276,7.382270381681724
277,7.382270381681724
278,7.382270381681724
279,7.382270381681724
280,7.382270381681724
281,7.382270381681724
282,7.382270381681724
283,7.382270381681724
284,7.382270381681724
285,7.382270381681724
286,7.382270381681724
287,7.382270381681724
288,7.382270381681724
289,7.382270381681724
290,7.382270381681724
291,7.382270381681724
292,7.382270381681724
293,7.382270381681724
294,7.382270381681724
295,7.382270381681724
296,7.382270381681724
297,7.382270381681724
298,7.382270381681724
299,7.382270381681724
300,7.382270381681724
301,7.382270381681724
302,7.382270381681724
303,7.382270381681724
304,7.382270381681724
305,7.382270381681724
306,7.382270381681724
307,7.382270381681724
308,7.382270381681724
309,7.382270381681724
310,7.382270381681724
311,7.382270381681724
312,7.382270381681724
313,7.382270381681724
314,7.382270381681724
315,7.382270381681724
316,7.382270381681724
317,7.382270381681724
318,7.382270381681724
319,7.382270381681724
320,7.382270381681724
321,7.382270381681724
322,7.382270381681724
323,7.382270381681724
324,7.382270381681724
325,7.382270381681724
326,7.382270381681724
327,7.382270381681724
328,7.382270381681724
329,7.382270381681724
330,7.382270381681724
331,7.382270381681724
332,7.382270381681724
333,7.382270381681724
334,7.382270381681724
335,7.382270381681724
336,7.382270381681724
337,7.382270381681724
338,7.382270381681724
339,7.382270381681724
340,7.382270381681724
341,7.382270381681724
342,7.382270381681724
343,7.382270381681724
344,7.382270381681724
345,7.382270381681724
346,7.382270381681724
347,7.382270381681724
348,7.382270381681724
349,7.382270381681724
350,7.382270381681724
351,7.382270381681724
352,7.382270381681724
353,7.382270381681724
354,7.382270381681724
355,7.382270381681724
356,7.382270381681724
357,7.382270381681724
358,7.382270381681724
359,7.382270381681724
360,7.382270381681724
361,7.382270381681724
362,7.382270381681724
363,7.382270381681724
364,7.382270381681724
365,7.382270381681724
366,7.382270381681724
367,7.382270381681724
368,7.382270381681724
369,7.382270381681724
370,7.382270381681724
371,7.382270381681724
372,7.382270381681724
373,7.382270381681724
374,7.382270381681724
375,7.382270381681724
376,7.382270381681724
377,7.382270381681724
378,7.382270381681724
379,7.382270381681724
380,7.382270381681724
381,7.382270381681724
382,7.382270381681724
383,7.382270381681724
384,7.382270381681724
385,7.382270381681724
386,7.382270381681724
387,7.382270381681724
388,7.382270381681724
389,7.382270381681724
390,7.382270381681724
391,7.382270381681724
392,7.382270381681724
393,7.382270381681724
394,7.382270381681724
395,7.382270381681724
396,7.382270381681724
397,7.382270381681724
398,7.382270381681724
399,7.382270381681724
400,7.382270381681724
401,7.382270381681724
402,7.382270381681724
403,7.382270381681724
404,7.382270381681724
405,7.382270381681724
406,7.382270381681724
407,7.382270381681724
408,7.382270381681724
409,7.382270381681724
410,7.382270381681724
411,7.382270381681724
412,7.382270381681724
413,7.382270381681724
414,7.382270381681724
415,7.382270381681724
416,7.382270381681724
417,7.382270381681724
418,7.382270381681724
419,7.382270381681724
420,7.382270381681724
421,7.382270381681724
422,7.382270381681724
423,7.382270381681724
424,7.382270381681724
425,7.382270381681724
426,7.382270381681724
427,7.382270381681724
428,7.382270381681724
429,7.382270381681724
430,7.382270381681724
431,7.382270381681724
432,7.382270381681724
433,7.382270381681724
434,7.382270381681724
435,7.382270381681724
436,7.382270381681724
437,7.382270381681724
438,7.382270381681724
439,7.382270381681724
440,7.382270381681724
441,7.382270381681724
442,7.382270381681724
443,7.296708534039448
444,7.296708534039448
445,7.296708534039448
446,7.296708534039448
447,7.296708534039448
448,7.296708534039448
449,7.296708534039448
450,7.296708534039448
451,7.296708534039448
452,7.296708534039448
453,7.296708534039448
454,7.296708534039448
455,7.296708534039448
456,7.296708534039448
457,7.296708534039448
458,7.296708534039448
459,7.296708534039448
460,7.296708534039448
461,7.296708534039448
462,7.296708534039448
463,7.296708534039448
464,7.296708534039448
465,7.296708534039448
466,7.296708534039448
467,7.296708534039448
468,7.296708534039448
469,7.296708534039448
470,7.296708534039448
471,7.296708534039448
472,7.296708534039448
473,7.296708534039448
474,7.296708534039448
475,7.296708534039448
476,7.296708534039448
477,7.296708534039448
478,7.296708534039448
479,7.296708534039448
480,7.296708534039448
481,7.296708534039448
482,7.296708534039448
483,7.296708534039448
484,7.296708534039448
485,7.296708534039448
486,7.296708534039448
487,7.296708534039448
488,7.296708534039448
489,7.296708534039448
490,7.296708534039448
491,7.296708534039448
492,7.296708534039448
493,7.296708534039448
494,7.296708534039448
495,7.296708534039448
496,7.296708534039448
497,7.296708534039448
498,7.296708534039448
499,7.296708534039448
500,7.296708534039448
501,7.296708534039448
502,7.296708534039448
503,7.296708534039448
504,7.296708534039448
505,7.296708534039448
506,7.296708534039448
507,7.296708534039448
508,7.296708534039448
509,7.296708534039448
510,7.296708534039448
511,7.296708534039448
512,7.296708534039448
513,7.296708534039448
514,7.296708534039448
515,7.296708534039448
516,7.296708534039448
517,7.296708534039448
518,7.296708534039448
519,7.296708534039448
520,7.296708534039448
521,7.296708534039448
522,7.296708534039448
523,7.296708534039448
524,7.296708534039448
525,7.296708534039448
526,7.296708534039448
527,7.296708534039448
528,7.296708534039448
529,7.296708534039448
530,7.296708534039448
531,7.296708534039448
532,7.296708534039448
533,7.296708534039448
534,7.296708534039448
535,7.296708534039448
536,7.296708534039448
537,7.296708534039448
538,7.296708534039448
539,7.296708534039448
540,7.296708534039448
541,7.296708534039448
542,7.296708534039448
543,7.296708534039448
544,7.296708534039448
545,7.296708534039448
546,7.296708534039448
547,7.296708534039448
548,7.296708534039448
549,7.296708534039448
550,7.296708534039448
551,7.296708534039448
552,7.296708534039448
553,7.296708534039448
554,7.296708534039448
555,7.296708534039448
556,7.296708534039448
557,7.296708534039448
558,7.296708534039448
559,7.296708534039448
560,7.296708534039448
561,7.296708534039448
562,7.296708534039448
563,7.296708534039448
564,7.296708534039448
565,7.296708534039448
566,7.296708534039448
567,7.296708534039448
568,7.296708534039448
569,7.296708534039448
570,7.296708534039448
571,7.296708534039448
572,7.296708534039448
573,7.296708534039448
574,7.296708534039448
575,7.296708534039448
576,7.296708534039448
577,7.296708534039448
578,7.296708534039448
579,7.296708534039448
580,7.296708534039448
581,7.296708534039448
582,7.296708534039448
583,7.296708534039448
584,7.296708534039448
585,7.296708534039448
586,7.296708534039448
587,7.296708534039448
588,7.296708534039448
589,7.296708534039448
590,7.296708534039448
591,7.296708534039448
592,7.296708534039448
593,7.296708534039448
594,7.296708534039448
595,7.296708534039448
596,7.296708534039448
597,7.296708534039448
598,7.296708534039448
599,7.296708534039448
600,7.296708534039448
601,7.296708534039448
602,7.296708534039448
603,7.296708534039448
604,7.296708534039448
605,7.296708534039448
606,7.296708534039448
607,7.296708534039448
608,7.296708534039448
609,7.296708534039448
610,7.296708534039448
611,7.296708534039448
612,7.296708534039448
613,7.296708534039448
614,7.296708534039448
615,7.296708534039448
616,7.296708534039448
617,7.296708534039448
618,7.296708534039448
619,7.296708534039448
620,7.296708534039448
621,7.296708534039448
622,7.296708534039448
623,7.296708534039448
624,7.296708534039448
625,7.296708534039448
626,7.296708534039448
627,7.296708534039448
628,7.296708534039448
629,7.296708534039448
630,7.296708534039448
631,7.296708534039448
632,7.296708534039448
633,7.296708534039448
634,7.296708534039448
635,7.296708534039448
636,7.296708534039448
637,7.296708534039448
638,7.296708534039448
639,7.296708534039448
640,7.296708534039448
641,7.296708534039448
642,7.296708534039448
643,7.296708534039448
644,7.296708534039448
645,7.296708534039448
646,7.296708534039448
647,7.296708534039448
648,7.296708534039448
649,7.296708534039448
650,7.296708534039448
651,7.296708534039448
652,7.296708534039448
653,7.296708534039448
654,7.296708534039448
655,7.296708534039448
656,7.296708534039448
657,7.296708534039448
658,7.296708534039448
659,7.296708534039448
660,7.296708534039448
661,7.296708534039448
662,7.296708534039448
663,7.296708534039448
664,7.296708534039448
665,7.296708534039448
666,7.296708534039448
667,7.296708534039448
668,7.296708534039448
669,7.296708534039448
670,7.296708534039448
671,7.296708534039448
672,7.296708534039448
673,7.296708534039448
674,7.296708534039448
675,7.296708534039448
676,7.296708534039448
677,7.296708534039448
678,7.296708534039448
679,7.296708534039448
680,7.296708534039448
681,7.296708534039448
682,7.296708534039448
683,7.296708534039448
684,7.296708534039448
685,7.296708534039448
686,7.296708534039448
687,7.296708534039448
688,7.296708534039448
689,7.296708534039448
690,7.296708534039448
691,7.296708534039448
692,7.296708534039448
693,7.296708534039448
694,7.296708534039448
695,7.296708534039448
696,7.296708534039448
697,7.296708534039448
698,7.296708534039448
699,7.296708534039448
700,7.296708534039448
701,7.296708534039448
702,7.296708534039448
703,7.296708534039448
704,7.296708534039448
705,7.296708534039448
706,7.296708534039448
707,7.296708534039448
708,7.296708534039448
709,7.296708534039448
710,7.296708534039448
711,7.296708534039448
712,7.296708534039448
713,7.296708534039448
714,7.296708534039448
715,7.296708534039448
716,7.296708534039448
717,7.296708534039448
718,7.296708534039448
719,7.296708534039448
720,7.296708534039448
721,7.296708534039448
722,7.296708534039448
723,7.296708534039448
724,7.296708534039448
725,7.296708534039448
726,7.296708534039448
727,7.296708534039448
728,7.296708534039448
729,7.296708534039448
730,7.296708534039448
731,7.296708534039448
732,7.296708534039448
733,7.296708534039448
734,7.296708534039448
735,7.296708534039448
736,7.296708534039448
737,7.296708534039448
738,7.296708534039448
739,7.296708534039448
740,7.296708534039448
741,7.296708534039448
742,7.296708534039448
743,7.296708534039448
744,7.296708534039448
745,7.296708534039448
746,7.296708534039448
747,7.296708534039448
748,7.296708534039448
749,7.296708534039448
750,7.296708534039448
751,7.296708534039448
752,7.296708534039448
753,7.296708534039448
754,7.296708534039448
755,7.296708534039448
756,7.296708534039448
757,7.296708534039448
758,7.296708534039448
759,7.296708534039448
760,7.296708534039448
761,7.296708534039448
762,7.296708534039448
763,7.296708534039448
764,7.296708534039448
765,7.296708534039448
766,7.296708534039448
767,7.296708534039448
768,7.296708534039448
769,7.296708534039448
770,7.296708534039448
771,7.296708534039448
772,7.296708534039448
773,7.296708534039448
774,7.296708534039448
775,7.296708534039448
776,7.296708534039448
777,7.296708534039448
778,7.296708534039448
779,7.296708534039448
780,7.296708534039448
781,7.296708534039448
782,7.296708534039448
783,7.296708534039448
784,7.296708534039448
785,7.296708534039448
786,7.296708534039448
787,7.296708534039448
788,7.296708534039448
789,7.296708534039448
790,7.296708534039448
791,7.296708534039448
792,7.296708534039448
793,7.296708534039448
794,7.296708534039448
795,7.296708534039448
796,7.296708534039448
797,7.296708534039448
798,7.296708534039448
799,7.296708534039448
800,7.296708534039448
801,7.296708534039448
802,7.296708534039448
803,7.296708534039448
804,7.296708534039448
805,7.296708534039448
806,7.296708534039448
807,7.296708534039448
808,7.296708534039448
809,7.296708534039448
810,7.296708534039448
811,7.296708534039448
812,7.296708534039448
813,7.296708534039448
814,7.296708534039448
815,7.296708534039448
816,7.296708534039448
817,7.296708534039448
818,7.296708534039448
819,7.296708534039448
820,7.296708534039448
821,7.296708534039448
822,7.296708534039448
823,7.296708534039448
824,7.296708534039448
825,7.296708534039448
826,7.209681083366616
827,7.209681083366616
828,7.209681083366616
829,7.209681083366616
830,7.209681083366616
831,7.209681083366616
832,7.209681083366616
833,7.209681083366616
834,7.209681083366616
835,7.209681083366616
836,7.209681083366616
837,7.209681083366616
838,7.209681083366616
839,7.209681083366616
840,7.209681083366616
841,7.209681083366616
842,7.209681083366616
843,7.209681083366616
844,7.209681083366616
845,7.209681083366616
846,7.209681083366616
847,7.209681083366616
848,7.209681083366616
849,7.209681083366616
850,7.209681083366616
851,7.209681083366616
852,7.209681083366616
853,7.209681083366616
854,7.209681083366616
855,7.209681083366616
856,7.209681083366616
857,7.209681083366616
858,7.209681083366616
859,7.209681083366616
860,7.209681083366616
861,7.209681083366616
862,7.209681083366616
863,7.209681083366616
864,7.209681083366616
865,7.209681083366616
866,7.209681083366616
867,7.209681083366616
868,7.209681083366616
869,7.209681083366616
870,7.209681083366616
871,7.209681083366616
872,7.209681083366616
873,7.209681083366616
874,7.209681083366616
875,7.209681083366616
876,7.209681083366616
877,7.209681083366616
878,7.209681083366616
879,7.209681083366616
880,7.209681083366616
881,7.209681083366616
882,7.209681083366616
883,7.209681083366616
884,7.209681083366616
885,7.209681083366616
886,7.209681083366616
887,7.209681083366616
888,7.209681083366616
889,7.209681083366616
890,7.209681083366616
891,7.209681083366616
892,7.209681083366616
893,7.209681083366616
894,7.209681083366616
895,7.209681083366616
896,7.209681083366616
897,7.209681083366616
898,7.209681083366616
899,7.209681083366616
900,7.209681083366616
901,7.209681083366616
902,7.209681083366616
903,7.209681083366616
904,7.209681083366616
905,7.209681083366616
906,7.209681083366616
907,7.209681083366616
908,7.209681083366616
909,7.209681083366616
910,7.209681083366616
911,7.209681083366616
912,7.209681083366616
913,7.209681083366616
914,7.209681083366616
915,7.209681083366616
916,7.209681083366616
917,7.209681083366616
918,7.209681083366616
919,7.209681083366616
920,7.209681083366616
921,7.209681083366616
922,7.209681083366616
923,7.209681083366616
924,7.209681083366616
925,7.209681083366616
926,7.209681083366616
927,7.209681083366616
928,7.209681083366616
929,7.209681083366616
930,7.209681083366616
931,7.209681083366616
932,7.209681083366616
933,7.209681083366616
934,7.209681083366616
935,7.209681083366616
936,7.209681083366616
937,7.209681083366616
938,7.209681083366616
939,7.209681083366616
940,7.209681083366616
941,7.209681083366616
942,7.209681083366616
943,7.209681083366616
944,7.209681083366616
945,7.209681083366616
946,7.209681083366616
947,7.209681083366616
948,7.209681083366616
949,7.209681083366616
950,7.209681083366616
951,7.209681083366616
952,7.209681083366616
953,7.209681083366616
954,7.209681083366616
955,7.209681083366616
956,7.209681083366616
957,7.209681083366616
958,7.209681083366616
959,7.209681083366616
960,7.209681083366616
961,7.209681083366616
962,7.209681083366616
963,7.209681083366616
964,7.209681083366616
965,7.209681083366616
966,7.209681083366616
967,7.209681083366616
968,7.209681083366616
969,7.209681083366616
970,7.209681083366616
971,7.209681083366616
972,7.209681083366616
973,7.209681083366616
974,7.209681083366616
975,7.209681083366616
976,7.209681083366616
977,7.209681083366616
978,7.209681083366616
979,7.209681083366616
980,7.209681083366616
981,7.209681083366616
982,7.209681083366616
983,7.209681083366616
984,7.209681083366616
985,7.209681083366616
986,7.209681083366616
987,7.209681083366616
988,7.209681083366616
989,7.209681083366616
990,7.209681083366616
991,7.209681083366616
992,7.209681083366616
993,7.209681083366616
994,7.209681083366616
995,7.209681083366616
996,7.209681083366616
997,7.209681083366616
998,7.209681083366616
999,7.209681083366616
1000,7.209681083366616
1001,7.209681083366616
1002,7.209681083366616
1003,7.209681083366616
1004,7.209681083366616
1005,7.209681083366616
1006,7.209681083366616
1007,7.209681083366616
1008,7.209681083366616
1009,7.209681083366616
1010,7.209681083366616
1011,7.209681083366616
1012,7.209681083366616
1013,7.209681083366616
1014,7.209681083366616
1015,7.209681083366616
1016,7.209681083366616
1017,7.209681083366616
1018,7.209681083366616
1019,7.209681083366616
1020,7.209681083366616
1021,7.209681083366616
1022,7.209681083366616
1023,7.209681083366616
1024,7.209681083366616
1025,7.209681083366616
1026,7.209681083366616
1027,7.209681083366616
1028,7.209681083366616
1029,7.209681083366616
1030,7.209681083366616
1031,7.209681083366616
1032,7.209681083366616
1033,7.209681083366616
1034,7.209681083366616
1035,7.209681083366616
1036,7.209681083366616
1037,7.209681083366616
1038,7.209681083366616
1039,7.209681083366616
1040,7.209681083366616
1041,7.209681083366616
1042,7.209681083366616
1043,7.209681083366616
1044,7.209681083366616
1045,7.209681083366616
1046,7.209681083366616
1047,7.209681083366616
1048,7.209681083366616
1049,7.209681083366616
1050,7.209681083366616
1051,7.209681083366616
1052,7.209681083366616
1053,7.209681083366616
1054,7.209681083366616
1055,7.209681083366616
1056,7.209681083366616
1057,7.209681083366616
1058,7.209681083366616
1059,7.209681083366616
1060,7.209681083366616
1061,7.209681083366616
1062,7.209681083366616
1063,7.209681083366616
1064,7.209681083366616
1065,7.209681083366616
1066,7.209681083366616
1067,7.209681083366616
1068,7.209681083366616
1069,7.209681083366616
1070,7.209681083366616
1071,7.209681083366616
1072,7.209681083366616
1073,7.209681083366616
1074,7.209681083366616
1075,7.209681083366616
1076,7.209681083366616
1077,7.209681083366616
1078,7.209681083366616
1079,7.209681083366616
1080,7.209681083366616
1081,7.209681083366616
1082,7.209681083366616
1083,7.209681083366616
1084,7.209681083366616
1085,7.209681083366616
1086,7.209681083366616
1087,7.209681083366616
1088,7.209681083366616
1089,7.209681083366616
1090,7.209681083366616
1091,7.209681083366616
1092,7.209681083366616
1093,7.209681083366616
1094,7.209681083366616
1095,7.209681083366616
1096,7.209681083366616
1097,7.209681083366616
1098,7.209681083366616
1099,7.209681083366616
1100,7.209681083366616
1101,7.209681083366616
1102,7.209681083366616
1103,7.209681083366616
1104,7.209681083366616
1105,7.209681083366616
1106,7.209681083366616
1107,7.209681083366616
1108,7.209681083366616
1109,7.209681083366616
1110,7.209681083366616
1111,7.209681083366616
1112,7.209681083366616
1113,7.209681083366616
1114,7.209681083366616
1115,7.209681083366616
1116,7.209681083366616
1117,7.209681083366616
1118,7.209681083366616
1119,7.209681083366616
1120,7.209681083366616
1121,7.209681083366616
1122,7.209681083366616
1123,7.209681083366616
1124,7.209681083366616
1125,7.209681083366616
1126,7.209681083366616
1127,7.209681083366616
1128,7.209681083366616
1129,7.209681083366616
1130,7.209681083366616
1131,7.209681083366616
1132,7.209681083366616
1133,7.209681083366616
1134,7.209681083366616
1135,7.209681083366616
1136,7.209681083366616
1137,7.209681083366616
1138,7.209681083366616
1139,7.209681083366616
1140,7.209681083366616
1141,7.158920639853393
1142,7.158920639853393
1143,7.158920639853393
1144,7.158920639853393
1145,7.158920639853393
1146,7.158920639853393
1147,7.158920639853393
1148,7.158920639853393
1149,7.158920639853393
1150,7.158920639853393
1151,7.158920639853393
1152,7.158920639853393
1153,7.158920639853393
1154,7.158920639853393
1155,7.158920639853393
1156,7.158920639853393
1157,7.158920639853393
1158,7.158920639853393
1159,7.158920639853393
1160,7.158920639853393
1161,7.158920639853393
1162,7.158920639853393
1163,7.158920639853393
1164,7.158920639853393
1165,7.158920639853393
1166,7.158920639853393
1167,7.158920639853393
1168,7.158920639853393
1169,7.158920639853393
1170,7.158920639853393
1171,7.158920639853393
1172,7.158920639853393
1173,7.158920639853393
1174,7.158920639853393
1175,7.158920639853393
1176,7.158920639853393
1177,7.158920639853393
1178,7.158920639853393
1179,7.158920639853393
1180,7.158920639853393
1181,7.158920639853393
1182,7.158920639853393
1183,7.158920639853393
1184,7.158920639853393
1185,7.158920639853393
1186,7.158920639853393
1187,7.158920639853393
1188,7.158920639853393
1189,7.158920639853393
1190,7.158920639853393
1191,7.158920639853393
1192,7.158920639853393
1193,7.158920639853393
1194,7.158920639853393
1195,7.158920639853393
1196,7.158920639853393
1197,7.158920639853393
1198,7.158920639853393
1199,7.158920639853393
1200,7.158920639853393
1201,7.158920639853393
1202,7.158920639853393
1203,7.158920639853393
1204,7.158920639853393
1205,7.158920639853393
1206,7.158920639853393
1207,7.158920639853393
1208,7.158920639853393
1209,7.158920639853393
1210,7.158920639853393
1211,7.158920639853393
1212,7.158920639853393
1213,7.158920639853393
1214,7.158920639853393
1215,7.158920639853393
1216,7.158920639853393
1217,7.158920639853393
1218,7.158920639853393
1219,7.158920639853393
1220,7.158920639853393
1221,7.158920639853393
1222,7.158920639853393
1223,7.158920639853393
1224,7.158920639853393
1225,7.158920639853393
1226,7.158920639853393
1227,7.158920639853393
1228,7.158920639853393
1229,7.158920639853393
1230,7.158920639853393
1231,7.158920639853393
1232,7.158920639853393
1233,7.158920639853393
1234,7.158920639853393
1235,7.158920639853393
1236,7.158920639853393
1237,7.158920639853393
1238,7.158920639853393
1239,7.158920639853393
1240,7.158920639853393
1241,7.158920639853393
1242,7.158920639853393
1243,7.158920639853393
1244,7.158920639853393
1245,7.158920639853393
1246,7.158920639853393
1247,7.158920639853393
1248,7.158920639853393
1249,7.158920639853393
1250,7.158920639853393
1251,7.158920639853393
1252,7.158920639853393
1253,7.158920639853393
1254,7.158920639853393
1255,7.158920639853393
1256,7.158920639853393
1257,7.158920639853393
1258,7.158920639853393
1259,7.158920639853393
1260,7.158920639853393
1261,7.158920639853393
1262,7.158920639853393
1263,7.158920639853393
1264,7.158920639853393
1265,7.158920639853393
1266,7.158920639853393
1267,7.158920639853393
1268,7.158920639853393
1269,7.158920639853393
1270,7.158920639853393
1271,7.158920639853393
1272,7.158920639853393
1273,7.158920639853393
1274,7.158920639853393
1275,7.158920639853393
1276,7.158920639853393
1277,7.158920639853393
1278,7.158920639853393
1279,7.158920639853393
1280,7.158920639853393
1281,7.158920639853393
1282,7.158920639853393
1283,7.158920639853393
1284,7.158920639853393
1285,7.158920639853393
1286,7.158920639853393
1287,7.158920639853393
1288,7.158920639853393
1289,7.158920639853393
1290,7.158920639853393
1291,7.158920639853393
1292,7.158920639853393
1293,7.158920639853393
1294,7.158920639853393
1295,7.158920639853393
1296,7.158920639853393
1297,7.158920639853393
1298,7.158920639853393
1299,7.158920639853393
1300,7.158920639853393
1301,7.158920639853393
1302,7.158920639853393
1303,7.158920639853393
1304,7.158920639853393
1305,7.158920639853393
1306,7.158920639853393
1307,7.158920639853393
1308,7.158920639853393
1309,7.158920639853393
1310,7.158920639853393
1311,7.158920639853393
1312,7.158920639853393
1313,7.158920639853393
1314,7.158920639853393
1315,7.158920639853393
1316,7.158920639853393
1317,7.158920639853393
1318,7.158920639853393
1319,7.158920639853393
1320,7.158920639853393
1321,7.158920639853393
1322,7.158920639853393
1323,7.158920639853393
1324,7.158920639853393
1325,7.158920639853393
1326,7.158920639853393
1327,7.158920639853393
1328,7.158920639853393
1329,7.158920639853393
1330,7.158920639853393
1331,7.158920639853393
1332,7.158920639853393
1333,7.158920639853393
1334,7.158920639853393
1335,7.158920639853393
1336,7.158920639853393
1337,7.158920639853393
1338,7.158920639853393
1339,7.158920639853393
1340,7.158920639853393
1341,7.158920639853393
1342,7.158920639853393
1343,7.158920639853393
1344,7.158920639853393
1345,7.158920639853393
1346,7.158920639853393
1347,7.158920639853393
1348,7.158920639853393
1349,7.158920639853393
1350,7.158920639853393
1351,7.158920639853393
1352,7.158920639853393
1353,7.158920639853393
1354,7.158920639853393
1355,7.158920639853393
1356,7.158920639853393
1357,7.158920639853393
1358,7.158920639853393
1359,7.158920639853393
1360,7.158920639853393
1361,7.158920639853393
1362,7.158920639853393
1363,7.158920639853393
1364,7.158920639853393
1365,7.158920639853393
1366,7.158920639853393
1367,7.158920639853393
1368,7.158920639853393
1369,7.158920639853393
1370,7.158920639853393
1371,7.158920639853393
1372,7.158920639853393
1373,7.158920639853393
1374,7.158920639853393
1375,7.158920639853393
1376,7.158920639853393
1377,7.158920639853393
1378,7.158920639853393
1379,7.158920639853393
1380,7.158920639853393
1381,7.158920639853393
1382,7.158920639853393
1383,7.158920639853393
1384,7.158920639853393
1385,7.158920639853393
1386,7.158920639853393
1387,7.158920639853393
1388,7.158920639853393
1389,7.158920639853393
1390,7.158920639853393
1391,7.158920639853393
1392,7.158920639853393
1393,7.158920639853393
1394,7.158920639853393
1395,7.158920639853393
1396,7.158920639853393
1397,7.158920639853393
1398,7.158920639853393
1399,7.158920639853393
1400,7.158920639853393
1401,7.158920639853393
1402,7.158920639853393
1403,7.158920639853393
1404,7.158920639853393
1405,7.158920639853393
1406,7.158920639853393
1407,7.158920639853393
1408,7.158920639853393
1409,7.158920639853393
1410,7.158920639853393
1411,7.158920639853393
1412,7.158920639853393
1413,7.158920639853393
1414,7.158920639853393
1415,7.158920639853393
1416,7.158920639853393
1417,7.158920639853393
1418,7.158920639853393
1419,7.158920639853393
1420,7.158920639853393
1421,7.158920639853393
1422,7.158920639853393
1423,7.158920639853393
1424,7.158920639853393
1425,7.158920639853393
1426,7.158920639853393
1427,7.158920639853393
1428,7.158920639853393
1429,7.158920639853393
1430,7.158920639853393
1431,7.158920639853393
1432,7.158920639853393
1433,7.158920639853393
1434,7.158920639853393
1435,7.158920639853393
1436,7.158920639853393
1437,7.158920639853393
1438,7.158920639853393
1439,7.158920639853393
1440,7.158920639853393
1441,7.158920639853393
1442,7.158920639853393
1443,7.158920639853393
1444,7.158920639853393
1445,7.158920639853393
1446,7.158920639853393
1447,7.158920639853393
1448,7.158920639853393
1449,7.158920639853393
1450,7.158920639853393
1451,7.158920639853393
1452,7.158920639853393
1453,7.158920639853393
1454,7.158920639853393
1455,7.158920639853393
1456,7.158920639853393
1457,7.158920639853393
1458,7.158920639853393
1459,7.158920639853393
1460,7.158920639853393
1461,7.158920639853393
1462,7.158920639853393
1463,7.158920639853393
1464,7.158920639853393
1465,7.158920639853393
1466,7.158920639853393
1467,7.158920639853393
1468,7.158920639853393
1469,7.158920639853393
1470,7.158920639853393
1471,7.158920639853393
1472,7.158920639853393
1473,7.158920639853393
1474,7.158920639853393
1475,7.158920639853393
1476,7.158920639853393
1477,7.158920639853393
1478,7.158920639853393
1479,7.158920639853393
1480,7.158920639853393
1481,7.158920639853393
1482,7.158920639853393
1483,7.158920639853393
1484,7.158920639853393
1485,7.158920639853393
1486,7.158920639853393
1487,7.158920639853393
1488,7.158920639853393
1489,7.158920639853393
1490,7.158920639853393
1491,7.158920639853393
1492,7.158920639853393
1493,7.158920639853393
1494,7.158920639853393
1495,7.158920639853393
1496,7.158920639853393
1497,7.158920639853393
1498,7.158920639853393
1499,7.158920639853393
1500,7.158920639853393
1501,7.158920639853393
1502,7.158920639853393
1503,7.158920639853393
1504,7.158920639853393
1505,7.158920639853393
1506,7.158920639853393
1507,7.158920639853393
1508,7.158920639853393
1509,7.158920639853393
1510,7.158920639853393
1511,7.158920639853393
1512,7.158920639853393
1513,7.158920639853393
1514,7.158920639853393
1515,7.158920639853393
1516,7.158920639853393
1517,7.158920639853393
1518,7.158920639853393
1519,7.158920639853393
1520,7.158920639853393
1521,7.158920639853393
1522,7.158920639853393
1523,7.158920639853393
1524,7.158920639853393
1525,7.158920639853393
1526,7.158920639853393
1527,7.158920639853393
1528,7.158920639853393
1529,7.158920639853393
1530,7.158920639853393
1531,7.158920639853393
1532,7.158920639853393
1533,7.158920639853393
1534,7.158920639853393
1535,7.158920639853393
1536,7.158920639853393
1537,7.158920639853393
1538,7.158920639853393
1539,7.158920639853393
1540,7.158920639853393
1541,7.158920639853393
1542,7.158920639853393
1543,7.158920639853393
1544,7.158920639853393
1545,7.158920639853393
1546,7.158920639853393
1547,7.158920639853393
1548,7.158920639853393
1549,7.158920639853393
1550,7.158920639853393
1551,7.158920639853393
1552,7.158920639853393
1553,7.158920639853393
1554,7.158920639853393
1555,7.158920639853393
1556,7.158920639853393
1557,7.158920639853393
1558,7.158920639853393
1559,7.158920639853393
1560,7.158920639853393
1561,7.158920639853393
1562,7.158920639853393
1563,7.158920639853393
1564,7.158920639853393
1565,7.158920639853393
1566,7.158920639853393
1567,7.158920639853393
1568,7.158920639853393
1569,7.158920639853393
1570,7.158920639853393
1571,7.158920639853393
1572,7.158920639853393
1573,7.158920639853393
1574,7.158920639853393
1575,7.158920639853393
1576,7.158920639853393
1577,7.158920639853393
1578,7.158920639853393
1579,7.158920639853393
1580,7.158920639853393
1581,7.158920639853393
1582,7.158920639853393
1583,7.158920639853393
1584,7.158920639853393
1585,7.158920639853393
1586,7.158920639853393
1587,7.158920639853393
1588,7.158920639853393
1589,7.158920639853393
1590,7.158920639853393
1591,7.158920639853393
1592,7.158920639853393
1593,7.158920639853393
1594,7.158920639853393
1595,7.158920639853393
1596,7.158920639853393
1597,7.158920639853393
1598,7.158920639853393
1599,7.158920639853393
1600,7.158920639853393
1601,7.158920639853393
1602,7.158920639853393
1603,7.158920639853393
1604,7.158920639853393
1605,7.158920639853393
1606,7.158920639853393
1607,7.158920639853393
1608,7.158920639853393
1609,7.158920639853393
1610,7.158920639853393
1611,7.158920639853393
1612,7.158920639853393
1613,7.158920639853393
1614,7.158920639853393
1615,7.158920639853393
1616,7.158920639853393
1617,7.158920639853393
1618,7.14397541794105
1619,7.14397541794105
1620,7.14397541794105
1621,7.14397541794105
1622,7.14397541794105
1623,7.14397541794105
1624,7.14397541794105
1625,7.14397541794105
1626,7.14397541794105
1627,7.14397541794105
1628,7.14397541794105
1629,7.14397541794105
1630,7.14397541794105
1631,7.14397541794105
1632,7.14397541794105
1633,7.14397541794105
1634,7.14397541794105
1635,7.14397541794105
1636,7.14397541794105
1637,7.14397541794105
1638,7.14397541794105
1639,7.14397541794105
1640,7.14397541794105
1641,7.14397541794105
1642,7.14397541794105
1643,7.14397541794105
1644,7.14397541794105
1645,7.14397541794105
1646,7.14397541794105
1647,7.14397541794105
1648,7.14397541794105
1649,7.14397541794105
1650,7.14397541794105
1651,7.14397541794105
1652,7.14397541794105
1653,7.14397541794105
1654,7.14397541794105
1655,7.14397541794105
1656,7.14397541794105
1657,7.14397541794105
1658,7.14397541794105
1659,7.14397541794105
1660,7.14397541794105
1661,7.14397541794105
1662,7.14397541794105
1663,7.14397541794105
1664,7.14397541794105
1665,7.14397541794105
1666,7.14397541794105
1667,7.14397541794105
1668,7.14397541794105
1669,7.14397541794105
1670,7.14397541794105
1671,7.14397541794105
1672,7.14397541794105
1673,7.14397541794105
1674,7.14397541794105
1675,7.14397541794105
1676,7.14397541794105
1677,7.14397541794105
1678,7.14397541794105
1679,7.14397541794105
1680,7.14397541794105
1681,7.14397541794105
1682,7.14397541794105
1683,7.14397541794105
1684,7.14397541794105
1685,7.14397541794105
1686,7.14397541794105
1687,7.14397541794105
1688,7.14397541794105
1689,7.14397541794105
1690,7.14397541794105
1691,7.14397541794105
1692,7.14397541794105
1693,7.14397541794105
1694,7.14397541794105
1695,7.14397541794105
1696,7.14397541794105
1697,7.14397541794105
1698,7.14397541794105
1699,7.14397541794105
1700,7.14397541794105
1701,7.14397541794105
1702,7.14397541794105
1703,7.14397541794105
1704,7.14397541794105
1705,7.14397541794105
1706,7.14397541794105
1707,7.14397541794105
1708,7.14397541794105
1709,7.14397541794105
1710,7.14397541794105
1711,7.14397541794105
1712,7.14397541794105
1713,7.14397541794105
1714,7.14397541794105
1715,7.14397541794105
1716,7.14397541794105
1717,7.14397541794105
1718,7.14397541794105
1719,7.14397541794105
1720,7.14397541794105
1721,7.14397541794105
1722,7.14397541794105
1723,7.14397541794105
1724,7.14397541794105
1725,7.14397541794105
1726,7.14397541794105
1727,7.14397541794105
1728,7.14397541794105
1729,7.14397541794105
1730,7.14397541794105
1731,7.14397541794105
1732,7.14397541794105
1733,7.14397541794105
1734,7.14397541794105
1735,7.14397541794105
1736,7.14397541794105
1737,7.14397541794105
1738,7.14397541794105
1739,7.14397541794105
1740,7.14397541794105
1741,7.14397541794105
1742,7.14397541794105
1743,7.14397541794105
1744,7.14397541794105
1745,7.14397541794105
1746,7.14397541794105
1747,7.14397541794105
1748,7.14397541794105
1749,7.14397541794105
1750,7.14397541794105
1751,7.14397541794105
1752,7.14397541794105
1753,7.14397541794105
1754,7.14397541794105
1755,7.14397541794105
1756,7.14397541794105
1757,7.14397541794105
1758,7.14397541794105
1759,7.14397541794105
1760,7.14397541794105
1761,7.14397541794105
1762,7.14397541794105
1763,7.14397541794105
1764,7.14397541794105
1765,7.14397541794105
1766,7.14397541794105
1767,7.14397541794105
1768,7.14397541794105
1769,7.14397541794105
1770,7.14397541794105
1771,7.14397541794105
1772,7.14397541794105
1773,7.14397541794105
1774,7.14397541794105
1775,7.14397541794105
1776,7.14397541794105
1777,7.14397541794105
1778,7.14397541794105
1779,7.14397541794105
1780,7.14397541794105
1781,7.14397541794105
1782,7.14397541794105
1783,7.14397541794105
1784,7.14397541794105
1785,7.14397541794105
1786,7.14397541794105
1787,7.14397541794105
1788,7.14397541794105
1789,7.14397541794105
1790,7.14397541794105
1791,7.14397541794105
1792,7.14397541794105
1793,7.14397541794105
1794,7.14397541794105
1795,7.14397541794105
1796,7.14397541794105
1797,7.14397541794105
1798,7.14397541794105
1799,7.14397541794105
1800,7.14397541794105
1801,7.14397541794105
1802,7.14397541794105
1803,7.14397541794105
1804,7.14397541794105
1805,7.14397541794105
1806,7.14397541794105
1807,7.14397541794105
1808,7.14397541794105
1809,7.14397541794105
1810,7.14397541794105
1811,7.14397541794105
1812,7.14397541794105
1813,7.14397541794105
1814,7.14397541794105
1815,7.14397541794105
1816,7.14397541794105
1817,7.14397541794105
1818,7.14397541794105
1819,7.14397541794105
1820,7.14397541794105
1821,7.14397541794105
1822,7.14397541794105
1823,7.14397541794105
1824,7.14397541794105
1825,7.14397541794105
1826,7.14397541794105
1827,7.14397541794105
1828,7.14397541794105
1829,7.14397541794105
1830,7.14397541794105
1831,7.14397541794105
1832,7.14397541794105
1833,7.14397541794105
1834,7.14397541794105
1835,7.14397541794105
1836,7.14397541794105
1837,7.14397541794105
1838,7.14397541794105
1839,7.14397541794105
1840,7.14397541794105
1841,7.14397541794105
1842,7.14397541794105
1843,7.14397541794105
1844,7.14397541794105
1845,7.14397541794105
1846,7.14397541794105
1847,7.14397541794105
1848,7.14397541794105
1849,7.14397541794105
1850,7.14397541794105
1851,7.14397541794105
1852,7.14397541794105
1853,7.14397541794105
1854,7.14397541794105
1855,7.14397541794105
1856,7.14397541794105
1857,7.14397541794105
1858,7.14397541794105
1859,7.14397541794105
1860,7.14397541794105
1861,7.14397541794105
1862,7.14397541794105
1863,7.14397541794105
1864,7.14397541794105
1865,7.14397541794105
1866,7.14397541794105
1867,7.14397541794105
1868,7.14397541794105
1869,7.14397541794105
1870,7.14397541794105
1871,7.14397541794105
1872,7.14397541794105
1873,7.14397541794105
1874,7.14397541794105
1875,7.14397541794105
1876,7.14397541794105
1877,7.14397541794105
1878,7.14397541794105
1879,7.14397541794105
1880,7.14397541794105
1881,7.14397541794105
1882,7.14397541794105
1883,7.14397541794105
1884,7.14397541794105
1885,7.14397541794105
1886,7.14397541794105
1887,7.14397541794105
1888,7.14397541794105
1889,7.14397541794105
1890,7.14397541794105
1891,7.14397541794105
1892,7.14397541794105
1893,7.14397541794105
1894,7.14397541794105
1895,7.14397541794105
1896,7.14397541794105
1897,7.14397541794105
1898,7.14397541794105
1899,7.14397541794105
1900,7.14397541794105
1901,7.14397541794105
1902,7.14397541794105
1903,7.14397541794105
1904,7.14397541794105
1905,7.14397541794105
1906,7.14397541794105
1907,7.14397541794105
1908,7.14397541794105
1909,7.14397541794105
1910,7.14397541794105
1911,7.14397541794105
1912,7.14397541794105
1913,7.14397541794105
1914,7.14397541794105
1915,7.14397541794105
1916,7.14397541794105
1917,7.14397541794105
1918,7.14397541794105
1919,7.14397541794105
1920,7.14397541794105
1921,7.14397541794105
1922,7.14397541794105
1923,7.14397541794105
1924,7.14397541794105
1925,7.14397541794105
1926,7.14397541794105
1927,7.14397541794105
1928,7.14397541794105
1929,7.14397541794105
1930,7.14397541794105
1931,7.14397541794105
1932,7.14397541794105
1933,7.14397541794105
1934,7.14397541794105
1935,7.14397541794105
1936,7.14397541794105
1937,7.14397541794105
1938,7.14397541794105
1939,7.14397541794105
1940,7.14397541794105
1941,7.14397541794105
1942,7.14397541794105
1943,7.14397541794105
1944,7.14397541794105
1945,7.14397541794105
1946,7.14397541794105
1947,7.14397541794105
1948,7.14397541794105
1949,7.14397541794105
1950,7.14397541794105
1951,7.14397541794105
1952,7.14397541794105
1953,7.14397541794105
1954,7.14397541794105
1955,7.14397541794105
1956,7.14397541794105
1957,7.14397541794105
1958,7.14397541794105
1959,7.14397541794105
1960,7.14397541794105
1961,7.14397541794105
1962,7.14397541794105
1963,7.14397541794105
1964,7.14397541794105
1965,7.14397541794105
1966,7.14397541794105
1967,7.14397541794105
1968,7.14397541794105
1969,7.14397541794105
1970,7.14397541794105
1971,7.14397541794105
1972,7.14397541794105
1973,7.14397541794105
1974,7.14397541794105
1975,7.14397541794105
1976,7.14397541794105
1977,7.14397541794105
1978,7.14397541794105
1979,7.14397541794105
1980,7.14397541794105
1981,7.14397541794105
1982,7.14397541794105
1983,7.14397541794105
1984,7.14397541794105
1985,7.14397541794105
1986,7.14397541794105
1987,7.14397541794105
1988,7.14397541794105
1989,7.14397541794105
1990,7.14397541794105
1991,7.14397541794105
1992,7.14397541794105
1993,7.14397541794105
1994,7.14397541794105
1995,7.14397541794105
1996,7.14397541794105
1997,7.14397541794105
1998,7.14397541794105
1999,7.14397541794105
2000,7.14397541794105
2001,7.14397541794105
2002,7.14397541794105
2003,7.14397541794105
2004,7.14397541794105
2005,7.14397541794105
2006,7.14397541794105
2007,7.14397541794105
2008,7.14397541794105
2009,7.14397541794105
2010,7.14397541794105
2011,7.14397541794105
2012,7.14397541794105
2013,7.14397541794105
2014,7.14397541794105
2015,7.14397541794105
2016,7.14397541794105
2017,7.14397541794105
2018,7.14397541794105
2019,7.14397541794105
2020,7.14397541794105
2021,7.14397541794105
2022,7.14397541794105
2023,7.14397541794105
2024,7.14397541794105
2025,7.14397541794105
2026,7.14397541794105
2027,7.14397541794105
2028,7.14397541794105
2029,7.14397541794105
2030,7.14397541794105
2031,7.14397541794105
2032,7.14397541794105
2033,7.14397541794105
2034,7.14397541794105
2035,7.14397541794105
2036,7.14397541794105
2037,7.14397541794105
2038,7.14397541794105
2039,7.14397541794105
2040,7.14397541794105
2041,7.14397541794105
2042,7.14397541794105
2043,7.14397541794105
2044,7.14397541794105
2045,7.14397541794105
2046,7.14397541794105
2047,7.14397541794105
2048,7.14397541794105
2049,7.14397541794105
2050,7.14397541794105
2051,7.14397541794105
2052,7.14397541794105
2053,7.14397541794105
2054,7.14397541794105
2055,7.14397541794105
2056,7.14397541794105
2057,7.14397541794105
2058,7.14397541794105
2059,7.14397541794105
2060,7.14397541794105
2061,7.14397541794105
2062,7.14397541794105
2063,7.14397541794105
2064,7.14397541794105
2065,7.14397541794105
2066,7.14397541794105
2067,7.14397541794105
2068,7.14397541794105
2069,7.14397541794105
2070,7.14397541794105
2071,7.14397541794105
2072,7.14397541794105
2073,7.14397541794105
2074,7.14397541794105
2075,7.14397541794105
2076,7.14397541794105
2077,7.14397541794105
2078,7.14397541794105
2079,7.14397541794105
2080,7.14397541794105
2081,7.14397541794105
2082,7.14397541794105
2083,7.14397541794105
2084,7.14397541794105
2085,7.14397541794105
2086,7.14397541794105
2087,7.14397541794105
2088,7.14397541794105
2089,7.14397541794105
2090,7.14397541794105
2091,7.14397541794105
2092,7.14397541794105
2093,7.14397541794105
2094,7.14397541794105
2095,7.14397541794105
2096,7.14397541794105
2097,7.14397541794105
2098,7.14397541794105
2099,7.14397541794105
2100,7.14397541794105
2101,7.14397541794105
2102,7.14397541794105
2103,7.14397541794105
2104,7.14397541794105
2105,7.14397541794105
2106,7.14397541794105
2107,7.14397541794105
2108,7.14397541794105
2109,7.14397541794105
2110,7.14397541794105
2111,7.14397541794105
2112,7.14397541794105
2113,7.14397541794105
2114,7.14397541794105
2115,7.14397541794105
2116,7.14397541794105
2117,7.14397541794105
2118,7.14397541794105
2119,7.14397541794105
2120,7.14397541794105
2121,7.14397541794105
2122,7.14397541794105
2123,7.14397541794105
2124,7.14397541794105
2125,7.14397541794105
2126,7.14397541794105
2127,7.14397541794105
2128,7.14397541794105
2129,7.14397541794105
2130,7.14397541794105
2131,7.14397541794105
2132,7.14397541794105
2133,7.14397541794105
2134,7.14397541794105
2135,7.14397541794105
2136,7.14397541794105
2137,7.14397541794105
2138,7.14397541794105
2139,7.14397541794105
2140,7.14397541794105
2141,7.14397541794105
2142,7.14397541794105
2143,7.14397541794105
2144,7.14397541794105
2145,7.14397541794105
2146,7.14397541794105
2147,7.14397541794105
2148,7.14397541794105
2149,7.14397541794105
2150,7.14397541794105
2151,7.14397541794105
2152,7.14397541794105
2153,7.14397541794105
2154,7.14397541794105
2155,7.14397541794105
2156,7.14397541794105
2157,7.14397541794105
2158,7.14397541794105
2159,7.14397541794105
2160,7.14397541794105
2161,7.14397541794105
2162,7.14397541794105
2163,7.14397541794105
2164,7.14397541794105
2165,7.14397541794105
2166,7.14397541794105
2167,7.14397541794105
2168,7.14397541794105
2169,7.14397541794105
2170,7.14397541794105
2171,7.14397541794105
2172,7.14397541794105
2173,7.14397541794105
2174,7.14397541794105
2175,7.14397541794105
2176,7.14397541794105
2177,7.14397541794105
2178,7.14397541794105
2179,7.14397541794105
2180,7.14397541794105
2181,7.14397541794105
2182,7.14397541794105
2183,7.14397541794105
2184,7.14397541794105
2185,7.14397541794105
2186,7.14397541794105
2187,7.14397541794105
2188,7.14397541794105
2189,7.14397541794105
2190,7.14397541794105
2191,7.14397541794105
2192,7.14397541794105
2193,7.14397541794105
2194,7.14397541794105
2195,7.14397541794105
2196,7.14397541794105
2197,7.14397541794105
2198,7.14397541794105
2199,7.14397541794105
2200,7.14397541794105
2201,7.14397541794105
2202,7.14397541794105
2203,7.14397541794105
2204,7.14397541794105
2205,7.14397541794105
2206,7.14397541794105
2207,7.14397541794105
2208,7.14397541794105
2209,7.14397541794105
2210,7.14397541794105
2211,7.14397541794105
2212,7.14397541794105
2213,7.14397541794105
2214,7.14397541794105
2215,7.14397541794105
2216,7.14397541794105
2217,7.14397541794105
2218,7.14397541794105
2219,7.14397541794105
2220,7.14397541794105
2221,7.14397541794105
2222,7.14397541794105
2223,7.14397541794105
2224,7.14397541794105
2225,7.14397541794105
2226,7.14397541794105
2227,7.14397541794105
2228,7.14397541794105
2229,7.14397541794105
2230,7.14397541794105
2231,7.14397541794105
2232,7.14397541794105
2233,7.14397541794105
2234,7.14397541794105
2235,7.14397541794105
2236,7.14397541794105
2237,7.14397541794105
2238,7.14397541794105
2239,7.14397541794105
2240,7.14397541794105
2241,7.14397541794105
2242,7.14397541794105
2243,7.14397541794105
2244,7.14397541794105
2245,7.14397541794105
2246,7.14397541794105
2247,7.14397541794105
2248,7.14397541794105
2249,7.14397541794105
2250,7.14397541794105
2251,7.14397541794105
2252,7.14397541794105
2253,7.14397541794105
2254,7.14397541794105
2255,7.14397541794105
2256,7.14397541794105
2257,7.14397541794105
2258,7.14397541794105
2259,7.14397541794105
2260,7.14397541794105
2261,7.14397541794105
2262,7.14397541794105
2263,7.14397541794105
2264,7.14397541794105
2265,7.14397541794105
2266,7.14397541794105
2267,7.14397541794105
2268,7.14397541794105
2269,7.14397541794105
2270,7.14397541794105
2271,7.14397541794105
2272,7.14397541794105
2273,7.14397541794105
2274,7.14397541794105
2275,7.14397541794105
2276,7.14397541794105
2277,7.14397541794105
2278,7.14397541794105
2279,7.14397541794105
2280,7.14397541794105
2281,7.14397541794105
2282,7.14397541794105
2283,7.14397541794105
2284,7.14397541794105
2285,7.14397541794105
2286,7.14397541794105
2287,7.14397541794105
2288,7.14397541794105
2289,7.14397541794105
2290,7.14397541794105
2291,7.14397541794105
2292,7.14397541794105
2293,7.14397541794105
2294,7.14397541794105
2295,7.14397541794105
2296,7.14397541794105
2297,7.14397541794105
2298,7.14397541794105
2299,7.14397541794105
2300,7.14397541794105
2301,7.14397541794105
2302,7.14397541794105
2303,7.14397541794105
2304,7.14397541794105
2305,7.14397541794105
2306,7.14397541794105
2307,7.14397541794105
2308,7.14397541794105
2309,7.14397541794105
2310,7.14397541794105
2311,7.14397541794105
2312,7.14397541794105
2313,7.14397541794105
2314,7.14397541794105
2315,7.14397541794105
2316,7.14397541794105
2317,7.14397541794105
2318,7.14397541794105
2319,7.14397541794105
2320,7.14397541794105
2321,7.14397541794105
2322,7.14397541794105
2323,7.14397541794105
2324,7.14397541794105
2325,7.14397541794105
2326,7.14397541794105
2327,7.14397541794105
2328,7.14397541794105
2329,7.14397541794105
2330,7.14397541794105
2331,7.14397541794105
2332,7.14397541794105
2333,7.14397541794105
2334,7.14397541794105
2335,7.14397541794105
2336,7.14397541794105
2337,7.14397541794105
2338,7.14397541794105
2339,7.14397541794105
2340,7.14397541794105
2341,7.14397541794105
2342,7.14397541794105
2343,7.14397541794105
2344,7.14397541794105
2345,7.14397541794105
2346,7.14397541794105
2347,7.14397541794105
2348,7.14397541794105
2349,7.14397541794105
2350,7.14397541794105
2351,7.14397541794105
2352,7.14397541794105
2353,7.14397541794105
2354,7.14397541794105
2355,7.14397541794105
2356,7.14397541794105
2357,7.14397541794105
2358,7.14397541794105
2359,7.14397541794105
2360,7.14397541794105
2361,7.14397541794105
2362,7.14397541794105
2363,7.14397541794105
2364,7.14397541794105
2365,7.14397541794105
2366,7.14397541794105
2367,7.14397541794105
2368,7.14397541794105
2369,7.14397541794105
2370,7.14397541794105
2371,7.14397541794105
2372,7.14397541794105
2373,7.14397541794105
2374,7.14397541794105
2375,7.14397541794105
2376,7.14397541794105
2377,7.14397541794105
2378,7.14397541794105
2379,7.14397541794105
2380,7.14397541794105
2381,7.14397541794105
2382,7.14397541794105
2383,7.14397541794105
2384,7.14397541794105
2385,7.14397541794105
2386,7.14397541794105
2387,7.14397541794105
2388,7.14397541794105
2389,7.14397541794105
2390,7.14397541794105
2391,7.14397541794105
2392,7.14397541794105
2393,7.14397541794105
2394,7.14397541794105
2395,7.14397541794105
2396,7.14397541794105
2397,7.14397541794105
2398,7.14397541794105
2399,7.14397541794105
2400,7.14397541794105
2401,7.14397541794105
2402,7.14397541794105
2403,7.14397541794105
2404,7.14397541794105
2405,7.14397541794105
2406,7.14397541794105
2407,7.14397541794105
2408,7.14397541794105
2409,7.14397541794105
2410,7.14397541794105
2411,7.14397541794105
2412,7.14397541794105
2413,7.14397541794105
2414,7.14397541794105
2415,7.14397541794105
2416,7.14397541794105
2417,7.14397541794105
2418,7.14397541794105
2419,7.14397541794105
2420,7.14397541794105
2421,7.14397541794105
2422,7.14397541794105
2423,7.14397541794105
2424,7.14397541794105
2425,7.14397541794105
2426,7.14397541794105
2427,7.14397541794105
2428,7.14397541794105
2429,7.14397541794105
2430,7.14397541794105
2431,7.14397541794105
2432,7.14397541794105
2433,7.14397541794105
2434,7.14397541794105
2435,7.14397541794105
2436,7.14397541794105
2437,7.14397541794105
2438,7.14397541794105
2439,7.14397541794105
2440,7.14397541794105
2441,7.14397541794105
2442,7.14397541794105
2443,7.14397541794105
2444,7.14397541794105
2445,7.14397541794105
2446,7.14397541794105
2447,7.14397541794105
2448,7.14397541794105
2449,7.14397541794105
2450,7.14397541794105
2451,7.14397541794105
2452,7.14397541794105
2453,7.14397541794105
2454,7.14397541794105
2455,7.14397541794105
2456,7.14397541794105
2457,7.14397541794105
2458,7.14397541794105
2459,7.14397541794105
2460,7.14397541794105
2461,7.14397541794105
2462,7.14397541794105
2463,7.14397541794105
2464,7.14397541794105
2465,7.14397541794105
2466,7.14397541794105
2467,7.14397541794105
2468,7.14397541794105
2469,7.14397541794105
2470,7.14397541794105
2471,7.14397541794105
2472,7.14397541794105
2473,7.14397541794105
2474,7.14397541794105
2475,7.14397541794105
2476,7.14397541794105
2477,7.14397541794105
2478,7.14397541794105
2479,7.14397541794105
2480,7.14397541794105
2481,7.14397541794105
2482,7.14397541794105
2483,7.14397541794105
2484,7.14397541794105
2485,7.14397541794105
2486,7.14397541794105
2487,7.14397541794105
2488,7.14397541794105
2489,7.14397541794105
2490,7.14397541794105
2491,7.14397541794105
2492,7.14397541794105
2493,7.14397541794105
2494,7.14397541794105
2495,7.14397541794105
2496,7.14397541794105
2497,7.14397541794105
2498,7.14397541794105
2499,7.14397541794105
2500,7.14397541794105
2501,7.14397541794105
2502,7.14397541794105
2503,7.14397541794105
2504,7.14397541794105
2505,7.14397541794105
2506,7.14397541794105
2507,7.14397541794105
2508,7.14397541794105
2509,7.14397541794105
2510,7.14397541794105
2511,7.14397541794105
2512,7.14397541794105
2513,7.14397541794105
2514,7.14397541794105
2515,7.14397541794105
2516,7.14397541794105
2517,7.14397541794105
2518,7.14397541794105
2519,7.14397541794105
2520,7.14397541794105
2521,7.14397541794105
2522,7.14397541794105
2523,7.14397541794105
2524,7.14397541794105
2525,7.14397541794105
2526,7.14397541794105
2527,7.14397541794105
2528,7.14397541794105
2529,7.14397541794105
2530,7.14397541794105
2531,7.14397541794105
2532,7.14397541794105
2533,7.14397541794105
2534,7.14397541794105
2535,7.14397541794105
2536,7.14397541794105
2537,7.14397541794105
2538,7.14397541794105
2539,7.14397541794105
2540,7.14397541794105
2541,7.14397541794105
2542,7.14397541794105
2543,7.14397541794105
2544,7.14397541794105
2545,7.14397541794105
2546,7.14397541794105
2547,7.14397541794105
2548,7.14397541794105
2549,7.14397541794105
2550,7.14397541794105
2551,7.14397541794105
2552,7.14397541794105
2553,7.14397541794105
2554,7.14397541794105
2555,7.14397541794105
2556,7.14397541794105
2557,7.14397541794105
2558,7.14397541794105
2559,7.14397541794105
2560,7.14397541794105
2561,7.14397541794105
2562,7.14397541794105
2563,7.14397541794105
2564,7.14397541794105
2565,7.14397541794105
2566,7.14397541794105
2567,7.14397541794105
2568,7.14397541794105
2569,7.14397541794105
2570,7.14397541794105
2571,7.14397541794105
2572,7.14397541794105
2573,7.14397541794105
2574,7.14397541794105
2575,7.14397541794105
2576,7.14397541794105
2577,7.14397541794105
2578,7.14397541794105
2579,7.14397541794105
2580,7.14397541794105
2581,7.14397541794105
2582,7.14397541794105
2583,7.14397541794105
2584,7.14397541794105
2585,7.14397541794105
2586,7.14397541794105
2587,7.14397541794105
2588,7.14397541794105
2589,7.14397541794105
2590,7.14397541794105
2591,7.14397541794105
2592,7.14397541794105
2593,7.14397541794105
2594,7.14397541794105
2595,7.14397541794105
2596,7.14397541794105
2597,7.14397541794105
2598,7.14397541794105
2599,7.14397541794105
2600,7.14397541794105
2601,7.14397541794105
2602,7.14397541794105
2603,7.14397541794105
2604,7.14397541794105
2605,7.14397541794105
2606,7.14397541794105
2607,7.14397541794105
2608,7.14397541794105
2609,7.14397541794105
2610,7.14397541794105
2611,7.14397541794105
2612,7.14397541794105
2613,7.14397541794105
2614,7.14397541794105
2615,7.14397541794105
2616,7.14397541794105
2617,7.14397541794105
2618,7.14397541794105
2619,7.14397541794105
2620,7.14397541794105
2621,7.14397541794105
2622,7.14397541794105
2623,7.14397541794105
2624,7.14397541794105
2625,7.14397541794105
2626,7.14397541794105
2627,7.14397541794105
2628,7.14397541794105
2629,7.14397541794105
2630,7.14397541794105
2631,7.14397541794105
2632,7.14397541794105
2633,7.14397541794105
2634,7.14397541794105
2635,7.14397541794105
2636,7.14397541794105
2637,7.14397541794105
2638,7.14397541794105
2639,7.14397541794105
2640,7.14397541794105
2641,7.14397541794105
2642,7.14397541794105
2643,7.14397541794105
2644,7.14397541794105
2645,7.14397541794105
2646,7.14397541794105
2647,7.14397541794105
2648,7.14397541794105
2649,7.14397541794105
2650,7.14397541794105
2651,7.14397541794105
2652,7.14397541794105
2653,7.14397541794105
2654,7.14397541794105
2655,7.14397541794105
2656,7.14397541794105
2657,7.14397541794105
2658,7.14397541794105
2659,7.14397541794105
2660,7.14397541794105
2661,7.14397541794105
2662,7.14397541794105
2663,7.14397541794105
2664,7.14397541794105
2665,7.14397541794105
2666,7.14397541794105
2667,7.14397541794105
2668,7.14397541794105
2669,7.14397541794105
2670,7.14397541794105
2671,7.14397541794105
2672,7.14397541794105
2673,7.14397541794105
2674,7.14397541794105
2675,7.14397541794105
2676,7.14397541794105
2677,7.14397541794105
2678,7.14397541794105
2679,7.14397541794105
2680,7.14397541794105
2681,7.14397541794105
2682,7.14397541794105
2683,7.14397541794105
2684,7.14397541794105
2685,7.14397541794105
2686,7.14397541794105
2687,7.14397541794105
2688,7.14397541794105
2689,7.14397541794105
2690,7.14397541794105
2691,7.14397541794105
2692,7.14397541794105
2693,7.14397541794105
2694,7.14397541794105
2695,6.513215932931807
2696,6.513215932931807
2697,6.513215932931807
2698,6.513215932931807
2699,6.513215932931807
2700,6.513215932931807
2701,6.513215932931807
2702,6.513215932931807
2703,6.513215932931807
2704,6.513215932931807
2705,6.513215932931807
2706,6.513215932931807
2707,6.513215932931807
2708,6.513215932931807
2709,6.513215932931807
2710,6.513215932931807
2711,6.513215932931807
2712,6.513215932931807
2713,6.513215932931807
2714,6.513215932931807
2715,6.513215932931807
2716,6.513215932931807
2717,6.513215932931807
2718,6.513215932931807
2719,6.513215932931807
2720,6.513215932931807
2721,6.513215932931807
2722,6.513215932931807
2723,6.513215932931807
2724,6.513215932931807
2725,6.513215932931807
2726,6.513215932931807
2727,6.513215932931807
2728,6.513215932931807
2729,6.513215932931807
2730,6.513215932931807
2731,6.513215932931807
2732,6.513215932931807
2733,6.513215932931807
2734,6.513215932931807
2735,6.513215932931807
2736,6.513215932931807
2737,6.513215932931807
2738,6.513215932931807
2739,6.513215932931807
2740,6.513215932931807
2741,6.513215932931807
2742,6.513215932931807
2743,6.513215932931807
2744,6.513215932931807
2745,6.513215932931807
2746,6.513215932931807
2747,6.513215932931807
2748,6.513215932931807
2749,6.513215932931807
2750,6.513215932931807
2751,6.513215932931807
2752,6.513215932931807
2753,6.513215932931807
2754,6.513215932931807
2755,6.513215932931807
2756,6.513215932931807
2757,6.513215932931807
2758,6.513215932931807
2759,6.513215932931807
2760,6.513215932931807
2761,6.513215932931807
2762,6.513215932931807
2763,6.513215932931807
2764,6.513215932931807
2765,6.513215932931807
2766,6.513215932931807
2767,6.513215932931807
2768,6.513215932931807
2769,6.513215932931807
2770,6.513215932931807
2771,6.513215932931807
2772,6.513215932931807
2773,6.513215932931807
2774,6.513215932931807
2775,6.513215932931807
2776,6.513215932931807
2777,6.513215932931807
2778,6.513215932931807
2779,6.513215932931807
2780,6.513215932931807
2781,6.513215932931807
2782,6.513215932931807
2783,6.513215932931807
2784,6.513215932931807
2785,6.513215932931807
2786,6.513215932931807
2787,6.513215932931807
2788,6.513215932931807
2789,6.513215932931807
2790,6.513215932931807
2791,6.513215932931807
2792,6.513215932931807
2793,6.513215932931807
2794,6.513215932931807
2795,6.513215932931807
2796,6.513215932931807
2797,6.513215932931807
2798,6.513215932931807
2799,6.513215932931807
2800,6.513215932931807
2801,6.513215932931807
2802,6.513215932931807
2803,6.513215932931807
2804,6.513215932931807
2805,6.513215932931807
2806,6.513215932931807
2807,6.513215932931807
2808,6.513215932931807
2809,6.513215932931807
2810,6.513215932931807
2811,6.513215932931807
2812,6.513215932931807
2813,6.513215932931807
2814,6.513215932931807
2815,6.513215932931807
2816,6.513215932931807
2817,6.513215932931807
2818,6.513215932931807
2819,6.513215932931807
2820,6.513215932931807
2821,6.513215932931807
2822,6.513215932931807
2823,6.513215932931807
2824,6.513215932931807
2825,6.513215932931807
2826,6.513215932931807
2827,6.513215932931807
2828,6.513215932931807
2829,6.513215932931807
2830,6.513215932931807
2831,6.513215932931807
2832,6.513215932931807
2833,6.513215932931807
2834,6.513215932931807
2835,6.513215932931807
2836,6.513215932931807
2837,6.513215932931807
2838,6.513215932931807
2839,6.513215932931807
2840,6.513215932931807
2841,6.513215932931807
2842,6.513215932931807
2843,6.513215932931807
2844,6.513215932931807
2845,6.513215932931807
2846,6.513215932931807
2847,6.513215932931807
2848,6.513215932931807
2849,6.513215932931807
2850,6.513215932931807
2851,6.513215932931807
2852,6.513215932931807
2853,6.513215932931807
2854,6.513215932931807
2855,6.513215932931807
2856,6.513215932931807
2857,6.513215932931807
2858,6.513215932931807
2859,6.513215932931807
2860,6.513215932931807
2861,6.513215932931807
2862,6.513215932931807
2863,6.513215932931807
2864,6.513215932931807
2865,6.513215932931807
2866,6.513215932931807
2867,6.513215932931807
2868,6.513215932931807
2869,6.513215932931807
2870,6.513215932931807
2871,6.513215932931807
2872,6.513215932931807
2873,6.513215932931807
2874,6.513215932931807
2875,6.513215932931807
2876,6.513215932931807
2877,6.513215932931807
2878,6.513215932931807
2879,6.513215932931807
2880,6.513215932931807
2881,6.513215932931807
2882,6.513215932931807
2883,6.513215932931807
2884,6.513215932931807
2885,6.513215932931807
2886,6.513215932931807
2887,6.513215932931807
2888,6.513215932931807
2889,6.513215932931807
2890,6.513215932931807
2891,6.513215932931807
2892,6.513215932931807
2893,6.513215932931807
2894,6.513215932931807
2895,6.513215932931807
2896,6.513215932931807
2897,6.513215932931807
2898,6.513215932931807
2899,6.513215932931807
2900,6.513215932931807
2901,6.513215932931807
2902,6.513215932931807
2903,6.513215932931807
2904,6.513215932931807
2905,6.513215932931807
2906,6.513215932931807
2907,6.513215932931807
2908,6.513215932931807
2909,6.513215932931807
2910,6.513215932931807
2911,6.513215932931807
2912,6.513215932931807
2913,6.513215932931807
2914,6.513215932931807
2915,6.513215932931807
2916,6.513215932931807
2917,6.513215932931807
2918,6.513215932931807
2919,6.513215932931807
2920,6.513215932931807
2921,6.513215932931807
2922,6.513215932931807
2923,6.513215932931807
2924,6.513215932931807
2925,6.513215932931807
2926,6.513215932931807
2927,6.513215932931807
2928,6.513215932931807
2929,6.513215932931807
2930,6.513215932931807
2931,6.513215932931807
2932,6.513215932931807
2933,6.513215932931807
2934,6.513215932931807
2935,6.513215932931807
2936,6.513215932931807
2937,6.513215932931807
2938,6.513215932931807
2939,6.513215932931807
2940,6.513215932931807
2941,6.513215932931807
2942,6.513215932931807
2943,6.513215932931807
2944,6.513215932931807
2945,6.513215932931807
2946,6.513215932931807
2947,6.513215932931807
2948,6.513215932931807
2949,6.513215932931807
2950,6.513215932931807
2951,6.513215932931807
2952,6.513215932931807
2953,6.513215932931807
2954,6.513215932931807
2955,6.513215932931807
2956,6.513215932931807
2957,6.513215932931807
2958,6.513215932931807
2959,6.513215932931807
2960,6.513215932931807
2961,6.513215932931807
2962,6.513215932931807
2963,6.513215932931807
2964,6.513215932931807
2965,6.513215932931807
2966,6.513215932931807
2967,6.513215932931807
2968,6.513215932931807
2969,6.513215932931807
2970,6.513215932931807
2971,6.513215932931807
2972,6.513215932931807
2973,6.513215932931807
2974,6.513215932931807
2975,6.513215932931807
2976,6.513215932931807
2977,6.513215932931807
2978,6.513215932931807
2979,6.513215932931807
2980,6.513215932931807
2981,6.513215932931807
2982,6.513215932931807
2983,6.513215932931807
2984,6.513215932931807
2985,6.513215932931807
2986,6.513215932931807
2987,6.513215932931807
2988,6.513215932931807
2989,6.513215932931807
2990,6.513215932931807
2991,6.513215932931807
2992,6.513215932931807
2993,6.513215932931807
2994,6.513215932931807
2995,6.513215932931807
2996,6.513215932931807
2997,6.513215932931807
2998,6.513215932931807
2999,6.513215932931807
3000,6.513215932931807
3001,6.513215932931807
3002,6.513215932931807
3003,6.513215932931807
3004,6.513215932931807
3005,6.513215932931807
3006,6.513215932931807
3007,6.513215932931807
3008,6.513215932931807
3009,6.513215932931807
3010,6.513215932931807
3011,6.513215932931807
3012,6.513215932931807
3013,6.513215932931807
3014,6.513215932931807
3015,6.513215932931807
3016,6.513215932931807
3017,6.513215932931807
3018,6.513215932931807
3019,6.513215932931807
3020,6.513215932931807
3021,6.513215932931807
3022,6.513215932931807
3023,6.513215932931807
3024,6.513215932931807
3025,6.513215932931807
3026,6.513215932931807
3027,6.513215932931807
3028,6.513215932931807
3029,6.513215932931807
3030,6.513215932931807
3031,6.513215932931807
3032,6.513215932931807
3033,6.513215932931807
3034,6.513215932931807
3035,6.513215932931807
3036,6.513215932931807
3037,6.513215932931807
3038,6.513215932931807
3039,6.513215932931807
3040,6.513215932931807
3041,6.513215932931807
3042,6.513215932931807
3043,6.513215932931807
3044,6.513215932931807
3045,6.513215932931807
3046,6.513215932931807
3047,6.513215932931807
3048,6.513215932931807
3049,6.513215932931807
3050,6.513215932931807
3051,6.513215932931807
3052,6.513215932931807
3053,6.513215932931807
3054,6.513215932931807
3055,6.513215932931807
3056,6.513215932931807
3057,6.513215932931807
3058,6.513215932931807
3059,6.513215932931807
3060,6.513215932931807
3061,6.513215932931807
3062,6.513215932931807
3063,6.513215932931807
3064,6.513215932931807
3065,6.513215932931807
3066,6.513215932931807
3067,6.513215932931807
3068,6.513215932931807
3069,6.513215932931807
3070,6.513215932931807
3071,6.513215932931807
3072,6.513215932931807
3073,6.513215932931807
3074,6.513215932931807
3075,6.513215932931807
3076,6.513215932931807
3077,6.513215932931807
3078,6.513215932931807
3079,6.513215932931807
3080,6.513215932931807
3081,6.513215932931807
3082,6.513215932931807
3083,6.513215932931807
3084,6.513215932931807
3085,6.513215932931807
3086,6.513215932931807
3087,6.513215932931807
3088,6.513215932931807
3089,6.513215932931807
3090,6.513215932931807
3091,6.513215932931807
3092,6.513215932931807
3093,6.513215932931807
3094,6.513215932931807
3095,6.513215932931807
3096,6.513215932931807
3097,6.513215932931807
3098,6.513215932931807
3099,6.513215932931807
3100,6.513215932931807
3101,6.513215932931807
3102,6.513215932931807
3103,6.513215932931807
3104,6.513215932931807
3105,6.513215932931807
3106,6.513215932931807
3107,6.513215932931807
3108,6.513215932931807
3109,6.513215932931807
3110,6.513215932931807
3111,6.513215932931807
3112,6.513215932931807
3113,6.513215932931807
3114,6.513215932931807
3115,6.513215932931807
3116,6.513215932931807
3117,6.513215932931807
3118,6.513215932931807
3119,6.513215932931807
3120,6.513215932931807
3121,6.513215932931807
3122,6.513215932931807
3123,6.513215932931807
3124,6.513215932931807
3125,6.513215932931807
3126,6.513215932931807
3127,6.513215932931807
3128,6.513215932931807
3129,6.513215932931807
3130,6.513215932931807
3131,6.513215932931807
3132,6.513215932931807
3133,6.513215932931807
3134,6.513215932931807
3135,6.513215932931807
3136,6.513215932931807
3137,6.513215932931807
3138,6.513215932931807
3139,6.513215932931807
3140,6.513215932931807
3141,6.513215932931807
3142,6.513215932931807
3143,6.513215932931807
3144,6.513215932931807
3145,6.513215932931807
3146,6.513215932931807
3147,6.513215932931807
3148,6.513215932931807
3149,6.513215932931807
3150,6.513215932931807
3151,6.513215932931807
3152,6.513215932931807
3153,6.513215932931807
3154,6.513215932931807
3155,6.513215932931807
3156,6.513215932931807
3157,6.513215932931807
3158,6.513215932931807
3159,6.513215932931807
3160,6.513215932931807
3161,6.513215932931807
3162,6.513215932931807
3163,6.513215932931807
3164,6.513215932931807
3165,6.513215932931807
3166,6.513215932931807
3167,6.513215932931807
3168,6.513215932931807
3169,6.513215932931807
3170,6.513215932931807
3171,6.513215932931807
3172,6.513215932931807
3173,6.513215932931807
3174,6.513215932931807
3175,6.513215932931807
3176,6.513215932931807
3177,6.513215932931807
3178,6.513215932931807
3179,6.513215932931807
3180,6.513215932931807
3181,6.513215932931807
3182,6.513215932931807
3183,6.513215932931807
3184,6.513215932931807
3185,6.513215932931807
3186,6.513215932931807
3187,6.513215932931807
3188,6.513215932931807
3189,6.513215932931807
3190,6.513215932931807
3191,6.513215932931807
3192,6.513215932931807
3193,6.513215932931807
3194,6.513215932931807
3195,6.513215932931807
3196,6.513215932931807
3197,6.513215932931807
3198,6.513215932931807
3199,6.513215932931807
3200,6.513215932931807
3201,6.513215932931807
3202,6.513215932931807
3203,6.513215932931807
3204,6.513215932931807
3205,6.513215932931807
3206,6.513215932931807
3207,6.513215932931807
3208,6.513215932931807
3209,6.513215932931807
3210,6.513215932931807
3211,6.513215932931807
3212,6.513215932931807
3213,6.513215932931807
3214,6.513215932931807
3215,6.513215932931807
3216,6.513215932931807
3217,6.513215932931807
3218,6.513215932931807
3219,6.513215932931807
3220,6.513215932931807
3221,6.513215932931807
3222,6.513215932931807
3223,6.513215932931807
3224,6.513215932931807
3225,6.513215932931807
3226,6.513215932931807
3227,6.513215932931807
3228,6.513215932931807
3229,6.513215932931807
3230,6.513215932931807
3231,6.513215932931807
3232,6.513215932931807
3233,6.513215932931807
3234,6.513215932931807
3235,6.513215932931807
3236,6.513215932931807
3237,6.513215932931807
3238,6.513215932931807
3239,6.513215932931807
3240,6.513215932931807
3241,6.513215932931807
3242,6.513215932931807
3243,6.513215932931807
3244,6.513215932931807
3245,6.513215932931807
3246,6.513215932931807
3247,6.513215932931807
3248,6.513215932931807
3249,6.513215932931807
3250,6.513215932931807
3251,6.513215932931807
3252,6.513215932931807
3253,6.513215932931807
3254,6.513215932931807
3255,6.513215932931807
3256,6.513215932931807
3257,6.513215932931807
3258,6.513215932931807
3259,6.513215932931807
3260,6.513215932931807
3261,6.513215932931807
3262,6.513215932931807
3263,6.513215932931807
3264,6.513215932931807
3265,6.513215932931807
3266,6.513215932931807
3267,6.513215932931807
3268,6.513215932931807
3269,6.513215932931807
3270,6.513215932931807
3271,6.513215932931807
3272,6.513215932931807
3273,6.513215932931807
3274,6.513215932931807
3275,6.513215932931807
3276,6.513215932931807
3277,6.513215932931807
3278,6.513215932931807
3279,6.513215932931807
3280,6.513215932931807
3281,6.513215932931807
3282,6.513215932931807
3283,6.513215932931807
3284,6.513215932931807
3285,6.513215932931807
3286,6.513215932931807
3287,6.513215932931807
3288,6.513215932931807
3289,6.513215932931807
3290,6.513215932931807
3291,6.513215932931807
3292,6.513215932931807
3293,6.513215932931807
3294,6.513215932931807
3295,6.513215932931807
3296,6.513215932931807
3297,6.513215932931807
3298,6.513215932931807
3299,6.513215932931807
3300,6.513215932931807
3301,6.513215932931807
3302,6.513215932931807
3303,6.513215932931807
3304,6.513215932931807
3305,6.513215932931807
3306,6.513215932931807
3307,6.513215932931807
3308,6.513215932931807
3309,6.513215932931807
3310,6.513215932931807
3311,6.513215932931807
3312,6.513215932931807
3313,6.513215932931807
3314,6.513215932931807
3315,6.513215932931807
3316,6.513215932931807
3317,6.513215932931807
3318,6.513215932931807
3319,6.513215932931807
3320,6.513215932931807
3321,6.513215932931807
3322,6.513215932931807
3323,6.513215932931807
3324,6.513215932931807
3325,6.513215932931807
3326,6.513215932931807
3327,6.513215932931807
3328,6.513215932931807
3329,6.513215932931807
3330,6.513215932931807
3331,6.513215932931807
3332,6.513215932931807
3333,6.513215932931807
3334,6.513215932931807
3335,6.513215932931807
3336,6.513215932931807
3337,6.513215932931807
3338,6.513215932931807
3339,6.513215932931807
3340,6.513215932931807
3341,6.513215932931807
3342,6.513215932931807
3343,6.513215932931807
3344,6.513215932931807
3345,6.513215932931807
3346,6.513215932931807
3347,6.513215932931807
3348,6.513215932931807
3349,6.513215932931807
3350,6.513215932931807
3351,6.513215932931807
3352,6.513215932931807
3353,6.513215932931807
3354,6.513215932931807
3355,6.513215932931807
3356,6.513215932931807
3357,6.513215932931807
3358,6.513215932931807
3359,6.513215932931807
3360,6.513215932931807
3361,6.513215932931807
3362,6.513215932931807
3363,6.513215932931807
3364,6.513215932931807
3365,6.513215932931807
3366,6.513215932931807
3367,6.513215932931807
3368,6.513215932931807
3369,6.513215932931807
3370,6.513215932931807
3371,6.513215932931807
3372,6.513215932931807
3373,6.513215932931807
3374,6.513215932931807
3375,6.513215932931807
3376,6.513215932931807
3377,6.513215932931807
3378,6.513215932931807
3379,6.513215932931807
3380,6.513215932931807
3381,6.513215932931807
3382,6.513215932931807
3383,6.513215932931807
3384,6.513215932931807
3385,6.513215932931807
3386,6.513215932931807
3387,6.513215932931807
3388,6.513215932931807
3389,6.513215932931807
3390,6.513215932931807
3391,6.513215932931807
3392,6.513215932931807
3393,6.513215932931807
3394,6.513215932931807
3395,6.513215932931807
3396,6.513215932931807
3397,6.513215932931807
3398,6.513215932931807
3399,6.513215932931807
3400,6.513215932931807
3401,6.513215932931807
3402,6.513215932931807
3403,6.513215932931807
3404,6.513215932931807
3405,6.513215932931807
3406,6.513215932931807
3407,6.513215932931807
3408,6.513215932931807
3409,6.513215932931807
3410,6.513215932931807
3411,6.513215932931807
3412,6.513215932931807
3413,6.513215932931807
3414,6.513215932931807
3415,6.513215932931807
3416,6.513215932931807
3417,6.513215932931807
3418,6.513215932931807
3419,6.513215932931807
3420,6.513215932931807
3421,6.513215932931807
3422,6.513215932931807
3423,6.513215932931807
3424,6.513215932931807
3425,6.513215932931807
3426,6.513215932931807
3427,6.513215932931807
3428,6.513215932931807
3429,6.513215932931807
3430,6.513215932931807
3431,6.513215932931807
3432,6.513215932931807
3433,6.513215932931807
3434,6.513215932931807
3435,6.513215932931807
3436,6.513215932931807
3437,6.513215932931807
3438,6.513215932931807
3439,6.513215932931807
3440,6.513215932931807
3441,6.513215932931807
3442,6.513215932931807
3443,6.513215932931807
3444,6.513215932931807
3445,6.513215932931807
3446,6.513215932931807
3447,6.513215932931807
3448,6.513215932931807
3449,6.513215932931807
3450,6.513215932931807
3451,6.513215932931807
3452,6.513215932931807
3453,6.513215932931807
3454,6.513215932931807
3455,6.513215932931807
3456,6.513215932931807
3457,6.513215932931807
3458,6.513215932931807
3459,6.513215932931807
3460,6.513215932931807
3461,6.513215932931807
3462,6.513215932931807
3463,6.513215932931807
3464,6.513215932931807
3465,6.513215932931807
3466,6.513215932931807
3467,6.513215932931807
3468,6.513215932931807
3469,6.513215932931807
3470,6.513215932931807
3471,6.513215932931807
3472,6.513215932931807
3473,6.513215932931807
3474,6.513215932931807
3475,6.513215932931807
3476,6.513215932931807
3477,6.513215932931807
3478,6.513215932931807
3479,6.513215932931807
3480,6.513215932931807
3481,6.513215932931807
3482,6.513215932931807
3483,6.513215932931807
3484,6.513215932931807
3485,6.513215932931807
3486,6.513215932931807
3487,6.513215932931807
3488,6.513215932931807
3489,6.513215932931807
3490,6.513215932931807
3491,6.513215932931807
3492,6.513215932931807
3493,6.513215932931807
3494,6.513215932931807
3495,6.513215932931807
3496,6.513215932931807
3497,6.513215932931807
3498,6.513215932931807
3499,6.513215932931807
3500,6.513215932931807
3501,6.513215932931807
3502,6.513215932931807
3503,6.513215932931807
3504,6.513215932931807
3505,6.513215932931807
3506,6.513215932931807
3507,6.513215932931807
3508,6.513215932931807
3509,6.513215932931807
3510,6.513215932931807
3511,6.513215932931807
3512,6.513215932931807
3513,6.513215932931807
3514,6.513215932931807
3515,6.513215932931807
3516,6.513215932931807
3517,6.513215932931807
3518,6.513215932931807
3519,6.513215932931807
3520,6.513215932931807
3521,6.513215932931807
3522,6.513215932931807
3523,6.513215932931807
3524,6.513215932931807
3525,6.513215932931807
3526,6.513215932931807
3527,6.513215932931807
3528,6.513215932931807
3529,6.513215932931807
3530,6.513215932931807
3531,6.513215932931807
3532,6.513215932931807
3533,6.513215932931807
3534,6.513215932931807
3535,6.513215932931807
3536,6.513215932931807
3537,6.513215932931807
3538,6.513215932931807
3539,6.513215932931807
3540,6.513215932931807
3541,6.513215932931807
3542,6.513215932931807
3543,6.513215932931807
3544,6.513215932931807
3545,6.513215932931807
3546,6.513215932931807
3547,6.513215932931807
3548,6.513215932931807
3549,6.513215932931807
3550,6.513215932931807
3551,6.513215932931807
3552,6.513215932931807
3553,6.513215932931807
3554,6.513215932931807
3555,6.513215932931807
3556,6.513215932931807
3557,6.513215932931807
3558,6.513215932931807
3559,6.513215932931807
3560,6.513215932931807
3561,6.513215932931807
3562,6.513215932931807
3563,6.513215932931807
3564,6.513215932931807
3565,6.513215932931807
3566,6.513215932931807
3567,6.513215932931807
3568,6.513215932931807
3569,6.513215932931807
3570,6.513215932931807
3571,6.513215932931807
3572,6.513215932931807
3573,6.513215932931807
3574,6.513215932931807
3575,6.513215932931807
3576,6.513215932931807
3577,6.513215932931807
3578,6.513215932931807
3579,6.513215932931807
3580,6.513215932931807
3581,6.513215932931807
3582,6.513215932931807
3583,6.513215932931807
3584,6.513215932931807
3585,6.513215932931807
3586,6.513215932931807
3587,6.513215932931807
3588,6.513215932931807
3589,6.513215932931807
3590,6.513215932931807
3591,6.513215932931807
3592,6.513215932931807
3593,6.513215932931807
3594,6.513215932931807
3595,6.513215932931807
3596,6.513215932931807
3597,6.513215932931807
3598,6.513215932931807
3599,6.513215932931807
3600,6.513215932931807
3601,6.513215932931807
3602,6.513215932931807
3603,6.513215932931807
3604,6.513215932931807
3605,6.513215932931807
3606,6.513215932931807
3607,6.513215932931807
3608,6.513215932931807
3609,6.513215932931807
3610,6.513215932931807
3611,6.513215932931807
3612,6.513215932931807
3613,6.513215932931807
3614,6.513215932931807
3615,6.513215932931807
3616,6.513215932931807
3617,6.513215932931807
3618,6.513215932931807
3619,6.513215932931807
3620,6.513215932931807
3621,6.513215932931807
3622,6.513215932931807
3623,6.513215932931807
3624,6.513215932931807
3625,6.513215932931807
3626,6.513215932931807
3627,6.513215932931807
3628,6.513215932931807
3629,6.513215932931807
3630,6.513215932931807
3631,6.513215932931807
3632,6.513215932931807
3633,6.513215932931807
3634,6.513215932931807
3635,6.513215932931807
3636,6.513215932931807
3637,6.513215932931807
3638,6.513215932931807
3639,6.513215932931807
3640,6.513215932931807
3641,6.513215932931807
3642,6.513215932931807
3643,6.513215932931807
3644,6.513215932931807
3645,6.513215932931807
3646,6.513215932931807
3647,6.513215932931807
3648,6.513215932931807
3649,6.513215932931807
3650,6.513215932931807
3651,6.513215932931807
3652,6.513215932931807
3653,6.513215932931807
3654,6.513215932931807
3655,6.513215932931807
3656,6.513215932931807
3657,6.513215932931807
3658,6.513215932931807
3659,6.513215932931807
3660,6.513215932931807
3661,6.513215932931807
3662,6.513215932931807
3663,6.513215932931807
3664,6.513215932931807
3665,6.513215932931807
3666,6.513215932931807
3667,6.513215932931807
3668,6.513215932931807
3669,6.513215932931807
3670,6.513215932931807
3671,6.513215932931807
3672,6.513215932931807
3673,6.513215932931807
3674,6.513215932931807
3675,6.513215932931807
3676,6.513215932931807
3677,6.513215932931807
3678,6.513215932931807
3679,6.513215932931807
3680,6.513215932931807
3681,6.513215932931807
3682,6.513215932931807
3683,6.513215932931807
3684,6.513215932931807
3685,6.513215932931807
3686,6.513215932931807
3687,6.513215932931807
3688,6.513215932931807
3689,6.513215932931807
3690,6.513215932931807
3691,6.513215932931807
3692,6.513215932931807
3693,6.513215932931807
3694,6.513215932931807
3695,6.513215932931807
3696,6.513215932931807
3697,6.513215932931807
3698,6.513215932931807
3699,6.513215932931807
3700,6.513215932931807
3701,6.513215932931807
3702,6.513215932931807
3703,6.513215932931807
3704,6.513215932931807
3705,6.513215932931807
3706,6.513215932931807
3707,6.513215932931807
3708,6.513215932931807
3709,6.513215932931807
3710,6.513215932931807
3711,6.513215932931807
3712,6.513215932931807
3713,6.513215932931807
3714,6.513215932931807
3715,6.513215932931807
3716,6.513215932931807
3717,6.513215932931807
3718,6.513215932931807
3719,6.513215932931807
3720,6.513215932931807
3721,6.513215932931807
3722,6.513215932931807
3723,6.513215932931807
3724,6.513215932931807
3725,6.513215932931807
3726,6.513215932931807
3727,6.513215932931807
3728,6.513215932931807
3729,6.513215932931807
3730,6.513215932931807
3731,6.513215932931807
3732,6.513215932931807
3733,6.513215932931807
3734,6.513215932931807
3735,6.513215932931807
3736,6.513215932931807
3737,6.513215932931807
3738,6.513215932931807
3739,6.513215932931807
3740,6.513215932931807
3741,6.513215932931807
3742,6.513215932931807
3743,6.513215932931807
3744,6.513215932931807
3745,6.513215932931807
3746,6.513215932931807
3747,6.513215932931807
3748,6.513215932931807
3749,6.513215932931807
3750,6.513215932931807
3751,6.513215932931807
3752,6.513215932931807
3753,6.513215932931807
3754,6.513215932931807
3755,6.513215932931807
3756,6.513215932931807
3757,6.513215932931807
3758,6.513215932931807
3759,6.513215932931807
3760,6.513215932931807
3761,6.513215932931807
3762,6.513215932931807
3763,6.513215932931807
3764,6.513215932931807
3765,6.513215932931807
3766,6.513215932931807
3767,6.513215932931807
3768,6.513215932931807
3769,6.513215932931807
3770,6.513215932931807
3771,6.513215932931807
3772,6.513215932931807
3773,6.513215932931807
3774,6.513215932931807
3775,6.513215932931807
3776,6.513215932931807
3777,6.513215932931807
3778,6.513215932931807
3779,6.513215932931807
3780,6.513215932931807
3781,6.513215932931807
3782,6.513215932931807
3783,6.513215932931807
3784,6.513215932931807
3785,6.513215932931807
3786,6.513215932931807
3787,6.513215932931807
3788,6.513215932931807
3789,6.513215932931807
3790,6.513215932931807
3791,6.513215932931807
3792,6.513215932931807
3793,6.513215932931807
3794,6.513215932931807
3795,6.513215932931807
3796,6.513215932931807
3797,6.513215932931807
3798,6.513215932931807
3799,6.513215932931807
3800,6.513215932931807
3801,6.513215932931807
3802,6.513215932931807
3803,6.513215932931807
3804,6.513215932931807
3805,6.513215932931807
3806,6.513215932931807
3807,6.513215932931807
3808,6.513215932931807
3809,6.513215932931807
3810,6.513215932931807
3811,6.513215932931807
3812,6.513215932931807
3813,6.513215932931807
3814,6.513215932931807
3815,6.513215932931807
3816,6.513215932931807
3817,6.513215932931807
3818,6.513215932931807
3819,6.513215932931807
3820,6.513215932931807
3821,6.513215932931807
3822,6.513215932931807
3823,6.513215932931807
3824,6.513215932931807
3825,6.513215932931807
3826,6.513215932931807
3827,6.513215932931807
3828,6.513215932931807
3829,6.513215932931807
3830,6.513215932931807
3831,6.513215932931807
3832,6.513215932931807
3833,6.513215932931807
3834,6.513215932931807
3835,6.513215932931807
3836,6.513215932931807
3837,6.513215932931807
3838,6.513215932931807
3839,6.513215932931807
3840,6.513215932931807
3841,6.513215932931807
3842,6.513215932931807
3843,6.513215932931807
3844,6.513215932931807
3845,6.513215932931807
3846,6.513215932931807
3847,6.513215932931807
3848,6.513215932931807
3849,6.513215932931807
3850,6.513215932931807
3851,6.513215932931807
3852,6.513215932931807
3853,6.513215932931807
3854,6.513215932931807
3855,6.513215932931807
3856,6.513215932931807
3857,6.513215932931807
3858,6.513215932931807
3859,6.513215932931807
3860,6.513215932931807
3861,6.513215932931807
3862,6.513215932931807
3863,6.513215932931807
3864,6.513215932931807
3865,6.513215932931807
3866,6.513215932931807
3867,6.513215932931807
3868,6.513215932931807
3869,6.513215932931807
3870,6.513215932931807
3871,6.513215932931807
3872,6.513215932931807
3873,6.513215932931807
3874,6.513215932931807
3875,6.513215932931807
3876,6.513215932931807
3877,6.513215932931807
3878,6.513215932931807
3879,6.513215932931807
3880,6.513215932931807
3881,6.513215932931807
3882,6.513215932931807
3883,6.513215932931807
3884,6.513215932931807
3885,6.513215932931807
3886,6.513215932931807
3887,6.513215932931807
3888,6.513215932931807
3889,6.513215932931807
3890,6.513215932931807
3891,6.513215932931807
3892,6.513215932931807
3893,6.513215932931807
3894,6.513215932931807
3895,6.513215932931807
3896,6.513215932931807
3897,6.513215932931807
3898,6.513215932931807
3899,6.513215932931807
3900,6.513215932931807
3901,6.513215932931807
3902,6.513215932931807
3903,6.513215932931807
3904,6.513215932931807
3905,6.513215932931807
3906,6.513215932931807
3907,6.513215932931807
3908,6.513215932931807
3909,6.513215932931807
3910,6.513215932931807
3911,6.513215932931807
3912,6.513215932931807
3913,6.513215932931807
3914,6.513215932931807
3915,6.513215932931807
3916,6.513215932931807
3917,6.513215932931807
3918,6.513215932931807
3919,6.513215932931807
3920,6.513215932931807
3921,6.513215932931807
3922,6.513215932931807
3923,6.513215932931807
3924,6.513215932931807
3925,6.513215932931807
3926,6.513215932931807
3927,6.513215932931807
3928,6.513215932931807
3929,6.513215932931807
3930,6.513215932931807
3931,6.513215932931807
3932,6.513215932931807
3933,6.513215932931807
3934,6.513215932931807
3935,6.513215932931807
3936,6.513215932931807
3937,6.513215932931807
3938,6.513215932931807
3939,6.513215932931807
3940,6.513215932931807
3941,6.513215932931807
3942,6.513215932931807
3943,6.513215932931807
3944,6.513215932931807
3945,6.513215932931807
3946,6.513215932931807
3947,6.513215932931807
3948,6.513215932931807
3949,6.513215932931807
3950,6.513215932931807
3951,6.513215932931807
3952,6.513215932931807
3953,6.513215932931807
3954,6.513215932931807
3955,6.513215932931807
3956,6.513215932931807
3957,6.513215932931807
3958,6.513215932931807
3959,6.513215932931807
3960,6.513215932931807
3961,6.513215932931807
3962,6.513215932931807
3963,6.513215932931807
3964,6.513215932931807
3965,6.513215932931807
3966,6.513215932931807
3967,6.513215932931807
3968,6.513215932931807
3969,6.513215932931807
3970,6.513215932931807
3971,6.513215932931807
3972,6.513215932931807
3973,6.513215932931807
3974,6.513215932931807
3975,6.513215932931807
3976,6.513215932931807
3977,6.513215932931807
3978,6.513215932931807
3979,6.513215932931807
3980,6.513215932931807
3981,6.513215932931807
3982,6.513215932931807
3983,6.513215932931807
3984,6.513215932931807
3985,6.513215932931807
3986,6.513215932931807
3987,6.513215932931807
3988,6.513215932931807
3989,6.513215932931807
3990,6.513215932931807
3991,6.513215932931807
3992,6.513215932931807
3993,6.513215932931807
3994,6.513215932931807
3995,6.513215932931807
3996,6.513215932931807
3997,6.513215932931807
3998,6.513215932931807
3999,6.513215932931807
4000,6.513215932931807
4001,6.513215932931807
4002,6.513215932931807
4003,6.513215932931807
4004,6.513215932931807
4005,6.513215932931807
4006,6.513215932931807
4007,6.513215932931807
4008,6.513215932931807
4009,6.513215932931807
4010,6.513215932931807
4011,6.513215932931807
4012,6.513215932931807
4013,6.513215932931807
4014,6.513215932931807
4015,6.513215932931807
4016,6.513215932931807
4017,6.513215932931807
4018,6.513215932931807
4019,6.513215932931807
4020,6.513215932931807
4021,6.513215932931807
4022,6.513215932931807
4023,6.513215932931807
4024,6.513215932931807
4025,6.513215932931807
4026,6.513215932931807
4027,6.513215932931807
4028,6.513215932931807
4029,6.513215932931807
4030,6.513215932931807
4031,6.513215932931807
4032,6.513215932931807
4033,6.513215932931807
4034,6.513215932931807
4035,6.513215932931807
4036,6.513215932931807
4037,6.513215932931807
4038,6.513215932931807
4039,6.513215932931807
4040,6.513215932931807
4041,6.513215932931807
4042,6.513215932931807
4043,6.513215932931807
4044,6.513215932931807
4045,6.513215932931807
4046,6.513215932931807
4047,6.513215932931807
4048,6.513215932931807
4049,6.513215932931807
4050,6.513215932931807
4051,6.513215932931807
4052,6.513215932931807
4053,6.513215932931807
4054,6.513215932931807
4055,6.513215932931807
4056,6.513215932931807
4057,6.513215932931807
4058,6.513215932931807
4059,6.513215932931807
4060,6.513215932931807
4061,6.513215932931807
4062,6.513215932931807
4063,6.513215932931807
4064,6.513215932931807
4065,6.513215932931807
4066,6.513215932931807
4067,6.513215932931807
4068,6.513215932931807
4069,6.513215932931807
4070,6.513215932931807
4071,6.513215932931807
4072,6.513215932931807
4073,6.513215932931807
4074,6.513215932931807
4075,6.513215932931807
4076,6.513215932931807
4077,6.513215932931807
4078,6.513215932931807
4079,6.513215932931807
4080,6.513215932931807
4081,6.513215932931807
4082,6.513215932931807
4083,6.513215932931807
4084,6.513215932931807
4085,6.513215932931807
4086,6.513215932931807
4087,6.513215932931807
4088,6.513215932931807
4089,6.513215932931807
4090,6.513215932931807
4091,6.513215932931807
4092,6.513215932931807
4093,6.513215932931807
4094,6.513215932931807
4095,6.513215932931807
4096,6.513215932931807
4097,6.513215932931807
4098,6.513215932931807
4099,6.513215932931807
4100,6.513215932931807
4101,6.513215932931807
4102,6.513215932931807
4103,6.513215932931807
4104,6.513215932931807
4105,6.513215932931807
4106,6.513215932931807
4107,6.513215932931807
4108,6.513215932931807
4109,6.513215932931807
4110,6.513215932931807
4111,6.513215932931807
4112,6.513215932931807
4113,6.513215932931807
4114,6.513215932931807
4115,6.513215932931807
4116,6.513215932931807
4117,6.513215932931807
4118,6.513215932931807
4119,6.513215932931807
4120,6.513215932931807
4121,6.513215932931807
4122,6.513215932931807
4123,6.513215932931807
4124,6.513215932931807
4125,6.513215932931807
4126,6.513215932931807
4127,6.513215932931807
4128,6.513215932931807
4129,6.513215932931807
4130,6.513215932931807
4131,6.513215932931807
4132,6.513215932931807
4133,6.513215932931807
4134,6.513215932931807
4135,6.513215932931807
4136,6.513215932931807
4137,6.513215932931807
4138,6.513215932931807
4139,6.513215932931807
4140,6.513215932931807
4141,6.513215932931807
4142,6.513215932931807
4143,6.513215932931807
4144,6.513215932931807
4145,6.513215932931807
4146,6.513215932931807
4147,6.513215932931807
4148,6.513215932931807
4149,6.513215932931807
4150,6.513215932931807
4151,6.513215932931807
4152,6.513215932931807
4153,6.513215932931807
4154,6.513215932931807
4155,6.513215932931807
4156,6.513215932931807
4157,6.513215932931807
4158,6.513215932931807
4159,6.513215932931807
4160,6.513215932931807
4161,6.513215932931807
4162,6.513215932931807
4163,6.513215932931807
4164,6.513215932931807
4165,6.513215932931807
4166,6.513215932931807
4167,6.513215932931807
4168,6.513215932931807
4169,6.513215932931807
4170,6.513215932931807
4171,6.513215932931807
4172,6.513215932931807
4173,6.513215932931807
4174,6.513215932931807
4175,6.513215932931807
4176,6.513215932931807
4177,6.513215932931807
4178,6.513215932931807
4179,6.513215932931807
4180,6.513215932931807
4181,6.513215932931807
4182,6.513215932931807
4183,6.513215932931807
4184,6.513215932931807
4185,6.513215932931807
4186,6.513215932931807
4187,6.513215932931807
4188,6.513215932931807
4189,6.513215932931807
4190,6.513215932931807
4191,6.513215932931807
4192,6.513215932931807
4193,6.513215932931807
4194,6.513215932931807
4195,6.513215932931807
4196,6.513215932931807
4197,6.513215932931807
4198,6.513215932931807
4199,6.513215932931807
4200,6.513215932931807
4201,6.513215932931807
4202,6.513215932931807
4203,6.513215932931807
4204,6.513215932931807
4205,6.513215932931807
4206,6.513215932931807
4207,6.513215932931807
4208,6.513215932931807
4209,6.513215932931807
4210,6.513215932931807
4211,6.513215932931807
4212,6.513215932931807
4213,6.513215932931807
4214,6.513215932931807
4215,6.513215932931807
4216,6.513215932931807
4217,6.513215932931807
4218,6.513215932931807
4219,6.513215932931807
4220,6.513215932931807
4221,6.513215932931807
4222,6.513215932931807
4223,6.513215932931807
4224,6.513215932931807
4225,6.513215932931807
4226,6.513215932931807
4227,6.513215932931807
4228,6.513215932931807
4229,6.513215932931807
4230,6.513215932931807
4231,6.513215932931807
4232,6.513215932931807
4233,6.513215932931807
4234,6.513215932931807
4235,6.513215932931807
4236,6.513215932931807
4237,6.513215932931807
4238,6.513215932931807
4239,6.513215932931807
4240,6.513215932931807
4241,6.513215932931807
4242,6.513215932931807
4243,6.513215932931807
4244,6.513215932931807
4245,6.513215932931807
4246,6.513215932931807
4247,6.513215932931807
4248,6.513215932931807
4249,6.513215932931807
4250,6.513215932931807
4251,6.513215932931807
4252,6.513215932931807
4253,6.513215932931807
4254,6.513215932931807
4255,6.513215932931807
4256,6.513215932931807
4257,6.513215932931807
4258,6.513215932931807
4259,6.513215932931807
4260,6.513215932931807
4261,6.513215932931807
4262,6.513215932931807
4263,6.513215932931807
4264,6.513215932931807
4265,6.513215932931807
4266,6.513215932931807
4267,6.513215932931807
4268,6.513215932931807
4269,6.513215932931807
4270,6.513215932931807
4271,6.513215932931807
4272,6.513215932931807
4273,6.513215932931807
4274,6.513215932931807
4275,6.513215932931807
4276,6.513215932931807
4277,6.513215932931807
4278,6.513215932931807
4279,6.513215932931807
4280,6.513215932931807
4281,6.513215932931807
4282,6.513215932931807
4283,6.513215932931807
4284,6.513215932931807
4285,6.513215932931807
4286,6.513215932931807
4287,6.513215932931807
4288,6.513215932931807
4289,6.513215932931807
4290,6.513215932931807
4291,6.513215932931807
4292,6.513215932931807
4293,6.513215932931807
4294,6.513215932931807
4295,6.513215932931807
4296,6.513215932931807
4297,6.513215932931807
4298,6.513215932931807
4299,6.513215932931807
4300,6.513215932931807
4301,6.513215932931807
4302,6.513215932931807
4303,6.513215932931807
4304,6.513215932931807
4305,6.513215932931807
4306,6.513215932931807
4307,6.513215932931807
4308,6.513215932931807
4309,6.513215932931807
4310,6.513215932931807
4311,6.513215932931807
4312,6.513215932931807
4313,6.513215932931807
4314,6.513215932931807
4315,6.513215932931807
4316,6.513215932931807
4317,6.513215932931807
4318,6.513215932931807
4319,6.513215932931807
4320,6.513215932931807
4321,6.513215932931807
4322,6.513215932931807
4323,6.513215932931807
4324,6.513215932931807
4325,6.513215932931807
4326,6.513215932931807
4327,6.513215932931807
4328,6.513215932931807
4329,6.513215932931807
4330,6.513215932931807
4331,6.513215932931807
4332,6.513215932931807
4333,6.513215932931807
4334,6.513215932931807
4335,6.513215932931807
4336,6.513215932931807
4337,6.513215932931807
4338,6.513215932931807
4339,6.513215932931807
4340,6.513215932931807
4341,6.513215932931807
4342,6.513215932931807
4343,6.513215932931807
4344,6.513215932931807
4345,6.513215932931807
4346,6.513215932931807
4347,6.513215932931807
4348,6.513215932931807
4349,6.513215932931807
4350,6.513215932931807
4351,6.513215932931807
4352,6.513215932931807
4353,6.513215932931807
4354,6.513215932931807
4355,6.513215932931807
4356,6.513215932931807
4357,6.513215932931807
4358,6.513215932931807
4359,6.513215932931807
4360,6.513215932931807
4361,6.513215932931807
4362,6.513215932931807
4363,6.513215932931807
4364,6.513215932931807
4365,6.513215932931807
4366,6.513215932931807
4367,6.513215932931807
4368,6.513215932931807
4369,6.513215932931807
4370,6.513215932931807
4371,6.513215932931807
4372,6.513215932931807
4373,6.513215932931807
4374,6.513215932931807
4375,6.513215932931807
4376,6.513215932931807
4377,6.513215932931807
4378,6.513215932931807
4379,6.513215932931807
4380,6.513215932931807
4381,6.513215932931807
4382,6.513215932931807
4383,6.513215932931807
4384,6.513215932931807
4385,6.513215932931807
4386,6.513215932931807
4387,6.513215932931807
4388,6.513215932931807
4389,6.513215932931807
4390,6.513215932931807
4391,6.513215932931807
4392,6.513215932931807
4393,6.513215932931807
4394,6.513215932931807
4395,6.513215932931807
4396,6.513215932931807
4397,6.513215932931807
4398,6.513215932931807
4399,6.513215932931807
4400,6.513215932931807
4401,6.513215932931807
4402,6.513215932931807
4403,6.513215932931807
4404,6.513215932931807
4405,6.513215932931807
4406,6.513215932931807
4407,6.513215932931807
4408,6.513215932931807
4409,6.513215932931807
4410,6.513215932931807
4411,6.513215932931807
4412,6.513215932931807
4413,6.513215932931807
4414,6.513215932931807
4415,6.513215932931807
4416,6.513215932931807
4417,6.513215932931807
4418,6.513215932931807
4419,6.513215932931807
4420,6.513215932931807
4421,6.513215932931807
4422,6.513215932931807
4423,6.513215932931807
4424,6.513215932931807
4425,6.513215932931807
4426,6.513215932931807
4427,6.513215932931807
4428,6.513215932931807
4429,6.513215932931807
4430,6.513215932931807
4431,6.513215932931807
4432,6.513215932931807
4433,6.513215932931807
4434,6.513215932931807
4435,6.513215932931807
4436,6.513215932931807
4437,6.513215932931807
4438,6.513215932931807
4439,6.513215932931807
4440,6.513215932931807
4441,6.513215932931807
4442,6.513215932931807
4443,6.513215932931807
4444,6.513215932931807
4445,6.513215932931807
4446,6.513215932931807
4447,6.513215932931807
4448,6.513215932931807
4449,6.513215932931807
4450,6.513215932931807
4451,6.513215932931807
4452,6.513215932931807
4453,6.513215932931807
4454,6.513215932931807
4455,6.513215932931807
4456,6.513215932931807
4457,6.513215932931807
4458,6.513215932931807
4459,6.513215932931807
4460,6.513215932931807
4461,6.513215932931807
4462,6.513215932931807
4463,6.513215932931807
4464,6.513215932931807
4465,6.513215932931807
4466,6.513215932931807
4467,6.513215932931807
4468,6.513215932931807
4469,6.513215932931807
4470,6.513215932931807
4471,6.513215932931807
4472,6.513215932931807
4473,6.513215932931807
4474,6.513215932931807
4475,6.513215932931807
4476,6.513215932931807
4477,6.513215932931807
4478,6.513215932931807
4479,6.513215932931807
4480,6.513215932931807
4481,6.513215932931807
4482,6.513215932931807
4483,6.513215932931807
4484,6.513215932931807
4485,6.513215932931807
4486,6.513215932931807
4487,6.513215932931807
4488,6.513215932931807
4489,6.513215932931807
4490,6.513215932931807
4491,6.513215932931807
4492,6.513215932931807
4493,6.513215932931807
4494,6.513215932931807
4495,6.513215932931807
4496,6.513215932931807
4497,6.513215932931807
4498,6.513215932931807
4499,6.513215932931807
4500,6.513215932931807
4501,6.513215932931807
4502,6.513215932931807
4503,6.513215932931807
4504,6.513215932931807
4505,6.513215932931807
4506,6.513215932931807
4507,6.513215932931807
4508,6.513215932931807
4509,6.513215932931807
4510,6.513215932931807
4511,6.513215932931807
4512,6.513215932931807
4513,6.513215932931807
4514,6.513215932931807
4515,6.513215932931807
4516,6.513215932931807
4517,6.513215932931807
4518,6.513215932931807
4519,6.513215932931807
4520,6.513215932931807
4521,6.513215932931807
4522,6.513215932931807
4523,6.513215932931807
4524,6.513215932931807
4525,6.513215932931807
4526,6.513215932931807
4527,6.513215932931807
4528,6.513215932931807
4529,6.513215932931807
4530,6.513215932931807
4531,6.513215932931807
4532,6.513215932931807
4533,6.513215932931807
4534,6.513215932931807
4535,6.513215932931807
4536,6.513215932931807
4537,6.513215932931807
4538,6.513215932931807
4539,6.513215932931807
4540,6.513215932931807
4541,6.513215932931807
4542,6.513215932931807
4543,6.513215932931807
4544,6.513215932931807
4545,6.513215932931807
4546,6.513215932931807
4547,6.513215932931807
4548,6.513215932931807
4549,6.513215932931807
4550,6.513215932931807
4551,6.513215932931807
4552,6.513215932931807
4553,6.513215932931807
4554,6.513215932931807
4555,6.513215932931807
4556,6.513215932931807
4557,6.513215932931807
4558,6.513215932931807
4559,6.513215932931807
4560,6.513215932931807
4561,6.513215932931807
4562,6.513215932931807
4563,6.513215932931807
4564,6.513215932931807
4565,6.513215932931807
4566,6.513215932931807
4567,6.513215932931807
4568,6.513215932931807
4569,6.513215932931807
4570,6.513215932931807
4571,6.513215932931807
4572,6.513215932931807
4573,6.513215932931807
4574,6.513215932931807
4575,6.513215932931807
4576,6.513215932931807
4577,6.513215932931807
4578,6.513215932931807
4579,6.513215932931807
4580,6.513215932931807
4581,6.513215932931807
4582,6.513215932931807
4583,6.513215932931807
4584,6.513215932931807
4585,6.513215932931807
4586,6.513215932931807
4587,6.513215932931807
4588,6.513215932931807
4589,6.513215932931807
4590,6.513215932931807
4591,6.513215932931807
4592,6.513215932931807
4593,6.513215932931807
4594,6.513215932931807
4595,6.513215932931807
4596,6.513215932931807
4597,6.513215932931807
4598,6.513215932931807
4599,6.513215932931807
4600,6.513215932931807
4601,6.513215932931807
4602,6.513215932931807
4603,6.513215932931807
4604,6.513215932931807
4605,6.513215932931807
4606,6.513215932931807
4607,6.513215932931807
4608,6.513215932931807
4609,6.513215932931807
4610,6.513215932931807
4611,6.513215932931807
4612,6.513215932931807
4613,6.513215932931807
4614,6.513215932931807
4615,6.513215932931807
4616,6.513215932931807
4617,6.513215932931807
4618,6.513215932931807
4619,6.513215932931807
4620,6.513215932931807
4621,6.513215932931807
4622,6.513215932931807
4623,6.513215932931807
4624,6.513215932931807
4625,6.513215932931807
4626,6.513215932931807
4627,6.513215932931807
4628,6.513215932931807
4629,6.513215932931807
4630,6.513215932931807
4631,6.513215932931807
4632,6.513215932931807
4633,6.513215932931807
4634,6.513215932931807
4635,6.513215932931807
4636,6.513215932931807
4637,6.513215932931807
4638,6.513215932931807
4639,6.513215932931807
4640,6.513215932931807
4641,6.513215932931807
4642,6.513215932931807
4643,6.513215932931807
4644,6.513215932931807
4645,6.513215932931807
4646,6.513215932931807
4647,6.513215932931807
4648,6.513215932931807
4649,6.513215932931807
4650,6.513215932931807
4651,6.513215932931807
4652,6.513215932931807
4653,6.513215932931807
4654,6.513215932931807
4655,6.513215932931807
4656,6.513215932931807
4657,6.513215932931807
4658,6.513215932931807
4659,6.513215932931807
4660,6.513215932931807
4661,6.513215932931807
4662,6.513215932931807
4663,6.513215932931807
4664,6.513215932931807
4665,6.513215932931807
4666,6.513215932931807
4667,6.513215932931807
4668,6.513215932931807
4669,6.513215932931807
4670,6.513215932931807
4671,6.513215932931807
4672,6.513215932931807
4673,6.513215932931807
4674,6.513215932931807
4675,6.513215932931807
4676,6.513215932931807
4677,6.513215932931807
4678,6.513215932931807
4679,6.513215932931807
4680,6.513215932931807
4681,6.513215932931807
4682,6.513215932931807
4683,6.513215932931807
4684,6.513215932931807
4685,6.513215932931807
4686,6.513215932931807
4687,6.513215932931807
4688,6.513215932931807
4689,6.513215932931807
4690,6.513215932931807
4691,6.513215932931807
4692,6.513215932931807
4693,6.513215932931807
4694,6.513215932931807
4695,6.513215932931807
4696,6.513215932931807
4697,6.513215932931807
4698,6.513215932931807
4699,6.513215932931807
4700,6.513215932931807
4701,6.513215932931807
4702,6.513215932931807
4703,6.513215932931807
4704,6.513215932931807
4705,6.513215932931807
4706,6.513215932931807
4707,6.513215932931807
4708,6.513215932931807
4709,6.513215932931807
4710,6.513215932931807
4711,6.513215932931807
4712,6.513215932931807
4713,6.513215932931807
4714,6.513215932931807
4715,6.513215932931807
4716,6.513215932931807
4717,6.513215932931807
4718,6.513215932931807
4719,6.513215932931807
4720,6.513215932931807
4721,6.513215932931807
4722,6.513215932931807
4723,6.513215932931807
4724,6.513215932931807
4725,6.513215932931807
4726,6.513215932931807
4727,6.513215932931807
4728,6.513215932931807
4729,6.513215932931807
4730,6.513215932931807
4731,6.513215932931807
4732,6.513215932931807
4733,6.513215932931807
4734,6.513215932931807
4735,6.513215932931807
4736,6.513215932931807
4737,6.513215932931807
4738,6.513215932931807
4739,6.513215932931807
4740,6.513215932931807
4741,6.513215932931807
4742,6.513215932931807
4743,6.513215932931807
4744,6.513215932931807
4745,6.513215932931807
4746,6.513215932931807
4747,6.513215932931807
4748,6.513215932931807
4749,6.513215932931807
4750,6.513215932931807
4751,6.513215932931807
4752,6.513215932931807
4753,6.513215932931807
4754,6.513215932931807
4755,6.513215932931807
4756,6.513215932931807
4757,6.513215932931807
4758,6.513215932931807
4759,6.513215932931807
4760,6.513215932931807
4761,6.513215932931807
4762,6.513215932931807
4763,6.513215932931807
4764,6.513215932931807
4765,6.513215932931807
4766,6.513215932931807
4767,6.513215932931807
4768,6.513215932931807
4769,6.513215932931807
4770,6.513215932931807
4771,6.513215932931807
4772,6.513215932931807
4773,6.513215932931807
4774,6.513215932931807
4775,6.513215932931807
4776,6.513215932931807
4777,6.513215932931807
4778,6.513215932931807
4779,6.513215932931807
4780,6.513215932931807
4781,6.513215932931807
4782,6.513215932931807
4783,6.513215932931807
4784,6.513215932931807
4785,6.513215932931807
4786,6.513215932931807
4787,6.513215932931807
4788,6.513215932931807
4789,6.513215932931807
4790,6.513215932931807
4791,6.513215932931807
4792,6.513215932931807
4793,6.513215932931807
4794,6.513215932931807
4795,6.513215932931807
4796,6.513215932931807
4797,6.513215932931807
4798,6.513215932931807
4799,6.513215932931807
4800,6.513215932931807
4801,6.513215932931807
4802,6.513215932931807
4803,6.513215932931807
4804,6.513215932931807
4805,6.513215932931807
4806,6.513215932931807
4807,6.513215932931807
4808,6.513215932931807
4809,6.513215932931807
4810,6.513215932931807
4811,6.513215932931807
4812,6.513215932931807
4813,6.513215932931807
4814,6.513215932931807
4815,6.513215932931807
4816,6.513215932931807
4817,6.513215932931807
4818,6.513215932931807
4819,6.513215932931807
4820,6.513215932931807
4821,6.513215932931807
4822,6.513215932931807
4823,6.513215932931807
4824,6.513215932931807
4825,6.513215932931807
4826,6.513215932931807
4827,6.513215932931807
4828,6.513215932931807
4829,6.513215932931807
4830,6.513215932931807
4831,6.513215932931807
4832,6.513215932931807
4833,6.513215932931807
4834,6.513215932931807
4835,6.513215932931807
4836,6.513215932931807
4837,6.513215932931807
4838,6.513215932931807
4839,6.513215932931807
4840,6.513215932931807
4841,6.513215932931807
4842,6.513215932931807
4843,6.513215932931807
4844,6.513215932931807
4845,6.513215932931807
4846,6.513215932931807
4847,6.513215932931807
4848,6.513215932931807
4849,6.513215932931807
4850,6.513215932931807
4851,6.513215932931807
4852,6.513215932931807
4853,6.513215932931807
4854,6.513215932931807
4855,6.513215932931807
4856,6.513215932931807
4857,6.513215932931807
4858,6.513215932931807
4859,6.513215932931807
4860,6.513215932931807
4861,6.513215932931807
4862,6.513215932931807
4863,6.513215932931807
4864,6.513215932931807
4865,6.513215932931807
4866,6.513215932931807
4867,6.513215932931807
4868,6.513215932931807
4869,6.513215932931807
4870,6.513215932931807
4871,6.513215932931807
4872,6.513215932931807
4873,6.513215932931807
4874,6.513215932931807
4875,6.513215932931807
4876,6.513215932931807
4877,6.513215932931807
4878,6.513215932931807
4879,6.513215932931807
4880,6.513215932931807
4881,6.513215932931807
4882,6.513215932931807
4883,6.513215932931807
4884,6.513215932931807
4885,6.513215932931807
4886,6.513215932931807
4887,6.513215932931807
4888,6.513215932931807
4889,6.513215932931807
4890,6.513215932931807
4891,6.513215932931807
4892,6.513215932931807
4893,6.513215932931807
4894,6.513215932931807
4895,6.513215932931807
4896,6.513215932931807
4897,6.513215932931807
4898,6.513215932931807
4899,6.513215932931807
4900,6.513215932931807
4901,6.513215932931807
4902,6.513215932931807
4903,6.513215932931807
4904,6.513215932931807
4905,6.513215932931807
4906,6.513215932931807
4907,6.513215932931807
4908,6.513215932931807
4909,6.513215932931807
4910,6.513215932931807
4911,6.513215932931807
4912,6.513215932931807
4913,6.513215932931807
4914,6.513215932931807
4915,6.513215932931807
4916,6.513215932931807
4917,6.513215932931807
4918,6.513215932931807
4919,6.513215932931807
4920,6.513215932931807
4921,6.513215932931807
4922,6.513215932931807
4923,6.513215932931807
4924,6.513215932931807
4925,6.513215932931807
4926,6.513215932931807
4927,6.513215932931807
4928,6.513215932931807
4929,6.513215932931807
4930,6.513215932931807
4931,6.513215932931807
4932,6.513215932931807
4933,6.513215932931807
4934,6.513215932931807
4935,6.513215932931807
4936,6.513215932931807
4937,6.513215932931807
4938,6.513215932931807
4939,6.513215932931807
4940,6.513215932931807
4941,6.513215932931807
4942,6.513215932931807
4943,6.513215932931807
4944,6.513215932931807
4945,6.513215932931807
4946,6.513215932931807
4947,6.513215932931807
4948,6.513215932931807
4949,6.513215932931807
4950,6.513215932931807
4951,6.513215932931807
4952,6.513215932931807
4953,6.513215932931807
4954,6.513215932931807
4955,6.513215932931807
4956,6.513215932931807
4957,6.513215932931807
4958,6.513215932931807
4959,6.513215932931807
4960,6.513215932931807
4961,6.513215932931807
4962,6.513215932931807
4963,6.513215932931807
4964,6.513215932931807
4965,6.513215932931807
4966,6.513215932931807
4967,6.513215932931807
4968,6.513215932931807
4969,6.513215932931807
4970,6.513215932931807
4971,6.513215932931807
4972,6.513215932931807
4973,6.513215932931807
4974,6.513215932931807
4975,6.513215932931807
4976,6.513215932931807
4977,6.513215932931807
4978,6.513215932931807
4979,6.513215932931807
4980,6.513215932931807
4981,6.513215932931807
4982,6.513215932931807
4983,6.513215932931807
4984,6.513215932931807
4985,6.513215932931807
4986,6.513215932931807
4987,6.513215932931807
4988,6.513215932931807
4989,6.513215932931807
4990,6.513215932931807
4991,6.513215932931807
4992,6.513215932931807
4993,6.513215932931807
4994,6.513215932931807
4995,6.513215932931807
4996,6.513215932931807
4997,6.513215932931807
4998,6.513215932931807
4999,6.513215932931807
5000,6.513215932931807
5001,6.513215932931807
5002,6.513215932931807
5003,6.513215932931807
5004,6.513215932931807
5005,6.513215932931807
5006,6.513215932931807
5007,6.513215932931807
5008,6.513215932931807
5009,6.513215932931807
5010,6.513215932931807
5011,6.513215932931807
5012,6.513215932931807
5013,6.513215932931807
5014,6.513215932931807
5015,6.513215932931807
5016,6.513215932931807
5017,6.513215932931807
5018,6.513215932931807
5019,6.513215932931807
5020,6.513215932931807
5021,6.513215932931807
5022,6.513215932931807
5023,6.513215932931807
5024,6.513215932931807
5025,6.513215932931807
5026,6.513215932931807
5027,6.513215932931807
5028,6.513215932931807
5029,6.513215932931807
5030,6.513215932931807
5031,6.513215932931807
5032,6.513215932931807
5033,6.513215932931807
5034,6.513215932931807
5035,6.513215932931807
5036,6.513215932931807
5037,6.513215932931807
5038,6.513215932931807
5039,6.513215932931807
5040,6.513215932931807
5041,6.513215932931807
5042,6.513215932931807
5043,6.513215932931807
5044,6.513215932931807
5045,6.513215932931807
5046,6.513215932931807
5047,6.513215932931807
5048,6.513215932931807
5049,6.513215932931807
5050,6.513215932931807
5051,6.513215932931807
5052,6.513215932931807
5053,6.513215932931807
5054,6.513215932931807
5055,6.513215932931807
5056,6.513215932931807
5057,6.513215932931807
5058,6.513215932931807
5059,6.513215932931807
5060,6.513215932931807
5061,6.513215932931807
5062,6.513215932931807
5063,6.513215932931807
5064,6.513215932931807
5065,6.513215932931807
5066,6.513215932931807
5067,6.513215932931807
5068,6.513215932931807
5069,6.513215932931807
5070,6.513215932931807
5071,6.513215932931807
5072,6.513215932931807
5073,6.513215932931807
5074,6.513215932931807
5075,6.513215932931807
5076,6.513215932931807
5077,6.513215932931807
5078,6.513215932931807
5079,6.513215932931807
5080,6.513215932931807
5081,6.513215932931807
5082,6.513215932931807
5083,6.513215932931807
5084,6.513215932931807
5085,6.513215932931807
5086,6.513215932931807
5087,6.513215932931807
5088,6.513215932931807
5089,6.513215932931807
5090,6.513215932931807
5091,6.513215932931807
5092,6.513215932931807
5093,6.513215932931807
5094,6.513215932931807
5095,6.513215932931807
5096,6.513215932931807
5097,6.513215932931807
5098,6.513215932931807
5099,6.513215932931807
5100,6.513215932931807
5101,6.513215932931807
5102,6.513215932931807
5103,6.513215932931807
5104,6.513215932931807
5105,6.513215932931807
5106,6.513215932931807
5107,6.513215932931807
5108,6.513215932931807
5109,6.513215932931807
5110,6.513215932931807
5111,6.513215932931807
5112,6.513215932931807
5113,6.513215932931807
5114,6.513215932931807
5115,6.513215932931807
5116,6.513215932931807
5117,6.513215932931807
5118,6.513215932931807
5119,6.513215932931807
5120,6.513215932931807
5121,6.513215932931807
5122,6.513215932931807
5123,6.513215932931807
5124,6.513215932931807
5125,6.513215932931807
5126,6.513215932931807
5127,6.513215932931807
5128,6.513215932931807
5129,6.513215932931807
5130,6.513215932931807
5131,6.513215932931807
5132,6.513215932931807
5133,6.513215932931807
5134,6.513215932931807
5135,6.513215932931807
5136,6.513215932931807
5137,6.513215932931807
5138,6.513215932931807
5139,6.513215932931807
5140,6.513215932931807
5141,6.513215932931807
5142,6.513215932931807
5143,6.513215932931807
5144,6.513215932931807
5145,6.513215932931807
5146,6.513215932931807
5147,6.513215932931807
5148,6.513215932931807
5149,6.513215932931807
5150,6.513215932931807
5151,6.513215932931807
5152,6.513215932931807
5153,6.513215932931807
5154,6.513215932931807
5155,6.513215932931807
5156,6.513215932931807
5157,6.513215932931807
5158,6.513215932931807
5159,6.513215932931807
5160,6.513215932931807
5161,6.513215932931807
5162,6.513215932931807
5163,6.513215932931807
5164,6.513215932931807
5165,6.513215932931807
5166,6.513215932931807
5167,6.513215932931807
5168,6.513215932931807
5169,6.513215932931807
5170,6.513215932931807
5171,6.513215932931807
5172,6.513215932931807
5173,6.513215932931807
5174,6.513215932931807
5175,6.513215932931807
5176,6.513215932931807
5177,6.513215932931807
5178,6.513215932931807
5179,6.513215932931807
5180,6.513215932931807
5181,6.513215932931807
5182,6.513215932931807
5183,6.513215932931807
5184,6.513215932931807
5185,6.513215932931807
5186,6.513215932931807
5187,6.513215932931807
5188,6.513215932931807
5189,6.513215932931807
5190,6.513215932931807
5191,6.513215932931807
5192,6.513215932931807
5193,6.513215932931807
5194,6.513215932931807
5195,6.513215932931807
5196,6.513215932931807
5197,6.513215932931807
5198,6.513215932931807
5199,6.513215932931807
5200,6.513215932931807
5201,6.513215932931807
5202,6.513215932931807
5203,6.513215932931807
5204,6.513215932931807
5205,6.513215932931807
5206,6.513215932931807
5207,6.513215932931807
5208,6.513215932931807
5209,6.513215932931807
5210,6.513215932931807
5211,6.513215932931807
5212,6.513215932931807
5213,6.513215932931807
5214,6.513215932931807
5215,6.513215932931807
5216,6.513215932931807
5217,6.513215932931807
5218,6.513215932931807
5219,6.513215932931807
5220,6.513215932931807
5221,6.513215932931807
5222,6.513215932931807
5223,6.513215932931807
5224,6.513215932931807
5225,6.513215932931807
5226,6.513215932931807
5227,6.513215932931807
5228,6.513215932931807
5229,6.513215932931807
5230,6.513215932931807
5231,6.513215932931807
5232,6.513215932931807
5233,6.513215932931807
5234,6.513215932931807
5235,6.513215932931807
5236,6.513215932931807
5237,6.513215932931807
5238,6.513215932931807
5239,6.513215932931807
5240,6.513215932931807
5241,6.513215932931807
5242,6.513215932931807
5243,6.513215932931807
5244,6.513215932931807
5245,6.513215932931807
5246,6.513215932931807
5247,6.513215932931807
5248,6.513215932931807
5249,6.513215932931807
5250,6.513215932931807
5251,6.513215932931807
5252,6.513215932931807
5253,6.513215932931807
5254,6.513215932931807
5255,6.513215932931807
5256,6.513215932931807
5257,6.513215932931807
5258,6.513215932931807
5259,6.513215932931807
5260,6.513215932931807
5261,6.513215932931807
5262,6.513215932931807
5263,6.513215932931807
5264,6.513215932931807
5265,6.513215932931807
5266,6.513215932931807
5267,6.513215932931807
5268,6.513215932931807
5269,6.513215932931807
5270,6.513215932931807
5271,6.513215932931807
5272,6.513215932931807
5273,6.513215932931807
5274,6.513215932931807
5275,6.513215932931807
5276,6.513215932931807
5277,6.513215932931807
5278,6.513215932931807
5279,6.513215932931807
5280,6.513215932931807
5281,6.513215932931807
5282,6.513215932931807
5283,6.513215932931807
5284,6.513215932931807
5285,6.513215932931807
5286,6.513215932931807
5287,6.513215932931807
5288,6.513215932931807
5289,6.513215932931807
5290,6.513215932931807
5291,6.513215932931807
5292,6.513215932931807
5293,6.513215932931807
5294,6.513215932931807
5295,6.513215932931807
5296,6.513215932931807
5297,6.513215932931807
5298,6.513215932931807
5299,6.513215932931807
5300,6.513215932931807
5301,6.513215932931807
5302,6.513215932931807
5303,6.513215932931807
5304,6.513215932931807
5305,6.513215932931807
5306,6.513215932931807
5307,6.513215932931807
5308,6.513215932931807
5309,6.513215932931807
5310,6.513215932931807
5311,6.513215932931807
5312,6.513215932931807
5313,6.513215932931807
5314,6.513215932931807
5315,6.513215932931807
5316,6.513215932931807
5317,6.513215932931807
5318,6.513215932931807
5319,6.513215932931807
5320,6.513215932931807
5321,6.513215932931807
5322,6.513215932931807
5323,6.513215932931807
5324,6.513215932931807
5325,6.513215932931807
5326,6.513215932931807
5327,6.513215932931807
5328,6.513215932931807
5329,6.513215932931807
5330,6.513215932931807
5331,6.513215932931807
5332,6.513215932931807
5333,6.513215932931807
5334,6.513215932931807
5335,6.513215932931807
5336,6.513215932931807
5337,6.513215932931807
5338,6.513215932931807
5339,6.513215932931807
5340,6.513215932931807
5341,6.513215932931807
5342,6.513215932931807
5343,6.513215932931807
5344,6.513215932931807
5345,6.513215932931807
5346,6.513215932931807
5347,6.513215932931807
5348,6.513215932931807
5349,6.513215932931807
5350,6.513215932931807
5351,6.513215932931807
5352,6.513215932931807
5353,6.513215932931807
5354,6.513215932931807
5355,6.513215932931807
5356,6.513215932931807
5357,6.513215932931807
5358,6.513215932931807
5359,6.513215932931807
5360,6.513215932931807
5361,6.513215932931807
5362,6.513215932931807
5363,6.513215932931807
5364,6.513215932931807
5365,6.513215932931807
5366,6.513215932931807
5367,6.513215932931807
5368,6.513215932931807
5369,6.513215932931807
5370,6.513215932931807
5371,6.513215932931807
5372,6.513215932931807
5373,6.513215932931807
5374,6.513215932931807
5375,6.513215932931807
5376,6.513215932931807
5377,6.513215932931807
5378,6.513215932931807
5379,6.513215932931807
5380,6.513215932931807
5381,6.513215932931807
5382,6.513215932931807
5383,6.513215932931807
5384,6.513215932931807
5385,6.513215932931807
5386,6.513215932931807
5387,6.513215932931807
5388,6.513215932931807
5389,6.513215932931807
5390,6.513215932931807
5391,6.513215932931807
5392,6.513215932931807
5393,6.513215932931807
5394,6.513215932931807
5395,6.513215932931807
5396,6.513215932931807
5397,6.513215932931807
5398,6.513215932931807
5399,6.513215932931807
5400,6.513215932931807
5401,6.513215932931807
5402,6.513215932931807
5403,6.513215932931807
5404,6.513215932931807
5405,6.513215932931807
5406,6.513215932931807
5407,6.513215932931807
5408,6.513215932931807
5409,6.513215932931807
5410,6.513215932931807
5411,6.513215932931807
5412,6.513215932931807
5413,6.513215932931807
5414,6.513215932931807
5415,6.513215932931807
5416,6.513215932931807
5417,6.513215932931807
5418,6.513215932931807
5419,6.513215932931807
5420,6.513215932931807
5421,6.513215932931807
5422,6.513215932931807
5423,6.513215932931807
5424,6.513215932931807
5425,6.513215932931807
5426,6.513215932931807
5427,6.513215932931807
5428,6.513215932931807
5429,6.513215932931807
5430,6.513215932931807
5431,6.513215932931807
5432,6.513215932931807
5433,6.513215932931807
5434,6.513215932931807
5435,6.513215932931807
5436,6.513215932931807
5437,6.513215932931807
5438,6.513215932931807
5439,6.513215932931807
5440,6.513215932931807
5441,6.513215932931807
5442,6.513215932931807
5443,6.513215932931807
5444,6.513215932931807
5445,6.513215932931807
5446,6.513215932931807
5447,6.513215932931807
5448,6.513215932931807
5449,6.513215932931807
5450,6.513215932931807
5451,6.513215932931807
5452,6.513215932931807
5453,6.513215932931807
5454,6.513215932931807
5455,6.513215932931807
5456,6.513215932931807
5457,6.513215932931807
5458,6.513215932931807
5459,6.513215932931807
5460,6.513215932931807
5461,6.513215932931807
5462,6.513215932931807
5463,6.513215932931807
5464,6.513215932931807
5465,6.513215932931807
5466,6.513215932931807
5467,6.513215932931807
5468,6.513215932931807
5469,6.513215932931807
5470,6.513215932931807
5471,6.513215932931807
5472,6.513215932931807
5473,6.513215932931807
5474,6.513215932931807
5475,6.513215932931807
5476,6.513215932931807
5477,6.513215932931807
5478,6.513215932931807
5479,6.513215932931807
5480,6.513215932931807
5481,6.513215932931807
5482,6.513215932931807
5483,6.513215932931807
5484,6.513215932931807
5485,6.513215932931807
5486,6.513215932931807
5487,6.513215932931807
5488,6.513215932931807
5489,6.513215932931807
5490,6.513215932931807
5491,6.513215932931807
5492,6.513215932931807
5493,6.513215932931807
5494,6.513215932931807
5495,6.513215932931807
5496,6.513215932931807
5497,6.513215932931807
5498,6.513215932931807
5499,6.513215932931807
5500,6.513215932931807
5501,6.513215932931807
5502,6.513215932931807
5503,6.513215932931807
5504,6.513215932931807
5505,6.513215932931807
5506,6.513215932931807
5507,6.513215932931807
5508,6.513215932931807
5509,6.513215932931807
5510,6.513215932931807
5511,6.513215932931807
5512,6.513215932931807
5513,6.513215932931807
5514,6.513215932931807
5515,6.513215932931807
5516,6.513215932931807
5517,6.513215932931807
5518,6.513215932931807
5519,6.513215932931807
5520,6.513215932931807
5521,6.513215932931807
5522,6.513215932931807
5523,6.513215932931807
5524,6.513215932931807
5525,6.513215932931807
5526,6.513215932931807
5527,6.513215932931807
5528,6.513215932931807
5529,6.513215932931807
5530,6.513215932931807
5531,6.513215932931807
5532,6.513215932931807
5533,6.513215932931807
5534,6.513215932931807
5535,6.513215932931807
5536,6.513215932931807
5537,6.513215932931807
5538,6.513215932931807
5539,6.513215932931807
5540,6.513215932931807
5541,6.513215932931807
5542,6.513215932931807
5543,6.513215932931807
5544,6.513215932931807
5545,6.513215932931807
5546,6.513215932931807
5547,6.513215932931807
5548,6.513215932931807
5549,6.513215932931807
5550,6.513215932931807
5551,6.513215932931807
5552,6.513215932931807
5553,6.513215932931807
5554,6.513215932931807
5555,6.513215932931807
5556,6.513215932931807
5557,6.513215932931807
5558,6.513215932931807
5559,6.513215932931807
5560,6.513215932931807
5561,6.513215932931807
5562,6.513215932931807
5563,6.513215932931807
5564,6.513215932931807
5565,6.513215932931807
5566,6.513215932931807
5567,6.513215932931807
5568,6.513215932931807
5569,6.513215932931807
5570,6.513215932931807
5571,6.513215932931807
5572,6.513215932931807
5573,6.513215932931807
5574,6.513215932931807
5575,6.513215932931807
5576,6.513215932931807
5577,6.513215932931807
5578,6.513215932931807
5579,6.513215932931807
5580,6.513215932931807
5581,6.513215932931807
5582,6.513215932931807
5583,6.513215932931807
5584,6.513215932931807
5585,6.513215932931807
5586,6.513215932931807
5587,6.513215932931807
5588,6.513215932931807
5589,6.513215932931807
5590,6.513215932931807
5591,6.513215932931807
5592,6.513215932931807
5593,6.513215932931807
5594,6.513215932931807
5595,6.513215932931807
5596,6.513215932931807
5597,6.513215932931807
5598,6.513215932931807
5599,6.513215932931807
5600,6.513215932931807
5601,6.513215932931807
5602,6.513215932931807
5603,6.513215932931807
5604,6.513215932931807
5605,6.513215932931807
5606,6.513215932931807
5607,6.513215932931807
5608,6.513215932931807
5609,6.513215932931807
5610,6.513215932931807
5611,6.513215932931807
5612,6.513215932931807
5613,6.513215932931807
5614,6.513215932931807
5615,6.513215932931807
5616,6.513215932931807
5617,6.513215932931807
5618,6.513215932931807
5619,6.513215932931807
5620,6.513215932931807
5621,6.513215932931807
5622,6.513215932931807
5623,6.513215932931807
5624,6.513215932931807
5625,6.513215932931807
5626,6.513215932931807
5627,6.513215932931807
5628,6.513215932931807
5629,6.513215932931807
5630,6.513215932931807
5631,6.513215932931807
5632,6.513215932931807
5633,6.513215932931807
5634,6.513215932931807
5635,6.513215932931807
5636,6.513215932931807
5637,6.513215932931807
5638,6.513215932931807
5639,6.513215932931807
5640,6.513215932931807
5641,6.513215932931807
5642,6.513215932931807
5643,6.513215932931807
5644,6.513215932931807
5645,6.513215932931807
5646,6.513215932931807
5647,6.513215932931807
5648,6.513215932931807
5649,6.513215932931807
5650,6.513215932931807
5651,6.513215932931807
5652,6.513215932931807
5653,6.513215932931807
5654,6.513215932931807
5655,6.513215932931807
5656,6.513215932931807
5657,6.513215932931807
5658,6.513215932931807
5659,6.513215932931807
5660,6.513215932931807
5661,6.513215932931807
5662,6.513215932931807
5663,6.513215932931807
5664,6.513215932931807
5665,6.513215932931807
5666,6.513215932931807
5667,6.513215932931807
5668,6.513215932931807
5669,6.513215932931807
5670,6.513215932931807
5671,6.513215932931807
5672,6.513215932931807
5673,6.513215932931807
5674,6.513215932931807
5675,6.513215932931807
5676,6.513215932931807
5677,6.513215932931807
5678,6.513215932931807
5679,6.513215932931807
5680,6.513215932931807
5681,6.513215932931807
5682,6.513215932931807
5683,6.513215932931807
5684,6.513215932931807
5685,6.513215932931807
5686,6.513215932931807
5687,6.513215932931807
5688,6.513215932931807
5689,6.513215932931807
5690,6.513215932931807
5691,6.513215932931807
5692,6.513215932931807
5693,6.513215932931807
5694,6.513215932931807
5695,6.513215932931807
5696,6.513215932931807
5697,6.513215932931807
5698,6.513215932931807
5699,6.513215932931807
5700,6.513215932931807
5701,6.513215932931807
5702,6.513215932931807
5703,6.513215932931807
5704,6.513215932931807
5705,6.513215932931807
5706,6.513215932931807
5707,6.513215932931807
5708,6.513215932931807
5709,6.513215932931807
5710,6.513215932931807
5711,6.513215932931807
5712,6.513215932931807
5713,6.513215932931807
5714,6.513215932931807
5715,6.513215932931807
5716,6.513215932931807
5717,6.513215932931807
5718,6.513215932931807
5719,6.513215932931807
5720,6.513215932931807
5721,6.513215932931807
5722,6.513215932931807
5723,6.513215932931807
5724,6.513215932931807
5725,6.513215932931807
5726,6.513215932931807
5727,6.513215932931807
5728,6.513215932931807
5729,6.513215932931807
5730,6.513215932931807
5731,6.513215932931807
5732,6.513215932931807
5733,6.513215932931807
5734,6.513215932931807
5735,6.513215932931807
5736,6.513215932931807
5737,6.513215932931807
5738,6.513215932931807
5739,6.513215932931807
5740,6.513215932931807
5741,6.513215932931807
5742,6.513215932931807
5743,6.513215932931807
5744,6.513215932931807
5745,6.513215932931807
5746,6.513215932931807
5747,6.513215932931807
5748,6.513215932931807
5749,6.513215932931807
5750,6.513215932931807
5751,6.513215932931807
5752,6.513215932931807
5753,6.513215932931807
5754,6.513215932931807
5755,6.513215932931807
5756,6.513215932931807
5757,6.513215932931807
5758,6.513215932931807
5759,6.513215932931807
5760,6.513215932931807
5761,6.513215932931807
5762,6.513215932931807
5763,6.513215932931807
5764,6.513215932931807
5765,6.513215932931807
5766,6.513215932931807
5767,6.513215932931807
5768,6.513215932931807
5769,6.513215932931807
5770,6.513215932931807
5771,6.513215932931807
5772,6.513215932931807
5773,6.513215932931807
5774,6.513215932931807
5775,6.513215932931807
5776,6.513215932931807
5777,6.513215932931807
5778,6.513215932931807
5779,6.513215932931807
5780,6.513215932931807
5781,6.513215932931807
5782,6.513215932931807
5783,6.513215932931807
5784,6.513215932931807
5785,6.513215932931807
5786,6.513215932931807
5787,6.513215932931807
5788,6.513215932931807
5789,6.513215932931807
5790,6.513215932931807
5791,6.513215932931807
5792,6.513215932931807
5793,6.513215932931807
5794,6.513215932931807
5795,6.513215932931807
5796,6.513215932931807
5797,6.513215932931807
5798,6.513215932931807
5799,6.513215932931807
5800,6.513215932931807
5801,6.513215932931807
5802,6.513215932931807
5803,6.513215932931807
5804,6.513215932931807
5805,6.513215932931807
5806,6.513215932931807
5807,6.513215932931807
5808,6.513215932931807
5809,6.513215932931807
5810,6.513215932931807
5811,6.513215932931807
5812,6.513215932931807
5813,6.513215932931807
5814,6.513215932931807
5815,6.513215932931807
5816,6.513215932931807
5817,6.513215932931807
5818,6.513215932931807
5819,6.513215932931807
5820,6.513215932931807
5821,6.513215932931807
5822,6.513215932931807
5823,6.513215932931807
5824,6.513215932931807
5825,6.513215932931807
5826,6.513215932931807
5827,6.513215932931807
5828,6.513215932931807
5829,6.513215932931807
5830,6.513215932931807
5831,6.513215932931807
5832,6.513215932931807
5833,6.513215932931807
5834,6.513215932931807
5835,6.513215932931807
5836,6.513215932931807
5837,6.513215932931807
5838,6.513215932931807
5839,6.513215932931807
5840,6.513215932931807
5841,6.513215932931807
5842,6.513215932931807
5843,6.513215932931807
5844,6.513215932931807
5845,6.513215932931807
5846,6.513215932931807
5847,6.513215932931807
5848,6.513215932931807
5849,6.513215932931807
5850,6.513215932931807
5851,6.513215932931807
5852,6.513215932931807
5853,6.513215932931807
5854,6.513215932931807
5855,6.513215932931807
5856,6.513215932931807
5857,6.513215932931807
5858,6.513215932931807
5859,6.513215932931807
5860,6.513215932931807
5861,6.513215932931807
5862,6.513215932931807
5863,6.513215932931807
5864,6.513215932931807
5865,6.513215932931807
5866,6.513215932931807
5867,6.513215932931807
5868,6.513215932931807
5869,6.513215932931807
5870,6.513215932931807
5871,6.513215932931807
5872,6.513215932931807
5873,6.513215932931807
5874,6.513215932931807
5875,6.513215932931807
5876,6.513215932931807
5877,6.513215932931807
5878,6.513215932931807
5879,6.513215932931807
5880,6.513215932931807
5881,6.513215932931807
5882,6.513215932931807
5883,6.513215932931807
5884,6.513215932931807
5885,6.513215932931807
5886,6.513215932931807
5887,6.513215932931807
5888,6.513215932931807
5889,6.513215932931807
5890,6.513215932931807
5891,6.513215932931807
5892,6.513215932931807
5893,6.513215932931807
5894,6.513215932931807
5895,6.513215932931807
5896,6.513215932931807
5897,6.513215932931807
5898,6.513215932931807
5899,6.513215932931807
5900,6.513215932931807
5901,6.513215932931807
5902,6.513215932931807
5903,6.513215932931807
5904,6.513215932931807
5905,6.513215932931807
5906,6.513215932931807
5907,6.513215932931807
5908,6.513215932931807
5909,6.513215932931807
5910,6.513215932931807
5911,6.513215932931807
5912,6.513215932931807
5913,6.513215932931807
5914,6.513215932931807
5915,6.513215932931807
5916,6.513215932931807
5917,6.513215932931807
5918,6.513215932931807
5919,6.513215932931807
5920,6.513215932931807
5921,6.513215932931807
5922,6.513215932931807
5923,6.513215932931807
5924,6.513215932931807
5925,6.513215932931807
5926,6.513215932931807
5927,6.513215932931807
5928,6.513215932931807
5929,6.513215932931807
5930,6.513215932931807
5931,6.513215932931807
5932,6.513215932931807
5933,6.513215932931807
5934,6.513215932931807
5935,6.513215932931807
5936,6.513215932931807
5937,6.513215932931807
5938,6.513215932931807
5939,6.513215932931807
5940,6.513215932931807
5941,6.513215932931807
5942,6.513215932931807
5943,6.513215932931807
5944,6.513215932931807
5945,6.513215932931807
5946,6.513215932931807
5947,6.513215932931807
5948,6.513215932931807
5949,6.513215932931807
5950,6.513215932931807
5951,6.513215932931807
5952,6.513215932931807
5953,6.513215932931807
5954,6.513215932931807
5955,6.513215932931807
5956,6.513215932931807
5957,6.513215932931807
5958,6.513215932931807
5959,6.513215932931807
5960,6.513215932931807
5961,6.513215932931807
5962,6.513215932931807
5963,6.513215932931807
5964,6.513215932931807
5965,6.513215932931807
5966,6.513215932931807
5967,6.513215932931807
5968,6.513215932931807
5969,6.513215932931807
5970,6.513215932931807
5971,6.513215932931807
5972,6.513215932931807
5973,6.513215932931807
5974,6.513215932931807
5975,6.513215932931807
5976,6.513215932931807
5977,6.513215932931807
5978,6.513215932931807
5979,6.513215932931807
5980,6.513215932931807
5981,6.513215932931807
5982,6.513215932931807
5983,6.513215932931807
5984,6.513215932931807
5985,6.513215932931807
5986,6.513215932931807
5987,6.513215932931807
5988,6.513215932931807
5989,6.513215932931807
5990,6.513215932931807
5991,6.513215932931807
5992,6.513215932931807
5993,6.513215932931807
5994,6.513215932931807
5995,6.513215932931807
5996,6.513215932931807
5997,6.513215932931807
5998,6.513215932931807
5999,6.513215932931807
6000,6.513215932931807
6001,6.513215932931807
6002,6.513215932931807
6003,6.513215932931807
6004,6.513215932931807
6005,6.513215932931807
6006,6.513215932931807
6007,6.513215932931807
6008,6.513215932931807
6009,6.513215932931807
6010,6.513215932931807
6011,6.513215932931807
6012,6.513215932931807
6013,6.513215932931807
6014,6.513215932931807
6015,6.513215932931807
6016,6.513215932931807
6017,6.513215932931807
6018,6.513215932931807
6019,6.513215932931807
6020,6.513215932931807
6021,6.513215932931807
6022,6.513215932931807
6023,6.513215932931807
6024,6.513215932931807
6025,6.513215932931807
6026,6.513215932931807
6027,6.513215932931807
6028,6.513215932931807
6029,6.513215932931807
6030,6.513215932931807
6031,6.513215932931807
6032,6.513215932931807
6033,6.513215932931807
6034,6.513215932931807
6035,6.513215932931807
6036,6.513215932931807
6037,6.513215932931807
6038,6.513215932931807
6039,6.513215932931807
6040,6.513215932931807
6041,6.513215932931807
6042,6.513215932931807
6043,6.513215932931807
6044,6.513215932931807
6045,6.513215932931807
6046,6.513215932931807
6047,6.513215932931807
6048,6.513215932931807
6049,6.513215932931807
6050,6.513215932931807
6051,6.513215932931807
6052,6.513215932931807
6053,6.513215932931807
6054,6.513215932931807
6055,6.513215932931807
6056,6.513215932931807
6057,6.513215932931807
6058,6.513215932931807
6059,6.513215932931807
6060,6.513215932931807
6061,6.513215932931807
6062,6.513215932931807
6063,6.513215932931807
6064,6.513215932931807
6065,6.513215932931807
6066,6.513215932931807
6067,6.513215932931807
6068,6.513215932931807
6069,6.513215932931807
6070,6.513215932931807
6071,6.513215932931807
6072,6.513215932931807
6073,6.513215932931807
6074,6.513215932931807
6075,6.513215932931807
6076,6.513215932931807
6077,6.513215932931807
6078,6.513215932931807
6079,6.513215932931807
6080,6.513215932931807
6081,6.513215932931807
6082,6.513215932931807
6083,6.513215932931807
6084,6.513215932931807
6085,6.513215932931807
6086,6.513215932931807
6087,6.513215932931807
6088,6.513215932931807
6089,6.513215932931807
6090,6.513215932931807
6091,6.513215932931807
6092,6.513215932931807
6093,6.513215932931807
6094,6.513215932931807
6095,6.513215932931807
6096,6.513215932931807
6097,6.513215932931807
6098,6.513215932931807
6099,6.513215932931807
6100,6.513215932931807
6101,6.513215932931807
6102,6.513215932931807
6103,6.513215932931807
6104,6.513215932931807
6105,6.513215932931807
6106,6.513215932931807
6107,6.513215932931807
6108,6.513215932931807
6109,6.513215932931807
6110,6.513215932931807
6111,6.513215932931807
6112,6.513215932931807
6113,6.513215932931807
6114,6.513215932931807
6115,6.513215932931807
6116,6.513215932931807
6117,6.513215932931807
6118,6.513215932931807
6119,6.513215932931807
6120,6.513215932931807
6121,6.513215932931807
6122,6.513215932931807
6123,6.513215932931807
6124,6.513215932931807
6125,6.513215932931807
6126,6.513215932931807
6127,6.513215932931807
6128,6.513215932931807
6129,6.513215932931807
6130,6.513215932931807
6131,6.513215932931807
6132,6.513215932931807
6133,6.513215932931807
6134,6.513215932931807
6135,6.513215932931807
6136,6.513215932931807
6137,6.513215932931807
6138,6.513215932931807
6139,6.513215932931807
6140,6.513215932931807
6141,6.513215932931807
6142,6.513215932931807
6143,6.513215932931807
6144,6.513215932931807
6145,6.513215932931807
6146,6.513215932931807
6147,6.513215932931807
6148,6.513215932931807
6149,6.513215932931807
6150,6.513215932931807
6151,6.513215932931807
6152,6.513215932931807
6153,6.513215932931807
6154,6.513215932931807
6155,6.513215932931807
6156,6.513215932931807
6157,6.513215932931807
6158,6.513215932931807
6159,6.513215932931807
6160,6.513215932931807
6161,6.513215932931807
6162,6.513215932931807
6163,6.513215932931807
6164,6.513215932931807
6165,6.513215932931807
6166,6.513215932931807
6167,6.513215932931807
6168,6.513215932931807
6169,6.513215932931807
6170,6.513215932931807
6171,6.513215932931807
6172,6.513215932931807
6173,6.513215932931807
6174,6.513215932931807
6175,6.513215932931807
6176,6.513215932931807
6177,6.513215932931807
6178,6.513215932931807
6179,6.513215932931807
6180,6.513215932931807
6181,6.513215932931807
6182,6.513215932931807
6183,6.513215932931807
6184,6.513215932931807
6185,6.513215932931807
6186,6.513215932931807
6187,6.513215932931807
6188,6.513215932931807
6189,6.513215932931807
6190,6.513215932931807
6191,6.513215932931807
6192,6.513215932931807
6193,6.513215932931807
6194,6.513215932931807
6195,6.513215932931807
6196,6.513215932931807
6197,6.513215932931807
6198,6.513215932931807
6199,6.513215932931807
6200,6.513215932931807
6201,6.513215932931807
6202,6.513215932931807
6203,6.513215932931807
6204,6.513215932931807
6205,6.513215932931807
6206,6.513215932931807
6207,6.513215932931807
6208,6.513215932931807
6209,6.513215932931807
6210,6.513215932931807
6211,6.513215932931807
6212,6.513215932931807
6213,6.513215932931807
6214,6.513215932931807
6215,6.513215932931807
6216,6.513215932931807
6217,6.513215932931807
6218,6.513215932931807
6219,6.513215932931807
6220,6.513215932931807
6221,6.513215932931807
6222,6.513215932931807
6223,6.513215932931807
6224,6.513215932931807
6225,6.513215932931807
6226,6.513215932931807
6227,6.513215932931807
6228,6.513215932931807
6229,6.513215932931807
6230,6.513215932931807
6231,6.513215932931807
6232,6.513215932931807
6233,6.513215932931807
6234,6.513215932931807
6235,6.513215932931807
6236,6.513215932931807
6237,6.513215932931807
6238,6.513215932931807
6239,6.513215932931807
6240,6.513215932931807
6241,6.513215932931807
6242,6.513215932931807
6243,6.513215932931807
6244,6.513215932931807
6245,6.513215932931807
6246,6.513215932931807
6247,6.513215932931807
6248,6.513215932931807
6249,6.513215932931807
6250,6.513215932931807
6251,6.513215932931807
6252,6.513215932931807
6253,6.513215932931807
6254,6.513215932931807
6255,6.513215932931807
6256,6.513215932931807
6257,6.513215932931807
6258,6.513215932931807
6259,6.513215932931807
6260,6.513215932931807
6261,6.513215932931807
6262,6.513215932931807
6263,6.513215932931807
6264,6.513215932931807
6265,6.513215932931807
6266,6.513215932931807
6267,6.513215932931807
6268,6.513215932931807
6269,6.513215932931807
6270,6.513215932931807
6271,6.513215932931807
6272,6.513215932931807
6273,6.513215932931807
6274,6.513215932931807
6275,6.513215932931807
6276,6.513215932931807
6277,6.513215932931807
6278,6.513215932931807
6279,6.513215932931807
6280,6.513215932931807
6281,6.513215932931807
6282,6.513215932931807
6283,6.513215932931807
6284,6.513215932931807
6285,6.513215932931807
6286,6.513215932931807
6287,6.513215932931807
6288,6.513215932931807
6289,6.513215932931807
6290,6.513215932931807
6291,6.513215932931807
6292,6.513215932931807
6293,6.513215932931807
6294,6.513215932931807
6295,6.513215932931807
6296,6.513215932931807
6297,6.513215932931807
6298,6.513215932931807
6299,6.513215932931807
6300,6.513215932931807
6301,6.513215932931807
6302,6.513215932931807
6303,6.513215932931807
6304,6.513215932931807
6305,6.513215932931807
6306,6.513215932931807
6307,6.513215932931807
6308,6.513215932931807
6309,6.513215932931807
6310,6.513215932931807
6311,6.513215932931807
6312,6.513215932931807
6313,6.513215932931807
6314,6.513215932931807
6315,6.513215932931807
6316,6.513215932931807
6317,6.513215932931807
6318,6.513215932931807
6319,6.513215932931807
6320,6.513215932931807
6321,6.513215932931807
6322,6.513215932931807
6323,6.513215932931807
6324,6.513215932931807
6325,6.513215932931807
6326,6.513215932931807
6327,6.513215932931807
6328,6.513215932931807
6329,6.513215932931807
6330,6.513215932931807
6331,6.513215932931807
6332,6.513215932931807
6333,6.513215932931807
6334,6.513215932931807
6335,6.513215932931807
6336,6.513215932931807
6337,6.513215932931807
6338,6.513215932931807
6339,6.513215932931807
6340,6.513215932931807
6341,6.513215932931807
6342,6.513215932931807
6343,6.513215932931807
6344,6.513215932931807
6345,6.513215932931807
6346,6.513215932931807
6347,6.513215932931807
6348,6.513215932931807
6349,6.513215932931807
6350,6.513215932931807
6351,6.513215932931807
6352,6.513215932931807
6353,6.513215932931807
6354,6.513215932931807
6355,6.513215932931807
6356,6.513215932931807
6357,6.513215932931807
6358,6.513215932931807
6359,6.513215932931807
6360,6.513215932931807
6361,6.513215932931807
6362,6.513215932931807
6363,6.513215932931807
6364,6.513215932931807
6365,6.513215932931807
6366,6.513215932931807
6367,6.513215932931807
6368,6.513215932931807
6369,6.513215932931807
6370,6.513215932931807
6371,6.513215932931807
6372,6.513215932931807
6373,6.513215932931807
6374,6.513215932931807
6375,6.513215932931807
6376,6.513215932931807
6377,6.513215932931807
6378,6.513215932931807
6379,6.513215932931807
6380,6.513215932931807
6381,6.513215932931807
6382,6.513215932931807
6383,6.513215932931807
6384,6.513215932931807
6385,6.513215932931807
6386,6.513215932931807
6387,6.513215932931807
6388,6.513215932931807
6389,6.513215932931807
6390,6.513215932931807
6391,6.513215932931807
6392,6.513215932931807
6393,6.513215932931807
6394,6.513215932931807
6395,6.513215932931807
6396,6.513215932931807
6397,6.513215932931807
6398,6.513215932931807
6399,6.513215932931807
6400,6.513215932931807
6401,6.513215932931807
6402,6.513215932931807
6403,6.513215932931807
6404,6.513215932931807
6405,6.513215932931807
6406,6.513215932931807
6407,6.513215932931807
6408,6.513215932931807
6409,6.513215932931807
6410,6.513215932931807
6411,6.513215932931807
6412,6.513215932931807
6413,6.513215932931807
6414,6.513215932931807
6415,6.513215932931807
6416,6.513215932931807
6417,6.513215932931807
6418,6.513215932931807
6419,6.513215932931807
6420,6.513215932931807
6421,6.513215932931807
6422,6.513215932931807
6423,6.513215932931807
6424,6.513215932931807
6425,6.513215932931807
6426,6.513215932931807
6427,6.513215932931807
6428,6.513215932931807
6429,6.513215932931807
6430,6.513215932931807
6431,6.513215932931807
6432,6.513215932931807
6433,6.513215932931807
6434,6.513215932931807
6435,6.513215932931807
6436,6.513215932931807
6437,6.513215932931807
6438,6.513215932931807
6439,6.513215932931807
6440,6.513215932931807
6441,6.513215932931807
6442,6.513215932931807
6443,6.513215932931807
6444,6.513215932931807
6445,6.513215932931807
6446,6.513215932931807
6447,6.513215932931807
6448,6.513215932931807
6449,6.513215932931807
6450,6.513215932931807
6451,6.513215932931807
6452,6.513215932931807
6453,6.513215932931807
6454,6.513215932931807
6455,6.513215932931807
6456,6.513215932931807
6457,6.513215932931807
6458,6.513215932931807
6459,6.513215932931807
6460,6.513215932931807
6461,6.513215932931807
6462,6.513215932931807
6463,6.513215932931807
6464,6.513215932931807
6465,6.513215932931807
6466,6.513215932931807
6467,6.513215932931807
6468,6.513215932931807
6469,6.513215932931807
6470,6.513215932931807
6471,6.513215932931807
6472,6.513215932931807
6473,6.513215932931807
6474,6.513215932931807
6475,6.513215932931807
6476,6.513215932931807
6477,6.513215932931807
6478,6.513215932931807
6479,6.513215932931807
6480,6.513215932931807
6481,6.513215932931807
6482,6.513215932931807
6483,6.513215932931807
6484,6.513215932931807
6485,6.513215932931807
6486,6.513215932931807
6487,6.513215932931807
6488,6.513215932931807
6489,6.513215932931807
6490,6.513215932931807
6491,6.513215932931807
6492,6.513215932931807
6493,6.513215932931807
6494,6.513215932931807
6495,6.513215932931807
6496,6.513215932931807
6497,6.513215932931807
6498,6.513215932931807
6499,6.513215932931807
6500,6.513215932931807
6501,6.513215932931807
6502,6.513215932931807
6503,6.513215932931807
6504,6.513215932931807
6505,6.513215932931807
6506,6.513215932931807
6507,6.513215932931807
6508,6.513215932931807
6509,6.513215932931807
6510,6.513215932931807
6511,6.513215932931807
6512,6.513215932931807
6513,6.513215932931807
6514,6.513215932931807
6515,6.513215932931807
6516,6.513215932931807
6517,6.513215932931807
6518,6.513215932931807
6519,6.513215932931807
6520,6.513215932931807
6521,6.513215932931807
6522,6.513215932931807
6523,6.513215932931807
6524,6.513215932931807
6525,6.513215932931807
6526,6.513215932931807
6527,6.513215932931807
6528,6.513215932931807
6529,6.513215932931807
6530,6.513215932931807
6531,6.513215932931807
6532,6.513215932931807
6533,6.513215932931807
6534,6.513215932931807
6535,6.513215932931807
6536,6.513215932931807
6537,6.513215932931807
6538,6.513215932931807
6539,6.513215932931807
6540,6.513215932931807
6541,6.513215932931807
6542,6.513215932931807
6543,6.513215932931807
6544,6.513215932931807
6545,6.513215932931807
6546,6.513215932931807
6547,6.513215932931807
6548,6.513215932931807
6549,6.513215932931807
6550,6.513215932931807
6551,6.513215932931807
6552,6.513215932931807
6553,6.513215932931807
6554,6.513215932931807
6555,6.513215932931807
6556,6.513215932931807
6557,6.513215932931807
6558,6.513215932931807
6559,6.513215932931807
6560,6.513215932931807
6561,6.513215932931807
6562,6.513215932931807
6563,6.513215932931807
6564,6.513215932931807
6565,6.513215932931807
6566,6.513215932931807
6567,6.513215932931807
6568,6.513215932931807
6569,6.513215932931807
6570,6.513215932931807
6571,6.513215932931807
6572,6.513215932931807
6573,6.513215932931807
6574,6.513215932931807
6575,6.513215932931807
6576,6.513215932931807
6577,6.513215932931807
6578,6.513215932931807
6579,6.513215932931807
6580,6.513215932931807
6581,6.513215932931807
6582,6.513215932931807
6583,6.513215932931807
6584,6.513215932931807
6585,6.513215932931807
6586,6.513215932931807
6587,6.513215932931807
6588,6.513215932931807
6589,6.513215932931807
6590,6.513215932931807
6591,6.513215932931807
6592,6.513215932931807
6593,6.513215932931807
6594,6.513215932931807
6595,6.513215932931807
6596,6.513215932931807
6597,6.513215932931807
6598,6.513215932931807
6599,6.513215932931807
6600,6.513215932931807
6601,6.513215932931807
6602,6.513215932931807
6603,6.513215932931807
6604,6.513215932931807
6605,6.513215932931807
6606,6.513215932931807
6607,6.513215932931807
6608,6.513215932931807
6609,6.513215932931807
6610,6.513215932931807
6611,6.513215932931807
6612,6.513215932931807
6613,6.513215932931807
6614,6.513215932931807
6615,6.513215932931807
6616,6.513215932931807
6617,6.513215932931807
6618,6.513215932931807
6619,6.513215932931807
6620,6.513215932931807
6621,6.513215932931807
6622,6.513215932931807
6623,6.513215932931807
6624,6.513215932931807
6625,6.513215932931807
6626,6.513215932931807
6627,6.513215932931807
6628,6.513215932931807
6629,6.513215932931807
6630,6.513215932931807
6631,6.513215932931807
6632,6.513215932931807
6633,6.513215932931807
6634,6.513215932931807
6635,6.513215932931807
6636,6.513215932931807
6637,6.513215932931807
6638,6.513215932931807
6639,6.513215932931807
6640,6.513215932931807
6641,6.513215932931807
6642,6.513215932931807
6643,6.513215932931807
6644,6.513215932931807
6645,6.513215932931807
6646,6.513215932931807
6647,6.513215932931807
6648,6.513215932931807
6649,6.513215932931807
6650,6.513215932931807
6651,6.513215932931807
6652,6.513215932931807
6653,6.513215932931807
6654,6.513215932931807
6655,6.513215932931807
6656,6.513215932931807
6657,6.513215932931807
6658,6.513215932931807
6659,6.513215932931807
6660,6.513215932931807
6661,6.513215932931807
6662,6.513215932931807
6663,6.513215932931807
6664,6.513215932931807
6665,6.513215932931807
6666,6.513215932931807
6667,6.513215932931807
6668,6.513215932931807
6669,6.513215932931807
6670,6.513215932931807
6671,6.513215932931807
6672,6.513215932931807
6673,6.513215932931807
6674,6.513215932931807
6675,6.513215932931807
6676,6.513215932931807
6677,6.513215932931807
6678,6.513215932931807
6679,6.513215932931807
6680,6.513215932931807
6681,6.513215932931807
6682,6.513215932931807
6683,6.513215932931807
6684,6.513215932931807
6685,6.513215932931807
6686,6.513215932931807
6687,6.513215932931807
6688,6.513215932931807
6689,6.513215932931807
6690,6.513215932931807
6691,6.513215932931807
6692,6.513215932931807
6693,6.513215932931807
6694,6.513215932931807
6695,6.513215932931807
6696,6.513215932931807
6697,6.513215932931807
6698,6.513215932931807
6699,6.513215932931807
6700,6.513215932931807
6701,6.513215932931807
6702,6.513215932931807
6703,6.513215932931807
6704,6.513215932931807
6705,6.513215932931807
6706,6.513215932931807
6707,6.513215932931807
6708,6.513215932931807
6709,6.513215932931807
6710,6.513215932931807
6711,6.513215932931807
6712,6.513215932931807
6713,6.513215932931807
6714,6.513215932931807
6715,6.513215932931807
6716,6.513215932931807
6717,6.513215932931807
6718,6.513215932931807
6719,6.513215932931807
6720,6.513215932931807
6721,6.513215932931807
6722,6.513215932931807
6723,6.513215932931807
6724,6.513215932931807
6725,6.513215932931807
6726,6.513215932931807
6727,6.513215932931807
6728,6.513215932931807
6729,6.513215932931807
6730,6.513215932931807
6731,6.513215932931807
6732,6.513215932931807
6733,6.513215932931807
6734,6.513215932931807
6735,6.513215932931807
6736,6.513215932931807
6737,6.513215932931807
6738,6.513215932931807
6739,6.513215932931807
6740,6.513215932931807
6741,6.513215932931807
6742,6.513215932931807
6743,6.513215932931807
6744,6.513215932931807
6745,6.513215932931807
6746,6.513215932931807
6747,6.513215932931807
6748,6.513215932931807
6749,6.513215932931807
6750,6.513215932931807
6751,6.513215932931807
6752,6.513215932931807
6753,6.513215932931807
6754,6.513215932931807
6755,6.513215932931807
6756,6.513215932931807
6757,6.513215932931807
6758,6.513215932931807
6759,6.513215932931807
6760,6.513215932931807
6761,6.513215932931807
6762,6.513215932931807
6763,6.513215932931807
6764,6.513215932931807
6765,6.513215932931807
6766,6.513215932931807
6767,6.513215932931807
6768,6.513215932931807
6769,6.513215932931807
6770,6.513215932931807
6771,6.513215932931807
6772,6.513215932931807
6773,6.513215932931807
6774,6.513215932931807
6775,6.513215932931807
6776,6.513215932931807
6777,6.513215932931807
6778,6.513215932931807
6779,6.513215932931807
6780,6.513215932931807
6781,6.513215932931807
6782,6.513215932931807
6783,6.513215932931807
6784,6.513215932931807
6785,6.513215932931807
6786,6.513215932931807
6787,6.513215932931807
6788,6.513215932931807
6789,6.513215932931807
6790,6.513215932931807
6791,6.513215932931807
6792,6.513215932931807
6793,6.513215932931807
6794,6.513215932931807
6795,6.513215932931807
6796,6.513215932931807
6797,6.513215932931807
6798,6.513215932931807
6799,6.513215932931807
6800,6.513215932931807
6801,6.513215932931807
6802,6.513215932931807
6803,6.513215932931807
6804,6.513215932931807
6805,6.513215932931807
6806,6.513215932931807
6807,6.513215932931807
6808,6.513215932931807
6809,6.513215932931807
6810,6.513215932931807
6811,6.513215932931807
6812,6.513215932931807
6813,6.513215932931807
6814,6.513215932931807
6815,6.513215932931807
6816,6.513215932931807
6817,6.513215932931807
6818,6.513215932931807
6819,6.513215932931807
6820,6.513215932931807
6821,6.513215932931807
6822,6.513215932931807
6823,6.513215932931807
6824,6.513215932931807
6825,6.513215932931807
6826,6.513215932931807
6827,6.513215932931807
6828,6.513215932931807
6829,6.513215932931807
6830,6.513215932931807
6831,6.513215932931807
6832,6.513215932931807
6833,6.513215932931807
6834,6.513215932931807
6835,6.513215932931807
6836,6.513215932931807
6837,6.513215932931807
6838,6.513215932931807
6839,6.513215932931807
6840,6.513215932931807
6841,6.513215932931807
6842,6.513215932931807
6843,6.513215932931807
6844,6.513215932931807
6845,6.513215932931807
6846,6.513215932931807
6847,6.513215932931807
6848,6.513215932931807
6849,6.513215932931807
6850,6.513215932931807
6851,6.513215932931807
6852,6.513215932931807
6853,6.513215932931807
6854,6.513215932931807
6855,6.513215932931807
6856,6.513215932931807
6857,6.513215932931807
6858,6.513215932931807
6859,6.513215932931807
6860,6.513215932931807
6861,6.513215932931807
6862,6.513215932931807
6863,6.513215932931807
6864,6.513215932931807
6865,6.513215932931807
6866,6.513215932931807
6867,6.513215932931807
6868,6.513215932931807
6869,6.513215932931807
6870,6.513215932931807
6871,6.513215932931807
6872,6.513215932931807
6873,6.513215932931807
6874,6.513215932931807
6875,6.513215932931807
6876,6.513215932931807
6877,6.513215932931807
6878,6.513215932931807
6879,6.513215932931807
6880,6.513215932931807
6881,6.513215932931807
6882,6.513215932931807
6883,6.513215932931807
6884,6.513215932931807
6885,6.513215932931807
6886,6.513215932931807
6887,6.513215932931807
6888,6.513215932931807
6889,6.513215932931807
6890,6.513215932931807
6891,6.513215932931807
6892,6.513215932931807
6893,6.513215932931807
6894,6.513215932931807
6895,6.513215932931807
6896,6.513215932931807
6897,6.513215932931807
6898,6.513215932931807
6899,6.513215932931807
6900,6.513215932931807
6901,6.513215932931807
6902,6.513215932931807
6903,6.513215932931807
6904,6.513215932931807
6905,6.513215932931807
6906,6.513215932931807
6907,6.513215932931807
6908,6.513215932931807
6909,6.513215932931807
6910,6.513215932931807
6911,6.513215932931807
6912,6.513215932931807
6913,6.513215932931807
6914,6.513215932931807
6915,6.513215932931807
6916,6.513215932931807
6917,6.513215932931807
6918,6.513215932931807
6919,6.513215932931807
6920,6.513215932931807
6921,6.513215932931807
6922,6.513215932931807
6923,6.513215932931807
6924,6.513215932931807
6925,6.513215932931807
6926,6.513215932931807
6927,6.513215932931807
6928,6.513215932931807
6929,6.513215932931807
6930,6.513215932931807
6931,6.513215932931807
6932,6.513215932931807
6933,6.513215932931807
6934,6.513215932931807
6935,6.513215932931807
6936,6.513215932931807
6937,6.513215932931807
6938,6.513215932931807
6939,6.513215932931807
6940,6.513215932931807
6941,6.513215932931807
6942,6.513215932931807
6943,6.513215932931807
6944,6.513215932931807
6945,6.513215932931807
6946,6.513215932931807
6947,6.513215932931807
6948,6.513215932931807
6949,6.513215932931807
6950,6.513215932931807
6951,6.513215932931807
6952,6.513215932931807
6953,6.513215932931807
6954,6.513215932931807
6955,6.513215932931807
6956,6.513215932931807
6957,6.513215932931807
6958,6.513215932931807
6959,6.513215932931807
6960,6.513215932931807
6961,6.513215932931807
6962,6.513215932931807
6963,6.513215932931807
6964,6.513215932931807
6965,6.513215932931807
6966,6.513215932931807
6967,6.513215932931807
6968,6.513215932931807
6969,6.513215932931807
6970,6.513215932931807
6971,6.513215932931807
6972,6.513215932931807
6973,6.513215932931807
6974,6.513215932931807
6975,6.513215932931807
6976,6.513215932931807
6977,6.513215932931807
6978,6.513215932931807
6979,6.513215932931807
6980,6.513215932931807
6981,6.513215932931807
6982,6.513215932931807
6983,6.513215932931807
6984,6.513215932931807
6985,6.513215932931807
6986,6.513215932931807
6987,6.513215932931807
6988,6.513215932931807
6989,6.513215932931807
6990,6.513215932931807
6991,6.513215932931807
6992,6.513215932931807
6993,6.513215932931807
6994,6.513215932931807
6995,6.513215932931807
6996,6.513215932931807
6997,6.513215932931807
6998,6.513215932931807
6999,6.513215932931807
7000,6.513215932931807
7001,6.513215932931807
7002,6.513215932931807
7003,6.513215932931807
7004,6.513215932931807
7005,6.513215932931807
7006,6.513215932931807
7007,6.513215932931807
7008,6.513215932931807
7009,6.513215932931807
7010,6.513215932931807
7011,6.513215932931807
7012,6.513215932931807
7013,6.513215932931807
7014,6.513215932931807
7015,6.513215932931807
7016,6.513215932931807
7017,6.513215932931807
7018,6.513215932931807
7019,6.513215932931807
7020,6.513215932931807
7021,6.513215932931807
7022,6.513215932931807
7023,6.513215932931807
7024,6.513215932931807
7025,6.513215932931807
7026,6.513215932931807
7027,6.513215932931807
7028,6.513215932931807
7029,6.513215932931807
7030,6.513215932931807
7031,6.513215932931807
7032,6.513215932931807
7033,6.513215932931807
7034,6.513215932931807
7035,6.513215932931807
7036,6.513215932931807
7037,6.513215932931807
7038,6.513215932931807
7039,6.513215932931807
7040,6.513215932931807
7041,6.513215932931807
7042,6.513215932931807
7043,6.513215932931807
7044,6.513215932931807
7045,6.513215932931807
7046,6.513215932931807
7047,6.513215932931807
7048,6.513215932931807
7049,6.513215932931807
7050,6.513215932931807
7051,6.513215932931807
7052,6.513215932931807
7053,6.513215932931807
7054,6.513215932931807
7055,6.513215932931807
7056,6.513215932931807
7057,6.513215932931807
7058,6.513215932931807
7059,6.513215932931807
7060,6.513215932931807
7061,6.513215932931807
7062,6.513215932931807
7063,6.513215932931807
7064,6.513215932931807
7065,6.513215932931807
7066,6.513215932931807
7067,6.513215932931807
7068,6.513215932931807
7069,6.513215932931807
7070,6.513215932931807
7071,6.513215932931807
7072,6.513215932931807
7073,6.513215932931807
7074,6.513215932931807
7075,6.513215932931807
7076,6.513215932931807
7077,6.513215932931807
7078,6.513215932931807
7079,6.513215932931807
7080,6.513215932931807
7081,6.513215932931807
7082,6.513215932931807
7083,6.513215932931807
7084,6.513215932931807
7085,6.513215932931807
7086,6.513215932931807
7087,6.513215932931807
7088,6.513215932931807
7089,6.513215932931807
7090,6.513215932931807
7091,6.513215932931807
7092,6.513215932931807
7093,6.513215932931807
7094,6.513215932931807
7095,6.513215932931807
7096,6.513215932931807
7097,6.513215932931807
7098,6.513215932931807
7099,6.513215932931807
7100,6.513215932931807
7101,6.513215932931807
7102,6.513215932931807
7103,6.513215932931807
7104,6.513215932931807
7105,6.513215932931807
7106,6.513215932931807
7107,6.513215932931807
7108,6.513215932931807
7109,6.513215932931807
7110,6.513215932931807
7111,6.513215932931807
7112,6.513215932931807
7113,6.513215932931807
7114,6.513215932931807
7115,6.513215932931807
7116,6.513215932931807
7117,6.513215932931807
7118,6.513215932931807
7119,6.513215932931807
7120,6.513215932931807
7121,6.513215932931807
7122,6.513215932931807
7123,6.513215932931807
7124,6.513215932931807
7125,6.513215932931807
7126,6.513215932931807
7127,6.513215932931807
7128,6.513215932931807
7129,6.513215932931807
7130,6.513215932931807
7131,6.513215932931807
7132,6.513215932931807
7133,6.513215932931807
7134,6.513215932931807
7135,6.513215932931807
7136,6.513215932931807
7137,6.513215932931807
7138,6.513215932931807
7139,6.513215932931807
7140,6.513215932931807
7141,6.513215932931807
7142,6.513215932931807
7143,6.513215932931807
7144,6.513215932931807
7145,6.513215932931807
7146,6.513215932931807
7147,6.513215932931807
7148,6.513215932931807
7149,6.513215932931807
7150,6.513215932931807
7151,6.513215932931807
7152,6.513215932931807
7153,6.513215932931807
7154,6.513215932931807
7155,6.513215932931807
7156,6.513215932931807
7157,6.513215932931807
7158,6.513215932931807
7159,6.513215932931807
7160,6.513215932931807
7161,6.513215932931807
7162,6.513215932931807
7163,6.513215932931807
7164,6.513215932931807
7165,6.513215932931807
7166,6.513215932931807
7167,6.513215932931807
7168,6.513215932931807
7169,6.513215932931807
7170,6.513215932931807
7171,6.513215932931807
7172,6.513215932931807
7173,6.513215932931807
7174,6.513215932931807
7175,6.513215932931807
7176,6.513215932931807
7177,6.513215932931807
7178,6.513215932931807
7179,6.513215932931807
7180,6.513215932931807
7181,6.513215932931807
7182,6.513215932931807
7183,6.513215932931807
7184,6.513215932931807
7185,6.513215932931807
7186,6.513215932931807
7187,6.513215932931807
7188,6.513215932931807
7189,6.513215932931807
7190,6.513215932931807
7191,6.513215932931807
7192,6.513215932931807
7193,6.513215932931807
7194,6.513215932931807
7195,6.513215932931807
7196,6.513215932931807
7197,6.513215932931807
7198,6.513215932931807
7199,6.513215932931807
7200,6.513215932931807
7201,6.513215932931807
7202,6.513215932931807
7203,6.513215932931807
7204,6.513215932931807
7205,6.513215932931807
7206,6.513215932931807
7207,6.513215932931807
7208,6.513215932931807
7209,6.513215932931807
7210,6.513215932931807
7211,6.513215932931807
7212,6.513215932931807
7213,6.513215932931807
7214,6.513215932931807
7215,6.513215932931807
7216,6.513215932931807
7217,6.513215932931807
7218,6.513215932931807
7219,6.513215932931807
7220,6.513215932931807
7221,6.513215932931807
7222,6.513215932931807
7223,6.513215932931807
7224,6.513215932931807
7225,6.513215932931807
7226,6.513215932931807
7227,6.513215932931807
7228,6.513215932931807
7229,6.513215932931807
7230,6.513215932931807
7231,6.513215932931807
7232,6.513215932931807
7233,6.513215932931807
7234,6.513215932931807
7235,6.513215932931807
7236,6.513215932931807
7237,6.513215932931807
7238,6.513215932931807
7239,6.513215932931807
7240,6.513215932931807
7241,6.513215932931807
7242,6.513215932931807
7243,6.513215932931807
7244,6.513215932931807
7245,6.513215932931807
7246,6.513215932931807
7247,6.513215932931807
7248,6.513215932931807
7249,6.513215932931807
7250,6.513215932931807
7251,6.513215932931807
7252,6.513215932931807
7253,6.513215932931807
7254,6.513215932931807
7255,6.513215932931807
7256,6.513215932931807
7257,6.513215932931807
7258,6.513215932931807
7259,6.513215932931807
7260,6.513215932931807
7261,6.513215932931807
7262,6.513215932931807
7263,6.513215932931807
7264,6.513215932931807
7265,6.513215932931807
7266,6.513215932931807
7267,6.513215932931807
7268,6.513215932931807
7269,6.513215932931807
7270,6.513215932931807
7271,6.513215932931807
7272,6.513215932931807
7273,6.513215932931807
7274,6.513215932931807
7275,6.513215932931807
7276,6.513215932931807
7277,6.513215932931807
7278,6.513215932931807
7279,6.513215932931807
7280,6.513215932931807
7281,6.513215932931807
7282,6.513215932931807
7283,6.513215932931807
7284,6.513215932931807
7285,6.513215932931807
7286,6.513215932931807
7287,6.513215932931807
7288,6.513215932931807
7289,6.513215932931807
7290,6.513215932931807
7291,6.513215932931807
7292,6.513215932931807
7293,6.513215932931807
7294,6.513215932931807
7295,6.513215932931807
7296,6.513215932931807
7297,6.513215932931807
7298,6.513215932931807
7299,6.513215932931807
7300,6.513215932931807
7301,6.513215932931807
7302,6.513215932931807
7303,6.513215932931807
7304,6.513215932931807
7305,6.513215932931807
7306,6.513215932931807
7307,6.513215932931807
7308,6.513215932931807
7309,6.513215932931807
7310,6.513215932931807
7311,6.513215932931807
7312,6.513215932931807
7313,6.513215932931807
7314,6.513215932931807
7315,6.513215932931807
7316,6.513215932931807
7317,6.513215932931807
7318,6.513215932931807
7319,6.513215932931807
7320,6.513215932931807
7321,6.513215932931807
7322,6.513215932931807
7323,6.513215932931807
7324,6.513215932931807
7325,6.513215932931807
7326,6.513215932931807
7327,6.513215932931807
7328,6.513215932931807
7329,6.513215932931807
7330,6.513215932931807
7331,6.513215932931807
7332,6.513215932931807
7333,6.513215932931807
7334,6.513215932931807
7335,6.513215932931807
7336,6.513215932931807
7337,6.513215932931807
7338,6.513215932931807
7339,6.513215932931807
7340,6.513215932931807
7341,6.513215932931807
7342,6.513215932931807
7343,6.513215932931807
7344,6.513215932931807
7345,6.513215932931807
7346,6.513215932931807
7347,6.513215932931807
7348,6.513215932931807
7349,6.513215932931807
7350,6.513215932931807
7351,6.513215932931807
7352,6.513215932931807
7353,6.513215932931807
7354,6.513215932931807
7355,6.513215932931807
7356,6.513215932931807
7357,6.513215932931807
7358,6.513215932931807
7359,6.513215932931807
7360,6.513215932931807
7361,6.513215932931807
7362,6.513215932931807
7363,6.513215932931807
7364,6.513215932931807
7365,6.513215932931807
7366,6.513215932931807
7367,6.513215932931807
7368,6.513215932931807
7369,6.513215932931807
7370,6.513215932931807
7371,6.513215932931807
7372,6.513215932931807
7373,6.513215932931807
7374,6.513215932931807
7375,6.513215932931807
7376,6.513215932931807
7377,6.513215932931807
7378,6.513215932931807
7379,6.513215932931807
7380,6.513215932931807
7381,6.513215932931807
7382,6.513215932931807
7383,6.513215932931807
7384,6.513215932931807
7385,6.513215932931807
7386,6.513215932931807
7387,6.513215932931807
7388,6.513215932931807
7389,6.513215932931807
7390,6.513215932931807
7391,6.513215932931807
7392,6.513215932931807
7393,6.513215932931807
7394,6.513215932931807
7395,6.513215932931807
7396,6.513215932931807
7397,6.513215932931807
7398,6.513215932931807
7399,6.513215932931807
7400,6.513215932931807
7401,6.513215932931807
7402,6.513215932931807
7403,6.513215932931807
7404,6.513215932931807
7405,6.513215932931807
7406,6.513215932931807
7407,6.513215932931807
7408,6.513215932931807
7409,6.513215932931807
7410,6.513215932931807
7411,6.513215932931807
7412,6.513215932931807
7413,6.513215932931807
7414,6.513215932931807
7415,6.513215932931807
7416,6.513215932931807
7417,6.513215932931807
7418,6.513215932931807
7419,6.513215932931807
7420,6.513215932931807
7421,6.513215932931807
7422,6.513215932931807
7423,6.513215932931807
7424,6.513215932931807
7425,6.513215932931807
7426,6.513215932931807
7427,6.513215932931807
7428,6.513215932931807
7429,6.513215932931807
7430,6.513215932931807
7431,6.513215932931807
7432,6.513215932931807
7433,6.513215932931807
7434,6.513215932931807
7435,6.513215932931807
7436,6.513215932931807
7437,6.513215932931807
7438,6.513215932931807
7439,6.513215932931807
7440,6.513215932931807
7441,6.513215932931807
7442,6.513215932931807
7443,6.513215932931807
7444,6.513215932931807
7445,6.513215932931807
7446,6.513215932931807
7447,6.513215932931807
7448,6.513215932931807
7449,6.513215932931807
7450,6.513215932931807
7451,6.513215932931807
7452,6.513215932931807
7453,6.513215932931807
7454,6.513215932931807
7455,6.513215932931807
7456,6.513215932931807
7457,6.513215932931807
7458,6.513215932931807
7459,6.513215932931807
7460,6.513215932931807
7461,6.513215932931807
7462,6.513215932931807
7463,6.513215932931807
7464,6.513215932931807
7465,6.513215932931807
7466,6.513215932931807
7467,6.513215932931807
7468,6.513215932931807
7469,6.513215932931807
7470,6.513215932931807
7471,6.513215932931807
7472,6.513215932931807
7473,6.513215932931807
7474,6.513215932931807
7475,6.513215932931807
7476,6.513215932931807
7477,6.513215932931807
7478,6.513215932931807
7479,6.513215932931807
7480,6.513215932931807
7481,6.513215932931807
7482,6.513215932931807
7483,6.513215932931807
7484,6.513215932931807
7485,6.513215932931807
7486,6.513215932931807
7487,6.513215932931807
7488,6.513215932931807
7489,6.513215932931807
7490,6.513215932931807
7491,6.513215932931807
7492,6.513215932931807
7493,6.513215932931807
7494,6.513215932931807
7495,6.513215932931807
7496,6.513215932931807
7497,6.513215932931807
7498,6.513215932931807
7499,6.513215932931807
7500,6.513215932931807
7501,6.513215932931807
7502,6.513215932931807
7503,6.513215932931807
7504,6.513215932931807
7505,6.513215932931807
7506,6.513215932931807
7507,6.513215932931807
7508,6.513215932931807
7509,6.513215932931807
7510,6.513215932931807
7511,6.513215932931807
7512,6.513215932931807
7513,6.513215932931807
7514,6.513215932931807
7515,6.513215932931807
7516,6.513215932931807
7517,6.513215932931807
7518,6.513215932931807
7519,6.513215932931807
7520,6.513215932931807
7521,6.513215932931807
7522,6.513215932931807
7523,6.513215932931807
7524,6.513215932931807
7525,6.513215932931807
7526,6.513215932931807
7527,6.513215932931807
7528,6.513215932931807
7529,6.513215932931807
7530,6.513215932931807
7531,6.513215932931807
7532,6.513215932931807
7533,6.513215932931807
7534,6.513215932931807
7535,6.513215932931807
7536,6.513215932931807
7537,6.513215932931807
7538,6.513215932931807
7539,6.513215932931807
7540,6.513215932931807
7541,6.513215932931807
7542,6.513215932931807
7543,6.513215932931807
7544,6.513215932931807
7545,6.513215932931807
7546,6.513215932931807
7547,6.513215932931807
7548,6.513215932931807
7549,6.513215932931807
7550,6.513215932931807
7551,6.513215932931807
7552,6.513215932931807
7553,6.513215932931807
7554,6.513215932931807
7555,6.513215932931807
7556,6.513215932931807
7557,6.513215932931807
7558,6.513215932931807
7559,6.513215932931807
7560,6.513215932931807
7561,6.513215932931807
7562,6.513215932931807
7563,6.513215932931807
7564,6.513215932931807
7565,6.513215932931807
7566,6.513215932931807
7567,6.513215932931807
7568,6.513215932931807
7569,6.513215932931807
7570,6.513215932931807
7571,6.513215932931807
7572,6.513215932931807
7573,6.513215932931807
7574,6.513215932931807
7575,6.513215932931807
7576,6.513215932931807
7577,6.513215932931807
7578,6.513215932931807
7579,6.513215932931807
7580,6.513215932931807
7581,6.513215932931807
7582,6.513215932931807
7583,6.513215932931807
7584,6.513215932931807
7585,6.513215932931807
7586,6.513215932931807
7587,6.513215932931807
7588,6.513215932931807
7589,6.513215932931807
7590,6.513215932931807
7591,6.513215932931807
7592,6.513215932931807
7593,6.513215932931807
7594,6.513215932931807
7595,6.513215932931807
7596,6.513215932931807
7597,6.513215932931807
7598,6.513215932931807
7599,6.513215932931807
7600,6.513215932931807
7601,6.513215932931807
7602,6.513215932931807
7603,6.513215932931807
7604,6.513215932931807
7605,6.513215932931807
7606,6.513215932931807
7607,6.513215932931807
7608,6.513215932931807
7609,6.513215932931807
7610,6.513215932931807
7611,6.513215932931807
7612,6.513215932931807
7613,6.513215932931807
7614,6.513215932931807
7615,6.513215932931807
7616,6.513215932931807
7617,6.513215932931807
7618,6.513215932931807
7619,6.513215932931807
7620,6.513215932931807
7621,6.513215932931807
7622,6.513215932931807
7623,6.513215932931807
7624,6.513215932931807
7625,6.513215932931807
7626,6.513215932931807
7627,6.513215932931807
7628,6.513215932931807
7629,6.513215932931807
7630,6.513215932931807
7631,6.513215932931807
7632,6.513215932931807
7633,6.513215932931807
7634,6.513215932931807
7635,6.513215932931807
7636,6.513215932931807
7637,6.513215932931807
7638,6.513215932931807
7639,6.513215932931807
7640,6.513215932931807
7641,6.513215932931807
7642,6.513215932931807
7643,6.513215932931807
7644,6.513215932931807
7645,6.513215932931807
7646,6.513215932931807
7647,6.513215932931807
7648,6.513215932931807
7649,6.513215932931807
7650,6.513215932931807
7651,6.513215932931807
7652,6.513215932931807
7653,6.513215932931807
7654,6.513215932931807
7655,6.513215932931807
7656,6.513215932931807
7657,6.513215932931807
7658,6.513215932931807
7659,6.513215932931807
7660,6.513215932931807
7661,6.513215932931807
7662,6.513215932931807
7663,6.513215932931807
7664,6.513215932931807
7665,6.513215932931807
7666,6.513215932931807
7667,6.513215932931807
7668,6.513215932931807
7669,6.513215932931807
7670,6.513215932931807
7671,6.513215932931807
7672,6.513215932931807
7673,6.513215932931807
7674,6.513215932931807
7675,6.513215932931807
7676,6.513215932931807
7677,6.513215932931807
7678,6.513215932931807
7679,6.513215932931807
7680,6.513215932931807
7681,6.513215932931807
7682,6.513215932931807
7683,6.513215932931807
7684,6.513215932931807
7685,6.513215932931807
7686,6.513215932931807
7687,6.513215932931807
7688,6.513215932931807
7689,6.513215932931807
7690,6.513215932931807
7691,6.513215932931807
7692,6.513215932931807
7693,6.513215932931807
7694,6.513215932931807
7695,6.513215932931807
7696,6.513215932931807
7697,6.513215932931807
7698,6.513215932931807
7699,6.513215932931807
7700,6.513215932931807
7701,6.513215932931807
7702,6.513215932931807
7703,6.513215932931807
7704,6.513215932931807
7705,6.513215932931807
7706,6.513215932931807
7707,6.513215932931807
7708,6.513215932931807
7709,6.513215932931807
7710,6.513215932931807
7711,6.513215932931807
7712,6.513215932931807
7713,6.513215932931807
7714,6.513215932931807
7715,6.513215932931807
7716,6.513215932931807
7717,6.513215932931807
7718,6.513215932931807
7719,6.513215932931807
7720,6.513215932931807
7721,6.513215932931807
7722,6.513215932931807
7723,6.513215932931807
7724,6.513215932931807
7725,6.513215932931807
7726,6.513215932931807
7727,6.513215932931807
7728,6.513215932931807
7729,6.513215932931807
7730,6.513215932931807
7731,6.513215932931807
7732,6.513215932931807
7733,6.513215932931807
7734,6.513215932931807
7735,6.513215932931807
7736,6.513215932931807
7737,6.513215932931807
7738,6.513215932931807
7739,6.513215932931807
7740,6.513215932931807
7741,6.513215932931807
7742,6.513215932931807
7743,6.513215932931807
7744,6.513215932931807
7745,6.513215932931807
7746,6.513215932931807
7747,6.513215932931807
7748,6.513215932931807
7749,6.513215932931807
7750,6.513215932931807
7751,6.513215932931807
7752,6.513215932931807
7753,6.513215932931807
7754,6.513215932931807
7755,6.513215932931807
7756,6.513215932931807
7757,6.513215932931807
7758,6.513215932931807
7759,6.513215932931807
7760,6.513215932931807
7761,6.513215932931807
7762,6.513215932931807
7763,6.513215932931807
7764,6.513215932931807
7765,6.513215932931807
7766,6.513215932931807
7767,6.513215932931807
7768,6.513215932931807
7769,6.513215932931807
7770,6.513215932931807
7771,6.513215932931807
7772,6.513215932931807
7773,6.513215932931807
7774,6.513215932931807
7775,6.513215932931807
7776,6.513215932931807
7777,6.513215932931807
7778,6.513215932931807
7779,6.513215932931807
7780,6.513215932931807
7781,6.513215932931807
7782,6.513215932931807
7783,6.513215932931807
7784,6.513215932931807
7785,6.513215932931807
7786,6.513215932931807
7787,6.513215932931807
7788,6.513215932931807
7789,6.513215932931807
7790,6.513215932931807
7791,6.513215932931807
7792,6.513215932931807
7793,6.513215932931807
7794,6.513215932931807
7795,6.513215932931807
7796,6.513215932931807
7797,6.513215932931807
7798,6.513215932931807
7799,6.513215932931807
7800,6.513215932931807
7801,6.513215932931807
7802,6.513215932931807
7803,6.513215932931807
7804,6.513215932931807
7805,6.513215932931807
7806,6.513215932931807
7807,6.513215932931807
7808,6.513215932931807
7809,6.513215932931807
7810,6.513215932931807
7811,6.513215932931807
7812,6.513215932931807
7813,6.513215932931807
7814,6.513215932931807
7815,6.513215932931807
7816,6.513215932931807
7817,6.513215932931807
7818,6.513215932931807
7819,6.513215932931807
7820,6.513215932931807
7821,6.513215932931807
7822,6.513215932931807
7823,6.513215932931807
7824,6.513215932931807
7825,6.513215932931807
7826,6.513215932931807
7827,6.513215932931807
7828,6.513215932931807
7829,6.513215932931807
7830,6.513215932931807
7831,6.513215932931807
7832,6.513215932931807
7833,6.513215932931807
7834,6.513215932931807
7835,6.513215932931807
7836,6.513215932931807
7837,6.513215932931807
7838,6.513215932931807
7839,6.513215932931807
7840,6.513215932931807
7841,6.513215932931807
7842,6.513215932931807
7843,6.513215932931807
7844,6.513215932931807
7845,6.513215932931807
7846,6.513215932931807
7847,6.513215932931807
7848,6.513215932931807
7849,6.513215932931807
7850,6.513215932931807
7851,6.513215932931807
7852,6.513215932931807
7853,6.513215932931807
7854,6.513215932931807
7855,6.513215932931807
7856,6.513215932931807
7857,6.513215932931807
7858,6.513215932931807
7859,6.513215932931807
7860,6.513215932931807
7861,6.513215932931807
7862,6.513215932931807
7863,6.513215932931807
7864,6.513215932931807
7865,6.513215932931807
7866,6.513215932931807
7867,6.513215932931807
7868,6.513215932931807
7869,6.513215932931807
7870,6.513215932931807
7871,6.513215932931807
7872,6.513215932931807
7873,6.513215932931807
7874,6.513215932931807
7875,6.513215932931807
7876,6.513215932931807
7877,6.513215932931807
7878,6.513215932931807
7879,6.513215932931807
7880,6.513215932931807
7881,6.513215932931807
7882,6.513215932931807
7883,6.513215932931807
7884,6.513215932931807
7885,6.513215932931807
7886,6.513215932931807
7887,6.513215932931807
7888,6.513215932931807
7889,6.513215932931807
7890,6.513215932931807
7891,6.513215932931807
7892,6.513215932931807
7893,6.513215932931807
7894,6.513215932931807
7895,6.513215932931807
7896,6.513215932931807
7897,6.513215932931807
7898,6.513215932931807
7899,6.513215932931807
7900,6.513215932931807
7901,6.513215932931807
7902,6.513215932931807
7903,6.513215932931807
7904,6.513215932931807
7905,6.513215932931807
7906,6.513215932931807
7907,6.513215932931807
7908,6.513215932931807
7909,6.513215932931807
7910,6.513215932931807
7911,6.513215932931807
7912,6.513215932931807
7913,6.513215932931807
7914,6.513215932931807
7915,6.513215932931807
7916,6.513215932931807
7917,6.513215932931807
7918,6.513215932931807
7919,6.513215932931807
7920,6.513215932931807
7921,6.513215932931807
7922,6.513215932931807
7923,6.513215932931807
7924,6.513215932931807
7925,6.513215932931807
7926,6.513215932931807
7927,6.513215932931807
7928,6.513215932931807
7929,6.513215932931807
7930,6.513215932931807
7931,6.513215932931807
7932,6.513215932931807
7933,6.513215932931807
7934,6.513215932931807
7935,6.513215932931807
7936,6.513215932931807
7937,6.513215932931807
7938,6.513215932931807
7939,6.513215932931807
7940,6.513215932931807
7941,6.513215932931807
7942,6.513215932931807
7943,6.513215932931807
7944,6.513215932931807
7945,6.513215932931807
7946,6.513215932931807
7947,6.513215932931807
7948,6.513215932931807
7949,6.513215932931807
7950,6.513215932931807
7951,6.513215932931807
7952,6.513215932931807
7953,6.513215932931807
7954,6.513215932931807
7955,6.513215932931807
7956,6.513215932931807
7957,6.513215932931807
7958,6.513215932931807
7959,6.513215932931807
7960,6.513215932931807
7961,6.513215932931807
7962,6.513215932931807
7963,6.513215932931807
7964,6.513215932931807
7965,6.513215932931807
7966,6.513215932931807
7967,6.513215932931807
7968,6.513215932931807
7969,6.513215932931807
7970,6.513215932931807
7971,6.513215932931807
7972,6.513215932931807
7973,6.513215932931807
7974,6.513215932931807
7975,6.513215932931807
7976,6.513215932931807
7977,6.513215932931807
7978,6.513215932931807
7979,6.513215932931807
7980,6.513215932931807
7981,6.513215932931807
7982,6.513215932931807
7983,6.513215932931807
7984,6.513215932931807
7985,6.513215932931807
7986,6.513215932931807
7987,6.513215932931807
7988,6.513215932931807
7989,6.513215932931807
7990,6.513215932931807
7991,6.513215932931807
7992,6.513215932931807
7993,6.513215932931807
7994,6.513215932931807
7995,6.513215932931807
7996,6.513215932931807
7997,6.513215932931807
7998,6.513215932931807
7999,6.513215932931807
8000,6.513215932931807
8001,6.513215932931807
8002,6.513215932931807
8003,6.513215932931807
8004,6.513215932931807
8005,6.513215932931807
8006,6.513215932931807
8007,6.513215932931807
8008,6.513215932931807
8009,6.513215932931807
8010,6.513215932931807
8011,6.513215932931807
8012,6.513215932931807
8013,6.513215932931807
8014,6.513215932931807
8015,6.513215932931807
8016,6.513215932931807
8017,6.513215932931807
8018,6.513215932931807
8019,6.513215932931807
8020,6.513215932931807
8021,6.513215932931807
8022,6.513215932931807
8023,6.513215932931807
8024,6.513215932931807
8025,6.513215932931807
8026,6.513215932931807
8027,6.513215932931807
8028,6.513215932931807
8029,6.513215932931807
8030,6.513215932931807
8031,6.513215932931807
8032,6.513215932931807
8033,6.513215932931807
8034,6.513215932931807
8035,6.513215932931807
8036,6.513215932931807
8037,6.513215932931807
8038,6.513215932931807
8039,6.513215932931807
8040,6.513215932931807
8041,6.513215932931807
8042,6.513215932931807
8043,6.513215932931807
8044,6.513215932931807
8045,6.513215932931807
8046,6.513215932931807
8047,6.513215932931807
8048,6.513215932931807
8049,6.513215932931807
8050,6.513215932931807
8051,6.513215932931807
8052,6.513215932931807
8053,6.513215932931807
8054,6.513215932931807
8055,6.513215932931807
8056,6.513215932931807
8057,6.513215932931807
8058,6.513215932931807
8059,6.513215932931807
8060,6.513215932931807
8061,6.513215932931807
8062,6.513215932931807
8063,6.513215932931807
8064,6.513215932931807
8065,6.513215932931807
8066,6.513215932931807
8067,6.513215932931807
8068,6.513215932931807
8069,6.513215932931807
8070,6.513215932931807
8071,6.513215932931807
8072,6.513215932931807
8073,6.513215932931807
8074,6.513215932931807
8075,6.513215932931807
8076,6.513215932931807
8077,6.513215932931807
8078,6.513215932931807
8079,6.513215932931807
8080,6.513215932931807
8081,6.513215932931807
8082,6.513215932931807
8083,6.513215932931807
8084,6.513215932931807
8085,6.513215932931807
8086,6.513215932931807
8087,6.513215932931807
8088,6.513215932931807
8089,6.513215932931807
8090,6.513215932931807
8091,6.513215932931807
8092,6.513215932931807
8093,6.513215932931807
8094,6.513215932931807
8095,6.513215932931807
8096,6.513215932931807
8097,6.513215932931807
8098,6.513215932931807
8099,6.513215932931807
8100,6.513215932931807
8101,6.513215932931807
8102,6.513215932931807
8103,6.513215932931807
8104,6.513215932931807
8105,6.513215932931807
8106,6.513215932931807
8107,6.513215932931807
8108,6.513215932931807
8109,6.513215932931807
8110,6.513215932931807
8111,6.513215932931807
8112,6.513215932931807
8113,6.513215932931807
8114,6.513215932931807
8115,6.513215932931807
8116,6.513215932931807
8117,6.513215932931807
8118,6.513215932931807
8119,6.513215932931807
8120,6.513215932931807
8121,6.513215932931807
8122,6.513215932931807
8123,6.513215932931807
8124,6.513215932931807
8125,6.513215932931807
8126,6.513215932931807
8127,6.513215932931807
8128,6.513215932931807
8129,6.513215932931807
8130,6.513215932931807
8131,6.513215932931807
8132,6.513215932931807
8133,6.513215932931807
8134,6.513215932931807
8135,6.513215932931807
8136,6.513215932931807
8137,6.513215932931807
8138,6.513215932931807
8139,6.513215932931807
8140,6.513215932931807
8141,6.513215932931807
8142,6.513215932931807
8143,6.513215932931807
8144,6.513215932931807
8145,6.513215932931807
8146,6.513215932931807
8147,6.513215932931807
8148,6.513215932931807
8149,6.513215932931807
8150,6.513215932931807
8151,6.513215932931807
8152,6.513215932931807
8153,6.513215932931807
8154,6.513215932931807
8155,6.513215932931807
8156,6.513215932931807
8157,6.513215932931807
8158,6.513215932931807
8159,6.513215932931807
8160,6.513215932931807
8161,6.513215932931807
8162,6.513215932931807
8163,6.513215932931807
8164,6.513215932931807
8165,6.513215932931807
8166,6.513215932931807
8167,6.513215932931807
8168,6.513215932931807
8169,6.513215932931807
8170,6.513215932931807
8171,6.513215932931807
8172,6.513215932931807
8173,6.513215932931807
8174,6.513215932931807
8175,6.513215932931807
8176,6.513215932931807
8177,6.513215932931807
8178,6.513215932931807
8179,6.513215932931807
8180,6.513215932931807
8181,6.513215932931807
8182,6.513215932931807
8183,6.513215932931807
8184,6.513215932931807
8185,6.513215932931807
8186,6.513215932931807
8187,6.513215932931807
8188,6.513215932931807
8189,6.513215932931807
8190,6.513215932931807
8191,6.513215932931807
8192,6.513215932931807
8193,6.513215932931807
8194,6.513215932931807
8195,6.513215932931807
8196,6.513215932931807
8197,6.513215932931807
8198,6.513215932931807
8199,6.513215932931807
8200,6.513215932931807
8201,6.513215932931807
8202,6.513215932931807
8203,6.513215932931807
8204,6.513215932931807
8205,6.513215932931807
8206,6.513215932931807
8207,6.513215932931807
8208,6.513215932931807
8209,6.513215932931807
8210,6.513215932931807
8211,6.513215932931807
8212,6.513215932931807
8213,6.513215932931807
8214,6.513215932931807
8215,6.513215932931807
8216,6.513215932931807
8217,6.513215932931807
8218,6.513215932931807
8219,6.513215932931807
8220,6.513215932931807
8221,6.513215932931807
8222,6.513215932931807
8223,6.513215932931807
8224,6.513215932931807
8225,6.513215932931807
8226,6.513215932931807
8227,6.513215932931807
8228,6.513215932931807
8229,6.513215932931807
8230,6.513215932931807
8231,6.513215932931807
8232,6.513215932931807
8233,6.513215932931807
8234,6.513215932931807
8235,6.513215932931807
8236,6.513215932931807
8237,6.513215932931807
8238,6.513215932931807
8239,6.513215932931807
8240,6.513215932931807
8241,6.513215932931807
8242,6.513215932931807
8243,6.513215932931807
8244,6.513215932931807
8245,6.513215932931807
8246,6.513215932931807
8247,6.513215932931807
8248,6.513215932931807
8249,6.513215932931807
8250,6.513215932931807
8251,6.513215932931807
8252,6.513215932931807
8253,6.513215932931807
8254,6.513215932931807
8255,6.513215932931807
8256,6.513215932931807
8257,6.513215932931807
8258,6.513215932931807
8259,6.513215932931807
8260,6.513215932931807
8261,6.513215932931807
8262,6.513215932931807
8263,6.513215932931807
8264,6.513215932931807
8265,6.513215932931807
8266,6.513215932931807
8267,6.513215932931807
8268,6.513215932931807
8269,6.513215932931807
8270,6.513215932931807
8271,6.513215932931807
8272,6.513215932931807
8273,6.513215932931807
8274,6.513215932931807
8275,6.513215932931807
8276,6.513215932931807
8277,6.513215932931807
8278,6.513215932931807
8279,6.513215932931807
8280,6.513215932931807
8281,6.513215932931807
8282,6.513215932931807
8283,6.513215932931807
8284,6.513215932931807
8285,6.513215932931807
8286,6.513215932931807
8287,6.513215932931807
8288,6.513215932931807
8289,6.513215932931807
8290,6.513215932931807
8291,6.513215932931807
8292,6.513215932931807
8293,6.513215932931807
8294,6.513215932931807
8295,6.513215932931807
8296,6.513215932931807
8297,6.513215932931807
8298,6.513215932931807
8299,6.513215932931807
8300,6.513215932931807
8301,6.513215932931807
8302,6.513215932931807
8303,6.513215932931807
8304,6.513215932931807
8305,6.513215932931807
8306,6.513215932931807
8307,6.513215932931807
8308,6.513215932931807
8309,6.513215932931807
8310,6.513215932931807
8311,6.513215932931807
8312,6.513215932931807
8313,6.513215932931807
8314,6.513215932931807
8315,6.513215932931807
8316,6.513215932931807
8317,6.513215932931807
8318,6.513215932931807
8319,6.513215932931807
8320,6.513215932931807
8321,6.513215932931807
8322,6.513215932931807
8323,6.513215932931807
8324,6.513215932931807
8325,6.513215932931807
8326,6.513215932931807
8327,6.513215932931807
8328,6.513215932931807
8329,6.513215932931807
8330,6.513215932931807
8331,6.513215932931807
8332,6.513215932931807
8333,6.513215932931807
8334,6.513215932931807
8335,6.513215932931807
8336,6.513215932931807
8337,6.513215932931807
8338,6.513215932931807
8339,6.513215932931807
8340,6.513215932931807
8341,6.513215932931807
8342,6.513215932931807
8343,6.513215932931807
8344,6.513215932931807
8345,6.513215932931807
8346,6.513215932931807
8347,6.513215932931807
8348,6.513215932931807
8349,6.513215932931807
8350,6.513215932931807
8351,6.513215932931807
8352,6.513215932931807
8353,6.513215932931807
8354,6.513215932931807
8355,6.513215932931807
8356,6.513215932931807
8357,6.513215932931807
8358,6.513215932931807
8359,6.513215932931807
8360,6.513215932931807
8361,6.513215932931807
8362,6.513215932931807
8363,6.513215932931807
8364,6.513215932931807
8365,6.513215932931807
8366,6.513215932931807
8367,6.513215932931807
8368,6.513215932931807
8369,6.513215932931807
8370,6.513215932931807
8371,6.513215932931807
8372,6.513215932931807
8373,6.513215932931807
8374,6.513215932931807
8375,6.513215932931807
8376,6.513215932931807
8377,6.513215932931807
8378,6.513215932931807
8379,6.513215932931807
8380,6.513215932931807
8381,6.513215932931807
8382,6.513215932931807
8383,6.513215932931807
8384,6.513215932931807
8385,6.513215932931807
8386,6.513215932931807
8387,6.513215932931807
8388,6.513215932931807
8389,6.513215932931807
8390,6.513215932931807
8391,6.513215932931807
8392,6.513215932931807
8393,6.513215932931807
8394,6.513215932931807
8395,6.513215932931807
8396,6.513215932931807
8397,6.513215932931807
8398,6.513215932931807
8399,6.513215932931807
8400,6.513215932931807
8401,6.513215932931807
8402,6.513215932931807
8403,6.513215932931807
8404,6.513215932931807
8405,6.513215932931807
8406,6.513215932931807
8407,6.513215932931807
8408,6.513215932931807
8409,6.513215932931807
8410,6.513215932931807
8411,6.513215932931807
8412,6.513215932931807
8413,6.513215932931807
8414,6.513215932931807
8415,6.513215932931807
8416,6.513215932931807
8417,6.513215932931807
8418,6.513215932931807
8419,6.513215932931807
8420,6.513215932931807
8421,6.513215932931807
8422,6.513215932931807
8423,6.513215932931807
8424,6.513215932931807
8425,6.513215932931807
8426,6.513215932931807
8427,6.513215932931807
8428,6.513215932931807
8429,6.513215932931807
8430,6.513215932931807
8431,6.513215932931807
8432,6.513215932931807
8433,6.513215932931807
8434,6.513215932931807
8435,6.513215932931807
8436,6.513215932931807
8437,6.513215932931807
8438,6.513215932931807
8439,6.513215932931807
8440,6.513215932931807
8441,6.513215932931807
8442,6.513215932931807
8443,6.513215932931807
8444,6.513215932931807
8445,6.513215932931807
8446,6.513215932931807
8447,6.513215932931807
8448,6.513215932931807
8449,6.513215932931807
8450,6.513215932931807
8451,6.513215932931807
8452,6.513215932931807
8453,6.513215932931807
8454,6.513215932931807
8455,6.513215932931807
8456,6.513215932931807
8457,6.513215932931807
8458,6.513215932931807
8459,6.513215932931807
8460,6.513215932931807
8461,6.513215932931807
8462,6.513215932931807
8463,6.513215932931807
8464,6.513215932931807
8465,6.513215932931807
8466,6.513215932931807
8467,6.513215932931807
8468,6.513215932931807
8469,6.513215932931807
8470,6.513215932931807
8471,6.513215932931807
8472,6.513215932931807
8473,6.513215932931807
8474,6.513215932931807
8475,6.513215932931807
8476,6.513215932931807
8477,6.513215932931807
8478,6.513215932931807
8479,6.513215932931807
8480,6.513215932931807
8481,6.513215932931807
8482,6.513215932931807
8483,6.513215932931807
8484,6.513215932931807
8485,6.513215932931807
8486,6.513215932931807
8487,6.513215932931807
8488,6.513215932931807
8489,6.513215932931807
8490,6.513215932931807
8491,6.513215932931807
8492,6.513215932931807
8493,6.513215932931807
8494,6.513215932931807
8495,6.513215932931807
8496,6.513215932931807
8497,6.513215932931807
8498,6.513215932931807
8499,6.513215932931807
8500,6.513215932931807
8501,6.513215932931807
8502,6.513215932931807
8503,6.513215932931807
8504,6.513215932931807
8505,6.513215932931807
8506,6.513215932931807
8507,6.513215932931807
8508,6.513215932931807
8509,6.513215932931807
8510,6.513215932931807
8511,6.513215932931807
8512,6.513215932931807
8513,6.513215932931807
8514,6.513215932931807
8515,6.513215932931807
8516,6.513215932931807
8517,6.513215932931807
8518,6.513215932931807
8519,6.513215932931807
8520,6.513215932931807
8521,6.513215932931807
8522,6.513215932931807
8523,6.513215932931807
8524,6.513215932931807
8525,6.513215932931807
8526,6.513215932931807
8527,6.513215932931807
8528,6.513215932931807
8529,6.513215932931807
8530,6.513215932931807
8531,6.513215932931807
8532,6.513215932931807
8533,6.513215932931807
8534,6.513215932931807
8535,6.513215932931807
8536,6.513215932931807
8537,6.513215932931807
8538,6.513215932931807
8539,6.513215932931807
8540,6.513215932931807
8541,6.513215932931807
8542,6.513215932931807
8543,6.513215932931807
8544,6.513215932931807
8545,6.513215932931807
8546,6.513215932931807
8547,6.513215932931807
8548,6.513215932931807
8549,6.513215932931807
8550,6.513215932931807
8551,6.513215932931807
8552,6.513215932931807
8553,6.513215932931807
8554,6.513215932931807
8555,6.513215932931807
8556,6.513215932931807
8557,6.513215932931807
8558,6.513215932931807
8559,6.513215932931807
8560,6.513215932931807
8561,6.513215932931807
8562,6.513215932931807
8563,6.513215932931807
8564,6.513215932931807
8565,6.513215932931807
8566,6.513215932931807
8567,6.513215932931807
8568,6.513215932931807
8569,6.513215932931807
8570,6.513215932931807
8571,6.513215932931807
8572,6.513215932931807
8573,6.513215932931807
8574,6.513215932931807
8575,6.513215932931807
8576,6.513215932931807
8577,6.513215932931807
8578,6.513215932931807
8579,6.513215932931807
8580,6.513215932931807
8581,6.513215932931807
8582,6.513215932931807
8583,6.513215932931807
8584,6.513215932931807
8585,6.513215932931807
8586,6.513215932931807
8587,6.513215932931807
8588,6.513215932931807
8589,6.513215932931807
8590,6.513215932931807
8591,6.513215932931807
8592,6.513215932931807
8593,6.513215932931807
8594,6.513215932931807
8595,6.513215932931807
8596,6.513215932931807
8597,6.513215932931807
8598,6.513215932931807
8599,6.513215932931807
8600,6.513215932931807
8601,6.513215932931807
8602,6.513215932931807
8603,6.513215932931807
8604,6.513215932931807
8605,6.513215932931807
8606,6.513215932931807
8607,6.513215932931807
8608,6.513215932931807
8609,6.513215932931807
8610,6.513215932931807
8611,6.513215932931807
8612,6.513215932931807
8613,6.513215932931807
8614,6.513215932931807
8615,6.513215932931807
8616,6.513215932931807
8617,6.513215932931807
8618,6.513215932931807
8619,6.513215932931807
8620,6.513215932931807
8621,6.513215932931807
8622,6.513215932931807
8623,6.513215932931807
8624,6.513215932931807
8625,6.513215932931807
8626,6.513215932931807
8627,6.513215932931807
8628,6.513215932931807
8629,6.513215932931807
8630,6.513215932931807
8631,6.513215932931807
8632,6.513215932931807
8633,6.513215932931807
8634,6.513215932931807
8635,6.513215932931807
8636,6.513215932931807
8637,6.513215932931807
8638,6.513215932931807
8639,6.513215932931807
8640,6.513215932931807
8641,6.513215932931807
8642,6.513215932931807
8643,6.513215932931807
8644,6.513215932931807
8645,6.513215932931807
8646,6.513215932931807
8647,6.513215932931807
8648,6.513215932931807
8649,6.513215932931807
8650,6.513215932931807
8651,6.513215932931807
8652,6.513215932931807
8653,6.513215932931807
8654,6.513215932931807
8655,6.513215932931807
8656,6.513215932931807
8657,6.513215932931807
8658,6.513215932931807
8659,6.513215932931807
8660,6.513215932931807
8661,6.513215932931807
8662,6.513215932931807
8663,6.513215932931807
8664,6.513215932931807
8665,6.513215932931807
8666,6.513215932931807
8667,6.513215932931807
8668,6.513215932931807
8669,6.513215932931807
8670,6.513215932931807
8671,6.513215932931807
8672,6.513215932931807
8673,6.513215932931807
8674,6.513215932931807
8675,6.513215932931807
8676,6.513215932931807
8677,6.513215932931807
8678,6.513215932931807
8679,6.513215932931807
8680,6.513215932931807
8681,6.513215932931807
8682,6.513215932931807
8683,6.513215932931807
8684,6.513215932931807
8685,6.513215932931807
8686,6.513215932931807
8687,6.513215932931807
8688,6.513215932931807
8689,6.513215932931807
8690,6.513215932931807
8691,6.513215932931807
8692,6.513215932931807
8693,6.513215932931807
8694,6.513215932931807
8695,6.513215932931807
8696,6.513215932931807
8697,6.513215932931807
8698,6.513215932931807
8699,6.513215932931807
8700,6.513215932931807
8701,6.513215932931807
8702,6.513215932931807
8703,6.513215932931807
8704,6.513215932931807
8705,6.513215932931807
8706,6.513215932931807
8707,6.513215932931807
8708,6.513215932931807
8709,6.513215932931807
8710,6.513215932931807
8711,6.513215932931807
8712,6.513215932931807
8713,6.513215932931807
8714,6.513215932931807
8715,6.513215932931807
8716,6.513215932931807
8717,6.513215932931807
8718,6.513215932931807
8719,6.513215932931807
8720,6.513215932931807
8721,6.513215932931807
8722,6.513215932931807
8723,6.513215932931807
8724,6.513215932931807
8725,6.513215932931807
8726,6.513215932931807
8727,6.513215932931807
8728,6.513215932931807
8729,6.513215932931807
8730,6.513215932931807
8731,6.513215932931807
8732,6.513215932931807
8733,6.513215932931807
8734,6.513215932931807
8735,6.513215932931807
8736,6.513215932931807
8737,6.513215932931807
8738,6.513215932931807
8739,6.513215932931807
8740,6.513215932931807
8741,6.513215932931807
8742,6.513215932931807
8743,6.513215932931807
8744,6.513215932931807
8745,6.513215932931807
8746,6.513215932931807
8747,6.513215932931807
8748,6.513215932931807
8749,6.513215932931807
8750,6.513215932931807
8751,6.513215932931807
8752,6.513215932931807
8753,6.513215932931807
8754,6.513215932931807
8755,6.513215932931807
8756,6.513215932931807
8757,6.513215932931807
8758,6.513215932931807
8759,6.513215932931807
8760,6.513215932931807
8761,6.513215932931807
8762,6.513215932931807
8763,6.513215932931807
8764,6.513215932931807
8765,6.513215932931807
8766,6.513215932931807
8767,6.513215932931807
8768,6.513215932931807
8769,6.513215932931807
8770,6.513215932931807
8771,6.513215932931807
8772,6.513215932931807
8773,6.513215932931807
8774,6.513215932931807
8775,6.513215932931807
8776,6.513215932931807
8777,6.513215932931807
8778,6.513215932931807
8779,6.513215932931807
8780,6.513215932931807
8781,6.513215932931807
8782,6.513215932931807
8783,6.513215932931807
8784,6.513215932931807
8785,6.513215932931807
8786,6.513215932931807
8787,6.513215932931807
8788,6.513215932931807
8789,6.513215932931807
8790,6.513215932931807
8791,6.513215932931807
8792,6.513215932931807
8793,6.513215932931807
8794,6.513215932931807
8795,6.513215932931807
8796,6.513215932931807
8797,6.513215932931807
8798,6.513215932931807
8799,6.513215932931807
8800,6.513215932931807
8801,6.513215932931807
8802,6.513215932931807
8803,6.513215932931807
8804,6.513215932931807
8805,6.513215932931807
8806,6.513215932931807
8807,6.513215932931807
8808,6.513215932931807
8809,6.513215932931807
8810,6.513215932931807
8811,6.513215932931807
8812,6.513215932931807
8813,6.513215932931807
8814,6.513215932931807
8815,6.513215932931807
8816,6.513215932931807
8817,6.513215932931807
8818,6.513215932931807
8819,6.513215932931807
8820,6.513215932931807
8821,6.513215932931807
8822,6.513215932931807
8823,6.513215932931807
8824,6.513215932931807
8825,6.513215932931807
8826,6.513215932931807
8827,6.513215932931807
8828,6.513215932931807
8829,6.513215932931807
8830,6.513215932931807
8831,6.513215932931807
8832,6.513215932931807
8833,6.513215932931807
8834,6.513215932931807
8835,6.513215932931807
8836,6.513215932931807
8837,6.513215932931807
8838,6.513215932931807
8839,6.513215932931807
8840,6.513215932931807
8841,6.513215932931807
8842,6.513215932931807
8843,6.513215932931807
8844,6.513215932931807
8845,6.513215932931807
8846,6.513215932931807
8847,6.513215932931807
8848,6.513215932931807
8849,6.513215932931807
8850,6.513215932931807
8851,6.513215932931807
8852,6.513215932931807
8853,6.513215932931807
8854,6.513215932931807
8855,6.513215932931807
8856,6.513215932931807
8857,6.513215932931807
8858,6.513215932931807
8859,6.513215932931807
8860,6.513215932931807
8861,6.513215932931807
8862,6.513215932931807
8863,6.513215932931807
8864,6.513215932931807
8865,6.513215932931807
8866,6.513215932931807
8867,6.513215932931807
8868,6.513215932931807
8869,6.513215932931807
8870,6.513215932931807
8871,6.513215932931807
8872,6.513215932931807
8873,6.513215932931807
8874,6.513215932931807
8875,6.513215932931807
8876,6.513215932931807
8877,6.513215932931807
8878,6.513215932931807
8879,6.513215932931807
8880,6.513215932931807
8881,6.513215932931807
8882,6.513215932931807
8883,6.513215932931807
8884,6.513215932931807
8885,6.513215932931807
8886,6.513215932931807
8887,6.513215932931807
8888,6.513215932931807
8889,6.513215932931807
8890,6.513215932931807
8891,6.513215932931807
8892,6.513215932931807
8893,6.513215932931807
8894,6.513215932931807
8895,6.513215932931807
8896,6.513215932931807
8897,6.513215932931807
8898,6.513215932931807
8899,6.513215932931807
8900,6.513215932931807
8901,6.513215932931807
8902,6.513215932931807
8903,6.513215932931807
8904,6.513215932931807
8905,6.513215932931807
8906,6.513215932931807
8907,6.513215932931807
8908,6.513215932931807
8909,6.513215932931807
8910,6.513215932931807
8911,6.513215932931807
8912,6.513215932931807
8913,6.513215932931807
8914,6.513215932931807
8915,6.513215932931807
8916,6.513215932931807
8917,6.513215932931807
8918,6.513215932931807
8919,6.513215932931807
8920,6.513215932931807
8921,6.513215932931807
8922,6.513215932931807
8923,6.513215932931807
8924,6.513215932931807
8925,6.513215932931807
8926,6.513215932931807
8927,6.513215932931807
8928,6.513215932931807
8929,6.513215932931807
8930,6.513215932931807
8931,6.513215932931807
8932,6.513215932931807
8933,6.513215932931807
8934,6.513215932931807
8935,6.513215932931807
8936,6.513215932931807
8937,6.513215932931807
8938,6.513215932931807
8939,6.513215932931807
8940,6.513215932931807
8941,6.513215932931807
8942,6.513215932931807
8943,6.513215932931807
8944,6.513215932931807
8945,6.513215932931807
8946,6.513215932931807
8947,6.513215932931807
8948,6.513215932931807
8949,6.513215932931807
8950,6.513215932931807
8951,6.513215932931807
8952,6.513215932931807
8953,6.513215932931807
8954,6.513215932931807
8955,6.513215932931807
8956,6.513215932931807
8957,6.513215932931807
8958,6.513215932931807
8959,6.513215932931807
8960,6.513215932931807
8961,6.513215932931807
8962,6.513215932931807
8963,6.513215932931807
8964,6.513215932931807
8965,6.513215932931807
8966,6.513215932931807
8967,6.513215932931807
8968,6.513215932931807
8969,6.513215932931807
8970,6.513215932931807
8971,6.513215932931807
8972,6.513215932931807
8973,6.513215932931807
8974,6.513215932931807
8975,6.513215932931807
8976,6.513215932931807
8977,6.513215932931807
8978,6.513215932931807
8979,6.513215932931807
8980,6.513215932931807
8981,6.513215932931807
8982,6.513215932931807
8983,6.513215932931807
8984,6.513215932931807
8985,6.513215932931807
8986,6.513215932931807
8987,6.513215932931807
8988,6.513215932931807
8989,6.513215932931807
8990,6.513215932931807
8991,6.513215932931807
8992,6.513215932931807
8993,6.513215932931807
8994,6.513215932931807
8995,6.513215932931807
8996,6.513215932931807
8997,6.513215932931807
8998,6.513215932931807
8999,6.513215932931807
9000,6.513215932931807
9001,6.513215932931807
9002,6.513215932931807
9003,6.513215932931807
9004,6.513215932931807
9005,6.513215932931807
9006,6.513215932931807
9007,6.513215932931807
9008,6.513215932931807
9009,6.513215932931807
9010,6.513215932931807
9011,6.513215932931807
9012,6.513215932931807
9013,6.513215932931807
9014,6.513215932931807
9015,6.513215932931807
9016,6.513215932931807
9017,6.513215932931807
9018,6.513215932931807
9019,6.513215932931807
9020,6.513215932931807
9021,6.513215932931807
9022,6.513215932931807
9023,6.513215932931807
9024,6.513215932931807
9025,6.513215932931807
9026,6.513215932931807
9027,6.513215932931807
9028,6.513215932931807
9029,6.513215932931807
9030,6.513215932931807
9031,6.513215932931807
9032,6.513215932931807
9033,6.513215932931807
9034,6.513215932931807
9035,6.513215932931807
9036,6.513215932931807
9037,6.513215932931807
9038,6.513215932931807
9039,6.513215932931807
9040,6.513215932931807
9041,6.513215932931807
9042,6.513215932931807
9043,6.513215932931807
9044,6.513215932931807
9045,6.513215932931807
9046,6.513215932931807
9047,6.513215932931807
9048,6.513215932931807
9049,6.513215932931807
9050,6.513215932931807
9051,6.513215932931807
9052,6.513215932931807
9053,6.513215932931807
9054,6.513215932931807
9055,6.513215932931807
9056,6.513215932931807
9057,6.513215932931807
9058,6.513215932931807
9059,6.513215932931807
9060,6.513215932931807
9061,6.513215932931807
9062,6.513215932931807
9063,6.513215932931807
9064,6.513215932931807
9065,6.513215932931807
9066,6.513215932931807
9067,6.513215932931807
9068,6.513215932931807
9069,6.513215932931807
9070,6.513215932931807
9071,6.513215932931807
9072,6.513215932931807
9073,6.513215932931807
9074,6.513215932931807
9075,6.513215932931807
9076,6.513215932931807
9077,6.513215932931807
9078,6.513215932931807
9079,6.513215932931807
9080,6.513215932931807
9081,6.513215932931807
9082,6.513215932931807
9083,6.513215932931807
9084,6.513215932931807
9085,6.513215932931807
9086,6.513215932931807
9087,6.513215932931807
9088,6.513215932931807
9089,6.513215932931807
9090,6.513215932931807
9091,6.513215932931807
9092,6.513215932931807
9093,6.513215932931807
9094,6.513215932931807
9095,6.513215932931807
9096,6.513215932931807
9097,6.513215932931807
9098,6.513215932931807
9099,6.513215932931807
9100,6.513215932931807
9101,6.513215932931807
9102,6.513215932931807
9103,6.513215932931807
9104,6.513215932931807
9105,6.513215932931807
9106,6.513215932931807
9107,6.513215932931807
9108,6.513215932931807
9109,6.513215932931807
9110,6.513215932931807
9111,6.513215932931807
9112,6.513215932931807
9113,6.513215932931807
9114,6.513215932931807
9115,6.513215932931807
9116,6.513215932931807
9117,6.513215932931807
9118,6.513215932931807
9119,6.513215932931807
9120,6.513215932931807
9121,6.513215932931807
9122,6.513215932931807
9123,6.513215932931807
9124,6.513215932931807
9125,6.513215932931807
9126,6.513215932931807
9127,6.513215932931807
9128,6.513215932931807
9129,6.513215932931807
9130,6.513215932931807
9131,6.513215932931807
9132,6.513215932931807
9133,6.513215932931807
9134,6.513215932931807
9135,6.513215932931807
9136,6.513215932931807
9137,6.513215932931807
9138,6.513215932931807
9139,6.513215932931807
9140,6.513215932931807
9141,6.513215932931807
9142,6.513215932931807
9143,6.513215932931807
9144,6.513215932931807
9145,6.513215932931807
9146,6.513215932931807
9147,6.513215932931807
9148,6.513215932931807
9149,6.513215932931807
9150,6.513215932931807
9151,6.513215932931807
9152,6.513215932931807
9153,6.513215932931807
9154,6.513215932931807
9155,6.513215932931807
9156,6.513215932931807
9157,6.513215932931807
9158,6.513215932931807
9159,6.513215932931807
9160,6.513215932931807
9161,6.513215932931807
9162,6.513215932931807
9163,6.513215932931807
9164,6.513215932931807
9165,6.513215932931807
9166,6.513215932931807
9167,6.513215932931807
9168,6.513215932931807
9169,6.513215932931807
9170,6.513215932931807
9171,6.513215932931807
9172,6.513215932931807
9173,6.513215932931807
9174,6.513215932931807
9175,6.513215932931807
9176,6.513215932931807
9177,6.513215932931807
9178,6.513215932931807
9179,6.513215932931807
9180,6.513215932931807
9181,6.513215932931807
9182,6.513215932931807
9183,6.513215932931807
9184,6.513215932931807
9185,6.513215932931807
9186,6.513215932931807
9187,6.513215932931807
9188,6.513215932931807
9189,6.513215932931807
9190,6.513215932931807
9191,6.513215932931807
9192,6.513215932931807
9193,6.513215932931807
9194,6.513215932931807
9195,6.513215932931807
9196,6.513215932931807
9197,6.513215932931807
9198,6.513215932931807
9199,6.513215932931807
9200,6.513215932931807
9201,6.513215932931807
9202,6.513215932931807
9203,6.513215932931807
9204,6.513215932931807
9205,6.513215932931807
9206,6.513215932931807
9207,6.513215932931807
9208,6.513215932931807
9209,6.513215932931807
9210,6.513215932931807
9211,6.513215932931807
9212,6.513215932931807
9213,6.513215932931807
9214,6.513215932931807
9215,6.513215932931807
9216,6.513215932931807
9217,6.513215932931807
9218,6.513215932931807
9219,6.513215932931807
9220,6.513215932931807
9221,6.513215932931807
9222,6.513215932931807
9223,6.513215932931807
9224,6.513215932931807
9225,6.513215932931807
9226,6.513215932931807
9227,6.513215932931807
9228,6.513215932931807
9229,6.513215932931807
9230,6.513215932931807
9231,6.513215932931807
9232,6.513215932931807
9233,6.513215932931807
9234,6.513215932931807
9235,6.513215932931807
9236,6.513215932931807
9237,6.513215932931807
9238,6.513215932931807
9239,6.513215932931807
9240,6.513215932931807
9241,6.513215932931807
9242,6.513215932931807
9243,6.513215932931807
9244,6.513215932931807
9245,6.513215932931807
9246,6.513215932931807
9247,6.513215932931807
9248,6.513215932931807
9249,6.513215932931807
9250,6.513215932931807
9251,6.513215932931807
9252,6.513215932931807
9253,6.513215932931807
9254,6.513215932931807
9255,6.513215932931807
9256,6.513215932931807
9257,6.513215932931807
9258,6.513215932931807
9259,6.513215932931807
9260,6.513215932931807
9261,6.513215932931807
9262,6.513215932931807
9263,6.513215932931807
9264,6.513215932931807
9265,6.513215932931807
9266,6.513215932931807
9267,6.513215932931807
9268,6.513215932931807
9269,6.513215932931807
9270,6.513215932931807
9271,6.513215932931807
9272,6.513215932931807
9273,6.513215932931807
9274,6.513215932931807
9275,6.513215932931807
9276,6.513215932931807
9277,6.513215932931807
9278,6.513215932931807
9279,6.513215932931807
9280,6.513215932931807
9281,6.513215932931807
9282,6.513215932931807
9283,6.513215932931807
9284,6.513215932931807
9285,6.513215932931807
9286,6.513215932931807
9287,6.513215932931807
9288,6.513215932931807
9289,6.513215932931807
9290,6.513215932931807
9291,6.513215932931807
9292,6.513215932931807
9293,6.513215932931807
9294,6.513215932931807
9295,6.513215932931807
9296,6.513215932931807
9297,6.513215932931807
9298,6.513215932931807
9299,6.513215932931807
9300,6.513215932931807
9301,6.513215932931807
9302,6.513215932931807
9303,6.513215932931807
9304,6.513215932931807
9305,6.513215932931807
9306,6.513215932931807
9307,6.513215932931807
9308,6.513215932931807
9309,6.513215932931807
9310,6.513215932931807
9311,6.513215932931807
9312,6.513215932931807
9313,6.513215932931807
9314,6.513215932931807
9315,6.513215932931807
9316,6.513215932931807
9317,6.513215932931807
9318,6.513215932931807
9319,6.513215932931807
9320,6.513215932931807
9321,6.513215932931807
9322,6.513215932931807
9323,6.513215932931807
9324,6.513215932931807
9325,6.513215932931807
9326,6.513215932931807
9327,6.513215932931807
9328,6.513215932931807
9329,6.513215932931807
9330,6.513215932931807
9331,6.513215932931807
9332,6.513215932931807
9333,6.513215932931807
9334,6.513215932931807
9335,6.513215932931807
9336,6.513215932931807
9337,6.513215932931807
9338,6.513215932931807
9339,6.513215932931807
9340,6.513215932931807
9341,6.513215932931807
9342,6.513215932931807
9343,6.513215932931807
9344,6.513215932931807
9345,6.513215932931807
9346,6.513215932931807
9347,6.513215932931807
9348,6.513215932931807
9349,6.513215932931807
9350,6.513215932931807
9351,6.513215932931807
9352,6.513215932931807
9353,6.513215932931807
9354,6.513215932931807
9355,6.513215932931807
9356,6.513215932931807
9357,6.513215932931807
9358,6.513215932931807
9359,6.513215932931807
9360,6.513215932931807
9361,6.513215932931807
9362,6.513215932931807
9363,6.513215932931807
9364,6.513215932931807
9365,6.513215932931807
9366,6.513215932931807
9367,6.513215932931807
9368,6.513215932931807
9369,6.513215932931807
9370,6.513215932931807
9371,6.513215932931807
9372,6.513215932931807
9373,6.513215932931807
9374,6.513215932931807
9375,6.513215932931807
9376,6.513215932931807
9377,6.513215932931807
9378,6.513215932931807
9379,6.513215932931807
9380,6.513215932931807
9381,6.513215932931807
9382,6.513215932931807
9383,6.513215932931807
9384,6.513215932931807
9385,6.513215932931807
9386,6.513215932931807
9387,6.513215932931807
9388,6.513215932931807
9389,6.513215932931807
9390,6.513215932931807
9391,6.513215932931807
9392,6.513215932931807
9393,6.513215932931807
9394,6.513215932931807
9395,6.513215932931807
9396,6.513215932931807
9397,6.513215932931807
9398,6.513215932931807
9399,6.513215932931807
9400,6.513215932931807
9401,6.513215932931807
9402,6.513215932931807
9403,6.513215932931807
9404,6.513215932931807
9405,6.513215932931807
9406,6.513215932931807
9407,6.513215932931807
9408,6.513215932931807
9409,6.513215932931807
9410,6.513215932931807
9411,6.513215932931807
9412,6.513215932931807
9413,6.513215932931807
9414,6.513215932931807
9415,6.513215932931807
9416,6.513215932931807
9417,6.513215932931807
9418,6.513215932931807
9419,6.513215932931807
9420,6.513215932931807
9421,6.513215932931807
9422,6.513215932931807
9423,6.513215932931807
9424,6.513215932931807
9425,6.513215932931807
9426,6.513215932931807
9427,6.513215932931807
9428,6.513215932931807
9429,6.513215932931807
9430,6.513215932931807
9431,6.513215932931807
9432,6.513215932931807
9433,6.513215932931807
9434,6.513215932931807
9435,6.513215932931807
9436,6.513215932931807
9437,6.513215932931807
9438,6.513215932931807
9439,6.513215932931807
9440,6.513215932931807
9441,6.513215932931807
9442,6.513215932931807
9443,6.513215932931807
9444,6.513215932931807
9445,6.513215932931807
9446,6.513215932931807
9447,6.513215932931807
9448,6.513215932931807
9449,6.513215932931807
9450,6.513215932931807
9451,6.513215932931807
9452,6.513215932931807
9453,6.513215932931807
9454,6.513215932931807
9455,6.513215932931807
9456,6.513215932931807
9457,6.513215932931807
9458,6.513215932931807
9459,6.513215932931807
9460,6.513215932931807
9461,6.513215932931807
9462,6.513215932931807
9463,6.513215932931807
9464,6.513215932931807
9465,6.513215932931807
9466,6.513215932931807
9467,6.513215932931807
9468,6.513215932931807
9469,6.513215932931807
9470,6.513215932931807
9471,6.513215932931807
9472,6.513215932931807
9473,6.513215932931807
9474,6.513215932931807
9475,6.513215932931807
9476,6.513215932931807
9477,6.513215932931807
9478,6.513215932931807
9479,6.513215932931807
9480,6.513215932931807
9481,6.513215932931807
9482,6.513215932931807
9483,6.513215932931807
9484,6.513215932931807
9485,6.513215932931807
9486,6.513215932931807
9487,6.513215932931807
9488,6.513215932931807
9489,6.513215932931807
9490,6.513215932931807
9491,6.513215932931807
9492,6.513215932931807
9493,6.513215932931807
9494,6.513215932931807
9495,6.513215932931807
9496,6.513215932931807
9497,6.513215932931807
9498,6.513215932931807
9499,6.513215932931807
9500,6.513215932931807
9501,6.513215932931807
9502,6.513215932931807
9503,6.513215932931807
9504,6.513215932931807
9505,6.513215932931807
9506,6.513215932931807
9507,6.513215932931807
9508,6.513215932931807
9509,6.513215932931807
9510,6.513215932931807
9511,6.513215932931807
9512,6.513215932931807
9513,6.513215932931807
9514,6.513215932931807
9515,6.513215932931807
9516,6.513215932931807
9517,6.513215932931807
9518,6.513215932931807
9519,6.513215932931807
9520,6.513215932931807
9521,6.513215932931807
9522,6.513215932931807
9523,6.513215932931807
9524,6.513215932931807
9525,6.513215932931807
9526,6.513215932931807
9527,6.513215932931807
9528,6.513215932931807
9529,6.513215932931807
9530,6.513215932931807
9531,6.513215932931807
9532,6.513215932931807
9533,6.513215932931807
9534,6.513215932931807
9535,6.513215932931807
9536,6.513215932931807
9537,6.513215932931807
9538,6.513215932931807
9539,6.513215932931807
9540,6.513215932931807
9541,6.513215932931807
9542,6.513215932931807
9543,6.513215932931807
9544,6.513215932931807
9545,6.513215932931807
9546,6.513215932931807
9547,6.513215932931807
9548,6.513215932931807
9549,6.513215932931807
9550,6.513215932931807
9551,6.513215932931807
9552,6.513215932931807
9553,6.513215932931807
9554,6.513215932931807
9555,6.513215932931807
9556,6.513215932931807
9557,6.513215932931807
9558,6.513215932931807
9559,6.513215932931807
9560,6.513215932931807
9561,6.513215932931807
9562,6.513215932931807
9563,6.513215932931807
9564,6.513215932931807
9565,6.513215932931807
9566,6.513215932931807
9567,6.513215932931807
9568,6.513215932931807
9569,6.513215932931807
9570,6.513215932931807
9571,6.513215932931807
9572,6.513215932931807
9573,6.513215932931807
9574,6.513215932931807
9575,6.513215932931807
9576,6.513215932931807
9577,6.513215932931807
9578,6.513215932931807
9579,6.513215932931807
9580,6.513215932931807
9581,6.513215932931807
9582,6.513215932931807
9583,6.513215932931807
9584,6.513215932931807
9585,6.513215932931807
9586,6.513215932931807
9587,6.513215932931807
9588,6.513215932931807
9589,6.513215932931807
9590,6.513215932931807
9591,6.513215932931807
9592,6.513215932931807
9593,6.513215932931807
9594,6.513215932931807
9595,6.513215932931807
9596,6.513215932931807
9597,6.513215932931807
9598,6.513215932931807
9599,6.513215932931807
9600,6.513215932931807
9601,6.513215932931807
9602,6.513215932931807
9603,6.513215932931807
9604,6.513215932931807
9605,6.513215932931807
9606,6.513215932931807
9607,6.513215932931807
9608,6.513215932931807
9609,6.513215932931807
9610,6.513215932931807
9611,6.513215932931807
9612,6.513215932931807
9613,6.513215932931807
9614,6.513215932931807
9615,6.513215932931807
9616,6.513215932931807
9617,6.513215932931807
9618,6.513215932931807
9619,6.513215932931807
9620,6.513215932931807
9621,6.513215932931807
9622,6.513215932931807
9623,6.513215932931807
9624,6.513215932931807
9625,6.513215932931807
9626,6.513215932931807
9627,6.513215932931807
9628,6.513215932931807
9629,6.513215932931807
9630,6.513215932931807
9631,6.513215932931807
9632,6.513215932931807
9633,6.513215932931807
9634,6.513215932931807
9635,6.513215932931807
9636,6.513215932931807
9637,6.513215932931807
9638,6.513215932931807
9639,6.513215932931807
9640,6.513215932931807
9641,6.513215932931807
9642,6.513215932931807
9643,6.513215932931807
9644,6.513215932931807
9645,6.513215932931807
9646,6.513215932931807
9647,6.513215932931807
9648,6.513215932931807
9649,6.513215932931807
9650,6.513215932931807
9651,6.513215932931807
9652,6.513215932931807
9653,6.513215932931807
9654,6.513215932931807
9655,6.513215932931807
9656,6.513215932931807
9657,6.513215932931807
9658,6.513215932931807
9659,6.513215932931807
9660,6.513215932931807
9661,6.513215932931807
9662,6.513215932931807
9663,6.513215932931807
9664,6.513215932931807
9665,6.513215932931807
9666,6.513215932931807
9667,6.513215932931807
9668,6.513215932931807
9669,6.513215932931807
9670,6.513215932931807
9671,6.513215932931807
9672,6.513215932931807
9673,6.513215932931807
9674,6.513215932931807
9675,6.513215932931807
9676,6.513215932931807
9677,6.513215932931807
9678,6.513215932931807
9679,6.513215932931807
9680,6.513215932931807
9681,6.513215932931807
9682,6.513215932931807
9683,6.513215932931807
9684,6.513215932931807
9685,6.513215932931807
9686,6.513215932931807
9687,6.513215932931807
9688,6.513215932931807
9689,6.513215932931807
9690,6.513215932931807
9691,6.513215932931807
9692,6.513215932931807
9693,6.513215932931807
9694,6.513215932931807
9695,6.513215932931807
9696,6.513215932931807
9697,6.513215932931807
9698,6.513215932931807
9699,6.513215932931807
9700,6.513215932931807
9701,6.513215932931807
9702,6.513215932931807
9703,6.513215932931807
9704,6.513215932931807
9705,6.513215932931807
9706,6.513215932931807
9707,6.513215932931807
9708,6.513215932931807
9709,6.513215932931807
9710,6.513215932931807
9711,6.513215932931807
9712,6.513215932931807
9713,6.513215932931807
9714,6.513215932931807
9715,6.513215932931807
9716,6.513215932931807
9717,6.513215932931807
9718,6.513215932931807
9719,6.513215932931807
9720,6.513215932931807
9721,6.513215932931807
9722,6.513215932931807
9723,6.513215932931807
9724,6.513215932931807
9725,6.513215932931807
9726,6.513215932931807
9727,6.513215932931807
9728,6.513215932931807
9729,6.513215932931807
9730,6.513215932931807
9731,6.513215932931807
9732,6.513215932931807
9733,6.513215932931807
9734,6.513215932931807
9735,6.513215932931807
9736,6.513215932931807
9737,6.513215932931807
9738,6.513215932931807
9739,6.513215932931807
9740,6.513215932931807
9741,6.513215932931807
9742,6.513215932931807
9743,6.513215932931807
9744,6.513215932931807
9745,6.513215932931807
9746,6.513215932931807
9747,6.513215932931807
9748,6.513215932931807
9749,6.513215932931807
9750,6.513215932931807
9751,6.513215932931807
9752,6.513215932931807
9753,6.513215932931807
9754,6.513215932931807
9755,6.513215932931807
9756,6.513215932931807
9757,6.513215932931807
9758,6.513215932931807
9759,6.513215932931807
9760,6.513215932931807
9761,6.513215932931807
9762,6.513215932931807
9763,6.513215932931807
9764,6.513215932931807
9765,6.513215932931807
9766,6.513215932931807
9767,6.513215932931807
9768,6.513215932931807
9769,6.513215932931807
9770,6.513215932931807
9771,6.513215932931807
9772,6.513215932931807
9773,6.513215932931807
9774,6.513215932931807
9775,6.513215932931807
9776,6.513215932931807
9777,6.513215932931807
9778,6.513215932931807
9779,6.513215932931807
9780,6.513215932931807
9781,6.513215932931807
9782,6.513215932931807
9783,6.513215932931807
9784,6.513215932931807
9785,6.513215932931807
9786,6.513215932931807
9787,6.513215932931807
9788,6.513215932931807
9789,6.513215932931807
9790,6.513215932931807
9791,6.513215932931807
9792,6.513215932931807
9793,6.513215932931807
9794,6.513215932931807
9795,6.513215932931807
9796,6.513215932931807
9797,6.513215932931807
9798,6.513215932931807
9799,6.513215932931807
9800,6.513215932931807
9801,6.513215932931807
9802,6.513215932931807
9803,6.513215932931807
9804,6.513215932931807
9805,6.513215932931807
9806,6.513215932931807
9807,6.513215932931807
9808,6.513215932931807
9809,6.513215932931807
9810,6.513215932931807
9811,6.513215932931807
9812,6.513215932931807
9813,6.513215932931807
9814,6.513215932931807
9815,6.513215932931807
9816,6.513215932931807
9817,6.513215932931807
9818,6.513215932931807
9819,6.513215932931807
9820,6.513215932931807
9821,6.513215932931807
9822,6.513215932931807
9823,6.513215932931807
9824,6.513215932931807
9825,6.513215932931807
9826,6.513215932931807
9827,6.513215932931807
9828,6.513215932931807
9829,6.513215932931807
9830,6.513215932931807
9831,6.513215932931807
9832,6.513215932931807
9833,6.513215932931807
9834,6.513215932931807
9835,6.513215932931807
9836,6.513215932931807
9837,6.513215932931807
9838,6.513215932931807
9839,6.513215932931807
9840,6.513215932931807
9841,6.513215932931807
9842,6.513215932931807
9843,6.513215932931807
9844,6.513215932931807
9845,6.513215932931807
9846,6.513215932931807
9847,6.513215932931807
9848,6.513215932931807
9849,6.513215932931807
9850,6.513215932931807
9851,6.513215932931807
9852,6.513215932931807
9853,6.513215932931807
9854,6.513215932931807
9855,6.513215932931807
9856,6.513215932931807
9857,6.513215932931807
9858,6.513215932931807
9859,6.513215932931807
9860,6.513215932931807
9861,6.513215932931807
9862,6.513215932931807
9863,6.513215932931807
9864,6.513215932931807
9865,6.513215932931807
9866,6.513215932931807
9867,6.513215932931807
9868,6.513215932931807
9869,6.513215932931807
9870,6.513215932931807
9871,6.513215932931807
9872,6.513215932931807
9873,6.513215932931807
9874,6.513215932931807
9875,6.513215932931807
9876,6.513215932931807
9877,6.513215932931807
9878,6.513215932931807
9879,6.513215932931807
9880,6.513215932931807
9881,6.513215932931807
9882,6.513215932931807
9883,6.513215932931807
9884,6.513215932931807
9885,6.513215932931807
9886,6.513215932931807
9887,6.513215932931807
9888,6.513215932931807
9889,6.513215932931807
9890,6.513215932931807
9891,6.513215932931807
9892,6.513215932931807
9893,6.513215932931807
9894,6.513215932931807
9895,6.513215932931807
9896,6.513215932931807
9897,6.513215932931807
9898,6.513215932931807
9899,6.513215932931807
9900,6.513215932931807
9901,6.513215932931807
9902,6.513215932931807
9903,6.513215932931807
9904,6.513215932931807
9905,6.513215932931807
9906,6.513215932931807
9907,6.513215932931807
9908,6.513215932931807
9909,6.513215932931807
9910,6.513215932931807
9911,6.513215932931807
9912,6.513215932931807
9913,6.513215932931807
9914,6.513215932931807
9915,6.513215932931807
9916,6.513215932931807
9917,6.513215932931807
9918,6.513215932931807
9919,6.513215932931807
9920,6.513215932931807
9921,6.513215932931807
9922,6.513215932931807
9923,6.513215932931807
9924,6.513215932931807
9925,6.513215932931807
9926,6.513215932931807
9927,6.513215932931807
9928,6.513215932931807
9929,6.513215932931807
9930,6.513215932931807
9931,6.513215932931807
9932,6.513215932931807
9933,6.513215932931807
9934,6.513215932931807
9935,6.513215932931807
9936,6.513215932931807
9937,6.513215932931807
9938,6.513215932931807
9939,6.513215932931807
9940,6.513215932931807
9941,6.513215932931807
9942,6.513215932931807
9943,6.513215932931807
9944,6.513215932931807
9945,6.513215932931807
9946,6.513215932931807
9947,6.513215932931807
9948,6.513215932931807
9949,6.513215932931807
9950,6.513215932931807
9951,6.513215932931807
9952,6.513215932931807
9953,6.513215932931807
9954,6.513215932931807
9955,6.513215932931807
9956,6.513215932931807
9957,6.513215932931807
9958,6.513215932931807
9959,6.513215932931807
9960,6.513215932931807
9961,6.513215932931807
9962,6.513215932931807
9963,6.513215932931807
9964,6.513215932931807
9965,6.513215932931807
9966,6.513215932931807
9967,6.513215932931807
9968,6.513215932931807
9969,6.513215932931807
9970,6.513215932931807
9971,6.513215932931807
9972,6.513215932931807
9973,6.513215932931807
9974,6.513215932931807
9975,6.513215932931807
9976,6.513215932931807
9977,6.513215932931807
9978,6.513215932931807
9979,6.513215932931807
9980,6.513215932931807
9981,6.513215932931807
9982,6.513215932931807
9983,6.513215932931807
9984,6.513215932931807
9985,6.513215932931807
9986,6.513215932931807
9987,6.513215932931807
9988,6.513215932931807
9989,6.513215932931807
9990,6.513215932931807
9991,6.513215932931807
9992,6.513215932931807
9993,6.513215932931807
9994,6.513215932931807
9995,6.513215932931807
9996,6.513215932931807
9997,6.513215932931807
9998,6.513215932931807
9999,6.513215932931807
10000,6.513215932931807
