iteration,best_loss
0,107.34211119568558
1,107.34211119568558
2,107.34211119568558
3,107.34211119568558
4,107.34211119568558
5,27.412417779665294
6,27.412417779665294
7,27.412417779665294
8,27.412417779665294
9,27.412417779665294
10,27.412417779665294
11,18.346089379855133
12,18.346089379855133
13,18.346089379855133
14,18.346089379855133
15,18.346089379855133
16,18.346089379855133
17,18.346089379855133
18,18.346089379855133
19,18.11867283147637
20,18.11867283147637
21,8.970460161303217
22,8.970460161303217
23,8.970460161303217
24,8.970460161303217
25,8.970460161303217
26,8.970460161303217
27,8.970460161303217
28,8.970460161303217
29,8.970460161303217
30,8.970460161303217
31,8.970460161303217
32,8.970460161303217
33,8.970460161303217
34,8.970460161303217
35,8.970460161303217
36,8.970460161303217
37,8.970460161303217
38,8.970460161303217
39,8.970460161303217
40,8.970460161303217
41,8.970460161303217
42,8.970460161303217
43,8.970460161303217
44,8.970460161303217
45,8.970460161303217
46,8.970460161303217
47,8.678607670790399
48,8.678607670790399
49,8.678607670790399
50,8.678607670790399
51,8.678607670790399
52,8.678607670790399
53,8.678607670790399
54,8.678607670790399
55,8.678607670790399
56,8.678607670790399
57,8.678607670790399
58,8.678607670790399
59,8.678607670790399
60,8.678607670790399
61,8.678607670790399
62,8.678607670790399
63,8.678607670790399
64,8.678607670790399
65,7.995443385039419
66,7.995443385039419
67,7.995443385039419
68,7.995443385039419
69,7.995443385039419
70,7.995443385039419
71,7.995443385039419
72,7.995443385039419
73,7.995443385039419
74,7.995443385039419
75,7.995443385039419
76,7.995443385039419
77,7.6390750198399235
78,7.6390750198399235
79,7.6390750198399235
80,7.6390750198399235
81,7.6390750198399235
82,7.6390750198399235
83,7.6390750198399235
84,7.6390750198399235
85,7.6390750198399235
86,7.6390750198399235
87,7.6390750198399235
88,7.6390750198399235
89,7.6390750198399235
90,7.6390750198399235
91,7.6390750198399235
92,7.6390750198399235
93,7.6390750198399235
94,7.6390750198399235
95,7.6390750198399235
96,7.6390750198399235
97,7.6390750198399235
98,7.6390750198399235
99,7.6390750198399235
100,7.6390750198399235
101,7.6390750198399235
102,7.6390750198399235
103,7.6390750198399235
104,7.6390750198399235
105,7.6390750198399235
106,7.6390750198399235
107,7.6390750198399235
108,7.6390750198399235
109,7.6390750198399235
110,7.6390750198399235
111,7.6390750198399235
112,7.6390750198399235
113,7.6390750198399235
114,7.6390750198399235
115,7.6390750198399235
116,7.6390750198399235
117,7.6390750198399235
118,7.6390750198399235
119,7.6390750198399235
120,7.6390750198399235
121,7.6390750198399235
122,7.6390750198399235
123,7.6390750198399235
124,7.6390750198399235
125,7.6390750198399235
126,7.6390750198399235
127,7.6390750198399235
128,7.6390750198399235
129,7.6390750198399235
130,7.6390750198399235
131,7.6390750198399235
132,7.6390750198399235
133,7.6390750198399235
134,7.6390750198399235
135,7.6390750198399235
136,7.6390750198399235
137,7.6390750198399235
138,7.6390750198399235
139,7.6390750198399235
140,7.6390750198399235
141,7.6390750198399235
142,7.6390750198399235
143,7.6390750198399235
144,7.6390750198399235
145,7.6390750198399235
146,7.6390750198399235
147,7.6390750198399235
148,7.6390750198399235
149,7.6390750198399235
150,7.6390750198399235
151,7.6390750198399235
152,7.6390750198399235
153,7.6390750198399235
154,7.6390750198399235
155,7.6390750198399235
156,7.6390750198399235
157,7.6390750198399235
158,7.6390750198399235
159,7.6390750198399235
160,7.6390750198399235
161,7.6390750198399235
162,7.6390750198399235
163,7.6390750198399235
164,7.6390750198399235
165,7.6390750198399235
166,7.6390750198399235
167,7.6390750198399235
168,7.6390750198399235
169,7.6390750198399235
170,7.6390750198399235
171,7.6390750198399235
172,7.6390750198399235
173,7.6390750198399235
174,7.6390750198399235
175,7.6390750198399235
176,7.6390750198399235
177,7.6390750198399235
178,7.6390750198399235
179,7.6390750198399235
180,7.6390750198399235
181,7.6390750198399235
182,7.6390750198399235
183,7.6390750198399235
184,7.6390750198399235
185,7.6390750198399235
186,7.6390750198399235
187,7.6390750198399235
188,7.6390750198399235
189,7.6390750198399235
190,7.6390750198399235
191,7.6390750198399235
192,7.6390750198399235
193,7.6390750198399235
194,7.6390750198399235
195,7.6390750198399235
196,7.6390750198399235
197,7.6390750198399235
198,7.6390750198399235
199,7.6390750198399235
200,7.6390750198399235
201,7.6390750198399235
202,7.6390750198399235
203,7.6390750198399235
204,7.6390750198399235
205,7.6390750198399235
206,7.6390750198399235
207,7.6390750198399235
208,7.6390750198399235
209,7.6390750198399235
210,7.6390750198399235
211,7.6390750198399235
212,7.6390750198399235
213,7.6390750198399235
214,7.6390750198399235
215,7.6390750198399235
216,7.6390750198399235
217,7.6390750198399235
218,7.6390750198399235
219,7.6390750198399235
220,7.6390750198399235
221,7.6390750198399235
222,7.6390750198399235
223,7.6390750198399235
224,7.6390750198399235
225,7.6390750198399235
226,7.6390750198399235
227,7.6390750198399235
228,7.6390750198399235
229,7.6390750198399235
230,7.6390750198399235
231,7.6390750198399235
232,7.6390750198399235
233,7.6390750198399235
234,7.6390750198399235
235,7.580240377977353
236,7.580240377977353
237,7.580240377977353
238,7.580240377977353
239,7.580240377977353
240,7.580240377977353
241,7.580240377977353
242,7.580240377977353
243,7.580240377977353
244,7.580240377977353
245,7.580240377977353
246,7.580240377977353
247,7.580240377977353
248,7.580240377977353
249,7.580240377977353
250,7.580240377977353
251,7.580240377977353
252,7.580240377977353
253,7.580240377977353
254,7.580240377977353
255,7.580240377977353
256,7.580240377977353
257,7.580240377977353
258,7.580240377977353
259,7.580240377977353
260,7.580240377977353
261,7.580240377977353
262,7.580240377977353
263,7.580240377977353
264,7.580240377977353
265,7.580240377977353
266,7.580240377977353
267,7.580240377977353
268,7.580240377977353
269,7.580240377977353
270,7.580240377977353
271,7.580240377977353
272,7.580240377977353
273,7.580240377977353
274,7.580240377977353
275,7.580240377977353
276,7.580240377977353
277,7.580240377977353
278,7.580240377977353
279,7.580240377977353
280,7.580240377977353
281,7.580240377977353
282,7.580240377977353
283,7.580240377977353
284,7.580240377977353
285,7.580240377977353
286,7.580240377977353
287,7.580240377977353
288,7.580240377977353
289,7.580240377977353
290,7.580240377977353
291,7.580240377977353
292,7.580240377977353
293,7.580240377977353
294,7.580240377977353
295,7.580240377977353
296,7.580240377977353
297,7.580240377977353
298,7.580240377977353
299,7.580240377977353
300,7.580240377977353
301,7.580240377977353
302,7.580240377977353
303,7.580240377977353
304,7.580240377977353
305,7.580240377977353
306,7.580240377977353
307,7.580240377977353
308,7.580240377977353
309,7.580240377977353
310,7.580240377977353
311,7.580240377977353
312,7.580240377977353
313,7.580240377977353
314,7.580240377977353
315,7.580240377977353
316,7.580240377977353
317,7.580240377977353
318,7.580240377977353
319,7.580240377977353
320,7.580240377977353
321,7.580240377977353
322,7.580240377977353
323,7.580240377977353
324,7.580240377977353
325,7.580240377977353
326,7.580240377977353
327,7.580240377977353
328,7.580240377977353
329,7.580240377977353
330,7.580240377977353
331,7.580240377977353
332,7.580240377977353
333,7.580240377977353
334,7.580240377977353
335,7.580240377977353
336,7.580240377977353
337,7.580240377977353
338,7.580240377977353
339,7.580240377977353
340,7.580240377977353
341,7.580240377977353
342,7.580240377977353
343,7.580240377977353
344,7.580240377977353
345,7.580240377977353
346,7.580240377977353
347,7.580240377977353
348,7.580240377977353
349,7.580240377977353
350,7.580240377977353
351,7.580240377977353
352,7.580240377977353
353,7.580240377977353
354,7.580240377977353
355,7.580240377977353
356,7.580240377977353
357,7.580240377977353
358,7.580240377977353
359,7.580240377977353
360,7.580240377977353
361,7.580240377977353
362,7.580240377977353
363,7.580240377977353
364,7.580240377977353
365,7.580240377977353
366,7.580240377977353
367,7.580240377977353
368,7.580240377977353
369,7.580240377977353
370,7.580240377977353
371,7.580240377977353
372,7.580240377977353
373,7.580240377977353
374,7.580240377977353
375,7.580240377977353
376,7.580240377977353
377,7.580240377977353
378,7.580240377977353
379,7.580240377977353
380,7.580240377977353
381,7.580240377977353
382,7.580240377977353
383,7.580240377977353
384,7.580240377977353
385,6.747281514377472
386,6.747281514377472
387,6.747281514377472
388,6.747281514377472
389,6.747281514377472
390,6.747281514377472
391,6.747281514377472
392,6.747281514377472
393,6.747281514377472
394,6.747281514377472
395,6.747281514377472
396,6.747281514377472
397,6.747281514377472
398,6.747281514377472
399,6.747281514377472
400,6.747281514377472
401,6.747281514377472
402,6.747281514377472
403,6.747281514377472
404,6.747281514377472
405,6.747281514377472
406,6.747281514377472
407,6.747281514377472
408,6.747281514377472
409,6.747281514377472
410,6.747281514377472
411,6.747281514377472
412,6.747281514377472
413,6.747281514377472
414,6.747281514377472
415,6.747281514377472
416,6.747281514377472
417,6.747281514377472
418,6.747281514377472
419,6.747281514377472
420,6.747281514377472
421,6.747281514377472
422,6.747281514377472
423,6.747281514377472
424,6.747281514377472
425,6.747281514377472
426,6.747281514377472
427,6.747281514377472
428,6.747281514377472
429,6.747281514377472
430,6.747281514377472
431,6.747281514377472
432,6.747281514377472
433,6.747281514377472
434,6.747281514377472
435,6.747281514377472
436,6.747281514377472
437,6.747281514377472
438,6.747281514377472
439,6.747281514377472
440,6.747281514377472
441,6.747281514377472
442,6.747281514377472
443,6.747281514377472
444,6.747281514377472
445,6.747281514377472
446,6.747281514377472
447,6.747281514377472
448,6.747281514377472
449,6.747281514377472
450,6.747281514377472
451,6.747281514377472
452,6.747281514377472
453,6.747281514377472
454,6.747281514377472
455,6.747281514377472
456,6.747281514377472
457,6.747281514377472
458,6.747281514377472
459,6.747281514377472
460,6.747281514377472
461,6.747281514377472
462,6.747281514377472
463,6.747281514377472
464,6.747281514377472
465,6.747281514377472
466,6.747281514377472
467,6.747281514377472
468,6.747281514377472
469,6.747281514377472
470,6.747281514377472
471,6.747281514377472
472,6.747281514377472
473,6.747281514377472
474,6.747281514377472
475,6.747281514377472
476,6.747281514377472
477,6.747281514377472
478,6.747281514377472
479,6.747281514377472
480,6.747281514377472
481,6.747281514377472
482,6.747281514377472
483,6.747281514377472
484,6.747281514377472
485,6.747281514377472
486,6.747281514377472
487,6.747281514377472
488,6.747281514377472
489,6.747281514377472
490,6.747281514377472
491,6.747281514377472
492,6.747281514377472
493,6.747281514377472
494,6.747281514377472
495,6.747281514377472
496,6.747281514377472
497,6.747281514377472
498,6.747281514377472
499,6.747281514377472
500,6.747281514377472
501,6.747281514377472
502,6.747281514377472
503,6.747281514377472
504,6.747281514377472
505,6.747281514377472
506,6.747281514377472
507,6.747281514377472
508,6.747281514377472
509,6.747281514377472
510,6.747281514377472
511,6.747281514377472
512,6.747281514377472
513,6.747281514377472
514,6.747281514377472
515,6.747281514377472
516,6.747281514377472
517,6.747281514377472
518,6.747281514377472
519,6.747281514377472
520,6.747281514377472
521,6.747281514377472
522,6.747281514377472
523,6.747281514377472
524,6.747281514377472
525,6.747281514377472
526,6.747281514377472
527,6.747281514377472
528,6.747281514377472
529,6.747281514377472
530,6.747281514377472
531,6.747281514377472
532,6.747281514377472
533,6.747281514377472
534,6.747281514377472
535,6.747281514377472
536,6.747281514377472
537,6.747281514377472
538,6.747281514377472
539,6.747281514377472
540,6.747281514377472
541,6.747281514377472
542,6.747281514377472
543,6.747281514377472
544,6.747281514377472
545,6.747281514377472
546,6.747281514377472
547,6.747281514377472
548,6.747281514377472
549,6.747281514377472
550,6.747281514377472
551,6.747281514377472
552,6.747281514377472
553,6.747281514377472
554,6.747281514377472
555,6.747281514377472
556,6.747281514377472
557,6.747281514377472
558,6.747281514377472
559,6.747281514377472
560,6.747281514377472
561,6.747281514377472
562,6.747281514377472
563,6.747281514377472
564,6.747281514377472
565,6.747281514377472
566,6.747281514377472
567,6.747281514377472
568,6.747281514377472
569,6.747281514377472
570,6.747281514377472
571,6.747281514377472
572,6.747281514377472
573,6.747281514377472
574,6.747281514377472
575,6.747281514377472
576,6.747281514377472
577,6.747281514377472
578,6.747281514377472
579,6.747281514377472
580,6.747281514377472
581,6.747281514377472
582,6.747281514377472
583,6.747281514377472
584,6.747281514377472
585,6.747281514377472
586,6.747281514377472
587,6.747281514377472
588,6.747281514377472
589,6.747281514377472
590,6.747281514377472
591,6.747281514377472
592,6.747281514377472
593,6.747281514377472
594,6.747281514377472
595,6.747281514377472
596,6.747281514377472
597,6.747281514377472
598,6.747281514377472
599,6.747281514377472
600,6.747281514377472
601,6.747281514377472
602,6.747281514377472
603,6.747281514377472
604,6.747281514377472
605,6.747281514377472
606,6.747281514377472
607,6.747281514377472
608,6.747281514377472
609,6.747281514377472
610,6.747281514377472
611,6.747281514377472
612,6.747281514377472
613,6.747281514377472
614,6.747281514377472
615,6.747281514377472
616,6.747281514377472
617,6.747281514377472
618,6.747281514377472
619,6.747281514377472
620,6.747281514377472
621,6.747281514377472
622,6.747281514377472
623,6.747281514377472
624,6.747281514377472
625,6.747281514377472
626,6.747281514377472
627,6.747281514377472
628,6.747281514377472
629,6.747281514377472
630,6.747281514377472
631,6.747281514377472
632,6.747281514377472
633,6.747281514377472
634,6.747281514377472
635,6.747281514377472
636,6.747281514377472
637,6.747281514377472
638,6.747281514377472
639,6.747281514377472
640,6.747281514377472
641,6.747281514377472
642,6.747281514377472
643,6.747281514377472
644,6.747281514377472
645,6.747281514377472
646,6.747281514377472
647,6.747281514377472
648,6.747281514377472
649,6.747281514377472
650,6.747281514377472
651,6.747281514377472
652,6.747281514377472
653,6.747281514377472
654,6.747281514377472
655,6.747281514377472
656,6.747281514377472
657,6.747281514377472
658,6.747281514377472
659,6.747281514377472
660,6.747281514377472
661,6.747281514377472
662,6.747281514377472
663,6.747281514377472
664,6.747281514377472
665,6.747281514377472
666,6.747281514377472
667,6.747281514377472
668,6.747281514377472
669,6.747281514377472
670,6.747281514377472
671,6.747281514377472
672,6.747281514377472
673,6.747281514377472
674,6.747281514377472
675,6.747281514377472
676,6.747281514377472
677,6.747281514377472
678,6.747281514377472
679,6.747281514377472
680,6.747281514377472
681,6.747281514377472
682,6.747281514377472
683,6.747281514377472
684,6.747281514377472
685,6.747281514377472
686,6.747281514377472
687,6.747281514377472
688,6.747281514377472
689,6.747281514377472
690,6.747281514377472
691,6.747281514377472
692,6.747281514377472
693,6.747281514377472
694,6.747281514377472
695,6.747281514377472
696,6.747281514377472
697,6.747281514377472
698,6.747281514377472
699,6.747281514377472
700,6.747281514377472
701,6.747281514377472
702,6.747281514377472
703,6.747281514377472
704,6.747281514377472
705,6.747281514377472
706,6.747281514377472
707,6.747281514377472
708,6.747281514377472
709,6.747281514377472
710,6.747281514377472
711,6.747281514377472
712,6.747281514377472
713,6.747281514377472
714,6.747281514377472
715,6.747281514377472
716,6.747281514377472
717,6.747281514377472
718,6.747281514377472
719,6.747281514377472
720,6.747281514377472
721,6.747281514377472
722,6.747281514377472
723,6.747281514377472
724,6.747281514377472
725,6.747281514377472
726,6.747281514377472
727,6.747281514377472
728,6.747281514377472
729,6.747281514377472
730,6.747281514377472
731,6.747281514377472
732,6.747281514377472
733,6.747281514377472
734,6.747281514377472
735,6.747281514377472
736,6.747281514377472
737,6.747281514377472
738,6.747281514377472
739,6.747281514377472
740,6.747281514377472
741,6.747281514377472
742,6.747281514377472
743,6.747281514377472
744,6.747281514377472
745,6.747281514377472
746,6.747281514377472
747,6.747281514377472
748,6.747281514377472
749,6.747281514377472
750,6.747281514377472
751,6.747281514377472
752,6.747281514377472
753,6.747281514377472
754,6.747281514377472
755,6.747281514377472
756,6.747281514377472
757,6.747281514377472
758,6.747281514377472
759,6.747281514377472
760,6.747281514377472
761,6.747281514377472
762,6.747281514377472
763,6.747281514377472
764,6.747281514377472
765,6.747281514377472
766,6.747281514377472
767,6.747281514377472
768,6.747281514377472
769,6.747281514377472
770,6.747281514377472
771,6.747281514377472
772,6.747281514377472
773,6.747281514377472
774,6.747281514377472
775,6.747281514377472
776,6.747281514377472
777,6.747281514377472
778,6.747281514377472
779,6.747281514377472
780,6.747281514377472
781,6.747281514377472
782,6.747281514377472
783,6.747281514377472
784,6.747281514377472
785,6.747281514377472
786,6.747281514377472
787,6.747281514377472
788,6.747281514377472
789,6.747281514377472
790,6.747281514377472
791,6.747281514377472
792,6.747281514377472
793,6.747281514377472
794,6.747281514377472
795,6.747281514377472
796,6.747281514377472
797,6.747281514377472
798,6.747281514377472
799,6.747281514377472
800,6.747281514377472
801,6.747281514377472
802,6.747281514377472
803,6.747281514377472
804,6.747281514377472
805,6.747281514377472
806,6.747281514377472
807,6.747281514377472
808,6.747281514377472
809,6.747281514377472
810,6.747281514377472
811,6.747281514377472
812,6.747281514377472
813,6.747281514377472
814,6.747281514377472
815,6.747281514377472
816,6.747281514377472
817,6.747281514377472
818,6.747281514377472
819,6.747281514377472
820,6.747281514377472
821,6.747281514377472
822,6.747281514377472
823,6.747281514377472
824,6.747281514377472
825,6.747281514377472
826,6.747281514377472
827,6.747281514377472
828,6.747281514377472
829,6.747281514377472
830,6.747281514377472
831,6.747281514377472
832,6.747281514377472
833,6.747281514377472
834,6.747281514377472
835,6.747281514377472
836,6.747281514377472
837,6.747281514377472
838,6.747281514377472
839,6.747281514377472
840,6.747281514377472
841,6.747281514377472
842,6.747281514377472
843,6.747281514377472
844,6.747281514377472
845,6.747281514377472
846,6.747281514377472
847,6.747281514377472
848,6.747281514377472
849,6.747281514377472
850,6.747281514377472
851,6.747281514377472
852,6.747281514377472
853,6.747281514377472
854,6.747281514377472
855,6.747281514377472
856,6.747281514377472
857,6.747281514377472
858,6.747281514377472
859,6.747281514377472
860,6.747281514377472
861,6.747281514377472
862,6.747281514377472
863,6.747281514377472
864,6.747281514377472
865,6.747281514377472
866,6.747281514377472
867,6.747281514377472
868,6.747281514377472
869,6.747281514377472
870,6.747281514377472
871,6.747281514377472
872,6.747281514377472
873,6.747281514377472
874,6.747281514377472
875,6.747281514377472
876,6.747281514377472
877,6.747281514377472
878,6.747281514377472
879,6.747281514377472
880,6.747281514377472
881,6.747281514377472
882,6.747281514377472
883,6.747281514377472
884,6.747281514377472
885,6.747281514377472
886,6.747281514377472
887,6.747281514377472
888,6.747281514377472
889,6.747281514377472
890,6.747281514377472
891,6.747281514377472
892,6.747281514377472
893,6.747281514377472
894,6.747281514377472
895,6.747281514377472
896,6.747281514377472
897,6.747281514377472
898,6.747281514377472
899,6.747281514377472
900,6.747281514377472
901,6.747281514377472
902,6.747281514377472
903,6.747281514377472
904,6.747281514377472
905,6.747281514377472
906,6.747281514377472
907,6.747281514377472
908,6.747281514377472
909,6.747281514377472
910,6.747281514377472
911,6.747281514377472
912,6.747281514377472
913,6.747281514377472
914,6.747281514377472
915,6.747281514377472
916,6.747281514377472
917,6.747281514377472
918,6.747281514377472
919,6.747281514377472
920,6.747281514377472
921,6.747281514377472
922,6.747281514377472
923,6.747281514377472
924,6.747281514377472
925,6.747281514377472
926,6.747281514377472
927,6.747281514377472
928,6.747281514377472
929,6.747281514377472
930,6.747281514377472
931,6.747281514377472
932,6.747281514377472
933,6.747281514377472
934,6.747281514377472
935,6.747281514377472
936,6.747281514377472
937,6.747281514377472
938,6.747281514377472
939,6.747281514377472
940,6.747281514377472
941,6.747281514377472
942,6.747281514377472
943,6.747281514377472
944,6.747281514377472
945,6.747281514377472
946,6.747281514377472
947,6.747281514377472
948,6.747281514377472
949,6.747281514377472
950,6.747281514377472
951,6.747281514377472
952,6.747281514377472
953,6.747281514377472
954,6.747281514377472
955,6.747281514377472
956,6.747281514377472
957,6.747281514377472
958,6.747281514377472
959,6.747281514377472
960,6.747281514377472
961,6.747281514377472
962,6.747281514377472
963,6.747281514377472
964,6.747281514377472
965,6.747281514377472
966,6.747281514377472
967,6.747281514377472
968,6.747281514377472
969,6.747281514377472
970,6.747281514377472
971,6.747281514377472
972,6.747281514377472
973,6.747281514377472
974,6.747281514377472
975,6.747281514377472
976,6.747281514377472
977,6.747281514377472
978,6.747281514377472
979,6.747281514377472
980,6.747281514377472
981,6.747281514377472
982,6.747281514377472
983,6.747281514377472
984,6.747281514377472
985,6.747281514377472
986,6.747281514377472
987,6.747281514377472
988,6.747281514377472
989,6.747281514377472
990,6.747281514377472
991,6.747281514377472
992,6.747281514377472
993,6.747281514377472
994,6.747281514377472
995,6.747281514377472
996,6.747281514377472
997,6.747281514377472
998,6.747281514377472
999,6.747281514377472
1000,6.747281514377472
1001,6.747281514377472
1002,6.747281514377472
1003,6.747281514377472
1004,6.747281514377472
1005,6.747281514377472
1006,6.747281514377472
1007,6.747281514377472
1008,6.747281514377472
1009,6.747281514377472
1010,6.747281514377472
1011,6.747281514377472
1012,6.747281514377472
1013,6.747281514377472
1014,6.747281514377472
1015,6.747281514377472
1016,6.747281514377472
1017,6.747281514377472
1018,6.747281514377472
1019,6.747281514377472
1020,6.747281514377472
1021,6.747281514377472
1022,6.747281514377472
1023,6.747281514377472
1024,6.747281514377472
1025,6.747281514377472
1026,6.747281514377472
1027,6.747281514377472
1028,6.747281514377472
1029,6.747281514377472
1030,6.747281514377472
1031,6.747281514377472
1032,6.747281514377472
1033,6.747281514377472
1034,6.747281514377472
1035,6.747281514377472
1036,6.747281514377472
1037,6.747281514377472
1038,6.747281514377472
1039,6.747281514377472
1040,6.747281514377472
1041,6.747281514377472
1042,6.747281514377472
1043,6.747281514377472
1044,6.747281514377472
1045,6.747281514377472
1046,6.747281514377472
1047,6.747281514377472
1048,6.747281514377472
1049,6.747281514377472
1050,6.747281514377472
1051,6.747281514377472
1052,6.747281514377472
1053,6.747281514377472
1054,6.747281514377472
1055,6.747281514377472
1056,6.747281514377472
1057,6.747281514377472
1058,6.747281514377472
1059,6.747281514377472
1060,6.747281514377472
1061,6.747281514377472
1062,6.747281514377472
1063,6.747281514377472
1064,6.747281514377472
1065,6.747281514377472
1066,6.747281514377472
1067,6.747281514377472
1068,6.747281514377472
1069,6.747281514377472
1070,6.747281514377472
1071,6.747281514377472
1072,6.747281514377472
1073,6.747281514377472
1074,6.747281514377472
1075,6.747281514377472
1076,6.747281514377472
1077,6.747281514377472
1078,6.747281514377472
1079,6.747281514377472
1080,6.747281514377472
1081,6.747281514377472
1082,6.747281514377472
1083,6.747281514377472
1084,6.747281514377472
1085,6.747281514377472
1086,6.747281514377472
1087,6.747281514377472
1088,6.747281514377472
1089,6.747281514377472
1090,6.747281514377472
1091,6.747281514377472
1092,6.747281514377472
1093,6.747281514377472
1094,6.747281514377472
1095,6.747281514377472
1096,6.747281514377472
1097,6.747281514377472
1098,6.747281514377472
1099,6.747281514377472
1100,6.747281514377472
1101,6.747281514377472
1102,6.747281514377472
1103,6.747281514377472
1104,6.747281514377472
1105,6.747281514377472
1106,6.747281514377472
1107,6.747281514377472
1108,6.747281514377472
1109,6.747281514377472
1110,6.747281514377472
1111,6.747281514377472
1112,6.747281514377472
1113,6.747281514377472
1114,6.747281514377472
1115,6.747281514377472
1116,6.747281514377472
1117,6.747281514377472
1118,6.747281514377472
1119,6.747281514377472
1120,6.747281514377472
1121,6.747281514377472
1122,6.747281514377472
1123,6.747281514377472
1124,6.747281514377472
1125,6.747281514377472
1126,6.747281514377472
1127,6.747281514377472
1128,6.747281514377472
1129,6.747281514377472
1130,6.747281514377472
1131,6.747281514377472
1132,6.747281514377472
1133,6.747281514377472
1134,6.747281514377472
1135,6.747281514377472
1136,6.747281514377472
1137,6.747281514377472
1138,6.747281514377472
1139,6.747281514377472
1140,6.747281514377472
1141,6.747281514377472
1142,6.747281514377472
1143,6.747281514377472
1144,6.747281514377472
1145,6.747281514377472
1146,6.747281514377472
1147,6.747281514377472
1148,6.747281514377472
1149,6.747281514377472
1150,6.747281514377472
1151,6.747281514377472
1152,6.747281514377472
1153,6.747281514377472
1154,6.747281514377472
1155,6.747281514377472
1156,6.747281514377472
1157,6.747281514377472
1158,6.747281514377472
1159,6.747281514377472
1160,6.747281514377472
1161,6.747281514377472
1162,6.747281514377472
1163,6.747281514377472
1164,6.747281514377472
1165,6.747281514377472
1166,6.747281514377472
1167,6.747281514377472
1168,6.747281514377472
1169,6.747281514377472
1170,6.747281514377472
1171,6.747281514377472
1172,6.747281514377472
1173,6.747281514377472
1174,6.747281514377472
1175,6.747281514377472
1176,6.747281514377472
1177,6.747281514377472
1178,6.747281514377472
1179,6.747281514377472
1180,6.747281514377472
1181,6.747281514377472
1182,6.747281514377472
1183,6.747281514377472
1184,6.747281514377472
1185,6.747281514377472
1186,6.747281514377472
1187,6.747281514377472
1188,6.747281514377472
1189,6.747281514377472
1190,6.747281514377472
1191,6.747281514377472
1192,6.747281514377472
1193,6.747281514377472
1194,6.747281514377472
1195,6.747281514377472
1196,6.747281514377472
1197,6.747281514377472
1198,6.747281514377472
1199,6.747281514377472
1200,6.747281514377472
1201,6.747281514377472
1202,6.747281514377472
1203,6.747281514377472
1204,6.747281514377472
1205,6.747281514377472
1206,6.747281514377472
1207,6.747281514377472
1208,6.747281514377472
1209,6.747281514377472
1210,6.747281514377472
1211,6.747281514377472
1212,6.747281514377472
1213,6.747281514377472
1214,6.747281514377472
1215,6.747281514377472
1216,6.747281514377472
1217,6.747281514377472
1218,6.747281514377472
1219,6.747281514377472
1220,6.747281514377472
1221,6.747281514377472
1222,6.747281514377472
1223,6.747281514377472
1224,6.747281514377472
1225,6.747281514377472
1226,6.747281514377472
1227,6.747281514377472
1228,6.747281514377472
1229,6.747281514377472
1230,6.747281514377472
1231,6.747281514377472
1232,6.747281514377472
1233,6.747281514377472
1234,6.747281514377472
1235,6.747281514377472
1236,6.747281514377472
1237,6.747281514377472
1238,6.747281514377472
1239,6.747281514377472
1240,6.747281514377472
1241,6.747281514377472
1242,6.747281514377472
1243,6.747281514377472
1244,6.747281514377472
1245,6.747281514377472
1246,6.747281514377472
1247,6.747281514377472
1248,6.747281514377472
1249,6.747281514377472
1250,6.747281514377472
1251,6.747281514377472
1252,6.747281514377472
1253,6.747281514377472
1254,6.747281514377472
1255,6.747281514377472
1256,6.747281514377472
1257,6.747281514377472
1258,6.747281514377472
1259,6.747281514377472
1260,6.747281514377472
1261,6.747281514377472
1262,6.747281514377472
1263,6.747281514377472
1264,6.747281514377472
1265,6.747281514377472
1266,6.747281514377472
1267,6.747281514377472
1268,6.747281514377472
1269,6.747281514377472
1270,6.747281514377472
1271,6.747281514377472
1272,6.747281514377472
1273,6.747281514377472
1274,6.747281514377472
1275,6.747281514377472
1276,6.747281514377472
1277,6.747281514377472
1278,6.747281514377472
1279,6.747281514377472
1280,6.747281514377472
1281,6.747281514377472
1282,6.747281514377472
1283,6.747281514377472
1284,6.747281514377472
1285,6.747281514377472
1286,6.747281514377472
1287,6.747281514377472
1288,6.747281514377472
1289,6.747281514377472
1290,6.747281514377472
1291,6.747281514377472
1292,6.747281514377472
1293,6.747281514377472
1294,6.747281514377472
1295,6.747281514377472
1296,6.747281514377472
1297,6.747281514377472
1298,6.747281514377472
1299,6.747281514377472
1300,6.747281514377472
1301,6.747281514377472
1302,6.747281514377472
1303,6.747281514377472
1304,6.747281514377472
1305,6.747281514377472
1306,6.747281514377472
1307,6.747281514377472
1308,6.747281514377472
1309,6.747281514377472
1310,6.747281514377472
1311,6.747281514377472
1312,6.747281514377472
1313,6.747281514377472
1314,6.747281514377472
1315,6.747281514377472
1316,6.747281514377472
1317,6.747281514377472
1318,6.747281514377472
1319,6.747281514377472
1320,6.747281514377472
1321,6.747281514377472
1322,6.747281514377472
1323,6.747281514377472
1324,6.747281514377472
1325,6.747281514377472
1326,6.747281514377472
1327,6.747281514377472
1328,6.747281514377472
1329,6.747281514377472
1330,6.747281514377472
1331,6.747281514377472
1332,6.747281514377472
1333,6.747281514377472
1334,6.747281514377472
1335,6.747281514377472
1336,6.747281514377472
1337,6.747281514377472
1338,6.747281514377472
1339,6.747281514377472
1340,6.747281514377472
1341,6.747281514377472
1342,6.747281514377472
1343,6.747281514377472
1344,6.747281514377472
1345,6.747281514377472
1346,6.747281514377472
1347,6.747281514377472
1348,6.747281514377472
1349,6.747281514377472
1350,6.747281514377472
1351,6.747281514377472
1352,6.747281514377472
1353,6.747281514377472
1354,6.747281514377472
1355,6.747281514377472
1356,6.747281514377472
1357,6.747281514377472
1358,6.747281514377472
1359,6.747281514377472
1360,6.747281514377472
1361,6.747281514377472
1362,6.747281514377472
1363,6.747281514377472
1364,6.747281514377472
1365,6.747281514377472
1366,6.747281514377472
1367,6.747281514377472
1368,6.747281514377472
1369,6.747281514377472
1370,6.747281514377472
1371,6.747281514377472
1372,6.747281514377472
1373,6.747281514377472
1374,6.747281514377472
1375,6.747281514377472
1376,6.747281514377472
1377,6.747281514377472
1378,6.747281514377472
1379,6.747281514377472
1380,6.747281514377472
1381,6.747281514377472
1382,6.747281514377472
1383,6.747281514377472
1384,6.747281514377472
1385,6.747281514377472
1386,6.747281514377472
1387,6.747281514377472
1388,6.747281514377472
1389,6.747281514377472
1390,6.747281514377472
1391,6.747281514377472
1392,6.747281514377472
1393,6.747281514377472
1394,6.747281514377472
1395,6.747281514377472
1396,6.747281514377472
1397,6.747281514377472
1398,6.747281514377472
1399,6.747281514377472
1400,6.747281514377472
1401,6.747281514377472
1402,6.747281514377472
1403,6.747281514377472
1404,6.747281514377472
1405,6.747281514377472
1406,6.747281514377472
1407,6.747281514377472
1408,6.747281514377472
1409,6.747281514377472
1410,6.747281514377472
1411,6.747281514377472
1412,6.747281514377472
1413,6.747281514377472
1414,6.747281514377472
1415,6.747281514377472
1416,6.747281514377472
1417,6.747281514377472
1418,6.747281514377472
1419,6.747281514377472
1420,6.747281514377472
1421,6.747281514377472
1422,6.747281514377472
1423,6.747281514377472
1424,6.747281514377472
1425,6.747281514377472
1426,6.747281514377472
1427,6.747281514377472
1428,6.747281514377472
1429,6.747281514377472
1430,6.747281514377472
1431,6.747281514377472
1432,6.747281514377472
1433,6.747281514377472
1434,6.747281514377472
1435,6.747281514377472
1436,6.747281514377472
1437,6.747281514377472
1438,6.747281514377472
1439,6.747281514377472
1440,6.747281514377472
1441,6.747281514377472
1442,6.747281514377472
1443,6.747281514377472
1444,6.747281514377472
1445,6.747281514377472
1446,6.747281514377472
1447,6.747281514377472
1448,6.747281514377472
1449,6.747281514377472
1450,6.747281514377472
1451,6.747281514377472
1452,6.747281514377472
1453,6.747281514377472
1454,6.747281514377472
1455,6.747281514377472
1456,6.747281514377472
1457,6.747281514377472
1458,6.747281514377472
1459,6.747281514377472
1460,6.747281514377472
1461,6.747281514377472
1462,6.747281514377472
1463,6.747281514377472
1464,6.747281514377472
1465,6.747281514377472
1466,6.747281514377472
1467,6.747281514377472
1468,6.747281514377472
1469,6.747281514377472
1470,6.747281514377472
1471,6.747281514377472
1472,6.747281514377472
1473,6.747281514377472
1474,6.747281514377472
1475,6.747281514377472
1476,6.747281514377472
1477,6.747281514377472
1478,6.747281514377472
1479,6.747281514377472
1480,6.747281514377472
1481,6.747281514377472
1482,6.747281514377472
1483,6.747281514377472
1484,6.747281514377472
1485,6.747281514377472
1486,6.747281514377472
1487,6.747281514377472
1488,6.747281514377472
1489,6.747281514377472
1490,6.747281514377472
1491,6.747281514377472
1492,6.747281514377472
1493,6.747281514377472
1494,6.747281514377472
1495,6.747281514377472
1496,6.747281514377472
1497,6.747281514377472
1498,6.747281514377472
1499,6.747281514377472
1500,6.747281514377472
1501,6.747281514377472
1502,6.747281514377472
1503,6.747281514377472
1504,6.747281514377472
1505,6.747281514377472
1506,6.747281514377472
1507,6.747281514377472
1508,6.747281514377472
1509,6.747281514377472
1510,6.747281514377472
1511,6.747281514377472
1512,6.747281514377472
1513,6.747281514377472
1514,6.747281514377472
1515,6.747281514377472
1516,6.747281514377472
1517,6.747281514377472
1518,6.747281514377472
1519,6.747281514377472
1520,6.747281514377472
1521,6.747281514377472
1522,6.747281514377472
1523,6.747281514377472
1524,6.747281514377472
1525,6.747281514377472
1526,6.747281514377472
1527,6.747281514377472
1528,6.747281514377472
1529,6.747281514377472
1530,6.747281514377472
1531,6.747281514377472
1532,6.747281514377472
1533,6.747281514377472
1534,6.747281514377472
1535,6.747281514377472
1536,6.747281514377472
1537,6.747281514377472
1538,6.747281514377472
1539,6.747281514377472
1540,6.747281514377472
1541,6.747281514377472
1542,6.747281514377472
1543,6.747281514377472
1544,6.747281514377472
1545,6.747281514377472
1546,6.747281514377472
1547,6.747281514377472
1548,6.747281514377472
1549,6.747281514377472
1550,6.747281514377472
1551,6.747281514377472
1552,6.747281514377472
1553,6.747281514377472
1554,6.747281514377472
1555,6.747281514377472
1556,6.747281514377472
1557,6.747281514377472
1558,6.747281514377472
1559,6.747281514377472
1560,6.747281514377472
1561,6.747281514377472
1562,6.747281514377472
1563,6.747281514377472
1564,6.747281514377472
1565,6.747281514377472
1566,6.747281514377472
1567,6.747281514377472
1568,6.747281514377472
1569,6.747281514377472
1570,6.747281514377472
1571,6.747281514377472
1572,6.747281514377472
1573,6.747281514377472
1574,6.747281514377472
1575,6.747281514377472
1576,6.747281514377472
1577,6.747281514377472
1578,6.747281514377472
1579,6.747281514377472
1580,6.747281514377472
1581,6.747281514377472
1582,6.747281514377472
1583,6.747281514377472
1584,6.747281514377472
1585,6.747281514377472
1586,6.747281514377472
1587,6.747281514377472
1588,6.747281514377472
1589,6.747281514377472
1590,6.747281514377472
1591,6.747281514377472
1592,6.747281514377472
1593,6.747281514377472
1594,6.747281514377472
1595,6.747281514377472
1596,6.747281514377472
1597,6.747281514377472
1598,6.747281514377472
1599,6.747281514377472
1600,6.747281514377472
1601,6.747281514377472
1602,6.747281514377472
1603,6.747281514377472
1604,6.747281514377472
1605,6.747281514377472
1606,6.747281514377472
1607,6.747281514377472
1608,6.747281514377472
1609,6.747281514377472
1610,6.747281514377472
1611,6.747281514377472
1612,6.747281514377472
1613,6.747281514377472
1614,6.747281514377472
1615,6.747281514377472
1616,6.747281514377472
1617,6.747281514377472
1618,6.747281514377472
1619,6.747281514377472
1620,6.747281514377472
1621,6.747281514377472
1622,6.747281514377472
1623,6.747281514377472
1624,6.747281514377472
1625,6.747281514377472
1626,6.747281514377472
1627,6.747281514377472
1628,6.747281514377472
1629,6.747281514377472
1630,6.747281514377472
1631,6.747281514377472
1632,6.747281514377472
1633,6.747281514377472
1634,6.747281514377472
1635,6.747281514377472
1636,6.747281514377472
1637,6.747281514377472
1638,6.747281514377472
1639,6.747281514377472
1640,6.747281514377472
1641,6.747281514377472
1642,6.747281514377472
1643,6.747281514377472
1644,6.747281514377472
1645,6.747281514377472
1646,6.747281514377472
1647,6.747281514377472
1648,6.747281514377472
1649,6.747281514377472
1650,6.747281514377472
1651,6.747281514377472
1652,6.747281514377472
1653,6.747281514377472
1654,6.747281514377472
1655,6.747281514377472
1656,6.747281514377472
1657,6.747281514377472
1658,6.747281514377472
1659,6.747281514377472
1660,6.747281514377472
1661,6.747281514377472
1662,6.747281514377472
1663,6.747281514377472
1664,6.747281514377472
1665,6.747281514377472
1666,6.747281514377472
1667,6.747281514377472
1668,6.747281514377472
1669,6.747281514377472
1670,6.747281514377472
1671,6.747281514377472
1672,6.747281514377472
1673,6.553663845527677
1674,6.553663845527677
1675,6.553663845527677
1676,6.553663845527677
1677,6.553663845527677
1678,6.553663845527677
1679,6.553663845527677
1680,6.553663845527677
1681,6.553663845527677
1682,6.553663845527677
1683,6.553663845527677
1684,6.553663845527677
1685,6.553663845527677
1686,6.553663845527677
1687,6.553663845527677
1688,6.553663845527677
1689,6.553663845527677
1690,6.553663845527677
1691,6.553663845527677
1692,6.553663845527677
1693,6.553663845527677
1694,6.553663845527677
1695,6.553663845527677
1696,6.553663845527677
1697,6.553663845527677
1698,6.553663845527677
1699,6.553663845527677
1700,6.553663845527677
1701,6.553663845527677
1702,6.553663845527677
1703,6.553663845527677
1704,6.553663845527677
1705,6.553663845527677
1706,6.553663845527677
1707,6.553663845527677
1708,6.553663845527677
1709,6.553663845527677
1710,6.553663845527677
1711,6.553663845527677
1712,6.553663845527677
1713,6.553663845527677
1714,6.553663845527677
1715,6.553663845527677
1716,6.553663845527677
1717,6.553663845527677
1718,6.553663845527677
1719,6.553663845527677
1720,6.553663845527677
1721,6.553663845527677
1722,6.553663845527677
1723,6.553663845527677
1724,6.553663845527677
1725,6.553663845527677
1726,6.553663845527677
1727,6.553663845527677
1728,6.553663845527677
1729,6.553663845527677
1730,6.553663845527677
1731,6.553663845527677
1732,6.553663845527677
1733,6.553663845527677
1734,6.553663845527677
1735,6.553663845527677
1736,6.553663845527677
1737,6.553663845527677
1738,6.553663845527677
1739,6.553663845527677
1740,6.553663845527677
1741,6.553663845527677
1742,6.553663845527677
1743,6.553663845527677
1744,6.553663845527677
1745,6.553663845527677
1746,6.553663845527677
1747,6.553663845527677
1748,6.553663845527677
1749,6.553663845527677
1750,6.553663845527677
1751,6.553663845527677
1752,6.553663845527677
1753,6.553663845527677
1754,6.553663845527677
1755,6.553663845527677
1756,6.553663845527677
1757,6.553663845527677
1758,6.553663845527677
1759,6.553663845527677
1760,6.553663845527677
1761,6.553663845527677
1762,6.553663845527677
1763,6.553663845527677
1764,6.553663845527677
1765,6.553663845527677
1766,6.553663845527677
1767,6.553663845527677
1768,6.553663845527677
1769,6.553663845527677
1770,6.553663845527677
1771,6.553663845527677
1772,6.553663845527677
1773,6.553663845527677
1774,6.553663845527677
1775,6.553663845527677
1776,6.553663845527677
1777,6.553663845527677
1778,6.553663845527677
1779,6.553663845527677
1780,6.553663845527677
1781,6.553663845527677
1782,6.553663845527677
1783,6.553663845527677
1784,6.553663845527677
1785,6.553663845527677
1786,6.553663845527677
1787,6.553663845527677
1788,6.553663845527677
1789,6.553663845527677
1790,6.553663845527677
1791,6.553663845527677
1792,6.553663845527677
1793,6.553663845527677
1794,6.553663845527677
1795,6.553663845527677
1796,6.553663845527677
1797,6.553663845527677
1798,6.553663845527677
1799,6.553663845527677
1800,6.553663845527677
1801,6.553663845527677
1802,6.553663845527677
1803,6.553663845527677
1804,6.553663845527677
1805,6.553663845527677
1806,6.553663845527677
1807,6.553663845527677
1808,6.553663845527677
1809,6.553663845527677
1810,6.553663845527677
1811,6.553663845527677
1812,6.553663845527677
1813,6.553663845527677
1814,6.553663845527677
1815,6.553663845527677
1816,6.553663845527677
1817,6.553663845527677
1818,6.553663845527677
1819,6.553663845527677
1820,6.553663845527677
1821,6.553663845527677
1822,6.553663845527677
1823,6.553663845527677
1824,6.553663845527677
1825,6.553663845527677
1826,6.553663845527677
1827,6.553663845527677
1828,6.553663845527677
1829,6.553663845527677
1830,6.553663845527677
1831,6.553663845527677
1832,6.553663845527677
1833,6.553663845527677
1834,6.553663845527677
1835,6.553663845527677
1836,6.553663845527677
1837,6.553663845527677
1838,6.553663845527677
1839,6.553663845527677
1840,6.553663845527677
1841,6.553663845527677
1842,6.553663845527677
1843,6.553663845527677
1844,6.553663845527677
1845,6.553663845527677
1846,6.553663845527677
1847,6.553663845527677
1848,6.553663845527677
1849,6.553663845527677
1850,6.553663845527677
1851,6.553663845527677
1852,6.553663845527677
1853,6.553663845527677
1854,6.553663845527677
1855,6.553663845527677
1856,6.553663845527677
1857,6.553663845527677
1858,6.553663845527677
1859,6.553663845527677
1860,6.553663845527677
1861,6.553663845527677
1862,6.553663845527677
1863,6.553663845527677
1864,6.553663845527677
1865,6.553663845527677
1866,6.553663845527677
1867,6.553663845527677
1868,6.553663845527677
1869,6.553663845527677
1870,6.553663845527677
1871,6.553663845527677
1872,6.553663845527677
1873,6.553663845527677
1874,6.553663845527677
1875,6.553663845527677
1876,6.553663845527677
1877,6.553663845527677
1878,6.553663845527677
1879,6.553663845527677
1880,6.553663845527677
1881,6.553663845527677
1882,6.553663845527677
1883,6.553663845527677
1884,6.553663845527677
1885,6.553663845527677
1886,6.553663845527677
1887,6.553663845527677
1888,6.553663845527677
1889,6.553663845527677
1890,6.553663845527677
1891,6.553663845527677
1892,6.553663845527677
1893,6.553663845527677
1894,6.553663845527677
1895,6.553663845527677
1896,6.553663845527677
1897,6.553663845527677
1898,6.553663845527677
1899,6.553663845527677
1900,6.553663845527677
1901,6.553663845527677
1902,6.553663845527677
1903,6.553663845527677
1904,6.553663845527677
1905,6.553663845527677
1906,6.553663845527677
1907,6.553663845527677
1908,6.553663845527677
1909,6.553663845527677
1910,6.553663845527677
1911,6.553663845527677
1912,6.553663845527677
1913,6.553663845527677
1914,6.553663845527677
1915,6.553663845527677
1916,6.553663845527677
1917,6.553663845527677
1918,6.553663845527677
1919,6.553663845527677
1920,6.553663845527677
1921,6.553663845527677
1922,6.553663845527677
1923,6.553663845527677
1924,6.553663845527677
1925,6.553663845527677
1926,6.553663845527677
1927,6.553663845527677
1928,6.553663845527677
1929,6.553663845527677
1930,6.553663845527677
1931,6.553663845527677
1932,6.553663845527677
1933,6.553663845527677
1934,6.553663845527677
1935,6.553663845527677
1936,6.553663845527677
1937,6.553663845527677
1938,6.553663845527677
1939,6.553663845527677
1940,6.553663845527677
1941,6.553663845527677
1942,6.553663845527677
1943,6.553663845527677
1944,6.553663845527677
1945,6.553663845527677
1946,6.553663845527677
1947,6.553663845527677
1948,6.553663845527677
1949,6.553663845527677
1950,6.553663845527677
1951,6.553663845527677
1952,6.553663845527677
1953,6.553663845527677
1954,6.553663845527677
1955,6.553663845527677
1956,6.553663845527677
1957,6.553663845527677
1958,6.553663845527677
1959,6.553663845527677
1960,6.553663845527677
1961,6.553663845527677
1962,6.553663845527677
1963,6.553663845527677
1964,6.553663845527677
1965,6.553663845527677
1966,6.553663845527677
1967,6.553663845527677
1968,6.553663845527677
1969,6.553663845527677
1970,6.553663845527677
1971,6.553663845527677
1972,6.553663845527677
1973,6.553663845527677
1974,6.553663845527677
1975,6.553663845527677
1976,6.553663845527677
1977,6.553663845527677
1978,6.553663845527677
1979,6.553663845527677
1980,6.553663845527677
1981,6.553663845527677
1982,6.553663845527677
1983,6.553663845527677
1984,6.553663845527677
1985,6.553663845527677
1986,6.553663845527677
1987,6.553663845527677
1988,6.553663845527677
1989,6.553663845527677
1990,6.553663845527677
1991,6.553663845527677
1992,6.553663845527677
1993,6.553663845527677
1994,6.553663845527677
1995,6.553663845527677
1996,6.553663845527677
1997,6.553663845527677
1998,6.553663845527677
1999,6.553663845527677
2000,6.553663845527677
2001,6.553663845527677
2002,6.553663845527677
2003,6.553663845527677
2004,6.553663845527677
2005,6.553663845527677
2006,6.553663845527677
2007,6.553663845527677
2008,6.553663845527677
2009,6.553663845527677
2010,6.553663845527677
2011,6.553663845527677
2012,6.553663845527677
2013,6.553663845527677
2014,6.553663845527677
2015,6.553663845527677
2016,6.553663845527677
2017,6.553663845527677
2018,6.553663845527677
2019,6.553663845527677
2020,6.553663845527677
2021,6.553663845527677
2022,6.553663845527677
2023,6.553663845527677
2024,6.553663845527677
2025,6.553663845527677
2026,6.553663845527677
2027,6.553663845527677
2028,6.553663845527677
2029,6.553663845527677
2030,6.553663845527677
2031,6.553663845527677
2032,6.553663845527677
2033,6.553663845527677
2034,6.553663845527677
2035,6.553663845527677
2036,6.553663845527677
2037,6.553663845527677
2038,6.553663845527677
2039,6.553663845527677
2040,6.553663845527677
2041,6.553663845527677
2042,6.553663845527677
2043,6.553663845527677
2044,6.553663845527677
2045,6.553663845527677
2046,6.553663845527677
2047,6.553663845527677
2048,6.553663845527677
2049,6.553663845527677
2050,6.553663845527677
2051,6.553663845527677
2052,6.553663845527677
2053,6.553663845527677
2054,6.553663845527677
2055,6.553663845527677
2056,6.553663845527677
2057,6.553663845527677
2058,6.553663845527677
2059,6.553663845527677
2060,6.553663845527677
2061,6.553663845527677
2062,6.553663845527677
2063,6.553663845527677
2064,6.553663845527677
2065,6.553663845527677
2066,6.553663845527677
2067,6.553663845527677
2068,6.553663845527677
2069,6.553663845527677
2070,6.553663845527677
2071,6.553663845527677
2072,6.553663845527677
2073,6.553663845527677
2074,6.553663845527677
2075,6.553663845527677
2076,6.553663845527677
2077,6.553663845527677
2078,6.553663845527677
2079,6.553663845527677
2080,6.553663845527677
2081,6.553663845527677
2082,6.553663845527677
2083,6.553663845527677
2084,6.553663845527677
2085,6.553663845527677
2086,6.553663845527677
2087,6.553663845527677
2088,6.553663845527677
2089,6.553663845527677
2090,6.553663845527677
2091,6.553663845527677
2092,6.553663845527677
2093,6.553663845527677
2094,6.553663845527677
2095,6.553663845527677
2096,6.553663845527677
2097,6.553663845527677
2098,6.553663845527677
2099,6.553663845527677
2100,6.553663845527677
2101,6.553663845527677
2102,6.553663845527677
2103,6.553663845527677
2104,6.553663845527677
2105,6.553663845527677
2106,6.553663845527677
2107,6.553663845527677
2108,6.553663845527677
2109,6.553663845527677
2110,6.553663845527677
2111,6.553663845527677
2112,6.553663845527677
2113,6.553663845527677
2114,6.553663845527677
2115,6.553663845527677
2116,6.553663845527677
2117,6.553663845527677
2118,6.553663845527677
2119,6.553663845527677
2120,6.553663845527677
2121,6.553663845527677
2122,6.553663845527677
2123,6.553663845527677
2124,6.553663845527677
2125,6.553663845527677
2126,6.553663845527677
2127,6.553663845527677
2128,6.553663845527677
2129,6.553663845527677
2130,6.553663845527677
2131,6.553663845527677
2132,6.553663845527677
2133,6.553663845527677
2134,6.553663845527677
2135,6.553663845527677
2136,6.553663845527677
2137,6.553663845527677
2138,6.553663845527677
2139,6.553663845527677
2140,6.553663845527677
2141,6.553663845527677
2142,6.553663845527677
2143,6.553663845527677
2144,6.553663845527677
2145,6.553663845527677
2146,6.553663845527677
2147,6.553663845527677
2148,6.553663845527677
2149,6.553663845527677
2150,6.553663845527677
2151,6.553663845527677
2152,6.553663845527677
2153,6.553663845527677
2154,6.553663845527677
2155,6.553663845527677
2156,6.553663845527677
2157,6.553663845527677
2158,6.553663845527677
2159,6.553663845527677
2160,6.553663845527677
2161,6.553663845527677
2162,6.553663845527677
2163,6.553663845527677
2164,6.553663845527677
2165,6.553663845527677
2166,6.553663845527677
2167,6.553663845527677
2168,6.553663845527677
2169,6.553663845527677
2170,6.553663845527677
2171,6.553663845527677
2172,6.553663845527677
2173,6.553663845527677
2174,6.553663845527677
2175,6.553663845527677
2176,6.553663845527677
2177,6.553663845527677
2178,6.553663845527677
2179,6.553663845527677
2180,6.553663845527677
2181,6.553663845527677
2182,6.553663845527677
2183,6.553663845527677
2184,6.553663845527677
2185,6.553663845527677
2186,6.553663845527677
2187,6.553663845527677
2188,6.553663845527677
2189,6.553663845527677
2190,6.553663845527677
2191,6.553663845527677
2192,6.553663845527677
2193,6.553663845527677
2194,6.553663845527677
2195,6.553663845527677
2196,6.553663845527677
2197,6.553663845527677
2198,6.553663845527677
2199,6.553663845527677
2200,6.553663845527677
2201,6.553663845527677
2202,6.553663845527677
2203,6.553663845527677
2204,6.553663845527677
2205,6.553663845527677
2206,6.553663845527677
2207,6.553663845527677
2208,6.553663845527677
2209,6.553663845527677
2210,6.553663845527677
2211,6.553663845527677
2212,6.553663845527677
2213,6.553663845527677
2214,6.553663845527677
2215,6.553663845527677
2216,6.553663845527677
2217,6.553663845527677
2218,6.553663845527677
2219,6.553663845527677
2220,6.553663845527677
2221,6.553663845527677
2222,6.553663845527677
2223,6.553663845527677
2224,6.553663845527677
2225,6.553663845527677
2226,6.553663845527677
2227,6.553663845527677
2228,6.553663845527677
2229,6.553663845527677
2230,6.553663845527677
2231,6.553663845527677
2232,6.553663845527677
2233,6.553663845527677
2234,6.553663845527677
2235,6.553663845527677
2236,6.553663845527677
2237,6.553663845527677
2238,6.553663845527677
2239,6.553663845527677
2240,6.553663845527677
2241,6.553663845527677
2242,6.553663845527677
2243,6.553663845527677
2244,6.553663845527677
2245,6.553663845527677
2246,6.553663845527677
2247,6.553663845527677
2248,6.553663845527677
2249,6.553663845527677
2250,6.553663845527677
2251,6.553663845527677
2252,6.553663845527677
2253,6.553663845527677
2254,6.553663845527677
2255,6.553663845527677
2256,6.553663845527677
2257,6.553663845527677
2258,6.553663845527677
2259,6.553663845527677
2260,6.553663845527677
2261,6.553663845527677
2262,6.553663845527677
2263,6.553663845527677
2264,6.553663845527677
2265,6.553663845527677
2266,6.553663845527677
2267,6.553663845527677
2268,6.553663845527677
2269,6.553663845527677
2270,6.553663845527677
2271,6.553663845527677
2272,6.553663845527677
2273,6.553663845527677
2274,6.553663845527677
2275,6.553663845527677
2276,6.553663845527677
2277,6.553663845527677
2278,6.553663845527677
2279,6.553663845527677
2280,6.553663845527677
2281,6.553663845527677
2282,6.553663845527677
2283,6.553663845527677
2284,6.553663845527677
2285,6.553663845527677
2286,6.553663845527677
2287,6.553663845527677
2288,6.553663845527677
2289,6.553663845527677
2290,6.553663845527677
2291,6.553663845527677
2292,6.553663845527677
2293,6.553663845527677
2294,6.553663845527677
2295,6.553663845527677
2296,6.553663845527677
2297,6.553663845527677
2298,6.553663845527677
2299,6.553663845527677
2300,6.553663845527677
2301,6.553663845527677
2302,6.553663845527677
2303,6.553663845527677
2304,6.553663845527677
2305,6.553663845527677
2306,6.553663845527677
2307,6.553663845527677
2308,6.553663845527677
2309,6.553663845527677
2310,6.553663845527677
2311,6.553663845527677
2312,6.553663845527677
2313,6.553663845527677
2314,6.553663845527677
2315,6.553663845527677
2316,6.553663845527677
2317,6.553663845527677
2318,6.553663845527677
2319,6.553663845527677
2320,6.553663845527677
2321,6.553663845527677
2322,6.553663845527677
2323,6.553663845527677
2324,6.553663845527677
2325,6.553663845527677
2326,6.553663845527677
2327,6.553663845527677
2328,6.553663845527677
2329,6.553663845527677
2330,6.553663845527677
2331,6.553663845527677
2332,6.553663845527677
2333,6.553663845527677
2334,6.553663845527677
2335,6.553663845527677
2336,6.553663845527677
2337,6.553663845527677
2338,6.553663845527677
2339,6.553663845527677
2340,6.553663845527677
2341,6.553663845527677
2342,6.553663845527677
2343,6.553663845527677
2344,6.553663845527677
2345,6.553663845527677
2346,6.553663845527677
2347,6.553663845527677
2348,6.553663845527677
2349,6.553663845527677
2350,6.553663845527677
2351,6.553663845527677
2352,6.553663845527677
2353,6.553663845527677
2354,6.553663845527677
2355,6.553663845527677
2356,6.553663845527677
2357,6.553663845527677
2358,6.553663845527677
2359,6.553663845527677
2360,6.553663845527677
2361,6.553663845527677
2362,6.553663845527677
2363,6.553663845527677
2364,6.553663845527677
2365,6.553663845527677
2366,6.553663845527677
2367,6.553663845527677
2368,6.553663845527677
2369,6.553663845527677
2370,6.553663845527677
2371,6.553663845527677
2372,6.553663845527677
2373,6.553663845527677
2374,6.553663845527677
2375,6.553663845527677
2376,6.553663845527677
2377,6.553663845527677
2378,6.553663845527677
2379,6.553663845527677
2380,6.553663845527677
2381,6.553663845527677
2382,6.553663845527677
2383,6.553663845527677
2384,6.553663845527677
2385,6.553663845527677
2386,6.553663845527677
2387,6.553663845527677
2388,6.553663845527677
2389,6.553663845527677
2390,6.553663845527677
2391,6.553663845527677
2392,6.553663845527677
2393,6.553663845527677
2394,6.553663845527677
2395,6.553663845527677
2396,6.553663845527677
2397,6.553663845527677
2398,6.553663845527677
2399,6.553663845527677
2400,6.553663845527677
2401,6.553663845527677
2402,6.553663845527677
2403,6.553663845527677
2404,6.553663845527677
2405,6.553663845527677
2406,6.553663845527677
2407,6.553663845527677
2408,6.553663845527677
2409,6.553663845527677
2410,6.553663845527677
2411,6.553663845527677
2412,6.553663845527677
2413,6.553663845527677
2414,6.553663845527677
2415,6.553663845527677
2416,6.553663845527677
2417,6.553663845527677
2418,6.553663845527677
2419,6.553663845527677
2420,6.553663845527677
2421,6.553663845527677
2422,6.553663845527677
2423,6.553663845527677
2424,6.553663845527677
2425,6.553663845527677
2426,6.553663845527677
2427,6.553663845527677
2428,6.553663845527677
2429,6.553663845527677
2430,6.553663845527677
2431,6.553663845527677
2432,6.553663845527677
2433,6.553663845527677
2434,6.553663845527677
2435,6.553663845527677
2436,6.553663845527677
2437,6.553663845527677
2438,6.553663845527677
2439,6.553663845527677
2440,6.553663845527677
2441,6.553663845527677
2442,6.553663845527677
2443,6.553663845527677
2444,6.553663845527677
2445,6.553663845527677
2446,6.553663845527677
2447,6.553663845527677
2448,6.553663845527677
2449,6.553663845527677
2450,6.553663845527677
2451,6.553663845527677
2452,6.553663845527677
2453,6.553663845527677
2454,6.553663845527677
2455,6.553663845527677
2456,6.553663845527677
2457,6.553663845527677
2458,6.553663845527677
2459,6.553663845527677
2460,6.553663845527677
2461,6.553663845527677
2462,6.553663845527677
2463,6.553663845527677
2464,6.553663845527677
2465,6.553663845527677
2466,6.553663845527677
2467,6.553663845527677
2468,6.553663845527677
2469,6.553663845527677
2470,6.553663845527677
2471,6.553663845527677
2472,6.553663845527677
2473,6.553663845527677
2474,6.553663845527677
2475,6.553663845527677
2476,6.553663845527677
2477,6.553663845527677
2478,6.553663845527677
2479,6.553663845527677
2480,6.553663845527677
2481,6.553663845527677
2482,6.553663845527677
2483,6.553663845527677
2484,6.553663845527677
2485,6.553663845527677
2486,6.553663845527677
2487,6.553663845527677
2488,6.553663845527677
2489,6.553663845527677
2490,6.553663845527677
2491,6.553663845527677
2492,6.553663845527677
2493,6.553663845527677
2494,6.553663845527677
2495,6.553663845527677
2496,6.553663845527677
2497,6.553663845527677
2498,6.553663845527677
2499,6.553663845527677
2500,6.553663845527677
2501,6.553663845527677
2502,6.553663845527677
2503,6.553663845527677
2504,6.553663845527677
2505,6.553663845527677
2506,6.553663845527677
2507,6.553663845527677
2508,6.553663845527677
2509,6.553663845527677
2510,6.553663845527677
2511,6.553663845527677
2512,6.553663845527677
2513,6.553663845527677
2514,6.553663845527677
2515,6.553663845527677
2516,6.553663845527677
2517,6.553663845527677
2518,6.553663845527677
2519,6.553663845527677
2520,6.553663845527677
2521,6.553663845527677
2522,6.553663845527677
2523,6.553663845527677
2524,6.553663845527677
2525,6.553663845527677
2526,6.553663845527677
2527,6.553663845527677
2528,6.553663845527677
2529,6.553663845527677
2530,6.553663845527677
2531,6.553663845527677
2532,6.553663845527677
2533,6.553663845527677
2534,6.553663845527677
2535,6.553663845527677
2536,6.553663845527677
2537,6.553663845527677
2538,6.553663845527677
2539,6.553663845527677
2540,6.553663845527677
2541,6.553663845527677
2542,6.553663845527677
2543,6.553663845527677
2544,6.553663845527677
2545,6.553663845527677
2546,6.553663845527677
2547,6.553663845527677
2548,6.553663845527677
2549,6.553663845527677
2550,6.553663845527677
2551,6.553663845527677
2552,6.553663845527677
2553,6.553663845527677
2554,6.553663845527677
2555,6.553663845527677
2556,6.553663845527677
2557,6.553663845527677
2558,6.553663845527677
2559,6.553663845527677
2560,6.553663845527677
2561,6.553663845527677
2562,6.553663845527677
2563,6.553663845527677
2564,6.553663845527677
2565,6.553663845527677
2566,6.553663845527677
2567,6.553663845527677
2568,6.553663845527677
2569,6.553663845527677
2570,6.553663845527677
2571,6.553663845527677
2572,6.553663845527677
2573,6.553663845527677
2574,6.553663845527677
2575,6.553663845527677
2576,6.553663845527677
2577,6.553663845527677
2578,6.553663845527677
2579,6.553663845527677
2580,6.553663845527677
2581,6.553663845527677
2582,6.553663845527677
2583,6.553663845527677
2584,6.553663845527677
2585,6.553663845527677
2586,6.553663845527677
2587,6.553663845527677
2588,6.553663845527677
2589,6.553663845527677
2590,6.553663845527677
2591,6.553663845527677
2592,6.553663845527677
2593,6.553663845527677
2594,6.553663845527677
2595,6.553663845527677
2596,6.553663845527677
2597,6.553663845527677
2598,6.553663845527677
2599,6.553663845527677
2600,6.553663845527677
2601,6.553663845527677
2602,6.553663845527677
2603,6.553663845527677
2604,6.553663845527677
2605,6.553663845527677
2606,6.553663845527677
2607,6.553663845527677
2608,6.553663845527677
2609,6.553663845527677
2610,6.553663845527677
2611,6.553663845527677
2612,6.553663845527677
2613,6.553663845527677
2614,6.553663845527677
2615,6.553663845527677
2616,6.553663845527677
2617,6.553663845527677
2618,6.553663845527677
2619,6.553663845527677
2620,6.553663845527677
2621,6.553663845527677
2622,6.553663845527677
2623,6.553663845527677
2624,6.553663845527677
2625,6.553663845527677
2626,6.553663845527677
2627,6.553663845527677
2628,6.553663845527677
2629,6.553663845527677
2630,6.553663845527677
2631,6.553663845527677
2632,6.553663845527677
2633,6.553663845527677
2634,6.553663845527677
2635,6.553663845527677
2636,6.553663845527677
2637,6.553663845527677
2638,6.553663845527677
2639,6.553663845527677
2640,6.553663845527677
2641,6.553663845527677
2642,6.553663845527677
2643,6.553663845527677
2644,6.177281224099932
2645,6.177281224099932
2646,6.177281224099932
2647,6.177281224099932
2648,6.177281224099932
2649,6.177281224099932
2650,6.177281224099932
2651,6.177281224099932
2652,6.177281224099932
2653,6.177281224099932
2654,6.177281224099932
2655,6.177281224099932
2656,6.177281224099932
2657,6.177281224099932
2658,6.177281224099932
2659,6.177281224099932
2660,6.177281224099932
2661,6.177281224099932
2662,6.177281224099932
2663,6.177281224099932
2664,6.177281224099932
2665,6.177281224099932
2666,6.177281224099932
2667,6.177281224099932
2668,6.177281224099932
2669,6.177281224099932
2670,6.177281224099932
2671,6.177281224099932
2672,6.177281224099932
2673,6.177281224099932
2674,6.177281224099932
2675,6.177281224099932
2676,6.177281224099932
2677,6.177281224099932
2678,6.177281224099932
2679,6.177281224099932
2680,6.177281224099932
2681,6.177281224099932
2682,6.177281224099932
2683,6.177281224099932
2684,6.177281224099932
2685,6.177281224099932
2686,6.177281224099932
2687,6.177281224099932
2688,6.177281224099932
2689,6.177281224099932
2690,6.177281224099932
2691,6.177281224099932
2692,6.177281224099932
2693,6.177281224099932
2694,6.177281224099932
2695,6.177281224099932
2696,6.177281224099932
2697,6.177281224099932
2698,6.177281224099932
2699,6.177281224099932
2700,6.177281224099932
2701,6.177281224099932
2702,6.177281224099932
2703,6.177281224099932
2704,6.177281224099932
2705,6.177281224099932
2706,6.177281224099932
2707,6.177281224099932
2708,6.177281224099932
2709,6.177281224099932
2710,6.177281224099932
2711,6.177281224099932
2712,6.177281224099932
2713,6.177281224099932
2714,6.177281224099932
2715,6.177281224099932
2716,6.177281224099932
2717,6.177281224099932
2718,6.177281224099932
2719,6.177281224099932
2720,6.177281224099932
2721,6.177281224099932
2722,6.177281224099932
2723,6.177281224099932
2724,6.177281224099932
2725,6.177281224099932
2726,6.177281224099932
2727,6.177281224099932
2728,6.177281224099932
2729,6.177281224099932
2730,6.177281224099932
2731,6.177281224099932
2732,6.177281224099932
2733,6.177281224099932
2734,6.177281224099932
2735,6.177281224099932
2736,6.177281224099932
2737,6.177281224099932
2738,6.177281224099932
2739,6.177281224099932
2740,6.177281224099932
2741,6.177281224099932
2742,6.177281224099932
2743,6.177281224099932
2744,6.177281224099932
2745,6.177281224099932
2746,6.177281224099932
2747,6.177281224099932
2748,6.177281224099932
2749,6.177281224099932
2750,6.177281224099932
2751,6.177281224099932
2752,6.177281224099932
2753,6.177281224099932
2754,6.177281224099932
2755,6.177281224099932
2756,6.177281224099932
2757,6.177281224099932
2758,6.177281224099932
2759,6.177281224099932
2760,6.177281224099932
2761,6.177281224099932
2762,6.177281224099932
2763,6.177281224099932
2764,6.177281224099932
2765,6.177281224099932
2766,6.177281224099932
2767,6.177281224099932
2768,6.177281224099932
2769,6.177281224099932
2770,6.177281224099932
2771,6.177281224099932
2772,6.177281224099932
2773,6.177281224099932
2774,6.177281224099932
2775,6.177281224099932
2776,6.177281224099932
2777,6.177281224099932
2778,6.177281224099932
2779,6.177281224099932
2780,6.177281224099932
2781,6.177281224099932
2782,6.177281224099932
2783,6.177281224099932
2784,6.177281224099932
2785,6.177281224099932
2786,6.177281224099932
2787,6.177281224099932
2788,6.177281224099932
2789,6.177281224099932
2790,6.177281224099932
2791,6.177281224099932
2792,6.177281224099932
2793,6.177281224099932
2794,6.177281224099932
2795,6.177281224099932
2796,6.177281224099932
2797,6.177281224099932
2798,6.177281224099932
2799,6.177281224099932
2800,6.177281224099932
2801,6.177281224099932
2802,6.177281224099932
2803,6.177281224099932
2804,6.177281224099932
2805,6.177281224099932
2806,6.177281224099932
2807,6.177281224099932
2808,6.177281224099932
2809,6.177281224099932
2810,6.177281224099932
2811,6.177281224099932
2812,6.177281224099932
2813,6.177281224099932
2814,6.177281224099932
2815,6.177281224099932
2816,6.177281224099932
2817,6.177281224099932
2818,6.177281224099932
2819,6.177281224099932
2820,6.177281224099932
2821,6.177281224099932
2822,6.177281224099932
2823,6.177281224099932
2824,6.177281224099932
2825,6.177281224099932
2826,6.177281224099932
2827,6.177281224099932
2828,6.177281224099932
2829,6.177281224099932
2830,6.177281224099932
2831,6.177281224099932
2832,6.177281224099932
2833,6.177281224099932
2834,6.177281224099932
2835,6.177281224099932
2836,6.177281224099932
2837,6.177281224099932
2838,6.177281224099932
2839,6.177281224099932
2840,6.177281224099932
2841,6.177281224099932
2842,6.177281224099932
2843,6.177281224099932
2844,6.177281224099932
2845,6.177281224099932
2846,6.177281224099932
2847,6.177281224099932
2848,6.177281224099932
2849,6.177281224099932
2850,6.177281224099932
2851,6.177281224099932
2852,6.177281224099932
2853,6.177281224099932
2854,6.177281224099932
2855,6.177281224099932
2856,6.177281224099932
2857,6.177281224099932
2858,6.177281224099932
2859,6.177281224099932
2860,6.177281224099932
2861,6.177281224099932
2862,6.177281224099932
2863,6.177281224099932
2864,6.177281224099932
2865,6.177281224099932
2866,6.177281224099932
2867,6.177281224099932
2868,6.177281224099932
2869,6.177281224099932
2870,6.177281224099932
2871,6.177281224099932
2872,6.177281224099932
2873,6.177281224099932
2874,6.177281224099932
2875,6.177281224099932
2876,6.177281224099932
2877,6.177281224099932
2878,6.177281224099932
2879,6.177281224099932
2880,6.177281224099932
2881,6.177281224099932
2882,6.177281224099932
2883,6.177281224099932
2884,6.177281224099932
2885,6.177281224099932
2886,6.177281224099932
2887,6.177281224099932
2888,6.177281224099932
2889,6.177281224099932
2890,6.177281224099932
2891,6.177281224099932
2892,6.177281224099932
2893,6.177281224099932
2894,6.177281224099932
2895,6.177281224099932
2896,6.177281224099932
2897,6.177281224099932
2898,6.177281224099932
2899,6.177281224099932
2900,6.177281224099932
2901,6.177281224099932
2902,6.177281224099932
2903,6.177281224099932
2904,6.177281224099932
2905,6.177281224099932
2906,6.177281224099932
2907,6.177281224099932
2908,6.177281224099932
2909,6.177281224099932
2910,6.177281224099932
2911,6.177281224099932
2912,6.177281224099932
2913,6.113399780330144
2914,6.113399780330144
2915,6.113399780330144
2916,6.113399780330144
2917,6.113399780330144
2918,6.113399780330144
2919,6.113399780330144
2920,6.113399780330144
2921,6.113399780330144
2922,6.113399780330144
2923,6.113399780330144
2924,6.113399780330144
2925,6.113399780330144
2926,6.113399780330144
2927,6.113399780330144
2928,6.113399780330144
2929,6.113399780330144
2930,6.113399780330144
2931,6.113399780330144
2932,6.113399780330144
2933,6.113399780330144
2934,6.113399780330144
2935,6.113399780330144
2936,6.113399780330144
2937,6.113399780330144
2938,6.113399780330144
2939,6.113399780330144
2940,6.113399780330144
2941,6.113399780330144
2942,6.113399780330144
2943,6.113399780330144
2944,6.113399780330144
2945,6.113399780330144
2946,6.113399780330144
2947,6.113399780330144
2948,6.113399780330144
2949,6.113399780330144
2950,6.113399780330144
2951,6.113399780330144
2952,6.113399780330144
2953,6.113399780330144
2954,6.113399780330144
2955,6.113399780330144
2956,6.113399780330144
2957,6.113399780330144
2958,6.113399780330144
2959,6.113399780330144
2960,6.113399780330144
2961,6.113399780330144
2962,6.113399780330144
2963,6.113399780330144
2964,6.113399780330144
2965,6.113399780330144
2966,6.113399780330144
2967,6.113399780330144
2968,6.113399780330144
2969,6.113399780330144
2970,6.113399780330144
2971,6.113399780330144
2972,6.113399780330144
2973,6.113399780330144
2974,6.113399780330144
2975,6.113399780330144
2976,6.113399780330144
2977,6.113399780330144
2978,6.113399780330144
2979,6.113399780330144
2980,6.113399780330144
2981,6.113399780330144
2982,6.113399780330144
2983,6.113399780330144
2984,6.113399780330144
2985,6.113399780330144
2986,6.113399780330144
2987,6.113399780330144
2988,6.113399780330144
2989,6.113399780330144
2990,6.113399780330144
2991,6.113399780330144
2992,6.113399780330144
2993,6.113399780330144
2994,6.113399780330144
2995,6.113399780330144
2996,6.113399780330144
2997,6.113399780330144
2998,6.113399780330144
2999,6.113399780330144
3000,6.113399780330144
3001,6.113399780330144
3002,6.113399780330144
3003,6.113399780330144
3004,6.113399780330144
3005,6.113399780330144
3006,6.113399780330144
3007,6.113399780330144
3008,6.113399780330144
3009,6.113399780330144
3010,6.113399780330144
3011,6.113399780330144
3012,6.113399780330144
3013,6.113399780330144
3014,6.113399780330144
3015,6.113399780330144
3016,6.113399780330144
3017,6.113399780330144
3018,6.113399780330144
3019,6.113399780330144
3020,6.113399780330144
3021,6.113399780330144
3022,6.113399780330144
3023,6.113399780330144
3024,6.113399780330144
3025,6.113399780330144
3026,6.113399780330144
3027,6.113399780330144
3028,6.113399780330144
3029,6.113399780330144
3030,6.113399780330144
3031,6.113399780330144
3032,6.113399780330144
3033,6.113399780330144
3034,6.113399780330144
3035,6.113399780330144
3036,6.113399780330144
3037,6.113399780330144
3038,6.113399780330144
3039,6.113399780330144
3040,6.113399780330144
3041,6.113399780330144
3042,6.113399780330144
3043,6.113399780330144
3044,6.113399780330144
3045,6.113399780330144
3046,6.113399780330144
3047,6.113399780330144
3048,6.113399780330144
3049,6.113399780330144
3050,6.113399780330144
3051,6.113399780330144
3052,6.113399780330144
3053,6.113399780330144
3054,6.113399780330144
3055,6.113399780330144
3056,6.113399780330144
3057,6.113399780330144
3058,6.113399780330144
3059,6.113399780330144
3060,6.113399780330144
3061,6.113399780330144
3062,6.113399780330144
3063,6.113399780330144
3064,6.113399780330144
3065,6.113399780330144
3066,6.113399780330144
3067,6.113399780330144
3068,6.113399780330144
3069,6.113399780330144
3070,6.113399780330144
3071,6.113399780330144
3072,6.113399780330144
3073,6.113399780330144
3074,6.113399780330144
3075,6.113399780330144
3076,6.113399780330144
3077,6.113399780330144
3078,6.113399780330144
3079,6.113399780330144
3080,6.113399780330144
3081,6.113399780330144
3082,6.113399780330144
3083,6.113399780330144
3084,6.113399780330144
3085,6.113399780330144
3086,6.113399780330144
3087,6.113399780330144
3088,6.113399780330144
3089,6.113399780330144
3090,6.113399780330144
3091,6.113399780330144
3092,6.113399780330144
3093,6.113399780330144
3094,6.113399780330144
3095,6.113399780330144
3096,6.113399780330144
3097,6.113399780330144
3098,6.113399780330144
3099,6.113399780330144
3100,6.113399780330144
3101,6.113399780330144
3102,6.113399780330144
3103,6.113399780330144
3104,6.113399780330144
3105,6.113399780330144
3106,6.113399780330144
3107,6.113399780330144
3108,6.113399780330144
3109,6.113399780330144
3110,6.113399780330144
3111,6.113399780330144
3112,6.113399780330144
3113,6.113399780330144
3114,6.113399780330144
3115,6.113399780330144
3116,6.113399780330144
3117,6.113399780330144
3118,6.113399780330144
3119,6.113399780330144
3120,6.113399780330144
3121,6.113399780330144
3122,6.113399780330144
3123,6.113399780330144
3124,6.113399780330144
3125,6.113399780330144
3126,6.113399780330144
3127,6.113399780330144
3128,6.113399780330144
3129,6.113399780330144
3130,6.113399780330144
3131,6.113399780330144
3132,6.113399780330144
3133,6.113399780330144
3134,6.113399780330144
3135,6.113399780330144
3136,6.113399780330144
3137,6.113399780330144
3138,6.113399780330144
3139,6.113399780330144
3140,6.113399780330144
3141,6.113399780330144
3142,6.113399780330144
3143,6.113399780330144
3144,6.113399780330144
3145,6.113399780330144
3146,6.113399780330144
3147,6.113399780330144
3148,6.113399780330144
3149,6.113399780330144
3150,6.113399780330144
3151,6.113399780330144
3152,6.113399780330144
3153,6.113399780330144
3154,6.113399780330144
3155,6.113399780330144
3156,6.113399780330144
3157,6.113399780330144
3158,6.113399780330144
3159,6.113399780330144
3160,6.113399780330144
3161,6.113399780330144
3162,6.113399780330144
3163,6.113399780330144
3164,6.113399780330144
3165,6.113399780330144
3166,6.113399780330144
3167,6.113399780330144
3168,6.113399780330144
3169,6.113399780330144
3170,6.113399780330144
3171,6.113399780330144
3172,6.113399780330144
3173,6.113399780330144
3174,6.113399780330144
3175,6.113399780330144
3176,6.113399780330144
3177,6.113399780330144
3178,6.113399780330144
3179,6.113399780330144
3180,6.113399780330144
3181,6.113399780330144
3182,6.113399780330144
3183,6.113399780330144
3184,6.113399780330144
3185,6.113399780330144
3186,6.113399780330144
3187,6.113399780330144
3188,6.113399780330144
3189,6.113399780330144
3190,6.113399780330144
3191,6.113399780330144
3192,6.113399780330144
3193,6.113399780330144
3194,6.113399780330144
3195,6.113399780330144
3196,6.113399780330144
3197,6.113399780330144
3198,6.113399780330144
3199,6.113399780330144
3200,6.113399780330144
3201,6.113399780330144
3202,6.113399780330144
3203,6.113399780330144
3204,6.113399780330144
3205,6.113399780330144
3206,6.113399780330144
3207,6.113399780330144
3208,6.113399780330144
3209,6.113399780330144
3210,6.113399780330144
3211,6.113399780330144
3212,6.113399780330144
3213,6.113399780330144
3214,6.113399780330144
3215,6.113399780330144
3216,6.113399780330144
3217,6.113399780330144
3218,6.113399780330144
3219,6.113399780330144
3220,6.113399780330144
3221,6.113399780330144
3222,6.113399780330144
3223,6.113399780330144
3224,6.113399780330144
3225,6.113399780330144
3226,6.113399780330144
3227,6.113399780330144
3228,6.113399780330144
3229,6.113399780330144
3230,6.113399780330144
3231,6.113399780330144
3232,6.113399780330144
3233,6.113399780330144
3234,6.113399780330144
3235,6.113399780330144
3236,6.113399780330144
3237,6.113399780330144
3238,6.113399780330144
3239,6.113399780330144
3240,6.113399780330144
3241,6.113399780330144
3242,6.113399780330144
3243,6.113399780330144
3244,6.113399780330144
3245,6.113399780330144
3246,6.113399780330144
3247,6.113399780330144
3248,6.113399780330144
3249,6.113399780330144
3250,6.113399780330144
3251,6.113399780330144
3252,6.113399780330144
3253,6.113399780330144
3254,6.113399780330144
3255,6.113399780330144
3256,6.113399780330144
3257,6.113399780330144
3258,6.113399780330144
3259,6.113399780330144
3260,6.113399780330144
3261,6.113399780330144
3262,6.113399780330144
3263,6.113399780330144
3264,6.113399780330144
3265,6.113399780330144
3266,6.113399780330144
3267,6.113399780330144
3268,6.113399780330144
3269,6.113399780330144
3270,6.113399780330144
3271,6.113399780330144
3272,6.113399780330144
3273,6.113399780330144
3274,6.113399780330144
3275,6.113399780330144
3276,6.113399780330144
3277,6.113399780330144
3278,6.113399780330144
3279,6.113399780330144
3280,6.113399780330144
3281,6.113399780330144
3282,6.113399780330144
3283,6.113399780330144
3284,6.113399780330144
3285,6.113399780330144
3286,6.113399780330144
3287,6.113399780330144
3288,6.113399780330144
3289,6.113399780330144
3290,6.113399780330144
3291,6.113399780330144
3292,6.113399780330144
3293,6.113399780330144
3294,6.113399780330144
3295,6.113399780330144
3296,6.113399780330144
3297,6.113399780330144
3298,6.113399780330144
3299,6.113399780330144
3300,6.113399780330144
3301,6.113399780330144
3302,6.113399780330144
3303,6.113399780330144
3304,6.113399780330144
3305,6.113399780330144
3306,6.113399780330144
3307,6.113399780330144
3308,6.113399780330144
3309,6.113399780330144
3310,6.113399780330144
3311,6.113399780330144
3312,6.113399780330144
3313,6.113399780330144
3314,6.113399780330144
3315,6.113399780330144
3316,6.113399780330144
3317,6.113399780330144
3318,6.113399780330144
3319,6.113399780330144
3320,6.113399780330144
3321,6.113399780330144
3322,6.113399780330144
3323,6.113399780330144
3324,6.113399780330144
3325,6.113399780330144
3326,6.113399780330144
3327,6.113399780330144
3328,6.113399780330144
3329,6.113399780330144
3330,6.113399780330144
3331,6.113399780330144
3332,6.113399780330144
3333,6.113399780330144
3334,6.113399780330144
3335,6.113399780330144
3336,6.113399780330144
3337,6.113399780330144
3338,6.113399780330144
3339,6.113399780330144
3340,6.113399780330144
3341,6.113399780330144
3342,6.113399780330144
3343,6.113399780330144
3344,6.113399780330144
3345,6.113399780330144
3346,6.113399780330144
3347,6.113399780330144
3348,6.113399780330144
3349,6.113399780330144
3350,6.113399780330144
3351,6.113399780330144
3352,6.113399780330144
3353,6.113399780330144
3354,6.113399780330144
3355,6.113399780330144
3356,6.113399780330144
3357,6.113399780330144
3358,6.113399780330144
3359,6.113399780330144
3360,6.113399780330144
3361,6.113399780330144
3362,6.113399780330144
3363,6.113399780330144
3364,6.113399780330144
3365,6.113399780330144
3366,6.113399780330144
3367,6.113399780330144
3368,6.113399780330144
3369,6.113399780330144
3370,6.113399780330144
3371,6.113399780330144
3372,6.113399780330144
3373,6.113399780330144
3374,6.113399780330144
3375,6.113399780330144
3376,6.113399780330144
3377,6.113399780330144
3378,6.113399780330144
3379,6.113399780330144
3380,6.113399780330144
3381,6.113399780330144
3382,6.113399780330144
3383,6.113399780330144
3384,6.113399780330144
3385,6.113399780330144
3386,6.113399780330144
3387,6.113399780330144
3388,6.113399780330144
3389,6.113399780330144
3390,6.113399780330144
3391,6.113399780330144
3392,6.113399780330144
3393,6.113399780330144
3394,6.113399780330144
3395,6.113399780330144
3396,6.113399780330144
3397,6.113399780330144
3398,6.113399780330144
3399,6.113399780330144
3400,6.113399780330144
3401,6.113399780330144
3402,6.113399780330144
3403,6.113399780330144
3404,6.113399780330144
3405,6.113399780330144
3406,6.113399780330144
3407,6.113399780330144
3408,6.113399780330144
3409,6.113399780330144
3410,6.113399780330144
3411,6.113399780330144
3412,6.113399780330144
3413,6.113399780330144
3414,6.113399780330144
3415,6.113399780330144
3416,6.113399780330144
3417,6.113399780330144
3418,6.113399780330144
3419,6.113399780330144
3420,6.113399780330144
3421,6.113399780330144
3422,6.113399780330144
3423,6.113399780330144
3424,6.113399780330144
3425,6.113399780330144
3426,6.113399780330144
3427,6.113399780330144
3428,6.113399780330144
3429,6.113399780330144
3430,6.113399780330144
3431,6.113399780330144
3432,6.113399780330144
3433,6.113399780330144
3434,6.113399780330144
3435,6.113399780330144
3436,6.113399780330144
3437,6.113399780330144
3438,6.113399780330144
3439,6.113399780330144
3440,6.113399780330144
3441,6.113399780330144
3442,6.113399780330144
3443,6.113399780330144
3444,6.113399780330144
3445,6.113399780330144
3446,6.113399780330144
3447,6.113399780330144
3448,6.113399780330144
3449,6.113399780330144
3450,6.113399780330144
3451,6.113399780330144
3452,6.113399780330144
3453,6.113399780330144
3454,6.113399780330144
3455,6.113399780330144
3456,6.113399780330144
3457,6.113399780330144
3458,6.113399780330144
3459,6.113399780330144
3460,6.113399780330144
3461,6.113399780330144
3462,6.113399780330144
3463,6.113399780330144
3464,6.113399780330144
3465,6.113399780330144
3466,6.113399780330144
3467,6.113399780330144
3468,6.113399780330144
3469,6.113399780330144
3470,6.113399780330144
3471,6.113399780330144
3472,6.113399780330144
3473,6.113399780330144
3474,6.113399780330144
3475,6.113399780330144
3476,6.113399780330144
3477,6.113399780330144
3478,6.113399780330144
3479,6.113399780330144
3480,6.113399780330144
3481,6.113399780330144
3482,6.113399780330144
3483,6.113399780330144
3484,6.113399780330144
3485,6.113399780330144
3486,6.113399780330144
3487,6.113399780330144
3488,6.113399780330144
3489,6.113399780330144
3490,6.113399780330144
3491,6.113399780330144
3492,6.113399780330144
3493,6.113399780330144
3494,6.113399780330144
3495,6.113399780330144
3496,6.113399780330144
3497,6.113399780330144
3498,6.113399780330144
3499,6.113399780330144
3500,6.113399780330144
3501,6.113399780330144
3502,6.113399780330144
3503,6.113399780330144
3504,6.113399780330144
3505,6.113399780330144
3506,6.113399780330144
3507,6.113399780330144
3508,6.113399780330144
3509,6.113399780330144
3510,6.113399780330144
3511,6.113399780330144
3512,6.113399780330144
3513,6.113399780330144
3514,6.113399780330144
3515,6.113399780330144
3516,6.113399780330144
3517,6.113399780330144
3518,6.113399780330144
3519,6.113399780330144
3520,6.113399780330144
3521,6.113399780330144
3522,6.113399780330144
3523,6.113399780330144
3524,6.113399780330144
3525,6.113399780330144
3526,6.113399780330144
3527,6.113399780330144
3528,6.113399780330144
3529,6.113399780330144
3530,6.113399780330144
3531,6.113399780330144
3532,6.113399780330144
3533,6.113399780330144
3534,6.113399780330144
3535,6.113399780330144
3536,6.113399780330144
3537,6.113399780330144
3538,6.113399780330144
3539,6.113399780330144
3540,6.113399780330144
3541,6.113399780330144
3542,6.113399780330144
3543,6.113399780330144
3544,6.113399780330144
3545,6.113399780330144
3546,6.113399780330144
3547,6.113399780330144
3548,6.113399780330144
3549,6.113399780330144
3550,6.113399780330144
3551,6.113399780330144
3552,6.113399780330144
3553,6.113399780330144
3554,6.113399780330144
3555,6.113399780330144
3556,6.113399780330144
3557,6.113399780330144
3558,6.113399780330144
3559,6.113399780330144
3560,6.113399780330144
3561,6.113399780330144
3562,6.113399780330144
3563,6.113399780330144
3564,6.113399780330144
3565,6.060215117625105
3566,6.060215117625105
3567,6.060215117625105
3568,6.060215117625105
3569,6.060215117625105
3570,6.060215117625105
3571,6.060215117625105
3572,6.060215117625105
3573,6.060215117625105
3574,5.7098404663006805
3575,5.7098404663006805
3576,5.7098404663006805
3577,5.708881875637791
3578,5.708881875637791
3579,5.708881875637791
3580,5.708881875637791
3581,5.708881875637791
3582,5.708881875637791
3583,5.708881875637791
3584,5.708881875637791
3585,5.708881875637791
3586,5.708881875637791
3587,5.708881875637791
3588,5.708881875637791
3589,5.708881875637791
3590,5.708881875637791
3591,5.708881875637791
3592,5.708881875637791
3593,5.708881875637791
3594,5.708881875637791
3595,5.708881875637791
3596,5.708881875637791
3597,5.708881875637791
3598,5.708881875637791
3599,5.708881875637791
3600,5.708881875637791
3601,5.708881875637791
3602,5.708881875637791
3603,5.708881875637791
3604,5.708881875637791
3605,5.708881875637791
3606,5.708881875637791
3607,5.708881875637791
3608,5.708881875637791
3609,5.708881875637791
3610,5.708881875637791
3611,5.708881875637791
3612,5.708881875637791
3613,5.708881875637791
3614,5.708881875637791
3615,5.708881875637791
3616,5.708881875637791
3617,5.708881875637791
3618,5.708881875637791
3619,5.708881875637791
3620,5.708881875637791
3621,5.708881875637791
3622,5.708881875637791
3623,5.708881875637791
3624,5.708881875637791
3625,5.708881875637791
3626,5.708881875637791
3627,5.708881875637791
3628,5.708881875637791
3629,5.708881875637791
3630,5.708881875637791
3631,5.708881875637791
3632,5.708881875637791
3633,5.708881875637791
3634,5.708881875637791
3635,5.708881875637791
3636,5.708881875637791
3637,5.708881875637791
3638,5.708881875637791
3639,5.708881875637791
3640,5.708881875637791
3641,5.708881875637791
3642,5.708881875637791
3643,5.708881875637791
3644,5.708881875637791
3645,5.708881875637791
3646,5.708881875637791
3647,5.708881875637791
3648,5.708881875637791
3649,5.708881875637791
3650,5.708881875637791
3651,5.708881875637791
3652,5.708881875637791
3653,5.708881875637791
3654,5.708881875637791
3655,5.708881875637791
3656,5.708881875637791
3657,5.708881875637791
3658,5.708881875637791
3659,5.708881875637791
3660,5.708881875637791
3661,5.708881875637791
3662,5.708881875637791
3663,5.708881875637791
3664,5.708881875637791
3665,5.708881875637791
3666,5.708881875637791
3667,5.708881875637791
3668,5.708881875637791
3669,5.708881875637791
3670,5.708881875637791
3671,5.708881875637791
3672,5.708881875637791
3673,5.708881875637791
3674,5.708881875637791
3675,5.708881875637791
3676,5.708881875637791
3677,5.708881875637791
3678,5.708881875637791
3679,5.708881875637791
3680,5.708881875637791
3681,5.708881875637791
3682,5.708881875637791
3683,5.708881875637791
3684,5.708881875637791
3685,5.708881875637791
3686,5.708881875637791
3687,5.708881875637791
3688,5.708881875637791
3689,5.708881875637791
3690,5.708881875637791
3691,5.708881875637791
3692,5.708881875637791
3693,5.708881875637791
3694,5.708881875637791
3695,5.708881875637791
3696,5.708881875637791
3697,5.708881875637791
3698,5.708881875637791
3699,5.708881875637791
3700,5.708881875637791
3701,5.708881875637791
3702,5.708881875637791
3703,5.708881875637791
3704,5.708881875637791
3705,5.708881875637791
3706,5.708881875637791
3707,5.708881875637791
3708,5.708881875637791
3709,5.708881875637791
3710,5.708881875637791
3711,5.708881875637791
3712,5.708881875637791
3713,5.708881875637791
3714,5.708881875637791
3715,5.708881875637791
3716,5.708881875637791
3717,5.708881875637791
3718,5.708881875637791
3719,5.708881875637791
3720,5.708881875637791
3721,5.708881875637791
3722,5.708881875637791
3723,5.708881875637791
3724,5.708881875637791
3725,5.708881875637791
3726,5.708881875637791
3727,5.708881875637791
3728,5.708881875637791
3729,5.708881875637791
3730,5.708881875637791
3731,5.708881875637791
3732,5.708881875637791
3733,5.708881875637791
3734,5.708881875637791
3735,5.708881875637791
3736,5.708881875637791
3737,5.708881875637791
3738,5.708881875637791
3739,5.708881875637791
3740,5.708881875637791
3741,5.708881875637791
3742,5.708881875637791
3743,5.708881875637791
3744,5.708881875637791
3745,5.708881875637791
3746,5.708881875637791
3747,5.708881875637791
3748,5.708881875637791
3749,5.708881875637791
3750,5.708881875637791
3751,5.708881875637791
3752,5.708881875637791
3753,5.708881875637791
3754,5.708881875637791
3755,5.708881875637791
3756,5.708881875637791
3757,5.708881875637791
3758,5.708881875637791
3759,5.708881875637791
3760,5.708881875637791
3761,5.708881875637791
3762,5.708881875637791
3763,5.708881875637791
3764,5.708881875637791
3765,5.708881875637791
3766,5.708881875637791
3767,5.708881875637791
3768,5.708881875637791
3769,5.708881875637791
3770,5.708881875637791
3771,5.708881875637791
3772,5.708881875637791
3773,5.708881875637791
3774,5.708881875637791
3775,5.708881875637791
3776,5.708881875637791
3777,5.708881875637791
3778,5.708881875637791
3779,5.708881875637791
3780,5.708881875637791
3781,5.708881875637791
3782,5.708881875637791
3783,5.708881875637791
3784,5.708881875637791
3785,5.708881875637791
3786,5.708881875637791
3787,5.708881875637791
3788,5.708881875637791
3789,5.708881875637791
3790,5.708881875637791
3791,5.708881875637791
3792,5.708881875637791
3793,5.708881875637791
3794,5.708881875637791
3795,5.708881875637791
3796,5.708881875637791
3797,5.708881875637791
3798,5.708881875637791
3799,5.708881875637791
3800,5.708881875637791
3801,5.708881875637791
3802,5.708881875637791
3803,5.708881875637791
3804,5.708881875637791
3805,5.708881875637791
3806,5.708881875637791
3807,5.708881875637791
3808,5.708881875637791
3809,5.708881875637791
3810,5.708881875637791
3811,5.708881875637791
3812,5.708881875637791
3813,5.708881875637791
3814,5.708881875637791
3815,5.708881875637791
3816,5.708881875637791
3817,5.708881875637791
3818,5.708881875637791
3819,5.708881875637791
3820,5.708881875637791
3821,5.708881875637791
3822,5.708881875637791
3823,5.708881875637791
3824,5.708881875637791
3825,5.708881875637791
3826,5.708881875637791
3827,5.708881875637791
3828,5.708881875637791
3829,5.708881875637791
3830,5.708881875637791
3831,5.708881875637791
3832,5.708881875637791
3833,5.708881875637791
3834,5.708881875637791
3835,5.708881875637791
3836,5.708881875637791
3837,5.708881875637791
3838,5.708881875637791
3839,5.708881875637791
3840,5.708881875637791
3841,5.708881875637791
3842,5.708881875637791
3843,5.708881875637791
3844,5.708881875637791
3845,5.708881875637791
3846,5.708881875637791
3847,5.708881875637791
3848,5.708881875637791
3849,5.708881875637791
3850,5.708881875637791
3851,5.708881875637791
3852,5.708881875637791
3853,5.708881875637791
3854,5.708881875637791
3855,5.708881875637791
3856,5.708881875637791
3857,5.708881875637791
3858,5.708881875637791
3859,5.708881875637791
3860,5.708881875637791
3861,5.708881875637791
3862,5.708881875637791
3863,5.708881875637791
3864,5.708881875637791
3865,5.708881875637791
3866,5.708881875637791
3867,5.708881875637791
3868,5.708881875637791
3869,5.708881875637791
3870,5.708881875637791
3871,5.708881875637791
3872,5.708881875637791
3873,5.708881875637791
3874,5.708881875637791
3875,5.708881875637791
3876,5.708881875637791
3877,5.708881875637791
3878,5.708881875637791
3879,5.708881875637791
3880,5.708881875637791
3881,5.708881875637791
3882,5.708881875637791
3883,5.708881875637791
3884,5.708881875637791
3885,5.708881875637791
3886,5.708881875637791
3887,5.708881875637791
3888,5.708881875637791
3889,5.708881875637791
3890,5.708881875637791
3891,5.708881875637791
3892,5.708881875637791
3893,5.708881875637791
3894,5.708881875637791
3895,5.708881875637791
3896,5.708881875637791
3897,5.708881875637791
3898,5.708881875637791
3899,5.708881875637791
3900,5.708881875637791
3901,5.708881875637791
3902,5.708881875637791
3903,5.708881875637791
3904,5.708881875637791
3905,5.708881875637791
3906,5.708881875637791
3907,5.708881875637791
3908,5.708881875637791
3909,5.708881875637791
3910,5.708881875637791
3911,5.708881875637791
3912,5.708881875637791
3913,5.708881875637791
3914,5.708881875637791
3915,5.708881875637791
3916,5.708881875637791
3917,5.708881875637791
3918,5.708881875637791
3919,5.708881875637791
3920,5.708881875637791
3921,5.708881875637791
3922,5.708881875637791
3923,5.708881875637791
3924,5.708881875637791
3925,5.708881875637791
3926,5.708881875637791
3927,5.708881875637791
3928,5.708881875637791
3929,5.708881875637791
3930,5.708881875637791
3931,5.708881875637791
3932,5.708881875637791
3933,5.708881875637791
3934,5.708881875637791
3935,5.708881875637791
3936,5.708881875637791
3937,5.708881875637791
3938,5.708881875637791
3939,5.708881875637791
3940,5.708881875637791
3941,5.708881875637791
3942,5.708881875637791
3943,5.708881875637791
3944,5.708881875637791
3945,5.708881875637791
3946,5.708881875637791
3947,5.708881875637791
3948,5.708881875637791
3949,5.708881875637791
3950,5.708881875637791
3951,5.708881875637791
3952,5.708881875637791
3953,5.708881875637791
3954,5.708881875637791
3955,5.708881875637791
3956,5.708881875637791
3957,5.708881875637791
3958,5.708881875637791
3959,5.708881875637791
3960,5.708881875637791
3961,5.708881875637791
3962,5.708881875637791
3963,5.708881875637791
3964,5.708881875637791
3965,5.708881875637791
3966,5.708881875637791
3967,5.708881875637791
3968,5.708881875637791
3969,5.708881875637791
3970,5.708881875637791
3971,5.708881875637791
3972,5.708881875637791
3973,5.708881875637791
3974,5.708881875637791
3975,5.708881875637791
3976,5.708881875637791
3977,5.708881875637791
3978,5.708881875637791
3979,5.708881875637791
3980,5.708881875637791
3981,5.708881875637791
3982,5.708881875637791
3983,5.708881875637791
3984,5.708881875637791
3985,5.708881875637791
3986,5.708881875637791
3987,5.708881875637791
3988,5.708881875637791
3989,5.708881875637791
3990,5.708881875637791
3991,5.708881875637791
3992,5.708881875637791
3993,5.708881875637791
3994,5.708881875637791
3995,5.708881875637791
3996,5.708881875637791
3997,5.708881875637791
3998,5.708881875637791
3999,5.708881875637791
4000,5.708881875637791
4001,5.708881875637791
4002,5.708881875637791
4003,5.708881875637791
4004,5.708881875637791
4005,5.708881875637791
4006,5.708881875637791
4007,5.708881875637791
4008,5.708881875637791
4009,5.708881875637791
4010,5.708881875637791
4011,5.708881875637791
4012,5.708881875637791
4013,5.708881875637791
4014,5.708881875637791
4015,5.708881875637791
4016,5.708881875637791
4017,5.708881875637791
4018,5.708881875637791
4019,5.708881875637791
4020,5.708881875637791
4021,5.708881875637791
4022,5.708881875637791
4023,5.708881875637791
4024,5.708881875637791
4025,5.708881875637791
4026,5.708881875637791
4027,5.708881875637791
4028,5.708881875637791
4029,5.708881875637791
4030,5.708881875637791
4031,5.708881875637791
4032,5.708881875637791
4033,5.708881875637791
4034,5.708881875637791
4035,5.708881875637791
4036,5.708881875637791
4037,5.708881875637791
4038,5.708881875637791
4039,5.708881875637791
4040,5.708881875637791
4041,5.708881875637791
4042,5.708881875637791
4043,5.708881875637791
4044,5.708881875637791
4045,5.708881875637791
4046,5.708881875637791
4047,5.708881875637791
4048,5.708881875637791
4049,5.708881875637791
4050,5.708881875637791
4051,5.708881875637791
4052,5.708881875637791
4053,5.708881875637791
4054,5.708881875637791
4055,5.708881875637791
4056,5.708881875637791
4057,5.708881875637791
4058,5.708881875637791
4059,5.708881875637791
4060,5.708881875637791
4061,5.708881875637791
4062,5.708881875637791
4063,5.708881875637791
4064,5.708881875637791
4065,5.708881875637791
4066,5.708881875637791
4067,5.708881875637791
4068,5.708881875637791
4069,5.708881875637791
4070,5.708881875637791
4071,5.708881875637791
4072,5.708881875637791
4073,5.708881875637791
4074,5.708881875637791
4075,5.708881875637791
4076,5.708881875637791
4077,5.708881875637791
4078,5.708881875637791
4079,5.708881875637791
4080,5.708881875637791
4081,5.708881875637791
4082,5.708881875637791
4083,5.708881875637791
4084,5.708881875637791
4085,5.708881875637791
4086,5.708881875637791
4087,5.708881875637791
4088,5.708881875637791
4089,5.708881875637791
4090,5.708881875637791
4091,5.708881875637791
4092,5.708881875637791
4093,5.708881875637791
4094,5.708881875637791
4095,5.708881875637791
4096,5.708881875637791
4097,5.708881875637791
4098,5.708881875637791
4099,5.708881875637791
4100,5.708881875637791
4101,5.708881875637791
4102,5.708881875637791
4103,5.708881875637791
4104,5.708881875637791
4105,5.708881875637791
4106,5.708881875637791
4107,5.708881875637791
4108,5.708881875637791
4109,5.708881875637791
4110,5.708881875637791
4111,5.708881875637791
4112,5.708881875637791
4113,5.708881875637791
4114,5.708881875637791
4115,5.708881875637791
4116,5.708881875637791
4117,5.708881875637791
4118,5.708881875637791
4119,5.708881875637791
4120,5.708881875637791
4121,5.708881875637791
4122,5.708881875637791
4123,5.708881875637791
4124,5.708881875637791
4125,5.708881875637791
4126,5.708881875637791
4127,5.708881875637791
4128,5.708881875637791
4129,5.708881875637791
4130,5.708881875637791
4131,5.708881875637791
4132,5.708881875637791
4133,5.708881875637791
4134,5.708881875637791
4135,5.708881875637791
4136,5.708881875637791
4137,5.708881875637791
4138,5.708881875637791
4139,5.708881875637791
4140,5.708881875637791
4141,5.708881875637791
4142,5.708881875637791
4143,5.708881875637791
4144,5.708881875637791
4145,5.708881875637791
4146,5.708881875637791
4147,5.708881875637791
4148,5.708881875637791
4149,5.708881875637791
4150,5.708881875637791
4151,5.708881875637791
4152,5.708881875637791
4153,5.708881875637791
4154,5.708881875637791
4155,5.708881875637791
4156,5.708881875637791
4157,5.708881875637791
4158,5.708881875637791
4159,5.708881875637791
4160,5.708881875637791
4161,5.708881875637791
4162,5.708881875637791
4163,5.708881875637791
4164,5.708881875637791
4165,5.708881875637791
4166,5.708881875637791
4167,5.708881875637791
4168,5.708881875637791
4169,5.708881875637791
4170,5.708881875637791
4171,5.708881875637791
4172,5.708881875637791
4173,5.708881875637791
4174,5.708881875637791
4175,5.708881875637791
4176,5.708881875637791
4177,5.708881875637791
4178,5.708881875637791
4179,5.708881875637791
4180,5.708881875637791
4181,5.708881875637791
4182,5.708881875637791
4183,5.708881875637791
4184,5.708881875637791
4185,5.708881875637791
4186,5.708881875637791
4187,5.708881875637791
4188,5.708881875637791
4189,5.708881875637791
4190,5.708881875637791
4191,5.708881875637791
4192,5.708881875637791
4193,5.708881875637791
4194,5.708881875637791
4195,5.708881875637791
4196,5.708881875637791
4197,5.708881875637791
4198,5.708881875637791
4199,5.708881875637791
4200,5.708881875637791
4201,5.708881875637791
4202,5.708881875637791
4203,5.708881875637791
4204,5.708881875637791
4205,5.708881875637791
4206,5.708881875637791
4207,5.708881875637791
4208,5.708881875637791
4209,5.708881875637791
4210,5.708881875637791
4211,5.708881875637791
4212,5.708881875637791
4213,5.708881875637791
4214,5.708881875637791
4215,5.708881875637791
4216,5.708881875637791
4217,5.708881875637791
4218,5.708881875637791
4219,5.708881875637791
4220,5.708881875637791
4221,5.708881875637791
4222,5.708881875637791
4223,5.708881875637791
4224,5.708881875637791
4225,5.708881875637791
4226,5.708881875637791
4227,5.708881875637791
4228,5.708881875637791
4229,5.708881875637791
4230,5.708881875637791
4231,5.708881875637791
4232,5.708881875637791
4233,5.708881875637791
4234,5.708881875637791
4235,5.708881875637791
4236,5.708881875637791
4237,5.708881875637791
4238,5.708881875637791
4239,5.708881875637791
4240,5.708881875637791
4241,5.708881875637791
4242,5.708881875637791
4243,5.708881875637791
4244,5.708881875637791
4245,5.708881875637791
4246,5.708881875637791
4247,5.708881875637791
4248,5.708881875637791
4249,5.708881875637791
4250,5.708881875637791
4251,5.708881875637791
4252,5.708881875637791
4253,5.708881875637791
4254,5.708881875637791
4255,5.708881875637791
4256,5.708881875637791
4257,5.708881875637791
4258,5.708881875637791
4259,5.708881875637791
4260,5.708881875637791
4261,5.708881875637791
4262,5.708881875637791
4263,5.708881875637791
4264,5.708881875637791
4265,5.708881875637791
4266,5.708881875637791
4267,5.708881875637791
4268,5.708881875637791
4269,5.708881875637791
4270,5.708881875637791
4271,5.708881875637791
4272,5.708881875637791
4273,5.708881875637791
4274,5.708881875637791
4275,5.708881875637791
4276,5.708881875637791
4277,5.708881875637791
4278,5.708881875637791
4279,5.708881875637791
4280,5.708881875637791
4281,5.708881875637791
4282,5.708881875637791
4283,5.708881875637791
4284,5.708881875637791
4285,5.708881875637791
4286,5.708881875637791
4287,5.708881875637791
4288,5.708881875637791
4289,5.708881875637791
4290,5.708881875637791
4291,5.708881875637791
4292,5.708881875637791
4293,5.708881875637791
4294,5.708881875637791
4295,5.708881875637791
4296,5.708881875637791
4297,5.708881875637791
4298,5.708881875637791
4299,5.708881875637791
4300,5.708881875637791
4301,5.708881875637791
4302,5.708881875637791
4303,5.708881875637791
4304,5.708881875637791
4305,5.708881875637791
4306,5.708881875637791
4307,5.708881875637791
4308,5.708881875637791
4309,5.708881875637791
4310,5.708881875637791
4311,5.708881875637791
4312,5.708881875637791
4313,5.708881875637791
4314,5.708881875637791
4315,5.708881875637791
4316,5.708881875637791
4317,5.708881875637791
4318,5.708881875637791
4319,5.708881875637791
4320,5.708881875637791
4321,5.708881875637791
4322,5.708881875637791
4323,5.708881875637791
4324,5.708881875637791
4325,5.708881875637791
4326,5.708881875637791
4327,5.708881875637791
4328,5.708881875637791
4329,5.708881875637791
4330,5.708881875637791
4331,5.708881875637791
4332,5.708881875637791
4333,5.708881875637791
4334,5.708881875637791
4335,5.708881875637791
4336,5.708881875637791
4337,5.708881875637791
4338,5.708881875637791
4339,5.708881875637791
4340,5.708881875637791
4341,5.708881875637791
4342,5.708881875637791
4343,5.708881875637791
4344,5.708881875637791
4345,5.708881875637791
4346,5.708881875637791
4347,5.708881875637791
4348,5.708881875637791
4349,5.708881875637791
4350,5.708881875637791
4351,5.708881875637791
4352,5.708881875637791
4353,5.708881875637791
4354,5.708881875637791
4355,5.708881875637791
4356,5.708881875637791
4357,5.708881875637791
4358,5.708881875637791
4359,5.708881875637791
4360,5.708881875637791
4361,5.708881875637791
4362,5.708881875637791
4363,5.708881875637791
4364,5.708881875637791
4365,5.708881875637791
4366,5.708881875637791
4367,5.708881875637791
4368,5.708881875637791
4369,5.708881875637791
4370,5.708881875637791
4371,5.708881875637791
4372,5.708881875637791
4373,5.708881875637791
4374,5.708881875637791
4375,5.708881875637791
4376,5.708881875637791
4377,5.708881875637791
4378,5.708881875637791
4379,5.708881875637791
4380,5.708881875637791
4381,5.708881875637791
4382,5.708881875637791
4383,5.708881875637791
4384,5.708881875637791
4385,5.708881875637791
4386,5.708881875637791
4387,5.708881875637791
4388,5.708881875637791
4389,5.708881875637791
4390,5.708881875637791
4391,5.708881875637791
4392,5.708881875637791
4393,5.708881875637791
4394,5.708881875637791
4395,5.708881875637791
4396,5.708881875637791
4397,5.708881875637791
4398,5.708881875637791
4399,5.708881875637791
4400,5.708881875637791
4401,5.708881875637791
4402,5.708881875637791
4403,5.708881875637791
4404,5.708881875637791
4405,5.708881875637791
4406,5.708881875637791
4407,5.708881875637791
4408,5.708881875637791
4409,5.708881875637791
4410,5.708881875637791
4411,5.708881875637791
4412,5.708881875637791
4413,5.708881875637791
4414,5.708881875637791
4415,5.708881875637791
4416,5.708881875637791
4417,5.708881875637791
4418,5.708881875637791
4419,5.708881875637791
4420,5.708881875637791
4421,5.708881875637791
4422,5.708881875637791
4423,5.708881875637791
4424,5.708881875637791
4425,5.708881875637791
4426,5.708881875637791
4427,5.708881875637791
4428,5.708881875637791
4429,5.708881875637791
4430,5.708881875637791
4431,5.708881875637791
4432,5.708881875637791
4433,5.708881875637791
4434,5.708881875637791
4435,5.708881875637791
4436,5.708881875637791
4437,5.708881875637791
4438,5.708881875637791
4439,5.708881875637791
4440,5.708881875637791
4441,5.708881875637791
4442,5.708881875637791
4443,5.708881875637791
4444,5.708881875637791
4445,5.708881875637791
4446,5.708881875637791
4447,5.708881875637791
4448,5.708881875637791
4449,5.708881875637791
4450,5.708881875637791
4451,5.708881875637791
4452,5.708881875637791
4453,5.708881875637791
4454,5.708881875637791
4455,5.708881875637791
4456,5.708881875637791
4457,5.708881875637791
4458,5.708881875637791
4459,5.708881875637791
4460,5.708881875637791
4461,5.708881875637791
4462,5.708881875637791
4463,5.708881875637791
4464,5.708881875637791
4465,5.708881875637791
4466,5.708881875637791
4467,5.708881875637791
4468,5.708881875637791
4469,5.708881875637791
4470,5.708881875637791
4471,5.708881875637791
4472,5.708881875637791
4473,5.708881875637791
4474,5.708881875637791
4475,5.708881875637791
4476,5.708881875637791
4477,5.708881875637791
4478,5.708881875637791
4479,5.708881875637791
4480,5.708881875637791
4481,5.708881875637791
4482,5.708881875637791
4483,5.708881875637791
4484,5.708881875637791
4485,5.708881875637791
4486,5.708881875637791
4487,5.708881875637791
4488,5.708881875637791
4489,5.708881875637791
4490,5.708881875637791
4491,5.708881875637791
4492,5.708881875637791
4493,5.708881875637791
4494,5.708881875637791
4495,5.708881875637791
4496,5.708881875637791
4497,5.708881875637791
4498,5.708881875637791
4499,5.708881875637791
4500,5.708881875637791
4501,5.708881875637791
4502,5.708881875637791
4503,5.708881875637791
4504,5.708881875637791
4505,5.708881875637791
4506,5.708881875637791
4507,5.708881875637791
4508,5.708881875637791
4509,5.708881875637791
4510,5.708881875637791
4511,5.708881875637791
4512,5.708881875637791
4513,5.708881875637791
4514,5.708881875637791
4515,5.708881875637791
4516,5.708881875637791
4517,5.708881875637791
4518,5.708881875637791
4519,5.708881875637791
4520,5.708881875637791
4521,5.708881875637791
4522,5.708881875637791
4523,5.708881875637791
4524,5.708881875637791
4525,5.708881875637791
4526,5.708881875637791
4527,5.708881875637791
4528,5.708881875637791
4529,5.708881875637791
4530,5.708881875637791
4531,5.708881875637791
4532,5.708881875637791
4533,5.708881875637791
4534,5.708881875637791
4535,5.708881875637791
4536,5.708881875637791
4537,5.708881875637791
4538,5.708881875637791
4539,5.708881875637791
4540,5.708881875637791
4541,5.708881875637791
4542,5.708881875637791
4543,5.708881875637791
4544,5.708881875637791
4545,5.708881875637791
4546,5.708881875637791
4547,5.708881875637791
4548,5.708881875637791
4549,5.708881875637791
4550,5.708881875637791
4551,5.708881875637791
4552,5.708881875637791
4553,5.708881875637791
4554,5.708881875637791
4555,5.708881875637791
4556,5.708881875637791
4557,5.708881875637791
4558,5.708881875637791
4559,5.708881875637791
4560,5.708881875637791
4561,5.708881875637791
4562,5.708881875637791
4563,5.708881875637791
4564,5.708881875637791
4565,5.708881875637791
4566,5.708881875637791
4567,5.708881875637791
4568,5.708881875637791
4569,5.708881875637791
4570,5.708881875637791
4571,5.708881875637791
4572,5.708881875637791
4573,5.708881875637791
4574,5.708881875637791
4575,5.708881875637791
4576,5.708881875637791
4577,5.708881875637791
4578,5.708881875637791
4579,5.708881875637791
4580,5.708881875637791
4581,5.708881875637791
4582,5.708881875637791
4583,5.708881875637791
4584,5.708881875637791
4585,5.708881875637791
4586,5.708881875637791
4587,5.708881875637791
4588,5.708881875637791
4589,5.708881875637791
4590,5.708881875637791
4591,5.708881875637791
4592,5.708881875637791
4593,5.708881875637791
4594,5.708881875637791
4595,5.708881875637791
4596,5.708881875637791
4597,5.708881875637791
4598,5.708881875637791
4599,5.708881875637791
4600,5.708881875637791
4601,5.708881875637791
4602,5.708881875637791
4603,5.708881875637791
4604,5.708881875637791
4605,5.708881875637791
4606,5.708881875637791
4607,5.708881875637791
4608,5.708881875637791
4609,5.708881875637791
4610,5.708881875637791
4611,5.708881875637791
4612,5.708881875637791
4613,5.708881875637791
4614,5.708881875637791
4615,5.708881875637791
4616,5.708881875637791
4617,5.708881875637791
4618,5.708881875637791
4619,5.708881875637791
4620,5.708881875637791
4621,5.708881875637791
4622,5.708881875637791
4623,5.708881875637791
4624,5.708881875637791
4625,5.708881875637791
4626,5.708881875637791
4627,5.708881875637791
4628,5.708881875637791
4629,5.708881875637791
4630,5.708881875637791
4631,5.708881875637791
4632,5.708881875637791
4633,5.708881875637791
4634,5.708881875637791
4635,5.708881875637791
4636,5.708881875637791
4637,5.708881875637791
4638,5.708881875637791
4639,5.708881875637791
4640,5.708881875637791
4641,5.708881875637791
4642,5.708881875637791
4643,5.708881875637791
4644,5.708881875637791
4645,5.708881875637791
4646,5.708881875637791
4647,5.708881875637791
4648,5.708881875637791
4649,5.708881875637791
4650,5.708881875637791
4651,5.708881875637791
4652,5.708881875637791
4653,5.708881875637791
4654,5.708881875637791
4655,5.708881875637791
4656,5.708881875637791
4657,5.708881875637791
4658,5.708881875637791
4659,5.708881875637791
4660,5.708881875637791
4661,5.708881875637791
4662,5.708881875637791
4663,5.708881875637791
4664,5.708881875637791
4665,5.708881875637791
4666,5.708881875637791
4667,5.708881875637791
4668,5.708881875637791
4669,5.708881875637791
4670,5.708881875637791
4671,5.708881875637791
4672,5.708881875637791
4673,5.708881875637791
4674,5.708881875637791
4675,5.708881875637791
4676,5.708881875637791
4677,5.708881875637791
4678,5.708881875637791
4679,5.708881875637791
4680,5.708881875637791
4681,5.708881875637791
4682,5.708881875637791
4683,5.708881875637791
4684,5.708881875637791
4685,5.708881875637791
4686,5.708881875637791
4687,5.708881875637791
4688,5.708881875637791
4689,5.708881875637791
4690,5.708881875637791
4691,5.708881875637791
4692,5.708881875637791
4693,5.708881875637791
4694,5.708881875637791
4695,5.708881875637791
4696,5.708881875637791
4697,5.708881875637791
4698,5.708881875637791
4699,5.708881875637791
4700,5.708881875637791
4701,5.708881875637791
4702,5.708881875637791
4703,5.708881875637791
4704,5.708881875637791
4705,5.708881875637791
4706,5.708881875637791
4707,5.708881875637791
4708,5.708881875637791
4709,5.708881875637791
4710,5.708881875637791
4711,5.708881875637791
4712,5.708881875637791
4713,5.708881875637791
4714,5.708881875637791
4715,5.708881875637791
4716,5.708881875637791
4717,5.708881875637791
4718,5.708881875637791
4719,5.708881875637791
4720,5.708881875637791
4721,5.708881875637791
4722,5.708881875637791
4723,5.708881875637791
4724,5.708881875637791
4725,5.708881875637791
4726,5.708881875637791
4727,5.708881875637791
4728,5.708881875637791
4729,5.708881875637791
4730,5.708881875637791
4731,5.708881875637791
4732,5.708881875637791
4733,5.708881875637791
4734,5.708881875637791
4735,5.708881875637791
4736,5.708881875637791
4737,5.708881875637791
4738,5.708881875637791
4739,5.708881875637791
4740,5.708881875637791
4741,5.708881875637791
4742,5.708881875637791
4743,5.708881875637791
4744,5.708881875637791
4745,5.708881875637791
4746,5.708881875637791
4747,5.708881875637791
4748,5.708881875637791
4749,5.708881875637791
4750,5.708881875637791
4751,5.708881875637791
4752,5.708881875637791
4753,5.708881875637791
4754,5.708881875637791
4755,5.708881875637791
4756,5.708881875637791
4757,5.708881875637791
4758,5.708881875637791
4759,5.708881875637791
4760,5.708881875637791
4761,5.708881875637791
4762,5.708881875637791
4763,5.708881875637791
4764,5.708881875637791
4765,5.708881875637791
4766,5.708881875637791
4767,5.708881875637791
4768,5.708881875637791
4769,5.708881875637791
4770,5.708881875637791
4771,5.708881875637791
4772,5.708881875637791
4773,5.708881875637791
4774,5.708881875637791
4775,5.708881875637791
4776,5.708881875637791
4777,5.708881875637791
4778,5.708881875637791
4779,5.708881875637791
4780,5.708881875637791
4781,5.708881875637791
4782,5.708881875637791
4783,5.708881875637791
4784,5.708881875637791
4785,5.708881875637791
4786,5.708881875637791
4787,5.708881875637791
4788,5.708881875637791
4789,5.708881875637791
4790,5.708881875637791
4791,5.708881875637791
4792,5.708881875637791
4793,5.708881875637791
4794,5.708881875637791
4795,5.708881875637791
4796,5.708881875637791
4797,5.708881875637791
4798,5.708881875637791
4799,5.708881875637791
4800,5.708881875637791
4801,5.708881875637791
4802,5.708881875637791
4803,5.708881875637791
4804,5.708881875637791
4805,5.708881875637791
4806,5.708881875637791
4807,5.708881875637791
4808,5.708881875637791
4809,5.708881875637791
4810,5.708881875637791
4811,5.708881875637791
4812,5.708881875637791
4813,5.708881875637791
4814,5.708881875637791
4815,5.708881875637791
4816,5.708881875637791
4817,5.708881875637791
4818,5.708881875637791
4819,5.708881875637791
4820,5.708881875637791
4821,5.708881875637791
4822,5.708881875637791
4823,5.708881875637791
4824,5.708881875637791
4825,5.708881875637791
4826,5.708881875637791
4827,5.708881875637791
4828,5.708881875637791
4829,5.708881875637791
4830,5.708881875637791
4831,5.708881875637791
4832,5.708881875637791
4833,5.708881875637791
4834,5.708881875637791
4835,5.708881875637791
4836,5.708881875637791
4837,5.708881875637791
4838,5.708881875637791
4839,5.708881875637791
4840,5.708881875637791
4841,5.708881875637791
4842,5.708881875637791
4843,5.708881875637791
4844,5.708881875637791
4845,5.708881875637791
4846,5.708881875637791
4847,5.708881875637791
4848,5.708881875637791
4849,5.708881875637791
4850,5.708881875637791
4851,5.708881875637791
4852,5.708881875637791
4853,5.708881875637791
4854,5.708881875637791
4855,5.708881875637791
4856,5.708881875637791
4857,5.708881875637791
4858,5.708881875637791
4859,5.708881875637791
4860,5.708881875637791
4861,5.708881875637791
4862,5.708881875637791
4863,5.708881875637791
4864,5.708881875637791
4865,5.708881875637791
4866,5.708881875637791
4867,5.708881875637791
4868,5.708881875637791
4869,5.708881875637791
4870,5.708881875637791
4871,5.708881875637791
4872,5.708881875637791
4873,5.708881875637791
4874,5.708881875637791
4875,5.708881875637791
4876,5.708881875637791
4877,5.708881875637791
4878,5.708881875637791
4879,5.708881875637791
4880,5.708881875637791
4881,5.708881875637791
4882,5.708881875637791
4883,5.708881875637791
4884,5.708881875637791
4885,5.708881875637791
4886,5.708881875637791
4887,5.708881875637791
4888,5.708881875637791
4889,5.708881875637791
4890,5.708881875637791
4891,5.708881875637791
4892,5.708881875637791
4893,5.708881875637791
4894,5.708881875637791
4895,5.708881875637791
4896,5.708881875637791
4897,5.708881875637791
4898,5.708881875637791
4899,5.708881875637791
4900,5.708881875637791
4901,5.708881875637791
4902,5.708881875637791
4903,5.708881875637791
4904,5.708881875637791
4905,5.708881875637791
4906,5.708881875637791
4907,5.708881875637791
4908,5.708881875637791
4909,5.708881875637791
4910,5.708881875637791
4911,5.708881875637791
4912,5.708881875637791
4913,5.708881875637791
4914,5.708881875637791
4915,5.708881875637791
4916,5.708881875637791
4917,5.708881875637791
4918,5.708881875637791
4919,5.708881875637791
4920,5.708881875637791
4921,5.708881875637791
4922,5.708881875637791
4923,5.708881875637791
4924,5.708881875637791
4925,5.708881875637791
4926,5.708881875637791
4927,5.708881875637791
4928,5.708881875637791
4929,5.708881875637791
4930,5.708881875637791
4931,5.708881875637791
4932,5.708881875637791
4933,5.708881875637791
4934,5.708881875637791
4935,5.708881875637791
4936,5.708881875637791
4937,5.708881875637791
4938,5.708881875637791
4939,5.708881875637791
4940,5.708881875637791
4941,5.708881875637791
4942,5.708881875637791
4943,5.708881875637791
4944,5.708881875637791
4945,5.708881875637791
4946,5.708881875637791
4947,5.708881875637791
4948,5.708881875637791
4949,5.708881875637791
4950,5.708881875637791
4951,5.708881875637791
4952,5.708881875637791
4953,5.708881875637791
4954,5.708881875637791
4955,5.708881875637791
4956,5.708881875637791
4957,5.708881875637791
4958,5.708881875637791
4959,5.708881875637791
4960,5.708881875637791
4961,5.708881875637791
4962,5.708881875637791
4963,5.708881875637791
4964,5.708881875637791
4965,5.708881875637791
4966,5.708881875637791
4967,5.708881875637791
4968,5.708881875637791
4969,5.708881875637791
4970,5.708881875637791
4971,5.708881875637791
4972,5.708881875637791
4973,5.708881875637791
4974,5.708881875637791
4975,5.708881875637791
4976,5.708881875637791
4977,5.708881875637791
4978,5.708881875637791
4979,5.708881875637791
4980,5.708881875637791
4981,5.708881875637791
4982,5.708881875637791
4983,5.708881875637791
4984,5.708881875637791
4985,5.708881875637791
4986,5.708881875637791
4987,5.708881875637791
4988,5.708881875637791
4989,5.708881875637791
4990,5.708881875637791
4991,5.708881875637791
4992,5.708881875637791
4993,5.708881875637791
4994,5.708881875637791
4995,5.708881875637791
4996,5.708881875637791
4997,5.708881875637791
4998,5.708881875637791
4999,5.708881875637791
5000,5.708881875637791
5001,5.708881875637791
5002,5.708881875637791
5003,5.708881875637791
5004,5.708881875637791
5005,5.708881875637791
5006,5.708881875637791
5007,5.708881875637791
5008,5.708881875637791
5009,5.708881875637791
5010,5.708881875637791
5011,5.708881875637791
5012,5.708881875637791
5013,5.708881875637791
5014,5.708881875637791
5015,5.708881875637791
5016,5.708881875637791
5017,5.708881875637791
5018,5.708881875637791
5019,5.708881875637791
5020,5.708881875637791
5021,5.708881875637791
5022,5.708881875637791
5023,5.708881875637791
5024,5.708881875637791
5025,5.708881875637791
5026,5.708881875637791
5027,5.708881875637791
5028,5.708881875637791
5029,5.708881875637791
5030,5.708881875637791
5031,5.708881875637791
5032,5.708881875637791
5033,5.708881875637791
5034,5.708881875637791
5035,5.708881875637791
5036,5.708881875637791
5037,5.708881875637791
5038,5.708881875637791
5039,5.708881875637791
5040,5.708881875637791
5041,5.708881875637791
5042,5.708881875637791
5043,5.708881875637791
5044,5.708881875637791
5045,5.708881875637791
5046,5.708881875637791
5047,5.708881875637791
5048,5.708881875637791
5049,5.708881875637791
5050,5.708881875637791
5051,5.708881875637791
5052,5.708881875637791
5053,5.708881875637791
5054,5.708881875637791
5055,5.708881875637791
5056,5.708881875637791
5057,5.708881875637791
5058,5.708881875637791
5059,5.708881875637791
5060,5.708881875637791
5061,5.708881875637791
5062,5.708881875637791
5063,5.708881875637791
5064,5.708881875637791
5065,5.708881875637791
5066,5.708881875637791
5067,5.708881875637791
5068,5.708881875637791
5069,5.708881875637791
5070,5.708881875637791
5071,5.708881875637791
5072,5.708881875637791
5073,5.708881875637791
5074,5.708881875637791
5075,5.708881875637791
5076,5.708881875637791
5077,5.708881875637791
5078,5.708881875637791
5079,5.708881875637791
5080,5.708881875637791
5081,5.708881875637791
5082,5.708881875637791
5083,5.708881875637791
5084,5.708881875637791
5085,5.708881875637791
5086,5.708881875637791
5087,5.708881875637791
5088,5.708881875637791
5089,5.708881875637791
5090,5.708881875637791
5091,5.708881875637791
5092,5.708881875637791
5093,5.708881875637791
5094,5.708881875637791
5095,5.708881875637791
5096,5.708881875637791
5097,5.708881875637791
5098,5.708881875637791
5099,5.708881875637791
5100,5.708881875637791
5101,5.708881875637791
5102,5.708881875637791
5103,5.708881875637791
5104,5.708881875637791
5105,5.708881875637791
5106,5.708881875637791
5107,5.708881875637791
5108,5.708881875637791
5109,5.708881875637791
5110,5.708881875637791
5111,5.708881875637791
5112,5.708881875637791
5113,5.708881875637791
5114,5.708881875637791
5115,5.708881875637791
5116,5.708881875637791
5117,5.708881875637791
5118,5.708881875637791
5119,5.708881875637791
5120,5.708881875637791
5121,5.708881875637791
5122,5.708881875637791
5123,5.708881875637791
5124,5.708881875637791
5125,5.708881875637791
5126,5.708881875637791
5127,5.708881875637791
5128,5.708881875637791
5129,5.708881875637791
5130,5.708881875637791
5131,5.708881875637791
5132,5.708881875637791
5133,5.708881875637791
5134,5.708881875637791
5135,5.708881875637791
5136,5.708881875637791
5137,5.708881875637791
5138,5.708881875637791
5139,5.708881875637791
5140,5.708881875637791
5141,5.708881875637791
5142,5.708881875637791
5143,5.708881875637791
5144,5.708881875637791
5145,5.708881875637791
5146,5.708881875637791
5147,5.708881875637791
5148,5.708881875637791
5149,5.708881875637791
5150,5.708881875637791
5151,5.708881875637791
5152,5.708881875637791
5153,5.708881875637791
5154,5.708881875637791
5155,5.708881875637791
5156,5.708881875637791
5157,5.708881875637791
5158,5.708881875637791
5159,5.708881875637791
5160,5.708881875637791
5161,5.708881875637791
5162,5.708881875637791
5163,5.708881875637791
5164,5.708881875637791
5165,5.708881875637791
5166,5.708881875637791
5167,5.708881875637791
5168,5.708881875637791
5169,5.708881875637791
5170,5.708881875637791
5171,5.708881875637791
5172,5.708881875637791
5173,5.708881875637791
5174,5.708881875637791
5175,5.708881875637791
5176,5.708881875637791
5177,5.708881875637791
5178,5.708881875637791
5179,5.708881875637791
5180,5.708881875637791
5181,5.708881875637791
5182,5.708881875637791
5183,5.708881875637791
5184,5.708881875637791
5185,5.708881875637791
5186,5.708881875637791
5187,5.708881875637791
5188,5.708881875637791
5189,5.708881875637791
5190,5.708881875637791
5191,5.708881875637791
5192,5.708881875637791
5193,5.708881875637791
5194,5.708881875637791
5195,5.708881875637791
5196,5.708881875637791
5197,5.708881875637791
5198,5.708881875637791
5199,5.708881875637791
5200,5.708881875637791
5201,5.708881875637791
5202,5.708881875637791
5203,5.708881875637791
5204,5.708881875637791
5205,5.708881875637791
5206,5.708881875637791
5207,5.708881875637791
5208,5.708881875637791
5209,5.708881875637791
5210,5.708881875637791
5211,5.708881875637791
5212,5.708881875637791
5213,5.708881875637791
5214,5.708881875637791
5215,5.708881875637791
5216,5.708881875637791
5217,5.708881875637791
5218,5.708881875637791
5219,5.708881875637791
5220,5.708881875637791
5221,5.708881875637791
5222,5.708881875637791
5223,5.708881875637791
5224,5.708881875637791
5225,5.708881875637791
5226,5.708881875637791
5227,5.708881875637791
5228,5.708881875637791
5229,5.708881875637791
5230,5.708881875637791
5231,5.708881875637791
5232,5.708881875637791
5233,5.708881875637791
5234,5.708881875637791
5235,5.708881875637791
5236,5.708881875637791
5237,5.708881875637791
5238,5.708881875637791
5239,5.708881875637791
5240,5.708881875637791
5241,5.708881875637791
5242,5.708881875637791
5243,5.708881875637791
5244,5.708881875637791
5245,5.708881875637791
5246,5.708881875637791
5247,5.708881875637791
5248,5.708881875637791
5249,5.708881875637791
5250,5.708881875637791
5251,5.708881875637791
5252,5.708881875637791
5253,5.708881875637791
5254,5.708881875637791
5255,5.708881875637791
5256,5.708881875637791
5257,5.708881875637791
5258,5.708881875637791
5259,5.708881875637791
5260,5.708881875637791
5261,5.708881875637791
5262,5.708881875637791
5263,5.708881875637791
5264,5.708881875637791
5265,5.708881875637791
5266,5.708881875637791
5267,5.708881875637791
5268,5.708881875637791
5269,5.708881875637791
5270,5.708881875637791
5271,5.708881875637791
5272,5.708881875637791
5273,5.708881875637791
5274,5.708881875637791
5275,5.708881875637791
5276,5.708881875637791
5277,5.708881875637791
5278,5.708881875637791
5279,5.708881875637791
5280,5.708881875637791
5281,5.708881875637791
5282,5.708881875637791
5283,5.708881875637791
5284,5.708881875637791
5285,5.708881875637791
5286,5.708881875637791
5287,5.708881875637791
5288,5.708881875637791
5289,5.708881875637791
5290,5.708881875637791
5291,5.708881875637791
5292,5.708881875637791
5293,5.708881875637791
5294,5.708881875637791
5295,5.708881875637791
5296,5.708881875637791
5297,5.708881875637791
5298,5.708881875637791
5299,5.708881875637791
5300,5.708881875637791
5301,5.708881875637791
5302,5.708881875637791
5303,5.708881875637791
5304,5.708881875637791
5305,5.708881875637791
5306,5.708881875637791
5307,5.708881875637791
5308,5.708881875637791
5309,5.708881875637791
5310,5.708881875637791
5311,5.708881875637791
5312,5.708881875637791
5313,5.708881875637791
5314,5.708881875637791
5315,5.708881875637791
5316,5.708881875637791
5317,5.708881875637791
5318,5.708881875637791
5319,5.708881875637791
5320,5.708881875637791
5321,5.708881875637791
5322,5.708881875637791
5323,5.708881875637791
5324,5.708881875637791
5325,5.708881875637791
5326,5.708881875637791
5327,5.708881875637791
5328,5.708881875637791
5329,5.708881875637791
5330,5.708881875637791
5331,5.708881875637791
5332,5.708881875637791
5333,5.708881875637791
5334,5.708881875637791
5335,5.708881875637791
5336,5.708881875637791
5337,5.708881875637791
5338,5.708881875637791
5339,5.708881875637791
5340,5.708881875637791
5341,5.708881875637791
5342,5.708881875637791
5343,5.708881875637791
5344,5.708881875637791
5345,5.708881875637791
5346,5.708881875637791
5347,5.708881875637791
5348,5.708881875637791
5349,5.708881875637791
5350,5.708881875637791
5351,5.708881875637791
5352,5.708881875637791
5353,5.708881875637791
5354,5.708881875637791
5355,5.708881875637791
5356,5.708881875637791
5357,5.708881875637791
5358,5.708881875637791
5359,5.708881875637791
5360,5.708881875637791
5361,5.708881875637791
5362,5.708881875637791
5363,5.708881875637791
5364,5.708881875637791
5365,5.708881875637791
5366,5.708881875637791
5367,5.708881875637791
5368,5.708881875637791
5369,5.708881875637791
5370,5.708881875637791
5371,5.708881875637791
5372,5.708881875637791
5373,5.708881875637791
5374,5.708881875637791
5375,5.708881875637791
5376,5.708881875637791
5377,5.708881875637791
5378,5.708881875637791
5379,5.708881875637791
5380,5.708881875637791
5381,5.708881875637791
5382,5.708881875637791
5383,5.708881875637791
5384,5.708881875637791
5385,5.708881875637791
5386,5.708881875637791
5387,5.708881875637791
5388,5.708881875637791
5389,5.708881875637791
5390,5.708881875637791
5391,5.708881875637791
5392,5.708881875637791
5393,5.708881875637791
5394,5.708881875637791
5395,5.708881875637791
5396,5.708881875637791
5397,5.708881875637791
5398,5.708881875637791
5399,5.708881875637791
5400,5.708881875637791
5401,5.708881875637791
5402,5.708881875637791
5403,5.708881875637791
5404,5.708881875637791
5405,5.708881875637791
5406,5.708881875637791
5407,5.708881875637791
5408,5.708881875637791
5409,5.708881875637791
5410,5.708881875637791
5411,5.708881875637791
5412,5.708881875637791
5413,5.708881875637791
5414,5.708881875637791
5415,5.708881875637791
5416,5.708881875637791
5417,5.708881875637791
5418,5.708881875637791
5419,5.708881875637791
5420,5.708881875637791
5421,5.708881875637791
5422,5.708881875637791
5423,5.708881875637791
5424,5.708881875637791
5425,5.708881875637791
5426,5.708881875637791
5427,5.708881875637791
5428,5.708881875637791
5429,5.708881875637791
5430,5.708881875637791
5431,5.708881875637791
5432,5.708881875637791
5433,5.708881875637791
5434,5.708881875637791
5435,5.708881875637791
5436,5.708881875637791
5437,5.708881875637791
5438,5.708881875637791
5439,5.708881875637791
5440,5.708881875637791
5441,5.708881875637791
5442,5.708881875637791
5443,5.708881875637791
5444,5.708881875637791
5445,5.708881875637791
5446,5.708881875637791
5447,5.708881875637791
5448,5.708881875637791
5449,5.708881875637791
5450,5.708881875637791
5451,5.708881875637791
5452,5.708881875637791
5453,5.708881875637791
5454,5.708881875637791
5455,5.708881875637791
5456,5.708881875637791
5457,5.708881875637791
5458,5.708881875637791
5459,5.708881875637791
5460,5.708881875637791
5461,5.708881875637791
5462,5.708881875637791
5463,5.708881875637791
5464,5.708881875637791
5465,5.708881875637791
5466,5.708881875637791
5467,5.708881875637791
5468,5.708881875637791
5469,5.708881875637791
5470,5.708881875637791
5471,5.708881875637791
5472,5.708881875637791
5473,5.708881875637791
5474,5.708881875637791
5475,5.708881875637791
5476,5.708881875637791
5477,5.708881875637791
5478,5.708881875637791
5479,5.708881875637791
5480,5.708881875637791
5481,5.708881875637791
5482,5.708881875637791
5483,5.708881875637791
5484,5.708881875637791
5485,5.708881875637791
5486,5.708881875637791
5487,5.708881875637791
5488,5.708881875637791
5489,5.708881875637791
5490,5.708881875637791
5491,5.708881875637791
5492,5.708881875637791
5493,5.708881875637791
5494,5.708881875637791
5495,5.708881875637791
5496,5.708881875637791
5497,5.708881875637791
5498,5.708881875637791
5499,5.708881875637791
5500,5.708881875637791
5501,5.708881875637791
5502,5.708881875637791
5503,5.708881875637791
5504,5.708881875637791
5505,5.708881875637791
5506,5.708881875637791
5507,5.708881875637791
5508,5.708881875637791
5509,5.708881875637791
5510,5.708881875637791
5511,5.708881875637791
5512,5.708881875637791
5513,5.708881875637791
5514,5.708881875637791
5515,5.708881875637791
5516,5.708881875637791
5517,5.708881875637791
5518,5.708881875637791
5519,5.708881875637791
5520,5.708881875637791
5521,5.708881875637791
5522,5.708881875637791
5523,5.708881875637791
5524,5.708881875637791
5525,5.708881875637791
5526,5.708881875637791
5527,5.708881875637791
5528,5.708881875637791
5529,5.708881875637791
5530,5.708881875637791
5531,5.708881875637791
5532,5.708881875637791
5533,5.708881875637791
5534,5.708881875637791
5535,5.708881875637791
5536,5.708881875637791
5537,5.708881875637791
5538,5.708881875637791
5539,5.708881875637791
5540,5.708881875637791
5541,5.708881875637791
5542,5.708881875637791
5543,5.708881875637791
5544,5.708881875637791
5545,5.708881875637791
5546,5.708881875637791
5547,5.708881875637791
5548,5.708881875637791
5549,5.708881875637791
5550,5.708881875637791
5551,5.708881875637791
5552,5.708881875637791
5553,5.708881875637791
5554,5.708881875637791
5555,5.708881875637791
5556,5.708881875637791
5557,5.708881875637791
5558,5.708881875637791
5559,5.708881875637791
5560,5.708881875637791
5561,5.708881875637791
5562,5.708881875637791
5563,5.708881875637791
5564,5.708881875637791
5565,5.708881875637791
5566,5.708881875637791
5567,5.708881875637791
5568,5.708881875637791
5569,5.708881875637791
5570,5.708881875637791
5571,5.708881875637791
5572,5.708881875637791
5573,5.708881875637791
5574,5.708881875637791
5575,5.708881875637791
5576,5.708881875637791
5577,5.708881875637791
5578,5.708881875637791
5579,5.708881875637791
5580,5.708881875637791
5581,5.708881875637791
5582,5.708881875637791
5583,5.708881875637791
5584,5.708881875637791
5585,5.708881875637791
5586,5.708881875637791
5587,5.708881875637791
5588,5.708881875637791
5589,5.708881875637791
5590,5.708881875637791
5591,5.708881875637791
5592,5.708881875637791
5593,5.708881875637791
5594,5.708881875637791
5595,5.708881875637791
5596,5.708881875637791
5597,5.708881875637791
5598,5.708881875637791
5599,5.708881875637791
5600,5.708881875637791
5601,5.708881875637791
5602,5.708881875637791
5603,5.708881875637791
5604,5.708881875637791
5605,5.708881875637791
5606,5.708881875637791
5607,5.708881875637791
5608,5.708881875637791
5609,5.708881875637791
5610,5.708881875637791
5611,5.708881875637791
5612,5.708881875637791
5613,5.708881875637791
5614,5.708881875637791
5615,5.708881875637791
5616,5.708881875637791
5617,5.708881875637791
5618,5.708881875637791
5619,5.708881875637791
5620,5.708881875637791
5621,5.708881875637791
5622,5.708881875637791
5623,5.708881875637791
5624,5.708881875637791
5625,5.708881875637791
5626,5.708881875637791
5627,5.708881875637791
5628,5.708881875637791
5629,5.708881875637791
5630,5.708881875637791
5631,5.708881875637791
5632,5.708881875637791
5633,5.708881875637791
5634,5.708881875637791
5635,5.708881875637791
5636,5.708881875637791
5637,5.708881875637791
5638,5.708881875637791
5639,5.708881875637791
5640,5.708881875637791
5641,5.708881875637791
5642,5.708881875637791
5643,5.708881875637791
5644,5.708881875637791
5645,5.708881875637791
5646,5.708881875637791
5647,5.708881875637791
5648,5.708881875637791
5649,5.708881875637791
5650,5.708881875637791
5651,5.708881875637791
5652,5.708881875637791
5653,5.708881875637791
5654,5.708881875637791
5655,5.708881875637791
5656,5.708881875637791
5657,5.708881875637791
5658,5.708881875637791
5659,5.708881875637791
5660,5.708881875637791
5661,5.708881875637791
5662,5.708881875637791
5663,5.708881875637791
5664,5.708881875637791
5665,5.708881875637791
5666,5.708881875637791
5667,5.708881875637791
5668,5.708881875637791
5669,5.708881875637791
5670,5.708881875637791
5671,5.708881875637791
5672,5.708881875637791
5673,5.708881875637791
5674,5.708881875637791
5675,5.708881875637791
5676,5.708881875637791
5677,5.708881875637791
5678,5.708881875637791
5679,5.708881875637791
5680,5.708881875637791
5681,5.708881875637791
5682,5.708881875637791
5683,5.708881875637791
5684,5.708881875637791
5685,5.708881875637791
5686,5.708881875637791
5687,5.708881875637791
5688,5.708881875637791
5689,5.708881875637791
5690,5.708881875637791
5691,5.708881875637791
5692,5.708881875637791
5693,5.708881875637791
5694,5.708881875637791
5695,5.708881875637791
5696,5.708881875637791
5697,5.708881875637791
5698,5.708881875637791
5699,5.708881875637791
5700,5.708881875637791
5701,5.708881875637791
5702,5.708881875637791
5703,5.708881875637791
5704,5.708881875637791
5705,5.708881875637791
5706,5.708881875637791
5707,5.708881875637791
5708,5.708881875637791
5709,5.708881875637791
5710,5.708881875637791
5711,5.708881875637791
5712,5.708881875637791
5713,5.708881875637791
5714,5.708881875637791
5715,5.708881875637791
5716,5.708881875637791
5717,5.708881875637791
5718,5.708881875637791
5719,5.708881875637791
5720,5.708881875637791
5721,5.708881875637791
5722,5.708881875637791
5723,5.708881875637791
5724,5.708881875637791
5725,5.708881875637791
5726,5.708881875637791
5727,5.708881875637791
5728,5.708881875637791
5729,5.708881875637791
5730,5.708881875637791
5731,5.708881875637791
5732,5.708881875637791
5733,5.708881875637791
5734,5.708881875637791
5735,5.708881875637791
5736,5.708881875637791
5737,5.708881875637791
5738,5.708881875637791
5739,5.708881875637791
5740,5.708881875637791
5741,5.708881875637791
5742,5.708881875637791
5743,5.708881875637791
5744,5.708881875637791
5745,5.708881875637791
5746,5.708881875637791
5747,5.708881875637791
5748,5.708881875637791
5749,5.708881875637791
5750,5.708881875637791
5751,5.708881875637791
5752,5.708881875637791
5753,5.708881875637791
5754,5.708881875637791
5755,5.708881875637791
5756,5.708881875637791
5757,5.708881875637791
5758,5.708881875637791
5759,5.708881875637791
5760,5.708881875637791
5761,5.708881875637791
5762,5.708881875637791
5763,5.708881875637791
5764,5.708881875637791
5765,5.708881875637791
5766,5.708881875637791
5767,5.708881875637791
5768,5.708881875637791
5769,5.708881875637791
5770,5.708881875637791
5771,5.708881875637791
5772,5.708881875637791
5773,5.708881875637791
5774,5.708881875637791
5775,5.708881875637791
5776,5.708881875637791
5777,5.708881875637791
5778,5.708881875637791
5779,5.708881875637791
5780,5.708881875637791
5781,5.708881875637791
5782,5.708881875637791
5783,5.708881875637791
5784,5.708881875637791
5785,5.708881875637791
5786,5.708881875637791
5787,5.708881875637791
5788,5.708881875637791
5789,5.708881875637791
5790,5.708881875637791
5791,5.708881875637791
5792,5.708881875637791
5793,5.708881875637791
5794,5.708881875637791
5795,5.708881875637791
5796,5.708881875637791
5797,5.708881875637791
5798,5.708881875637791
5799,5.708881875637791
5800,5.708881875637791
5801,5.708881875637791
5802,5.708881875637791
5803,5.708881875637791
5804,5.708881875637791
5805,5.708881875637791
5806,5.708881875637791
5807,5.708881875637791
5808,5.708881875637791
5809,5.708881875637791
5810,5.708881875637791
5811,5.708881875637791
5812,5.708881875637791
5813,5.708881875637791
5814,5.708881875637791
5815,5.708881875637791
5816,5.708881875637791
5817,5.708881875637791
5818,5.708881875637791
5819,5.708881875637791
5820,5.708881875637791
5821,5.708881875637791
5822,5.708881875637791
5823,5.708881875637791
5824,5.708881875637791
5825,5.708881875637791
5826,5.708881875637791
5827,5.708881875637791
5828,5.708881875637791
5829,5.708881875637791
5830,5.708881875637791
5831,5.708881875637791
5832,5.708881875637791
5833,5.708881875637791
5834,5.708881875637791
5835,5.708881875637791
5836,5.708881875637791
5837,5.708881875637791
5838,5.708881875637791
5839,5.708881875637791
5840,5.708881875637791
5841,5.708881875637791
5842,5.708881875637791
5843,5.708881875637791
5844,5.708881875637791
5845,5.708881875637791
5846,5.708881875637791
5847,5.708881875637791
5848,5.708881875637791
5849,5.708881875637791
5850,5.708881875637791
5851,5.708881875637791
5852,5.708881875637791
5853,5.708881875637791
5854,5.708881875637791
5855,5.708881875637791
5856,5.708881875637791
5857,5.708881875637791
5858,5.708881875637791
5859,5.708881875637791
5860,5.708881875637791
5861,5.708881875637791
5862,5.708881875637791
5863,5.708881875637791
5864,5.708881875637791
5865,5.708881875637791
5866,5.708881875637791
5867,5.708881875637791
5868,5.708881875637791
5869,5.708881875637791
5870,5.708881875637791
5871,5.708881875637791
5872,5.708881875637791
5873,5.708881875637791
5874,5.708881875637791
5875,5.708881875637791
5876,5.708881875637791
5877,5.708881875637791
5878,5.708881875637791
5879,5.708881875637791
5880,5.708881875637791
5881,5.708881875637791
5882,5.708881875637791
5883,5.708881875637791
5884,5.708881875637791
5885,5.708881875637791
5886,5.708881875637791
5887,5.708881875637791
5888,5.708881875637791
5889,5.708881875637791
5890,5.708881875637791
5891,5.708881875637791
5892,5.708881875637791
5893,5.708881875637791
5894,5.708881875637791
5895,5.708881875637791
5896,5.708881875637791
5897,5.708881875637791
5898,5.708881875637791
5899,5.708881875637791
5900,5.708881875637791
5901,5.708881875637791
5902,5.708881875637791
5903,5.708881875637791
5904,5.708881875637791
5905,5.708881875637791
5906,5.708881875637791
5907,5.708881875637791
5908,5.708881875637791
5909,5.708881875637791
5910,5.708881875637791
5911,5.708881875637791
5912,5.708881875637791
5913,5.708881875637791
5914,5.708881875637791
5915,5.708881875637791
5916,5.708881875637791
5917,5.708881875637791
5918,5.708881875637791
5919,5.708881875637791
5920,5.708881875637791
5921,5.708881875637791
5922,5.708881875637791
5923,5.708881875637791
5924,5.708881875637791
5925,5.708881875637791
5926,5.708881875637791
5927,5.708881875637791
5928,5.708881875637791
5929,5.708881875637791
5930,5.708881875637791
5931,5.708881875637791
5932,5.708881875637791
5933,5.708881875637791
5934,5.708881875637791
5935,5.708881875637791
5936,5.708881875637791
5937,5.708881875637791
5938,5.708881875637791
5939,5.708881875637791
5940,5.708881875637791
5941,5.708881875637791
5942,5.708881875637791
5943,5.708881875637791
5944,5.708881875637791
5945,5.708881875637791
5946,5.708881875637791
5947,5.708881875637791
5948,5.708881875637791
5949,5.708881875637791
5950,5.708881875637791
5951,5.708881875637791
5952,5.708881875637791
5953,5.708881875637791
5954,5.708881875637791
5955,5.708881875637791
5956,5.708881875637791
5957,5.708881875637791
5958,5.708881875637791
5959,5.708881875637791
5960,5.708881875637791
5961,5.708881875637791
5962,5.708881875637791
5963,5.708881875637791
5964,5.708881875637791
5965,5.708881875637791
5966,5.708881875637791
5967,5.708881875637791
5968,5.708881875637791
5969,5.708881875637791
5970,5.708881875637791
5971,5.708881875637791
5972,5.708881875637791
5973,5.708881875637791
5974,5.708881875637791
5975,5.708881875637791
5976,5.708881875637791
5977,5.708881875637791
5978,5.708881875637791
5979,5.708881875637791
5980,5.708881875637791
5981,5.708881875637791
5982,5.708881875637791
5983,5.708881875637791
5984,5.708881875637791
5985,5.708881875637791
5986,5.708881875637791
5987,5.708881875637791
5988,5.708881875637791
5989,5.708881875637791
5990,5.708881875637791
5991,5.708881875637791
5992,5.708881875637791
5993,5.708881875637791
5994,5.708881875637791
5995,5.708881875637791
5996,5.708881875637791
5997,5.708881875637791
5998,5.708881875637791
5999,5.708881875637791
6000,5.708881875637791
6001,5.708881875637791
6002,5.708881875637791
6003,5.708881875637791
6004,5.708881875637791
6005,5.708881875637791
6006,5.708881875637791
6007,5.708881875637791
6008,5.708881875637791
6009,5.708881875637791
6010,5.708881875637791
6011,5.708881875637791
6012,5.708881875637791
6013,5.708881875637791
6014,5.708881875637791
6015,5.708881875637791
6016,5.708881875637791
6017,5.708881875637791
6018,5.708881875637791
6019,5.708881875637791
6020,5.708881875637791
6021,5.708881875637791
6022,5.708881875637791
6023,5.708881875637791
6024,5.708881875637791
6025,5.708881875637791
6026,5.708881875637791
6027,5.708881875637791
6028,5.708881875637791
6029,5.708881875637791
6030,5.708881875637791
6031,5.708881875637791
6032,5.708881875637791
6033,5.708881875637791
6034,5.708881875637791
6035,5.708881875637791
6036,5.708881875637791
6037,5.708881875637791
6038,5.708881875637791
6039,5.708881875637791
6040,5.708881875637791
6041,5.708881875637791
6042,5.708881875637791
6043,5.708881875637791
6044,5.708881875637791
6045,5.708881875637791
6046,5.708881875637791
6047,5.708881875637791
6048,5.708881875637791
6049,5.708881875637791
6050,5.708881875637791
6051,5.708881875637791
6052,5.708881875637791
6053,5.708881875637791
6054,5.708881875637791
6055,5.708881875637791
6056,5.708881875637791
6057,5.708881875637791
6058,5.708881875637791
6059,5.708881875637791
6060,5.708881875637791
6061,5.708881875637791
6062,5.708881875637791
6063,5.708881875637791
6064,5.708881875637791
6065,5.708881875637791
6066,5.708881875637791
6067,5.708881875637791
6068,5.708881875637791
6069,5.708881875637791
6070,5.708881875637791
6071,5.708881875637791
6072,5.708881875637791
6073,5.708881875637791
6074,5.708881875637791
6075,5.708881875637791
6076,5.708881875637791
6077,5.708881875637791
6078,5.708881875637791
6079,5.708881875637791
6080,5.708881875637791
6081,5.708881875637791
6082,5.708881875637791
6083,5.708881875637791
6084,5.708881875637791
6085,5.708881875637791
6086,5.708881875637791
6087,5.708881875637791
6088,5.708881875637791
6089,5.708881875637791
6090,5.708881875637791
6091,5.708881875637791
6092,5.708881875637791
6093,5.708881875637791
6094,5.708881875637791
6095,5.708881875637791
6096,5.708881875637791
6097,5.708881875637791
6098,5.708881875637791
6099,5.708881875637791
6100,5.708881875637791
6101,5.708881875637791
6102,5.708881875637791
6103,5.708881875637791
6104,5.708881875637791
6105,5.708881875637791
6106,5.708881875637791
6107,5.708881875637791
6108,5.708881875637791
6109,5.708881875637791
6110,5.708881875637791
6111,5.708881875637791
6112,5.708881875637791
6113,5.708881875637791
6114,5.708881875637791
6115,5.708881875637791
6116,5.708881875637791
6117,5.708881875637791
6118,5.708881875637791
6119,5.708881875637791
6120,5.708881875637791
6121,5.708881875637791
6122,5.708881875637791
6123,5.708881875637791
6124,5.708881875637791
6125,5.708881875637791
6126,5.708881875637791
6127,5.708881875637791
6128,5.708881875637791
6129,5.708881875637791
6130,5.708881875637791
6131,5.708881875637791
6132,5.708881875637791
6133,5.708881875637791
6134,5.708881875637791
6135,5.708881875637791
6136,5.708881875637791
6137,5.708881875637791
6138,5.708881875637791
6139,5.708881875637791
6140,5.708881875637791
6141,5.708881875637791
6142,5.708881875637791
6143,5.708881875637791
6144,5.708881875637791
6145,5.708881875637791
6146,5.708881875637791
6147,5.708881875637791
6148,5.708881875637791
6149,5.708881875637791
6150,5.708881875637791
6151,5.708881875637791
6152,5.708881875637791
6153,5.708881875637791
6154,5.708881875637791
6155,5.708881875637791
6156,5.708881875637791
6157,5.708881875637791
6158,5.708881875637791
6159,5.708881875637791
6160,5.708881875637791
6161,5.708881875637791
6162,5.708881875637791
6163,5.708881875637791
6164,5.708881875637791
6165,5.708881875637791
6166,5.708881875637791
6167,5.708881875637791
6168,5.708881875637791
6169,5.708881875637791
6170,5.708881875637791
6171,5.708881875637791
6172,5.708881875637791
6173,5.708881875637791
6174,5.708881875637791
6175,5.708881875637791
6176,5.708881875637791
6177,5.708881875637791
6178,5.708881875637791
6179,5.708881875637791
6180,5.708881875637791
6181,5.708881875637791
6182,5.708881875637791
6183,5.708881875637791
6184,5.708881875637791
6185,5.708881875637791
6186,5.708881875637791
6187,5.708881875637791
6188,5.708881875637791
6189,5.708881875637791
6190,5.708881875637791
6191,5.708881875637791
6192,5.708881875637791
6193,5.708881875637791
6194,5.708881875637791
6195,5.708881875637791
6196,5.708881875637791
6197,5.708881875637791
6198,5.708881875637791
6199,5.708881875637791
6200,5.708881875637791
6201,5.708881875637791
6202,5.708881875637791
6203,5.708881875637791
6204,5.708881875637791
6205,5.708881875637791
6206,5.708881875637791
6207,5.708881875637791
6208,5.708881875637791
6209,5.708881875637791
6210,5.708881875637791
6211,5.708881875637791
6212,5.708881875637791
6213,5.708881875637791
6214,5.708881875637791
6215,5.708881875637791
6216,5.708881875637791
6217,5.708881875637791
6218,5.708881875637791
6219,5.708881875637791
6220,5.708881875637791
6221,5.708881875637791
6222,5.708881875637791
6223,5.708881875637791
6224,5.708881875637791
6225,5.708881875637791
6226,5.708881875637791
6227,5.708881875637791
6228,5.708881875637791
6229,5.708881875637791
6230,5.708881875637791
6231,5.708881875637791
6232,5.708881875637791
6233,5.708881875637791
6234,5.708881875637791
6235,5.708881875637791
6236,5.708881875637791
6237,5.708881875637791
6238,5.708881875637791
6239,5.708881875637791
6240,5.708881875637791
6241,5.708881875637791
6242,5.708881875637791
6243,5.708881875637791
6244,5.708881875637791
6245,5.708881875637791
6246,5.708881875637791
6247,5.708881875637791
6248,5.708881875637791
6249,5.708881875637791
6250,5.708881875637791
6251,5.708881875637791
6252,5.708881875637791
6253,5.708881875637791
6254,5.708881875637791
6255,5.708881875637791
6256,5.708881875637791
6257,5.708881875637791
6258,5.708881875637791
6259,5.708881875637791
6260,5.708881875637791
6261,5.708881875637791
6262,5.708881875637791
6263,5.708881875637791
6264,5.708881875637791
6265,5.708881875637791
6266,5.708881875637791
6267,5.708881875637791
6268,5.708881875637791
6269,5.708881875637791
6270,5.708881875637791
6271,5.708881875637791
6272,5.708881875637791
6273,5.708881875637791
6274,5.708881875637791
6275,5.708881875637791
6276,5.708881875637791
6277,5.708881875637791
6278,5.708881875637791
6279,5.708881875637791
6280,5.708881875637791
6281,5.708881875637791
6282,5.708881875637791
6283,5.708881875637791
6284,5.708881875637791
6285,5.708881875637791
6286,5.708881875637791
6287,5.708881875637791
6288,5.708881875637791
6289,5.708881875637791
6290,5.708881875637791
6291,5.708881875637791
6292,5.708881875637791
6293,5.708881875637791
6294,5.708881875637791
6295,5.708881875637791
6296,5.708881875637791
6297,5.708881875637791
6298,5.708881875637791
6299,5.708881875637791
6300,5.708881875637791
6301,5.708881875637791
6302,5.708881875637791
6303,5.708881875637791
6304,5.708881875637791
6305,5.708881875637791
6306,5.708881875637791
6307,5.708881875637791
6308,5.708881875637791
6309,5.708881875637791
6310,5.708881875637791
6311,5.708881875637791
6312,5.708881875637791
6313,5.708881875637791
6314,5.708881875637791
6315,5.708881875637791
6316,5.708881875637791
6317,5.708881875637791
6318,5.708881875637791
6319,5.708881875637791
6320,5.708881875637791
6321,5.708881875637791
6322,5.708881875637791
6323,5.708881875637791
6324,5.708881875637791
6325,5.708881875637791
6326,5.708881875637791
6327,5.708881875637791
6328,5.708881875637791
6329,5.708881875637791
6330,5.708881875637791
6331,5.708881875637791
6332,5.708881875637791
6333,5.708881875637791
6334,5.708881875637791
6335,5.708881875637791
6336,5.708881875637791
6337,5.708881875637791
6338,5.708881875637791
6339,5.708881875637791
6340,5.708881875637791
6341,5.708881875637791
6342,5.708881875637791
6343,5.708881875637791
6344,5.708881875637791
6345,5.708881875637791
6346,5.708881875637791
6347,5.708881875637791
6348,5.708881875637791
6349,5.708881875637791
6350,5.708881875637791
6351,5.708881875637791
6352,5.708881875637791
6353,5.708881875637791
6354,5.708881875637791
6355,5.708881875637791
6356,5.708881875637791
6357,5.708881875637791
6358,5.708881875637791
6359,5.708881875637791
6360,5.708881875637791
6361,5.708881875637791
6362,5.708881875637791
6363,5.708881875637791
6364,5.708881875637791
6365,5.708881875637791
6366,5.708881875637791
6367,5.708881875637791
6368,5.708881875637791
6369,5.708881875637791
6370,5.708881875637791
6371,5.708881875637791
6372,5.708881875637791
6373,5.708881875637791
6374,5.708881875637791
6375,5.708881875637791
6376,5.708881875637791
6377,5.708881875637791
6378,5.708881875637791
6379,5.708881875637791
6380,5.708881875637791
6381,5.708881875637791
6382,5.708881875637791
6383,5.708881875637791
6384,5.708881875637791
6385,5.708881875637791
6386,5.708881875637791
6387,5.708881875637791
6388,5.708881875637791
6389,5.708881875637791
6390,5.708881875637791
6391,5.708881875637791
6392,5.708881875637791
6393,5.708881875637791
6394,5.708881875637791
6395,5.708881875637791
6396,5.708881875637791
6397,5.708881875637791
6398,5.708881875637791
6399,5.708881875637791
6400,5.708881875637791
6401,5.708881875637791
6402,5.708881875637791
6403,5.708881875637791
6404,5.708881875637791
6405,5.708881875637791
6406,5.708881875637791
6407,5.708881875637791
6408,5.708881875637791
6409,5.708881875637791
6410,5.708881875637791
6411,5.708881875637791
6412,5.708881875637791
6413,5.708881875637791
6414,5.708881875637791
6415,5.708881875637791
6416,5.708881875637791
6417,5.708881875637791
6418,5.708881875637791
6419,5.708881875637791
6420,5.708881875637791
6421,5.708881875637791
6422,5.708881875637791
6423,5.708881875637791
6424,5.708881875637791
6425,5.708881875637791
6426,5.708881875637791
6427,5.708881875637791
6428,5.708881875637791
6429,5.708881875637791
6430,5.708881875637791
6431,5.708881875637791
6432,5.708881875637791
6433,5.708881875637791
6434,5.708881875637791
6435,5.708881875637791
6436,5.708881875637791
6437,5.708881875637791
6438,5.708881875637791
6439,5.708881875637791
6440,5.708881875637791
6441,5.708881875637791
6442,5.708881875637791
6443,5.708881875637791
6444,5.708881875637791
6445,5.708881875637791
6446,5.708881875637791
6447,5.708881875637791
6448,5.708881875637791
6449,5.708881875637791
6450,5.708881875637791
6451,5.708881875637791
6452,5.708881875637791
6453,5.708881875637791
6454,5.708881875637791
6455,5.708881875637791
6456,5.708881875637791
6457,5.708881875637791
6458,5.708881875637791
6459,5.708881875637791
6460,5.708881875637791
6461,5.708881875637791
6462,5.708881875637791
6463,5.708881875637791
6464,5.708881875637791
6465,5.708881875637791
6466,5.708881875637791
6467,5.708881875637791
6468,5.708881875637791
6469,5.708881875637791
6470,5.708881875637791
6471,5.708881875637791
6472,5.708881875637791
6473,5.708881875637791
6474,5.708881875637791
6475,5.708881875637791
6476,5.708881875637791
6477,5.708881875637791
6478,5.708881875637791
6479,5.708881875637791
6480,5.708881875637791
6481,5.708881875637791
6482,5.708881875637791
6483,5.708881875637791
6484,5.708881875637791
6485,5.708881875637791
6486,5.708881875637791
6487,5.708881875637791
6488,5.708881875637791
6489,5.708881875637791
6490,5.708881875637791
6491,5.708881875637791
6492,5.708881875637791
6493,5.708881875637791
6494,5.708881875637791
6495,5.708881875637791
6496,5.708881875637791
6497,5.708881875637791
6498,5.708881875637791
6499,5.708881875637791
6500,5.708881875637791
6501,5.708881875637791
6502,5.708881875637791
6503,5.708881875637791
6504,5.708881875637791
6505,5.708881875637791
6506,5.708881875637791
6507,5.708881875637791
6508,5.708881875637791
6509,5.708881875637791
6510,5.708881875637791
6511,5.708881875637791
6512,5.708881875637791
6513,5.708881875637791
6514,5.708881875637791
6515,5.708881875637791
6516,5.708881875637791
6517,5.708881875637791
6518,5.708881875637791
6519,5.708881875637791
6520,5.708881875637791
6521,5.708881875637791
6522,5.708881875637791
6523,5.708881875637791
6524,5.708881875637791
6525,5.708881875637791
6526,5.708881875637791
6527,5.708881875637791
6528,5.708881875637791
6529,5.708881875637791
6530,5.708881875637791
6531,5.708881875637791
6532,5.708881875637791
6533,5.708881875637791
6534,5.708881875637791
6535,5.708881875637791
6536,5.708881875637791
6537,5.708881875637791
6538,5.708881875637791
6539,5.708881875637791
6540,5.708881875637791
6541,5.708881875637791
6542,5.708881875637791
6543,5.708881875637791
6544,5.708881875637791
6545,5.708881875637791
6546,5.708881875637791
6547,5.708881875637791
6548,5.708881875637791
6549,5.708881875637791
6550,5.708881875637791
6551,5.708881875637791
6552,5.708881875637791
6553,5.708881875637791
6554,5.708881875637791
6555,5.708881875637791
6556,5.708881875637791
6557,5.708881875637791
6558,5.708881875637791
6559,5.708881875637791
6560,5.708881875637791
6561,5.708881875637791
6562,5.708881875637791
6563,5.708881875637791
6564,5.708881875637791
6565,5.708881875637791
6566,5.708881875637791
6567,5.708881875637791
6568,5.708881875637791
6569,5.708881875637791
6570,5.708881875637791
6571,5.708881875637791
6572,5.708881875637791
6573,5.708881875637791
6574,5.708881875637791
6575,5.708881875637791
6576,5.708881875637791
6577,5.708881875637791
6578,5.708881875637791
6579,5.708881875637791
6580,5.708881875637791
6581,5.708881875637791
6582,5.708881875637791
6583,5.708881875637791
6584,5.708881875637791
6585,5.708881875637791
6586,5.708881875637791
6587,5.708881875637791
6588,5.708881875637791
6589,5.708881875637791
6590,5.708881875637791
6591,5.708881875637791
6592,5.708881875637791
6593,5.708881875637791
6594,5.708881875637791
6595,5.708881875637791
6596,5.708881875637791
6597,5.708881875637791
6598,5.708881875637791
6599,5.708881875637791
6600,5.708881875637791
6601,5.708881875637791
6602,5.708881875637791
6603,5.708881875637791
6604,5.708881875637791
6605,5.708881875637791
6606,5.708881875637791
6607,5.708881875637791
6608,5.708881875637791
6609,5.708881875637791
6610,5.708881875637791
6611,5.708881875637791
6612,5.708881875637791
6613,5.708881875637791
6614,5.708881875637791
6615,5.708881875637791
6616,5.708881875637791
6617,5.708881875637791
6618,5.708881875637791
6619,5.708881875637791
6620,5.708881875637791
6621,5.708881875637791
6622,5.708881875637791
6623,5.708881875637791
6624,5.708881875637791
6625,5.708881875637791
6626,5.708881875637791
6627,5.708881875637791
6628,5.708881875637791
6629,5.708881875637791
6630,5.708881875637791
6631,5.708881875637791
6632,5.708881875637791
6633,5.708881875637791
6634,5.708881875637791
6635,5.708881875637791
6636,5.708881875637791
6637,5.708881875637791
6638,5.708881875637791
6639,5.708881875637791
6640,5.708881875637791
6641,5.708881875637791
6642,5.708881875637791
6643,5.708881875637791
6644,5.708881875637791
6645,5.708881875637791
6646,5.708881875637791
6647,5.708881875637791
6648,5.708881875637791
6649,5.708881875637791
6650,5.708881875637791
6651,5.708881875637791
6652,5.708881875637791
6653,5.708881875637791
6654,5.708881875637791
6655,5.708881875637791
6656,5.708881875637791
6657,5.708881875637791
6658,5.708881875637791
6659,5.708881875637791
6660,5.708881875637791
6661,5.708881875637791
6662,5.708881875637791
6663,5.708881875637791
6664,5.708881875637791
6665,5.708881875637791
6666,5.708881875637791
6667,5.708881875637791
6668,5.708881875637791
6669,5.708881875637791
6670,5.708881875637791
6671,5.708881875637791
6672,5.708881875637791
6673,5.708881875637791
6674,5.708881875637791
6675,5.708881875637791
6676,5.708881875637791
6677,5.708881875637791
6678,5.708881875637791
6679,5.708881875637791
6680,5.708881875637791
6681,5.708881875637791
6682,5.708881875637791
6683,5.708881875637791
6684,5.708881875637791
6685,5.708881875637791
6686,5.708881875637791
6687,5.708881875637791
6688,5.708881875637791
6689,5.708881875637791
6690,5.708881875637791
6691,5.708881875637791
6692,5.708881875637791
6693,5.708881875637791
6694,5.708881875637791
6695,5.708881875637791
6696,5.708881875637791
6697,5.708881875637791
6698,5.708881875637791
6699,5.708881875637791
6700,5.708881875637791
6701,5.708881875637791
6702,5.708881875637791
6703,5.708881875637791
6704,5.708881875637791
6705,5.708881875637791
6706,5.708881875637791
6707,5.708881875637791
6708,5.708881875637791
6709,5.708881875637791
6710,5.708881875637791
6711,5.708881875637791
6712,5.708881875637791
6713,5.708881875637791
6714,5.708881875637791
6715,5.708881875637791
6716,5.708881875637791
6717,5.708881875637791
6718,5.708881875637791
6719,5.708881875637791
6720,5.708881875637791
6721,5.708881875637791
6722,5.708881875637791
6723,5.708881875637791
6724,5.708881875637791
6725,5.708881875637791
6726,5.708881875637791
6727,5.708881875637791
6728,5.708881875637791
6729,5.708881875637791
6730,5.708881875637791
6731,5.708881875637791
6732,5.708881875637791
6733,5.708881875637791
6734,5.708881875637791
6735,5.708881875637791
6736,5.708881875637791
6737,5.708881875637791
6738,5.708881875637791
6739,5.708881875637791
6740,5.708881875637791
6741,5.708881875637791
6742,5.708881875637791
6743,5.708881875637791
6744,5.708881875637791
6745,5.708881875637791
6746,5.708881875637791
6747,5.708881875637791
6748,5.708881875637791
6749,5.708881875637791
6750,5.708881875637791
6751,5.708881875637791
6752,5.708881875637791
6753,5.708881875637791
6754,5.708881875637791
6755,5.708881875637791
6756,5.708881875637791
6757,5.708881875637791
6758,5.708881875637791
6759,5.708881875637791
6760,5.708881875637791
6761,5.708881875637791
6762,5.708881875637791
6763,5.708881875637791
6764,5.708881875637791
6765,5.708881875637791
6766,5.708881875637791
6767,5.708881875637791
6768,5.708881875637791
6769,5.708881875637791
6770,5.708881875637791
6771,5.708881875637791
6772,5.708881875637791
6773,5.708881875637791
6774,5.708881875637791
6775,5.708881875637791
6776,5.708881875637791
6777,5.708881875637791
6778,5.708881875637791
6779,5.708881875637791
6780,5.708881875637791
6781,5.708881875637791
6782,5.708881875637791
6783,5.708881875637791
6784,5.708881875637791
6785,5.708881875637791
6786,5.708881875637791
6787,5.708881875637791
6788,5.708881875637791
6789,5.708881875637791
6790,5.708881875637791
6791,5.708881875637791
6792,5.708881875637791
6793,5.708881875637791
6794,5.708881875637791
6795,5.708881875637791
6796,5.708881875637791
6797,5.708881875637791
6798,5.708881875637791
6799,5.708881875637791
6800,5.708881875637791
6801,5.708881875637791
6802,5.708881875637791
6803,5.708881875637791
6804,5.708881875637791
6805,5.708881875637791
6806,5.708881875637791
6807,5.708881875637791
6808,5.708881875637791
6809,5.708881875637791
6810,5.708881875637791
6811,5.708881875637791
6812,5.708881875637791
6813,5.708881875637791
6814,5.708881875637791
6815,5.708881875637791
6816,5.708881875637791
6817,5.708881875637791
6818,5.708881875637791
6819,5.708881875637791
6820,5.708881875637791
6821,5.708881875637791
6822,5.708881875637791
6823,5.708881875637791
6824,5.708881875637791
6825,5.708881875637791
6826,5.708881875637791
6827,5.708881875637791
6828,5.708881875637791
6829,5.708881875637791
6830,5.708881875637791
6831,5.708881875637791
6832,5.708881875637791
6833,5.708881875637791
6834,5.708881875637791
6835,5.708881875637791
6836,5.708881875637791
6837,5.708881875637791
6838,5.708881875637791
6839,5.708881875637791
6840,5.708881875637791
6841,5.708881875637791
6842,5.708881875637791
6843,5.708881875637791
6844,5.708881875637791
6845,5.708881875637791
6846,5.708881875637791
6847,5.708881875637791
6848,5.708881875637791
6849,5.708881875637791
6850,5.708881875637791
6851,5.708881875637791
6852,5.708881875637791
6853,5.708881875637791
6854,5.708881875637791
6855,5.708881875637791
6856,5.708881875637791
6857,5.708881875637791
6858,5.708881875637791
6859,5.708881875637791
6860,5.708881875637791
6861,5.708881875637791
6862,5.708881875637791
6863,5.708881875637791
6864,5.708881875637791
6865,5.708881875637791
6866,5.708881875637791
6867,5.708881875637791
6868,5.708881875637791
6869,5.708881875637791
6870,5.708881875637791
6871,5.708881875637791
6872,5.708881875637791
6873,5.708881875637791
6874,5.708881875637791
6875,5.708881875637791
6876,5.708881875637791
6877,5.708881875637791
6878,5.708881875637791
6879,5.708881875637791
6880,5.708881875637791
6881,5.708881875637791
6882,5.708881875637791
6883,5.708881875637791
6884,5.708881875637791
6885,5.708881875637791
6886,5.708881875637791
6887,5.708881875637791
6888,5.708881875637791
6889,5.708881875637791
6890,5.708881875637791
6891,5.708881875637791
6892,5.708881875637791
6893,5.708881875637791
6894,5.708881875637791
6895,5.708881875637791
6896,5.708881875637791
6897,5.708881875637791
6898,5.708881875637791
6899,5.708881875637791
6900,5.708881875637791
6901,5.708881875637791
6902,5.708881875637791
6903,5.708881875637791
6904,5.708881875637791
6905,5.708881875637791
6906,5.708881875637791
6907,5.708881875637791
6908,5.708881875637791
6909,5.708881875637791
6910,5.708881875637791
6911,5.708881875637791
6912,5.708881875637791
6913,5.708881875637791
6914,5.708881875637791
6915,5.708881875637791
6916,5.708881875637791
6917,5.708881875637791
6918,5.708881875637791
6919,5.708881875637791
6920,5.708881875637791
6921,5.708881875637791
6922,5.708881875637791
6923,5.708881875637791
6924,5.708881875637791
6925,5.708881875637791
6926,5.708881875637791
6927,5.708881875637791
6928,5.708881875637791
6929,5.708881875637791
6930,5.708881875637791
6931,5.708881875637791
6932,5.708881875637791
6933,5.708881875637791
6934,5.708881875637791
6935,5.708881875637791
6936,5.708881875637791
6937,5.708881875637791
6938,5.708881875637791
6939,5.708881875637791
6940,5.708881875637791
6941,5.708881875637791
6942,5.708881875637791
6943,5.708881875637791
6944,5.708881875637791
6945,5.708881875637791
6946,5.708881875637791
6947,5.708881875637791
6948,5.708881875637791
6949,5.708881875637791
6950,5.708881875637791
6951,5.708881875637791
6952,5.708881875637791
6953,5.708881875637791
6954,5.708881875637791
6955,5.708881875637791
6956,5.708881875637791
6957,5.708881875637791
6958,5.708881875637791
6959,5.708881875637791
6960,5.708881875637791
6961,5.708881875637791
6962,5.708881875637791
6963,5.708881875637791
6964,5.708881875637791
6965,5.708881875637791
6966,5.708881875637791
6967,5.708881875637791
6968,5.708881875637791
6969,5.708881875637791
6970,5.708881875637791
6971,5.708881875637791
6972,5.708881875637791
6973,5.708881875637791
6974,5.708881875637791
6975,5.708881875637791
6976,5.708881875637791
6977,5.708881875637791
6978,5.708881875637791
6979,5.708881875637791
6980,5.708881875637791
6981,5.708881875637791
6982,5.708881875637791
6983,5.708881875637791
6984,5.708881875637791
6985,5.708881875637791
6986,5.708881875637791
6987,5.708881875637791
6988,5.708881875637791
6989,5.708881875637791
6990,5.708881875637791
6991,5.708881875637791
6992,5.708881875637791
6993,5.708881875637791
6994,5.708881875637791
6995,5.708881875637791
6996,5.708881875637791
6997,5.708881875637791
6998,5.708881875637791
6999,5.708881875637791
7000,5.708881875637791
7001,5.708881875637791
7002,5.708881875637791
7003,5.708881875637791
7004,5.708881875637791
7005,5.708881875637791
7006,5.708881875637791
7007,5.708881875637791
7008,5.708881875637791
7009,5.708881875637791
7010,5.708881875637791
7011,5.708881875637791
7012,5.708881875637791
7013,5.708881875637791
7014,5.708881875637791
7015,5.708881875637791
7016,5.708881875637791
7017,5.708881875637791
7018,5.708881875637791
7019,5.708881875637791
7020,5.708881875637791
7021,5.708881875637791
7022,5.708881875637791
7023,5.708881875637791
7024,5.708881875637791
7025,5.708881875637791
7026,5.708881875637791
7027,5.708881875637791
7028,5.708881875637791
7029,5.708881875637791
7030,5.708881875637791
7031,5.708881875637791
7032,5.708881875637791
7033,5.708881875637791
7034,5.708881875637791
7035,5.708881875637791
7036,5.708881875637791
7037,5.708881875637791
7038,5.708881875637791
7039,5.708881875637791
7040,5.708881875637791
7041,5.708881875637791
7042,5.708881875637791
7043,5.708881875637791
7044,5.708881875637791
7045,5.708881875637791
7046,5.708881875637791
7047,5.708881875637791
7048,5.708881875637791
7049,5.708881875637791
7050,5.708881875637791
7051,5.708881875637791
7052,5.708881875637791
7053,5.708881875637791
7054,5.708881875637791
7055,5.708881875637791
7056,5.708881875637791
7057,5.708881875637791
7058,5.708881875637791
7059,5.708881875637791
7060,5.708881875637791
7061,5.708881875637791
7062,5.708881875637791
7063,5.708881875637791
7064,5.708881875637791
7065,5.708881875637791
7066,5.708881875637791
7067,5.708881875637791
7068,5.708881875637791
7069,5.708881875637791
7070,5.708881875637791
7071,5.708881875637791
7072,5.708881875637791
7073,5.708881875637791
7074,5.708881875637791
7075,5.708881875637791
7076,5.708881875637791
7077,5.708881875637791
7078,5.708881875637791
7079,5.708881875637791
7080,5.708881875637791
7081,5.708881875637791
7082,5.708881875637791
7083,5.708881875637791
7084,5.708881875637791
7085,5.708881875637791
7086,5.708881875637791
7087,5.708881875637791
7088,5.708881875637791
7089,5.708881875637791
7090,5.708881875637791
7091,5.708881875637791
7092,5.708881875637791
7093,5.708881875637791
7094,5.708881875637791
7095,5.708881875637791
7096,5.708881875637791
7097,5.708881875637791
7098,5.708881875637791
7099,5.708881875637791
7100,5.708881875637791
7101,5.708881875637791
7102,5.708881875637791
7103,5.708881875637791
7104,5.708881875637791
7105,5.708881875637791
7106,5.708881875637791
7107,5.708881875637791
7108,5.708881875637791
7109,5.708881875637791
7110,5.708881875637791
7111,5.708881875637791
7112,5.708881875637791
7113,5.708881875637791
7114,5.708881875637791
7115,5.708881875637791
7116,5.708881875637791
7117,5.708881875637791
7118,5.708881875637791
7119,5.708881875637791
7120,5.708881875637791
7121,5.708881875637791
7122,5.708881875637791
7123,5.708881875637791
7124,5.708881875637791
7125,5.708881875637791
7126,5.708881875637791
7127,5.708881875637791
7128,5.708881875637791
7129,5.708881875637791
7130,5.708881875637791
7131,5.708881875637791
7132,5.708881875637791
7133,5.708881875637791
7134,5.708881875637791
7135,5.708881875637791
7136,5.708881875637791
7137,5.708881875637791
7138,5.708881875637791
7139,5.708881875637791
7140,5.708881875637791
7141,5.708881875637791
7142,5.708881875637791
7143,5.708881875637791
7144,5.708881875637791
7145,5.708881875637791
7146,5.708881875637791
7147,5.708881875637791
7148,5.708881875637791
7149,5.708881875637791
7150,5.708881875637791
7151,5.708881875637791
7152,5.708881875637791
7153,5.708881875637791
7154,5.708881875637791
7155,5.708881875637791
7156,5.708881875637791
7157,5.708881875637791
7158,5.708881875637791
7159,5.708881875637791
7160,5.708881875637791
7161,5.708881875637791
7162,5.708881875637791
7163,5.708881875637791
7164,5.708881875637791
7165,5.708881875637791
7166,5.708881875637791
7167,5.708881875637791
7168,5.708881875637791
7169,5.708881875637791
7170,5.708881875637791
7171,5.708881875637791
7172,5.708881875637791
7173,5.708881875637791
7174,5.708881875637791
7175,5.708881875637791
7176,5.708881875637791
7177,5.708881875637791
7178,5.708881875637791
7179,5.708881875637791
7180,5.708881875637791
7181,5.708881875637791
7182,5.708881875637791
7183,5.708881875637791
7184,5.708881875637791
7185,5.708881875637791
7186,5.708881875637791
7187,5.708881875637791
7188,5.708881875637791
7189,5.708881875637791
7190,5.708881875637791
7191,5.708881875637791
7192,5.708881875637791
7193,5.708881875637791
7194,5.708881875637791
7195,5.708881875637791
7196,5.708881875637791
7197,5.708881875637791
7198,5.708881875637791
7199,5.708881875637791
7200,5.708881875637791
7201,5.708881875637791
7202,5.708881875637791
7203,5.708881875637791
7204,5.708881875637791
7205,5.708881875637791
7206,5.708881875637791
7207,5.708881875637791
7208,5.708881875637791
7209,5.708881875637791
7210,5.708881875637791
7211,5.708881875637791
7212,5.708881875637791
7213,5.708881875637791
7214,5.708881875637791
7215,5.708881875637791
7216,5.708881875637791
7217,5.708881875637791
7218,5.708881875637791
7219,5.708881875637791
7220,5.708881875637791
7221,5.708881875637791
7222,5.708881875637791
7223,5.708881875637791
7224,5.708881875637791
7225,5.708881875637791
7226,5.708881875637791
7227,5.708881875637791
7228,5.708881875637791
7229,5.708881875637791
7230,5.708881875637791
7231,5.708881875637791
7232,5.708881875637791
7233,5.708881875637791
7234,5.708881875637791
7235,5.708881875637791
7236,5.708881875637791
7237,5.708881875637791
7238,5.708881875637791
7239,5.708881875637791
7240,5.708881875637791
7241,5.708881875637791
7242,5.708881875637791
7243,5.708881875637791
7244,5.708881875637791
7245,5.708881875637791
7246,5.708881875637791
7247,5.708881875637791
7248,5.708881875637791
7249,5.708881875637791
7250,5.708881875637791
7251,5.708881875637791
7252,5.708881875637791
7253,5.708881875637791
7254,5.708881875637791
7255,5.708881875637791
7256,5.708881875637791
7257,5.708881875637791
7258,5.708881875637791
7259,5.708881875637791
7260,5.708881875637791
7261,5.708881875637791
7262,5.708881875637791
7263,5.708881875637791
7264,5.708881875637791
7265,5.708881875637791
7266,5.708881875637791
7267,5.708881875637791
7268,5.708881875637791
7269,5.708881875637791
7270,5.708881875637791
7271,5.708881875637791
7272,5.708881875637791
7273,5.708881875637791
7274,5.708881875637791
7275,5.708881875637791
7276,5.708881875637791
7277,5.708881875637791
7278,5.708881875637791
7279,5.708881875637791
7280,5.708881875637791
7281,5.708881875637791
7282,5.708881875637791
7283,5.708881875637791
7284,5.708881875637791
7285,5.708881875637791
7286,5.708881875637791
7287,5.708881875637791
7288,5.708881875637791
7289,5.708881875637791
7290,5.708881875637791
7291,5.708881875637791
7292,5.708881875637791
7293,5.708881875637791
7294,5.708881875637791
7295,5.708881875637791
7296,5.708881875637791
7297,5.708881875637791
7298,5.708881875637791
7299,5.708881875637791
7300,5.708881875637791
7301,5.708881875637791
7302,5.708881875637791
7303,5.708881875637791
7304,5.708881875637791
7305,5.708881875637791
7306,5.708881875637791
7307,5.708881875637791
7308,5.708881875637791
7309,5.708881875637791
7310,5.708881875637791
7311,5.708881875637791
7312,5.708881875637791
7313,5.708881875637791
7314,5.708881875637791
7315,5.708881875637791
7316,5.708881875637791
7317,5.708881875637791
7318,5.708881875637791
7319,5.708881875637791
7320,5.708881875637791
7321,5.708881875637791
7322,5.708881875637791
7323,5.708881875637791
7324,5.708881875637791
7325,5.708881875637791
7326,5.708881875637791
7327,5.708881875637791
7328,5.708881875637791
7329,5.708881875637791
7330,5.708881875637791
7331,5.708881875637791
7332,5.708881875637791
7333,5.708881875637791
7334,5.708881875637791
7335,5.708881875637791
7336,5.708881875637791
7337,5.708881875637791
7338,5.708881875637791
7339,5.708881875637791
7340,5.708881875637791
7341,5.708881875637791
7342,5.708881875637791
7343,5.708881875637791
7344,5.708881875637791
7345,5.708881875637791
7346,5.708881875637791
7347,5.708881875637791
7348,5.708881875637791
7349,5.708881875637791
7350,5.708881875637791
7351,5.708881875637791
7352,5.708881875637791
7353,5.708881875637791
7354,5.708881875637791
7355,5.708881875637791
7356,5.708881875637791
7357,5.708881875637791
7358,5.708881875637791
7359,5.708881875637791
7360,5.708881875637791
7361,5.708881875637791
7362,5.708881875637791
7363,5.708881875637791
7364,5.708881875637791
7365,5.708881875637791
7366,5.708881875637791
7367,5.708881875637791
7368,5.708881875637791
7369,5.708881875637791
7370,5.708881875637791
7371,5.708881875637791
7372,5.708881875637791
7373,5.708881875637791
7374,5.708881875637791
7375,5.708881875637791
7376,5.708881875637791
7377,5.708881875637791
7378,5.708881875637791
7379,5.708881875637791
7380,5.708881875637791
7381,5.708881875637791
7382,5.708881875637791
7383,5.708881875637791
7384,5.708881875637791
7385,5.708881875637791
7386,5.708881875637791
7387,5.708881875637791
7388,5.708881875637791
7389,5.708881875637791
7390,5.708881875637791
7391,5.708881875637791
7392,5.708881875637791
7393,5.708881875637791
7394,5.708881875637791
7395,5.708881875637791
7396,5.708881875637791
7397,5.708881875637791
7398,5.708881875637791
7399,5.708881875637791
7400,5.708881875637791
7401,5.708881875637791
7402,5.708881875637791
7403,5.708881875637791
7404,5.708881875637791
7405,5.708881875637791
7406,5.708881875637791
7407,5.708881875637791
7408,5.708881875637791
7409,5.708881875637791
7410,5.708881875637791
7411,5.708881875637791
7412,5.708881875637791
7413,5.708881875637791
7414,5.708881875637791
7415,5.708881875637791
7416,5.708881875637791
7417,5.708881875637791
7418,5.708881875637791
7419,5.708881875637791
7420,5.708881875637791
7421,5.708881875637791
7422,5.708881875637791
7423,5.708881875637791
7424,5.708881875637791
7425,5.708881875637791
7426,5.708881875637791
7427,5.708881875637791
7428,5.708881875637791
7429,5.708881875637791
7430,5.708881875637791
7431,5.708881875637791
7432,5.708881875637791
7433,5.708881875637791
7434,5.708881875637791
7435,5.708881875637791
7436,5.708881875637791
7437,5.708881875637791
7438,5.708881875637791
7439,5.708881875637791
7440,5.708881875637791
7441,5.708881875637791
7442,5.708881875637791
7443,5.708881875637791
7444,5.708881875637791
7445,5.708881875637791
7446,5.708881875637791
7447,5.708881875637791
7448,5.708881875637791
7449,5.708881875637791
7450,5.708881875637791
7451,5.708881875637791
7452,5.708881875637791
7453,5.708881875637791
7454,5.708881875637791
7455,5.708881875637791
7456,5.708881875637791
7457,5.708881875637791
7458,5.708881875637791
7459,5.708881875637791
7460,5.708881875637791
7461,5.708881875637791
7462,5.708881875637791
7463,5.708881875637791
7464,5.708881875637791
7465,5.708881875637791
7466,5.708881875637791
7467,5.708881875637791
7468,5.708881875637791
7469,5.708881875637791
7470,5.708881875637791
7471,5.708881875637791
7472,5.708881875637791
7473,5.708881875637791
7474,5.708881875637791
7475,5.708881875637791
7476,5.708881875637791
7477,5.708881875637791
7478,5.708881875637791
7479,5.708881875637791
7480,5.708881875637791
7481,5.708881875637791
7482,5.708881875637791
7483,5.708881875637791
7484,5.708881875637791
7485,5.708881875637791
7486,5.708881875637791
7487,5.708881875637791
7488,5.708881875637791
7489,5.708881875637791
7490,5.708881875637791
7491,5.708881875637791
7492,5.708881875637791
7493,5.708881875637791
7494,5.708881875637791
7495,5.708881875637791
7496,5.708881875637791
7497,5.708881875637791
7498,5.708881875637791
7499,5.708881875637791
7500,5.708881875637791
7501,5.708881875637791
7502,5.708881875637791
7503,5.708881875637791
7504,5.708881875637791
7505,5.708881875637791
7506,5.708881875637791
7507,5.708881875637791
7508,5.708881875637791
7509,5.708881875637791
7510,5.708881875637791
7511,5.708881875637791
7512,5.708881875637791
7513,5.708881875637791
7514,5.708881875637791
7515,5.708881875637791
7516,5.708881875637791
7517,5.708881875637791
7518,5.708881875637791
7519,5.708881875637791
7520,5.708881875637791
7521,5.708881875637791
7522,5.708881875637791
7523,5.708881875637791
7524,5.708881875637791
7525,5.708881875637791
7526,5.708881875637791
7527,5.708881875637791
7528,5.708881875637791
7529,5.708881875637791
7530,5.708881875637791
7531,5.708881875637791
7532,5.708881875637791
7533,5.708881875637791
7534,5.708881875637791
7535,5.708881875637791
7536,5.708881875637791
7537,5.708881875637791
7538,5.708881875637791
7539,5.708881875637791
7540,5.708881875637791
7541,5.708881875637791
7542,5.708881875637791
7543,5.708881875637791
7544,5.708881875637791
7545,5.708881875637791
7546,5.708881875637791
7547,5.708881875637791
7548,5.708881875637791
7549,5.708881875637791
7550,5.708881875637791
7551,5.708881875637791
7552,5.708881875637791
7553,5.708881875637791
7554,5.708881875637791
7555,5.708881875637791
7556,5.708881875637791
7557,5.708881875637791
7558,5.708881875637791
7559,5.708881875637791
7560,5.708881875637791
7561,5.708881875637791
7562,5.708881875637791
7563,5.708881875637791
7564,5.708881875637791
7565,5.708881875637791
7566,5.708881875637791
7567,5.708881875637791
7568,5.708881875637791
7569,5.708881875637791
7570,5.708881875637791
7571,5.708881875637791
7572,5.708881875637791
7573,5.708881875637791
7574,5.708881875637791
7575,5.708881875637791
7576,5.708881875637791
7577,5.708881875637791
7578,5.708881875637791
7579,5.708881875637791
7580,5.708881875637791
7581,5.708881875637791
7582,5.708881875637791
7583,5.708881875637791
7584,5.708881875637791
7585,5.708881875637791
7586,5.708881875637791
7587,5.708881875637791
7588,5.708881875637791
7589,5.708881875637791
7590,5.708881875637791
7591,5.708881875637791
7592,5.708881875637791
7593,5.708881875637791
7594,5.708881875637791
7595,5.708881875637791
7596,5.708881875637791
7597,5.708881875637791
7598,5.708881875637791
7599,5.708881875637791
7600,5.708881875637791
7601,5.708881875637791
7602,5.708881875637791
7603,5.708881875637791
7604,5.708881875637791
7605,5.708881875637791
7606,5.708881875637791
7607,5.708881875637791
7608,5.708881875637791
7609,5.708881875637791
7610,5.708881875637791
7611,5.708881875637791
7612,5.708881875637791
7613,5.708881875637791
7614,5.708881875637791
7615,5.708881875637791
7616,5.708881875637791
7617,5.708881875637791
7618,5.708881875637791
7619,5.708881875637791
7620,5.708881875637791
7621,5.708881875637791
7622,5.708881875637791
7623,5.708881875637791
7624,5.708881875637791
7625,5.708881875637791
7626,5.708881875637791
7627,5.708881875637791
7628,5.708881875637791
7629,5.708881875637791
7630,5.708881875637791
7631,5.708881875637791
7632,5.708881875637791
7633,5.708881875637791
7634,5.708881875637791
7635,5.708881875637791
7636,5.708881875637791
7637,5.708881875637791
7638,5.708881875637791
7639,5.708881875637791
7640,5.708881875637791
7641,5.708881875637791
7642,5.708881875637791
7643,5.708881875637791
7644,5.708881875637791
7645,5.708881875637791
7646,5.708881875637791
7647,5.708881875637791
7648,5.708881875637791
7649,5.708881875637791
7650,5.708881875637791
7651,5.708881875637791
7652,5.708881875637791
7653,5.708881875637791
7654,5.708881875637791
7655,5.708881875637791
7656,5.708881875637791
7657,5.708881875637791
7658,5.708881875637791
7659,5.708881875637791
7660,5.708881875637791
7661,5.708881875637791
7662,5.708881875637791
7663,5.708881875637791
7664,5.708881875637791
7665,5.708881875637791
7666,5.708881875637791
7667,5.708881875637791
7668,5.708881875637791
7669,5.708881875637791
7670,5.708881875637791
7671,5.708881875637791
7672,5.708881875637791
7673,5.708881875637791
7674,5.708881875637791
7675,5.708881875637791
7676,5.708881875637791
7677,5.708881875637791
7678,5.708881875637791
7679,5.708881875637791
7680,5.708881875637791
7681,5.708881875637791
7682,5.708881875637791
7683,5.708881875637791
7684,5.708881875637791
7685,5.708881875637791
7686,5.708881875637791
7687,5.708881875637791
7688,5.708881875637791
7689,5.708881875637791
7690,5.708881875637791
7691,5.708881875637791
7692,5.708881875637791
7693,5.708881875637791
7694,5.708881875637791
7695,5.708881875637791
7696,5.708881875637791
7697,5.708881875637791
7698,5.708881875637791
7699,5.708881875637791
7700,5.708881875637791
7701,5.708881875637791
7702,5.708881875637791
7703,5.708881875637791
7704,5.708881875637791
7705,5.708881875637791
7706,5.708881875637791
7707,5.708881875637791
7708,5.708881875637791
7709,5.708881875637791
7710,5.708881875637791
7711,5.708881875637791
7712,5.708881875637791
7713,5.708881875637791
7714,5.708881875637791
7715,5.708881875637791
7716,5.708881875637791
7717,5.708881875637791
7718,5.708881875637791
7719,5.708881875637791
7720,5.708881875637791
7721,5.708881875637791
7722,5.708881875637791
7723,5.708881875637791
7724,5.708881875637791
7725,5.708881875637791
7726,5.708881875637791
7727,5.708881875637791
7728,5.708881875637791
7729,5.708881875637791
7730,5.708881875637791
7731,5.708881875637791
7732,5.708881875637791
7733,5.708881875637791
7734,5.708881875637791
7735,5.708881875637791
7736,5.708881875637791
7737,5.708881875637791
7738,5.708881875637791
7739,5.708881875637791
7740,5.708881875637791
7741,5.708881875637791
7742,5.708881875637791
7743,5.708881875637791
7744,5.708881875637791
7745,5.708881875637791
7746,5.708881875637791
7747,5.708881875637791
7748,5.708881875637791
7749,5.708881875637791
7750,5.708881875637791
7751,5.708881875637791
7752,5.708881875637791
7753,5.708881875637791
7754,5.708881875637791
7755,5.708881875637791
7756,5.708881875637791
7757,5.708881875637791
7758,5.708881875637791
7759,5.708881875637791
7760,5.708881875637791
7761,5.708881875637791
7762,5.708881875637791
7763,5.708881875637791
7764,5.708881875637791
7765,5.708881875637791
7766,5.708881875637791
7767,5.708881875637791
7768,5.708881875637791
7769,5.708881875637791
7770,5.708881875637791
7771,5.708881875637791
7772,5.708881875637791
7773,5.708881875637791
7774,5.708881875637791
7775,5.708881875637791
7776,5.708881875637791
7777,5.708881875637791
7778,5.708881875637791
7779,5.708881875637791
7780,5.708881875637791
7781,5.708881875637791
7782,5.708881875637791
7783,5.708881875637791
7784,5.708881875637791
7785,5.708881875637791
7786,5.708881875637791
7787,5.708881875637791
7788,5.708881875637791
7789,5.708881875637791
7790,5.708881875637791
7791,5.708881875637791
7792,5.708881875637791
7793,5.708881875637791
7794,5.708881875637791
7795,5.708881875637791
7796,5.708881875637791
7797,5.708881875637791
7798,5.708881875637791
7799,5.708881875637791
7800,5.708881875637791
7801,5.708881875637791
7802,5.708881875637791
7803,5.708881875637791
7804,5.708881875637791
7805,5.708881875637791
7806,5.708881875637791
7807,5.708881875637791
7808,5.708881875637791
7809,5.708881875637791
7810,5.708881875637791
7811,5.708881875637791
7812,5.708881875637791
7813,5.708881875637791
7814,5.708881875637791
7815,5.708881875637791
7816,5.708881875637791
7817,5.708881875637791
7818,5.708881875637791
7819,5.708881875637791
7820,5.708881875637791
7821,5.708881875637791
7822,5.708881875637791
7823,5.708881875637791
7824,5.708881875637791
7825,5.708881875637791
7826,5.708881875637791
7827,5.708881875637791
7828,5.708881875637791
7829,5.708881875637791
7830,5.708881875637791
7831,5.708881875637791
7832,5.708881875637791
7833,5.708881875637791
7834,5.708881875637791
7835,5.708881875637791
7836,5.708881875637791
7837,5.708881875637791
7838,5.708881875637791
7839,5.708881875637791
7840,5.708881875637791
7841,5.708881875637791
7842,5.708881875637791
7843,5.708881875637791
7844,5.708881875637791
7845,5.708881875637791
7846,5.708881875637791
7847,5.708881875637791
7848,5.708881875637791
7849,5.708881875637791
7850,5.708881875637791
7851,5.708881875637791
7852,5.708881875637791
7853,5.708881875637791
7854,5.708881875637791
7855,5.708881875637791
7856,5.708881875637791
7857,5.708881875637791
7858,5.708881875637791
7859,5.708881875637791
7860,5.708881875637791
7861,5.708881875637791
7862,5.708881875637791
7863,5.708881875637791
7864,5.708881875637791
7865,5.708881875637791
7866,5.708881875637791
7867,5.708881875637791
7868,5.708881875637791
7869,5.708881875637791
7870,5.708881875637791
7871,5.708881875637791
7872,5.708881875637791
7873,5.708881875637791
7874,5.708881875637791
7875,5.708881875637791
7876,5.708881875637791
7877,5.708881875637791
7878,5.708881875637791
7879,5.708881875637791
7880,5.708881875637791
7881,5.708881875637791
7882,5.708881875637791
7883,5.708881875637791
7884,5.708881875637791
7885,5.708881875637791
7886,5.708881875637791
7887,5.708881875637791
7888,5.708881875637791
7889,5.708881875637791
7890,5.708881875637791
7891,5.708881875637791
7892,5.708881875637791
7893,5.708881875637791
7894,5.708881875637791
7895,5.708881875637791
7896,5.708881875637791
7897,5.708881875637791
7898,5.708881875637791
7899,5.708881875637791
7900,5.708881875637791
7901,5.708881875637791
7902,5.708881875637791
7903,5.708881875637791
7904,5.708881875637791
7905,5.708881875637791
7906,5.708881875637791
7907,5.708881875637791
7908,5.708881875637791
7909,5.708881875637791
7910,5.708881875637791
7911,5.708881875637791
7912,5.708881875637791
7913,5.708881875637791
7914,5.708881875637791
7915,5.708881875637791
7916,5.708881875637791
7917,5.708881875637791
7918,5.708881875637791
7919,5.708881875637791
7920,5.708881875637791
7921,5.708881875637791
7922,5.708881875637791
7923,5.708881875637791
7924,5.708881875637791
7925,5.708881875637791
7926,5.708881875637791
7927,5.708881875637791
7928,5.708881875637791
7929,5.708881875637791
7930,5.708881875637791
7931,5.708881875637791
7932,5.708881875637791
7933,5.708881875637791
7934,5.708881875637791
7935,5.708881875637791
7936,5.708881875637791
7937,5.708881875637791
7938,5.708881875637791
7939,5.708881875637791
7940,5.708881875637791
7941,5.708881875637791
7942,5.708881875637791
7943,5.708881875637791
7944,5.708881875637791
7945,5.708881875637791
7946,5.708881875637791
7947,5.708881875637791
7948,5.708881875637791
7949,5.708881875637791
7950,5.708881875637791
7951,5.708881875637791
7952,5.708881875637791
7953,5.708881875637791
7954,5.708881875637791
7955,5.708881875637791
7956,5.708881875637791
7957,5.708881875637791
7958,5.708881875637791
7959,5.708881875637791
7960,5.708881875637791
7961,5.708881875637791
7962,5.708881875637791
7963,5.708881875637791
7964,5.708881875637791
7965,5.708881875637791
7966,5.708881875637791
7967,5.708881875637791
7968,5.708881875637791
7969,5.708881875637791
7970,5.708881875637791
7971,5.708881875637791
7972,5.708881875637791
7973,5.708881875637791
7974,5.708881875637791
7975,5.708881875637791
7976,5.708881875637791
7977,5.708881875637791
7978,5.708881875637791
7979,5.708881875637791
7980,5.708881875637791
7981,5.708881875637791
7982,5.708881875637791
7983,5.708881875637791
7984,5.708881875637791
7985,5.708881875637791
7986,5.708881875637791
7987,5.708881875637791
7988,5.708881875637791
7989,5.708881875637791
7990,5.708881875637791
7991,5.708881875637791
7992,5.708881875637791
7993,5.708881875637791
7994,5.708881875637791
7995,5.708881875637791
7996,5.708881875637791
7997,5.708881875637791
7998,5.708881875637791
7999,5.708881875637791
8000,5.708881875637791
8001,5.708881875637791
8002,5.708881875637791
8003,5.708881875637791
8004,5.708881875637791
8005,5.708881875637791
8006,5.708881875637791
8007,5.708881875637791
8008,5.708881875637791
8009,5.708881875637791
8010,5.708881875637791
8011,5.708881875637791
8012,5.708881875637791
8013,5.708881875637791
8014,5.708881875637791
8015,5.708881875637791
8016,5.708881875637791
8017,5.708881875637791
8018,5.708881875637791
8019,5.708881875637791
8020,5.708881875637791
8021,5.708881875637791
8022,5.708881875637791
8023,5.708881875637791
8024,5.708881875637791
8025,5.708881875637791
8026,5.708881875637791
8027,5.708881875637791
8028,5.708881875637791
8029,5.708881875637791
8030,5.708881875637791
8031,5.708881875637791
8032,5.708881875637791
8033,5.708881875637791
8034,5.708881875637791
8035,5.708881875637791
8036,5.708881875637791
8037,5.708881875637791
8038,5.708881875637791
8039,5.708881875637791
8040,5.708881875637791
8041,5.708881875637791
8042,5.708881875637791
8043,5.708881875637791
8044,5.708881875637791
8045,5.708881875637791
8046,5.708881875637791
8047,5.708881875637791
8048,5.708881875637791
8049,5.708881875637791
8050,5.708881875637791
8051,5.708881875637791
8052,5.708881875637791
8053,5.708881875637791
8054,5.708881875637791
8055,5.708881875637791
8056,5.708881875637791
8057,5.708881875637791
8058,5.708881875637791
8059,5.708881875637791
8060,5.708881875637791
8061,5.708881875637791
8062,5.708881875637791
8063,5.708881875637791
8064,5.708881875637791
8065,5.708881875637791
8066,5.708881875637791
8067,5.708881875637791
8068,5.708881875637791
8069,5.708881875637791
8070,5.708881875637791
8071,5.708881875637791
8072,5.708881875637791
8073,5.708881875637791
8074,5.708881875637791
8075,5.708881875637791
8076,5.708881875637791
8077,5.708881875637791
8078,5.708881875637791
8079,5.708881875637791
8080,5.708881875637791
8081,5.708881875637791
8082,5.708881875637791
8083,5.708881875637791
8084,5.708881875637791
8085,5.708881875637791
8086,5.708881875637791
8087,5.708881875637791
8088,5.708881875637791
8089,5.708881875637791
8090,5.708881875637791
8091,5.708881875637791
8092,5.708881875637791
8093,5.708881875637791
8094,5.708881875637791
8095,5.708881875637791
8096,5.708881875637791
8097,5.708881875637791
8098,5.708881875637791
8099,5.708881875637791
8100,5.708881875637791
8101,5.708881875637791
8102,5.708881875637791
8103,5.708881875637791
8104,5.708881875637791
8105,5.708881875637791
8106,5.708881875637791
8107,5.708881875637791
8108,5.708881875637791
8109,5.708881875637791
8110,5.708881875637791
8111,5.708881875637791
8112,5.708881875637791
8113,5.708881875637791
8114,5.708881875637791
8115,5.708881875637791
8116,5.708881875637791
8117,5.708881875637791
8118,5.708881875637791
8119,5.708881875637791
8120,5.708881875637791
8121,5.708881875637791
8122,5.708881875637791
8123,5.708881875637791
8124,5.708881875637791
8125,5.708881875637791
8126,5.708881875637791
8127,5.708881875637791
8128,5.708881875637791
8129,5.708881875637791
8130,5.708881875637791
8131,5.708881875637791
8132,5.708881875637791
8133,5.708881875637791
8134,5.708881875637791
8135,5.708881875637791
8136,5.708881875637791
8137,5.708881875637791
8138,5.708881875637791
8139,5.708881875637791
8140,5.708881875637791
8141,5.708881875637791
8142,5.708881875637791
8143,5.708881875637791
8144,5.708881875637791
8145,5.708881875637791
8146,5.708881875637791
8147,5.708881875637791
8148,5.708881875637791
8149,5.708881875637791
8150,5.708881875637791
8151,5.708881875637791
8152,5.708881875637791
8153,5.708881875637791
8154,5.708881875637791
8155,5.708881875637791
8156,5.708881875637791
8157,5.708881875637791
8158,5.708881875637791
8159,5.708881875637791
8160,5.708881875637791
8161,5.708881875637791
8162,5.708881875637791
8163,5.708881875637791
8164,5.708881875637791
8165,5.708881875637791
8166,5.708881875637791
8167,5.708881875637791
8168,5.708881875637791
8169,5.708881875637791
8170,5.708881875637791
8171,5.708881875637791
8172,5.708881875637791
8173,5.708881875637791
8174,5.708881875637791
8175,5.708881875637791
8176,5.708881875637791
8177,5.708881875637791
8178,5.708881875637791
8179,5.708881875637791
8180,5.708881875637791
8181,5.708881875637791
8182,5.708881875637791
8183,5.708881875637791
8184,5.708881875637791
8185,5.708881875637791
8186,5.708881875637791
8187,5.708881875637791
8188,5.708881875637791
8189,5.708881875637791
8190,5.708881875637791
8191,5.708881875637791
8192,5.708881875637791
8193,5.708881875637791
8194,5.708881875637791
8195,5.708881875637791
8196,5.708881875637791
8197,5.708881875637791
8198,5.708881875637791
8199,5.708881875637791
8200,5.708881875637791
8201,5.708881875637791
8202,5.708881875637791
8203,5.708881875637791
8204,5.708881875637791
8205,5.708881875637791
8206,5.708881875637791
8207,5.708881875637791
8208,5.708881875637791
8209,5.708881875637791
8210,5.708881875637791
8211,5.708881875637791
8212,5.708881875637791
8213,5.708881875637791
8214,5.708881875637791
8215,5.708881875637791
8216,5.708881875637791
8217,5.708881875637791
8218,5.708881875637791
8219,5.708881875637791
8220,5.708881875637791
8221,5.708881875637791
8222,5.708881875637791
8223,5.708881875637791
8224,5.708881875637791
8225,5.708881875637791
8226,5.708881875637791
8227,5.708881875637791
8228,5.708881875637791
8229,5.708881875637791
8230,5.708881875637791
8231,5.708881875637791
8232,5.708881875637791
8233,5.708881875637791
8234,5.708881875637791
8235,5.708881875637791
8236,5.708881875637791
8237,5.708881875637791
8238,5.708881875637791
8239,5.708881875637791
8240,5.708881875637791
8241,5.708881875637791
8242,5.708881875637791
8243,5.708881875637791
8244,5.708881875637791
8245,5.708881875637791
8246,5.708881875637791
8247,5.708881875637791
8248,5.708881875637791
8249,5.708881875637791
8250,5.708881875637791
8251,5.708881875637791
8252,5.708881875637791
8253,5.708881875637791
8254,5.708881875637791
8255,5.708881875637791
8256,5.708881875637791
8257,5.708881875637791
8258,5.708881875637791
8259,5.708881875637791
8260,5.708881875637791
8261,5.708881875637791
8262,5.708881875637791
8263,5.708881875637791
8264,5.708881875637791
8265,5.708881875637791
8266,5.708881875637791
8267,5.708881875637791
8268,5.708881875637791
8269,5.708881875637791
8270,5.708881875637791
8271,5.708881875637791
8272,5.708881875637791
8273,5.708881875637791
8274,5.708881875637791
8275,5.708881875637791
8276,5.708881875637791
8277,5.708881875637791
8278,5.708881875637791
8279,5.708881875637791
8280,5.708881875637791
8281,5.708881875637791
8282,5.708881875637791
8283,5.708881875637791
8284,5.708881875637791
8285,5.708881875637791
8286,5.708881875637791
8287,5.708881875637791
8288,5.708881875637791
8289,5.708881875637791
8290,5.708881875637791
8291,5.708881875637791
8292,5.708881875637791
8293,5.708881875637791
8294,5.708881875637791
8295,5.708881875637791
8296,5.708881875637791
8297,5.708881875637791
8298,5.708881875637791
8299,5.708881875637791
8300,5.708881875637791
8301,5.708881875637791
8302,5.708881875637791
8303,5.708881875637791
8304,5.708881875637791
8305,5.708881875637791
8306,5.708881875637791
8307,5.708881875637791
8308,5.708881875637791
8309,5.708881875637791
8310,5.708881875637791
8311,5.708881875637791
8312,5.708881875637791
8313,5.708881875637791
8314,5.708881875637791
8315,5.708881875637791
8316,5.708881875637791
8317,5.708881875637791
8318,5.708881875637791
8319,5.708881875637791
8320,5.708881875637791
8321,5.708881875637791
8322,5.708881875637791
8323,5.708881875637791
8324,5.708881875637791
8325,5.708881875637791
8326,5.708881875637791
8327,5.708881875637791
8328,5.708881875637791
8329,5.708881875637791
8330,5.708881875637791
8331,5.708881875637791
8332,5.708881875637791
8333,5.708881875637791
8334,5.708881875637791
8335,5.708881875637791
8336,5.708881875637791
8337,5.708881875637791
8338,5.708881875637791
8339,5.708881875637791
8340,5.708881875637791
8341,5.708881875637791
8342,5.708881875637791
8343,5.708881875637791
8344,5.708881875637791
8345,5.708881875637791
8346,5.708881875637791
8347,5.708881875637791
8348,5.708881875637791
8349,5.708881875637791
8350,5.708881875637791
8351,5.708881875637791
8352,5.708881875637791
8353,5.708881875637791
8354,5.708881875637791
8355,5.708881875637791
8356,5.708881875637791
8357,5.708881875637791
8358,5.708881875637791
8359,5.708881875637791
8360,5.708881875637791
8361,5.708881875637791
8362,5.708881875637791
8363,5.708881875637791
8364,5.708881875637791
8365,5.708881875637791
8366,5.708881875637791
8367,5.708881875637791
8368,5.708881875637791
8369,5.708881875637791
8370,5.708881875637791
8371,5.708881875637791
8372,5.708881875637791
8373,5.708881875637791
8374,5.708881875637791
8375,5.708881875637791
8376,5.708881875637791
8377,5.708881875637791
8378,5.708881875637791
8379,5.708881875637791
8380,5.708881875637791
8381,5.708881875637791
8382,5.708881875637791
8383,5.708881875637791
8384,5.708881875637791
8385,5.708881875637791
8386,5.708881875637791
8387,5.708881875637791
8388,5.708881875637791
8389,5.708881875637791
8390,5.708881875637791
8391,5.708881875637791
8392,5.708881875637791
8393,5.708881875637791
8394,5.708881875637791
8395,5.708881875637791
8396,5.708881875637791
8397,5.708881875637791
8398,5.708881875637791
8399,5.708881875637791
8400,5.708881875637791
8401,5.708881875637791
8402,5.708881875637791
8403,5.708881875637791
8404,5.708881875637791
8405,5.708881875637791
8406,5.708881875637791
8407,5.708881875637791
8408,5.708881875637791
8409,5.708881875637791
8410,5.708881875637791
8411,5.708881875637791
8412,5.708881875637791
8413,5.708881875637791
8414,5.708881875637791
8415,5.708881875637791
8416,5.708881875637791
8417,5.708881875637791
8418,5.708881875637791
8419,5.708881875637791
8420,5.708881875637791
8421,5.708881875637791
8422,5.708881875637791
8423,5.708881875637791
8424,5.708881875637791
8425,5.708881875637791
8426,5.708881875637791
8427,5.708881875637791
8428,5.708881875637791
8429,5.708881875637791
8430,5.708881875637791
8431,5.708881875637791
8432,5.708881875637791
8433,5.708881875637791
8434,5.708881875637791
8435,5.708881875637791
8436,5.708881875637791
8437,5.708881875637791
8438,5.708881875637791
8439,5.708881875637791
8440,5.708881875637791
8441,5.708881875637791
8442,5.708881875637791
8443,5.708881875637791
8444,5.708881875637791
8445,5.708881875637791
8446,5.708881875637791
8447,5.708881875637791
8448,5.708881875637791
8449,5.708881875637791
8450,5.708881875637791
8451,5.708881875637791
8452,5.708881875637791
8453,5.708881875637791
8454,5.708881875637791
8455,5.708881875637791
8456,5.708881875637791
8457,5.708881875637791
8458,5.708881875637791
8459,5.708881875637791
8460,5.708881875637791
8461,5.708881875637791
8462,5.708881875637791
8463,5.708881875637791
8464,5.708881875637791
8465,5.708881875637791
8466,5.708881875637791
8467,5.708881875637791
8468,5.708881875637791
8469,5.708881875637791
8470,5.708881875637791
8471,5.708881875637791
8472,5.708881875637791
8473,5.708881875637791
8474,5.708881875637791
8475,5.708881875637791
8476,5.708881875637791
8477,5.708881875637791
8478,5.708881875637791
8479,5.708881875637791
8480,5.708881875637791
8481,5.708881875637791
8482,5.708881875637791
8483,5.708881875637791
8484,5.708881875637791
8485,5.708881875637791
8486,5.708881875637791
8487,5.708881875637791
8488,5.708881875637791
8489,5.708881875637791
8490,5.708881875637791
8491,5.708881875637791
8492,5.708881875637791
8493,5.708881875637791
8494,5.708881875637791
8495,5.708881875637791
8496,5.708881875637791
8497,5.708881875637791
8498,5.708881875637791
8499,5.708881875637791
8500,5.708881875637791
8501,5.708881875637791
8502,5.708881875637791
8503,5.708881875637791
8504,5.708881875637791
8505,5.708881875637791
8506,5.708881875637791
8507,5.708881875637791
8508,5.708881875637791
8509,5.708881875637791
8510,5.708881875637791
8511,5.708881875637791
8512,5.708881875637791
8513,5.708881875637791
8514,5.708881875637791
8515,5.708881875637791
8516,5.708881875637791
8517,5.708881875637791
8518,5.708881875637791
8519,5.708881875637791
8520,5.708881875637791
8521,5.708881875637791
8522,5.708881875637791
8523,5.708881875637791
8524,5.708881875637791
8525,5.708881875637791
8526,5.708881875637791
8527,5.708881875637791
8528,5.708881875637791
8529,5.708881875637791
8530,5.708881875637791
8531,5.708881875637791
8532,5.708881875637791
8533,5.708881875637791
8534,5.708881875637791
8535,5.708881875637791
8536,5.708881875637791
8537,5.708881875637791
8538,5.708881875637791
8539,5.708881875637791
8540,5.708881875637791
8541,5.708881875637791
8542,5.708881875637791
8543,5.708881875637791
8544,5.708881875637791
8545,5.708881875637791
8546,5.708881875637791
8547,5.708881875637791
8548,5.708881875637791
8549,5.708881875637791
8550,5.708881875637791
8551,5.708881875637791
8552,5.708881875637791
8553,5.708881875637791
8554,5.708881875637791
8555,5.708881875637791
8556,5.708881875637791
8557,5.708881875637791
8558,5.708881875637791
8559,5.708881875637791
8560,5.708881875637791
8561,5.708881875637791
8562,5.708881875637791
8563,5.708881875637791
8564,5.708881875637791
8565,5.708881875637791
8566,5.708881875637791
8567,5.708881875637791
8568,5.708881875637791
8569,5.708881875637791
8570,5.708881875637791
8571,5.708881875637791
8572,5.708881875637791
8573,5.708881875637791
8574,5.708881875637791
8575,5.708881875637791
8576,5.708881875637791
8577,5.708881875637791
8578,5.708881875637791
8579,5.708881875637791
8580,5.708881875637791
8581,5.708881875637791
8582,5.708881875637791
8583,5.708881875637791
8584,5.708881875637791
8585,5.708881875637791
8586,5.708881875637791
8587,5.708881875637791
8588,5.708881875637791
8589,5.708881875637791
8590,5.708881875637791
8591,5.708881875637791
8592,5.708881875637791
8593,5.708881875637791
8594,5.708881875637791
8595,5.708881875637791
8596,5.708881875637791
8597,5.708881875637791
8598,5.708881875637791
8599,5.708881875637791
8600,5.708881875637791
8601,5.708881875637791
8602,5.708881875637791
8603,5.708881875637791
8604,5.708881875637791
8605,5.708881875637791
8606,5.708881875637791
8607,5.708881875637791
8608,5.708881875637791
8609,5.708881875637791
8610,5.708881875637791
8611,5.708881875637791
8612,5.708881875637791
8613,5.708881875637791
8614,5.708881875637791
8615,5.708881875637791
8616,5.708881875637791
8617,5.708881875637791
8618,5.708881875637791
8619,5.708881875637791
8620,5.708881875637791
8621,5.708881875637791
8622,5.708881875637791
8623,5.708881875637791
8624,5.708881875637791
8625,5.708881875637791
8626,5.708881875637791
8627,5.708881875637791
8628,5.708881875637791
8629,5.708881875637791
8630,5.708881875637791
8631,5.708881875637791
8632,5.708881875637791
8633,5.708881875637791
8634,5.708881875637791
8635,5.708881875637791
8636,5.708881875637791
8637,5.708881875637791
8638,5.708881875637791
8639,5.708881875637791
8640,5.708881875637791
8641,5.708881875637791
8642,5.708881875637791
8643,5.708881875637791
8644,5.708881875637791
8645,5.708881875637791
8646,5.708881875637791
8647,5.708881875637791
8648,5.708881875637791
8649,5.708881875637791
8650,5.708881875637791
8651,5.708881875637791
8652,5.708881875637791
8653,5.708881875637791
8654,5.708881875637791
8655,5.708881875637791
8656,5.708881875637791
8657,5.708881875637791
8658,5.708881875637791
8659,5.708881875637791
8660,5.708881875637791
8661,5.708881875637791
8662,5.708881875637791
8663,5.708881875637791
8664,5.708881875637791
8665,5.708881875637791
8666,5.708881875637791
8667,5.708881875637791
8668,5.708881875637791
8669,5.708881875637791
8670,5.708881875637791
8671,5.708881875637791
8672,5.708881875637791
8673,5.708881875637791
8674,5.708881875637791
8675,5.708881875637791
8676,5.708881875637791
8677,5.708881875637791
8678,5.708881875637791
8679,5.708881875637791
8680,5.708881875637791
8681,5.708881875637791
8682,5.708881875637791
8683,5.708881875637791
8684,5.708881875637791
8685,5.708881875637791
8686,5.708881875637791
8687,5.708881875637791
8688,5.708881875637791
8689,5.708881875637791
8690,5.708881875637791
8691,5.708881875637791
8692,5.708881875637791
8693,5.708881875637791
8694,5.708881875637791
8695,5.708881875637791
8696,5.708881875637791
8697,5.708881875637791
8698,5.708881875637791
8699,5.708881875637791
8700,5.708881875637791
8701,5.708881875637791
8702,5.708881875637791
8703,5.708881875637791
8704,5.708881875637791
8705,5.708881875637791
8706,5.708881875637791
8707,5.708881875637791
8708,5.708881875637791
8709,5.708881875637791
8710,5.708881875637791
8711,5.708881875637791
8712,5.708881875637791
8713,5.708881875637791
8714,5.708881875637791
8715,5.708881875637791
8716,5.708881875637791
8717,5.708881875637791
8718,5.708881875637791
8719,5.708881875637791
8720,5.708881875637791
8721,5.708881875637791
8722,5.708881875637791
8723,5.708881875637791
8724,5.708881875637791
8725,5.708881875637791
8726,5.708881875637791
8727,5.708881875637791
8728,5.708881875637791
8729,5.708881875637791
8730,5.708881875637791
8731,5.708881875637791
8732,5.708881875637791
8733,5.708881875637791
8734,5.708881875637791
8735,5.708881875637791
8736,5.708881875637791
8737,5.708881875637791
8738,5.708881875637791
8739,5.708881875637791
8740,5.708881875637791
8741,5.708881875637791
8742,5.708881875637791
8743,5.708881875637791
8744,5.708881875637791
8745,5.708881875637791
8746,5.708881875637791
8747,5.708881875637791
8748,5.708881875637791
8749,5.708881875637791
8750,5.708881875637791
8751,5.708881875637791
8752,5.708881875637791
8753,5.708881875637791
8754,5.708881875637791
8755,5.708881875637791
8756,5.708881875637791
8757,5.708881875637791
8758,5.708881875637791
8759,5.708881875637791
8760,5.708881875637791
8761,5.708881875637791
8762,5.708881875637791
8763,5.708881875637791
8764,5.708881875637791
8765,5.708881875637791
8766,5.708881875637791
8767,5.708881875637791
8768,5.708881875637791
8769,5.708881875637791
8770,5.708881875637791
8771,5.708881875637791
8772,5.708881875637791
8773,5.708881875637791
8774,5.708881875637791
8775,5.708881875637791
8776,5.708881875637791
8777,5.708881875637791
8778,5.708881875637791
8779,5.708881875637791
8780,5.708881875637791
8781,5.708881875637791
8782,5.708881875637791
8783,5.708881875637791
8784,5.708881875637791
8785,5.708881875637791
8786,5.708881875637791
8787,5.708881875637791
8788,5.708881875637791
8789,5.708881875637791
8790,5.708881875637791
8791,5.708881875637791
8792,5.708881875637791
8793,5.708881875637791
8794,5.708881875637791
8795,5.708881875637791
8796,5.708881875637791
8797,5.708881875637791
8798,5.708881875637791
8799,5.708881875637791
8800,5.708881875637791
8801,5.708881875637791
8802,5.708881875637791
8803,5.708881875637791
8804,5.708881875637791
8805,5.708881875637791
8806,5.708881875637791
8807,5.708881875637791
8808,5.708881875637791
8809,5.708881875637791
8810,5.708881875637791
8811,5.708881875637791
8812,5.708881875637791
8813,5.708881875637791
8814,5.708881875637791
8815,5.708881875637791
8816,5.708881875637791
8817,5.708881875637791
8818,5.708881875637791
8819,5.708881875637791
8820,5.708881875637791
8821,5.708881875637791
8822,5.708881875637791
8823,5.708881875637791
8824,5.708881875637791
8825,5.708881875637791
8826,5.708881875637791
8827,5.708881875637791
8828,5.708881875637791
8829,5.708881875637791
8830,5.708881875637791
8831,5.708881875637791
8832,5.708881875637791
8833,5.708881875637791
8834,5.708881875637791
8835,5.708881875637791
8836,5.708881875637791
8837,5.708881875637791
8838,5.708881875637791
8839,5.708881875637791
8840,5.708881875637791
8841,5.708881875637791
8842,5.708881875637791
8843,5.708881875637791
8844,5.708881875637791
8845,5.708881875637791
8846,5.708881875637791
8847,5.708881875637791
8848,5.708881875637791
8849,5.708881875637791
8850,5.708881875637791
8851,5.708881875637791
8852,5.708881875637791
8853,5.708881875637791
8854,5.708881875637791
8855,5.708881875637791
8856,5.708881875637791
8857,5.708881875637791
8858,5.708881875637791
8859,5.708881875637791
8860,5.708881875637791
8861,5.708881875637791
8862,5.708881875637791
8863,5.708881875637791
8864,5.708881875637791
8865,5.708881875637791
8866,5.708881875637791
8867,5.708881875637791
8868,5.708881875637791
8869,5.708881875637791
8870,5.708881875637791
8871,5.708881875637791
8872,5.708881875637791
8873,5.708881875637791
8874,5.708881875637791
8875,5.708881875637791
8876,5.708881875637791
8877,5.708881875637791
8878,5.708881875637791
8879,5.708881875637791
8880,5.708881875637791
8881,5.708881875637791
8882,5.708881875637791
8883,5.708881875637791
8884,5.708881875637791
8885,5.708881875637791
8886,5.708881875637791
8887,5.708881875637791
8888,5.708881875637791
8889,5.708881875637791
8890,5.708881875637791
8891,5.708881875637791
8892,5.708881875637791
8893,5.708881875637791
8894,5.708881875637791
8895,5.708881875637791
8896,5.708881875637791
8897,5.708881875637791
8898,5.708881875637791
8899,5.708881875637791
8900,5.708881875637791
8901,5.708881875637791
8902,5.708881875637791
8903,5.708881875637791
8904,5.708881875637791
8905,5.708881875637791
8906,5.708881875637791
8907,5.708881875637791
8908,5.708881875637791
8909,5.708881875637791
8910,5.708881875637791
8911,5.708881875637791
8912,5.708881875637791
8913,5.708881875637791
8914,5.708881875637791
8915,5.708881875637791
8916,5.708881875637791
8917,5.708881875637791
8918,5.708881875637791
8919,5.708881875637791
8920,5.708881875637791
8921,5.708881875637791
8922,5.708881875637791
8923,5.708881875637791
8924,5.708881875637791
8925,5.708881875637791
8926,5.708881875637791
8927,5.708881875637791
8928,5.708881875637791
8929,5.708881875637791
8930,5.708881875637791
8931,5.708881875637791
8932,5.708881875637791
8933,5.708881875637791
8934,5.708881875637791
8935,5.708881875637791
8936,5.708881875637791
8937,5.708881875637791
8938,5.708881875637791
8939,5.708881875637791
8940,5.708881875637791
8941,5.708881875637791
8942,5.708881875637791
8943,5.708881875637791
8944,5.708881875637791
8945,5.708881875637791
8946,5.708881875637791
8947,5.708881875637791
8948,5.708881875637791
8949,5.708881875637791
8950,5.708881875637791
8951,5.708881875637791
8952,5.708881875637791
8953,5.708881875637791
8954,5.708881875637791
8955,5.708881875637791
8956,5.708881875637791
8957,5.708881875637791
8958,5.708881875637791
8959,5.708881875637791
8960,5.708881875637791
8961,5.708881875637791
8962,5.708881875637791
8963,5.708881875637791
8964,5.708881875637791
8965,5.708881875637791
8966,5.708881875637791
8967,5.708881875637791
8968,5.708881875637791
8969,5.708881875637791
8970,5.708881875637791
8971,5.708881875637791
8972,5.708881875637791
8973,5.708881875637791
8974,5.708881875637791
8975,5.708881875637791
8976,5.708881875637791
8977,5.708881875637791
8978,5.708881875637791
8979,5.708881875637791
8980,5.708881875637791
8981,5.708881875637791
8982,5.708881875637791
8983,5.708881875637791
8984,5.708881875637791
8985,5.708881875637791
8986,5.708881875637791
8987,5.708881875637791
8988,5.708881875637791
8989,5.708881875637791
8990,5.708881875637791
8991,5.708881875637791
8992,5.708881875637791
8993,5.708881875637791
8994,5.708881875637791
8995,5.708881875637791
8996,5.708881875637791
8997,5.708881875637791
8998,5.708881875637791
8999,5.708881875637791
9000,5.708881875637791
9001,5.708881875637791
9002,5.708881875637791
9003,5.708881875637791
9004,5.708881875637791
9005,5.708881875637791
9006,5.708881875637791
9007,5.708881875637791
9008,5.708881875637791
9009,5.708881875637791
9010,5.708881875637791
9011,5.708881875637791
9012,5.708881875637791
9013,5.708881875637791
9014,5.708881875637791
9015,5.708881875637791
9016,5.708881875637791
9017,5.708881875637791
9018,5.708881875637791
9019,5.708881875637791
9020,5.708881875637791
9021,5.708881875637791
9022,5.708881875637791
9023,5.708881875637791
9024,5.708881875637791
9025,5.708881875637791
9026,5.708881875637791
9027,5.708881875637791
9028,5.708881875637791
9029,5.708881875637791
9030,5.708881875637791
9031,5.708881875637791
9032,5.708881875637791
9033,5.708881875637791
9034,5.708881875637791
9035,5.708881875637791
9036,5.708881875637791
9037,5.708881875637791
9038,5.708881875637791
9039,5.708881875637791
9040,5.708881875637791
9041,5.708881875637791
9042,5.708881875637791
9043,5.708881875637791
9044,5.708881875637791
9045,5.708881875637791
9046,5.708881875637791
9047,5.708881875637791
9048,5.708881875637791
9049,5.708881875637791
9050,5.708881875637791
9051,5.708881875637791
9052,5.708881875637791
9053,5.708881875637791
9054,5.708881875637791
9055,5.708881875637791
9056,5.708881875637791
9057,5.708881875637791
9058,5.708881875637791
9059,5.708881875637791
9060,5.708881875637791
9061,5.708881875637791
9062,5.708881875637791
9063,5.708881875637791
9064,5.708881875637791
9065,5.708881875637791
9066,5.708881875637791
9067,5.708881875637791
9068,5.708881875637791
9069,5.708881875637791
9070,5.708881875637791
9071,5.708881875637791
9072,5.708881875637791
9073,5.708881875637791
9074,5.708881875637791
9075,5.708881875637791
9076,5.708881875637791
9077,5.708881875637791
9078,5.708881875637791
9079,5.708881875637791
9080,5.708881875637791
9081,5.708881875637791
9082,5.708881875637791
9083,5.708881875637791
9084,5.708881875637791
9085,5.708881875637791
9086,5.708881875637791
9087,5.708881875637791
9088,5.708881875637791
9089,5.708881875637791
9090,5.708881875637791
9091,5.708881875637791
9092,5.708881875637791
9093,5.708881875637791
9094,5.708881875637791
9095,5.708881875637791
9096,5.708881875637791
9097,5.708881875637791
9098,5.708881875637791
9099,5.708881875637791
9100,5.708881875637791
9101,5.708881875637791
9102,5.708881875637791
9103,5.708881875637791
9104,5.708881875637791
9105,5.708881875637791
9106,5.708881875637791
9107,5.708881875637791
9108,5.708881875637791
9109,5.708881875637791
9110,5.708881875637791
9111,5.708881875637791
9112,5.708881875637791
9113,5.708881875637791
9114,5.708881875637791
9115,5.708881875637791
9116,5.708881875637791
9117,5.708881875637791
9118,5.708881875637791
9119,5.708881875637791
9120,5.708881875637791
9121,5.708881875637791
9122,5.708881875637791
9123,5.708881875637791
9124,5.708881875637791
9125,5.708881875637791
9126,5.708881875637791
9127,5.708881875637791
9128,5.708881875637791
9129,5.708881875637791
9130,5.708881875637791
9131,5.708881875637791
9132,5.708881875637791
9133,5.708881875637791
9134,5.708881875637791
9135,5.708881875637791
9136,5.708881875637791
9137,5.708881875637791
9138,5.708881875637791
9139,5.708881875637791
9140,5.708881875637791
9141,5.708881875637791
9142,5.708881875637791
9143,5.708881875637791
9144,5.708881875637791
9145,5.708881875637791
9146,5.708881875637791
9147,5.708881875637791
9148,5.708881875637791
9149,5.708881875637791
9150,5.708881875637791
9151,5.708881875637791
9152,5.708881875637791
9153,5.708881875637791
9154,5.708881875637791
9155,5.708881875637791
9156,5.708881875637791
9157,5.708881875637791
9158,5.708881875637791
9159,5.708881875637791
9160,5.708881875637791
9161,5.708881875637791
9162,5.708881875637791
9163,5.708881875637791
9164,5.708881875637791
9165,5.708881875637791
9166,5.708881875637791
9167,5.708881875637791
9168,5.708881875637791
9169,5.708881875637791
9170,5.708881875637791
9171,5.708881875637791
9172,5.708881875637791
9173,5.708881875637791
9174,5.708881875637791
9175,5.708881875637791
9176,5.708881875637791
9177,5.708881875637791
9178,5.708881875637791
9179,5.708881875637791
9180,5.708881875637791
9181,5.708881875637791
9182,5.708881875637791
9183,5.708881875637791
9184,5.708881875637791
9185,5.708881875637791
9186,5.708881875637791
9187,5.708881875637791
9188,5.708881875637791
9189,5.708881875637791
9190,5.708881875637791
9191,5.708881875637791
9192,5.708881875637791
9193,5.708881875637791
9194,5.708881875637791
9195,5.708881875637791
9196,5.708881875637791
9197,5.708881875637791
9198,5.708881875637791
9199,5.708881875637791
9200,5.708881875637791
9201,5.708881875637791
9202,5.708881875637791
9203,5.708881875637791
9204,5.708881875637791
9205,5.708881875637791
9206,5.708881875637791
9207,5.708881875637791
9208,5.708881875637791
9209,5.708881875637791
9210,5.708881875637791
9211,5.708881875637791
9212,5.708881875637791
9213,5.708881875637791
9214,5.708881875637791
9215,5.708881875637791
9216,5.708881875637791
9217,5.708881875637791
9218,5.708881875637791
9219,5.708881875637791
9220,5.708881875637791
9221,5.708881875637791
9222,5.708881875637791
9223,5.708881875637791
9224,5.708881875637791
9225,5.708881875637791
9226,5.708881875637791
9227,5.708881875637791
9228,5.708881875637791
9229,5.708881875637791
9230,5.708881875637791
9231,5.708881875637791
9232,5.708881875637791
9233,5.708881875637791
9234,5.708881875637791
9235,5.708881875637791
9236,5.708881875637791
9237,5.708881875637791
9238,5.708881875637791
9239,5.708881875637791
9240,5.708881875637791
9241,5.708881875637791
9242,5.708881875637791
9243,5.708881875637791
9244,5.708881875637791
9245,5.708881875637791
9246,5.708881875637791
9247,5.708881875637791
9248,5.708881875637791
9249,5.708881875637791
9250,5.708881875637791
9251,5.708881875637791
9252,5.708881875637791
9253,5.708881875637791
9254,5.708881875637791
9255,5.708881875637791
9256,5.708881875637791
9257,5.708881875637791
9258,5.708881875637791
9259,5.708881875637791
9260,5.708881875637791
9261,5.708881875637791
9262,5.708881875637791
9263,5.708881875637791
9264,5.708881875637791
9265,5.708881875637791
9266,5.708881875637791
9267,5.708881875637791
9268,5.708881875637791
9269,5.708881875637791
9270,5.708881875637791
9271,5.708881875637791
9272,5.708881875637791
9273,5.708881875637791
9274,5.708881875637791
9275,5.708881875637791
9276,5.708881875637791
9277,5.708881875637791
9278,5.708881875637791
9279,5.708881875637791
9280,5.708881875637791
9281,5.708881875637791
9282,5.708881875637791
9283,5.708881875637791
9284,5.708881875637791
9285,5.708881875637791
9286,5.708881875637791
9287,5.708881875637791
9288,5.708881875637791
9289,5.708881875637791
9290,5.708881875637791
9291,5.708881875637791
9292,5.708881875637791
9293,5.708881875637791
9294,5.708881875637791
9295,5.708881875637791
9296,5.708881875637791
9297,5.708881875637791
9298,5.708881875637791
9299,5.708881875637791
9300,5.708881875637791
9301,5.708881875637791
9302,5.708881875637791
9303,5.708881875637791
9304,5.708881875637791
9305,5.708881875637791
9306,5.708881875637791
9307,5.708881875637791
9308,5.708881875637791
9309,5.708881875637791
9310,5.708881875637791
9311,5.708881875637791
9312,5.708881875637791
9313,5.708881875637791
9314,5.708881875637791
9315,5.708881875637791
9316,5.708881875637791
9317,5.708881875637791
9318,5.708881875637791
9319,5.708881875637791
9320,5.708881875637791
9321,5.708881875637791
9322,5.708881875637791
9323,5.708881875637791
9324,5.708881875637791
9325,5.708881875637791
9326,5.708881875637791
9327,5.708881875637791
9328,5.708881875637791
9329,5.708881875637791
9330,5.708881875637791
9331,5.708881875637791
9332,5.708881875637791
9333,5.708881875637791
9334,5.708881875637791
9335,5.708881875637791
9336,5.708881875637791
9337,5.708881875637791
9338,5.708881875637791
9339,5.708881875637791
9340,5.708881875637791
9341,5.708881875637791
9342,5.708881875637791
9343,5.708881875637791
9344,5.708881875637791
9345,5.708881875637791
9346,5.708881875637791
9347,5.708881875637791
9348,5.708881875637791
9349,5.708881875637791
9350,5.708881875637791
9351,5.708881875637791
9352,5.708881875637791
9353,5.708881875637791
9354,5.708881875637791
9355,5.708881875637791
9356,5.708881875637791
9357,5.708881875637791
9358,5.708881875637791
9359,5.708881875637791
9360,5.708881875637791
9361,5.708881875637791
9362,5.708881875637791
9363,5.708881875637791
9364,5.708881875637791
9365,5.708881875637791
9366,5.708881875637791
9367,5.708881875637791
9368,5.708881875637791
9369,5.708881875637791
9370,5.708881875637791
9371,5.708881875637791
9372,5.708881875637791
9373,5.708881875637791
9374,5.708881875637791
9375,5.708881875637791
9376,5.708881875637791
9377,5.708881875637791
9378,5.708881875637791
9379,5.708881875637791
9380,5.708881875637791
9381,5.708881875637791
9382,5.708881875637791
9383,5.708881875637791
9384,5.708881875637791
9385,5.708881875637791
9386,5.708881875637791
9387,5.708881875637791
9388,5.708881875637791
9389,5.708881875637791
9390,5.708881875637791
9391,5.708881875637791
9392,5.708881875637791
9393,5.708881875637791
9394,5.708881875637791
9395,5.708881875637791
9396,5.708881875637791
9397,5.708881875637791
9398,5.708881875637791
9399,5.708881875637791
9400,5.708881875637791
9401,5.708881875637791
9402,5.708881875637791
9403,5.708881875637791
9404,5.708881875637791
9405,5.708881875637791
9406,5.708881875637791
9407,5.708881875637791
9408,5.708881875637791
9409,5.708881875637791
9410,5.708881875637791
9411,5.708881875637791
9412,5.708881875637791
9413,5.708881875637791
9414,5.708881875637791
9415,5.708881875637791
9416,5.708881875637791
9417,5.708881875637791
9418,5.708881875637791
9419,5.708881875637791
9420,5.708881875637791
9421,5.708881875637791
9422,5.708881875637791
9423,5.708881875637791
9424,5.708881875637791
9425,5.708881875637791
9426,5.708881875637791
9427,5.708881875637791
9428,5.708881875637791
9429,5.708881875637791
9430,5.708881875637791
9431,5.708881875637791
9432,5.708881875637791
9433,5.708881875637791
9434,5.708881875637791
9435,5.708881875637791
9436,5.708881875637791
9437,5.708881875637791
9438,5.708881875637791
9439,5.708881875637791
9440,5.708881875637791
9441,5.708881875637791
9442,5.708881875637791
9443,5.708881875637791
9444,5.708881875637791
9445,5.708881875637791
9446,5.708881875637791
9447,5.708881875637791
9448,5.708881875637791
9449,5.708881875637791
9450,5.708881875637791
9451,5.708881875637791
9452,5.708881875637791
9453,5.708881875637791
9454,5.708881875637791
9455,5.708881875637791
9456,5.708881875637791
9457,5.708881875637791
9458,5.708881875637791
9459,5.708881875637791
9460,5.708881875637791
9461,5.708881875637791
9462,5.708881875637791
9463,5.708881875637791
9464,5.708881875637791
9465,5.708881875637791
9466,5.708881875637791
9467,5.708881875637791
9468,5.708881875637791
9469,5.708881875637791
9470,5.708881875637791
9471,5.708881875637791
9472,5.708881875637791
9473,5.708881875637791
9474,5.708881875637791
9475,5.708881875637791
9476,5.708881875637791
9477,5.708881875637791
9478,5.708881875637791
9479,5.708881875637791
9480,5.708881875637791
9481,5.708881875637791
9482,5.708881875637791
9483,5.708881875637791
9484,5.708881875637791
9485,5.708881875637791
9486,5.708881875637791
9487,5.708881875637791
9488,5.708881875637791
9489,5.708881875637791
9490,5.708881875637791
9491,5.708881875637791
9492,5.708881875637791
9493,5.708881875637791
9494,5.708881875637791
9495,5.708881875637791
9496,5.708881875637791
9497,5.708881875637791
9498,5.708881875637791
9499,5.708881875637791
9500,5.708881875637791
9501,5.708881875637791
9502,5.708881875637791
9503,5.708881875637791
9504,5.708881875637791
9505,5.708881875637791
9506,5.708881875637791
9507,5.708881875637791
9508,5.708881875637791
9509,5.708881875637791
9510,5.708881875637791
9511,5.708881875637791
9512,5.708881875637791
9513,5.708881875637791
9514,5.708881875637791
9515,5.708881875637791
9516,5.708881875637791
9517,5.708881875637791
9518,5.708881875637791
9519,5.708881875637791
9520,5.708881875637791
9521,5.708881875637791
9522,5.708881875637791
9523,5.708881875637791
9524,5.708881875637791
9525,5.708881875637791
9526,5.708881875637791
9527,5.708881875637791
9528,5.708881875637791
9529,5.708881875637791
9530,5.708881875637791
9531,5.708881875637791
9532,5.708881875637791
9533,5.708881875637791
9534,5.708881875637791
9535,5.708881875637791
9536,5.708881875637791
9537,5.708881875637791
9538,5.708881875637791
9539,5.708881875637791
9540,5.708881875637791
9541,5.708881875637791
9542,5.708881875637791
9543,5.708881875637791
9544,5.708881875637791
9545,5.708881875637791
9546,5.708881875637791
9547,5.708881875637791
9548,5.708881875637791
9549,5.708881875637791
9550,5.708881875637791
9551,5.708881875637791
9552,5.708881875637791
9553,5.708881875637791
9554,5.708881875637791
9555,5.708881875637791
9556,5.708881875637791
9557,5.708881875637791
9558,5.708881875637791
9559,5.708881875637791
9560,5.708881875637791
9561,5.708881875637791
9562,5.708881875637791
9563,5.708881875637791
9564,5.708881875637791
9565,5.708881875637791
9566,5.708881875637791
9567,5.708881875637791
9568,5.708881875637791
9569,5.708881875637791
9570,5.708881875637791
9571,5.708881875637791
9572,5.708881875637791
9573,5.708881875637791
9574,5.708881875637791
9575,5.708881875637791
9576,5.708881875637791
9577,5.708881875637791
9578,5.708881875637791
9579,5.708881875637791
9580,5.708881875637791
9581,5.708881875637791
9582,5.708881875637791
9583,5.708881875637791
9584,5.708881875637791
9585,5.708881875637791
9586,5.708881875637791
9587,5.708881875637791
9588,5.708881875637791
9589,5.708881875637791
9590,5.708881875637791
9591,5.708881875637791
9592,5.708881875637791
9593,5.708881875637791
9594,5.708881875637791
9595,5.708881875637791
9596,5.708881875637791
9597,5.708881875637791
9598,5.708881875637791
9599,5.708881875637791
9600,5.708881875637791
9601,5.708881875637791
9602,5.708881875637791
9603,5.708881875637791
9604,5.708881875637791
9605,5.708881875637791
9606,5.708881875637791
9607,5.708881875637791
9608,5.708881875637791
9609,5.708881875637791
9610,5.708881875637791
9611,5.708881875637791
9612,5.708881875637791
9613,5.708881875637791
9614,5.708881875637791
9615,5.708881875637791
9616,5.708881875637791
9617,5.708881875637791
9618,5.708881875637791
9619,5.708881875637791
9620,5.708881875637791
9621,5.708881875637791
9622,5.708881875637791
9623,5.708881875637791
9624,5.708881875637791
9625,5.708881875637791
9626,5.708881875637791
9627,5.708881875637791
9628,5.708881875637791
9629,5.708881875637791
9630,5.708881875637791
9631,5.708881875637791
9632,5.708881875637791
9633,5.708881875637791
9634,5.708881875637791
9635,5.708881875637791
9636,5.708881875637791
9637,5.708881875637791
9638,5.708881875637791
9639,5.708881875637791
9640,5.708881875637791
9641,5.708881875637791
9642,5.708881875637791
9643,5.708881875637791
9644,5.708881875637791
9645,5.708881875637791
9646,5.708881875637791
9647,5.708881875637791
9648,5.708881875637791
9649,5.708881875637791
9650,5.708881875637791
9651,5.708881875637791
9652,5.708881875637791
9653,5.708881875637791
9654,5.708881875637791
9655,5.708881875637791
9656,5.708881875637791
9657,5.708881875637791
9658,5.708881875637791
9659,5.708881875637791
9660,5.708881875637791
9661,5.708881875637791
9662,5.708881875637791
9663,5.708881875637791
9664,5.708881875637791
9665,5.708881875637791
9666,5.708881875637791
9667,5.708881875637791
9668,5.708881875637791
9669,5.708881875637791
9670,5.708881875637791
9671,5.708881875637791
9672,5.708881875637791
9673,5.708881875637791
9674,5.708881875637791
9675,5.708881875637791
9676,5.708881875637791
9677,5.708881875637791
9678,5.708881875637791
9679,5.708881875637791
9680,5.708881875637791
9681,5.708881875637791
9682,5.708881875637791
9683,5.708881875637791
9684,5.708881875637791
9685,5.708881875637791
9686,5.708881875637791
9687,5.708881875637791
9688,5.708881875637791
9689,5.708881875637791
9690,5.708881875637791
9691,5.708881875637791
9692,5.708881875637791
9693,5.708881875637791
9694,5.708881875637791
9695,5.708881875637791
9696,5.708881875637791
9697,5.708881875637791
9698,5.708881875637791
9699,5.708881875637791
9700,5.708881875637791
9701,5.708881875637791
9702,5.708881875637791
9703,5.708881875637791
9704,5.708881875637791
9705,5.708881875637791
9706,5.708881875637791
9707,5.708881875637791
9708,5.708881875637791
9709,5.708881875637791
9710,5.708881875637791
9711,5.708881875637791
9712,5.708881875637791
9713,5.708881875637791
9714,5.708881875637791
9715,5.708881875637791
9716,5.708881875637791
9717,5.708881875637791
9718,5.708881875637791
9719,5.708881875637791
9720,5.708881875637791
9721,5.708881875637791
9722,5.708881875637791
9723,5.708881875637791
9724,5.708881875637791
9725,5.708881875637791
9726,5.708881875637791
9727,5.708881875637791
9728,5.708881875637791
9729,5.708881875637791
9730,5.708881875637791
9731,5.708881875637791
9732,5.708881875637791
9733,5.708881875637791
9734,5.708881875637791
9735,5.708881875637791
9736,5.708881875637791
9737,5.708881875637791
9738,5.708881875637791
9739,5.708881875637791
9740,5.708881875637791
9741,5.708881875637791
9742,5.708881875637791
9743,5.708881875637791
9744,5.708881875637791
9745,5.708881875637791
9746,5.708881875637791
9747,5.708881875637791
9748,5.708881875637791
9749,5.708881875637791
9750,5.708881875637791
9751,5.708881875637791
9752,5.708881875637791
9753,5.708881875637791
9754,5.708881875637791
9755,5.708881875637791
9756,5.708881875637791
9757,5.708881875637791
9758,5.708881875637791
9759,5.708881875637791
9760,5.708881875637791
9761,5.708881875637791
9762,5.708881875637791
9763,5.708881875637791
9764,5.708881875637791
9765,5.708881875637791
9766,5.708881875637791
9767,5.708881875637791
9768,5.708881875637791
9769,5.708881875637791
9770,5.708881875637791
9771,5.708881875637791
9772,5.708881875637791
9773,5.708881875637791
9774,5.708881875637791
9775,5.708881875637791
9776,5.708881875637791
9777,5.708881875637791
9778,5.708881875637791
9779,5.708881875637791
9780,5.708881875637791
9781,5.708881875637791
9782,5.708881875637791
9783,5.708881875637791
9784,5.708881875637791
9785,5.708881875637791
9786,5.708881875637791
9787,5.708881875637791
9788,5.708881875637791
9789,5.708881875637791
9790,5.708881875637791
9791,5.708881875637791
9792,5.708881875637791
9793,5.708881875637791
9794,5.708881875637791
9795,5.708881875637791
9796,5.708881875637791
9797,5.708881875637791
9798,5.708881875637791
9799,5.708881875637791
9800,5.708881875637791
9801,5.708881875637791
9802,5.708881875637791
9803,5.708881875637791
9804,5.708881875637791
9805,5.708881875637791
9806,5.708881875637791
9807,5.708881875637791
9808,5.708881875637791
9809,5.708881875637791
9810,5.708881875637791
9811,5.708881875637791
9812,5.708881875637791
9813,5.708881875637791
9814,5.708881875637791
9815,5.708881875637791
9816,5.708881875637791
9817,5.708881875637791
9818,5.708881875637791
9819,5.708881875637791
9820,5.708881875637791
9821,5.708881875637791
9822,5.708881875637791
9823,5.708881875637791
9824,5.708881875637791
9825,5.708881875637791
9826,5.708881875637791
9827,5.708881875637791
9828,5.708881875637791
9829,5.708881875637791
9830,5.708881875637791
9831,5.708881875637791
9832,5.708881875637791
9833,5.708881875637791
9834,5.708881875637791
9835,5.708881875637791
9836,5.708881875637791
9837,5.708881875637791
9838,5.708881875637791
9839,5.708881875637791
9840,5.708881875637791
9841,5.708881875637791
9842,5.708881875637791
9843,5.708881875637791
9844,5.708881875637791
9845,5.708881875637791
9846,5.708881875637791
9847,5.708881875637791
9848,5.708881875637791
9849,5.708881875637791
9850,5.708881875637791
9851,5.708881875637791
9852,5.708881875637791
9853,5.708881875637791
9854,5.708881875637791
9855,5.708881875637791
9856,5.708881875637791
9857,5.708881875637791
9858,5.708881875637791
9859,5.708881875637791
9860,5.708881875637791
9861,5.708881875637791
9862,5.708881875637791
9863,5.708881875637791
9864,5.708881875637791
9865,5.708881875637791
9866,5.708881875637791
9867,5.708881875637791
9868,5.708881875637791
9869,5.708881875637791
9870,5.708881875637791
9871,5.708881875637791
9872,5.708881875637791
9873,5.708881875637791
9874,5.708881875637791
9875,5.708881875637791
9876,5.708881875637791
9877,5.708881875637791
9878,5.708881875637791
9879,5.708881875637791
9880,5.708881875637791
9881,5.708881875637791
9882,5.708881875637791
9883,5.708881875637791
9884,5.708881875637791
9885,5.708881875637791
9886,5.708881875637791
9887,5.708881875637791
9888,5.708881875637791
9889,5.708881875637791
9890,5.708881875637791
9891,5.708881875637791
9892,5.708881875637791
9893,5.708881875637791
9894,5.708881875637791
9895,5.708881875637791
9896,5.708881875637791
9897,5.708881875637791
9898,5.708881875637791
9899,5.708881875637791
9900,5.708881875637791
9901,5.708881875637791
9902,5.708881875637791
9903,5.708881875637791
9904,5.708881875637791
9905,5.708881875637791
9906,5.708881875637791
9907,5.708881875637791
9908,5.708881875637791
9909,5.708881875637791
9910,5.708881875637791
9911,5.708881875637791
9912,5.708881875637791
9913,5.708881875637791
9914,5.708881875637791
9915,5.708881875637791
9916,5.708881875637791
9917,5.708881875637791
9918,5.708881875637791
9919,5.708881875637791
9920,5.708881875637791
9921,5.708881875637791
9922,5.708881875637791
9923,5.708881875637791
9924,5.708881875637791
9925,5.708881875637791
9926,5.708881875637791
9927,5.708881875637791
9928,5.708881875637791
9929,5.708881875637791
9930,5.708881875637791
9931,5.708881875637791
9932,5.708881875637791
9933,5.708881875637791
9934,5.708881875637791
9935,5.708881875637791
9936,5.708881875637791
9937,5.708881875637791
9938,5.708881875637791
9939,5.708881875637791
9940,5.708881875637791
9941,5.708881875637791
9942,5.708881875637791
9943,5.708881875637791
9944,5.708881875637791
9945,5.708881875637791
9946,5.708881875637791
9947,5.708881875637791
9948,5.708881875637791
9949,5.708881875637791
9950,5.708881875637791
9951,5.708881875637791
9952,5.708881875637791
9953,5.708881875637791
9954,5.708881875637791
9955,5.708881875637791
9956,5.708881875637791
9957,5.708881875637791
9958,5.708881875637791
9959,5.708881875637791
9960,5.708881875637791
9961,5.708881875637791
9962,5.708881875637791
9963,5.708881875637791
9964,5.708881875637791
9965,5.708881875637791
9966,5.708881875637791
9967,5.708881875637791
9968,5.708881875637791
9969,5.708881875637791
9970,5.708881875637791
9971,5.708881875637791
9972,5.708881875637791
9973,5.708881875637791
9974,5.708881875637791
9975,5.708881875637791
9976,5.708881875637791
9977,5.708881875637791
9978,5.708881875637791
9979,5.708881875637791
9980,5.708881875637791
9981,5.708881875637791
9982,5.708881875637791
9983,5.708881875637791
9984,5.708881875637791
9985,5.708881875637791
9986,5.708881875637791
9987,5.708881875637791
9988,5.708881875637791
9989,5.708881875637791
9990,5.708881875637791
9991,5.708881875637791
9992,5.708881875637791
9993,5.708881875637791
9994,5.708881875637791
9995,5.708881875637791
9996,5.708881875637791
9997,5.708881875637791
9998,5.708881875637791
9999,5.708881875637791
10000,5.708881875637791
