iteration,best_loss
0,23.371107018402665
1,23.371107018402665
2,23.371107018402665
3,23.371107018402665
4,23.371107018402665
5,13.898621136106076
6,10.969873844009307
7,10.969873844009307
8,10.969873844009307
9,7.935229930027077
10,7.935229930027077
11,7.935229930027077
12,7.935229930027077
13,7.935229930027077
14,7.935229930027077
15,7.935229930027077
16,7.935229930027077
17,7.935229930027077
18,7.935229930027077
19,7.935229930027077
20,7.935229930027077
21,7.935229930027077
22,7.935229930027077
23,7.935229930027077
24,7.935229930027077
25,7.935229930027077
26,7.935229930027077
27,7.935229930027077
28,7.935229930027077
29,7.935229930027077
30,7.935229930027077
31,7.935229930027077
32,7.935229930027077
33,7.935229930027077
34,7.935229930027077
35,7.935229930027077
36,7.935229930027077
37,7.935229930027077
38,7.935229930027077
39,7.935229930027077
40,7.935229930027077
41,7.935229930027077
42,7.935229930027077
43,7.935229930027077
44,7.935229930027077
45,7.935229930027077
46,7.935229930027077
47,7.935229930027077
48,7.935229930027077
49,7.935229930027077
50,7.935229930027077
51,7.935229930027077
52,7.935229930027077
53,7.935229930027077
54,7.935229930027077
55,7.935229930027077
56,7.935229930027077
57,7.935229930027077
58,7.935229930027077
59,7.935229930027077
60,7.935229930027077
61,7.935229930027077
62,7.935229930027077
63,7.935229930027077
64,7.935229930027077
65,7.935229930027077
66,7.935229930027077
67,7.935229930027077
68,7.935229930027077
69,7.935229930027077
70,7.935229930027077
71,7.935229930027077
72,7.935229930027077
73,7.935229930027077
74,7.935229930027077
75,7.935229930027077
76,7.935229930027077
77,7.935229930027077
78,7.935229930027077
79,7.935229930027077
80,7.935229930027077
81,7.935229930027077
82,7.935229930027077
83,7.935229930027077
84,7.935229930027077
85,7.935229930027077
86,7.935229930027077
87,7.935229930027077
88,7.935229930027077
89,7.935229930027077
90,7.935229930027077
91,7.935229930027077
92,7.935229930027077
93,7.935229930027077
94,7.935229930027077
95,7.935229930027077
96,7.935229930027077
97,7.935229930027077
98,7.935229930027077
99,7.935229930027077
100,7.935229930027077
101,7.935229930027077
102,7.935229930027077
103,7.935229930027077
104,7.935229930027077
105,7.935229930027077
106,7.935229930027077
107,7.935229930027077
108,7.935229930027077
109,7.935229930027077
110,7.935229930027077
111,7.935229930027077
112,7.935229930027077
113,7.935229930027077
114,7.935229930027077
115,7.935229930027077
116,7.935229930027077
117,7.935229930027077
118,7.935229930027077
119,7.935229930027077
120,7.935229930027077
121,7.935229930027077
122,7.935229930027077
123,7.935229930027077
124,7.935229930027077
125,7.935229930027077
126,7.935229930027077
127,7.935229930027077
128,7.935229930027077
129,7.935229930027077
130,7.935229930027077
131,7.935229930027077
132,7.935229930027077
133,7.935229930027077
134,7.935229930027077
135,7.935229930027077
136,7.935229930027077
137,7.935229930027077
138,7.935229930027077
139,7.935229930027077
140,7.935229930027077
141,7.935229930027077
142,7.935229930027077
143,7.935229930027077
144,7.935229930027077
145,7.935229930027077
146,7.935229930027077
147,7.935229930027077
148,7.935229930027077
149,7.935229930027077
150,7.935229930027077
151,7.935229930027077
152,7.935229930027077
153,7.935229930027077
154,7.935229930027077
155,7.935229930027077
156,7.935229930027077
157,7.935229930027077
158,7.935229930027077
159,7.935229930027077
160,7.935229930027077
161,7.935229930027077
162,7.935229930027077
163,7.935229930027077
164,7.935229930027077
165,7.935229930027077
166,7.935229930027077
167,7.935229930027077
168,7.935229930027077
169,7.935229930027077
170,7.935229930027077
171,7.935229930027077
172,7.935229930027077
173,7.935229930027077
174,7.935229930027077
175,7.935229930027077
176,7.935229930027077
177,7.935229930027077
178,7.935229930027077
179,7.935229930027077
180,7.935229930027077
181,7.935229930027077
182,7.935229930027077
183,7.935229930027077
184,7.935229930027077
185,7.935229930027077
186,7.935229930027077
187,7.935229930027077
188,7.935229930027077
189,7.935229930027077
190,7.935229930027077
191,7.935229930027077
192,7.935229930027077
193,7.935229930027077
194,7.935229930027077
195,7.935229930027077
196,7.935229930027077
197,7.935229930027077
198,7.935229930027077
199,7.935229930027077
200,7.935229930027077
201,7.935229930027077
202,7.935229930027077
203,7.935229930027077
204,7.935229930027077
205,7.935229930027077
206,7.935229930027077
207,7.935229930027077
208,7.935229930027077
209,7.935229930027077
210,7.935229930027077
211,6.286927697114965
212,6.286927697114965
213,6.286927697114965
214,6.286927697114965
215,6.286927697114965
216,6.286927697114965
217,6.286927697114965
218,6.286927697114965
219,6.286927697114965
220,6.286927697114965
221,6.286927697114965
222,6.286927697114965
223,6.286927697114965
224,6.286927697114965
225,6.286927697114965
226,6.286927697114965
227,6.286927697114965
228,6.286927697114965
229,6.286927697114965
230,6.286927697114965
231,6.286927697114965
232,6.286927697114965
233,6.286927697114965
234,6.286927697114965
235,6.286927697114965
236,6.286927697114965
237,6.286927697114965
238,6.286927697114965
239,6.286927697114965
240,6.286927697114965
241,6.286927697114965
242,6.286927697114965
243,6.286927697114965
244,6.286927697114965
245,6.286927697114965
246,6.286927697114965
247,6.286927697114965
248,6.286927697114965
249,6.286927697114965
250,6.286927697114965
251,6.286927697114965
252,6.286927697114965
253,6.286927697114965
254,6.286927697114965
255,6.286927697114965
256,6.286927697114965
257,6.286927697114965
258,6.286927697114965
259,6.286927697114965
260,6.286927697114965
261,6.286927697114965
262,6.286927697114965
263,6.286927697114965
264,6.286927697114965
265,6.286927697114965
266,6.286927697114965
267,6.286927697114965
268,6.286927697114965
269,6.286927697114965
270,6.286927697114965
271,6.286927697114965
272,6.286927697114965
273,6.286927697114965
274,6.286927697114965
275,6.286927697114965
276,6.286927697114965
277,6.286927697114965
278,6.286927697114965
279,6.286927697114965
280,6.286927697114965
281,6.286927697114965
282,6.286927697114965
283,6.286927697114965
284,6.286927697114965
285,6.286927697114965
286,6.286927697114965
287,6.286927697114965
288,6.286927697114965
289,6.286927697114965
290,6.286927697114965
291,6.286927697114965
292,6.286927697114965
293,6.286927697114965
294,6.286927697114965
295,6.286927697114965
296,6.286927697114965
297,6.286927697114965
298,6.286927697114965
299,6.286927697114965
300,6.286927697114965
301,6.286927697114965
302,6.286927697114965
303,6.286927697114965
304,6.286927697114965
305,6.286927697114965
306,6.286927697114965
307,6.286927697114965
308,6.286927697114965
309,6.286927697114965
310,6.286927697114965
311,6.286927697114965
312,6.286927697114965
313,6.286927697114965
314,6.286927697114965
315,6.286927697114965
316,6.286927697114965
317,6.286927697114965
318,6.286927697114965
319,6.286927697114965
320,6.286927697114965
321,6.286927697114965
322,6.286927697114965
323,6.286927697114965
324,6.286927697114965
325,6.286927697114965
326,6.286927697114965
327,6.286927697114965
328,6.286927697114965
329,6.286927697114965
330,6.286927697114965
331,6.286927697114965
332,4.341429408753701
333,4.341429408753701
334,4.341429408753701
335,4.341429408753701
336,4.341429408753701
337,4.341429408753701
338,4.341429408753701
339,4.341429408753701
340,4.341429408753701
341,4.341429408753701
342,4.341429408753701
343,4.341429408753701
344,4.341429408753701
345,4.341429408753701
346,4.341429408753701
347,4.341429408753701
348,4.341429408753701
349,4.341429408753701
350,4.341429408753701
351,4.341429408753701
352,4.341429408753701
353,4.341429408753701
354,4.341429408753701
355,4.341429408753701
356,4.341429408753701
357,4.341429408753701
358,4.341429408753701
359,4.341429408753701
360,4.341429408753701
361,4.341429408753701
362,4.341429408753701
363,4.314581530328465
364,4.314581530328465
365,4.314581530328465
366,4.314581530328465
367,4.314581530328465
368,4.314581530328465
369,4.314581530328465
370,4.314581530328465
371,4.314581530328465
372,4.314581530328465
373,4.314581530328465
374,4.314581530328465
375,4.314581530328465
376,4.314581530328465
377,4.314581530328465
378,4.314581530328465
379,4.314581530328465
380,4.314581530328465
381,4.314581530328465
382,4.314581530328465
383,4.314581530328465
384,4.314581530328465
385,4.314581530328465
386,4.314581530328465
387,4.314581530328465
388,4.314581530328465
389,4.314581530328465
390,4.314581530328465
391,4.314581530328465
392,4.314581530328465
393,4.314581530328465
394,4.314581530328465
395,4.314581530328465
396,4.314581530328465
397,4.314581530328465
398,4.314581530328465
399,4.314581530328465
400,4.314581530328465
401,4.314581530328465
402,4.314581530328465
403,4.314581530328465
404,4.314581530328465
405,4.314581530328465
406,4.314581530328465
407,4.314581530328465
408,4.314581530328465
409,4.314581530328465
410,4.314581530328465
411,4.314581530328465
412,4.314581530328465
413,4.314581530328465
414,4.314581530328465
415,4.314581530328465
416,4.314581530328465
417,4.314581530328465
418,4.314581530328465
419,4.314581530328465
420,4.314581530328465
421,4.314581530328465
422,4.314581530328465
423,4.314581530328465
424,4.314581530328465
425,4.314581530328465
426,4.314581530328465
427,4.314581530328465
428,4.314581530328465
429,4.314581530328465
430,4.314581530328465
431,4.314581530328465
432,4.314581530328465
433,4.314581530328465
434,4.314581530328465
435,4.314581530328465
436,4.314581530328465
437,4.314581530328465
438,4.314581530328465
439,4.314581530328465
440,4.314581530328465
441,4.314581530328465
442,4.314581530328465
443,4.314581530328465
444,4.314581530328465
445,4.314581530328465
446,4.314581530328465
447,4.314581530328465
448,4.314581530328465
449,4.314581530328465
450,4.314581530328465
451,4.314581530328465
452,4.314581530328465
453,4.314581530328465
454,4.314581530328465
455,4.314581530328465
456,4.314581530328465
457,4.314581530328465
458,4.314581530328465
459,4.314581530328465
460,4.314581530328465
461,4.314581530328465
462,4.314581530328465
463,4.314581530328465
464,4.314581530328465
465,4.314581530328465
466,4.314581530328465
467,4.314581530328465
468,4.314581530328465
469,4.314581530328465
470,4.314581530328465
471,4.314581530328465
472,4.314581530328465
473,4.314581530328465
474,4.314581530328465
475,4.314581530328465
476,4.314581530328465
477,4.314581530328465
478,4.314581530328465
479,4.314581530328465
480,4.314581530328465
481,4.314581530328465
482,4.314581530328465
483,4.314581530328465
484,4.314581530328465
485,4.314581530328465
486,4.314581530328465
487,4.314581530328465
488,4.314581530328465
489,4.314581530328465
490,4.314581530328465
491,4.314581530328465
492,4.314581530328465
493,4.314581530328465
494,4.314581530328465
495,4.314581530328465
496,4.314581530328465
497,4.314581530328465
498,4.314581530328465
499,4.314581530328465
500,4.314581530328465
501,4.314581530328465
502,4.314581530328465
503,4.314581530328465
504,4.314581530328465
505,4.314581530328465
506,4.314581530328465
507,4.314581530328465
508,4.314581530328465
509,4.314581530328465
510,4.314581530328465
511,4.314581530328465
512,4.314581530328465
513,4.314581530328465
514,4.314581530328465
515,4.314581530328465
516,4.314581530328465
517,4.314581530328465
518,4.314581530328465
519,4.314581530328465
520,4.314581530328465
521,4.314581530328465
522,4.314581530328465
523,4.314581530328465
524,4.314581530328465
525,4.314581530328465
526,4.314581530328465
527,4.314581530328465
528,4.314581530328465
529,4.314581530328465
530,4.314581530328465
531,4.314581530328465
532,4.314581530328465
533,4.314581530328465
534,4.314581530328465
535,4.314581530328465
536,4.314581530328465
537,4.314581530328465
538,4.314581530328465
539,4.314581530328465
540,4.314581530328465
541,4.314581530328465
542,4.314581530328465
543,4.314581530328465
544,4.314581530328465
545,4.314581530328465
546,4.314581530328465
547,4.314581530328465
548,4.314581530328465
549,4.314581530328465
550,4.314581530328465
551,4.314581530328465
552,4.314581530328465
553,4.314581530328465
554,4.314581530328465
555,4.314581530328465
556,4.314581530328465
557,4.314581530328465
558,4.314581530328465
559,4.314581530328465
560,4.314581530328465
561,4.314581530328465
562,4.314581530328465
563,4.314581530328465
564,4.314581530328465
565,4.314581530328465
566,4.314581530328465
567,4.314581530328465
568,4.314581530328465
569,4.314581530328465
570,4.314581530328465
571,4.314581530328465
572,4.314581530328465
573,4.314581530328465
574,4.314581530328465
575,4.314581530328465
576,4.314581530328465
577,4.314581530328465
578,4.314581530328465
579,4.314581530328465
580,4.314581530328465
581,4.314581530328465
582,4.314581530328465
583,4.314581530328465
584,4.314581530328465
585,4.314581530328465
586,4.314581530328465
587,4.314581530328465
588,4.314581530328465
589,4.314581530328465
590,4.314581530328465
591,4.314581530328465
592,4.314581530328465
593,4.314581530328465
594,4.314581530328465
595,4.314581530328465
596,4.314581530328465
597,4.314581530328465
598,4.314581530328465
599,4.314581530328465
600,4.314581530328465
601,4.314581530328465
602,4.314581530328465
603,4.314581530328465
604,4.314581530328465
605,4.314581530328465
606,4.314581530328465
607,4.314581530328465
608,4.314581530328465
609,4.314581530328465
610,4.314581530328465
611,4.314581530328465
612,4.314581530328465
613,4.314581530328465
614,4.314581530328465
615,4.314581530328465
616,4.314581530328465
617,4.314581530328465
618,4.314581530328465
619,4.314581530328465
620,4.314581530328465
621,4.314581530328465
622,4.314581530328465
623,4.314581530328465
624,4.314581530328465
625,4.314581530328465
626,4.314581530328465
627,4.314581530328465
628,4.314581530328465
629,4.314581530328465
630,4.314581530328465
631,4.314581530328465
632,4.314581530328465
633,4.314581530328465
634,4.314581530328465
635,4.314581530328465
636,4.314581530328465
637,4.314581530328465
638,4.314581530328465
639,4.314581530328465
640,4.314581530328465
641,4.314581530328465
642,4.314581530328465
643,4.314581530328465
644,4.314581530328465
645,4.314581530328465
646,4.314581530328465
647,4.314581530328465
648,4.314581530328465
649,4.314581530328465
650,4.314581530328465
651,4.314581530328465
652,4.314581530328465
653,4.314581530328465
654,4.314581530328465
655,4.314581530328465
656,4.314581530328465
657,4.314581530328465
658,4.314581530328465
659,4.314581530328465
660,4.314581530328465
661,4.314581530328465
662,4.314581530328465
663,4.314581530328465
664,4.314581530328465
665,4.314581530328465
666,4.314581530328465
667,4.314581530328465
668,4.314581530328465
669,4.314581530328465
670,4.314581530328465
671,4.314581530328465
672,4.314581530328465
673,4.314581530328465
674,4.314581530328465
675,4.314581530328465
676,4.314581530328465
677,4.314581530328465
678,4.314581530328465
679,4.314581530328465
680,4.314581530328465
681,4.314581530328465
682,4.314581530328465
683,4.314581530328465
684,4.314581530328465
685,4.314581530328465
686,4.314581530328465
687,4.314581530328465
688,4.314581530328465
689,4.314581530328465
690,4.314581530328465
691,4.314581530328465
692,4.314581530328465
693,4.314581530328465
694,4.314581530328465
695,4.314581530328465
696,4.314581530328465
697,4.314581530328465
698,4.314581530328465
699,4.314581530328465
700,4.314581530328465
701,4.314581530328465
702,4.314581530328465
703,4.314581530328465
704,4.314581530328465
705,4.314581530328465
706,4.314581530328465
707,4.314581530328465
708,4.314581530328465
709,4.314581530328465
710,4.314581530328465
711,4.314581530328465
712,4.314581530328465
713,4.314581530328465
714,4.314581530328465
715,4.314581530328465
716,4.314581530328465
717,4.314581530328465
718,4.314581530328465
719,4.314581530328465
720,4.314581530328465
721,4.314581530328465
722,4.314581530328465
723,4.314581530328465
724,4.314581530328465
725,4.314581530328465
726,4.314581530328465
727,4.314581530328465
728,4.314581530328465
729,4.314581530328465
730,4.314581530328465
731,4.314581530328465
732,4.314581530328465
733,4.314581530328465
734,4.314581530328465
735,4.314581530328465
736,4.314581530328465
737,4.314581530328465
738,4.314581530328465
739,4.314581530328465
740,4.314581530328465
741,4.314581530328465
742,4.314581530328465
743,4.314581530328465
744,4.314581530328465
745,4.314581530328465
746,4.314581530328465
747,4.314581530328465
748,4.314581530328465
749,4.314581530328465
750,4.314581530328465
751,4.314581530328465
752,4.314581530328465
753,4.314581530328465
754,4.314581530328465
755,4.314581530328465
756,4.314581530328465
757,4.314581530328465
758,4.314581530328465
759,4.314581530328465
760,4.314581530328465
761,4.314581530328465
762,4.314581530328465
763,4.314581530328465
764,4.314581530328465
765,4.314581530328465
766,4.314581530328465
767,4.314581530328465
768,4.314581530328465
769,4.314581530328465
770,4.314581530328465
771,4.314581530328465
772,4.314581530328465
773,4.314581530328465
774,4.314581530328465
775,4.314581530328465
776,4.314581530328465
777,4.314581530328465
778,4.314581530328465
779,4.314581530328465
780,4.314581530328465
781,4.314581530328465
782,4.314581530328465
783,4.314581530328465
784,4.314581530328465
785,4.314581530328465
786,4.314581530328465
787,4.314581530328465
788,4.314581530328465
789,4.314581530328465
790,4.314581530328465
791,4.314581530328465
792,4.314581530328465
793,4.314581530328465
794,4.314581530328465
795,4.314581530328465
796,4.314581530328465
797,4.314581530328465
798,4.314581530328465
799,4.314581530328465
800,4.314581530328465
801,4.314581530328465
802,4.314581530328465
803,4.314581530328465
804,4.314581530328465
805,4.314581530328465
806,4.314581530328465
807,4.314581530328465
808,4.314581530328465
809,4.314581530328465
810,4.314581530328465
811,4.314581530328465
812,4.314581530328465
813,4.314581530328465
814,4.314581530328465
815,4.314581530328465
816,4.314581530328465
817,4.314581530328465
818,4.314581530328465
819,4.314581530328465
820,4.314581530328465
821,4.314581530328465
822,4.314581530328465
823,4.314581530328465
824,4.314581530328465
825,4.314581530328465
826,4.314581530328465
827,4.314581530328465
828,4.314581530328465
829,4.314581530328465
830,4.314581530328465
831,4.314581530328465
832,4.314581530328465
833,4.314581530328465
834,4.314581530328465
835,4.314581530328465
836,4.314581530328465
837,4.314581530328465
838,4.314581530328465
839,4.314581530328465
840,4.314581530328465
841,4.314581530328465
842,4.314581530328465
843,4.314581530328465
844,4.314581530328465
845,4.314581530328465
846,4.314581530328465
847,4.314581530328465
848,4.314581530328465
849,4.314581530328465
850,4.314581530328465
851,4.314581530328465
852,4.314581530328465
853,4.314581530328465
854,4.314581530328465
855,4.314581530328465
856,4.314581530328465
857,4.314581530328465
858,4.314581530328465
859,4.314581530328465
860,4.314581530328465
861,4.314581530328465
862,4.314581530328465
863,4.314581530328465
864,4.314581530328465
865,4.314581530328465
866,4.314581530328465
867,4.314581530328465
868,4.314581530328465
869,4.314581530328465
870,4.314581530328465
871,4.314581530328465
872,4.314581530328465
873,4.314581530328465
874,4.314581530328465
875,4.314581530328465
876,4.314581530328465
877,4.314581530328465
878,4.314581530328465
879,4.314581530328465
880,4.314581530328465
881,4.314581530328465
882,4.314581530328465
883,4.314581530328465
884,4.314581530328465
885,4.314581530328465
886,4.314581530328465
887,4.314581530328465
888,4.314581530328465
889,4.314581530328465
890,4.314581530328465
891,4.314581530328465
892,4.314581530328465
893,4.314581530328465
894,4.314581530328465
895,4.314581530328465
896,4.314581530328465
897,4.314581530328465
898,4.314581530328465
899,4.314581530328465
900,4.314581530328465
901,4.314581530328465
902,4.314581530328465
903,4.314581530328465
904,4.314581530328465
905,4.314581530328465
906,4.314581530328465
907,4.314581530328465
908,4.314581530328465
909,4.314581530328465
910,4.314581530328465
911,4.314581530328465
912,4.314581530328465
913,4.314581530328465
914,4.314581530328465
915,4.314581530328465
916,4.314581530328465
917,4.314581530328465
918,4.314581530328465
919,4.314581530328465
920,4.314581530328465
921,4.314581530328465
922,4.314581530328465
923,4.314581530328465
924,4.314581530328465
925,4.314581530328465
926,4.314581530328465
927,4.314581530328465
928,4.314581530328465
929,4.314581530328465
930,4.314581530328465
931,4.314581530328465
932,4.314581530328465
933,4.314581530328465
934,4.314581530328465
935,4.314581530328465
936,4.314581530328465
937,4.314581530328465
938,4.314581530328465
939,4.314581530328465
940,4.314581530328465
941,4.314581530328465
942,4.314581530328465
943,4.314581530328465
944,4.314581530328465
945,4.314581530328465
946,4.314581530328465
947,4.314581530328465
948,4.314581530328465
949,4.314581530328465
950,4.314581530328465
951,4.314581530328465
952,4.314581530328465
953,4.314581530328465
954,4.314581530328465
955,4.314581530328465
956,4.314581530328465
957,4.314581530328465
958,4.314581530328465
959,4.314581530328465
960,4.314581530328465
961,4.314581530328465
962,4.314581530328465
963,4.314581530328465
964,4.314581530328465
965,4.314581530328465
966,4.314581530328465
967,4.314581530328465
968,4.314581530328465
969,4.314581530328465
970,4.314581530328465
971,4.314581530328465
972,4.314581530328465
973,4.314581530328465
974,4.314581530328465
975,4.314581530328465
976,4.314581530328465
977,4.314581530328465
978,4.314581530328465
979,4.314581530328465
980,4.314581530328465
981,4.314581530328465
982,4.314581530328465
983,4.314581530328465
984,4.314581530328465
985,4.314581530328465
986,4.314581530328465
987,4.314581530328465
988,4.314581530328465
989,4.314581530328465
990,4.314581530328465
991,4.314581530328465
992,4.314581530328465
993,4.314581530328465
994,4.314581530328465
995,3.6151985689445763
996,3.6151985689445763
997,3.6151985689445763
998,3.6151985689445763
999,3.6151985689445763
1000,3.6151985689445763
1001,3.6151985689445763
1002,3.6151985689445763
1003,3.6151985689445763
1004,3.6151985689445763
1005,3.6151985689445763
1006,3.6151985689445763
1007,3.6151985689445763
1008,3.6151985689445763
1009,3.6151985689445763
1010,3.6151985689445763
1011,3.6151985689445763
1012,3.6151985689445763
1013,3.6151985689445763
1014,3.6151985689445763
1015,3.6151985689445763
1016,3.6151985689445763
1017,3.6151985689445763
1018,3.6151985689445763
1019,3.6151985689445763
1020,3.6151985689445763
1021,3.6151985689445763
1022,3.6151985689445763
1023,3.6151985689445763
1024,3.6151985689445763
1025,3.6151985689445763
1026,3.6151985689445763
1027,3.6151985689445763
1028,3.6151985689445763
1029,3.6151985689445763
1030,3.6151985689445763
1031,3.6151985689445763
1032,3.6151985689445763
1033,3.6151985689445763
1034,3.6151985689445763
1035,3.6151985689445763
1036,3.6151985689445763
1037,3.6151985689445763
1038,3.6151985689445763
1039,3.6151985689445763
1040,3.6151985689445763
1041,3.6151985689445763
1042,3.6151985689445763
1043,3.6151985689445763
1044,3.6151985689445763
1045,3.6151985689445763
1046,3.6151985689445763
1047,3.6151985689445763
1048,3.6151985689445763
1049,3.6151985689445763
1050,3.6151985689445763
1051,3.6151985689445763
1052,3.6151985689445763
1053,3.6151985689445763
1054,3.6151985689445763
1055,3.6151985689445763
1056,3.6151985689445763
1057,3.6151985689445763
1058,3.6151985689445763
1059,3.6151985689445763
1060,3.6151985689445763
1061,3.6151985689445763
1062,3.6151985689445763
1063,3.6151985689445763
1064,3.6151985689445763
1065,3.6151985689445763
1066,3.6151985689445763
1067,3.6151985689445763
1068,3.6151985689445763
1069,3.6151985689445763
1070,3.6151985689445763
1071,3.6151985689445763
1072,3.6151985689445763
1073,3.6151985689445763
1074,3.6151985689445763
1075,3.6151985689445763
1076,3.6151985689445763
1077,3.6151985689445763
1078,3.6151985689445763
1079,3.6151985689445763
1080,3.6151985689445763
1081,3.6151985689445763
1082,3.6151985689445763
1083,3.6151985689445763
1084,3.6151985689445763
1085,3.6151985689445763
1086,3.6151985689445763
1087,3.6151985689445763
1088,3.6151985689445763
1089,3.6151985689445763
1090,3.6151985689445763
1091,3.6151985689445763
1092,3.6151985689445763
1093,3.6151985689445763
1094,3.6151985689445763
1095,3.6151985689445763
1096,3.6151985689445763
1097,3.6151985689445763
1098,3.6151985689445763
1099,3.6151985689445763
1100,3.6151985689445763
1101,3.6151985689445763
1102,3.6151985689445763
1103,3.6151985689445763
1104,3.6151985689445763
1105,3.6151985689445763
1106,3.6151985689445763
1107,3.6151985689445763
1108,3.6151985689445763
1109,3.6151985689445763
1110,3.6151985689445763
1111,3.6151985689445763
1112,3.6151985689445763
1113,3.6151985689445763
1114,3.6151985689445763
1115,3.6151985689445763
1116,3.6151985689445763
1117,3.6151985689445763
1118,3.6151985689445763
1119,3.6151985689445763
1120,3.6151985689445763
1121,3.6151985689445763
1122,3.6151985689445763
1123,3.6151985689445763
1124,3.6151985689445763
1125,3.6151985689445763
1126,3.6151985689445763
1127,3.6151985689445763
1128,3.6151985689445763
1129,3.6151985689445763
1130,3.6151985689445763
1131,3.6151985689445763
1132,3.6151985689445763
1133,3.6151985689445763
1134,3.6151985689445763
1135,3.6151985689445763
1136,3.6151985689445763
1137,3.6151985689445763
1138,3.6151985689445763
1139,3.6151985689445763
1140,3.6151985689445763
1141,3.6151985689445763
1142,3.6151985689445763
1143,3.6151985689445763
1144,3.6151985689445763
1145,3.6151985689445763
1146,3.6151985689445763
1147,3.6151985689445763
1148,3.6151985689445763
1149,3.6151985689445763
1150,3.6151985689445763
1151,3.6151985689445763
1152,3.6151985689445763
1153,3.6151985689445763
1154,3.6151985689445763
1155,3.6151985689445763
1156,3.6151985689445763
1157,3.6151985689445763
1158,3.6151985689445763
1159,3.6151985689445763
1160,3.6151985689445763
1161,3.6151985689445763
1162,3.6151985689445763
1163,3.6151985689445763
1164,3.6151985689445763
1165,3.6151985689445763
1166,3.6151985689445763
1167,3.6151985689445763
1168,3.6151985689445763
1169,3.6151985689445763
1170,3.6151985689445763
1171,3.6151985689445763
1172,3.6151985689445763
1173,3.6151985689445763
1174,3.6151985689445763
1175,3.6151985689445763
1176,3.6151985689445763
1177,3.6151985689445763
1178,3.6151985689445763
1179,3.6151985689445763
1180,3.6151985689445763
1181,3.6151985689445763
1182,3.6151985689445763
1183,3.6151985689445763
1184,3.6151985689445763
1185,3.6151985689445763
1186,3.6151985689445763
1187,3.6151985689445763
1188,3.6151985689445763
1189,3.6151985689445763
1190,3.6151985689445763
1191,3.6151985689445763
1192,3.6151985689445763
1193,3.6151985689445763
1194,3.6151985689445763
1195,3.6151985689445763
1196,3.6151985689445763
1197,3.6151985689445763
1198,3.6151985689445763
1199,3.6151985689445763
1200,3.6151985689445763
1201,3.6151985689445763
1202,3.6151985689445763
1203,3.6151985689445763
1204,3.6151985689445763
1205,3.6151985689445763
1206,3.6151985689445763
1207,3.6151985689445763
1208,3.6151985689445763
1209,3.6151985689445763
1210,3.6151985689445763
1211,3.6151985689445763
1212,3.6151985689445763
1213,3.6151985689445763
1214,3.6151985689445763
1215,3.6151985689445763
1216,3.6151985689445763
1217,3.6151985689445763
1218,3.6151985689445763
1219,3.6151985689445763
1220,3.6151985689445763
1221,3.6151985689445763
1222,3.6151985689445763
1223,3.6151985689445763
1224,3.6151985689445763
1225,3.6151985689445763
1226,3.6151985689445763
1227,3.6151985689445763
1228,3.6151985689445763
1229,3.6151985689445763
1230,3.6151985689445763
1231,3.6151985689445763
1232,3.6151985689445763
1233,3.6151985689445763
1234,3.6151985689445763
1235,3.6151985689445763
1236,3.6151985689445763
1237,3.6151985689445763
1238,3.6151985689445763
1239,3.6151985689445763
1240,3.6151985689445763
1241,3.6151985689445763
1242,3.6151985689445763
1243,3.6151985689445763
1244,3.6151985689445763
1245,3.6151985689445763
1246,3.6151985689445763
1247,3.6151985689445763
1248,3.6151985689445763
1249,3.6151985689445763
1250,3.6151985689445763
1251,3.6151985689445763
1252,3.6151985689445763
1253,3.6151985689445763
1254,3.6151985689445763
1255,3.6151985689445763
1256,3.6151985689445763
1257,3.6151985689445763
1258,3.6151985689445763
1259,3.6151985689445763
1260,3.6151985689445763
1261,3.6151985689445763
1262,3.6151985689445763
1263,3.6151985689445763
1264,3.6151985689445763
1265,3.6151985689445763
1266,3.6151985689445763
1267,3.6151985689445763
1268,3.6151985689445763
1269,3.6151985689445763
1270,3.6151985689445763
1271,3.6151985689445763
1272,3.6151985689445763
1273,3.6151985689445763
1274,3.6151985689445763
1275,3.6151985689445763
1276,3.6151985689445763
1277,3.6151985689445763
1278,3.6151985689445763
1279,3.6151985689445763
1280,3.6151985689445763
1281,3.6151985689445763
1282,3.6151985689445763
1283,3.6151985689445763
1284,3.6151985689445763
1285,3.6151985689445763
1286,3.6151985689445763
1287,3.6151985689445763
1288,3.6151985689445763
1289,3.6151985689445763
1290,3.6151985689445763
1291,3.6151985689445763
1292,3.6151985689445763
1293,3.6151985689445763
1294,3.6151985689445763
1295,3.6151985689445763
1296,3.6151985689445763
1297,3.6151985689445763
1298,3.6151985689445763
1299,3.6151985689445763
1300,3.6151985689445763
1301,3.6151985689445763
1302,3.6151985689445763
1303,3.6151985689445763
1304,3.6151985689445763
1305,3.6151985689445763
1306,3.6151985689445763
1307,3.6151985689445763
1308,3.6151985689445763
1309,3.6151985689445763
1310,3.6151985689445763
1311,3.6151985689445763
1312,3.6151985689445763
1313,3.6151985689445763
1314,3.6151985689445763
1315,3.6151985689445763
1316,3.6151985689445763
1317,3.6151985689445763
1318,3.6151985689445763
1319,3.6151985689445763
1320,3.6151985689445763
1321,3.6151985689445763
1322,3.6151985689445763
1323,3.6151985689445763
1324,3.6151985689445763
1325,3.6151985689445763
1326,3.6151985689445763
1327,3.6151985689445763
1328,3.6151985689445763
1329,3.6151985689445763
1330,3.6151985689445763
1331,3.6151985689445763
1332,3.6151985689445763
1333,3.6151985689445763
1334,3.6151985689445763
1335,3.6151985689445763
1336,3.6151985689445763
1337,3.6151985689445763
1338,3.6151985689445763
1339,3.6151985689445763
1340,3.6151985689445763
1341,3.6151985689445763
1342,3.6151985689445763
1343,3.6151985689445763
1344,3.6151985689445763
1345,3.6151985689445763
1346,3.6151985689445763
1347,3.6151985689445763
1348,3.6151985689445763
1349,3.6151985689445763
1350,3.6151985689445763
1351,3.6151985689445763
1352,3.6151985689445763
1353,3.6151985689445763
1354,3.6151985689445763
1355,3.6151985689445763
1356,3.6151985689445763
1357,3.6151985689445763
1358,3.6151985689445763
1359,3.6151985689445763
1360,3.6151985689445763
1361,3.6151985689445763
1362,3.6151985689445763
1363,3.6151985689445763
1364,3.6151985689445763
1365,3.6151985689445763
1366,3.6151985689445763
1367,3.6151985689445763
1368,3.6151985689445763
1369,3.6151985689445763
1370,3.6151985689445763
1371,3.6151985689445763
1372,3.6151985689445763
1373,3.6151985689445763
1374,3.6151985689445763
1375,3.6151985689445763
1376,3.6151985689445763
1377,3.6151985689445763
1378,3.6151985689445763
1379,3.6151985689445763
1380,3.6151985689445763
1381,3.6151985689445763
1382,3.6151985689445763
1383,3.6151985689445763
1384,3.6151985689445763
1385,3.6151985689445763
1386,3.6151985689445763
1387,3.6151985689445763
1388,3.6151985689445763
1389,3.6151985689445763
1390,3.6151985689445763
1391,3.6151985689445763
1392,3.6151985689445763
1393,3.6151985689445763
1394,3.6151985689445763
1395,3.6151985689445763
1396,3.6151985689445763
1397,3.6151985689445763
1398,3.6151985689445763
1399,3.6151985689445763
1400,3.6151985689445763
1401,3.6151985689445763
1402,3.6151985689445763
1403,3.6151985689445763
1404,3.6151985689445763
1405,3.6151985689445763
1406,3.6151985689445763
1407,3.6151985689445763
1408,3.6151985689445763
1409,3.6151985689445763
1410,3.6151985689445763
1411,3.6151985689445763
1412,3.6151985689445763
1413,3.6151985689445763
1414,3.6151985689445763
1415,3.6151985689445763
1416,3.6151985689445763
1417,3.6151985689445763
1418,3.6151985689445763
1419,3.6151985689445763
1420,3.6151985689445763
1421,3.6151985689445763
1422,3.6151985689445763
1423,3.6151985689445763
1424,3.6151985689445763
1425,3.6151985689445763
1426,3.6151985689445763
1427,3.6151985689445763
1428,3.6151985689445763
1429,3.6151985689445763
1430,3.6151985689445763
1431,3.6151985689445763
1432,3.6151985689445763
1433,3.6151985689445763
1434,3.6151985689445763
1435,3.6151985689445763
1436,3.6151985689445763
1437,3.6151985689445763
1438,3.6151985689445763
1439,3.6151985689445763
1440,3.6151985689445763
1441,3.6151985689445763
1442,3.6151985689445763
1443,3.6151985689445763
1444,3.6151985689445763
1445,3.6151985689445763
1446,3.6151985689445763
1447,3.6151985689445763
1448,3.6151985689445763
1449,3.6151985689445763
1450,3.6151985689445763
1451,3.6151985689445763
1452,3.6151985689445763
1453,3.6151985689445763
1454,3.6151985689445763
1455,3.6151985689445763
1456,3.6151985689445763
1457,3.6151985689445763
1458,3.6151985689445763
1459,3.6151985689445763
1460,3.6151985689445763
1461,3.6151985689445763
1462,3.6151985689445763
1463,3.6151985689445763
1464,3.6151985689445763
1465,3.6151985689445763
1466,3.6151985689445763
1467,3.6151985689445763
1468,3.6151985689445763
1469,3.6151985689445763
1470,3.6151985689445763
1471,3.6151985689445763
1472,3.6151985689445763
1473,3.6151985689445763
1474,3.6151985689445763
1475,3.6151985689445763
1476,3.6151985689445763
1477,3.6151985689445763
1478,3.6151985689445763
1479,3.6151985689445763
1480,3.6151985689445763
1481,3.6151985689445763
1482,3.6151985689445763
1483,3.6151985689445763
1484,3.6151985689445763
1485,3.6151985689445763
1486,3.6151985689445763
1487,3.6151985689445763
1488,3.6151985689445763
1489,3.6151985689445763
1490,3.6151985689445763
1491,3.6151985689445763
1492,3.6151985689445763
1493,3.6151985689445763
1494,3.6151985689445763
1495,3.6151985689445763
1496,3.6151985689445763
1497,3.6151985689445763
1498,3.6151985689445763
1499,3.6151985689445763
1500,3.6151985689445763
1501,3.6151985689445763
1502,3.6151985689445763
1503,3.6151985689445763
1504,3.6151985689445763
1505,3.6151985689445763
1506,3.6151985689445763
1507,3.6151985689445763
1508,3.6151985689445763
1509,3.6151985689445763
1510,3.6151985689445763
1511,3.6151985689445763
1512,3.6151985689445763
1513,3.6151985689445763
1514,3.6151985689445763
1515,3.6151985689445763
1516,3.6151985689445763
1517,3.6151985689445763
1518,3.6151985689445763
1519,3.6151985689445763
1520,3.6151985689445763
1521,3.6151985689445763
1522,3.6151985689445763
1523,3.6151985689445763
1524,3.6151985689445763
1525,3.6151985689445763
1526,3.6151985689445763
1527,3.6151985689445763
1528,3.6151985689445763
1529,3.6151985689445763
1530,3.6151985689445763
1531,3.6151985689445763
1532,3.6151985689445763
1533,3.6151985689445763
1534,3.6151985689445763
1535,3.6151985689445763
1536,3.6151985689445763
1537,3.6151985689445763
1538,3.6151985689445763
1539,3.6151985689445763
1540,3.6151985689445763
1541,3.6151985689445763
1542,3.6151985689445763
1543,3.6151985689445763
1544,3.6151985689445763
1545,3.6151985689445763
1546,3.6151985689445763
1547,3.6151985689445763
1548,3.6151985689445763
1549,3.6151985689445763
1550,3.6151985689445763
1551,3.6151985689445763
1552,3.6151985689445763
1553,3.6151985689445763
1554,3.6151985689445763
1555,3.6151985689445763
1556,3.6151985689445763
1557,3.6151985689445763
1558,3.6151985689445763
1559,3.6151985689445763
1560,3.6151985689445763
1561,3.6151985689445763
1562,3.6151985689445763
1563,3.6151985689445763
1564,3.6151985689445763
1565,3.6151985689445763
1566,3.6151985689445763
1567,3.6151985689445763
1568,3.6151985689445763
1569,3.6151985689445763
1570,3.6151985689445763
1571,3.6151985689445763
1572,3.6151985689445763
1573,3.6151985689445763
1574,3.6151985689445763
1575,3.6151985689445763
1576,3.6151985689445763
1577,3.6151985689445763
1578,3.6151985689445763
1579,3.6151985689445763
1580,3.6151985689445763
1581,3.6151985689445763
1582,3.6151985689445763
1583,3.6151985689445763
1584,3.6151985689445763
1585,3.6151985689445763
1586,3.6151985689445763
1587,3.6151985689445763
1588,3.6151985689445763
1589,3.6151985689445763
1590,3.6151985689445763
1591,3.6151985689445763
1592,3.6151985689445763
1593,3.6151985689445763
1594,3.6151985689445763
1595,3.6151985689445763
1596,3.6151985689445763
1597,3.6151985689445763
1598,3.6151985689445763
1599,3.6151985689445763
1600,3.6151985689445763
1601,3.6151985689445763
1602,3.6151985689445763
1603,3.6151985689445763
1604,3.6151985689445763
1605,3.6151985689445763
1606,3.6151985689445763
1607,3.6151985689445763
1608,3.6151985689445763
1609,3.6151985689445763
1610,3.6151985689445763
1611,3.6151985689445763
1612,3.6151985689445763
1613,3.6151985689445763
1614,3.6151985689445763
1615,3.6151985689445763
1616,3.6151985689445763
1617,3.6151985689445763
1618,3.6151985689445763
1619,3.6151985689445763
1620,3.6151985689445763
1621,3.6151985689445763
1622,3.6151985689445763
1623,3.6151985689445763
1624,3.6151985689445763
1625,3.6151985689445763
1626,3.6151985689445763
1627,3.6151985689445763
1628,3.6151985689445763
1629,3.6151985689445763
1630,3.6151985689445763
1631,3.6151985689445763
1632,3.6151985689445763
1633,3.6151985689445763
1634,3.6151985689445763
1635,3.6151985689445763
1636,3.6151985689445763
1637,3.6151985689445763
1638,3.6151985689445763
1639,3.6151985689445763
1640,3.6151985689445763
1641,3.6151985689445763
1642,3.6151985689445763
1643,3.6151985689445763
1644,3.6151985689445763
1645,3.6151985689445763
1646,3.6151985689445763
1647,3.6151985689445763
1648,3.6151985689445763
1649,3.6151985689445763
1650,3.6151985689445763
1651,3.6151985689445763
1652,3.6151985689445763
1653,3.6151985689445763
1654,3.6151985689445763
1655,3.6151985689445763
1656,3.6151985689445763
1657,3.6151985689445763
1658,3.6151985689445763
1659,3.6151985689445763
1660,3.6151985689445763
1661,3.6151985689445763
1662,3.6151985689445763
1663,3.6151985689445763
1664,3.6151985689445763
1665,3.6151985689445763
1666,3.6151985689445763
1667,3.6151985689445763
1668,3.6151985689445763
1669,3.6151985689445763
1670,3.6151985689445763
1671,3.6151985689445763
1672,3.6151985689445763
1673,3.6151985689445763
1674,3.6151985689445763
1675,3.6151985689445763
1676,3.6151985689445763
1677,3.6151985689445763
1678,3.6151985689445763
1679,3.6151985689445763
1680,3.6151985689445763
1681,3.6151985689445763
1682,3.6151985689445763
1683,3.6151985689445763
1684,3.6151985689445763
1685,3.6151985689445763
1686,3.6151985689445763
1687,3.6151985689445763
1688,3.6151985689445763
1689,3.6151985689445763
1690,3.6151985689445763
1691,3.6151985689445763
1692,3.6151985689445763
1693,3.6151985689445763
1694,3.6151985689445763
1695,3.6151985689445763
1696,3.6151985689445763
1697,3.6151985689445763
1698,3.6151985689445763
1699,3.6151985689445763
1700,3.6151985689445763
1701,3.6151985689445763
1702,3.6151985689445763
1703,3.6151985689445763
1704,3.6151985689445763
1705,3.6151985689445763
1706,3.6151985689445763
1707,3.6151985689445763
1708,3.6151985689445763
1709,3.6151985689445763
1710,3.6151985689445763
1711,3.6151985689445763
1712,3.6151985689445763
1713,3.6151985689445763
1714,3.6151985689445763
1715,3.6151985689445763
1716,3.6151985689445763
1717,3.6151985689445763
1718,3.6151985689445763
1719,3.6151985689445763
1720,3.6151985689445763
1721,3.6151985689445763
1722,3.6151985689445763
1723,3.6151985689445763
1724,3.6151985689445763
1725,3.6151985689445763
1726,3.6151985689445763
1727,3.6151985689445763
1728,3.6151985689445763
1729,3.6151985689445763
1730,3.6151985689445763
1731,3.6151985689445763
1732,3.6151985689445763
1733,3.6151985689445763
1734,3.6151985689445763
1735,3.6151985689445763
1736,3.6151985689445763
1737,3.6151985689445763
1738,3.6151985689445763
1739,3.6151985689445763
1740,3.6151985689445763
1741,3.6151985689445763
1742,3.6151985689445763
1743,3.6151985689445763
1744,3.6151985689445763
1745,3.6151985689445763
1746,3.6151985689445763
1747,3.6151985689445763
1748,3.6151985689445763
1749,3.6151985689445763
1750,3.6151985689445763
1751,3.6151985689445763
1752,3.6151985689445763
1753,3.6151985689445763
1754,3.6151985689445763
1755,3.6151985689445763
1756,3.6151985689445763
1757,3.6151985689445763
1758,3.6151985689445763
1759,3.6151985689445763
1760,3.6151985689445763
1761,3.6151985689445763
1762,3.6151985689445763
1763,3.6151985689445763
1764,3.6151985689445763
1765,3.6151985689445763
1766,3.6151985689445763
1767,3.6151985689445763
1768,3.6151985689445763
1769,3.6151985689445763
1770,3.6151985689445763
1771,3.6151985689445763
1772,3.6151985689445763
1773,3.6151985689445763
1774,3.6151985689445763
1775,3.6151985689445763
1776,3.6151985689445763
1777,3.6151985689445763
1778,3.6151985689445763
1779,3.6151985689445763
1780,3.6151985689445763
1781,3.6151985689445763
1782,3.6151985689445763
1783,3.6151985689445763
1784,3.6151985689445763
1785,3.6151985689445763
1786,3.6151985689445763
1787,3.6151985689445763
1788,3.6151985689445763
1789,3.6151985689445763
1790,3.6151985689445763
1791,3.6151985689445763
1792,3.6151985689445763
1793,3.6151985689445763
1794,3.6151985689445763
1795,3.6151985689445763
1796,3.6151985689445763
1797,3.6151985689445763
1798,3.6151985689445763
1799,3.6151985689445763
1800,3.6151985689445763
1801,3.6151985689445763
1802,3.6151985689445763
1803,3.6151985689445763
1804,3.6151985689445763
1805,3.6151985689445763
1806,3.6151985689445763
1807,3.6151985689445763
1808,3.6151985689445763
1809,3.6151985689445763
1810,3.6151985689445763
1811,3.6151985689445763
1812,3.6151985689445763
1813,3.6151985689445763
1814,3.6151985689445763
1815,3.6151985689445763
1816,3.6151985689445763
1817,3.6151985689445763
1818,3.6151985689445763
1819,3.6151985689445763
1820,3.6151985689445763
1821,3.6151985689445763
1822,3.6151985689445763
1823,3.6151985689445763
1824,3.6151985689445763
1825,3.6151985689445763
1826,3.6151985689445763
1827,3.6151985689445763
1828,3.6151985689445763
1829,3.6151985689445763
1830,3.6151985689445763
1831,3.6151985689445763
1832,3.6151985689445763
1833,3.6151985689445763
1834,3.6151985689445763
1835,3.6151985689445763
1836,3.6151985689445763
1837,3.6151985689445763
1838,3.6151985689445763
1839,3.6151985689445763
1840,3.6151985689445763
1841,3.6151985689445763
1842,3.6151985689445763
1843,3.6151985689445763
1844,3.6151985689445763
1845,3.6151985689445763
1846,3.6151985689445763
1847,3.6151985689445763
1848,3.6151985689445763
1849,3.6151985689445763
1850,3.6151985689445763
1851,3.6151985689445763
1852,3.6151985689445763
1853,3.6151985689445763
1854,3.6151985689445763
1855,3.6151985689445763
1856,3.6151985689445763
1857,3.6151985689445763
1858,3.6151985689445763
1859,3.6151985689445763
1860,3.6151985689445763
1861,3.6151985689445763
1862,3.6151985689445763
1863,3.6151985689445763
1864,3.6151985689445763
1865,3.6151985689445763
1866,3.6151985689445763
1867,3.6151985689445763
1868,3.6151985689445763
1869,3.6151985689445763
1870,3.6151985689445763
1871,3.6151985689445763
1872,3.6151985689445763
1873,3.6151985689445763
1874,3.6151985689445763
1875,3.6151985689445763
1876,3.6151985689445763
1877,3.6151985689445763
1878,3.6151985689445763
1879,3.6151985689445763
1880,3.6151985689445763
1881,3.6151985689445763
1882,3.6151985689445763
1883,3.6151985689445763
1884,3.6151985689445763
1885,3.6151985689445763
1886,3.6151985689445763
1887,3.6151985689445763
1888,3.6151985689445763
1889,3.6151985689445763
1890,3.6151985689445763
1891,3.6151985689445763
1892,3.6151985689445763
1893,3.6151985689445763
1894,3.6151985689445763
1895,3.6151985689445763
1896,3.6151985689445763
1897,3.6151985689445763
1898,3.6151985689445763
1899,3.6151985689445763
1900,3.6151985689445763
1901,3.6151985689445763
1902,3.6151985689445763
1903,3.6151985689445763
1904,3.6151985689445763
1905,3.6151985689445763
1906,3.6151985689445763
1907,3.6151985689445763
1908,3.6151985689445763
1909,3.6151985689445763
1910,3.6151985689445763
1911,3.6151985689445763
1912,3.6151985689445763
1913,3.6151985689445763
1914,3.6151985689445763
1915,3.6151985689445763
1916,3.6151985689445763
1917,3.6151985689445763
1918,3.6151985689445763
1919,3.6151985689445763
1920,3.6151985689445763
1921,3.6151985689445763
1922,3.6151985689445763
1923,3.6151985689445763
1924,3.6151985689445763
1925,3.6151985689445763
1926,3.6151985689445763
1927,3.6151985689445763
1928,3.6151985689445763
1929,3.6151985689445763
1930,3.6151985689445763
1931,3.6151985689445763
1932,3.6151985689445763
1933,3.6151985689445763
1934,3.6151985689445763
1935,3.6151985689445763
1936,3.6151985689445763
1937,3.6151985689445763
1938,3.6151985689445763
1939,3.6151985689445763
1940,3.6151985689445763
1941,3.6151985689445763
1942,3.6151985689445763
1943,3.6151985689445763
1944,3.6151985689445763
1945,3.6151985689445763
1946,3.6151985689445763
1947,3.6151985689445763
1948,3.6151985689445763
1949,3.6151985689445763
1950,3.6151985689445763
1951,3.6151985689445763
1952,3.6151985689445763
1953,3.6151985689445763
1954,3.6151985689445763
1955,3.6151985689445763
1956,3.6151985689445763
1957,3.6151985689445763
1958,3.6151985689445763
1959,3.6151985689445763
1960,3.6151985689445763
1961,3.6151985689445763
1962,3.6151985689445763
1963,3.6151985689445763
1964,3.6151985689445763
1965,3.6151985689445763
1966,3.6151985689445763
1967,3.6151985689445763
1968,3.6151985689445763
1969,3.6151985689445763
1970,3.6151985689445763
1971,3.6151985689445763
1972,3.6151985689445763
1973,3.6151985689445763
1974,3.6151985689445763
1975,3.6151985689445763
1976,3.6151985689445763
1977,3.6151985689445763
1978,3.6151985689445763
1979,3.6151985689445763
1980,3.6151985689445763
1981,3.6151985689445763
1982,3.6151985689445763
1983,3.6151985689445763
1984,3.6151985689445763
1985,3.6151985689445763
1986,3.6151985689445763
1987,3.6151985689445763
1988,3.6151985689445763
1989,3.6151985689445763
1990,3.6151985689445763
1991,3.6151985689445763
1992,3.6151985689445763
1993,3.6151985689445763
1994,3.6151985689445763
1995,3.6151985689445763
1996,3.6151985689445763
1997,3.6151985689445763
1998,3.6151985689445763
1999,3.6151985689445763
2000,3.6151985689445763
2001,3.6151985689445763
2002,3.6151985689445763
2003,3.6151985689445763
2004,3.6151985689445763
2005,3.6151985689445763
2006,3.6151985689445763
2007,3.6151985689445763
2008,3.6151985689445763
2009,3.6151985689445763
2010,3.6151985689445763
2011,3.6151985689445763
2012,3.6151985689445763
2013,3.6151985689445763
2014,3.6151985689445763
2015,3.6151985689445763
2016,3.6151985689445763
2017,3.6151985689445763
2018,3.6151985689445763
2019,3.6151985689445763
2020,3.6151985689445763
2021,3.6151985689445763
2022,3.6151985689445763
2023,3.6151985689445763
2024,3.6151985689445763
2025,3.6151985689445763
2026,3.6151985689445763
2027,3.6151985689445763
2028,3.6151985689445763
2029,3.6151985689445763
2030,3.6151985689445763
2031,3.6151985689445763
2032,3.6151985689445763
2033,3.6151985689445763
2034,3.6151985689445763
2035,3.6151985689445763
2036,3.6151985689445763
2037,3.6151985689445763
2038,3.6151985689445763
2039,3.6151985689445763
2040,3.6151985689445763
2041,3.6151985689445763
2042,3.6151985689445763
2043,3.6151985689445763
2044,3.6151985689445763
2045,3.6151985689445763
2046,3.6151985689445763
2047,3.6151985689445763
2048,3.6151985689445763
2049,3.6151985689445763
2050,3.6151985689445763
2051,3.6151985689445763
2052,3.6151985689445763
2053,3.6151985689445763
2054,3.6151985689445763
2055,3.6151985689445763
2056,3.6151985689445763
2057,3.6151985689445763
2058,3.6151985689445763
2059,3.6151985689445763
2060,3.6151985689445763
2061,3.6151985689445763
2062,3.6151985689445763
2063,3.6151985689445763
2064,3.6151985689445763
2065,3.6151985689445763
2066,3.6151985689445763
2067,3.6151985689445763
2068,3.6151985689445763
2069,3.6151985689445763
2070,3.6151985689445763
2071,3.6151985689445763
2072,3.6151985689445763
2073,3.6151985689445763
2074,3.6151985689445763
2075,3.6151985689445763
2076,3.6151985689445763
2077,3.6151985689445763
2078,3.6151985689445763
2079,3.6151985689445763
2080,3.6151985689445763
2081,3.6151985689445763
2082,3.6151985689445763
2083,3.6151985689445763
2084,3.6151985689445763
2085,3.6151985689445763
2086,3.6151985689445763
2087,3.6151985689445763
2088,3.6151985689445763
2089,3.6151985689445763
2090,3.6151985689445763
2091,3.6151985689445763
2092,3.6151985689445763
2093,3.6151985689445763
2094,3.6151985689445763
2095,3.6151985689445763
2096,3.6151985689445763
2097,3.6151985689445763
2098,3.6151985689445763
2099,3.6151985689445763
2100,3.6151985689445763
2101,3.6151985689445763
2102,3.6151985689445763
2103,3.6151985689445763
2104,3.6151985689445763
2105,3.6151985689445763
2106,3.6151985689445763
2107,3.6151985689445763
2108,3.6151985689445763
2109,3.6151985689445763
2110,3.6151985689445763
2111,3.6151985689445763
2112,3.6151985689445763
2113,3.6151985689445763
2114,3.6151985689445763
2115,3.6151985689445763
2116,3.6151985689445763
2117,3.6151985689445763
2118,3.6151985689445763
2119,3.6151985689445763
2120,3.6151985689445763
2121,3.6151985689445763
2122,3.6151985689445763
2123,3.6151985689445763
2124,3.6151985689445763
2125,3.6151985689445763
2126,3.6151985689445763
2127,3.6151985689445763
2128,3.6151985689445763
2129,3.6151985689445763
2130,3.6151985689445763
2131,3.6151985689445763
2132,3.6151985689445763
2133,3.6151985689445763
2134,3.6151985689445763
2135,3.6151985689445763
2136,3.6151985689445763
2137,3.6151985689445763
2138,3.6151985689445763
2139,3.6151985689445763
2140,3.6151985689445763
2141,3.6151985689445763
2142,3.6151985689445763
2143,3.6151985689445763
2144,3.6151985689445763
2145,3.6151985689445763
2146,3.6151985689445763
2147,3.6151985689445763
2148,3.6151985689445763
2149,3.6151985689445763
2150,3.6151985689445763
2151,3.6151985689445763
2152,3.4509812350820948
2153,3.4509812350820948
2154,3.4509812350820948
2155,3.4509812350820948
2156,3.4509812350820948
2157,3.4509812350820948
2158,3.4509812350820948
2159,3.4509812350820948
2160,3.4509812350820948
2161,3.4509812350820948
2162,3.4509812350820948
2163,3.4509812350820948
2164,3.4509812350820948
2165,3.4509812350820948
2166,3.4509812350820948
2167,3.4509812350820948
2168,3.4509812350820948
2169,3.4509812350820948
2170,3.4509812350820948
2171,3.4509812350820948
2172,3.4509812350820948
2173,3.4509812350820948
2174,3.4509812350820948
2175,3.4509812350820948
2176,3.4509812350820948
2177,3.4509812350820948
2178,3.4509812350820948
2179,3.4509812350820948
2180,3.4509812350820948
2181,3.4509812350820948
2182,3.4509812350820948
2183,3.4509812350820948
2184,3.4509812350820948
2185,3.4509812350820948
2186,3.4509812350820948
2187,3.4509812350820948
2188,3.4509812350820948
2189,3.4509812350820948
2190,3.4509812350820948
2191,3.4509812350820948
2192,3.4509812350820948
2193,3.4509812350820948
2194,3.4509812350820948
2195,3.4509812350820948
2196,3.4509812350820948
2197,3.4509812350820948
2198,3.4509812350820948
2199,3.4509812350820948
2200,3.4509812350820948
2201,3.4509812350820948
2202,3.4509812350820948
2203,3.4509812350820948
2204,3.4509812350820948
2205,3.4509812350820948
2206,3.4509812350820948
2207,3.4509812350820948
2208,3.4509812350820948
2209,3.4509812350820948
2210,3.4509812350820948
2211,3.4509812350820948
2212,3.4509812350820948
2213,3.4509812350820948
2214,3.4509812350820948
2215,3.4509812350820948
2216,3.4509812350820948
2217,3.4509812350820948
2218,3.4509812350820948
2219,3.4509812350820948
2220,3.4509812350820948
2221,3.4509812350820948
2222,3.4509812350820948
2223,3.4509812350820948
2224,3.4509812350820948
2225,3.4509812350820948
2226,3.4509812350820948
2227,3.4509812350820948
2228,3.4509812350820948
2229,3.4509812350820948
2230,3.4509812350820948
2231,3.4509812350820948
2232,3.4509812350820948
2233,3.4509812350820948
2234,3.4509812350820948
2235,3.4509812350820948
2236,3.4509812350820948
2237,3.4509812350820948
2238,3.4509812350820948
2239,3.4509812350820948
2240,3.4509812350820948
2241,3.4509812350820948
2242,3.4509812350820948
2243,3.4509812350820948
2244,3.4509812350820948
2245,3.4509812350820948
2246,3.4509812350820948
2247,3.4509812350820948
2248,3.4509812350820948
2249,3.4509812350820948
2250,3.4509812350820948
2251,3.4509812350820948
2252,3.4509812350820948
2253,3.4509812350820948
2254,3.4509812350820948
2255,3.4509812350820948
2256,3.4509812350820948
2257,3.4509812350820948
2258,3.4509812350820948
2259,3.4509812350820948
2260,3.4509812350820948
2261,3.4509812350820948
2262,3.4509812350820948
2263,3.4509812350820948
2264,3.4509812350820948
2265,3.4509812350820948
2266,3.4509812350820948
2267,3.4509812350820948
2268,3.4509812350820948
2269,3.4509812350820948
2270,3.4509812350820948
2271,3.4509812350820948
2272,3.4509812350820948
2273,3.4509812350820948
2274,3.4509812350820948
2275,3.4509812350820948
2276,3.4509812350820948
2277,3.4509812350820948
2278,3.4509812350820948
2279,3.4509812350820948
2280,3.4509812350820948
2281,3.4509812350820948
2282,3.4509812350820948
2283,3.4509812350820948
2284,3.4509812350820948
2285,3.4509812350820948
2286,3.4509812350820948
2287,3.4509812350820948
2288,3.4509812350820948
2289,3.4509812350820948
2290,3.4509812350820948
2291,3.4509812350820948
2292,3.4509812350820948
2293,3.4509812350820948
2294,3.4509812350820948
2295,3.4509812350820948
2296,3.4509812350820948
2297,3.4509812350820948
2298,3.4509812350820948
2299,3.4509812350820948
2300,3.4509812350820948
2301,3.4509812350820948
2302,3.4509812350820948
2303,3.4509812350820948
2304,3.4509812350820948
2305,3.4509812350820948
2306,3.4509812350820948
2307,3.4509812350820948
2308,3.4509812350820948
2309,3.4509812350820948
2310,3.4509812350820948
2311,3.4509812350820948
2312,3.4509812350820948
2313,3.4509812350820948
2314,3.4509812350820948
2315,3.4509812350820948
2316,3.4509812350820948
2317,3.4509812350820948
2318,3.4509812350820948
2319,3.4509812350820948
2320,3.4509812350820948
2321,3.4509812350820948
2322,3.4509812350820948
2323,3.4509812350820948
2324,3.4509812350820948
2325,3.4509812350820948
2326,3.4509812350820948
2327,3.4509812350820948
2328,3.4509812350820948
2329,3.4509812350820948
2330,3.4509812350820948
2331,3.4509812350820948
2332,3.4509812350820948
2333,3.4509812350820948
2334,3.4509812350820948
2335,3.4509812350820948
2336,3.4509812350820948
2337,3.4509812350820948
2338,3.4509812350820948
2339,3.4509812350820948
2340,3.4509812350820948
2341,3.4509812350820948
2342,3.4509812350820948
2343,3.4509812350820948
2344,3.4509812350820948
2345,3.4509812350820948
2346,3.4509812350820948
2347,3.4509812350820948
2348,3.4509812350820948
2349,3.4509812350820948
2350,3.4509812350820948
2351,3.4509812350820948
2352,3.4509812350820948
2353,3.4509812350820948
2354,3.4509812350820948
2355,3.4509812350820948
2356,3.4509812350820948
2357,3.4509812350820948
2358,3.4509812350820948
2359,3.4509812350820948
2360,3.4509812350820948
2361,3.4509812350820948
2362,3.4509812350820948
2363,3.4509812350820948
2364,3.4509812350820948
2365,3.4509812350820948
2366,3.4509812350820948
2367,3.4509812350820948
2368,3.4509812350820948
2369,3.4509812350820948
2370,3.4509812350820948
2371,3.4509812350820948
2372,3.4509812350820948
2373,3.4509812350820948
2374,3.4509812350820948
2375,3.4509812350820948
2376,3.4509812350820948
2377,3.4509812350820948
2378,3.4509812350820948
2379,3.4509812350820948
2380,3.4509812350820948
2381,3.4509812350820948
2382,3.4509812350820948
2383,3.4509812350820948
2384,3.4509812350820948
2385,3.4509812350820948
2386,3.4509812350820948
2387,3.4509812350820948
2388,3.4509812350820948
2389,3.4509812350820948
2390,3.4509812350820948
2391,3.4509812350820948
2392,3.4509812350820948
2393,3.4509812350820948
2394,3.4509812350820948
2395,3.4509812350820948
2396,3.4509812350820948
2397,3.4509812350820948
2398,3.4509812350820948
2399,3.4509812350820948
2400,3.4509812350820948
2401,3.4509812350820948
2402,3.4509812350820948
2403,3.4509812350820948
2404,3.4509812350820948
2405,3.4509812350820948
2406,3.4509812350820948
2407,3.4509812350820948
2408,3.4509812350820948
2409,3.4509812350820948
2410,3.4509812350820948
2411,3.4509812350820948
2412,3.4509812350820948
2413,3.4509812350820948
2414,3.4509812350820948
2415,3.4509812350820948
2416,3.4509812350820948
2417,3.4509812350820948
2418,3.4509812350820948
2419,3.4509812350820948
2420,3.4509812350820948
2421,3.4509812350820948
2422,3.4509812350820948
2423,3.4509812350820948
2424,3.4509812350820948
2425,3.4509812350820948
2426,3.4509812350820948
2427,3.4509812350820948
2428,3.4509812350820948
2429,3.4509812350820948
2430,3.4509812350820948
2431,3.4509812350820948
2432,3.4509812350820948
2433,3.4509812350820948
2434,3.4509812350820948
2435,3.4509812350820948
2436,3.4509812350820948
2437,3.4509812350820948
2438,3.4509812350820948
2439,3.4509812350820948
2440,3.4509812350820948
2441,3.4509812350820948
2442,3.4509812350820948
2443,3.4509812350820948
2444,3.4509812350820948
2445,3.4509812350820948
2446,3.4509812350820948
2447,3.4509812350820948
2448,3.4509812350820948
2449,3.4509812350820948
2450,3.4509812350820948
2451,3.4509812350820948
2452,3.4509812350820948
2453,3.4509812350820948
2454,3.4509812350820948
2455,3.4509812350820948
2456,3.4509812350820948
2457,3.4509812350820948
2458,3.4509812350820948
2459,3.4509812350820948
2460,3.4509812350820948
2461,3.4509812350820948
2462,3.4509812350820948
2463,3.4509812350820948
2464,3.4509812350820948
2465,3.4509812350820948
2466,3.4509812350820948
2467,3.4509812350820948
2468,3.4509812350820948
2469,3.4509812350820948
2470,3.4509812350820948
2471,3.4509812350820948
2472,3.4509812350820948
2473,3.4509812350820948
2474,3.4509812350820948
2475,3.4509812350820948
2476,3.4509812350820948
2477,3.4509812350820948
2478,3.4509812350820948
2479,3.4509812350820948
2480,3.4509812350820948
2481,3.4509812350820948
2482,3.4509812350820948
2483,3.4509812350820948
2484,3.4509812350820948
2485,3.4509812350820948
2486,3.4509812350820948
2487,3.4509812350820948
2488,3.4509812350820948
2489,3.4509812350820948
2490,3.4509812350820948
2491,3.4509812350820948
2492,3.4509812350820948
2493,3.4509812350820948
2494,3.4509812350820948
2495,3.4509812350820948
2496,3.4509812350820948
2497,3.4509812350820948
2498,3.4509812350820948
2499,3.4509812350820948
2500,3.4509812350820948
2501,3.4509812350820948
2502,3.4509812350820948
2503,3.4509812350820948
2504,3.4509812350820948
2505,3.4509812350820948
2506,3.4509812350820948
2507,3.4509812350820948
2508,3.4509812350820948
2509,3.4509812350820948
2510,3.4509812350820948
2511,3.4509812350820948
2512,3.4509812350820948
2513,3.4509812350820948
2514,3.4509812350820948
2515,3.4509812350820948
2516,3.4509812350820948
2517,3.4509812350820948
2518,3.4509812350820948
2519,3.4509812350820948
2520,3.4509812350820948
2521,3.4509812350820948
2522,3.4509812350820948
2523,3.4509812350820948
2524,3.4509812350820948
2525,3.4509812350820948
2526,3.4509812350820948
2527,3.4509812350820948
2528,3.4509812350820948
2529,3.4509812350820948
2530,3.4509812350820948
2531,3.4509812350820948
2532,3.4509812350820948
2533,3.4509812350820948
2534,3.4509812350820948
2535,3.4509812350820948
2536,3.4509812350820948
2537,3.4509812350820948
2538,3.4509812350820948
2539,3.4509812350820948
2540,3.4509812350820948
2541,3.4509812350820948
2542,3.4509812350820948
2543,3.4509812350820948
2544,3.4509812350820948
2545,3.4509812350820948
2546,3.4509812350820948
2547,3.4509812350820948
2548,3.4509812350820948
2549,3.4509812350820948
2550,3.4509812350820948
2551,3.4509812350820948
2552,3.4509812350820948
2553,3.4509812350820948
2554,3.4509812350820948
2555,3.4509812350820948
2556,3.4509812350820948
2557,3.4509812350820948
2558,3.4509812350820948
2559,3.4509812350820948
2560,3.4509812350820948
2561,3.4509812350820948
2562,3.4509812350820948
2563,3.4509812350820948
2564,3.4509812350820948
2565,3.4509812350820948
2566,3.4509812350820948
2567,3.4509812350820948
2568,3.4509812350820948
2569,3.4509812350820948
2570,3.4509812350820948
2571,3.4509812350820948
2572,3.4509812350820948
2573,3.4509812350820948
2574,3.4509812350820948
2575,3.4509812350820948
2576,3.4509812350820948
2577,3.4509812350820948
2578,3.4509812350820948
2579,3.4509812350820948
2580,3.4509812350820948
2581,3.4509812350820948
2582,3.4509812350820948
2583,3.4509812350820948
2584,3.4509812350820948
2585,3.4509812350820948
2586,3.4509812350820948
2587,3.4509812350820948
2588,3.4509812350820948
2589,3.4509812350820948
2590,3.4509812350820948
2591,3.4509812350820948
2592,3.4509812350820948
2593,3.4509812350820948
2594,3.4509812350820948
2595,3.4509812350820948
2596,3.4509812350820948
2597,3.4509812350820948
2598,3.4509812350820948
2599,3.4509812350820948
2600,3.4509812350820948
2601,3.4509812350820948
2602,3.4509812350820948
2603,3.4509812350820948
2604,3.4509812350820948
2605,3.4509812350820948
2606,3.4509812350820948
2607,3.4509812350820948
2608,3.4509812350820948
2609,3.4509812350820948
2610,3.4509812350820948
2611,3.4509812350820948
2612,3.4509812350820948
2613,3.4509812350820948
2614,3.4509812350820948
2615,3.4509812350820948
2616,3.4509812350820948
2617,3.4509812350820948
2618,3.4509812350820948
2619,3.4509812350820948
2620,3.4509812350820948
2621,3.4509812350820948
2622,3.4509812350820948
2623,3.4509812350820948
2624,3.4509812350820948
2625,3.4509812350820948
2626,3.4509812350820948
2627,3.4509812350820948
2628,3.4509812350820948
2629,3.4509812350820948
2630,3.4509812350820948
2631,3.4509812350820948
2632,3.4509812350820948
2633,3.4509812350820948
2634,3.4509812350820948
2635,3.4509812350820948
2636,3.4509812350820948
2637,3.4509812350820948
2638,3.4509812350820948
2639,3.4509812350820948
2640,3.4509812350820948
2641,3.4509812350820948
2642,3.4509812350820948
2643,3.4509812350820948
2644,3.4509812350820948
2645,3.4509812350820948
2646,3.4509812350820948
2647,3.4509812350820948
2648,3.4509812350820948
2649,3.4509812350820948
2650,3.4509812350820948
2651,3.4509812350820948
2652,3.4509812350820948
2653,3.4509812350820948
2654,3.4509812350820948
2655,3.4509812350820948
2656,3.4509812350820948
2657,3.4509812350820948
2658,3.4509812350820948
2659,3.4509812350820948
2660,3.4509812350820948
2661,3.4509812350820948
2662,3.4509812350820948
2663,3.4509812350820948
2664,3.4509812350820948
2665,3.4509812350820948
2666,3.4509812350820948
2667,3.4509812350820948
2668,3.4509812350820948
2669,3.4509812350820948
2670,3.4509812350820948
2671,3.4509812350820948
2672,3.4509812350820948
2673,3.4509812350820948
2674,3.4509812350820948
2675,3.4509812350820948
2676,3.4509812350820948
2677,3.4509812350820948
2678,3.4509812350820948
2679,3.4509812350820948
2680,3.4509812350820948
2681,3.4509812350820948
2682,3.4509812350820948
2683,3.4509812350820948
2684,3.4509812350820948
2685,3.4509812350820948
2686,3.4509812350820948
2687,3.4509812350820948
2688,3.4509812350820948
2689,3.4509812350820948
2690,3.4509812350820948
2691,3.4509812350820948
2692,3.4509812350820948
2693,3.4509812350820948
2694,3.4509812350820948
2695,3.4509812350820948
2696,3.4509812350820948
2697,3.4509812350820948
2698,3.4509812350820948
2699,3.4509812350820948
2700,3.4509812350820948
2701,3.4509812350820948
2702,3.4509812350820948
2703,3.4509812350820948
2704,3.4509812350820948
2705,3.4509812350820948
2706,3.4509812350820948
2707,3.4509812350820948
2708,3.4509812350820948
2709,3.4509812350820948
2710,3.4509812350820948
2711,3.4509812350820948
2712,3.4509812350820948
2713,3.4509812350820948
2714,3.4509812350820948
2715,3.4509812350820948
2716,3.4509812350820948
2717,3.4509812350820948
2718,3.4509812350820948
2719,3.4509812350820948
2720,3.4509812350820948
2721,3.4509812350820948
2722,3.4509812350820948
2723,3.4509812350820948
2724,3.4509812350820948
2725,3.4509812350820948
2726,3.4509812350820948
2727,3.4509812350820948
2728,3.4509812350820948
2729,3.4509812350820948
2730,3.4509812350820948
2731,3.4509812350820948
2732,3.4509812350820948
2733,3.4509812350820948
2734,3.4509812350820948
2735,3.4509812350820948
2736,3.4509812350820948
2737,3.4509812350820948
2738,3.4509812350820948
2739,3.4509812350820948
2740,3.4509812350820948
2741,3.4509812350820948
2742,3.4509812350820948
2743,3.4509812350820948
2744,3.4509812350820948
2745,3.4509812350820948
2746,3.4509812350820948
2747,3.4509812350820948
2748,3.4509812350820948
2749,3.4509812350820948
2750,3.4509812350820948
2751,3.4509812350820948
2752,3.4509812350820948
2753,3.4509812350820948
2754,3.4509812350820948
2755,3.4509812350820948
2756,3.4509812350820948
2757,3.4509812350820948
2758,3.4509812350820948
2759,3.4509812350820948
2760,3.4509812350820948
2761,3.4509812350820948
2762,3.4509812350820948
2763,3.4509812350820948
2764,3.4509812350820948
2765,3.4509812350820948
2766,3.4509812350820948
2767,3.4509812350820948
2768,3.4509812350820948
2769,3.4509812350820948
2770,3.4509812350820948
2771,3.4509812350820948
2772,3.4509812350820948
2773,3.4509812350820948
2774,3.4509812350820948
2775,3.4509812350820948
2776,3.4509812350820948
2777,3.4509812350820948
2778,3.4509812350820948
2779,3.4509812350820948
2780,3.4509812350820948
2781,3.4509812350820948
2782,3.4509812350820948
2783,3.4509812350820948
2784,3.4509812350820948
2785,3.4509812350820948
2786,3.4509812350820948
2787,3.4509812350820948
2788,3.4509812350820948
2789,3.4509812350820948
2790,3.4509812350820948
2791,3.4509812350820948
2792,3.4509812350820948
2793,3.4509812350820948
2794,3.4509812350820948
2795,3.4509812350820948
2796,3.4509812350820948
2797,3.4509812350820948
2798,3.4509812350820948
2799,3.4509812350820948
2800,3.4509812350820948
2801,3.4509812350820948
2802,3.4509812350820948
2803,3.4509812350820948
2804,3.4509812350820948
2805,3.4509812350820948
2806,3.4509812350820948
2807,3.4509812350820948
2808,3.4509812350820948
2809,3.4509812350820948
2810,3.4509812350820948
2811,3.4509812350820948
2812,3.4509812350820948
2813,3.4509812350820948
2814,3.4509812350820948
2815,3.4509812350820948
2816,3.4509812350820948
2817,3.4509812350820948
2818,3.4509812350820948
2819,3.4509812350820948
2820,3.4509812350820948
2821,3.4509812350820948
2822,3.4509812350820948
2823,3.4509812350820948
2824,3.4509812350820948
2825,3.4509812350820948
2826,3.4509812350820948
2827,3.4509812350820948
2828,3.4509812350820948
2829,3.4509812350820948
2830,3.4509812350820948
2831,3.4509812350820948
2832,3.4509812350820948
2833,3.4509812350820948
2834,3.4509812350820948
2835,3.4509812350820948
2836,3.4509812350820948
2837,3.4509812350820948
2838,3.4509812350820948
2839,3.4509812350820948
2840,3.4509812350820948
2841,3.4509812350820948
2842,3.4509812350820948
2843,3.355178479049765
2844,3.355178479049765
2845,3.355178479049765
2846,3.355178479049765
2847,3.355178479049765
2848,3.355178479049765
2849,3.355178479049765
2850,3.355178479049765
2851,3.355178479049765
2852,3.355178479049765
2853,3.355178479049765
2854,3.355178479049765
2855,3.355178479049765
2856,3.355178479049765
2857,3.355178479049765
2858,3.355178479049765
2859,3.355178479049765
2860,3.355178479049765
2861,3.355178479049765
2862,3.355178479049765
2863,3.355178479049765
2864,3.355178479049765
2865,3.355178479049765
2866,3.355178479049765
2867,3.355178479049765
2868,3.355178479049765
2869,3.355178479049765
2870,3.355178479049765
2871,3.355178479049765
2872,3.355178479049765
2873,3.355178479049765
2874,3.355178479049765
2875,3.355178479049765
2876,3.355178479049765
2877,3.355178479049765
2878,3.355178479049765
2879,3.355178479049765
2880,3.355178479049765
2881,3.355178479049765
2882,3.355178479049765
2883,3.355178479049765
2884,3.355178479049765
2885,3.355178479049765
2886,3.355178479049765
2887,3.355178479049765
2888,3.355178479049765
2889,3.355178479049765
2890,3.355178479049765
2891,3.355178479049765
2892,3.355178479049765
2893,3.355178479049765
2894,3.355178479049765
2895,3.355178479049765
2896,3.355178479049765
2897,3.355178479049765
2898,3.355178479049765
2899,3.355178479049765
2900,3.355178479049765
2901,3.355178479049765
2902,3.355178479049765
2903,3.355178479049765
2904,3.355178479049765
2905,3.355178479049765
2906,3.355178479049765
2907,3.355178479049765
2908,3.355178479049765
2909,3.355178479049765
2910,3.355178479049765
2911,3.355178479049765
2912,3.355178479049765
2913,3.355178479049765
2914,3.355178479049765
2915,3.355178479049765
2916,3.355178479049765
2917,3.355178479049765
2918,3.355178479049765
2919,3.355178479049765
2920,3.355178479049765
2921,3.355178479049765
2922,3.355178479049765
2923,3.355178479049765
2924,3.355178479049765
2925,3.355178479049765
2926,3.355178479049765
2927,3.355178479049765
2928,3.355178479049765
2929,3.355178479049765
2930,3.355178479049765
2931,3.355178479049765
2932,3.355178479049765
2933,3.355178479049765
2934,3.355178479049765
2935,3.355178479049765
2936,3.355178479049765
2937,3.355178479049765
2938,3.355178479049765
2939,3.355178479049765
2940,3.355178479049765
2941,3.355178479049765
2942,3.355178479049765
2943,3.355178479049765
2944,3.355178479049765
2945,3.355178479049765
2946,3.355178479049765
2947,3.355178479049765
2948,3.355178479049765
2949,3.355178479049765
2950,3.355178479049765
2951,3.355178479049765
2952,3.355178479049765
2953,3.355178479049765
2954,3.355178479049765
2955,3.355178479049765
2956,3.355178479049765
2957,3.355178479049765
2958,3.355178479049765
2959,3.355178479049765
2960,3.355178479049765
2961,3.355178479049765
2962,3.355178479049765
2963,3.355178479049765
2964,3.355178479049765
2965,3.355178479049765
2966,3.355178479049765
2967,3.355178479049765
2968,3.355178479049765
2969,3.355178479049765
2970,3.355178479049765
2971,3.355178479049765
2972,3.355178479049765
2973,3.355178479049765
2974,3.355178479049765
2975,3.355178479049765
2976,3.355178479049765
2977,3.355178479049765
2978,3.355178479049765
2979,3.355178479049765
2980,3.355178479049765
2981,3.355178479049765
2982,3.355178479049765
2983,3.355178479049765
2984,3.355178479049765
2985,3.355178479049765
2986,3.355178479049765
2987,3.355178479049765
2988,3.355178479049765
2989,3.355178479049765
2990,3.355178479049765
2991,3.355178479049765
2992,3.355178479049765
2993,3.355178479049765
2994,3.355178479049765
2995,3.355178479049765
2996,3.355178479049765
2997,3.355178479049765
2998,3.355178479049765
2999,3.355178479049765
3000,3.355178479049765
3001,3.355178479049765
3002,3.355178479049765
3003,3.355178479049765
3004,3.355178479049765
3005,3.355178479049765
3006,3.355178479049765
3007,3.355178479049765
3008,3.355178479049765
3009,3.355178479049765
3010,3.355178479049765
3011,3.355178479049765
3012,3.355178479049765
3013,3.355178479049765
3014,3.355178479049765
3015,3.355178479049765
3016,3.355178479049765
3017,3.355178479049765
3018,3.355178479049765
3019,3.355178479049765
3020,3.355178479049765
3021,3.355178479049765
3022,3.355178479049765
3023,3.355178479049765
3024,3.355178479049765
3025,3.355178479049765
3026,3.355178479049765
3027,3.355178479049765
3028,3.355178479049765
3029,3.355178479049765
3030,3.355178479049765
3031,3.355178479049765
3032,3.355178479049765
3033,3.355178479049765
3034,3.355178479049765
3035,3.355178479049765
3036,3.355178479049765
3037,3.355178479049765
3038,3.355178479049765
3039,3.355178479049765
3040,3.355178479049765
3041,3.355178479049765
3042,3.355178479049765
3043,3.355178479049765
3044,3.355178479049765
3045,3.355178479049765
3046,3.355178479049765
3047,3.355178479049765
3048,3.355178479049765
3049,3.355178479049765
3050,3.355178479049765
3051,3.355178479049765
3052,3.355178479049765
3053,3.355178479049765
3054,3.355178479049765
3055,3.355178479049765
3056,3.355178479049765
3057,3.355178479049765
3058,3.355178479049765
3059,3.355178479049765
3060,3.355178479049765
3061,3.355178479049765
3062,3.355178479049765
3063,3.355178479049765
3064,3.355178479049765
3065,3.355178479049765
3066,3.355178479049765
3067,3.355178479049765
3068,3.355178479049765
3069,3.355178479049765
3070,3.355178479049765
3071,3.355178479049765
3072,3.355178479049765
3073,3.355178479049765
3074,3.355178479049765
3075,3.355178479049765
3076,3.355178479049765
3077,3.355178479049765
3078,3.355178479049765
3079,3.355178479049765
3080,3.355178479049765
3081,3.355178479049765
3082,3.355178479049765
3083,3.355178479049765
3084,3.355178479049765
3085,3.355178479049765
3086,3.355178479049765
3087,3.355178479049765
3088,3.355178479049765
3089,3.355178479049765
3090,3.355178479049765
3091,3.355178479049765
3092,3.355178479049765
3093,3.355178479049765
3094,3.355178479049765
3095,3.355178479049765
3096,3.355178479049765
3097,3.355178479049765
3098,3.355178479049765
3099,3.355178479049765
3100,3.355178479049765
3101,3.355178479049765
3102,3.355178479049765
3103,3.355178479049765
3104,3.355178479049765
3105,3.355178479049765
3106,3.355178479049765
3107,3.355178479049765
3108,3.355178479049765
3109,3.355178479049765
3110,3.355178479049765
3111,3.355178479049765
3112,3.355178479049765
3113,3.355178479049765
3114,3.355178479049765
3115,3.355178479049765
3116,3.355178479049765
3117,3.355178479049765
3118,3.355178479049765
3119,3.355178479049765
3120,3.355178479049765
3121,3.355178479049765
3122,3.355178479049765
3123,3.355178479049765
3124,3.355178479049765
3125,3.355178479049765
3126,3.355178479049765
3127,3.355178479049765
3128,3.355178479049765
3129,3.355178479049765
3130,3.355178479049765
3131,3.355178479049765
3132,3.355178479049765
3133,3.355178479049765
3134,3.355178479049765
3135,3.355178479049765
3136,3.355178479049765
3137,3.355178479049765
3138,3.355178479049765
3139,3.355178479049765
3140,3.355178479049765
3141,3.355178479049765
3142,3.355178479049765
3143,3.355178479049765
3144,3.355178479049765
3145,3.355178479049765
3146,3.355178479049765
3147,3.355178479049765
3148,3.355178479049765
3149,3.355178479049765
3150,3.355178479049765
3151,3.355178479049765
3152,3.355178479049765
3153,3.355178479049765
3154,3.355178479049765
3155,3.355178479049765
3156,3.355178479049765
3157,3.355178479049765
3158,3.355178479049765
3159,3.355178479049765
3160,3.355178479049765
3161,3.355178479049765
3162,3.355178479049765
3163,3.355178479049765
3164,3.355178479049765
3165,3.355178479049765
3166,3.355178479049765
3167,3.355178479049765
3168,3.355178479049765
3169,3.355178479049765
3170,3.355178479049765
3171,3.355178479049765
3172,3.355178479049765
3173,3.355178479049765
3174,3.355178479049765
3175,3.355178479049765
3176,3.355178479049765
3177,3.355178479049765
3178,3.355178479049765
3179,3.355178479049765
3180,3.355178479049765
3181,3.355178479049765
3182,3.355178479049765
3183,3.355178479049765
3184,3.355178479049765
3185,3.355178479049765
3186,3.355178479049765
3187,3.355178479049765
3188,3.355178479049765
3189,3.355178479049765
3190,3.355178479049765
3191,3.355178479049765
3192,3.355178479049765
3193,3.355178479049765
3194,3.355178479049765
3195,3.355178479049765
3196,3.355178479049765
3197,3.355178479049765
3198,3.355178479049765
3199,3.355178479049765
3200,3.355178479049765
3201,3.355178479049765
3202,3.355178479049765
3203,3.355178479049765
3204,3.355178479049765
3205,3.355178479049765
3206,3.355178479049765
3207,3.355178479049765
3208,3.355178479049765
3209,3.355178479049765
3210,3.355178479049765
3211,3.355178479049765
3212,3.355178479049765
3213,3.355178479049765
3214,3.355178479049765
3215,3.355178479049765
3216,3.355178479049765
3217,3.355178479049765
3218,3.355178479049765
3219,3.355178479049765
3220,3.355178479049765
3221,3.355178479049765
3222,3.355178479049765
3223,3.355178479049765
3224,3.355178479049765
3225,3.355178479049765
3226,3.355178479049765
3227,3.355178479049765
3228,3.355178479049765
3229,3.355178479049765
3230,3.355178479049765
3231,3.355178479049765
3232,3.355178479049765
3233,3.355178479049765
3234,3.355178479049765
3235,3.355178479049765
3236,3.355178479049765
3237,3.355178479049765
3238,3.355178479049765
3239,3.355178479049765
3240,3.355178479049765
3241,3.355178479049765
3242,3.355178479049765
3243,3.355178479049765
3244,3.355178479049765
3245,3.355178479049765
3246,3.355178479049765
3247,3.355178479049765
3248,3.355178479049765
3249,3.355178479049765
3250,3.355178479049765
3251,3.355178479049765
3252,3.355178479049765
3253,3.355178479049765
3254,3.355178479049765
3255,3.355178479049765
3256,3.355178479049765
3257,3.355178479049765
3258,3.355178479049765
3259,3.355178479049765
3260,3.355178479049765
3261,3.355178479049765
3262,3.355178479049765
3263,3.355178479049765
3264,3.355178479049765
3265,3.355178479049765
3266,3.355178479049765
3267,3.355178479049765
3268,3.355178479049765
3269,3.355178479049765
3270,3.355178479049765
3271,3.355178479049765
3272,3.355178479049765
3273,3.355178479049765
3274,3.355178479049765
3275,3.355178479049765
3276,3.355178479049765
3277,3.355178479049765
3278,3.355178479049765
3279,3.355178479049765
3280,3.355178479049765
3281,3.355178479049765
3282,3.355178479049765
3283,3.355178479049765
3284,3.355178479049765
3285,3.355178479049765
3286,3.355178479049765
3287,3.355178479049765
3288,3.355178479049765
3289,3.355178479049765
3290,3.355178479049765
3291,3.355178479049765
3292,3.355178479049765
3293,3.355178479049765
3294,3.355178479049765
3295,3.355178479049765
3296,3.355178479049765
3297,3.355178479049765
3298,3.355178479049765
3299,3.355178479049765
3300,3.355178479049765
3301,3.355178479049765
3302,3.355178479049765
3303,3.355178479049765
3304,3.355178479049765
3305,3.355178479049765
3306,3.355178479049765
3307,3.355178479049765
3308,3.355178479049765
3309,3.355178479049765
3310,3.355178479049765
3311,3.355178479049765
3312,3.355178479049765
3313,3.355178479049765
3314,3.355178479049765
3315,3.355178479049765
3316,3.355178479049765
3317,3.355178479049765
3318,3.355178479049765
3319,3.355178479049765
3320,3.355178479049765
3321,3.355178479049765
3322,3.355178479049765
3323,3.355178479049765
3324,3.355178479049765
3325,3.355178479049765
3326,3.355178479049765
3327,3.355178479049765
3328,3.355178479049765
3329,3.355178479049765
3330,3.355178479049765
3331,3.355178479049765
3332,3.355178479049765
3333,3.355178479049765
3334,3.355178479049765
3335,3.355178479049765
3336,3.355178479049765
3337,3.355178479049765
3338,3.355178479049765
3339,3.355178479049765
3340,3.355178479049765
3341,3.355178479049765
3342,3.355178479049765
3343,3.355178479049765
3344,3.355178479049765
3345,3.355178479049765
3346,3.355178479049765
3347,3.355178479049765
3348,3.355178479049765
3349,3.355178479049765
3350,3.355178479049765
3351,3.355178479049765
3352,3.355178479049765
3353,3.355178479049765
3354,3.355178479049765
3355,3.355178479049765
3356,3.355178479049765
3357,3.355178479049765
3358,3.355178479049765
3359,3.355178479049765
3360,3.355178479049765
3361,3.355178479049765
3362,3.355178479049765
3363,3.355178479049765
3364,3.355178479049765
3365,3.355178479049765
3366,3.355178479049765
3367,3.355178479049765
3368,3.355178479049765
3369,3.355178479049765
3370,3.355178479049765
3371,3.355178479049765
3372,3.355178479049765
3373,3.355178479049765
3374,3.355178479049765
3375,3.355178479049765
3376,3.355178479049765
3377,3.355178479049765
3378,3.355178479049765
3379,3.355178479049765
3380,3.355178479049765
3381,3.355178479049765
3382,3.355178479049765
3383,3.355178479049765
3384,3.355178479049765
3385,3.355178479049765
3386,3.355178479049765
3387,3.355178479049765
3388,3.355178479049765
3389,3.355178479049765
3390,3.355178479049765
3391,3.355178479049765
3392,3.355178479049765
3393,3.355178479049765
3394,3.355178479049765
3395,3.355178479049765
3396,3.355178479049765
3397,3.355178479049765
3398,3.355178479049765
3399,3.355178479049765
3400,3.355178479049765
3401,3.355178479049765
3402,3.355178479049765
3403,3.355178479049765
3404,3.355178479049765
3405,3.355178479049765
3406,3.355178479049765
3407,3.355178479049765
3408,3.355178479049765
3409,3.355178479049765
3410,3.355178479049765
3411,3.355178479049765
3412,3.355178479049765
3413,3.355178479049765
3414,3.355178479049765
3415,3.355178479049765
3416,3.355178479049765
3417,3.355178479049765
3418,3.355178479049765
3419,3.355178479049765
3420,3.355178479049765
3421,3.355178479049765
3422,3.355178479049765
3423,3.355178479049765
3424,3.355178479049765
3425,3.355178479049765
3426,3.355178479049765
3427,3.355178479049765
3428,3.355178479049765
3429,3.355178479049765
3430,3.355178479049765
3431,3.355178479049765
3432,3.355178479049765
3433,3.355178479049765
3434,3.355178479049765
3435,3.355178479049765
3436,3.355178479049765
3437,3.355178479049765
3438,3.355178479049765
3439,3.355178479049765
3440,3.355178479049765
3441,3.355178479049765
3442,3.355178479049765
3443,3.355178479049765
3444,3.355178479049765
3445,3.355178479049765
3446,3.355178479049765
3447,3.355178479049765
3448,3.355178479049765
3449,3.355178479049765
3450,3.355178479049765
3451,3.355178479049765
3452,3.355178479049765
3453,3.355178479049765
3454,3.355178479049765
3455,3.355178479049765
3456,3.355178479049765
3457,3.355178479049765
3458,3.355178479049765
3459,3.355178479049765
3460,3.355178479049765
3461,3.355178479049765
3462,3.355178479049765
3463,3.355178479049765
3464,3.355178479049765
3465,3.355178479049765
3466,3.355178479049765
3467,3.355178479049765
3468,3.355178479049765
3469,3.355178479049765
3470,3.355178479049765
3471,3.355178479049765
3472,3.355178479049765
3473,3.355178479049765
3474,3.355178479049765
3475,3.355178479049765
3476,3.355178479049765
3477,3.355178479049765
3478,3.355178479049765
3479,3.355178479049765
3480,3.355178479049765
3481,3.355178479049765
3482,3.355178479049765
3483,3.355178479049765
3484,3.355178479049765
3485,3.355178479049765
3486,3.355178479049765
3487,3.355178479049765
3488,3.355178479049765
3489,3.355178479049765
3490,3.355178479049765
3491,3.355178479049765
3492,3.355178479049765
3493,3.355178479049765
3494,3.355178479049765
3495,3.355178479049765
3496,3.355178479049765
3497,3.355178479049765
3498,3.355178479049765
3499,3.355178479049765
3500,3.355178479049765
3501,3.355178479049765
3502,3.355178479049765
3503,3.355178479049765
3504,3.355178479049765
3505,3.355178479049765
3506,3.355178479049765
3507,3.355178479049765
3508,3.355178479049765
3509,3.355178479049765
3510,3.355178479049765
3511,3.355178479049765
3512,3.355178479049765
3513,3.355178479049765
3514,3.355178479049765
3515,3.355178479049765
3516,3.355178479049765
3517,3.355178479049765
3518,3.355178479049765
3519,3.355178479049765
3520,3.355178479049765
3521,3.355178479049765
3522,3.355178479049765
3523,3.355178479049765
3524,3.355178479049765
3525,3.355178479049765
3526,3.355178479049765
3527,3.355178479049765
3528,3.355178479049765
3529,3.355178479049765
3530,3.355178479049765
3531,3.355178479049765
3532,3.355178479049765
3533,3.355178479049765
3534,3.355178479049765
3535,3.355178479049765
3536,3.355178479049765
3537,3.355178479049765
3538,3.355178479049765
3539,3.355178479049765
3540,3.355178479049765
3541,3.355178479049765
3542,3.355178479049765
3543,3.355178479049765
3544,3.355178479049765
3545,3.355178479049765
3546,3.355178479049765
3547,3.355178479049765
3548,3.355178479049765
3549,3.355178479049765
3550,3.355178479049765
3551,3.355178479049765
3552,3.355178479049765
3553,3.355178479049765
3554,3.355178479049765
3555,3.355178479049765
3556,3.355178479049765
3557,3.355178479049765
3558,3.355178479049765
3559,3.355178479049765
3560,3.355178479049765
3561,3.355178479049765
3562,3.355178479049765
3563,3.355178479049765
3564,3.355178479049765
3565,3.355178479049765
3566,3.355178479049765
3567,3.355178479049765
3568,3.355178479049765
3569,3.355178479049765
3570,3.355178479049765
3571,3.355178479049765
3572,3.355178479049765
3573,3.355178479049765
3574,3.355178479049765
3575,3.355178479049765
3576,3.355178479049765
3577,3.355178479049765
3578,3.355178479049765
3579,3.355178479049765
3580,3.355178479049765
3581,3.355178479049765
3582,3.355178479049765
3583,3.355178479049765
3584,3.355178479049765
3585,3.355178479049765
3586,3.355178479049765
3587,3.355178479049765
3588,3.355178479049765
3589,3.355178479049765
3590,3.355178479049765
3591,3.355178479049765
3592,3.355178479049765
3593,3.355178479049765
3594,3.355178479049765
3595,3.355178479049765
3596,3.355178479049765
3597,3.355178479049765
3598,3.355178479049765
3599,3.355178479049765
3600,3.355178479049765
3601,3.355178479049765
3602,3.355178479049765
3603,3.355178479049765
3604,3.355178479049765
3605,3.355178479049765
3606,3.355178479049765
3607,3.355178479049765
3608,3.355178479049765
3609,3.355178479049765
3610,3.355178479049765
3611,3.355178479049765
3612,3.355178479049765
3613,3.355178479049765
3614,3.355178479049765
3615,3.355178479049765
3616,3.355178479049765
3617,3.355178479049765
3618,3.355178479049765
3619,3.355178479049765
3620,3.355178479049765
3621,3.355178479049765
3622,3.355178479049765
3623,3.355178479049765
3624,3.355178479049765
3625,3.355178479049765
3626,3.355178479049765
3627,3.355178479049765
3628,3.355178479049765
3629,3.355178479049765
3630,3.355178479049765
3631,3.355178479049765
3632,3.355178479049765
3633,3.355178479049765
3634,3.355178479049765
3635,3.355178479049765
3636,3.355178479049765
3637,3.355178479049765
3638,3.355178479049765
3639,3.355178479049765
3640,3.355178479049765
3641,3.355178479049765
3642,3.355178479049765
3643,3.355178479049765
3644,3.355178479049765
3645,3.355178479049765
3646,3.355178479049765
3647,3.355178479049765
3648,3.355178479049765
3649,3.355178479049765
3650,3.355178479049765
3651,3.355178479049765
3652,3.355178479049765
3653,3.355178479049765
3654,3.355178479049765
3655,3.355178479049765
3656,3.355178479049765
3657,3.355178479049765
3658,3.355178479049765
3659,3.355178479049765
3660,3.355178479049765
3661,3.355178479049765
3662,3.355178479049765
3663,3.355178479049765
3664,3.355178479049765
3665,3.355178479049765
3666,3.355178479049765
3667,3.355178479049765
3668,3.355178479049765
3669,3.355178479049765
3670,3.355178479049765
3671,3.355178479049765
3672,3.355178479049765
3673,3.355178479049765
3674,3.355178479049765
3675,3.355178479049765
3676,3.355178479049765
3677,3.355178479049765
3678,3.355178479049765
3679,3.355178479049765
3680,3.355178479049765
3681,3.355178479049765
3682,3.355178479049765
3683,3.355178479049765
3684,3.355178479049765
3685,3.355178479049765
3686,3.355178479049765
3687,3.355178479049765
3688,3.355178479049765
3689,3.355178479049765
3690,3.355178479049765
3691,3.355178479049765
3692,3.355178479049765
3693,3.355178479049765
3694,3.355178479049765
3695,3.355178479049765
3696,3.355178479049765
3697,3.355178479049765
3698,3.355178479049765
3699,3.355178479049765
3700,3.355178479049765
3701,3.355178479049765
3702,3.355178479049765
3703,3.355178479049765
3704,3.355178479049765
3705,3.355178479049765
3706,3.355178479049765
3707,3.355178479049765
3708,3.355178479049765
3709,3.355178479049765
3710,3.355178479049765
3711,3.355178479049765
3712,3.355178479049765
3713,3.355178479049765
3714,3.355178479049765
3715,3.355178479049765
3716,3.355178479049765
3717,3.355178479049765
3718,3.355178479049765
3719,3.355178479049765
3720,3.355178479049765
3721,3.355178479049765
3722,3.355178479049765
3723,3.355178479049765
3724,3.355178479049765
3725,3.355178479049765
3726,3.355178479049765
3727,3.355178479049765
3728,3.355178479049765
3729,3.355178479049765
3730,3.355178479049765
3731,3.355178479049765
3732,3.355178479049765
3733,3.355178479049765
3734,3.355178479049765
3735,3.355178479049765
3736,3.355178479049765
3737,3.355178479049765
3738,3.355178479049765
3739,3.355178479049765
3740,3.355178479049765
3741,3.355178479049765
3742,3.355178479049765
3743,3.355178479049765
3744,3.355178479049765
3745,3.355178479049765
3746,3.355178479049765
3747,3.355178479049765
3748,3.355178479049765
3749,3.355178479049765
3750,3.355178479049765
3751,3.355178479049765
3752,3.355178479049765
3753,3.355178479049765
3754,3.355178479049765
3755,3.355178479049765
3756,3.355178479049765
3757,3.355178479049765
3758,3.355178479049765
3759,3.355178479049765
3760,3.355178479049765
3761,3.355178479049765
3762,3.355178479049765
3763,3.355178479049765
3764,3.355178479049765
3765,3.355178479049765
3766,3.355178479049765
3767,3.355178479049765
3768,3.355178479049765
3769,3.355178479049765
3770,3.355178479049765
3771,3.355178479049765
3772,3.355178479049765
3773,3.355178479049765
3774,3.355178479049765
3775,3.355178479049765
3776,3.355178479049765
3777,3.355178479049765
3778,3.355178479049765
3779,3.355178479049765
3780,3.355178479049765
3781,3.355178479049765
3782,3.355178479049765
3783,3.355178479049765
3784,3.355178479049765
3785,3.355178479049765
3786,3.355178479049765
3787,3.355178479049765
3788,3.355178479049765
3789,3.355178479049765
3790,3.355178479049765
3791,3.355178479049765
3792,3.355178479049765
3793,3.355178479049765
3794,3.355178479049765
3795,3.355178479049765
3796,3.355178479049765
3797,3.355178479049765
3798,3.355178479049765
3799,3.355178479049765
3800,3.355178479049765
3801,3.355178479049765
3802,3.355178479049765
3803,3.355178479049765
3804,3.355178479049765
3805,3.355178479049765
3806,3.355178479049765
3807,3.355178479049765
3808,3.355178479049765
3809,3.355178479049765
3810,3.355178479049765
3811,3.355178479049765
3812,3.355178479049765
3813,3.355178479049765
3814,3.355178479049765
3815,3.355178479049765
3816,3.355178479049765
3817,3.355178479049765
3818,3.355178479049765
3819,3.355178479049765
3820,3.355178479049765
3821,3.355178479049765
3822,3.355178479049765
3823,3.355178479049765
3824,3.355178479049765
3825,3.355178479049765
3826,3.355178479049765
3827,3.355178479049765
3828,3.355178479049765
3829,3.355178479049765
3830,3.355178479049765
3831,3.355178479049765
3832,3.355178479049765
3833,3.355178479049765
3834,3.355178479049765
3835,3.355178479049765
3836,3.355178479049765
3837,3.355178479049765
3838,3.355178479049765
3839,3.355178479049765
3840,3.355178479049765
3841,3.355178479049765
3842,3.355178479049765
3843,3.355178479049765
3844,3.355178479049765
3845,3.355178479049765
3846,3.355178479049765
3847,3.355178479049765
3848,3.355178479049765
3849,3.355178479049765
3850,3.355178479049765
3851,3.355178479049765
3852,3.355178479049765
3853,3.355178479049765
3854,3.355178479049765
3855,3.355178479049765
3856,3.355178479049765
3857,3.355178479049765
3858,3.355178479049765
3859,3.355178479049765
3860,3.355178479049765
3861,3.355178479049765
3862,3.355178479049765
3863,3.355178479049765
3864,3.355178479049765
3865,3.355178479049765
3866,3.355178479049765
3867,3.355178479049765
3868,3.355178479049765
3869,3.355178479049765
3870,3.355178479049765
3871,3.355178479049765
3872,3.355178479049765
3873,3.355178479049765
3874,3.355178479049765
3875,3.355178479049765
3876,3.355178479049765
3877,3.355178479049765
3878,3.355178479049765
3879,3.355178479049765
3880,3.355178479049765
3881,3.355178479049765
3882,3.355178479049765
3883,3.355178479049765
3884,3.355178479049765
3885,3.355178479049765
3886,3.355178479049765
3887,3.355178479049765
3888,3.355178479049765
3889,3.355178479049765
3890,3.355178479049765
3891,3.355178479049765
3892,3.355178479049765
3893,3.355178479049765
3894,3.355178479049765
3895,3.355178479049765
3896,3.355178479049765
3897,3.355178479049765
3898,3.355178479049765
3899,3.355178479049765
3900,3.355178479049765
3901,3.355178479049765
3902,3.355178479049765
3903,3.355178479049765
3904,3.355178479049765
3905,3.355178479049765
3906,3.355178479049765
3907,3.355178479049765
3908,3.355178479049765
3909,3.355178479049765
3910,3.355178479049765
3911,3.355178479049765
3912,3.355178479049765
3913,3.355178479049765
3914,3.355178479049765
3915,3.355178479049765
3916,3.355178479049765
3917,3.355178479049765
3918,3.355178479049765
3919,3.355178479049765
3920,3.355178479049765
3921,3.355178479049765
3922,3.355178479049765
3923,3.355178479049765
3924,3.355178479049765
3925,3.355178479049765
3926,3.355178479049765
3927,3.355178479049765
3928,3.355178479049765
3929,3.355178479049765
3930,3.355178479049765
3931,3.355178479049765
3932,3.355178479049765
3933,3.355178479049765
3934,3.355178479049765
3935,3.355178479049765
3936,3.355178479049765
3937,3.355178479049765
3938,3.355178479049765
3939,3.355178479049765
3940,3.355178479049765
3941,3.355178479049765
3942,3.355178479049765
3943,3.355178479049765
3944,3.355178479049765
3945,3.355178479049765
3946,3.355178479049765
3947,3.355178479049765
3948,3.355178479049765
3949,3.355178479049765
3950,3.355178479049765
3951,3.355178479049765
3952,3.355178479049765
3953,3.355178479049765
3954,3.355178479049765
3955,3.355178479049765
3956,3.355178479049765
3957,3.355178479049765
3958,3.355178479049765
3959,3.355178479049765
3960,3.355178479049765
3961,3.355178479049765
3962,3.355178479049765
3963,3.355178479049765
3964,3.355178479049765
3965,3.355178479049765
3966,3.355178479049765
3967,3.355178479049765
3968,3.355178479049765
3969,3.355178479049765
3970,3.355178479049765
3971,3.355178479049765
3972,3.355178479049765
3973,3.355178479049765
3974,3.355178479049765
3975,3.355178479049765
3976,3.355178479049765
3977,3.355178479049765
3978,3.355178479049765
3979,3.355178479049765
3980,3.355178479049765
3981,3.355178479049765
3982,3.355178479049765
3983,3.355178479049765
3984,3.355178479049765
3985,3.355178479049765
3986,3.355178479049765
3987,3.355178479049765
3988,3.355178479049765
3989,3.355178479049765
3990,3.355178479049765
3991,3.355178479049765
3992,3.355178479049765
3993,3.355178479049765
3994,3.355178479049765
3995,3.355178479049765
3996,3.355178479049765
3997,3.355178479049765
3998,3.355178479049765
3999,3.355178479049765
4000,3.355178479049765
4001,3.355178479049765
4002,3.355178479049765
4003,3.355178479049765
4004,3.355178479049765
4005,3.355178479049765
4006,3.355178479049765
4007,3.355178479049765
4008,3.355178479049765
4009,3.355178479049765
4010,3.355178479049765
4011,3.355178479049765
4012,3.355178479049765
4013,3.355178479049765
4014,3.355178479049765
4015,3.355178479049765
4016,3.355178479049765
4017,3.355178479049765
4018,3.355178479049765
4019,3.355178479049765
4020,3.355178479049765
4021,3.355178479049765
4022,3.355178479049765
4023,3.355178479049765
4024,3.355178479049765
4025,3.355178479049765
4026,3.355178479049765
4027,3.355178479049765
4028,3.355178479049765
4029,3.355178479049765
4030,3.355178479049765
4031,3.355178479049765
4032,3.355178479049765
4033,3.355178479049765
4034,3.355178479049765
4035,3.355178479049765
4036,3.355178479049765
4037,3.355178479049765
4038,3.355178479049765
4039,3.355178479049765
4040,3.355178479049765
4041,3.355178479049765
4042,3.355178479049765
4043,3.355178479049765
4044,3.355178479049765
4045,3.355178479049765
4046,3.355178479049765
4047,3.355178479049765
4048,3.355178479049765
4049,3.355178479049765
4050,3.355178479049765
4051,3.355178479049765
4052,3.355178479049765
4053,3.355178479049765
4054,3.355178479049765
4055,3.355178479049765
4056,3.355178479049765
4057,3.355178479049765
4058,3.355178479049765
4059,3.355178479049765
4060,3.355178479049765
4061,3.355178479049765
4062,3.355178479049765
4063,3.355178479049765
4064,3.355178479049765
4065,3.355178479049765
4066,3.355178479049765
4067,3.355178479049765
4068,3.355178479049765
4069,3.355178479049765
4070,3.355178479049765
4071,3.355178479049765
4072,3.355178479049765
4073,3.355178479049765
4074,3.355178479049765
4075,3.355178479049765
4076,3.355178479049765
4077,3.355178479049765
4078,3.355178479049765
4079,3.355178479049765
4080,3.355178479049765
4081,3.355178479049765
4082,3.355178479049765
4083,3.355178479049765
4084,3.355178479049765
4085,3.355178479049765
4086,3.355178479049765
4087,3.355178479049765
4088,3.355178479049765
4089,3.355178479049765
4090,3.355178479049765
4091,3.355178479049765
4092,3.355178479049765
4093,3.355178479049765
4094,3.355178479049765
4095,3.355178479049765
4096,3.355178479049765
4097,3.355178479049765
4098,3.355178479049765
4099,3.355178479049765
4100,3.355178479049765
4101,3.355178479049765
4102,3.355178479049765
4103,3.355178479049765
4104,3.355178479049765
4105,3.355178479049765
4106,3.355178479049765
4107,3.355178479049765
4108,3.355178479049765
4109,3.355178479049765
4110,3.355178479049765
4111,3.355178479049765
4112,3.355178479049765
4113,3.355178479049765
4114,3.355178479049765
4115,3.355178479049765
4116,3.355178479049765
4117,3.355178479049765
4118,3.355178479049765
4119,3.355178479049765
4120,3.355178479049765
4121,3.355178479049765
4122,3.355178479049765
4123,3.355178479049765
4124,3.355178479049765
4125,3.355178479049765
4126,3.355178479049765
4127,3.355178479049765
4128,3.355178479049765
4129,3.355178479049765
4130,3.355178479049765
4131,3.355178479049765
4132,3.355178479049765
4133,3.355178479049765
4134,3.355178479049765
4135,3.355178479049765
4136,3.355178479049765
4137,3.355178479049765
4138,3.355178479049765
4139,3.355178479049765
4140,3.355178479049765
4141,3.355178479049765
4142,3.355178479049765
4143,3.355178479049765
4144,3.355178479049765
4145,3.355178479049765
4146,3.355178479049765
4147,3.355178479049765
4148,3.355178479049765
4149,3.355178479049765
4150,3.355178479049765
4151,3.355178479049765
4152,3.355178479049765
4153,3.355178479049765
4154,3.355178479049765
4155,3.355178479049765
4156,3.355178479049765
4157,3.355178479049765
4158,3.355178479049765
4159,3.355178479049765
4160,3.355178479049765
4161,3.355178479049765
4162,3.355178479049765
4163,3.355178479049765
4164,3.355178479049765
4165,3.355178479049765
4166,3.355178479049765
4167,3.355178479049765
4168,3.355178479049765
4169,3.355178479049765
4170,3.355178479049765
4171,3.355178479049765
4172,3.355178479049765
4173,3.355178479049765
4174,3.355178479049765
4175,3.355178479049765
4176,3.355178479049765
4177,3.355178479049765
4178,3.355178479049765
4179,3.355178479049765
4180,3.355178479049765
4181,3.355178479049765
4182,3.355178479049765
4183,3.355178479049765
4184,3.355178479049765
4185,3.355178479049765
4186,3.355178479049765
4187,3.355178479049765
4188,3.355178479049765
4189,3.355178479049765
4190,3.355178479049765
4191,3.355178479049765
4192,3.355178479049765
4193,3.355178479049765
4194,3.355178479049765
4195,3.355178479049765
4196,3.355178479049765
4197,3.355178479049765
4198,3.355178479049765
4199,3.355178479049765
4200,3.355178479049765
4201,3.355178479049765
4202,3.355178479049765
4203,3.355178479049765
4204,3.355178479049765
4205,3.355178479049765
4206,3.355178479049765
4207,3.355178479049765
4208,3.355178479049765
4209,3.355178479049765
4210,3.355178479049765
4211,3.355178479049765
4212,3.355178479049765
4213,3.355178479049765
4214,3.355178479049765
4215,3.355178479049765
4216,3.355178479049765
4217,3.355178479049765
4218,3.355178479049765
4219,3.355178479049765
4220,3.355178479049765
4221,3.355178479049765
4222,3.355178479049765
4223,3.355178479049765
4224,3.355178479049765
4225,3.355178479049765
4226,3.355178479049765
4227,3.355178479049765
4228,3.355178479049765
4229,3.355178479049765
4230,3.355178479049765
4231,3.355178479049765
4232,3.355178479049765
4233,3.355178479049765
4234,3.355178479049765
4235,3.355178479049765
4236,3.355178479049765
4237,3.355178479049765
4238,3.355178479049765
4239,3.355178479049765
4240,3.355178479049765
4241,3.355178479049765
4242,3.355178479049765
4243,3.355178479049765
4244,3.355178479049765
4245,3.355178479049765
4246,3.355178479049765
4247,3.355178479049765
4248,3.355178479049765
4249,3.355178479049765
4250,3.355178479049765
4251,3.355178479049765
4252,3.355178479049765
4253,3.355178479049765
4254,3.355178479049765
4255,3.355178479049765
4256,3.355178479049765
4257,3.355178479049765
4258,3.355178479049765
4259,3.355178479049765
4260,3.355178479049765
4261,3.355178479049765
4262,3.355178479049765
4263,3.355178479049765
4264,3.355178479049765
4265,3.355178479049765
4266,3.355178479049765
4267,3.355178479049765
4268,3.355178479049765
4269,3.355178479049765
4270,3.355178479049765
4271,3.355178479049765
4272,3.355178479049765
4273,3.355178479049765
4274,3.355178479049765
4275,3.355178479049765
4276,3.355178479049765
4277,3.355178479049765
4278,3.355178479049765
4279,3.355178479049765
4280,3.355178479049765
4281,3.355178479049765
4282,3.355178479049765
4283,3.355178479049765
4284,3.355178479049765
4285,3.355178479049765
4286,3.355178479049765
4287,3.355178479049765
4288,3.355178479049765
4289,3.355178479049765
4290,3.355178479049765
4291,3.355178479049765
4292,3.355178479049765
4293,3.355178479049765
4294,3.355178479049765
4295,3.355178479049765
4296,3.355178479049765
4297,3.355178479049765
4298,3.355178479049765
4299,3.355178479049765
4300,3.355178479049765
4301,3.355178479049765
4302,3.355178479049765
4303,3.355178479049765
4304,3.355178479049765
4305,3.355178479049765
4306,3.355178479049765
4307,3.355178479049765
4308,3.355178479049765
4309,3.355178479049765
4310,3.355178479049765
4311,3.355178479049765
4312,3.355178479049765
4313,3.355178479049765
4314,3.355178479049765
4315,3.355178479049765
4316,3.355178479049765
4317,3.355178479049765
4318,3.355178479049765
4319,3.355178479049765
4320,3.355178479049765
4321,3.355178479049765
4322,3.355178479049765
4323,3.355178479049765
4324,3.355178479049765
4325,3.355178479049765
4326,3.355178479049765
4327,3.355178479049765
4328,3.355178479049765
4329,3.355178479049765
4330,3.355178479049765
4331,3.355178479049765
4332,3.355178479049765
4333,3.355178479049765
4334,3.355178479049765
4335,3.355178479049765
4336,3.355178479049765
4337,3.355178479049765
4338,3.355178479049765
4339,3.355178479049765
4340,3.355178479049765
4341,3.355178479049765
4342,3.355178479049765
4343,3.355178479049765
4344,3.355178479049765
4345,3.355178479049765
4346,3.355178479049765
4347,3.355178479049765
4348,3.355178479049765
4349,3.355178479049765
4350,3.355178479049765
4351,3.355178479049765
4352,3.355178479049765
4353,3.355178479049765
4354,3.355178479049765
4355,3.355178479049765
4356,3.355178479049765
4357,3.355178479049765
4358,3.355178479049765
4359,3.355178479049765
4360,3.355178479049765
4361,3.355178479049765
4362,3.355178479049765
4363,3.355178479049765
4364,3.355178479049765
4365,3.355178479049765
4366,3.355178479049765
4367,3.355178479049765
4368,3.355178479049765
4369,3.355178479049765
4370,3.355178479049765
4371,3.355178479049765
4372,3.355178479049765
4373,3.355178479049765
4374,3.355178479049765
4375,3.355178479049765
4376,3.355178479049765
4377,3.355178479049765
4378,3.355178479049765
4379,3.355178479049765
4380,3.355178479049765
4381,3.355178479049765
4382,3.355178479049765
4383,3.355178479049765
4384,3.355178479049765
4385,3.355178479049765
4386,3.355178479049765
4387,3.355178479049765
4388,3.355178479049765
4389,3.355178479049765
4390,3.355178479049765
4391,3.355178479049765
4392,3.355178479049765
4393,3.355178479049765
4394,3.355178479049765
4395,3.355178479049765
4396,3.355178479049765
4397,3.355178479049765
4398,3.355178479049765
4399,3.355178479049765
4400,3.355178479049765
4401,3.355178479049765
4402,3.355178479049765
4403,3.355178479049765
4404,3.355178479049765
4405,3.355178479049765
4406,3.355178479049765
4407,3.355178479049765
4408,3.355178479049765
4409,3.355178479049765
4410,3.355178479049765
4411,3.355178479049765
4412,3.355178479049765
4413,3.355178479049765
4414,3.355178479049765
4415,3.355178479049765
4416,3.355178479049765
4417,3.355178479049765
4418,3.355178479049765
4419,3.355178479049765
4420,3.355178479049765
4421,3.355178479049765
4422,3.355178479049765
4423,3.355178479049765
4424,3.355178479049765
4425,3.355178479049765
4426,3.355178479049765
4427,3.355178479049765
4428,3.355178479049765
4429,3.355178479049765
4430,3.355178479049765
4431,3.355178479049765
4432,3.355178479049765
4433,3.355178479049765
4434,3.355178479049765
4435,3.355178479049765
4436,3.355178479049765
4437,3.355178479049765
4438,3.355178479049765
4439,3.355178479049765
4440,3.355178479049765
4441,3.355178479049765
4442,3.355178479049765
4443,3.355178479049765
4444,3.355178479049765
4445,3.355178479049765
4446,3.355178479049765
4447,3.355178479049765
4448,3.355178479049765
4449,3.355178479049765
4450,3.355178479049765
4451,3.355178479049765
4452,3.355178479049765
4453,3.355178479049765
4454,3.355178479049765
4455,3.355178479049765
4456,3.355178479049765
4457,3.355178479049765
4458,3.355178479049765
4459,3.355178479049765
4460,3.355178479049765
4461,3.355178479049765
4462,3.355178479049765
4463,3.355178479049765
4464,3.355178479049765
4465,3.355178479049765
4466,3.355178479049765
4467,3.355178479049765
4468,3.355178479049765
4469,3.355178479049765
4470,3.355178479049765
4471,3.355178479049765
4472,3.355178479049765
4473,3.355178479049765
4474,3.355178479049765
4475,3.355178479049765
4476,3.355178479049765
4477,3.355178479049765
4478,3.355178479049765
4479,3.355178479049765
4480,3.355178479049765
4481,3.355178479049765
4482,3.355178479049765
4483,3.355178479049765
4484,3.355178479049765
4485,3.355178479049765
4486,3.355178479049765
4487,3.355178479049765
4488,3.355178479049765
4489,3.355178479049765
4490,3.355178479049765
4491,3.355178479049765
4492,3.355178479049765
4493,3.355178479049765
4494,3.355178479049765
4495,3.355178479049765
4496,3.355178479049765
4497,3.355178479049765
4498,3.355178479049765
4499,3.355178479049765
4500,3.355178479049765
4501,3.355178479049765
4502,3.355178479049765
4503,3.355178479049765
4504,3.355178479049765
4505,3.355178479049765
4506,3.355178479049765
4507,3.355178479049765
4508,3.355178479049765
4509,3.355178479049765
4510,3.355178479049765
4511,3.355178479049765
4512,3.355178479049765
4513,3.355178479049765
4514,3.355178479049765
4515,3.355178479049765
4516,3.355178479049765
4517,3.355178479049765
4518,3.355178479049765
4519,3.355178479049765
4520,3.355178479049765
4521,3.355178479049765
4522,3.355178479049765
4523,3.355178479049765
4524,3.355178479049765
4525,3.355178479049765
4526,3.355178479049765
4527,3.355178479049765
4528,3.355178479049765
4529,3.355178479049765
4530,3.355178479049765
4531,3.355178479049765
4532,3.355178479049765
4533,3.355178479049765
4534,3.355178479049765
4535,3.355178479049765
4536,3.355178479049765
4537,3.355178479049765
4538,3.355178479049765
4539,3.355178479049765
4540,3.355178479049765
4541,3.355178479049765
4542,3.355178479049765
4543,3.355178479049765
4544,3.355178479049765
4545,3.355178479049765
4546,3.355178479049765
4547,3.355178479049765
4548,3.355178479049765
4549,3.355178479049765
4550,3.355178479049765
4551,3.355178479049765
4552,3.355178479049765
4553,3.355178479049765
4554,3.355178479049765
4555,3.355178479049765
4556,3.355178479049765
4557,3.355178479049765
4558,3.355178479049765
4559,3.355178479049765
4560,3.355178479049765
4561,3.355178479049765
4562,3.355178479049765
4563,3.355178479049765
4564,3.355178479049765
4565,3.355178479049765
4566,3.355178479049765
4567,3.355178479049765
4568,3.355178479049765
4569,3.355178479049765
4570,3.355178479049765
4571,3.355178479049765
4572,3.355178479049765
4573,3.355178479049765
4574,3.355178479049765
4575,3.355178479049765
4576,3.355178479049765
4577,3.355178479049765
4578,3.355178479049765
4579,3.355178479049765
4580,3.355178479049765
4581,3.355178479049765
4582,3.355178479049765
4583,3.355178479049765
4584,3.355178479049765
4585,3.355178479049765
4586,3.355178479049765
4587,3.355178479049765
4588,3.355178479049765
4589,3.355178479049765
4590,3.355178479049765
4591,3.355178479049765
4592,3.355178479049765
4593,3.355178479049765
4594,3.355178479049765
4595,3.355178479049765
4596,3.355178479049765
4597,3.355178479049765
4598,3.355178479049765
4599,3.355178479049765
4600,3.355178479049765
4601,3.355178479049765
4602,3.355178479049765
4603,3.355178479049765
4604,3.355178479049765
4605,3.355178479049765
4606,3.355178479049765
4607,3.355178479049765
4608,3.355178479049765
4609,3.355178479049765
4610,3.355178479049765
4611,3.355178479049765
4612,3.355178479049765
4613,3.355178479049765
4614,3.355178479049765
4615,3.355178479049765
4616,3.355178479049765
4617,3.355178479049765
4618,3.355178479049765
4619,3.355178479049765
4620,3.355178479049765
4621,3.355178479049765
4622,3.355178479049765
4623,3.355178479049765
4624,3.355178479049765
4625,3.355178479049765
4626,3.355178479049765
4627,3.355178479049765
4628,3.355178479049765
4629,3.355178479049765
4630,3.355178479049765
4631,3.355178479049765
4632,3.355178479049765
4633,3.355178479049765
4634,3.355178479049765
4635,3.355178479049765
4636,3.355178479049765
4637,3.355178479049765
4638,3.355178479049765
4639,3.355178479049765
4640,3.355178479049765
4641,3.355178479049765
4642,3.355178479049765
4643,3.355178479049765
4644,3.355178479049765
4645,3.355178479049765
4646,3.355178479049765
4647,3.355178479049765
4648,2.7196608885489555
4649,2.7196608885489555
4650,2.7196608885489555
4651,2.7196608885489555
4652,2.7196608885489555
4653,2.7196608885489555
4654,2.7196608885489555
4655,2.7196608885489555
4656,2.7196608885489555
4657,2.7196608885489555
4658,2.7196608885489555
4659,2.7196608885489555
4660,2.7196608885489555
4661,2.7196608885489555
4662,2.7196608885489555
4663,2.7196608885489555
4664,2.7196608885489555
4665,2.7196608885489555
4666,2.7196608885489555
4667,2.7196608885489555
4668,2.7196608885489555
4669,2.7196608885489555
4670,2.7196608885489555
4671,2.7196608885489555
4672,2.7196608885489555
4673,2.7196608885489555
4674,2.7196608885489555
4675,2.7196608885489555
4676,2.7196608885489555
4677,2.7196608885489555
4678,2.7196608885489555
4679,2.7196608885489555
4680,2.7196608885489555
4681,2.7196608885489555
4682,2.7196608885489555
4683,2.7196608885489555
4684,2.7196608885489555
4685,2.7196608885489555
4686,2.7196608885489555
4687,2.7196608885489555
4688,2.7196608885489555
4689,2.7196608885489555
4690,2.7196608885489555
4691,2.7196608885489555
4692,2.7196608885489555
4693,2.7196608885489555
4694,2.7196608885489555
4695,2.7196608885489555
4696,2.7196608885489555
4697,2.7196608885489555
4698,2.7196608885489555
4699,2.7196608885489555
4700,2.7196608885489555
4701,2.7196608885489555
4702,2.7196608885489555
4703,2.7196608885489555
4704,2.7196608885489555
4705,2.7196608885489555
4706,2.7196608885489555
4707,2.7196608885489555
4708,2.7196608885489555
4709,2.7196608885489555
4710,2.7196608885489555
4711,2.7196608885489555
4712,2.7196608885489555
4713,2.7196608885489555
4714,2.7196608885489555
4715,2.7196608885489555
4716,2.7196608885489555
4717,2.7196608885489555
4718,2.7196608885489555
4719,2.7196608885489555
4720,2.7196608885489555
4721,2.7196608885489555
4722,2.7196608885489555
4723,2.7196608885489555
4724,2.7196608885489555
4725,2.7196608885489555
4726,2.7196608885489555
4727,2.7196608885489555
4728,2.7196608885489555
4729,2.7196608885489555
4730,2.7196608885489555
4731,2.7196608885489555
4732,2.7196608885489555
4733,2.7196608885489555
4734,2.7196608885489555
4735,2.7196608885489555
4736,2.7196608885489555
4737,2.7196608885489555
4738,2.7196608885489555
4739,2.7196608885489555
4740,2.7196608885489555
4741,2.7196608885489555
4742,2.7196608885489555
4743,2.7196608885489555
4744,2.7196608885489555
4745,2.7196608885489555
4746,2.7196608885489555
4747,2.7196608885489555
4748,2.7196608885489555
4749,2.7196608885489555
4750,2.7196608885489555
4751,2.7196608885489555
4752,2.7196608885489555
4753,2.7196608885489555
4754,2.7196608885489555
4755,2.7196608885489555
4756,2.7196608885489555
4757,2.7196608885489555
4758,2.7196608885489555
4759,2.7196608885489555
4760,2.7196608885489555
4761,2.7196608885489555
4762,2.7196608885489555
4763,2.7196608885489555
4764,2.7196608885489555
4765,2.7196608885489555
4766,2.7196608885489555
4767,2.7196608885489555
4768,2.7196608885489555
4769,2.7196608885489555
4770,2.7196608885489555
4771,2.7196608885489555
4772,2.7196608885489555
4773,2.7196608885489555
4774,2.7196608885489555
4775,2.7196608885489555
4776,2.7196608885489555
4777,2.7196608885489555
4778,2.7196608885489555
4779,2.7196608885489555
4780,2.7196608885489555
4781,2.7196608885489555
4782,2.7196608885489555
4783,2.7196608885489555
4784,2.7196608885489555
4785,2.7196608885489555
4786,2.7196608885489555
4787,2.7196608885489555
4788,2.7196608885489555
4789,2.7196608885489555
4790,2.7196608885489555
4791,2.7196608885489555
4792,2.7196608885489555
4793,2.7196608885489555
4794,2.7196608885489555
4795,2.7196608885489555
4796,2.7196608885489555
4797,2.7196608885489555
4798,2.7196608885489555
4799,2.7196608885489555
4800,2.7196608885489555
4801,2.7196608885489555
4802,2.7196608885489555
4803,2.7196608885489555
4804,2.7196608885489555
4805,2.7196608885489555
4806,2.7196608885489555
4807,2.7196608885489555
4808,2.7196608885489555
4809,2.7196608885489555
4810,2.7196608885489555
4811,2.7196608885489555
4812,2.7196608885489555
4813,2.7196608885489555
4814,2.7196608885489555
4815,2.7196608885489555
4816,2.7196608885489555
4817,2.7196608885489555
4818,2.7196608885489555
4819,2.7196608885489555
4820,2.7196608885489555
4821,2.7196608885489555
4822,2.7196608885489555
4823,2.7196608885489555
4824,2.7196608885489555
4825,2.7196608885489555
4826,2.7196608885489555
4827,2.7196608885489555
4828,2.7196608885489555
4829,2.7196608885489555
4830,2.7196608885489555
4831,2.7196608885489555
4832,2.7196608885489555
4833,2.7196608885489555
4834,2.7196608885489555
4835,2.7196608885489555
4836,2.7196608885489555
4837,2.7196608885489555
4838,2.7196608885489555
4839,2.7196608885489555
4840,2.7196608885489555
4841,2.7196608885489555
4842,2.7196608885489555
4843,2.7196608885489555
4844,2.7196608885489555
4845,2.7196608885489555
4846,2.7196608885489555
4847,2.7196608885489555
4848,2.7196608885489555
4849,2.7196608885489555
4850,2.7196608885489555
4851,2.7196608885489555
4852,2.7196608885489555
4853,2.7196608885489555
4854,2.7196608885489555
4855,2.7196608885489555
4856,2.7196608885489555
4857,2.7196608885489555
4858,2.7196608885489555
4859,2.7196608885489555
4860,2.7196608885489555
4861,2.7196608885489555
4862,2.7196608885489555
4863,2.7196608885489555
4864,2.7196608885489555
4865,2.7196608885489555
4866,2.7196608885489555
4867,2.7196608885489555
4868,2.7196608885489555
4869,2.7196608885489555
4870,2.7196608885489555
4871,2.7196608885489555
4872,2.7196608885489555
4873,2.7196608885489555
4874,2.7196608885489555
4875,2.7196608885489555
4876,2.7196608885489555
4877,2.7196608885489555
4878,2.7196608885489555
4879,2.7196608885489555
4880,2.7196608885489555
4881,2.7196608885489555
4882,2.7196608885489555
4883,2.7196608885489555
4884,2.7196608885489555
4885,2.7196608885489555
4886,2.7196608885489555
4887,2.7196608885489555
4888,2.7196608885489555
4889,2.7196608885489555
4890,2.7196608885489555
4891,2.7196608885489555
4892,2.7196608885489555
4893,2.7196608885489555
4894,2.7196608885489555
4895,2.7196608885489555
4896,2.7196608885489555
4897,2.7196608885489555
4898,2.7196608885489555
4899,2.7196608885489555
4900,2.7196608885489555
4901,2.7196608885489555
4902,2.7196608885489555
4903,2.7196608885489555
4904,2.7196608885489555
4905,2.7196608885489555
4906,2.7196608885489555
4907,2.7196608885489555
4908,2.7196608885489555
4909,2.7196608885489555
4910,2.7196608885489555
4911,2.7196608885489555
4912,2.7196608885489555
4913,2.7196608885489555
4914,2.7196608885489555
4915,2.7196608885489555
4916,2.7196608885489555
4917,2.7196608885489555
4918,2.7196608885489555
4919,2.7196608885489555
4920,2.7196608885489555
4921,2.7196608885489555
4922,2.7196608885489555
4923,2.7196608885489555
4924,2.7196608885489555
4925,2.7196608885489555
4926,2.7196608885489555
4927,2.7196608885489555
4928,2.7196608885489555
4929,2.7196608885489555
4930,2.7196608885489555
4931,2.7196608885489555
4932,2.7196608885489555
4933,2.7196608885489555
4934,2.7196608885489555
4935,2.7196608885489555
4936,2.7196608885489555
4937,2.7196608885489555
4938,2.7196608885489555
4939,2.7196608885489555
4940,2.7196608885489555
4941,2.7196608885489555
4942,2.7196608885489555
4943,2.7196608885489555
4944,2.7196608885489555
4945,2.7196608885489555
4946,2.7196608885489555
4947,2.7196608885489555
4948,2.7196608885489555
4949,2.7196608885489555
4950,2.7196608885489555
4951,2.7196608885489555
4952,2.7196608885489555
4953,2.7196608885489555
4954,2.7196608885489555
4955,2.7196608885489555
4956,2.7196608885489555
4957,2.7196608885489555
4958,2.7196608885489555
4959,2.7196608885489555
4960,2.7196608885489555
4961,2.7196608885489555
4962,2.7196608885489555
4963,2.7196608885489555
4964,2.7196608885489555
4965,2.7196608885489555
4966,2.7196608885489555
4967,2.7196608885489555
4968,2.7196608885489555
4969,2.7196608885489555
4970,2.7196608885489555
4971,2.7196608885489555
4972,2.7196608885489555
4973,2.7196608885489555
4974,2.7196608885489555
4975,2.7196608885489555
4976,2.7196608885489555
4977,2.7196608885489555
4978,2.7196608885489555
4979,2.7196608885489555
4980,2.7196608885489555
4981,2.7196608885489555
4982,2.7196608885489555
4983,2.7196608885489555
4984,2.7196608885489555
4985,2.7196608885489555
4986,2.7196608885489555
4987,2.7196608885489555
4988,2.7196608885489555
4989,2.7196608885489555
4990,2.7196608885489555
4991,2.7196608885489555
4992,2.7196608885489555
4993,2.7196608885489555
4994,2.7196608885489555
4995,2.7196608885489555
4996,2.7196608885489555
4997,2.7196608885489555
4998,2.7196608885489555
4999,2.7196608885489555
5000,2.7196608885489555
5001,2.7196608885489555
5002,2.7196608885489555
5003,2.7196608885489555
5004,2.7196608885489555
5005,2.7196608885489555
5006,2.7196608885489555
5007,2.7196608885489555
5008,2.7196608885489555
5009,2.7196608885489555
5010,2.7196608885489555
5011,2.7196608885489555
5012,2.7196608885489555
5013,2.7196608885489555
5014,2.7196608885489555
5015,2.7196608885489555
5016,2.7196608885489555
5017,2.7196608885489555
5018,2.7196608885489555
5019,2.7196608885489555
5020,2.7196608885489555
5021,2.7196608885489555
5022,2.7196608885489555
5023,2.7196608885489555
5024,2.7196608885489555
5025,2.7196608885489555
5026,2.7196608885489555
5027,2.7196608885489555
5028,2.7196608885489555
5029,2.7196608885489555
5030,2.7196608885489555
5031,2.7196608885489555
5032,2.7196608885489555
5033,2.7196608885489555
5034,2.7196608885489555
5035,2.7196608885489555
5036,2.7196608885489555
5037,2.7196608885489555
5038,2.7196608885489555
5039,2.7196608885489555
5040,2.7196608885489555
5041,2.7196608885489555
5042,2.7196608885489555
5043,2.7196608885489555
5044,2.7196608885489555
5045,2.7196608885489555
5046,2.7196608885489555
5047,2.7196608885489555
5048,2.7196608885489555
5049,2.7196608885489555
5050,2.7196608885489555
5051,2.7196608885489555
5052,2.7196608885489555
5053,2.7196608885489555
5054,2.7196608885489555
5055,2.7196608885489555
5056,2.7196608885489555
5057,2.7196608885489555
5058,2.7196608885489555
5059,2.7196608885489555
5060,2.7196608885489555
5061,2.7196608885489555
5062,2.7196608885489555
5063,2.7196608885489555
5064,2.7196608885489555
5065,2.7196608885489555
5066,2.7196608885489555
5067,2.7196608885489555
5068,2.7196608885489555
5069,2.7196608885489555
5070,2.7196608885489555
5071,2.7196608885489555
5072,2.7196608885489555
5073,2.7196608885489555
5074,2.7196608885489555
5075,2.7196608885489555
5076,2.7196608885489555
5077,2.7196608885489555
5078,2.7196608885489555
5079,2.7196608885489555
5080,2.7196608885489555
5081,2.7196608885489555
5082,2.7196608885489555
5083,2.7196608885489555
5084,2.7196608885489555
5085,2.7196608885489555
5086,2.7196608885489555
5087,2.7196608885489555
5088,2.7196608885489555
5089,2.7196608885489555
5090,2.7196608885489555
5091,2.7196608885489555
5092,2.7196608885489555
5093,2.7196608885489555
5094,2.7196608885489555
5095,2.7196608885489555
5096,2.7196608885489555
5097,2.7196608885489555
5098,2.7196608885489555
5099,2.7196608885489555
5100,2.7196608885489555
5101,2.7196608885489555
5102,2.7196608885489555
5103,2.7196608885489555
5104,2.7196608885489555
5105,2.7196608885489555
5106,2.7196608885489555
5107,2.7196608885489555
5108,2.7196608885489555
5109,2.7196608885489555
5110,2.7196608885489555
5111,2.7196608885489555
5112,2.7196608885489555
5113,2.7196608885489555
5114,2.7196608885489555
5115,2.7196608885489555
5116,2.7196608885489555
5117,2.7196608885489555
5118,2.7196608885489555
5119,2.7196608885489555
5120,2.7196608885489555
5121,2.7196608885489555
5122,2.7196608885489555
5123,2.7196608885489555
5124,2.7196608885489555
5125,2.7196608885489555
5126,2.7196608885489555
5127,2.7196608885489555
5128,2.7196608885489555
5129,2.7196608885489555
5130,2.7196608885489555
5131,2.7196608885489555
5132,2.7196608885489555
5133,2.7196608885489555
5134,2.7196608885489555
5135,2.7196608885489555
5136,2.7196608885489555
5137,2.7196608885489555
5138,2.7196608885489555
5139,2.7196608885489555
5140,2.7196608885489555
5141,2.7196608885489555
5142,2.7196608885489555
5143,2.7196608885489555
5144,2.7196608885489555
5145,2.7196608885489555
5146,2.7196608885489555
5147,2.7196608885489555
5148,2.7196608885489555
5149,2.7196608885489555
5150,2.7196608885489555
5151,2.7196608885489555
5152,2.7196608885489555
5153,2.7196608885489555
5154,2.7196608885489555
5155,2.7196608885489555
5156,2.7196608885489555
5157,2.7196608885489555
5158,2.7196608885489555
5159,2.7196608885489555
5160,2.7196608885489555
5161,2.7196608885489555
5162,2.7196608885489555
5163,2.7196608885489555
5164,2.7196608885489555
5165,2.7196608885489555
5166,2.7196608885489555
5167,2.7196608885489555
5168,2.7196608885489555
5169,2.7196608885489555
5170,2.7196608885489555
5171,2.7196608885489555
5172,2.7196608885489555
5173,2.7196608885489555
5174,2.7196608885489555
5175,2.7196608885489555
5176,2.7196608885489555
5177,2.7196608885489555
5178,2.7196608885489555
5179,2.7196608885489555
5180,2.7196608885489555
5181,2.7196608885489555
5182,2.7196608885489555
5183,2.7196608885489555
5184,2.7196608885489555
5185,2.7196608885489555
5186,2.7196608885489555
5187,2.7196608885489555
5188,2.7196608885489555
5189,2.7196608885489555
5190,2.7196608885489555
5191,2.7196608885489555
5192,2.7196608885489555
5193,2.7196608885489555
5194,2.7196608885489555
5195,2.7196608885489555
5196,2.7196608885489555
5197,2.7196608885489555
5198,2.7196608885489555
5199,2.7196608885489555
5200,2.7196608885489555
5201,2.7196608885489555
5202,2.7196608885489555
5203,2.7196608885489555
5204,2.7196608885489555
5205,2.7196608885489555
5206,2.7196608885489555
5207,2.7196608885489555
5208,2.7196608885489555
5209,2.7196608885489555
5210,2.7196608885489555
5211,2.7196608885489555
5212,2.7196608885489555
5213,2.7196608885489555
5214,2.7196608885489555
5215,2.7196608885489555
5216,2.7196608885489555
5217,2.7196608885489555
5218,2.7196608885489555
5219,2.7196608885489555
5220,2.7196608885489555
5221,2.7196608885489555
5222,2.7196608885489555
5223,2.7196608885489555
5224,2.7196608885489555
5225,2.7196608885489555
5226,2.7196608885489555
5227,2.7196608885489555
5228,2.7196608885489555
5229,2.7196608885489555
5230,2.7196608885489555
5231,2.7196608885489555
5232,2.7196608885489555
5233,2.7196608885489555
5234,2.7196608885489555
5235,2.7196608885489555
5236,2.7196608885489555
5237,2.7196608885489555
5238,2.7196608885489555
5239,2.7196608885489555
5240,2.7196608885489555
5241,2.7196608885489555
5242,2.7196608885489555
5243,2.7196608885489555
5244,2.7196608885489555
5245,2.7196608885489555
5246,2.7196608885489555
5247,2.7196608885489555
5248,2.7196608885489555
5249,2.7196608885489555
5250,2.7196608885489555
5251,2.7196608885489555
5252,2.7196608885489555
5253,2.7196608885489555
5254,2.7196608885489555
5255,2.7196608885489555
5256,2.7196608885489555
5257,2.7196608885489555
5258,2.7196608885489555
5259,2.7196608885489555
5260,2.7196608885489555
5261,2.7196608885489555
5262,2.7196608885489555
5263,2.7196608885489555
5264,2.7196608885489555
5265,2.7196608885489555
5266,2.7196608885489555
5267,2.7196608885489555
5268,2.7196608885489555
5269,2.7196608885489555
5270,2.7196608885489555
5271,2.7196608885489555
5272,2.7196608885489555
5273,2.7196608885489555
5274,2.7196608885489555
5275,2.7196608885489555
5276,2.7196608885489555
5277,2.7196608885489555
5278,2.7196608885489555
5279,2.7196608885489555
5280,2.7196608885489555
5281,2.7196608885489555
5282,2.7196608885489555
5283,2.7196608885489555
5284,2.7196608885489555
5285,2.7196608885489555
5286,2.7196608885489555
5287,2.7196608885489555
5288,2.7196608885489555
5289,2.7196608885489555
5290,2.7196608885489555
5291,2.7196608885489555
5292,2.7196608885489555
5293,2.7196608885489555
5294,2.7196608885489555
5295,2.7196608885489555
5296,2.7196608885489555
5297,2.7196608885489555
5298,2.7196608885489555
5299,2.7196608885489555
5300,2.7196608885489555
5301,2.7196608885489555
5302,2.7196608885489555
5303,2.7196608885489555
5304,2.7196608885489555
5305,2.7196608885489555
5306,2.7196608885489555
5307,2.7196608885489555
5308,2.7196608885489555
5309,2.7196608885489555
5310,2.7196608885489555
5311,2.7196608885489555
5312,2.7196608885489555
5313,2.7196608885489555
5314,2.7196608885489555
5315,2.7196608885489555
5316,2.7196608885489555
5317,2.7196608885489555
5318,2.7196608885489555
5319,2.7196608885489555
5320,2.7196608885489555
5321,2.7196608885489555
5322,2.7196608885489555
5323,2.7196608885489555
5324,2.7196608885489555
5325,2.7196608885489555
5326,2.7196608885489555
5327,2.7196608885489555
5328,2.7196608885489555
5329,2.7196608885489555
5330,2.7196608885489555
5331,2.7196608885489555
5332,2.7196608885489555
5333,2.7196608885489555
5334,2.7196608885489555
5335,2.7196608885489555
5336,2.7196608885489555
5337,2.7196608885489555
5338,2.7196608885489555
5339,2.7196608885489555
5340,2.7196608885489555
5341,2.7196608885489555
5342,2.7196608885489555
5343,2.7196608885489555
5344,2.7196608885489555
5345,2.7196608885489555
5346,2.7196608885489555
5347,2.7196608885489555
5348,2.7196608885489555
5349,2.7196608885489555
5350,2.7196608885489555
5351,2.7196608885489555
5352,2.7196608885489555
5353,2.7196608885489555
5354,2.7196608885489555
5355,2.7196608885489555
5356,2.7196608885489555
5357,2.7196608885489555
5358,2.7196608885489555
5359,2.7196608885489555
5360,2.7196608885489555
5361,2.7196608885489555
5362,2.7196608885489555
5363,2.7196608885489555
5364,2.7196608885489555
5365,2.7196608885489555
5366,2.7196608885489555
5367,2.7196608885489555
5368,2.7196608885489555
5369,2.7196608885489555
5370,2.7196608885489555
5371,2.7196608885489555
5372,2.7196608885489555
5373,2.7196608885489555
5374,2.7196608885489555
5375,2.7196608885489555
5376,2.7196608885489555
5377,2.7196608885489555
5378,2.7196608885489555
5379,2.7196608885489555
5380,2.7196608885489555
5381,2.7196608885489555
5382,2.7196608885489555
5383,2.7196608885489555
5384,2.7196608885489555
5385,2.7196608885489555
5386,2.7196608885489555
5387,2.7196608885489555
5388,2.7196608885489555
5389,2.7196608885489555
5390,2.7196608885489555
5391,2.7196608885489555
5392,2.7196608885489555
5393,2.7196608885489555
5394,2.7196608885489555
5395,2.7196608885489555
5396,2.7196608885489555
5397,2.7196608885489555
5398,2.7196608885489555
5399,2.7196608885489555
5400,2.7196608885489555
5401,2.7196608885489555
5402,2.7196608885489555
5403,2.7196608885489555
5404,2.7196608885489555
5405,2.7196608885489555
5406,2.7196608885489555
5407,2.7196608885489555
5408,2.7196608885489555
5409,2.7196608885489555
5410,2.7196608885489555
5411,2.7196608885489555
5412,2.7196608885489555
5413,2.7196608885489555
5414,2.7196608885489555
5415,2.7196608885489555
5416,2.7196608885489555
5417,2.7196608885489555
5418,2.7196608885489555
5419,2.7196608885489555
5420,2.7196608885489555
5421,2.7196608885489555
5422,2.7196608885489555
5423,2.7196608885489555
5424,2.7196608885489555
5425,2.7196608885489555
5426,2.7196608885489555
5427,2.7196608885489555
5428,2.7196608885489555
5429,2.7196608885489555
5430,2.7196608885489555
5431,2.7196608885489555
5432,2.7196608885489555
5433,2.7196608885489555
5434,2.7196608885489555
5435,2.7196608885489555
5436,2.7196608885489555
5437,2.7196608885489555
5438,2.7196608885489555
5439,2.7196608885489555
5440,2.7196608885489555
5441,2.7196608885489555
5442,2.7196608885489555
5443,2.7196608885489555
5444,2.7196608885489555
5445,2.7196608885489555
5446,2.7196608885489555
5447,2.7196608885489555
5448,2.7196608885489555
5449,2.7196608885489555
5450,2.7196608885489555
5451,2.7196608885489555
5452,2.7196608885489555
5453,2.7196608885489555
5454,2.7196608885489555
5455,2.7196608885489555
5456,2.7196608885489555
5457,2.7196608885489555
5458,2.7196608885489555
5459,2.7196608885489555
5460,2.7196608885489555
5461,2.7196608885489555
5462,2.7196608885489555
5463,2.7196608885489555
5464,2.7196608885489555
5465,2.7196608885489555
5466,2.7196608885489555
5467,2.7196608885489555
5468,2.7196608885489555
5469,2.7196608885489555
5470,2.7196608885489555
5471,2.7196608885489555
5472,2.7196608885489555
5473,2.7196608885489555
5474,2.7196608885489555
5475,2.7196608885489555
5476,2.7196608885489555
5477,2.7196608885489555
5478,2.7196608885489555
5479,2.7196608885489555
5480,2.7196608885489555
5481,2.7196608885489555
5482,2.7196608885489555
5483,2.7196608885489555
5484,2.7196608885489555
5485,2.7196608885489555
5486,2.7196608885489555
5487,2.7196608885489555
5488,2.7196608885489555
5489,2.7196608885489555
5490,2.7196608885489555
5491,2.7196608885489555
5492,2.7196608885489555
5493,2.7196608885489555
5494,2.7196608885489555
5495,2.7196608885489555
5496,2.7196608885489555
5497,2.7196608885489555
5498,2.7196608885489555
5499,2.7196608885489555
5500,2.7196608885489555
5501,2.7196608885489555
5502,2.7196608885489555
5503,2.7196608885489555
5504,2.7196608885489555
5505,2.7196608885489555
5506,2.7196608885489555
5507,2.7196608885489555
5508,2.7196608885489555
5509,2.7196608885489555
5510,2.7196608885489555
5511,2.7196608885489555
5512,2.7196608885489555
5513,2.7196608885489555
5514,2.7196608885489555
5515,2.7196608885489555
5516,2.7196608885489555
5517,2.7196608885489555
5518,2.7196608885489555
5519,2.7196608885489555
5520,2.7196608885489555
5521,2.7196608885489555
5522,2.7196608885489555
5523,2.7196608885489555
5524,2.7196608885489555
5525,2.7196608885489555
5526,2.7196608885489555
5527,2.7196608885489555
5528,2.7196608885489555
5529,2.7196608885489555
5530,2.7196608885489555
5531,2.7196608885489555
5532,2.7196608885489555
5533,2.7196608885489555
5534,2.7196608885489555
5535,2.7196608885489555
5536,2.7196608885489555
5537,2.7196608885489555
5538,2.7196608885489555
5539,2.7196608885489555
5540,2.7196608885489555
5541,2.7196608885489555
5542,2.7196608885489555
5543,2.7196608885489555
5544,2.7196608885489555
5545,2.7196608885489555
5546,2.7196608885489555
5547,2.7196608885489555
5548,2.7196608885489555
5549,2.7196608885489555
5550,2.7196608885489555
5551,2.7196608885489555
5552,2.7196608885489555
5553,2.7196608885489555
5554,2.7196608885489555
5555,2.7196608885489555
5556,2.7196608885489555
5557,2.7196608885489555
5558,2.7196608885489555
5559,2.7196608885489555
5560,2.7196608885489555
5561,2.7196608885489555
5562,2.7196608885489555
5563,2.7196608885489555
5564,2.7196608885489555
5565,2.7196608885489555
5566,2.7196608885489555
5567,2.7196608885489555
5568,2.7196608885489555
5569,2.7196608885489555
5570,2.7196608885489555
5571,2.7196608885489555
5572,2.7196608885489555
5573,2.7196608885489555
5574,2.7196608885489555
5575,2.7196608885489555
5576,2.7196608885489555
5577,2.7196608885489555
5578,2.7196608885489555
5579,2.7196608885489555
5580,2.7196608885489555
5581,2.7196608885489555
5582,2.7196608885489555
5583,2.7196608885489555
5584,2.7196608885489555
5585,2.7196608885489555
5586,2.7196608885489555
5587,2.7196608885489555
5588,2.7196608885489555
5589,2.7196608885489555
5590,2.7196608885489555
5591,2.7196608885489555
5592,2.7196608885489555
5593,2.7196608885489555
5594,2.7196608885489555
5595,2.7196608885489555
5596,2.7196608885489555
5597,2.7196608885489555
5598,2.7196608885489555
5599,2.7196608885489555
5600,2.7196608885489555
5601,2.7196608885489555
5602,2.7196608885489555
5603,2.7196608885489555
5604,2.7196608885489555
5605,2.7196608885489555
5606,2.7196608885489555
5607,2.7196608885489555
5608,2.7196608885489555
5609,2.7196608885489555
5610,2.7196608885489555
5611,2.7196608885489555
5612,2.7196608885489555
5613,2.7196608885489555
5614,2.7196608885489555
5615,2.7196608885489555
5616,2.7196608885489555
5617,2.7196608885489555
5618,2.7196608885489555
5619,2.7196608885489555
5620,2.7196608885489555
5621,2.7196608885489555
5622,2.7196608885489555
5623,2.7196608885489555
5624,2.7196608885489555
5625,2.7196608885489555
5626,2.7196608885489555
5627,2.7196608885489555
5628,2.7196608885489555
5629,2.7196608885489555
5630,2.7196608885489555
5631,2.7196608885489555
5632,2.7196608885489555
5633,2.7196608885489555
5634,2.7196608885489555
5635,2.7196608885489555
5636,2.7196608885489555
5637,2.7196608885489555
5638,2.7196608885489555
5639,2.7196608885489555
5640,2.7196608885489555
5641,2.7196608885489555
5642,2.7196608885489555
5643,2.7196608885489555
5644,2.7196608885489555
5645,2.7196608885489555
5646,2.7196608885489555
5647,2.7196608885489555
5648,2.7196608885489555
5649,2.7196608885489555
5650,2.7196608885489555
5651,2.7196608885489555
5652,2.7196608885489555
5653,2.7196608885489555
5654,2.7196608885489555
5655,2.7196608885489555
5656,2.7196608885489555
5657,2.7196608885489555
5658,2.7196608885489555
5659,2.7196608885489555
5660,2.7196608885489555
5661,2.7196608885489555
5662,2.7196608885489555
5663,2.7196608885489555
5664,2.7196608885489555
5665,2.7196608885489555
5666,2.7196608885489555
5667,2.7196608885489555
5668,2.7196608885489555
5669,2.7196608885489555
5670,2.7196608885489555
5671,2.7196608885489555
5672,2.7196608885489555
5673,2.7196608885489555
5674,2.7196608885489555
5675,2.7196608885489555
5676,2.7196608885489555
5677,2.7196608885489555
5678,2.7196608885489555
5679,2.7196608885489555
5680,2.7196608885489555
5681,2.7196608885489555
5682,2.7196608885489555
5683,2.7196608885489555
5684,2.7196608885489555
5685,2.7196608885489555
5686,2.7196608885489555
5687,2.7196608885489555
5688,2.7196608885489555
5689,2.7196608885489555
5690,2.7196608885489555
5691,2.7196608885489555
5692,2.7196608885489555
5693,2.7196608885489555
5694,2.7196608885489555
5695,2.7196608885489555
5696,2.7196608885489555
5697,2.7196608885489555
5698,2.7196608885489555
5699,2.7196608885489555
5700,2.7196608885489555
5701,2.7196608885489555
5702,2.7196608885489555
5703,2.7196608885489555
5704,2.7196608885489555
5705,2.7196608885489555
5706,2.7196608885489555
5707,2.7196608885489555
5708,2.7196608885489555
5709,2.7196608885489555
5710,2.7196608885489555
5711,2.7196608885489555
5712,2.7196608885489555
5713,2.7196608885489555
5714,2.7196608885489555
5715,2.7196608885489555
5716,2.7196608885489555
5717,2.7196608885489555
5718,2.7196608885489555
5719,2.7196608885489555
5720,2.7196608885489555
5721,2.7196608885489555
5722,2.7196608885489555
5723,2.7196608885489555
5724,2.7196608885489555
5725,2.7196608885489555
5726,2.7196608885489555
5727,2.7196608885489555
5728,2.7196608885489555
5729,2.7196608885489555
5730,2.7196608885489555
5731,2.7196608885489555
5732,2.7196608885489555
5733,2.7196608885489555
5734,2.7196608885489555
5735,2.7196608885489555
5736,2.7196608885489555
5737,2.7196608885489555
5738,2.7196608885489555
5739,2.7196608885489555
5740,2.7196608885489555
5741,2.7196608885489555
5742,2.7196608885489555
5743,2.7196608885489555
5744,2.7196608885489555
5745,2.7196608885489555
5746,2.7196608885489555
5747,2.7196608885489555
5748,2.7196608885489555
5749,2.7196608885489555
5750,2.7196608885489555
5751,2.7196608885489555
5752,2.7196608885489555
5753,2.7196608885489555
5754,2.7196608885489555
5755,2.7196608885489555
5756,2.7196608885489555
5757,2.7196608885489555
5758,2.7196608885489555
5759,2.7196608885489555
5760,2.7196608885489555
5761,2.7196608885489555
5762,2.7196608885489555
5763,2.7196608885489555
5764,2.7196608885489555
5765,2.7196608885489555
5766,2.7196608885489555
5767,2.7196608885489555
5768,2.7196608885489555
5769,2.7196608885489555
5770,2.7196608885489555
5771,2.7196608885489555
5772,2.7196608885489555
5773,2.7196608885489555
5774,2.7196608885489555
5775,2.7196608885489555
5776,2.7196608885489555
5777,2.7196608885489555
5778,2.7196608885489555
5779,2.7196608885489555
5780,2.7196608885489555
5781,2.7196608885489555
5782,2.7196608885489555
5783,2.7196608885489555
5784,2.7196608885489555
5785,2.7196608885489555
5786,2.7196608885489555
5787,2.7196608885489555
5788,2.7196608885489555
5789,2.7196608885489555
5790,2.7196608885489555
5791,2.7196608885489555
5792,2.7196608885489555
5793,2.7196608885489555
5794,2.7196608885489555
5795,2.7196608885489555
5796,2.7196608885489555
5797,2.7196608885489555
5798,2.7196608885489555
5799,2.7196608885489555
5800,2.7196608885489555
5801,2.7196608885489555
5802,2.7196608885489555
5803,2.7196608885489555
5804,2.7196608885489555
5805,2.7196608885489555
5806,2.7196608885489555
5807,2.7196608885489555
5808,2.7196608885489555
5809,2.7196608885489555
5810,2.7196608885489555
5811,2.7196608885489555
5812,2.7196608885489555
5813,2.7196608885489555
5814,2.7196608885489555
5815,2.7196608885489555
5816,2.7196608885489555
5817,2.7196608885489555
5818,2.7196608885489555
5819,2.7196608885489555
5820,2.7196608885489555
5821,2.7196608885489555
5822,2.7196608885489555
5823,2.7196608885489555
5824,2.7196608885489555
5825,2.7196608885489555
5826,2.7196608885489555
5827,2.7196608885489555
5828,2.7196608885489555
5829,2.7196608885489555
5830,2.7196608885489555
5831,2.7196608885489555
5832,2.7196608885489555
5833,2.7196608885489555
5834,2.7196608885489555
5835,2.7196608885489555
5836,2.7196608885489555
5837,2.7196608885489555
5838,2.7196608885489555
5839,2.7196608885489555
5840,2.7196608885489555
5841,2.7196608885489555
5842,2.7196608885489555
5843,2.7196608885489555
5844,2.7196608885489555
5845,2.7196608885489555
5846,2.7196608885489555
5847,2.7196608885489555
5848,2.7196608885489555
5849,2.7196608885489555
5850,2.7196608885489555
5851,2.7196608885489555
5852,2.7196608885489555
5853,2.7196608885489555
5854,2.7196608885489555
5855,2.7196608885489555
5856,2.7196608885489555
5857,2.7196608885489555
5858,2.7196608885489555
5859,2.7196608885489555
5860,2.7196608885489555
5861,2.7196608885489555
5862,2.7196608885489555
5863,2.7196608885489555
5864,2.7196608885489555
5865,2.7196608885489555
5866,2.7196608885489555
5867,2.7196608885489555
5868,2.7196608885489555
5869,2.7196608885489555
5870,2.7196608885489555
5871,2.7196608885489555
5872,2.7196608885489555
5873,2.7196608885489555
5874,2.7196608885489555
5875,2.7196608885489555
5876,2.7196608885489555
5877,2.7196608885489555
5878,2.7196608885489555
5879,2.7196608885489555
5880,2.7196608885489555
5881,2.7196608885489555
5882,2.7196608885489555
5883,2.7196608885489555
5884,2.7196608885489555
5885,2.7196608885489555
5886,2.7196608885489555
5887,2.7196608885489555
5888,2.7196608885489555
5889,2.7196608885489555
5890,2.7196608885489555
5891,2.7196608885489555
5892,2.7196608885489555
5893,2.7196608885489555
5894,2.7196608885489555
5895,2.7196608885489555
5896,2.7196608885489555
5897,2.7196608885489555
5898,2.7196608885489555
5899,2.7196608885489555
5900,2.7196608885489555
5901,2.7196608885489555
5902,2.7196608885489555
5903,2.7196608885489555
5904,2.7196608885489555
5905,2.7196608885489555
5906,2.7196608885489555
5907,2.7196608885489555
5908,2.7196608885489555
5909,2.7196608885489555
5910,2.7196608885489555
5911,2.7196608885489555
5912,2.7196608885489555
5913,2.7196608885489555
5914,2.7196608885489555
5915,2.7196608885489555
5916,2.7196608885489555
5917,2.7196608885489555
5918,2.7196608885489555
5919,2.7196608885489555
5920,2.7196608885489555
5921,2.7196608885489555
5922,2.7196608885489555
5923,2.7196608885489555
5924,2.7196608885489555
5925,2.7196608885489555
5926,2.7196608885489555
5927,2.7196608885489555
5928,2.7196608885489555
5929,2.7196608885489555
5930,2.7196608885489555
5931,2.7196608885489555
5932,2.7196608885489555
5933,2.7196608885489555
5934,2.7196608885489555
5935,2.7196608885489555
5936,2.7196608885489555
5937,2.7196608885489555
5938,2.7196608885489555
5939,2.7196608885489555
5940,2.7196608885489555
5941,2.7196608885489555
5942,2.7196608885489555
5943,2.7196608885489555
5944,2.7196608885489555
5945,2.7196608885489555
5946,2.7196608885489555
5947,2.7196608885489555
5948,2.7196608885489555
5949,2.7196608885489555
5950,2.7196608885489555
5951,2.7196608885489555
5952,2.7196608885489555
5953,2.7196608885489555
5954,2.7196608885489555
5955,2.7196608885489555
5956,2.7196608885489555
5957,2.7196608885489555
5958,2.7196608885489555
5959,2.7196608885489555
5960,2.7196608885489555
5961,2.7196608885489555
5962,2.7196608885489555
5963,2.7196608885489555
5964,2.7196608885489555
5965,2.7196608885489555
5966,2.7196608885489555
5967,2.7196608885489555
5968,2.7196608885489555
5969,2.7196608885489555
5970,2.7196608885489555
5971,2.7196608885489555
5972,2.7196608885489555
5973,2.7196608885489555
5974,2.7196608885489555
5975,2.7196608885489555
5976,2.7196608885489555
5977,2.7196608885489555
5978,2.7196608885489555
5979,2.7196608885489555
5980,2.7196608885489555
5981,2.7196608885489555
5982,2.7196608885489555
5983,2.7196608885489555
5984,2.7196608885489555
5985,2.7196608885489555
5986,2.7196608885489555
5987,2.7196608885489555
5988,2.7196608885489555
5989,2.7196608885489555
5990,2.7196608885489555
5991,2.7196608885489555
5992,2.7196608885489555
5993,2.7196608885489555
5994,2.7196608885489555
5995,2.7196608885489555
5996,2.7196608885489555
5997,2.7196608885489555
5998,2.7196608885489555
5999,2.7196608885489555
6000,2.7196608885489555
6001,2.7196608885489555
6002,2.7196608885489555
6003,2.7196608885489555
6004,2.7196608885489555
6005,2.7196608885489555
6006,2.7196608885489555
6007,2.7196608885489555
6008,2.7196608885489555
6009,2.7196608885489555
6010,2.7196608885489555
6011,2.7196608885489555
6012,2.7196608885489555
6013,2.7196608885489555
6014,2.7196608885489555
6015,2.7196608885489555
6016,2.7196608885489555
6017,2.7196608885489555
6018,2.7196608885489555
6019,2.7196608885489555
6020,2.7196608885489555
6021,2.7196608885489555
6022,2.7196608885489555
6023,2.7196608885489555
6024,2.7196608885489555
6025,2.7196608885489555
6026,2.7196608885489555
6027,2.7196608885489555
6028,2.7196608885489555
6029,2.7196608885489555
6030,2.7196608885489555
6031,2.7196608885489555
6032,2.7196608885489555
6033,2.7196608885489555
6034,2.7196608885489555
6035,2.7196608885489555
6036,2.7196608885489555
6037,2.7196608885489555
6038,2.7196608885489555
6039,2.7196608885489555
6040,2.7196608885489555
6041,2.7196608885489555
6042,2.7196608885489555
6043,2.7196608885489555
6044,2.7196608885489555
6045,2.7196608885489555
6046,2.7196608885489555
6047,2.7196608885489555
6048,2.7196608885489555
6049,2.7196608885489555
6050,2.7196608885489555
6051,2.7196608885489555
6052,2.7196608885489555
6053,2.7196608885489555
6054,2.7196608885489555
6055,2.7196608885489555
6056,2.7196608885489555
6057,2.7196608885489555
6058,2.7196608885489555
6059,2.7196608885489555
6060,2.7196608885489555
6061,2.7196608885489555
6062,2.7196608885489555
6063,2.7196608885489555
6064,2.7196608885489555
6065,2.7196608885489555
6066,2.7196608885489555
6067,2.7196608885489555
6068,2.7196608885489555
6069,2.7196608885489555
6070,2.7196608885489555
6071,2.7196608885489555
6072,2.7196608885489555
6073,2.7196608885489555
6074,2.7196608885489555
6075,2.7196608885489555
6076,2.7196608885489555
6077,2.7196608885489555
6078,2.7196608885489555
6079,2.7196608885489555
6080,2.7196608885489555
6081,2.7196608885489555
6082,2.7196608885489555
6083,2.7196608885489555
6084,2.7196608885489555
6085,2.7196608885489555
6086,2.7196608885489555
6087,2.7196608885489555
6088,2.7196608885489555
6089,2.7196608885489555
6090,2.7196608885489555
6091,2.7196608885489555
6092,2.7196608885489555
6093,2.7196608885489555
6094,2.7196608885489555
6095,2.7196608885489555
6096,2.7196608885489555
6097,2.7196608885489555
6098,2.7196608885489555
6099,2.7196608885489555
6100,2.7196608885489555
6101,2.7196608885489555
6102,2.7196608885489555
6103,2.7196608885489555
6104,2.7196608885489555
6105,2.7196608885489555
6106,2.7196608885489555
6107,2.7196608885489555
6108,2.7196608885489555
6109,2.7196608885489555
6110,2.7196608885489555
6111,2.7196608885489555
6112,2.7196608885489555
6113,2.7196608885489555
6114,2.7196608885489555
6115,2.7196608885489555
6116,2.7196608885489555
6117,2.7196608885489555
6118,2.7196608885489555
6119,2.7196608885489555
6120,2.7196608885489555
6121,2.7196608885489555
6122,2.7196608885489555
6123,2.7196608885489555
6124,2.7196608885489555
6125,2.7196608885489555
6126,2.7196608885489555
6127,2.7196608885489555
6128,2.7196608885489555
6129,2.7196608885489555
6130,2.7196608885489555
6131,2.7196608885489555
6132,2.7196608885489555
6133,2.7196608885489555
6134,2.7196608885489555
6135,2.7196608885489555
6136,2.7196608885489555
6137,2.7196608885489555
6138,2.7196608885489555
6139,2.7196608885489555
6140,2.7196608885489555
6141,2.7196608885489555
6142,2.7196608885489555
6143,2.7196608885489555
6144,2.7196608885489555
6145,2.7196608885489555
6146,2.7196608885489555
6147,2.7196608885489555
6148,2.7196608885489555
6149,2.7196608885489555
6150,2.7196608885489555
6151,2.7196608885489555
6152,2.7196608885489555
6153,2.7196608885489555
6154,2.7196608885489555
6155,2.7196608885489555
6156,2.7196608885489555
6157,2.7196608885489555
6158,2.7196608885489555
6159,2.7196608885489555
6160,2.7196608885489555
6161,2.7196608885489555
6162,2.7196608885489555
6163,2.7196608885489555
6164,2.7196608885489555
6165,2.7196608885489555
6166,2.7196608885489555
6167,2.7196608885489555
6168,2.7196608885489555
6169,2.7196608885489555
6170,2.7196608885489555
6171,2.7196608885489555
6172,2.7196608885489555
6173,2.7196608885489555
6174,2.7196608885489555
6175,2.7196608885489555
6176,2.7196608885489555
6177,2.7196608885489555
6178,2.7196608885489555
6179,2.7196608885489555
6180,2.7196608885489555
6181,2.7196608885489555
6182,2.7196608885489555
6183,2.7196608885489555
6184,2.7196608885489555
6185,2.7196608885489555
6186,2.7196608885489555
6187,2.7196608885489555
6188,2.7196608885489555
6189,2.7196608885489555
6190,2.7196608885489555
6191,2.7196608885489555
6192,2.7196608885489555
6193,2.7196608885489555
6194,2.7196608885489555
6195,2.7196608885489555
6196,2.7196608885489555
6197,2.7196608885489555
6198,2.7196608885489555
6199,2.7196608885489555
6200,2.7196608885489555
6201,2.7196608885489555
6202,2.7196608885489555
6203,2.7196608885489555
6204,2.7196608885489555
6205,2.7196608885489555
6206,2.7196608885489555
6207,2.7196608885489555
6208,2.7196608885489555
6209,2.7196608885489555
6210,2.7196608885489555
6211,2.7196608885489555
6212,2.7196608885489555
6213,2.7196608885489555
6214,2.7196608885489555
6215,2.7196608885489555
6216,2.7196608885489555
6217,2.7196608885489555
6218,2.7196608885489555
6219,2.7196608885489555
6220,2.7196608885489555
6221,2.7196608885489555
6222,2.7196608885489555
6223,2.7196608885489555
6224,2.7196608885489555
6225,2.7196608885489555
6226,2.7196608885489555
6227,2.7196608885489555
6228,2.7196608885489555
6229,2.7196608885489555
6230,2.7196608885489555
6231,2.7196608885489555
6232,2.7196608885489555
6233,2.7196608885489555
6234,2.7196608885489555
6235,2.7196608885489555
6236,2.7196608885489555
6237,2.7196608885489555
6238,2.7196608885489555
6239,2.7196608885489555
6240,2.7196608885489555
6241,2.7196608885489555
6242,2.7196608885489555
6243,2.7196608885489555
6244,2.7196608885489555
6245,2.7196608885489555
6246,2.7196608885489555
6247,2.7196608885489555
6248,2.7196608885489555
6249,2.7196608885489555
6250,2.7196608885489555
6251,2.7196608885489555
6252,2.7196608885489555
6253,2.7196608885489555
6254,2.7196608885489555
6255,2.7196608885489555
6256,2.7196608885489555
6257,2.7196608885489555
6258,2.7196608885489555
6259,2.7196608885489555
6260,2.7196608885489555
6261,2.7196608885489555
6262,2.7196608885489555
6263,2.7196608885489555
6264,2.7196608885489555
6265,2.7196608885489555
6266,2.7196608885489555
6267,2.7196608885489555
6268,2.7196608885489555
6269,2.7196608885489555
6270,2.7196608885489555
6271,2.7196608885489555
6272,2.7196608885489555
6273,2.7196608885489555
6274,2.7196608885489555
6275,2.7196608885489555
6276,2.7196608885489555
6277,2.7196608885489555
6278,2.7196608885489555
6279,2.7196608885489555
6280,2.7196608885489555
6281,2.7196608885489555
6282,2.7196608885489555
6283,2.7196608885489555
6284,2.7196608885489555
6285,2.7196608885489555
6286,2.7196608885489555
6287,2.7196608885489555
6288,2.7196608885489555
6289,2.7196608885489555
6290,2.7196608885489555
6291,2.7196608885489555
6292,2.7196608885489555
6293,2.7196608885489555
6294,2.7196608885489555
6295,2.7196608885489555
6296,2.7196608885489555
6297,2.7196608885489555
6298,2.7196608885489555
6299,2.7196608885489555
6300,2.7196608885489555
6301,2.7196608885489555
6302,2.7196608885489555
6303,2.7196608885489555
6304,2.7196608885489555
6305,2.7196608885489555
6306,2.7196608885489555
6307,2.7196608885489555
6308,2.7196608885489555
6309,2.7196608885489555
6310,2.7196608885489555
6311,2.7196608885489555
6312,2.7196608885489555
6313,2.7196608885489555
6314,2.7196608885489555
6315,2.7196608885489555
6316,2.7196608885489555
6317,2.7196608885489555
6318,2.7196608885489555
6319,2.7196608885489555
6320,2.7196608885489555
6321,2.7196608885489555
6322,2.7196608885489555
6323,2.7196608885489555
6324,2.7196608885489555
6325,2.7196608885489555
6326,2.7196608885489555
6327,2.7196608885489555
6328,2.7196608885489555
6329,2.7196608885489555
6330,2.7196608885489555
6331,2.7196608885489555
6332,2.7196608885489555
6333,2.7196608885489555
6334,2.7196608885489555
6335,2.7196608885489555
6336,2.7196608885489555
6337,2.7196608885489555
6338,2.7196608885489555
6339,2.7196608885489555
6340,2.7196608885489555
6341,2.7196608885489555
6342,2.7196608885489555
6343,2.7196608885489555
6344,2.7196608885489555
6345,2.7196608885489555
6346,2.7196608885489555
6347,2.7196608885489555
6348,2.7196608885489555
6349,2.7196608885489555
6350,2.7196608885489555
6351,2.7196608885489555
6352,2.7196608885489555
6353,2.7196608885489555
6354,2.7196608885489555
6355,2.7196608885489555
6356,2.7196608885489555
6357,2.7196608885489555
6358,2.7196608885489555
6359,2.7196608885489555
6360,2.7196608885489555
6361,2.7196608885489555
6362,2.7196608885489555
6363,2.7196608885489555
6364,2.7196608885489555
6365,2.7196608885489555
6366,2.7196608885489555
6367,2.7196608885489555
6368,2.7196608885489555
6369,2.7196608885489555
6370,2.7196608885489555
6371,2.7196608885489555
6372,2.7196608885489555
6373,2.7196608885489555
6374,2.7196608885489555
6375,2.7196608885489555
6376,2.7196608885489555
6377,2.7196608885489555
6378,2.7196608885489555
6379,2.7196608885489555
6380,2.7196608885489555
6381,2.7196608885489555
6382,2.7196608885489555
6383,2.7196608885489555
6384,2.7196608885489555
6385,2.7196608885489555
6386,2.7196608885489555
6387,2.7196608885489555
6388,2.7196608885489555
6389,2.7196608885489555
6390,2.7196608885489555
6391,2.7196608885489555
6392,2.7196608885489555
6393,2.7196608885489555
6394,2.7196608885489555
6395,2.7196608885489555
6396,2.7196608885489555
6397,2.7196608885489555
6398,2.7196608885489555
6399,2.7196608885489555
6400,2.7196608885489555
6401,2.7196608885489555
6402,2.7196608885489555
6403,2.7196608885489555
6404,2.7196608885489555
6405,2.7196608885489555
6406,2.7196608885489555
6407,2.7196608885489555
6408,2.7196608885489555
6409,2.7196608885489555
6410,2.7196608885489555
6411,2.7196608885489555
6412,2.7196608885489555
6413,2.7196608885489555
6414,2.7196608885489555
6415,2.7196608885489555
6416,2.7196608885489555
6417,2.7196608885489555
6418,2.7196608885489555
6419,2.7196608885489555
6420,2.7196608885489555
6421,2.7196608885489555
6422,2.7196608885489555
6423,2.7196608885489555
6424,2.7196608885489555
6425,2.7196608885489555
6426,2.7196608885489555
6427,2.7196608885489555
6428,2.7196608885489555
6429,2.7196608885489555
6430,2.7196608885489555
6431,2.7196608885489555
6432,2.7196608885489555
6433,2.7196608885489555
6434,2.7196608885489555
6435,2.7196608885489555
6436,2.7196608885489555
6437,2.7196608885489555
6438,2.7196608885489555
6439,2.7196608885489555
6440,2.7196608885489555
6441,2.7196608885489555
6442,2.7196608885489555
6443,2.7196608885489555
6444,2.7196608885489555
6445,2.7196608885489555
6446,2.7196608885489555
6447,2.7196608885489555
6448,2.7196608885489555
6449,2.7196608885489555
6450,2.7196608885489555
6451,2.7196608885489555
6452,2.7196608885489555
6453,2.7196608885489555
6454,2.7196608885489555
6455,2.7196608885489555
6456,2.7196608885489555
6457,2.7196608885489555
6458,2.7196608885489555
6459,2.7196608885489555
6460,2.7196608885489555
6461,2.7196608885489555
6462,2.7196608885489555
6463,2.7196608885489555
6464,2.7196608885489555
6465,2.7196608885489555
6466,2.7196608885489555
6467,2.7196608885489555
6468,2.7196608885489555
6469,2.7196608885489555
6470,2.7196608885489555
6471,2.7196608885489555
6472,2.7196608885489555
6473,2.7196608885489555
6474,2.7196608885489555
6475,2.7196608885489555
6476,2.7196608885489555
6477,2.7196608885489555
6478,2.7196608885489555
6479,2.7196608885489555
6480,2.7196608885489555
6481,2.7196608885489555
6482,2.7196608885489555
6483,2.7196608885489555
6484,2.7196608885489555
6485,2.7196608885489555
6486,2.7196608885489555
6487,2.7196608885489555
6488,2.7196608885489555
6489,2.7196608885489555
6490,2.7196608885489555
6491,2.7196608885489555
6492,2.7196608885489555
6493,2.7196608885489555
6494,2.7196608885489555
6495,2.7196608885489555
6496,2.7196608885489555
6497,2.7196608885489555
6498,2.7196608885489555
6499,2.7196608885489555
6500,2.7196608885489555
6501,2.7196608885489555
6502,2.7196608885489555
6503,2.7196608885489555
6504,2.7196608885489555
6505,2.7196608885489555
6506,2.7196608885489555
6507,2.7196608885489555
6508,2.7196608885489555
6509,2.7196608885489555
6510,2.7196608885489555
6511,2.7196608885489555
6512,2.7196608885489555
6513,2.7196608885489555
6514,2.7196608885489555
6515,2.7196608885489555
6516,2.7196608885489555
6517,2.7196608885489555
6518,2.7196608885489555
6519,2.7196608885489555
6520,2.7196608885489555
6521,2.7196608885489555
6522,2.7196608885489555
6523,2.7196608885489555
6524,2.7196608885489555
6525,2.7196608885489555
6526,2.7196608885489555
6527,2.7196608885489555
6528,2.7196608885489555
6529,2.7196608885489555
6530,2.7196608885489555
6531,2.7196608885489555
6532,2.7196608885489555
6533,2.7196608885489555
6534,2.7196608885489555
6535,2.7196608885489555
6536,2.7196608885489555
6537,2.7196608885489555
6538,2.7196608885489555
6539,2.7196608885489555
6540,2.7196608885489555
6541,2.7196608885489555
6542,2.7196608885489555
6543,2.7196608885489555
6544,2.7196608885489555
6545,2.7196608885489555
6546,2.7196608885489555
6547,2.7196608885489555
6548,2.7196608885489555
6549,2.7196608885489555
6550,2.7196608885489555
6551,2.7196608885489555
6552,2.7196608885489555
6553,2.7196608885489555
6554,2.7196608885489555
6555,2.7196608885489555
6556,2.7196608885489555
6557,2.7196608885489555
6558,2.7196608885489555
6559,2.7196608885489555
6560,2.7196608885489555
6561,2.7196608885489555
6562,2.7196608885489555
6563,2.7196608885489555
6564,2.7196608885489555
6565,2.7196608885489555
6566,2.7196608885489555
6567,2.7196608885489555
6568,2.7196608885489555
6569,2.7196608885489555
6570,2.7196608885489555
6571,2.7196608885489555
6572,2.7196608885489555
6573,2.7196608885489555
6574,2.7196608885489555
6575,2.7196608885489555
6576,2.7196608885489555
6577,2.7196608885489555
6578,2.7196608885489555
6579,2.7196608885489555
6580,2.7196608885489555
6581,2.7196608885489555
6582,2.7196608885489555
6583,2.7196608885489555
6584,2.7196608885489555
6585,2.7196608885489555
6586,2.7196608885489555
6587,2.7196608885489555
6588,2.7196608885489555
6589,2.7196608885489555
6590,2.7196608885489555
6591,2.7196608885489555
6592,2.7196608885489555
6593,2.7196608885489555
6594,2.7196608885489555
6595,2.7196608885489555
6596,2.7196608885489555
6597,2.7196608885489555
6598,2.7196608885489555
6599,2.7196608885489555
6600,2.7196608885489555
6601,2.7196608885489555
6602,2.7196608885489555
6603,2.7196608885489555
6604,2.7196608885489555
6605,2.7196608885489555
6606,2.7196608885489555
6607,2.7196608885489555
6608,2.7196608885489555
6609,2.7196608885489555
6610,2.7196608885489555
6611,2.7196608885489555
6612,2.7196608885489555
6613,2.7196608885489555
6614,2.7196608885489555
6615,2.7196608885489555
6616,2.7196608885489555
6617,2.7196608885489555
6618,2.7196608885489555
6619,2.7196608885489555
6620,2.7196608885489555
6621,2.7196608885489555
6622,2.7196608885489555
6623,2.7196608885489555
6624,2.7196608885489555
6625,2.7196608885489555
6626,2.7196608885489555
6627,2.7196608885489555
6628,2.7196608885489555
6629,2.7196608885489555
6630,2.7196608885489555
6631,2.7196608885489555
6632,2.7196608885489555
6633,2.7196608885489555
6634,2.7196608885489555
6635,2.7196608885489555
6636,2.7196608885489555
6637,2.7196608885489555
6638,2.7196608885489555
6639,2.7196608885489555
6640,2.7196608885489555
6641,2.7196608885489555
6642,2.7196608885489555
6643,2.7196608885489555
6644,2.7196608885489555
6645,2.7196608885489555
6646,2.7196608885489555
6647,2.7196608885489555
6648,2.7196608885489555
6649,2.7196608885489555
6650,2.7196608885489555
6651,2.7196608885489555
6652,2.7196608885489555
6653,2.7196608885489555
6654,2.7196608885489555
6655,2.7196608885489555
6656,2.7196608885489555
6657,2.7196608885489555
6658,2.7196608885489555
6659,2.7196608885489555
6660,2.7196608885489555
6661,2.7196608885489555
6662,2.7196608885489555
6663,2.7196608885489555
6664,2.7196608885489555
6665,2.7196608885489555
6666,2.7196608885489555
6667,2.7196608885489555
6668,2.7196608885489555
6669,2.7196608885489555
6670,2.7196608885489555
6671,2.7196608885489555
6672,2.7196608885489555
6673,2.7196608885489555
6674,2.7196608885489555
6675,2.7196608885489555
6676,2.7196608885489555
6677,2.7196608885489555
6678,2.7196608885489555
6679,2.7196608885489555
6680,2.7196608885489555
6681,2.7196608885489555
6682,2.7196608885489555
6683,2.7196608885489555
6684,2.7196608885489555
6685,2.7196608885489555
6686,2.7196608885489555
6687,2.7196608885489555
6688,2.7196608885489555
6689,2.7196608885489555
6690,2.7196608885489555
6691,2.7196608885489555
6692,2.7196608885489555
6693,2.7196608885489555
6694,2.7196608885489555
6695,2.7196608885489555
6696,2.7196608885489555
6697,2.7196608885489555
6698,2.7196608885489555
6699,2.7196608885489555
6700,2.7196608885489555
6701,2.7196608885489555
6702,2.7196608885489555
6703,2.7196608885489555
6704,2.7196608885489555
6705,2.7196608885489555
6706,2.7196608885489555
6707,2.7196608885489555
6708,2.7196608885489555
6709,2.7196608885489555
6710,2.7196608885489555
6711,2.7196608885489555
6712,2.7196608885489555
6713,2.7196608885489555
6714,2.7196608885489555
6715,2.7196608885489555
6716,2.7196608885489555
6717,2.7196608885489555
6718,2.7196608885489555
6719,2.7196608885489555
6720,2.7196608885489555
6721,2.7196608885489555
6722,2.7196608885489555
6723,2.7196608885489555
6724,2.7196608885489555
6725,2.7196608885489555
6726,2.7196608885489555
6727,2.7196608885489555
6728,2.7196608885489555
6729,2.7196608885489555
6730,2.7196608885489555
6731,2.7196608885489555
6732,2.7196608885489555
6733,2.7196608885489555
6734,2.7196608885489555
6735,2.7196608885489555
6736,2.7196608885489555
6737,2.7196608885489555
6738,2.7196608885489555
6739,2.7196608885489555
6740,2.7196608885489555
6741,2.7196608885489555
6742,2.7196608885489555
6743,2.7196608885489555
6744,2.7196608885489555
6745,2.7196608885489555
6746,2.7196608885489555
6747,2.7196608885489555
6748,2.7196608885489555
6749,2.7196608885489555
6750,2.7196608885489555
6751,2.7196608885489555
6752,2.7196608885489555
6753,2.7196608885489555
6754,2.7196608885489555
6755,2.7196608885489555
6756,2.7196608885489555
6757,2.7196608885489555
6758,2.7196608885489555
6759,2.7196608885489555
6760,2.7196608885489555
6761,2.7196608885489555
6762,2.7196608885489555
6763,2.7196608885489555
6764,2.7196608885489555
6765,2.7196608885489555
6766,2.7196608885489555
6767,2.7196608885489555
6768,2.7196608885489555
6769,2.7196608885489555
6770,2.7196608885489555
6771,2.7196608885489555
6772,2.7196608885489555
6773,2.7196608885489555
6774,2.7196608885489555
6775,2.7196608885489555
6776,2.7196608885489555
6777,2.7196608885489555
6778,2.7196608885489555
6779,2.7196608885489555
6780,2.7196608885489555
6781,2.7196608885489555
6782,2.7196608885489555
6783,2.7196608885489555
6784,2.7196608885489555
6785,2.7196608885489555
6786,2.7196608885489555
6787,2.7196608885489555
6788,2.7196608885489555
6789,2.7196608885489555
6790,2.7196608885489555
6791,2.7196608885489555
6792,2.7196608885489555
6793,2.7196608885489555
6794,2.7196608885489555
6795,2.7196608885489555
6796,2.7196608885489555
6797,2.7196608885489555
6798,2.7196608885489555
6799,2.7196608885489555
6800,2.7196608885489555
6801,2.7196608885489555
6802,2.7196608885489555
6803,2.7196608885489555
6804,2.7196608885489555
6805,2.7196608885489555
6806,2.7196608885489555
6807,2.7196608885489555
6808,2.7196608885489555
6809,2.7196608885489555
6810,2.7196608885489555
6811,2.7196608885489555
6812,2.7196608885489555
6813,2.7196608885489555
6814,2.7196608885489555
6815,2.7196608885489555
6816,2.7196608885489555
6817,2.7196608885489555
6818,2.7196608885489555
6819,2.7196608885489555
6820,2.7196608885489555
6821,2.7196608885489555
6822,2.7196608885489555
6823,2.7196608885489555
6824,2.7196608885489555
6825,2.7196608885489555
6826,2.7196608885489555
6827,2.7196608885489555
6828,2.7196608885489555
6829,2.7196608885489555
6830,2.7196608885489555
6831,2.7196608885489555
6832,2.7196608885489555
6833,2.7196608885489555
6834,2.7196608885489555
6835,2.7196608885489555
6836,2.7196608885489555
6837,2.7196608885489555
6838,2.7196608885489555
6839,2.7196608885489555
6840,2.7196608885489555
6841,2.7196608885489555
6842,2.7196608885489555
6843,2.7196608885489555
6844,2.7196608885489555
6845,2.7196608885489555
6846,2.7196608885489555
6847,2.7196608885489555
6848,2.7196608885489555
6849,2.7196608885489555
6850,2.7196608885489555
6851,2.7196608885489555
6852,2.7196608885489555
6853,2.7196608885489555
6854,2.7196608885489555
6855,2.7196608885489555
6856,2.7196608885489555
6857,2.7196608885489555
6858,2.7196608885489555
6859,2.7196608885489555
6860,2.7196608885489555
6861,2.7196608885489555
6862,2.7196608885489555
6863,2.7196608885489555
6864,2.7196608885489555
6865,2.7196608885489555
6866,2.7196608885489555
6867,2.7196608885489555
6868,2.7196608885489555
6869,2.7196608885489555
6870,2.7196608885489555
6871,2.7196608885489555
6872,2.7196608885489555
6873,2.7196608885489555
6874,2.7196608885489555
6875,2.7196608885489555
6876,2.7196608885489555
6877,2.7196608885489555
6878,2.7196608885489555
6879,2.7196608885489555
6880,2.7196608885489555
6881,2.7196608885489555
6882,2.7196608885489555
6883,2.7196608885489555
6884,2.7196608885489555
6885,2.7196608885489555
6886,2.7196608885489555
6887,2.7196608885489555
6888,2.7196608885489555
6889,2.7196608885489555
6890,2.7196608885489555
6891,2.7196608885489555
6892,2.7196608885489555
6893,2.7196608885489555
6894,2.7196608885489555
6895,2.7196608885489555
6896,2.7196608885489555
6897,2.7196608885489555
6898,2.7196608885489555
6899,2.7196608885489555
6900,2.7196608885489555
6901,2.7196608885489555
6902,2.7196608885489555
6903,2.7196608885489555
6904,2.7196608885489555
6905,2.7196608885489555
6906,2.7196608885489555
6907,2.7196608885489555
6908,2.7196608885489555
6909,2.7196608885489555
6910,2.7196608885489555
6911,2.7196608885489555
6912,2.7196608885489555
6913,2.7196608885489555
6914,2.7196608885489555
6915,2.7196608885489555
6916,2.7196608885489555
6917,2.7196608885489555
6918,2.7196608885489555
6919,2.7196608885489555
6920,2.7196608885489555
6921,2.7196608885489555
6922,2.7196608885489555
6923,2.7196608885489555
6924,2.7196608885489555
6925,2.7196608885489555
6926,2.7196608885489555
6927,2.7196608885489555
6928,2.7196608885489555
6929,2.7196608885489555
6930,2.7196608885489555
6931,2.7196608885489555
6932,2.7196608885489555
6933,2.7196608885489555
6934,2.7196608885489555
6935,2.7196608885489555
6936,2.7196608885489555
6937,2.7196608885489555
6938,2.7196608885489555
6939,2.7196608885489555
6940,2.7196608885489555
6941,2.7196608885489555
6942,2.7196608885489555
6943,2.7196608885489555
6944,2.7196608885489555
6945,2.7196608885489555
6946,2.7196608885489555
6947,2.7196608885489555
6948,2.7196608885489555
6949,2.7196608885489555
6950,2.7196608885489555
6951,2.7196608885489555
6952,2.7196608885489555
6953,2.7196608885489555
6954,2.7196608885489555
6955,2.7196608885489555
6956,2.7196608885489555
6957,2.7196608885489555
6958,2.7196608885489555
6959,2.7196608885489555
6960,2.7196608885489555
6961,2.7196608885489555
6962,2.7196608885489555
6963,2.7196608885489555
6964,2.7196608885489555
6965,2.7196608885489555
6966,2.7196608885489555
6967,2.7196608885489555
6968,2.7196608885489555
6969,2.7196608885489555
6970,2.7196608885489555
6971,2.7196608885489555
6972,2.7196608885489555
6973,2.7196608885489555
6974,2.7196608885489555
6975,2.7196608885489555
6976,2.7196608885489555
6977,2.7196608885489555
6978,2.7196608885489555
6979,2.7196608885489555
6980,2.7196608885489555
6981,2.7196608885489555
6982,2.7196608885489555
6983,2.7196608885489555
6984,2.7196608885489555
6985,2.7196608885489555
6986,2.7196608885489555
6987,2.7196608885489555
6988,2.7196608885489555
6989,2.7196608885489555
6990,2.7196608885489555
6991,2.7196608885489555
6992,2.7196608885489555
6993,2.7196608885489555
6994,2.7196608885489555
6995,2.7196608885489555
6996,2.7196608885489555
6997,2.7196608885489555
6998,2.7196608885489555
6999,2.7196608885489555
7000,2.7196608885489555
7001,2.7196608885489555
7002,2.7196608885489555
7003,2.7196608885489555
7004,2.7196608885489555
7005,2.7196608885489555
7006,2.7196608885489555
7007,2.7196608885489555
7008,2.7196608885489555
7009,2.7196608885489555
7010,2.7196608885489555
7011,2.7196608885489555
7012,2.7196608885489555
7013,2.7196608885489555
7014,2.7196608885489555
7015,2.7196608885489555
7016,2.7196608885489555
7017,2.7196608885489555
7018,2.7196608885489555
7019,2.7196608885489555
7020,2.7196608885489555
7021,2.7196608885489555
7022,2.7196608885489555
7023,2.7196608885489555
7024,2.7196608885489555
7025,2.7196608885489555
7026,2.7196608885489555
7027,2.7196608885489555
7028,2.7196608885489555
7029,2.7196608885489555
7030,2.7196608885489555
7031,2.7196608885489555
7032,2.7196608885489555
7033,2.7196608885489555
7034,2.7196608885489555
7035,2.7196608885489555
7036,2.7196608885489555
7037,2.7196608885489555
7038,2.7196608885489555
7039,2.7196608885489555
7040,2.7196608885489555
7041,2.7196608885489555
7042,2.7196608885489555
7043,2.7196608885489555
7044,2.7196608885489555
7045,2.7196608885489555
7046,2.7196608885489555
7047,2.7196608885489555
7048,2.7196608885489555
7049,2.7196608885489555
7050,2.7196608885489555
7051,2.7196608885489555
7052,2.7196608885489555
7053,2.7196608885489555
7054,2.7196608885489555
7055,2.7196608885489555
7056,2.7196608885489555
7057,2.7196608885489555
7058,2.7196608885489555
7059,2.7196608885489555
7060,2.7196608885489555
7061,2.7196608885489555
7062,2.7196608885489555
7063,2.7196608885489555
7064,2.7196608885489555
7065,2.7196608885489555
7066,2.7196608885489555
7067,2.7196608885489555
7068,2.7196608885489555
7069,2.7196608885489555
7070,2.7196608885489555
7071,2.7196608885489555
7072,2.7196608885489555
7073,2.7196608885489555
7074,2.7196608885489555
7075,2.7196608885489555
7076,2.7196608885489555
7077,2.7196608885489555
7078,2.7196608885489555
7079,2.7196608885489555
7080,2.7196608885489555
7081,2.7196608885489555
7082,2.7196608885489555
7083,2.7196608885489555
7084,2.7196608885489555
7085,2.7196608885489555
7086,2.7196608885489555
7087,2.7196608885489555
7088,2.7196608885489555
7089,2.7196608885489555
7090,2.7196608885489555
7091,2.7196608885489555
7092,2.7196608885489555
7093,2.7196608885489555
7094,2.7196608885489555
7095,2.7196608885489555
7096,2.7196608885489555
7097,2.7196608885489555
7098,2.7196608885489555
7099,2.7196608885489555
7100,2.7196608885489555
7101,2.7196608885489555
7102,2.7196608885489555
7103,2.7196608885489555
7104,2.7196608885489555
7105,2.7196608885489555
7106,2.7196608885489555
7107,2.7196608885489555
7108,2.7196608885489555
7109,2.7196608885489555
7110,2.7196608885489555
7111,2.7196608885489555
7112,2.7196608885489555
7113,2.7196608885489555
7114,2.7196608885489555
7115,2.7196608885489555
7116,2.7196608885489555
7117,2.7196608885489555
7118,2.7196608885489555
7119,2.7196608885489555
7120,2.7196608885489555
7121,2.7196608885489555
7122,2.7196608885489555
7123,2.7196608885489555
7124,2.7196608885489555
7125,2.7196608885489555
7126,2.7196608885489555
7127,2.7196608885489555
7128,2.7196608885489555
7129,2.7196608885489555
7130,2.7196608885489555
7131,2.7196608885489555
7132,2.7196608885489555
7133,2.7196608885489555
7134,2.7196608885489555
7135,2.7196608885489555
7136,2.7196608885489555
7137,2.7196608885489555
7138,2.7196608885489555
7139,2.7196608885489555
7140,2.7196608885489555
7141,2.7196608885489555
7142,2.7196608885489555
7143,2.7196608885489555
7144,2.7196608885489555
7145,2.7196608885489555
7146,2.7196608885489555
7147,2.7196608885489555
7148,2.7196608885489555
7149,2.7196608885489555
7150,2.7196608885489555
7151,2.7196608885489555
7152,2.7196608885489555
7153,2.7196608885489555
7154,2.7196608885489555
7155,2.7196608885489555
7156,2.7196608885489555
7157,2.7196608885489555
7158,2.7196608885489555
7159,2.7196608885489555
7160,2.7196608885489555
7161,2.7196608885489555
7162,2.7196608885489555
7163,2.7196608885489555
7164,2.7196608885489555
7165,2.7196608885489555
7166,2.7196608885489555
7167,2.7196608885489555
7168,2.7196608885489555
7169,2.7196608885489555
7170,2.7196608885489555
7171,2.7196608885489555
7172,2.7196608885489555
7173,2.7196608885489555
7174,2.7196608885489555
7175,2.7196608885489555
7176,2.7196608885489555
7177,2.7196608885489555
7178,2.7196608885489555
7179,2.7196608885489555
7180,2.7196608885489555
7181,2.7196608885489555
7182,2.7196608885489555
7183,2.7196608885489555
7184,2.7196608885489555
7185,2.7196608885489555
7186,2.7196608885489555
7187,2.7196608885489555
7188,2.7196608885489555
7189,2.7196608885489555
7190,2.7196608885489555
7191,2.7196608885489555
7192,2.7196608885489555
7193,2.7196608885489555
7194,2.7196608885489555
7195,2.7196608885489555
7196,2.7196608885489555
7197,2.7196608885489555
7198,2.7196608885489555
7199,2.7196608885489555
7200,2.7196608885489555
7201,2.7196608885489555
7202,2.7196608885489555
7203,2.7196608885489555
7204,2.7196608885489555
7205,2.7196608885489555
7206,2.7196608885489555
7207,2.7196608885489555
7208,2.7196608885489555
7209,2.7196608885489555
7210,2.7196608885489555
7211,2.7196608885489555
7212,2.7196608885489555
7213,2.7196608885489555
7214,2.7196608885489555
7215,2.7196608885489555
7216,2.7196608885489555
7217,2.7196608885489555
7218,2.7196608885489555
7219,2.7196608885489555
7220,2.7196608885489555
7221,2.7196608885489555
7222,2.7196608885489555
7223,2.7196608885489555
7224,2.7196608885489555
7225,2.7196608885489555
7226,2.7196608885489555
7227,2.7196608885489555
7228,2.7196608885489555
7229,2.7196608885489555
7230,2.7196608885489555
7231,2.7196608885489555
7232,2.7196608885489555
7233,2.7196608885489555
7234,2.7196608885489555
7235,2.7196608885489555
7236,2.7196608885489555
7237,2.7196608885489555
7238,2.7196608885489555
7239,2.7196608885489555
7240,2.7196608885489555
7241,2.7196608885489555
7242,2.7196608885489555
7243,2.7196608885489555
7244,2.7196608885489555
7245,2.7196608885489555
7246,2.7196608885489555
7247,2.7196608885489555
7248,2.7196608885489555
7249,2.7196608885489555
7250,2.7196608885489555
7251,2.7196608885489555
7252,2.7196608885489555
7253,2.7196608885489555
7254,2.7196608885489555
7255,2.7196608885489555
7256,2.7196608885489555
7257,2.7196608885489555
7258,2.7196608885489555
7259,2.7196608885489555
7260,2.7196608885489555
7261,2.7196608885489555
7262,2.7196608885489555
7263,2.7196608885489555
7264,2.7196608885489555
7265,2.7196608885489555
7266,2.7196608885489555
7267,2.7196608885489555
7268,2.7196608885489555
7269,2.7196608885489555
7270,2.7196608885489555
7271,2.7196608885489555
7272,2.7196608885489555
7273,2.7196608885489555
7274,2.7196608885489555
7275,2.7196608885489555
7276,2.7196608885489555
7277,2.7196608885489555
7278,2.7196608885489555
7279,2.7196608885489555
7280,2.7196608885489555
7281,2.7196608885489555
7282,2.7196608885489555
7283,2.7196608885489555
7284,2.7196608885489555
7285,2.7196608885489555
7286,2.7196608885489555
7287,2.7196608885489555
7288,2.7196608885489555
7289,2.7196608885489555
7290,2.7196608885489555
7291,2.7196608885489555
7292,2.7196608885489555
7293,2.7196608885489555
7294,2.7196608885489555
7295,2.7196608885489555
7296,2.7196608885489555
7297,2.7196608885489555
7298,2.7196608885489555
7299,2.7196608885489555
7300,2.7196608885489555
7301,2.7196608885489555
7302,2.7196608885489555
7303,2.7196608885489555
7304,2.7196608885489555
7305,2.7196608885489555
7306,2.7196608885489555
7307,2.7196608885489555
7308,2.7196608885489555
7309,2.7196608885489555
7310,2.7196608885489555
7311,2.7196608885489555
7312,2.7196608885489555
7313,2.7196608885489555
7314,2.7196608885489555
7315,2.7196608885489555
7316,2.7196608885489555
7317,2.7196608885489555
7318,2.7196608885489555
7319,2.7196608885489555
7320,2.7196608885489555
7321,2.7196608885489555
7322,2.7196608885489555
7323,2.7196608885489555
7324,2.7196608885489555
7325,2.7196608885489555
7326,2.7196608885489555
7327,2.7196608885489555
7328,2.7196608885489555
7329,2.7196608885489555
7330,2.7196608885489555
7331,2.7196608885489555
7332,2.7196608885489555
7333,2.7196608885489555
7334,2.7196608885489555
7335,2.7196608885489555
7336,2.7196608885489555
7337,2.7196608885489555
7338,2.7196608885489555
7339,2.7196608885489555
7340,2.7196608885489555
7341,2.7196608885489555
7342,2.7196608885489555
7343,2.7196608885489555
7344,2.7196608885489555
7345,2.7196608885489555
7346,2.7196608885489555
7347,2.7196608885489555
7348,2.7196608885489555
7349,2.7196608885489555
7350,2.7196608885489555
7351,2.7196608885489555
7352,2.7196608885489555
7353,2.7196608885489555
7354,2.7196608885489555
7355,2.7196608885489555
7356,2.7196608885489555
7357,2.7196608885489555
7358,2.7196608885489555
7359,2.7196608885489555
7360,2.7196608885489555
7361,2.7196608885489555
7362,2.7196608885489555
7363,2.7196608885489555
7364,2.7196608885489555
7365,2.7196608885489555
7366,2.7196608885489555
7367,2.7196608885489555
7368,2.7196608885489555
7369,2.7196608885489555
7370,2.7196608885489555
7371,2.7196608885489555
7372,2.7196608885489555
7373,2.7196608885489555
7374,2.7196608885489555
7375,2.7196608885489555
7376,2.7196608885489555
7377,2.7196608885489555
7378,2.7196608885489555
7379,2.7196608885489555
7380,2.7196608885489555
7381,2.7196608885489555
7382,2.7196608885489555
7383,2.7196608885489555
7384,2.7196608885489555
7385,2.7196608885489555
7386,2.7196608885489555
7387,2.7196608885489555
7388,2.7196608885489555
7389,2.7196608885489555
7390,2.7196608885489555
7391,2.7196608885489555
7392,2.7196608885489555
7393,2.7196608885489555
7394,2.7196608885489555
7395,2.7196608885489555
7396,2.7196608885489555
7397,2.7196608885489555
7398,2.7196608885489555
7399,2.7196608885489555
7400,2.7196608885489555
7401,2.7196608885489555
7402,2.7196608885489555
7403,2.7196608885489555
7404,2.7196608885489555
7405,2.7196608885489555
7406,2.7196608885489555
7407,2.7196608885489555
7408,2.7196608885489555
7409,2.7196608885489555
7410,2.7196608885489555
7411,2.7196608885489555
7412,2.7196608885489555
7413,2.7196608885489555
7414,2.7196608885489555
7415,2.7196608885489555
7416,2.7196608885489555
7417,2.7196608885489555
7418,2.7196608885489555
7419,2.7196608885489555
7420,2.7196608885489555
7421,2.7196608885489555
7422,2.7196608885489555
7423,2.7196608885489555
7424,2.7196608885489555
7425,2.7196608885489555
7426,2.7196608885489555
7427,2.7196608885489555
7428,2.7196608885489555
7429,2.7196608885489555
7430,2.7196608885489555
7431,2.7196608885489555
7432,2.7196608885489555
7433,2.7196608885489555
7434,2.7196608885489555
7435,2.7196608885489555
7436,2.7196608885489555
7437,2.7196608885489555
7438,2.7196608885489555
7439,2.7196608885489555
7440,2.7196608885489555
7441,2.7196608885489555
7442,2.7196608885489555
7443,2.7196608885489555
7444,2.7196608885489555
7445,2.7196608885489555
7446,2.7196608885489555
7447,2.7196608885489555
7448,2.7196608885489555
7449,2.7196608885489555
7450,2.7196608885489555
7451,2.7196608885489555
7452,2.7196608885489555
7453,2.7196608885489555
7454,2.7196608885489555
7455,2.7196608885489555
7456,2.7196608885489555
7457,2.7196608885489555
7458,2.7196608885489555
7459,2.7196608885489555
7460,2.7196608885489555
7461,2.7196608885489555
7462,2.7196608885489555
7463,2.7196608885489555
7464,2.7196608885489555
7465,2.7196608885489555
7466,2.7196608885489555
7467,2.7196608885489555
7468,2.7196608885489555
7469,2.7196608885489555
7470,2.7196608885489555
7471,2.7196608885489555
7472,2.7196608885489555
7473,2.7196608885489555
7474,2.7196608885489555
7475,2.7196608885489555
7476,2.7196608885489555
7477,2.7196608885489555
7478,2.7196608885489555
7479,2.7196608885489555
7480,2.7196608885489555
7481,2.7196608885489555
7482,2.7196608885489555
7483,2.7196608885489555
7484,2.7196608885489555
7485,2.7196608885489555
7486,2.7196608885489555
7487,2.7196608885489555
7488,2.7196608885489555
7489,2.7196608885489555
7490,2.7196608885489555
7491,2.7196608885489555
7492,2.7196608885489555
7493,2.7196608885489555
7494,2.7196608885489555
7495,2.7196608885489555
7496,2.7196608885489555
7497,2.7196608885489555
7498,2.7196608885489555
7499,2.7196608885489555
7500,2.7196608885489555
7501,2.7196608885489555
7502,2.7196608885489555
7503,2.7196608885489555
7504,2.7196608885489555
7505,2.7196608885489555
7506,2.7196608885489555
7507,2.7196608885489555
7508,2.7196608885489555
7509,2.7196608885489555
7510,2.7196608885489555
7511,2.7196608885489555
7512,2.7196608885489555
7513,2.7196608885489555
7514,2.7196608885489555
7515,2.7196608885489555
7516,2.7196608885489555
7517,2.7196608885489555
7518,2.7196608885489555
7519,2.7196608885489555
7520,2.7196608885489555
7521,2.7196608885489555
7522,2.7196608885489555
7523,2.7196608885489555
7524,2.7196608885489555
7525,2.7196608885489555
7526,2.7196608885489555
7527,2.7196608885489555
7528,2.7196608885489555
7529,2.7196608885489555
7530,2.7196608885489555
7531,2.7196608885489555
7532,2.7196608885489555
7533,2.7196608885489555
7534,2.7196608885489555
7535,2.7196608885489555
7536,2.7196608885489555
7537,2.7196608885489555
7538,2.7196608885489555
7539,2.7196608885489555
7540,2.7196608885489555
7541,2.7196608885489555
7542,2.7196608885489555
7543,2.7196608885489555
7544,2.7196608885489555
7545,2.7196608885489555
7546,2.7196608885489555
7547,2.7196608885489555
7548,2.7196608885489555
7549,2.7196608885489555
7550,2.7196608885489555
7551,2.7196608885489555
7552,2.7196608885489555
7553,2.7196608885489555
7554,2.7196608885489555
7555,2.7196608885489555
7556,2.7196608885489555
7557,2.7196608885489555
7558,2.7196608885489555
7559,2.7196608885489555
7560,2.7196608885489555
7561,2.7196608885489555
7562,2.7196608885489555
7563,2.7196608885489555
7564,2.7196608885489555
7565,2.7196608885489555
7566,2.7196608885489555
7567,2.7196608885489555
7568,2.7196608885489555
7569,2.7196608885489555
7570,2.7196608885489555
7571,2.7196608885489555
7572,2.7196608885489555
7573,2.7196608885489555
7574,2.7196608885489555
7575,2.7196608885489555
7576,2.7196608885489555
7577,2.7196608885489555
7578,2.7196608885489555
7579,2.7196608885489555
7580,2.7196608885489555
7581,2.7196608885489555
7582,2.7196608885489555
7583,2.7196608885489555
7584,2.7196608885489555
7585,2.7196608885489555
7586,2.7196608885489555
7587,2.7196608885489555
7588,2.7196608885489555
7589,2.7196608885489555
7590,2.7196608885489555
7591,2.7196608885489555
7592,2.7196608885489555
7593,2.7196608885489555
7594,2.7196608885489555
7595,2.7196608885489555
7596,2.7196608885489555
7597,2.7196608885489555
7598,2.7196608885489555
7599,2.7196608885489555
7600,2.7196608885489555
7601,2.7196608885489555
7602,2.7196608885489555
7603,2.7196608885489555
7604,2.7196608885489555
7605,2.7196608885489555
7606,2.7196608885489555
7607,2.7196608885489555
7608,2.7196608885489555
7609,2.7196608885489555
7610,2.7196608885489555
7611,2.7196608885489555
7612,2.7196608885489555
7613,2.7196608885489555
7614,2.7196608885489555
7615,2.7196608885489555
7616,2.7196608885489555
7617,2.7196608885489555
7618,2.7196608885489555
7619,2.7196608885489555
7620,2.7196608885489555
7621,2.7196608885489555
7622,2.7196608885489555
7623,2.7196608885489555
7624,2.7196608885489555
7625,2.7196608885489555
7626,2.7196608885489555
7627,2.7196608885489555
7628,2.7196608885489555
7629,2.7196608885489555
7630,2.7196608885489555
7631,2.7196608885489555
7632,2.7196608885489555
7633,2.7196608885489555
7634,2.7196608885489555
7635,2.7196608885489555
7636,2.7196608885489555
7637,2.7196608885489555
7638,2.7196608885489555
7639,2.7196608885489555
7640,2.7196608885489555
7641,2.7196608885489555
7642,2.7196608885489555
7643,2.7196608885489555
7644,2.7196608885489555
7645,2.7196608885489555
7646,2.7196608885489555
7647,2.7196608885489555
7648,2.7196608885489555
7649,2.7196608885489555
7650,2.7196608885489555
7651,2.7196608885489555
7652,2.7196608885489555
7653,2.7196608885489555
7654,2.7196608885489555
7655,2.7196608885489555
7656,2.7196608885489555
7657,2.7196608885489555
7658,2.7196608885489555
7659,2.7196608885489555
7660,2.7196608885489555
7661,2.7196608885489555
7662,2.7196608885489555
7663,2.7196608885489555
7664,2.7196608885489555
7665,2.7196608885489555
7666,2.7196608885489555
7667,2.7196608885489555
7668,2.7196608885489555
7669,2.7196608885489555
7670,2.7196608885489555
7671,2.7196608885489555
7672,2.7196608885489555
7673,2.7196608885489555
7674,2.7196608885489555
7675,2.7196608885489555
7676,2.7196608885489555
7677,2.7196608885489555
7678,2.7196608885489555
7679,2.7196608885489555
7680,2.7196608885489555
7681,2.7196608885489555
7682,2.7196608885489555
7683,2.7196608885489555
7684,2.7196608885489555
7685,2.7196608885489555
7686,2.7196608885489555
7687,2.7196608885489555
7688,2.7196608885489555
7689,2.7196608885489555
7690,2.7196608885489555
7691,2.7196608885489555
7692,2.7196608885489555
7693,2.7196608885489555
7694,2.7196608885489555
7695,2.7196608885489555
7696,2.7196608885489555
7697,2.7196608885489555
7698,2.7196608885489555
7699,2.7196608885489555
7700,2.7196608885489555
7701,2.7196608885489555
7702,2.7196608885489555
7703,2.7196608885489555
7704,2.7196608885489555
7705,2.7196608885489555
7706,2.7196608885489555
7707,2.7196608885489555
7708,2.7196608885489555
7709,2.7196608885489555
7710,2.7196608885489555
7711,2.7196608885489555
7712,2.7196608885489555
7713,2.7196608885489555
7714,2.7196608885489555
7715,2.7196608885489555
7716,2.7196608885489555
7717,2.7196608885489555
7718,2.7196608885489555
7719,2.7196608885489555
7720,2.7196608885489555
7721,2.7196608885489555
7722,2.7196608885489555
7723,2.7196608885489555
7724,2.7196608885489555
7725,2.7196608885489555
7726,2.7196608885489555
7727,2.7196608885489555
7728,2.7196608885489555
7729,2.7196608885489555
7730,2.7196608885489555
7731,2.7196608885489555
7732,2.7196608885489555
7733,2.7196608885489555
7734,2.7196608885489555
7735,2.7196608885489555
7736,2.7196608885489555
7737,2.7196608885489555
7738,2.7196608885489555
7739,2.7196608885489555
7740,2.7196608885489555
7741,2.7196608885489555
7742,2.7196608885489555
7743,2.7196608885489555
7744,2.7196608885489555
7745,2.7196608885489555
7746,2.7196608885489555
7747,2.7196608885489555
7748,2.7196608885489555
7749,2.7196608885489555
7750,2.7196608885489555
7751,2.7196608885489555
7752,2.7196608885489555
7753,2.7196608885489555
7754,2.7196608885489555
7755,2.7196608885489555
7756,2.7196608885489555
7757,2.7196608885489555
7758,2.7196608885489555
7759,2.7196608885489555
7760,2.7196608885489555
7761,2.7196608885489555
7762,2.7196608885489555
7763,2.7196608885489555
7764,2.7196608885489555
7765,2.7196608885489555
7766,2.7196608885489555
7767,2.7196608885489555
7768,2.7196608885489555
7769,2.7196608885489555
7770,2.7196608885489555
7771,2.7196608885489555
7772,2.7196608885489555
7773,2.7196608885489555
7774,2.7196608885489555
7775,2.7196608885489555
7776,2.7196608885489555
7777,2.7196608885489555
7778,2.7196608885489555
7779,2.7196608885489555
7780,2.7196608885489555
7781,2.7196608885489555
7782,2.7196608885489555
7783,2.7196608885489555
7784,2.7196608885489555
7785,2.7196608885489555
7786,2.7196608885489555
7787,2.7196608885489555
7788,2.7196608885489555
7789,2.7196608885489555
7790,2.7196608885489555
7791,2.7196608885489555
7792,2.7196608885489555
7793,2.7196608885489555
7794,2.7196608885489555
7795,2.7196608885489555
7796,2.7196608885489555
7797,2.7196608885489555
7798,2.7196608885489555
7799,2.7196608885489555
7800,2.7196608885489555
7801,2.7196608885489555
7802,2.7196608885489555
7803,2.7196608885489555
7804,2.7196608885489555
7805,2.7196608885489555
7806,2.7196608885489555
7807,2.7196608885489555
7808,2.7196608885489555
7809,2.7196608885489555
7810,2.7196608885489555
7811,2.7196608885489555
7812,2.7196608885489555
7813,2.7196608885489555
7814,2.7196608885489555
7815,2.7196608885489555
7816,2.7196608885489555
7817,2.7196608885489555
7818,2.7196608885489555
7819,2.7196608885489555
7820,2.7196608885489555
7821,2.7196608885489555
7822,2.7196608885489555
7823,2.7196608885489555
7824,2.7196608885489555
7825,2.7196608885489555
7826,2.7196608885489555
7827,2.7196608885489555
7828,2.7196608885489555
7829,2.7196608885489555
7830,2.7196608885489555
7831,2.7196608885489555
7832,2.7196608885489555
7833,2.7196608885489555
7834,2.7196608885489555
7835,2.7196608885489555
7836,2.7196608885489555
7837,2.7196608885489555
7838,2.7196608885489555
7839,2.7196608885489555
7840,2.7196608885489555
7841,2.7196608885489555
7842,2.7196608885489555
7843,2.7196608885489555
7844,2.7196608885489555
7845,2.7196608885489555
7846,2.7196608885489555
7847,2.7196608885489555
7848,2.7196608885489555
7849,2.7196608885489555
7850,2.7196608885489555
7851,2.7196608885489555
7852,2.7196608885489555
7853,2.7196608885489555
7854,2.7196608885489555
7855,2.7196608885489555
7856,2.7196608885489555
7857,2.7196608885489555
7858,2.7196608885489555
7859,2.7196608885489555
7860,2.7196608885489555
7861,2.7196608885489555
7862,2.7196608885489555
7863,2.7196608885489555
7864,2.7196608885489555
7865,2.7196608885489555
7866,2.7196608885489555
7867,2.7196608885489555
7868,2.7196608885489555
7869,2.7196608885489555
7870,2.7196608885489555
7871,2.7196608885489555
7872,2.7196608885489555
7873,2.7196608885489555
7874,2.7196608885489555
7875,2.7196608885489555
7876,2.7196608885489555
7877,2.7196608885489555
7878,2.7196608885489555
7879,2.7196608885489555
7880,2.7196608885489555
7881,2.7196608885489555
7882,2.7196608885489555
7883,2.7196608885489555
7884,2.7196608885489555
7885,2.7196608885489555
7886,2.7196608885489555
7887,2.7196608885489555
7888,2.7196608885489555
7889,2.7196608885489555
7890,2.7196608885489555
7891,2.7196608885489555
7892,2.7196608885489555
7893,2.7196608885489555
7894,2.7196608885489555
7895,2.7196608885489555
7896,2.7196608885489555
7897,2.7196608885489555
7898,2.7196608885489555
7899,2.7196608885489555
7900,2.7196608885489555
7901,2.7196608885489555
7902,2.7196608885489555
7903,2.7196608885489555
7904,2.7196608885489555
7905,2.7196608885489555
7906,2.7196608885489555
7907,2.7196608885489555
7908,2.7196608885489555
7909,2.7196608885489555
7910,2.7196608885489555
7911,2.7196608885489555
7912,2.7196608885489555
7913,2.7196608885489555
7914,2.7196608885489555
7915,2.7196608885489555
7916,2.7196608885489555
7917,2.7196608885489555
7918,2.7196608885489555
7919,2.7196608885489555
7920,2.7196608885489555
7921,2.7196608885489555
7922,2.7196608885489555
7923,2.7196608885489555
7924,2.7196608885489555
7925,2.7196608885489555
7926,2.7196608885489555
7927,2.7196608885489555
7928,2.7196608885489555
7929,2.7196608885489555
7930,2.7196608885489555
7931,2.7196608885489555
7932,2.7196608885489555
7933,2.7196608885489555
7934,2.7196608885489555
7935,2.7196608885489555
7936,2.7196608885489555
7937,2.7196608885489555
7938,2.7196608885489555
7939,2.7196608885489555
7940,2.7196608885489555
7941,2.7196608885489555
7942,2.7196608885489555
7943,2.7196608885489555
7944,2.7196608885489555
7945,2.7196608885489555
7946,2.7196608885489555
7947,2.7196608885489555
7948,2.7196608885489555
7949,2.7196608885489555
7950,2.7196608885489555
7951,2.7196608885489555
7952,2.7196608885489555
7953,2.7196608885489555
7954,2.7196608885489555
7955,2.7196608885489555
7956,2.7196608885489555
7957,2.7196608885489555
7958,2.7196608885489555
7959,2.7196608885489555
7960,2.7196608885489555
7961,2.7196608885489555
7962,2.7196608885489555
7963,2.7196608885489555
7964,2.7196608885489555
7965,2.7196608885489555
7966,2.7196608885489555
7967,2.7196608885489555
7968,2.7196608885489555
7969,2.7196608885489555
7970,2.7196608885489555
7971,2.7196608885489555
7972,2.7196608885489555
7973,2.7196608885489555
7974,2.7196608885489555
7975,2.7196608885489555
7976,2.7196608885489555
7977,2.7196608885489555
7978,2.7196608885489555
7979,2.7196608885489555
7980,2.7196608885489555
7981,2.7196608885489555
7982,2.7196608885489555
7983,2.7196608885489555
7984,2.7196608885489555
7985,2.7196608885489555
7986,2.7196608885489555
7987,2.7196608885489555
7988,2.7196608885489555
7989,2.7196608885489555
7990,2.7196608885489555
7991,2.7196608885489555
7992,2.7196608885489555
7993,2.7196608885489555
7994,2.7196608885489555
7995,2.7196608885489555
7996,2.7196608885489555
7997,2.7196608885489555
7998,2.7196608885489555
7999,2.7196608885489555
8000,2.7196608885489555
8001,2.7196608885489555
8002,2.7196608885489555
8003,2.7196608885489555
8004,2.7196608885489555
8005,2.7196608885489555
8006,2.7196608885489555
8007,2.7196608885489555
8008,2.7196608885489555
8009,2.7196608885489555
8010,2.7196608885489555
8011,2.7196608885489555
8012,2.7196608885489555
8013,2.7196608885489555
8014,2.7196608885489555
8015,2.7196608885489555
8016,2.7196608885489555
8017,2.7196608885489555
8018,2.7196608885489555
8019,2.7196608885489555
8020,2.7196608885489555
8021,2.7196608885489555
8022,2.7196608885489555
8023,2.7196608885489555
8024,2.7196608885489555
8025,2.7196608885489555
8026,2.7196608885489555
8027,2.7196608885489555
8028,2.7196608885489555
8029,2.7196608885489555
8030,2.7196608885489555
8031,2.7196608885489555
8032,2.7196608885489555
8033,2.7196608885489555
8034,2.7196608885489555
8035,2.7196608885489555
8036,2.7196608885489555
8037,2.7196608885489555
8038,2.7196608885489555
8039,2.7196608885489555
8040,2.7196608885489555
8041,2.7196608885489555
8042,2.7196608885489555
8043,2.7196608885489555
8044,2.7196608885489555
8045,2.7196608885489555
8046,2.7196608885489555
8047,2.7196608885489555
8048,2.7196608885489555
8049,2.7196608885489555
8050,2.7196608885489555
8051,2.7196608885489555
8052,2.7196608885489555
8053,2.7196608885489555
8054,2.7196608885489555
8055,2.7196608885489555
8056,2.7196608885489555
8057,2.7196608885489555
8058,2.7196608885489555
8059,2.7196608885489555
8060,2.7196608885489555
8061,2.7196608885489555
8062,2.7196608885489555
8063,2.7196608885489555
8064,2.7196608885489555
8065,2.7196608885489555
8066,2.7196608885489555
8067,2.7196608885489555
8068,2.7196608885489555
8069,2.7196608885489555
8070,2.7196608885489555
8071,2.7196608885489555
8072,2.7196608885489555
8073,2.7196608885489555
8074,2.7196608885489555
8075,2.7196608885489555
8076,2.7196608885489555
8077,2.7196608885489555
8078,2.7196608885489555
8079,2.7196608885489555
8080,2.7196608885489555
8081,2.7196608885489555
8082,2.7196608885489555
8083,2.7196608885489555
8084,2.7196608885489555
8085,2.7196608885489555
8086,2.7196608885489555
8087,2.7196608885489555
8088,2.7196608885489555
8089,2.7196608885489555
8090,2.7196608885489555
8091,2.7196608885489555
8092,2.7196608885489555
8093,2.7196608885489555
8094,2.7196608885489555
8095,2.7196608885489555
8096,2.7196608885489555
8097,2.7196608885489555
8098,2.7196608885489555
8099,2.7196608885489555
8100,2.7196608885489555
8101,2.7196608885489555
8102,2.7196608885489555
8103,2.7196608885489555
8104,2.7196608885489555
8105,2.7196608885489555
8106,2.7196608885489555
8107,2.7196608885489555
8108,2.7196608885489555
8109,2.7196608885489555
8110,2.7196608885489555
8111,2.7196608885489555
8112,2.7196608885489555
8113,2.7196608885489555
8114,2.7196608885489555
8115,2.7196608885489555
8116,2.7196608885489555
8117,2.7196608885489555
8118,2.7196608885489555
8119,2.7196608885489555
8120,2.7196608885489555
8121,2.7196608885489555
8122,2.7196608885489555
8123,2.7196608885489555
8124,2.7196608885489555
8125,2.7196608885489555
8126,2.7196608885489555
8127,2.7196608885489555
8128,2.7196608885489555
8129,2.7196608885489555
8130,2.7196608885489555
8131,2.7196608885489555
8132,2.7196608885489555
8133,2.7196608885489555
8134,2.7196608885489555
8135,2.7196608885489555
8136,2.7196608885489555
8137,2.7196608885489555
8138,2.7196608885489555
8139,2.7196608885489555
8140,2.7196608885489555
8141,2.7196608885489555
8142,2.7196608885489555
8143,2.7196608885489555
8144,2.7196608885489555
8145,2.7196608885489555
8146,2.7196608885489555
8147,2.7196608885489555
8148,2.7196608885489555
8149,2.7196608885489555
8150,2.7196608885489555
8151,2.7196608885489555
8152,2.7196608885489555
8153,2.7196608885489555
8154,2.7196608885489555
8155,2.7196608885489555
8156,2.7196608885489555
8157,2.7196608885489555
8158,2.7196608885489555
8159,2.7196608885489555
8160,2.7196608885489555
8161,2.7196608885489555
8162,2.7196608885489555
8163,2.7196608885489555
8164,2.7196608885489555
8165,2.7196608885489555
8166,2.7196608885489555
8167,2.7196608885489555
8168,2.7196608885489555
8169,2.7196608885489555
8170,2.7196608885489555
8171,2.7196608885489555
8172,2.7196608885489555
8173,2.7196608885489555
8174,2.7196608885489555
8175,2.7196608885489555
8176,2.7196608885489555
8177,2.7196608885489555
8178,2.7196608885489555
8179,2.7196608885489555
8180,2.7196608885489555
8181,2.7196608885489555
8182,2.7196608885489555
8183,2.7196608885489555
8184,2.7196608885489555
8185,2.7196608885489555
8186,2.7196608885489555
8187,2.7196608885489555
8188,2.7196608885489555
8189,2.7196608885489555
8190,2.7196608885489555
8191,2.7196608885489555
8192,2.7196608885489555
8193,2.7196608885489555
8194,2.7196608885489555
8195,2.7196608885489555
8196,2.7196608885489555
8197,2.7196608885489555
8198,2.7196608885489555
8199,2.7196608885489555
8200,2.7196608885489555
8201,2.7196608885489555
8202,2.7196608885489555
8203,2.7196608885489555
8204,2.7196608885489555
8205,2.7196608885489555
8206,2.7196608885489555
8207,2.7196608885489555
8208,2.7196608885489555
8209,2.7196608885489555
8210,2.7196608885489555
8211,2.7196608885489555
8212,2.7196608885489555
8213,2.7196608885489555
8214,2.7196608885489555
8215,2.7196608885489555
8216,2.7196608885489555
8217,2.7196608885489555
8218,2.7196608885489555
8219,2.7196608885489555
8220,2.7196608885489555
8221,2.7196608885489555
8222,2.7196608885489555
8223,2.7196608885489555
8224,2.7196608885489555
8225,2.7196608885489555
8226,2.7196608885489555
8227,2.7196608885489555
8228,2.7196608885489555
8229,2.7196608885489555
8230,2.7196608885489555
8231,2.7196608885489555
8232,2.7196608885489555
8233,2.7196608885489555
8234,2.7196608885489555
8235,2.7196608885489555
8236,2.7196608885489555
8237,2.7196608885489555
8238,2.7196608885489555
8239,2.7196608885489555
8240,2.7196608885489555
8241,2.7196608885489555
8242,2.7196608885489555
8243,2.7196608885489555
8244,2.7196608885489555
8245,2.7196608885489555
8246,2.7196608885489555
8247,2.7196608885489555
8248,2.7196608885489555
8249,2.7196608885489555
8250,2.7196608885489555
8251,2.7196608885489555
8252,2.7196608885489555
8253,2.7196608885489555
8254,2.7196608885489555
8255,2.7196608885489555
8256,2.7196608885489555
8257,2.7196608885489555
8258,2.7196608885489555
8259,2.7196608885489555
8260,2.7196608885489555
8261,2.7196608885489555
8262,2.7196608885489555
8263,2.7196608885489555
8264,2.7196608885489555
8265,2.7196608885489555
8266,2.7196608885489555
8267,2.7196608885489555
8268,2.7196608885489555
8269,2.7196608885489555
8270,2.7196608885489555
8271,2.7196608885489555
8272,2.7196608885489555
8273,2.7196608885489555
8274,2.7196608885489555
8275,2.7196608885489555
8276,2.7196608885489555
8277,2.7196608885489555
8278,2.7196608885489555
8279,2.7196608885489555
8280,2.7196608885489555
8281,2.7196608885489555
8282,2.7196608885489555
8283,2.7196608885489555
8284,2.7196608885489555
8285,2.7196608885489555
8286,2.7196608885489555
8287,2.7196608885489555
8288,2.7196608885489555
8289,2.7196608885489555
8290,2.7196608885489555
8291,2.7196608885489555
8292,2.7196608885489555
8293,2.7196608885489555
8294,2.7196608885489555
8295,2.7196608885489555
8296,2.7196608885489555
8297,2.7196608885489555
8298,2.7196608885489555
8299,2.7196608885489555
8300,2.7196608885489555
8301,2.7196608885489555
8302,2.7196608885489555
8303,2.7196608885489555
8304,2.7196608885489555
8305,2.7196608885489555
8306,2.7196608885489555
8307,2.7196608885489555
8308,2.7196608885489555
8309,2.7196608885489555
8310,2.7196608885489555
8311,2.7196608885489555
8312,2.7196608885489555
8313,2.7196608885489555
8314,2.7196608885489555
8315,2.7196608885489555
8316,2.7196608885489555
8317,2.7196608885489555
8318,2.7196608885489555
8319,2.7196608885489555
8320,2.7196608885489555
8321,2.7196608885489555
8322,2.7196608885489555
8323,2.7196608885489555
8324,2.7196608885489555
8325,2.7196608885489555
8326,2.7196608885489555
8327,2.7196608885489555
8328,2.7196608885489555
8329,2.7196608885489555
8330,2.7196608885489555
8331,2.7196608885489555
8332,2.7196608885489555
8333,2.7196608885489555
8334,2.7196608885489555
8335,2.7196608885489555
8336,2.7196608885489555
8337,2.7196608885489555
8338,2.7196608885489555
8339,2.7196608885489555
8340,2.7196608885489555
8341,2.7196608885489555
8342,2.7196608885489555
8343,2.7196608885489555
8344,2.7196608885489555
8345,2.7196608885489555
8346,2.7196608885489555
8347,2.7196608885489555
8348,2.7196608885489555
8349,2.7196608885489555
8350,2.7196608885489555
8351,2.7196608885489555
8352,2.7196608885489555
8353,2.7196608885489555
8354,2.7196608885489555
8355,2.7196608885489555
8356,2.7196608885489555
8357,2.7196608885489555
8358,2.7196608885489555
8359,2.7196608885489555
8360,2.7196608885489555
8361,2.7196608885489555
8362,2.7196608885489555
8363,2.7196608885489555
8364,2.7196608885489555
8365,2.7196608885489555
8366,2.7196608885489555
8367,2.7196608885489555
8368,2.7196608885489555
8369,2.7196608885489555
8370,2.7196608885489555
8371,2.7196608885489555
8372,2.7196608885489555
8373,2.7196608885489555
8374,2.7196608885489555
8375,2.7196608885489555
8376,2.7196608885489555
8377,2.7196608885489555
8378,2.7196608885489555
8379,2.7196608885489555
8380,2.7196608885489555
8381,2.7196608885489555
8382,2.7196608885489555
8383,2.7196608885489555
8384,2.7196608885489555
8385,2.7196608885489555
8386,2.7196608885489555
8387,2.7196608885489555
8388,2.7196608885489555
8389,2.7196608885489555
8390,2.7196608885489555
8391,2.7196608885489555
8392,2.7196608885489555
8393,2.7196608885489555
8394,2.7196608885489555
8395,2.7196608885489555
8396,2.7196608885489555
8397,2.7196608885489555
8398,2.7196608885489555
8399,2.7196608885489555
8400,2.7196608885489555
8401,2.7196608885489555
8402,2.7196608885489555
8403,2.7196608885489555
8404,2.7196608885489555
8405,2.7196608885489555
8406,2.7196608885489555
8407,2.7196608885489555
8408,2.7196608885489555
8409,2.7196608885489555
8410,2.7196608885489555
8411,2.7196608885489555
8412,2.7196608885489555
8413,2.7196608885489555
8414,2.7196608885489555
8415,2.7196608885489555
8416,2.7196608885489555
8417,2.7196608885489555
8418,2.7196608885489555
8419,2.7196608885489555
8420,2.7196608885489555
8421,2.7196608885489555
8422,2.7196608885489555
8423,2.7196608885489555
8424,2.7196608885489555
8425,2.7196608885489555
8426,2.7196608885489555
8427,2.7196608885489555
8428,2.7196608885489555
8429,2.7196608885489555
8430,2.7196608885489555
8431,2.7196608885489555
8432,2.7196608885489555
8433,2.7196608885489555
8434,2.7196608885489555
8435,2.7196608885489555
8436,2.7196608885489555
8437,2.7196608885489555
8438,2.7196608885489555
8439,2.7196608885489555
8440,2.7196608885489555
8441,2.7196608885489555
8442,2.7196608885489555
8443,2.7196608885489555
8444,2.7196608885489555
8445,2.7196608885489555
8446,2.7196608885489555
8447,2.7196608885489555
8448,2.7196608885489555
8449,2.7196608885489555
8450,2.7196608885489555
8451,2.7196608885489555
8452,2.7196608885489555
8453,2.7196608885489555
8454,2.7196608885489555
8455,2.7196608885489555
8456,2.7196608885489555
8457,2.7196608885489555
8458,2.7196608885489555
8459,2.7196608885489555
8460,2.7196608885489555
8461,2.7196608885489555
8462,2.7196608885489555
8463,2.7196608885489555
8464,2.7196608885489555
8465,2.7196608885489555
8466,2.7196608885489555
8467,2.7196608885489555
8468,2.7196608885489555
8469,2.7196608885489555
8470,2.7196608885489555
8471,2.7196608885489555
8472,2.7196608885489555
8473,2.7196608885489555
8474,2.7196608885489555
8475,2.7196608885489555
8476,2.7196608885489555
8477,2.7196608885489555
8478,2.7196608885489555
8479,2.7196608885489555
8480,2.7196608885489555
8481,2.7196608885489555
8482,2.7196608885489555
8483,2.7196608885489555
8484,2.7196608885489555
8485,2.7196608885489555
8486,2.7196608885489555
8487,2.7196608885489555
8488,2.7196608885489555
8489,2.7196608885489555
8490,2.7196608885489555
8491,2.7196608885489555
8492,2.7196608885489555
8493,2.7196608885489555
8494,2.7196608885489555
8495,2.7196608885489555
8496,2.7196608885489555
8497,2.7196608885489555
8498,2.7196608885489555
8499,2.7196608885489555
8500,2.7196608885489555
8501,2.7196608885489555
8502,2.7196608885489555
8503,2.7196608885489555
8504,2.7196608885489555
8505,2.7196608885489555
8506,2.7196608885489555
8507,2.7196608885489555
8508,2.7196608885489555
8509,2.7196608885489555
8510,2.7196608885489555
8511,2.7196608885489555
8512,2.7196608885489555
8513,2.7196608885489555
8514,2.7196608885489555
8515,2.7196608885489555
8516,2.7196608885489555
8517,2.7196608885489555
8518,2.7196608885489555
8519,2.7196608885489555
8520,2.7196608885489555
8521,2.7196608885489555
8522,2.7196608885489555
8523,2.7196608885489555
8524,2.7196608885489555
8525,2.7196608885489555
8526,2.7196608885489555
8527,2.7196608885489555
8528,2.7196608885489555
8529,2.7196608885489555
8530,2.7196608885489555
8531,2.7196608885489555
8532,2.7196608885489555
8533,2.7196608885489555
8534,2.7196608885489555
8535,2.7196608885489555
8536,2.7196608885489555
8537,2.7196608885489555
8538,2.7196608885489555
8539,2.7196608885489555
8540,2.7196608885489555
8541,2.7196608885489555
8542,2.7196608885489555
8543,2.7196608885489555
8544,2.7196608885489555
8545,2.7196608885489555
8546,2.7196608885489555
8547,2.7196608885489555
8548,2.7196608885489555
8549,2.7196608885489555
8550,2.7196608885489555
8551,2.7196608885489555
8552,2.7196608885489555
8553,2.7196608885489555
8554,2.7196608885489555
8555,2.7196608885489555
8556,2.7196608885489555
8557,2.7196608885489555
8558,2.7196608885489555
8559,2.7196608885489555
8560,2.7196608885489555
8561,2.7196608885489555
8562,2.7196608885489555
8563,2.7196608885489555
8564,2.7196608885489555
8565,2.7196608885489555
8566,2.7196608885489555
8567,2.7196608885489555
8568,2.7196608885489555
8569,2.7196608885489555
8570,2.7196608885489555
8571,2.7196608885489555
8572,2.7196608885489555
8573,2.7196608885489555
8574,2.7196608885489555
8575,2.7196608885489555
8576,2.7196608885489555
8577,2.7196608885489555
8578,2.7196608885489555
8579,2.7196608885489555
8580,2.7196608885489555
8581,2.7196608885489555
8582,2.7196608885489555
8583,2.7196608885489555
8584,2.7196608885489555
8585,2.7196608885489555
8586,2.7196608885489555
8587,2.7196608885489555
8588,2.7196608885489555
8589,2.7196608885489555
8590,2.7196608885489555
8591,2.7196608885489555
8592,2.7196608885489555
8593,2.7196608885489555
8594,2.7196608885489555
8595,2.7196608885489555
8596,2.7196608885489555
8597,2.7196608885489555
8598,2.7196608885489555
8599,2.7196608885489555
8600,2.7196608885489555
8601,2.7196608885489555
8602,2.7196608885489555
8603,2.7196608885489555
8604,2.7196608885489555
8605,2.7196608885489555
8606,2.7196608885489555
8607,2.7196608885489555
8608,2.7196608885489555
8609,2.7196608885489555
8610,2.7196608885489555
8611,2.7196608885489555
8612,2.7196608885489555
8613,2.7196608885489555
8614,2.7196608885489555
8615,2.7196608885489555
8616,2.7196608885489555
8617,2.7196608885489555
8618,2.7196608885489555
8619,2.7196608885489555
8620,2.7196608885489555
8621,2.7196608885489555
8622,2.7196608885489555
8623,2.7196608885489555
8624,2.7196608885489555
8625,2.7196608885489555
8626,2.7196608885489555
8627,2.7196608885489555
8628,2.7196608885489555
8629,2.7196608885489555
8630,2.7196608885489555
8631,2.7196608885489555
8632,2.7196608885489555
8633,2.7196608885489555
8634,2.7196608885489555
8635,2.7196608885489555
8636,2.7196608885489555
8637,2.7196608885489555
8638,2.7196608885489555
8639,2.7196608885489555
8640,2.7196608885489555
8641,2.7196608885489555
8642,2.7196608885489555
8643,2.7196608885489555
8644,2.7196608885489555
8645,2.7196608885489555
8646,2.7196608885489555
8647,2.7196608885489555
8648,2.7196608885489555
8649,2.7196608885489555
8650,2.7196608885489555
8651,2.7196608885489555
8652,2.7196608885489555
8653,2.7196608885489555
8654,2.7196608885489555
8655,2.7196608885489555
8656,2.7196608885489555
8657,2.7196608885489555
8658,2.7196608885489555
8659,2.7196608885489555
8660,2.7196608885489555
8661,2.7196608885489555
8662,2.7196608885489555
8663,2.7196608885489555
8664,2.7196608885489555
8665,2.7196608885489555
8666,2.7196608885489555
8667,2.7196608885489555
8668,2.7196608885489555
8669,2.7196608885489555
8670,2.7196608885489555
8671,2.7196608885489555
8672,2.7196608885489555
8673,2.7196608885489555
8674,2.7196608885489555
8675,2.7196608885489555
8676,2.7196608885489555
8677,2.7196608885489555
8678,2.7196608885489555
8679,2.7196608885489555
8680,2.7196608885489555
8681,2.7196608885489555
8682,2.7196608885489555
8683,2.7196608885489555
8684,2.7196608885489555
8685,2.7196608885489555
8686,2.7196608885489555
8687,2.7196608885489555
8688,2.7196608885489555
8689,2.7196608885489555
8690,2.7196608885489555
8691,2.7196608885489555
8692,2.7196608885489555
8693,2.7196608885489555
8694,2.7196608885489555
8695,2.7196608885489555
8696,2.7196608885489555
8697,2.7196608885489555
8698,2.7196608885489555
8699,2.7196608885489555
8700,2.7196608885489555
8701,2.7196608885489555
8702,2.7196608885489555
8703,2.7196608885489555
8704,2.7196608885489555
8705,2.7196608885489555
8706,2.7196608885489555
8707,2.7196608885489555
8708,2.7196608885489555
8709,2.7196608885489555
8710,2.7196608885489555
8711,2.7196608885489555
8712,2.7196608885489555
8713,2.7196608885489555
8714,2.7196608885489555
8715,2.7196608885489555
8716,2.7196608885489555
8717,2.7196608885489555
8718,2.7196608885489555
8719,2.7196608885489555
8720,2.7196608885489555
8721,2.7196608885489555
8722,2.7196608885489555
8723,2.7196608885489555
8724,2.7196608885489555
8725,2.7196608885489555
8726,2.7196608885489555
8727,2.7196608885489555
8728,2.7196608885489555
8729,2.7196608885489555
8730,2.7196608885489555
8731,2.7196608885489555
8732,2.7196608885489555
8733,2.7196608885489555
8734,2.7196608885489555
8735,2.7196608885489555
8736,2.7196608885489555
8737,2.7196608885489555
8738,2.7196608885489555
8739,2.7196608885489555
8740,2.7196608885489555
8741,2.7196608885489555
8742,2.7196608885489555
8743,2.7196608885489555
8744,2.7196608885489555
8745,2.7196608885489555
8746,2.7196608885489555
8747,2.7196608885489555
8748,2.7196608885489555
8749,2.7196608885489555
8750,2.7196608885489555
8751,2.7196608885489555
8752,2.7196608885489555
8753,2.7196608885489555
8754,2.7196608885489555
8755,2.7196608885489555
8756,2.7196608885489555
8757,2.7196608885489555
8758,2.7196608885489555
8759,2.7196608885489555
8760,2.7196608885489555
8761,2.7196608885489555
8762,2.7196608885489555
8763,2.7196608885489555
8764,2.7196608885489555
8765,2.7196608885489555
8766,2.7196608885489555
8767,2.7196608885489555
8768,2.7196608885489555
8769,2.7196608885489555
8770,2.7196608885489555
8771,2.7196608885489555
8772,2.7196608885489555
8773,2.7196608885489555
8774,2.7196608885489555
8775,2.7196608885489555
8776,2.7196608885489555
8777,2.7196608885489555
8778,2.7196608885489555
8779,2.7196608885489555
8780,2.7196608885489555
8781,2.7196608885489555
8782,2.7196608885489555
8783,2.7196608885489555
8784,2.7196608885489555
8785,2.7196608885489555
8786,2.7196608885489555
8787,2.7196608885489555
8788,2.7196608885489555
8789,2.7196608885489555
8790,2.7196608885489555
8791,2.7196608885489555
8792,2.7196608885489555
8793,2.7196608885489555
8794,2.7196608885489555
8795,2.7196608885489555
8796,2.7196608885489555
8797,2.7196608885489555
8798,2.7196608885489555
8799,2.7196608885489555
8800,2.7196608885489555
8801,2.7196608885489555
8802,2.7196608885489555
8803,2.7196608885489555
8804,2.7196608885489555
8805,2.7196608885489555
8806,2.7196608885489555
8807,2.7196608885489555
8808,2.7196608885489555
8809,2.7196608885489555
8810,2.7196608885489555
8811,2.7196608885489555
8812,2.7196608885489555
8813,2.7196608885489555
8814,2.7196608885489555
8815,2.7196608885489555
8816,2.7196608885489555
8817,2.7196608885489555
8818,2.7196608885489555
8819,2.7196608885489555
8820,2.7196608885489555
8821,2.7196608885489555
8822,2.7196608885489555
8823,2.7196608885489555
8824,2.7196608885489555
8825,2.7196608885489555
8826,2.7196608885489555
8827,2.7196608885489555
8828,2.7196608885489555
8829,2.7196608885489555
8830,2.7196608885489555
8831,2.7196608885489555
8832,2.7196608885489555
8833,2.7196608885489555
8834,2.7196608885489555
8835,2.7196608885489555
8836,2.7196608885489555
8837,2.7196608885489555
8838,2.7196608885489555
8839,2.7196608885489555
8840,2.7196608885489555
8841,2.7196608885489555
8842,2.7196608885489555
8843,2.7196608885489555
8844,2.7196608885489555
8845,2.7196608885489555
8846,2.7196608885489555
8847,2.7196608885489555
8848,2.7196608885489555
8849,2.7196608885489555
8850,2.7196608885489555
8851,2.7196608885489555
8852,2.7196608885489555
8853,2.7196608885489555
8854,2.7196608885489555
8855,2.7196608885489555
8856,2.7196608885489555
8857,2.7196608885489555
8858,2.7196608885489555
8859,2.7196608885489555
8860,2.7196608885489555
8861,2.7196608885489555
8862,2.7196608885489555
8863,2.7196608885489555
8864,2.7196608885489555
8865,2.7196608885489555
8866,2.7196608885489555
8867,2.7196608885489555
8868,2.7196608885489555
8869,2.7196608885489555
8870,2.7196608885489555
8871,2.7196608885489555
8872,2.7196608885489555
8873,2.7196608885489555
8874,2.7196608885489555
8875,2.7196608885489555
8876,2.7196608885489555
8877,2.7196608885489555
8878,2.7196608885489555
8879,2.7196608885489555
8880,2.7196608885489555
8881,2.7196608885489555
8882,2.7196608885489555
8883,2.7196608885489555
8884,2.7196608885489555
8885,2.7196608885489555
8886,2.7196608885489555
8887,2.7196608885489555
8888,2.7196608885489555
8889,2.7196608885489555
8890,2.7196608885489555
8891,2.7196608885489555
8892,2.7196608885489555
8893,2.7196608885489555
8894,2.7196608885489555
8895,2.7196608885489555
8896,2.7196608885489555
8897,2.7196608885489555
8898,2.7196608885489555
8899,2.7196608885489555
8900,2.7196608885489555
8901,2.7196608885489555
8902,2.7196608885489555
8903,2.7196608885489555
8904,2.7196608885489555
8905,2.7196608885489555
8906,2.7196608885489555
8907,2.7196608885489555
8908,2.7196608885489555
8909,2.7196608885489555
8910,2.7196608885489555
8911,2.7196608885489555
8912,2.7196608885489555
8913,2.7196608885489555
8914,2.7196608885489555
8915,2.7196608885489555
8916,2.7196608885489555
8917,2.7196608885489555
8918,2.7196608885489555
8919,2.7196608885489555
8920,2.7196608885489555
8921,2.7196608885489555
8922,2.7196608885489555
8923,2.7196608885489555
8924,2.7196608885489555
8925,2.7196608885489555
8926,2.7196608885489555
8927,2.7196608885489555
8928,2.7196608885489555
8929,2.7196608885489555
8930,2.7196608885489555
8931,2.7196608885489555
8932,2.7196608885489555
8933,2.7196608885489555
8934,2.7196608885489555
8935,2.7196608885489555
8936,2.7196608885489555
8937,2.7196608885489555
8938,2.7196608885489555
8939,2.7196608885489555
8940,2.7196608885489555
8941,2.7196608885489555
8942,2.7196608885489555
8943,2.7196608885489555
8944,2.7196608885489555
8945,2.7196608885489555
8946,2.7196608885489555
8947,2.7196608885489555
8948,2.7196608885489555
8949,2.7196608885489555
8950,2.7196608885489555
8951,2.7196608885489555
8952,2.7196608885489555
8953,2.7196608885489555
8954,2.7196608885489555
8955,2.7196608885489555
8956,2.7196608885489555
8957,2.7196608885489555
8958,2.7196608885489555
8959,2.7196608885489555
8960,2.7196608885489555
8961,2.7196608885489555
8962,2.7196608885489555
8963,2.7196608885489555
8964,2.7196608885489555
8965,2.7196608885489555
8966,2.7196608885489555
8967,2.7196608885489555
8968,2.7196608885489555
8969,2.7196608885489555
8970,2.7196608885489555
8971,2.7196608885489555
8972,2.7196608885489555
8973,2.7196608885489555
8974,2.7196608885489555
8975,2.7196608885489555
8976,2.7196608885489555
8977,2.7196608885489555
8978,2.7196608885489555
8979,2.7196608885489555
8980,2.7196608885489555
8981,2.7196608885489555
8982,2.7196608885489555
8983,2.7196608885489555
8984,2.7196608885489555
8985,2.7196608885489555
8986,2.7196608885489555
8987,2.7196608885489555
8988,2.7196608885489555
8989,2.7196608885489555
8990,2.7196608885489555
8991,2.7196608885489555
8992,2.7196608885489555
8993,2.7196608885489555
8994,2.7196608885489555
8995,2.7196608885489555
8996,2.7196608885489555
8997,2.7196608885489555
8998,2.7196608885489555
8999,2.7196608885489555
9000,2.7196608885489555
9001,2.7196608885489555
9002,2.7196608885489555
9003,2.7196608885489555
9004,2.7196608885489555
9005,2.7196608885489555
9006,2.7196608885489555
9007,2.7196608885489555
9008,2.7196608885489555
9009,2.7196608885489555
9010,2.7196608885489555
9011,2.7196608885489555
9012,2.7196608885489555
9013,2.7196608885489555
9014,2.7196608885489555
9015,2.7196608885489555
9016,2.7196608885489555
9017,2.7196608885489555
9018,2.7196608885489555
9019,2.7196608885489555
9020,2.7196608885489555
9021,2.7196608885489555
9022,2.7196608885489555
9023,2.7196608885489555
9024,2.7196608885489555
9025,2.7196608885489555
9026,2.7196608885489555
9027,2.7196608885489555
9028,2.7196608885489555
9029,2.7196608885489555
9030,2.7196608885489555
9031,2.7196608885489555
9032,2.7196608885489555
9033,2.7196608885489555
9034,2.7196608885489555
9035,2.7196608885489555
9036,2.7196608885489555
9037,2.7196608885489555
9038,2.7196608885489555
9039,2.7196608885489555
9040,2.7196608885489555
9041,2.7196608885489555
9042,2.7196608885489555
9043,2.7196608885489555
9044,2.7196608885489555
9045,2.7196608885489555
9046,2.7196608885489555
9047,2.7196608885489555
9048,2.7196608885489555
9049,2.7196608885489555
9050,2.7196608885489555
9051,2.7196608885489555
9052,2.7196608885489555
9053,2.7196608885489555
9054,2.7196608885489555
9055,2.7196608885489555
9056,2.7196608885489555
9057,2.7196608885489555
9058,2.7196608885489555
9059,2.7196608885489555
9060,2.7196608885489555
9061,2.7196608885489555
9062,2.7196608885489555
9063,2.7196608885489555
9064,2.7196608885489555
9065,2.7196608885489555
9066,2.7196608885489555
9067,2.7196608885489555
9068,2.7196608885489555
9069,2.7196608885489555
9070,2.7196608885489555
9071,2.7196608885489555
9072,2.7196608885489555
9073,2.7196608885489555
9074,2.7196608885489555
9075,2.7196608885489555
9076,2.7196608885489555
9077,2.7196608885489555
9078,2.7196608885489555
9079,2.7196608885489555
9080,2.7196608885489555
9081,2.7196608885489555
9082,2.7196608885489555
9083,2.7196608885489555
9084,2.7196608885489555
9085,2.7196608885489555
9086,2.7196608885489555
9087,2.7196608885489555
9088,2.7196608885489555
9089,2.7196608885489555
9090,2.7196608885489555
9091,2.7196608885489555
9092,2.7196608885489555
9093,2.7196608885489555
9094,2.7196608885489555
9095,2.7196608885489555
9096,2.7196608885489555
9097,2.7196608885489555
9098,2.7196608885489555
9099,2.7196608885489555
9100,2.7196608885489555
9101,2.7196608885489555
9102,2.7196608885489555
9103,2.7196608885489555
9104,2.7196608885489555
9105,2.7196608885489555
9106,2.7196608885489555
9107,2.7196608885489555
9108,2.7196608885489555
9109,2.7196608885489555
9110,2.7196608885489555
9111,2.7196608885489555
9112,2.7196608885489555
9113,2.7196608885489555
9114,2.7196608885489555
9115,2.7196608885489555
9116,2.7196608885489555
9117,2.7196608885489555
9118,2.7196608885489555
9119,2.7196608885489555
9120,2.7196608885489555
9121,2.7196608885489555
9122,2.7196608885489555
9123,2.7196608885489555
9124,2.7196608885489555
9125,2.7196608885489555
9126,2.7196608885489555
9127,2.7196608885489555
9128,2.7196608885489555
9129,2.7196608885489555
9130,2.7196608885489555
9131,2.7196608885489555
9132,2.7196608885489555
9133,2.7196608885489555
9134,2.7196608885489555
9135,2.7196608885489555
9136,2.7196608885489555
9137,2.7196608885489555
9138,2.7196608885489555
9139,2.7196608885489555
9140,2.7196608885489555
9141,2.7196608885489555
9142,2.7196608885489555
9143,2.7196608885489555
9144,2.7196608885489555
9145,2.7196608885489555
9146,2.7196608885489555
9147,2.7196608885489555
9148,2.7196608885489555
9149,2.7196608885489555
9150,2.7196608885489555
9151,2.7196608885489555
9152,2.7196608885489555
9153,2.7196608885489555
9154,2.7196608885489555
9155,2.7196608885489555
9156,2.7196608885489555
9157,2.7196608885489555
9158,2.7196608885489555
9159,2.7196608885489555
9160,2.7196608885489555
9161,2.7196608885489555
9162,2.7196608885489555
9163,2.7196608885489555
9164,2.7196608885489555
9165,2.7196608885489555
9166,2.7196608885489555
9167,2.7196608885489555
9168,2.7196608885489555
9169,2.7196608885489555
9170,2.7196608885489555
9171,2.7196608885489555
9172,2.7196608885489555
9173,2.7196608885489555
9174,2.7196608885489555
9175,2.7196608885489555
9176,2.7196608885489555
9177,2.7196608885489555
9178,2.7196608885489555
9179,2.7196608885489555
9180,2.7196608885489555
9181,2.7196608885489555
9182,2.7196608885489555
9183,2.7196608885489555
9184,2.7196608885489555
9185,2.7196608885489555
9186,2.7196608885489555
9187,2.7196608885489555
9188,2.7196608885489555
9189,2.7196608885489555
9190,2.7196608885489555
9191,2.7196608885489555
9192,2.7196608885489555
9193,2.7196608885489555
9194,2.7196608885489555
9195,2.7196608885489555
9196,2.7196608885489555
9197,2.7196608885489555
9198,2.7196608885489555
9199,2.7196608885489555
9200,2.7196608885489555
9201,2.7196608885489555
9202,2.7196608885489555
9203,2.7196608885489555
9204,2.7196608885489555
9205,2.7196608885489555
9206,2.7196608885489555
9207,2.7196608885489555
9208,2.7196608885489555
9209,2.7196608885489555
9210,2.7196608885489555
9211,2.7196608885489555
9212,2.7196608885489555
9213,2.7196608885489555
9214,2.7196608885489555
9215,2.7196608885489555
9216,2.7196608885489555
9217,2.7196608885489555
9218,2.7196608885489555
9219,2.7196608885489555
9220,2.7196608885489555
9221,2.7196608885489555
9222,2.7196608885489555
9223,2.7196608885489555
9224,2.7196608885489555
9225,2.7196608885489555
9226,2.7196608885489555
9227,2.7196608885489555
9228,2.7196608885489555
9229,2.7196608885489555
9230,2.7196608885489555
9231,2.7196608885489555
9232,2.7196608885489555
9233,2.7196608885489555
9234,2.7196608885489555
9235,2.7196608885489555
9236,2.7196608885489555
9237,2.7196608885489555
9238,2.7196608885489555
9239,2.7196608885489555
9240,2.7196608885489555
9241,2.7196608885489555
9242,2.7196608885489555
9243,2.7196608885489555
9244,2.7196608885489555
9245,2.7196608885489555
9246,2.7196608885489555
9247,2.7196608885489555
9248,2.7196608885489555
9249,2.7196608885489555
9250,2.7196608885489555
9251,2.7196608885489555
9252,2.7196608885489555
9253,2.7196608885489555
9254,2.7196608885489555
9255,2.7196608885489555
9256,2.7196608885489555
9257,2.7196608885489555
9258,2.7196608885489555
9259,2.7196608885489555
9260,2.7196608885489555
9261,2.7196608885489555
9262,2.7196608885489555
9263,2.7196608885489555
9264,2.7196608885489555
9265,2.7196608885489555
9266,2.7196608885489555
9267,2.7196608885489555
9268,2.7196608885489555
9269,2.7196608885489555
9270,2.7196608885489555
9271,2.7196608885489555
9272,2.7196608885489555
9273,2.7196608885489555
9274,2.7196608885489555
9275,2.7196608885489555
9276,2.7196608885489555
9277,2.7196608885489555
9278,2.7196608885489555
9279,2.7196608885489555
9280,2.7196608885489555
9281,2.7196608885489555
9282,2.7196608885489555
9283,2.7196608885489555
9284,2.7196608885489555
9285,2.7196608885489555
9286,2.7196608885489555
9287,2.7196608885489555
9288,2.7196608885489555
9289,2.7196608885489555
9290,2.7196608885489555
9291,2.7196608885489555
9292,2.7196608885489555
9293,2.7196608885489555
9294,2.7196608885489555
9295,2.7196608885489555
9296,2.7196608885489555
9297,2.7196608885489555
9298,2.7196608885489555
9299,2.7196608885489555
9300,2.7196608885489555
9301,2.7196608885489555
9302,2.7196608885489555
9303,2.7196608885489555
9304,2.7196608885489555
9305,2.7196608885489555
9306,2.7196608885489555
9307,2.7196608885489555
9308,2.7196608885489555
9309,2.7196608885489555
9310,2.7196608885489555
9311,2.7196608885489555
9312,2.7196608885489555
9313,2.7196608885489555
9314,2.7196608885489555
9315,2.7196608885489555
9316,2.7196608885489555
9317,2.7196608885489555
9318,2.7196608885489555
9319,2.7196608885489555
9320,2.7196608885489555
9321,2.7196608885489555
9322,2.7196608885489555
9323,2.7196608885489555
9324,2.7196608885489555
9325,2.7196608885489555
9326,2.7196608885489555
9327,2.7196608885489555
9328,2.7196608885489555
9329,2.7196608885489555
9330,2.7196608885489555
9331,2.7196608885489555
9332,2.7196608885489555
9333,2.7196608885489555
9334,2.7196608885489555
9335,2.7196608885489555
9336,2.7196608885489555
9337,2.7196608885489555
9338,2.7196608885489555
9339,2.7196608885489555
9340,2.7196608885489555
9341,2.7196608885489555
9342,2.7196608885489555
9343,2.7196608885489555
9344,2.7196608885489555
9345,2.7196608885489555
9346,2.7196608885489555
9347,2.7196608885489555
9348,2.7196608885489555
9349,2.7196608885489555
9350,2.7196608885489555
9351,2.7196608885489555
9352,2.7196608885489555
9353,2.7196608885489555
9354,2.7196608885489555
9355,2.7196608885489555
9356,2.7196608885489555
9357,2.7196608885489555
9358,2.7196608885489555
9359,2.7196608885489555
9360,2.7196608885489555
9361,2.7196608885489555
9362,2.7196608885489555
9363,2.7196608885489555
9364,2.7196608885489555
9365,2.7196608885489555
9366,2.7196608885489555
9367,2.7196608885489555
9368,2.7196608885489555
9369,2.7196608885489555
9370,2.7196608885489555
9371,2.7196608885489555
9372,2.7196608885489555
9373,2.7196608885489555
9374,2.7196608885489555
9375,2.7196608885489555
9376,2.7196608885489555
9377,2.7196608885489555
9378,2.7196608885489555
9379,2.7196608885489555
9380,2.7196608885489555
9381,2.7196608885489555
9382,2.7196608885489555
9383,2.7196608885489555
9384,2.7196608885489555
9385,2.7196608885489555
9386,2.7196608885489555
9387,2.7196608885489555
9388,2.7196608885489555
9389,2.7196608885489555
9390,2.7196608885489555
9391,2.7196608885489555
9392,2.7196608885489555
9393,2.7196608885489555
9394,2.7196608885489555
9395,2.7196608885489555
9396,2.7196608885489555
9397,2.7196608885489555
9398,2.7196608885489555
9399,2.7196608885489555
9400,2.7196608885489555
9401,2.7196608885489555
9402,2.7196608885489555
9403,2.7196608885489555
9404,2.7196608885489555
9405,2.7196608885489555
9406,2.7196608885489555
9407,2.7196608885489555
9408,2.7196608885489555
9409,2.7196608885489555
9410,2.7196608885489555
9411,2.7196608885489555
9412,2.7196608885489555
9413,2.7196608885489555
9414,2.7196608885489555
9415,2.7196608885489555
9416,2.7196608885489555
9417,2.7196608885489555
9418,2.7196608885489555
9419,2.7196608885489555
9420,2.7196608885489555
9421,2.7196608885489555
9422,2.7196608885489555
9423,2.7196608885489555
9424,2.7196608885489555
9425,2.7196608885489555
9426,2.7196608885489555
9427,2.7196608885489555
9428,2.7196608885489555
9429,2.7196608885489555
9430,2.7196608885489555
9431,2.7196608885489555
9432,2.7196608885489555
9433,2.7196608885489555
9434,2.7196608885489555
9435,2.7196608885489555
9436,2.7196608885489555
9437,2.7196608885489555
9438,2.7196608885489555
9439,2.7196608885489555
9440,2.7196608885489555
9441,2.7196608885489555
9442,2.7196608885489555
9443,2.7196608885489555
9444,2.7196608885489555
9445,2.7196608885489555
9446,2.7196608885489555
9447,2.7196608885489555
9448,2.7196608885489555
9449,2.7196608885489555
9450,2.7196608885489555
9451,2.7196608885489555
9452,2.7196608885489555
9453,2.7196608885489555
9454,2.7196608885489555
9455,2.7196608885489555
9456,2.7196608885489555
9457,2.7196608885489555
9458,2.7196608885489555
9459,2.7196608885489555
9460,2.7196608885489555
9461,2.7196608885489555
9462,2.7196608885489555
9463,2.7196608885489555
9464,2.7196608885489555
9465,2.7196608885489555
9466,2.7196608885489555
9467,2.7196608885489555
9468,2.7196608885489555
9469,2.7196608885489555
9470,2.7196608885489555
9471,2.7196608885489555
9472,2.7196608885489555
9473,2.7196608885489555
9474,2.7196608885489555
9475,2.7196608885489555
9476,2.7196608885489555
9477,2.7196608885489555
9478,2.7196608885489555
9479,2.7196608885489555
9480,2.7196608885489555
9481,2.7196608885489555
9482,2.7196608885489555
9483,2.7196608885489555
9484,2.7196608885489555
9485,2.7196608885489555
9486,2.7196608885489555
9487,2.7196608885489555
9488,2.7196608885489555
9489,2.7196608885489555
9490,2.7196608885489555
9491,2.7196608885489555
9492,2.7196608885489555
9493,2.7196608885489555
9494,2.7196608885489555
9495,2.7196608885489555
9496,2.7196608885489555
9497,2.7196608885489555
9498,2.7196608885489555
9499,2.7196608885489555
9500,2.7196608885489555
9501,2.7196608885489555
9502,2.7196608885489555
9503,2.7196608885489555
9504,2.7196608885489555
9505,2.7196608885489555
9506,2.7196608885489555
9507,2.7196608885489555
9508,2.7196608885489555
9509,2.7196608885489555
9510,2.7196608885489555
9511,2.7196608885489555
9512,2.7196608885489555
9513,2.7196608885489555
9514,2.7196608885489555
9515,2.7196608885489555
9516,2.7196608885489555
9517,2.7196608885489555
9518,2.7196608885489555
9519,2.7196608885489555
9520,2.7196608885489555
9521,2.7196608885489555
9522,2.7196608885489555
9523,2.7196608885489555
9524,2.7196608885489555
9525,2.7196608885489555
9526,2.7196608885489555
9527,2.7196608885489555
9528,2.7196608885489555
9529,2.7196608885489555
9530,2.7196608885489555
9531,2.7196608885489555
9532,2.7196608885489555
9533,2.7196608885489555
9534,2.7196608885489555
9535,2.7196608885489555
9536,2.7196608885489555
9537,2.7196608885489555
9538,2.7196608885489555
9539,2.7196608885489555
9540,2.7196608885489555
9541,2.7196608885489555
9542,2.7196608885489555
9543,2.7196608885489555
9544,2.7196608885489555
9545,2.7196608885489555
9546,2.7196608885489555
9547,2.7196608885489555
9548,2.7196608885489555
9549,2.7196608885489555
9550,2.7196608885489555
9551,2.7196608885489555
9552,2.7196608885489555
9553,2.7196608885489555
9554,2.7196608885489555
9555,2.7196608885489555
9556,2.7196608885489555
9557,2.7196608885489555
9558,2.7196608885489555
9559,2.7196608885489555
9560,2.7196608885489555
9561,2.7196608885489555
9562,2.7196608885489555
9563,2.7196608885489555
9564,2.7196608885489555
9565,2.7196608885489555
9566,2.7196608885489555
9567,2.7196608885489555
9568,2.7196608885489555
9569,2.7196608885489555
9570,2.7196608885489555
9571,2.7196608885489555
9572,2.7196608885489555
9573,2.7196608885489555
9574,2.7196608885489555
9575,2.7196608885489555
9576,2.7196608885489555
9577,2.7196608885489555
9578,2.7196608885489555
9579,2.7196608885489555
9580,2.7196608885489555
9581,2.7196608885489555
9582,2.7196608885489555
9583,2.7196608885489555
9584,2.7196608885489555
9585,2.7196608885489555
9586,2.7196608885489555
9587,2.7196608885489555
9588,2.7196608885489555
9589,2.7196608885489555
9590,2.7196608885489555
9591,2.7196608885489555
9592,2.7196608885489555
9593,2.7196608885489555
9594,2.7196608885489555
9595,2.7196608885489555
9596,2.7196608885489555
9597,2.7196608885489555
9598,2.7196608885489555
9599,2.7196608885489555
9600,2.7196608885489555
9601,2.7196608885489555
9602,2.7196608885489555
9603,2.7196608885489555
9604,2.7196608885489555
9605,2.7196608885489555
9606,2.7196608885489555
9607,2.7196608885489555
9608,2.7196608885489555
9609,2.7196608885489555
9610,2.7196608885489555
9611,2.7196608885489555
9612,2.7196608885489555
9613,2.7196608885489555
9614,2.7196608885489555
9615,2.7196608885489555
9616,2.7196608885489555
9617,2.7196608885489555
9618,2.7196608885489555
9619,2.7196608885489555
9620,2.7196608885489555
9621,2.7196608885489555
9622,2.7196608885489555
9623,2.7196608885489555
9624,2.7196608885489555
9625,2.7196608885489555
9626,2.7196608885489555
9627,2.7196608885489555
9628,2.7196608885489555
9629,2.7196608885489555
9630,2.7196608885489555
9631,2.7196608885489555
9632,2.7196608885489555
9633,2.7196608885489555
9634,2.7196608885489555
9635,2.7196608885489555
9636,2.7196608885489555
9637,2.7196608885489555
9638,2.7196608885489555
9639,2.7196608885489555
9640,2.7196608885489555
9641,2.7196608885489555
9642,2.7196608885489555
9643,2.7196608885489555
9644,2.7196608885489555
9645,2.7196608885489555
9646,2.7196608885489555
9647,2.7196608885489555
9648,2.7196608885489555
9649,2.7196608885489555
9650,2.7196608885489555
9651,2.7196608885489555
9652,2.7196608885489555
9653,2.7196608885489555
9654,2.7196608885489555
9655,2.7196608885489555
9656,2.7196608885489555
9657,2.7196608885489555
9658,2.7196608885489555
9659,2.7196608885489555
9660,2.7196608885489555
9661,2.7196608885489555
9662,2.7196608885489555
9663,2.7196608885489555
9664,2.7196608885489555
9665,2.7196608885489555
9666,2.7196608885489555
9667,2.7196608885489555
9668,2.7196608885489555
9669,2.7196608885489555
9670,2.7196608885489555
9671,2.7196608885489555
9672,2.7196608885489555
9673,2.7196608885489555
9674,2.7196608885489555
9675,2.7196608885489555
9676,2.7196608885489555
9677,2.7196608885489555
9678,2.7196608885489555
9679,2.7196608885489555
9680,2.7196608885489555
9681,2.7196608885489555
9682,2.7196608885489555
9683,2.7196608885489555
9684,2.7196608885489555
9685,2.7196608885489555
9686,2.7196608885489555
9687,2.7196608885489555
9688,2.7196608885489555
9689,2.7196608885489555
9690,2.7196608885489555
9691,2.7196608885489555
9692,2.7196608885489555
9693,2.7196608885489555
9694,2.7196608885489555
9695,2.7196608885489555
9696,2.7196608885489555
9697,2.7196608885489555
9698,2.7196608885489555
9699,2.7196608885489555
9700,2.7196608885489555
9701,2.7196608885489555
9702,2.7196608885489555
9703,2.7196608885489555
9704,2.7196608885489555
9705,2.7196608885489555
9706,2.7196608885489555
9707,2.7196608885489555
9708,2.7196608885489555
9709,2.7196608885489555
9710,2.7196608885489555
9711,2.7196608885489555
9712,2.7196608885489555
9713,2.7196608885489555
9714,2.7196608885489555
9715,2.7196608885489555
9716,2.7196608885489555
9717,2.7196608885489555
9718,2.7196608885489555
9719,2.7196608885489555
9720,2.7196608885489555
9721,2.7196608885489555
9722,2.7196608885489555
9723,2.7196608885489555
9724,2.7196608885489555
9725,2.7196608885489555
9726,2.7196608885489555
9727,2.7196608885489555
9728,2.7196608885489555
9729,2.7196608885489555
9730,2.7196608885489555
9731,2.7196608885489555
9732,2.7196608885489555
9733,2.7196608885489555
9734,2.7196608885489555
9735,2.7196608885489555
9736,2.7196608885489555
9737,2.7196608885489555
9738,2.7196608885489555
9739,2.7196608885489555
9740,2.7196608885489555
9741,2.7196608885489555
9742,2.7196608885489555
9743,2.7196608885489555
9744,2.7196608885489555
9745,2.7196608885489555
9746,2.7196608885489555
9747,2.7196608885489555
9748,2.7196608885489555
9749,2.7196608885489555
9750,2.7196608885489555
9751,2.7196608885489555
9752,2.7196608885489555
9753,2.7196608885489555
9754,2.7196608885489555
9755,2.7196608885489555
9756,2.7196608885489555
9757,2.7196608885489555
9758,2.7196608885489555
9759,2.7196608885489555
9760,2.7196608885489555
9761,2.7196608885489555
9762,2.7196608885489555
9763,2.7196608885489555
9764,2.7196608885489555
9765,2.7196608885489555
9766,2.7196608885489555
9767,2.7196608885489555
9768,2.7196608885489555
9769,2.7196608885489555
9770,2.7196608885489555
9771,2.7196608885489555
9772,2.7196608885489555
9773,2.7196608885489555
9774,2.7196608885489555
9775,2.7196608885489555
9776,2.7196608885489555
9777,2.7196608885489555
9778,2.7196608885489555
9779,2.7196608885489555
9780,2.7196608885489555
9781,2.7196608885489555
9782,2.7196608885489555
9783,2.7196608885489555
9784,2.7196608885489555
9785,2.7196608885489555
9786,2.7196608885489555
9787,2.7196608885489555
9788,2.7196608885489555
9789,2.7196608885489555
9790,2.7196608885489555
9791,2.7196608885489555
9792,2.7196608885489555
9793,2.7196608885489555
9794,2.7196608885489555
9795,2.7196608885489555
9796,2.7196608885489555
9797,2.7196608885489555
9798,2.7196608885489555
9799,2.7196608885489555
9800,2.7196608885489555
9801,2.7196608885489555
9802,2.7196608885489555
9803,2.7196608885489555
9804,2.7196608885489555
9805,2.7196608885489555
9806,2.7196608885489555
9807,2.7196608885489555
9808,2.7196608885489555
9809,2.7196608885489555
9810,2.7196608885489555
9811,2.7196608885489555
9812,2.7196608885489555
9813,2.7196608885489555
9814,2.7196608885489555
9815,2.7196608885489555
9816,2.7196608885489555
9817,2.7196608885489555
9818,2.7196608885489555
9819,2.7196608885489555
9820,2.7196608885489555
9821,2.7196608885489555
9822,2.7196608885489555
9823,2.7196608885489555
9824,2.7196608885489555
9825,2.7196608885489555
9826,2.7196608885489555
9827,2.7196608885489555
9828,2.7196608885489555
9829,2.7196608885489555
9830,2.7196608885489555
9831,2.7196608885489555
9832,2.7196608885489555
9833,2.7196608885489555
9834,2.7196608885489555
9835,2.7196608885489555
9836,2.7196608885489555
9837,2.7196608885489555
9838,2.7196608885489555
9839,2.7196608885489555
9840,2.7196608885489555
9841,2.7196608885489555
9842,2.7196608885489555
9843,2.7196608885489555
9844,2.7196608885489555
9845,2.7196608885489555
9846,2.7196608885489555
9847,2.7196608885489555
9848,2.7196608885489555
9849,2.7196608885489555
9850,2.7196608885489555
9851,2.7196608885489555
9852,2.7196608885489555
9853,2.7196608885489555
9854,2.7196608885489555
9855,2.7196608885489555
9856,2.7196608885489555
9857,2.7196608885489555
9858,2.7196608885489555
9859,2.7196608885489555
9860,2.7196608885489555
9861,2.7196608885489555
9862,2.7196608885489555
9863,2.7196608885489555
9864,2.7196608885489555
9865,2.7196608885489555
9866,2.7196608885489555
9867,2.7196608885489555
9868,2.7196608885489555
9869,2.7196608885489555
9870,2.7196608885489555
9871,2.7196608885489555
9872,2.7196608885489555
9873,2.7196608885489555
9874,2.7196608885489555
9875,2.7196608885489555
9876,2.7196608885489555
9877,2.7196608885489555
9878,2.7196608885489555
9879,2.7196608885489555
9880,2.7196608885489555
9881,2.7196608885489555
9882,2.7196608885489555
9883,2.7196608885489555
9884,2.7196608885489555
9885,2.7196608885489555
9886,2.7196608885489555
9887,2.7196608885489555
9888,2.7196608885489555
9889,2.7196608885489555
9890,2.7196608885489555
9891,2.7196608885489555
9892,2.7196608885489555
9893,2.7196608885489555
9894,2.7196608885489555
9895,2.7196608885489555
9896,2.7196608885489555
9897,2.7196608885489555
9898,2.7196608885489555
9899,2.7196608885489555
9900,2.7196608885489555
9901,2.7196608885489555
9902,2.7196608885489555
9903,2.7196608885489555
9904,2.7196608885489555
9905,2.7196608885489555
9906,2.7196608885489555
9907,2.7196608885489555
9908,2.7196608885489555
9909,2.7196608885489555
9910,2.7196608885489555
9911,2.7196608885489555
9912,2.7196608885489555
9913,2.7196608885489555
9914,2.7196608885489555
9915,2.7196608885489555
9916,2.7196608885489555
9917,2.7196608885489555
9918,2.7196608885489555
9919,2.7196608885489555
9920,2.7196608885489555
9921,2.7196608885489555
9922,2.7196608885489555
9923,2.7196608885489555
9924,2.7196608885489555
9925,2.7196608885489555
9926,2.7196608885489555
9927,2.7196608885489555
9928,2.7196608885489555
9929,2.7196608885489555
9930,2.7196608885489555
9931,2.7196608885489555
9932,2.7196608885489555
9933,2.7196608885489555
9934,2.7196608885489555
9935,2.7196608885489555
9936,2.7196608885489555
9937,2.7196608885489555
9938,2.7196608885489555
9939,2.7196608885489555
9940,2.7196608885489555
9941,2.7196608885489555
9942,2.7196608885489555
9943,2.7196608885489555
9944,2.7196608885489555
9945,2.7196608885489555
9946,2.7196608885489555
9947,2.7196608885489555
9948,2.7196608885489555
9949,2.7196608885489555
9950,2.7196608885489555
9951,2.7196608885489555
9952,2.7196608885489555
9953,2.7196608885489555
9954,2.7196608885489555
9955,2.7196608885489555
9956,2.7196608885489555
9957,2.7196608885489555
9958,2.7196608885489555
9959,2.7196608885489555
9960,2.7196608885489555
9961,2.7196608885489555
9962,2.7196608885489555
9963,2.7196608885489555
9964,2.7196608885489555
9965,2.7196608885489555
9966,2.7196608885489555
9967,2.7196608885489555
9968,2.7196608885489555
9969,2.7196608885489555
9970,2.7196608885489555
9971,2.7196608885489555
9972,2.7196608885489555
9973,2.7196608885489555
9974,2.7196608885489555
9975,2.7196608885489555
9976,2.7196608885489555
9977,2.7196608885489555
9978,2.7196608885489555
9979,2.7196608885489555
9980,2.7196608885489555
9981,2.7196608885489555
9982,2.7196608885489555
9983,2.7196608885489555
9984,2.7196608885489555
9985,2.7196608885489555
9986,2.7196608885489555
9987,2.7196608885489555
9988,2.7196608885489555
9989,2.7196608885489555
9990,2.7196608885489555
9991,2.7196608885489555
9992,2.7196608885489555
9993,2.7196608885489555
9994,2.7196608885489555
9995,2.7196608885489555
9996,2.7196608885489555
9997,2.7196608885489555
9998,2.7196608885489555
9999,2.7196608885489555
10000,2.7196608885489555
