iteration,best_loss
0,27.611649256532647
1,27.611649256532647
2,27.611649256532647
3,27.611649256532647
4,27.611649256532647
5,27.611649256532647
6,27.611649256532647
7,27.611649256532647
8,27.611649256532647
9,27.611649256532647
10,27.611649256532647
11,27.611649256532647
12,27.611649256532647
13,23.970840406881635
14,23.970840406881635
15,23.970840406881635
16,23.970840406881635
17,23.970840406881635
18,23.970840406881635
19,23.970840406881635
20,23.970840406881635
21,23.970840406881635
22,23.970840406881635
23,23.970840406881635
24,23.970840406881635
25,23.970840406881635
26,23.970840406881635
27,21.698968873531953
28,9.474124192119415
29,9.474124192119415
30,8.827083393036439
31,8.827083393036439
32,8.057157554127004
33,8.057157554127004
34,8.057157554127004
35,8.057157554127004
36,8.057157554127004
37,8.057157554127004
38,8.057157554127004
39,8.057157554127004
40,8.057157554127004
41,8.057157554127004
42,8.057157554127004
43,8.057157554127004
44,8.057157554127004
45,8.057157554127004
46,8.057157554127004
47,8.057157554127004
48,8.057157554127004
49,8.057157554127004
50,8.057157554127004
51,8.057157554127004
52,8.057157554127004
53,8.057157554127004
54,8.057157554127004
55,8.057157554127004
56,8.057157554127004
57,8.057157554127004
58,8.057157554127004
59,8.057157554127004
60,8.057157554127004
61,8.057157554127004
62,8.057157554127004
63,8.057157554127004
64,8.057157554127004
65,8.057157554127004
66,8.057157554127004
67,8.057157554127004
68,8.057157554127004
69,8.057157554127004
70,8.057157554127004
71,8.057157554127004
72,8.057157554127004
73,8.057157554127004
74,8.057157554127004
75,8.057157554127004
76,8.057157554127004
77,8.057157554127004
78,8.057157554127004
79,8.057157554127004
80,8.057157554127004
81,8.057157554127004
82,8.057157554127004
83,8.057157554127004
84,8.057157554127004
85,8.057157554127004
86,8.057157554127004
87,8.057157554127004
88,8.057157554127004
89,8.057157554127004
90,8.057157554127004
91,8.057157554127004
92,8.057157554127004
93,8.057157554127004
94,8.057157554127004
95,7.739413549877927
96,7.739413549877927
97,7.739413549877927
98,7.739413549877927
99,7.739413549877927
100,7.739413549877927
101,7.739413549877927
102,7.739413549877927
103,7.739413549877927
104,7.739413549877927
105,7.739413549877927
106,7.739413549877927
107,7.739413549877927
108,7.739413549877927
109,7.739413549877927
110,7.739413549877927
111,7.739413549877927
112,7.739413549877927
113,7.739413549877927
114,7.739413549877927
115,7.739413549877927
116,7.739413549877927
117,7.739413549877927
118,7.739413549877927
119,7.739413549877927
120,7.739413549877927
121,7.739413549877927
122,6.628706618408498
123,6.628706618408498
124,6.628706618408498
125,6.628706618408498
126,6.628706618408498
127,6.628706618408498
128,6.628706618408498
129,6.628706618408498
130,6.628706618408498
131,6.628706618408498
132,6.628706618408498
133,6.628706618408498
134,6.628706618408498
135,6.628706618408498
136,6.628706618408498
137,6.628706618408498
138,6.628706618408498
139,6.628706618408498
140,6.628706618408498
141,6.628706618408498
142,6.628706618408498
143,6.628706618408498
144,6.628706618408498
145,6.628706618408498
146,6.628706618408498
147,6.628706618408498
148,6.628706618408498
149,6.628706618408498
150,6.628706618408498
151,6.628706618408498
152,6.628706618408498
153,6.628706618408498
154,6.628706618408498
155,6.628706618408498
156,6.628706618408498
157,6.628706618408498
158,6.628706618408498
159,6.628706618408498
160,6.628706618408498
161,6.628706618408498
162,6.628706618408498
163,6.628706618408498
164,6.628706618408498
165,6.628706618408498
166,6.628706618408498
167,6.628706618408498
168,6.628706618408498
169,6.628706618408498
170,6.628706618408498
171,6.628706618408498
172,6.628706618408498
173,6.628706618408498
174,6.628706618408498
175,6.628706618408498
176,6.628706618408498
177,6.628706618408498
178,6.628706618408498
179,6.628706618408498
180,6.628706618408498
181,6.628706618408498
182,6.628706618408498
183,6.628706618408498
184,6.628706618408498
185,6.628706618408498
186,6.628706618408498
187,6.628706618408498
188,6.628706618408498
189,6.628706618408498
190,6.628706618408498
191,6.628706618408498
192,6.628706618408498
193,6.628706618408498
194,6.628706618408498
195,6.628706618408498
196,6.628706618408498
197,6.628706618408498
198,6.628706618408498
199,6.628706618408498
200,6.628706618408498
201,6.628706618408498
202,6.628706618408498
203,6.628706618408498
204,6.628706618408498
205,6.628706618408498
206,6.628706618408498
207,6.628706618408498
208,6.628706618408498
209,6.628706618408498
210,6.628706618408498
211,6.628706618408498
212,6.628706618408498
213,6.628706618408498
214,6.628706618408498
215,6.628706618408498
216,6.628706618408498
217,6.628706618408498
218,6.628706618408498
219,6.628706618408498
220,6.628706618408498
221,6.628706618408498
222,6.628706618408498
223,6.628706618408498
224,6.628706618408498
225,6.628706618408498
226,6.628706618408498
227,6.628706618408498
228,6.628706618408498
229,6.628706618408498
230,6.628706618408498
231,6.628706618408498
232,6.628706618408498
233,6.628706618408498
234,6.628706618408498
235,6.628706618408498
236,6.628706618408498
237,6.628706618408498
238,6.628706618408498
239,6.628706618408498
240,6.628706618408498
241,6.628706618408498
242,6.628706618408498
243,6.628706618408498
244,6.628706618408498
245,6.628706618408498
246,6.628706618408498
247,6.628706618408498
248,6.628706618408498
249,6.628706618408498
250,6.628706618408498
251,6.628706618408498
252,6.628706618408498
253,6.628706618408498
254,6.628706618408498
255,6.628706618408498
256,6.628706618408498
257,6.628706618408498
258,6.628706618408498
259,6.628706618408498
260,6.628706618408498
261,6.628706618408498
262,6.628706618408498
263,6.628706618408498
264,6.628706618408498
265,6.628706618408498
266,6.628706618408498
267,6.628706618408498
268,6.628706618408498
269,6.628706618408498
270,6.628706618408498
271,6.628706618408498
272,6.628706618408498
273,6.628706618408498
274,6.628706618408498
275,6.628706618408498
276,6.628706618408498
277,6.628706618408498
278,6.628706618408498
279,6.628706618408498
280,6.628706618408498
281,6.628706618408498
282,6.628706618408498
283,6.628706618408498
284,6.628706618408498
285,6.628706618408498
286,6.628706618408498
287,6.628706618408498
288,6.628706618408498
289,6.628706618408498
290,6.628706618408498
291,6.628706618408498
292,6.628706618408498
293,6.628706618408498
294,6.628706618408498
295,6.628706618408498
296,6.628706618408498
297,6.628706618408498
298,6.628706618408498
299,6.628706618408498
300,6.628706618408498
301,6.628706618408498
302,6.628706618408498
303,6.628706618408498
304,6.628706618408498
305,6.628706618408498
306,6.628706618408498
307,6.628706618408498
308,6.628706618408498
309,6.628706618408498
310,6.628706618408498
311,6.628706618408498
312,6.628706618408498
313,6.628706618408498
314,6.628706618408498
315,6.628706618408498
316,6.628706618408498
317,6.628706618408498
318,6.628706618408498
319,6.628706618408498
320,6.628706618408498
321,6.628706618408498
322,6.628706618408498
323,6.628706618408498
324,6.628706618408498
325,6.628706618408498
326,6.628706618408498
327,6.628706618408498
328,6.628706618408498
329,6.628706618408498
330,6.628706618408498
331,6.628706618408498
332,6.628706618408498
333,6.628706618408498
334,6.628706618408498
335,6.628706618408498
336,6.628706618408498
337,6.628706618408498
338,6.628706618408498
339,6.628706618408498
340,6.628706618408498
341,6.628706618408498
342,6.628706618408498
343,6.628706618408498
344,6.628706618408498
345,6.628706618408498
346,6.628706618408498
347,6.628706618408498
348,6.628706618408498
349,6.628706618408498
350,6.628706618408498
351,6.628706618408498
352,6.628706618408498
353,6.628706618408498
354,6.628706618408498
355,6.628706618408498
356,6.628706618408498
357,6.628706618408498
358,6.628706618408498
359,6.628706618408498
360,6.628706618408498
361,6.628706618408498
362,6.628706618408498
363,6.628706618408498
364,6.628706618408498
365,6.628706618408498
366,6.628706618408498
367,6.628706618408498
368,6.628706618408498
369,6.628706618408498
370,6.628706618408498
371,6.628706618408498
372,6.628706618408498
373,6.628706618408498
374,6.628706618408498
375,6.628706618408498
376,6.628706618408498
377,6.628706618408498
378,6.628706618408498
379,6.628706618408498
380,6.628706618408498
381,6.628706618408498
382,6.628706618408498
383,6.628706618408498
384,6.628706618408498
385,6.628706618408498
386,6.628706618408498
387,6.628706618408498
388,6.628706618408498
389,6.628706618408498
390,6.628706618408498
391,6.628706618408498
392,6.628706618408498
393,6.628706618408498
394,6.628706618408498
395,6.628706618408498
396,6.628706618408498
397,6.628706618408498
398,6.628706618408498
399,6.628706618408498
400,6.628706618408498
401,6.628706618408498
402,6.628706618408498
403,6.628706618408498
404,6.628706618408498
405,6.628706618408498
406,6.628706618408498
407,6.628706618408498
408,6.628706618408498
409,6.628706618408498
410,6.628706618408498
411,6.628706618408498
412,6.628706618408498
413,6.628706618408498
414,6.628706618408498
415,6.628706618408498
416,6.628706618408498
417,6.628706618408498
418,6.628706618408498
419,6.628706618408498
420,6.628706618408498
421,6.628706618408498
422,6.628706618408498
423,6.628706618408498
424,6.628706618408498
425,6.628706618408498
426,6.628706618408498
427,6.628706618408498
428,6.628706618408498
429,6.628706618408498
430,6.628706618408498
431,6.628706618408498
432,6.628706618408498
433,6.628706618408498
434,6.628706618408498
435,6.628706618408498
436,6.628706618408498
437,6.628706618408498
438,6.628706618408498
439,6.628706618408498
440,6.628706618408498
441,6.628706618408498
442,6.628706618408498
443,6.628706618408498
444,6.628706618408498
445,6.628706618408498
446,6.628706618408498
447,6.628706618408498
448,6.628706618408498
449,6.628706618408498
450,6.628706618408498
451,6.628706618408498
452,6.628706618408498
453,6.628706618408498
454,6.628706618408498
455,6.628706618408498
456,6.628706618408498
457,6.628706618408498
458,6.628706618408498
459,6.628706618408498
460,6.628706618408498
461,6.628706618408498
462,6.628706618408498
463,6.628706618408498
464,6.628706618408498
465,6.628706618408498
466,6.628706618408498
467,6.628706618408498
468,6.628706618408498
469,6.628706618408498
470,6.628706618408498
471,6.628706618408498
472,6.628706618408498
473,6.628706618408498
474,6.628706618408498
475,6.628706618408498
476,6.628706618408498
477,6.628706618408498
478,6.628706618408498
479,6.628706618408498
480,6.628706618408498
481,6.628706618408498
482,6.628706618408498
483,6.628706618408498
484,6.628706618408498
485,6.628706618408498
486,6.628706618408498
487,6.628706618408498
488,6.628706618408498
489,6.628706618408498
490,6.628706618408498
491,6.628706618408498
492,6.628706618408498
493,6.628706618408498
494,6.628706618408498
495,6.628706618408498
496,6.628706618408498
497,6.628706618408498
498,6.628706618408498
499,6.628706618408498
500,6.628706618408498
501,6.628706618408498
502,6.628706618408498
503,6.628706618408498
504,6.628706618408498
505,6.628706618408498
506,6.628706618408498
507,6.628706618408498
508,6.628706618408498
509,6.628706618408498
510,6.628706618408498
511,6.628706618408498
512,6.628706618408498
513,6.628706618408498
514,6.628706618408498
515,6.628706618408498
516,6.628706618408498
517,6.628706618408498
518,6.628706618408498
519,6.628706618408498
520,6.628706618408498
521,6.628706618408498
522,6.628706618408498
523,6.628706618408498
524,6.628706618408498
525,6.628706618408498
526,6.628706618408498
527,6.628706618408498
528,6.628706618408498
529,6.628706618408498
530,6.628706618408498
531,6.628706618408498
532,6.628706618408498
533,6.628706618408498
534,6.628706618408498
535,6.628706618408498
536,6.628706618408498
537,6.628706618408498
538,6.628706618408498
539,6.628706618408498
540,6.628706618408498
541,6.628706618408498
542,6.628706618408498
543,6.628706618408498
544,6.628706618408498
545,6.628706618408498
546,6.628706618408498
547,6.628706618408498
548,6.628706618408498
549,6.628706618408498
550,6.628706618408498
551,6.628706618408498
552,6.628706618408498
553,6.628706618408498
554,6.628706618408498
555,6.628706618408498
556,6.628706618408498
557,6.628706618408498
558,6.628706618408498
559,6.628706618408498
560,6.628706618408498
561,6.628706618408498
562,6.628706618408498
563,6.628706618408498
564,6.628706618408498
565,6.628706618408498
566,6.628706618408498
567,6.628706618408498
568,6.628706618408498
569,6.628706618408498
570,6.628706618408498
571,6.628706618408498
572,6.628706618408498
573,6.628706618408498
574,6.628706618408498
575,6.628706618408498
576,6.628706618408498
577,6.628706618408498
578,6.628706618408498
579,6.628706618408498
580,6.628706618408498
581,6.628706618408498
582,6.628706618408498
583,6.628706618408498
584,6.628706618408498
585,6.628706618408498
586,6.628706618408498
587,6.628706618408498
588,6.628706618408498
589,6.628706618408498
590,6.628706618408498
591,6.628706618408498
592,6.628706618408498
593,6.628706618408498
594,6.628706618408498
595,6.628706618408498
596,6.628706618408498
597,6.628706618408498
598,6.628706618408498
599,6.628706618408498
600,6.628706618408498
601,6.628706618408498
602,6.628706618408498
603,6.628706618408498
604,6.628706618408498
605,6.628706618408498
606,6.628706618408498
607,6.628706618408498
608,6.628706618408498
609,6.628706618408498
610,6.628706618408498
611,6.628706618408498
612,6.628706618408498
613,6.628706618408498
614,6.628706618408498
615,6.628706618408498
616,6.628706618408498
617,6.628706618408498
618,6.628706618408498
619,6.628706618408498
620,6.628706618408498
621,6.628706618408498
622,6.628706618408498
623,6.628706618408498
624,6.628706618408498
625,6.628706618408498
626,6.628706618408498
627,6.628706618408498
628,6.628706618408498
629,6.628706618408498
630,6.628706618408498
631,6.628706618408498
632,6.628706618408498
633,6.628706618408498
634,6.628706618408498
635,6.628706618408498
636,6.628706618408498
637,6.628706618408498
638,6.628706618408498
639,6.628706618408498
640,6.628706618408498
641,6.628706618408498
642,6.628706618408498
643,6.628706618408498
644,6.628706618408498
645,6.628706618408498
646,6.628706618408498
647,6.628706618408498
648,6.628706618408498
649,6.628706618408498
650,6.628706618408498
651,6.628706618408498
652,6.628706618408498
653,6.628706618408498
654,6.628706618408498
655,6.628706618408498
656,6.628706618408498
657,6.628706618408498
658,6.628706618408498
659,6.628706618408498
660,6.628706618408498
661,6.628706618408498
662,6.628706618408498
663,6.628706618408498
664,6.628706618408498
665,6.628706618408498
666,6.628706618408498
667,6.628706618408498
668,6.628706618408498
669,6.628706618408498
670,6.628706618408498
671,6.628706618408498
672,6.628706618408498
673,6.628706618408498
674,6.628706618408498
675,6.628706618408498
676,6.628706618408498
677,6.628706618408498
678,6.628706618408498
679,6.628706618408498
680,6.628706618408498
681,6.628706618408498
682,6.628706618408498
683,6.628706618408498
684,6.628706618408498
685,6.628706618408498
686,6.628706618408498
687,6.628706618408498
688,6.628706618408498
689,6.628706618408498
690,6.628706618408498
691,6.628706618408498
692,6.628706618408498
693,6.628706618408498
694,6.628706618408498
695,6.628706618408498
696,6.628706618408498
697,6.628706618408498
698,6.628706618408498
699,6.628706618408498
700,6.628706618408498
701,6.628706618408498
702,6.628706618408498
703,6.628706618408498
704,6.628706618408498
705,6.628706618408498
706,6.628706618408498
707,6.628706618408498
708,6.628706618408498
709,6.628706618408498
710,6.628706618408498
711,6.628706618408498
712,6.628706618408498
713,6.628706618408498
714,6.628706618408498
715,6.628706618408498
716,6.628706618408498
717,6.628706618408498
718,6.628706618408498
719,6.628706618408498
720,6.628706618408498
721,6.628706618408498
722,6.628706618408498
723,6.628706618408498
724,6.628706618408498
725,6.628706618408498
726,6.628706618408498
727,6.628706618408498
728,6.628706618408498
729,6.628706618408498
730,6.628706618408498
731,6.628706618408498
732,6.628706618408498
733,6.628706618408498
734,6.628706618408498
735,6.628706618408498
736,6.628706618408498
737,6.628706618408498
738,6.628706618408498
739,6.628706618408498
740,6.628706618408498
741,6.628706618408498
742,6.628706618408498
743,6.628706618408498
744,6.628706618408498
745,6.628706618408498
746,6.628706618408498
747,6.628706618408498
748,6.628706618408498
749,6.628706618408498
750,6.628706618408498
751,6.628706618408498
752,6.628706618408498
753,6.628706618408498
754,6.628706618408498
755,6.628706618408498
756,6.628706618408498
757,6.628706618408498
758,6.628706618408498
759,6.628706618408498
760,6.628706618408498
761,6.628706618408498
762,6.628706618408498
763,6.628706618408498
764,6.628706618408498
765,6.628706618408498
766,6.628706618408498
767,6.628706618408498
768,6.628706618408498
769,6.628706618408498
770,6.628706618408498
771,6.628706618408498
772,6.628706618408498
773,6.628706618408498
774,6.628706618408498
775,6.628706618408498
776,6.628706618408498
777,6.628706618408498
778,6.628706618408498
779,6.628706618408498
780,6.628706618408498
781,6.628706618408498
782,6.628706618408498
783,6.628706618408498
784,6.628706618408498
785,6.628706618408498
786,6.628706618408498
787,6.628706618408498
788,6.628706618408498
789,6.628706618408498
790,6.628706618408498
791,6.628706618408498
792,6.628706618408498
793,6.628706618408498
794,6.628706618408498
795,6.628706618408498
796,6.628706618408498
797,6.628706618408498
798,6.628706618408498
799,6.628706618408498
800,6.628706618408498
801,6.628706618408498
802,6.628706618408498
803,6.628706618408498
804,6.628706618408498
805,6.628706618408498
806,6.628706618408498
807,6.628706618408498
808,6.628706618408498
809,6.628706618408498
810,6.628706618408498
811,6.628706618408498
812,6.628706618408498
813,6.628706618408498
814,6.628706618408498
815,6.628706618408498
816,6.628706618408498
817,6.628706618408498
818,6.628706618408498
819,6.628706618408498
820,6.628706618408498
821,6.628706618408498
822,6.628706618408498
823,6.628706618408498
824,6.628706618408498
825,6.628706618408498
826,6.628706618408498
827,6.628706618408498
828,6.628706618408498
829,6.628706618408498
830,6.628706618408498
831,6.628706618408498
832,6.628706618408498
833,6.628706618408498
834,6.628706618408498
835,6.628706618408498
836,6.628706618408498
837,6.628706618408498
838,6.628706618408498
839,6.628706618408498
840,6.628706618408498
841,6.628706618408498
842,6.628706618408498
843,6.628706618408498
844,6.628706618408498
845,6.628706618408498
846,6.628706618408498
847,6.628706618408498
848,6.628706618408498
849,6.628706618408498
850,6.628706618408498
851,6.628706618408498
852,6.628706618408498
853,6.628706618408498
854,6.628706618408498
855,6.628706618408498
856,6.628706618408498
857,6.628706618408498
858,6.628706618408498
859,6.628706618408498
860,6.628706618408498
861,6.628706618408498
862,6.628706618408498
863,6.628706618408498
864,6.628706618408498
865,6.628706618408498
866,6.628706618408498
867,6.628706618408498
868,6.628706618408498
869,6.628706618408498
870,6.628706618408498
871,6.628706618408498
872,6.628706618408498
873,6.628706618408498
874,6.628706618408498
875,6.628706618408498
876,6.628706618408498
877,6.628706618408498
878,6.628706618408498
879,6.628706618408498
880,6.628706618408498
881,6.628706618408498
882,6.628706618408498
883,6.628706618408498
884,6.628706618408498
885,6.628706618408498
886,6.628706618408498
887,6.628706618408498
888,6.628706618408498
889,6.628706618408498
890,6.628706618408498
891,6.628706618408498
892,6.628706618408498
893,6.628706618408498
894,6.628706618408498
895,6.628706618408498
896,6.628706618408498
897,6.628706618408498
898,6.628706618408498
899,6.628706618408498
900,6.628706618408498
901,6.628706618408498
902,6.628706618408498
903,6.628706618408498
904,6.628706618408498
905,6.628706618408498
906,6.628706618408498
907,6.628706618408498
908,6.628706618408498
909,6.628706618408498
910,6.628706618408498
911,6.628706618408498
912,6.628706618408498
913,6.628706618408498
914,6.628706618408498
915,6.628706618408498
916,6.628706618408498
917,6.628706618408498
918,6.628706618408498
919,6.628706618408498
920,6.628706618408498
921,6.628706618408498
922,6.628706618408498
923,6.628706618408498
924,6.628706618408498
925,6.628706618408498
926,6.628706618408498
927,6.628706618408498
928,6.628706618408498
929,6.628706618408498
930,6.628706618408498
931,6.628706618408498
932,6.628706618408498
933,6.628706618408498
934,6.628706618408498
935,6.628706618408498
936,6.628706618408498
937,6.628706618408498
938,6.628706618408498
939,6.628706618408498
940,6.628706618408498
941,6.628706618408498
942,6.628706618408498
943,6.628706618408498
944,6.628706618408498
945,6.628706618408498
946,6.628706618408498
947,6.628706618408498
948,6.628706618408498
949,6.628706618408498
950,6.628706618408498
951,6.628706618408498
952,6.628706618408498
953,6.628706618408498
954,6.628706618408498
955,6.628706618408498
956,6.628706618408498
957,6.628706618408498
958,6.628706618408498
959,6.628706618408498
960,6.628706618408498
961,6.628706618408498
962,6.628706618408498
963,6.628706618408498
964,6.628706618408498
965,6.628706618408498
966,6.628706618408498
967,6.628706618408498
968,6.628706618408498
969,6.628706618408498
970,6.628706618408498
971,6.628706618408498
972,6.628706618408498
973,6.628706618408498
974,6.628706618408498
975,6.628706618408498
976,6.628706618408498
977,6.628706618408498
978,6.628706618408498
979,6.628706618408498
980,6.628706618408498
981,6.628706618408498
982,6.628706618408498
983,6.628706618408498
984,6.628706618408498
985,6.628706618408498
986,6.628706618408498
987,6.628706618408498
988,6.628706618408498
989,6.628706618408498
990,6.628706618408498
991,6.628706618408498
992,6.628706618408498
993,6.628706618408498
994,6.628706618408498
995,6.628706618408498
996,6.628706618408498
997,6.628706618408498
998,6.628706618408498
999,6.628706618408498
1000,6.628706618408498
1001,6.628706618408498
1002,6.628706618408498
1003,6.628706618408498
1004,6.628706618408498
1005,6.628706618408498
1006,6.628706618408498
1007,6.628706618408498
1008,6.628706618408498
1009,6.628706618408498
1010,6.628706618408498
1011,6.628706618408498
1012,6.628706618408498
1013,6.628706618408498
1014,6.628706618408498
1015,6.628706618408498
1016,6.628706618408498
1017,6.628706618408498
1018,6.628706618408498
1019,6.628706618408498
1020,6.628706618408498
1021,6.628706618408498
1022,6.628706618408498
1023,6.628706618408498
1024,6.628706618408498
1025,6.628706618408498
1026,6.628706618408498
1027,6.628706618408498
1028,6.628706618408498
1029,6.628706618408498
1030,6.628706618408498
1031,6.628706618408498
1032,6.628706618408498
1033,6.628706618408498
1034,6.628706618408498
1035,6.628706618408498
1036,6.628706618408498
1037,6.628706618408498
1038,6.628706618408498
1039,6.628706618408498
1040,6.628706618408498
1041,6.628706618408498
1042,6.628706618408498
1043,6.628706618408498
1044,6.628706618408498
1045,6.628706618408498
1046,6.628706618408498
1047,6.628706618408498
1048,6.628706618408498
1049,6.628706618408498
1050,6.628706618408498
1051,6.628706618408498
1052,6.628706618408498
1053,6.628706618408498
1054,6.628706618408498
1055,6.628706618408498
1056,6.628706618408498
1057,6.628706618408498
1058,6.628706618408498
1059,6.628706618408498
1060,6.628706618408498
1061,6.628706618408498
1062,6.628706618408498
1063,6.628706618408498
1064,6.628706618408498
1065,6.628706618408498
1066,6.628706618408498
1067,6.628706618408498
1068,6.628706618408498
1069,6.628706618408498
1070,6.628706618408498
1071,6.628706618408498
1072,6.628706618408498
1073,6.628706618408498
1074,6.628706618408498
1075,6.628706618408498
1076,6.628706618408498
1077,6.628706618408498
1078,6.628706618408498
1079,6.628706618408498
1080,6.628706618408498
1081,6.628706618408498
1082,6.628706618408498
1083,6.628706618408498
1084,6.628706618408498
1085,6.628706618408498
1086,6.628706618408498
1087,6.628706618408498
1088,6.628706618408498
1089,6.628706618408498
1090,6.628706618408498
1091,6.628706618408498
1092,6.628706618408498
1093,6.628706618408498
1094,6.628706618408498
1095,6.628706618408498
1096,6.628706618408498
1097,6.628706618408498
1098,6.628706618408498
1099,6.628706618408498
1100,6.628706618408498
1101,6.628706618408498
1102,6.628706618408498
1103,6.628706618408498
1104,6.628706618408498
1105,6.628706618408498
1106,6.628706618408498
1107,6.628706618408498
1108,6.628706618408498
1109,6.628706618408498
1110,6.628706618408498
1111,6.628706618408498
1112,6.628706618408498
1113,6.628706618408498
1114,6.628706618408498
1115,6.628706618408498
1116,6.12619576182109
1117,6.12619576182109
1118,6.12619576182109
1119,6.12619576182109
1120,6.12619576182109
1121,6.12619576182109
1122,6.12619576182109
1123,6.12619576182109
1124,6.12619576182109
1125,6.12619576182109
1126,6.12619576182109
1127,6.12619576182109
1128,6.12619576182109
1129,6.12619576182109
1130,6.12619576182109
1131,6.12619576182109
1132,6.12619576182109
1133,6.12619576182109
1134,6.12619576182109
1135,6.12619576182109
1136,6.12619576182109
1137,6.12619576182109
1138,6.12619576182109
1139,6.12619576182109
1140,6.12619576182109
1141,6.12619576182109
1142,6.12619576182109
1143,6.12619576182109
1144,6.12619576182109
1145,6.12619576182109
1146,6.12619576182109
1147,6.12619576182109
1148,6.12619576182109
1149,6.12619576182109
1150,6.12619576182109
1151,6.12619576182109
1152,6.12619576182109
1153,6.12619576182109
1154,6.12619576182109
1155,6.12619576182109
1156,6.12619576182109
1157,6.12619576182109
1158,6.12619576182109
1159,6.12619576182109
1160,6.12619576182109
1161,6.12619576182109
1162,6.12619576182109
1163,6.12619576182109
1164,6.12619576182109
1165,6.12619576182109
1166,6.12619576182109
1167,6.12619576182109
1168,6.12619576182109
1169,6.12619576182109
1170,6.12619576182109
1171,6.12619576182109
1172,6.12619576182109
1173,6.12619576182109
1174,6.12619576182109
1175,6.12619576182109
1176,6.12619576182109
1177,6.12619576182109
1178,6.12619576182109
1179,6.12619576182109
1180,6.12619576182109
1181,6.12619576182109
1182,6.12619576182109
1183,6.12619576182109
1184,6.12619576182109
1185,6.12619576182109
1186,6.12619576182109
1187,6.12619576182109
1188,6.12619576182109
1189,6.12619576182109
1190,6.12619576182109
1191,6.12619576182109
1192,6.12619576182109
1193,6.12619576182109
1194,6.12619576182109
1195,6.12619576182109
1196,6.12619576182109
1197,6.12619576182109
1198,6.12619576182109
1199,6.12619576182109
1200,6.12619576182109
1201,6.12619576182109
1202,6.12619576182109
1203,6.12619576182109
1204,6.12619576182109
1205,6.12619576182109
1206,6.12619576182109
1207,6.12619576182109
1208,6.12619576182109
1209,6.12619576182109
1210,6.12619576182109
1211,6.12619576182109
1212,6.12619576182109
1213,6.12619576182109
1214,6.12619576182109
1215,6.12619576182109
1216,6.12619576182109
1217,6.12619576182109
1218,6.12619576182109
1219,6.12619576182109
1220,6.12619576182109
1221,6.12619576182109
1222,6.12619576182109
1223,6.12619576182109
1224,6.12619576182109
1225,6.12619576182109
1226,6.12619576182109
1227,6.12619576182109
1228,6.12619576182109
1229,6.12619576182109
1230,6.12619576182109
1231,6.12619576182109
1232,6.12619576182109
1233,6.12619576182109
1234,6.12619576182109
1235,6.12619576182109
1236,6.12619576182109
1237,6.12619576182109
1238,6.12619576182109
1239,6.12619576182109
1240,6.12619576182109
1241,6.12619576182109
1242,6.12619576182109
1243,6.12619576182109
1244,6.12619576182109
1245,6.12619576182109
1246,6.12619576182109
1247,6.12619576182109
1248,6.12619576182109
1249,6.12619576182109
1250,6.12619576182109
1251,6.12619576182109
1252,6.12619576182109
1253,6.12619576182109
1254,6.12619576182109
1255,6.12619576182109
1256,6.12619576182109
1257,6.12619576182109
1258,6.12619576182109
1259,6.12619576182109
1260,6.12619576182109
1261,6.12619576182109
1262,6.12619576182109
1263,6.12619576182109
1264,6.12619576182109
1265,6.12619576182109
1266,6.12619576182109
1267,6.12619576182109
1268,6.12619576182109
1269,6.12619576182109
1270,5.73879808675202
1271,5.73879808675202
1272,5.73879808675202
1273,5.73879808675202
1274,5.73879808675202
1275,5.73879808675202
1276,5.73879808675202
1277,5.73879808675202
1278,5.73879808675202
1279,5.73879808675202
1280,5.73879808675202
1281,5.73879808675202
1282,5.73879808675202
1283,5.73879808675202
1284,5.73879808675202
1285,5.73879808675202
1286,5.73879808675202
1287,5.73879808675202
1288,5.73879808675202
1289,5.73879808675202
1290,5.73879808675202
1291,5.73879808675202
1292,5.73879808675202
1293,5.73879808675202
1294,5.73879808675202
1295,5.73879808675202
1296,5.73879808675202
1297,5.73879808675202
1298,5.73879808675202
1299,5.73879808675202
1300,5.73879808675202
1301,5.73879808675202
1302,5.73879808675202
1303,5.73879808675202
1304,5.73879808675202
1305,5.73879808675202
1306,5.73879808675202
1307,5.73879808675202
1308,5.73879808675202
1309,5.73879808675202
1310,5.73879808675202
1311,5.73879808675202
1312,5.73879808675202
1313,5.73879808675202
1314,5.73879808675202
1315,5.73879808675202
1316,5.73879808675202
1317,5.73879808675202
1318,5.73879808675202
1319,5.73879808675202
1320,5.73879808675202
1321,5.73879808675202
1322,5.73879808675202
1323,5.73879808675202
1324,5.73879808675202
1325,5.73879808675202
1326,5.73879808675202
1327,5.73879808675202
1328,5.73879808675202
1329,5.73879808675202
1330,5.73879808675202
1331,5.73879808675202
1332,5.73879808675202
1333,5.73879808675202
1334,5.73879808675202
1335,5.73879808675202
1336,5.73879808675202
1337,5.73879808675202
1338,5.73879808675202
1339,5.73879808675202
1340,5.73879808675202
1341,5.73879808675202
1342,5.73879808675202
1343,5.73879808675202
1344,5.73879808675202
1345,5.73879808675202
1346,5.73879808675202
1347,5.73879808675202
1348,5.73879808675202
1349,5.73879808675202
1350,5.73879808675202
1351,5.73879808675202
1352,5.73879808675202
1353,5.73879808675202
1354,5.73879808675202
1355,5.73879808675202
1356,5.73879808675202
1357,5.73879808675202
1358,5.73879808675202
1359,5.73879808675202
1360,5.73879808675202
1361,5.73879808675202
1362,5.73879808675202
1363,5.73879808675202
1364,5.73879808675202
1365,5.73879808675202
1366,5.73879808675202
1367,5.73879808675202
1368,5.73879808675202
1369,5.73879808675202
1370,5.73879808675202
1371,5.73879808675202
1372,5.73879808675202
1373,5.73879808675202
1374,5.73879808675202
1375,5.73879808675202
1376,5.73879808675202
1377,5.73879808675202
1378,5.73879808675202
1379,5.73879808675202
1380,5.73879808675202
1381,5.73879808675202
1382,5.73879808675202
1383,5.73879808675202
1384,5.73879808675202
1385,5.73879808675202
1386,5.73879808675202
1387,5.73879808675202
1388,5.73879808675202
1389,5.73879808675202
1390,5.73879808675202
1391,5.73879808675202
1392,5.73879808675202
1393,5.73879808675202
1394,5.73879808675202
1395,5.73879808675202
1396,5.73879808675202
1397,5.73879808675202
1398,5.73879808675202
1399,5.73879808675202
1400,5.73879808675202
1401,5.73879808675202
1402,5.73879808675202
1403,5.73879808675202
1404,5.73879808675202
1405,5.73879808675202
1406,5.73879808675202
1407,5.73879808675202
1408,5.73879808675202
1409,5.73879808675202
1410,5.73879808675202
1411,5.73879808675202
1412,5.73879808675202
1413,5.73879808675202
1414,5.73879808675202
1415,5.73879808675202
1416,5.73879808675202
1417,5.73879808675202
1418,5.73879808675202
1419,5.73879808675202
1420,5.73879808675202
1421,5.73879808675202
1422,5.73879808675202
1423,5.73879808675202
1424,5.73879808675202
1425,5.73879808675202
1426,5.73879808675202
1427,5.73879808675202
1428,5.73879808675202
1429,5.73879808675202
1430,5.73879808675202
1431,5.73879808675202
1432,5.73879808675202
1433,5.73879808675202
1434,5.73879808675202
1435,5.73879808675202
1436,5.73879808675202
1437,5.73879808675202
1438,5.73879808675202
1439,5.73879808675202
1440,5.73879808675202
1441,5.73879808675202
1442,5.73879808675202
1443,5.73879808675202
1444,5.73879808675202
1445,5.73879808675202
1446,5.73879808675202
1447,5.73879808675202
1448,5.73879808675202
1449,5.73879808675202
1450,5.73879808675202
1451,5.73879808675202
1452,5.73879808675202
1453,5.73879808675202
1454,5.73879808675202
1455,5.73879808675202
1456,5.73879808675202
1457,5.73879808675202
1458,5.73879808675202
1459,5.73879808675202
1460,5.73879808675202
1461,5.73879808675202
1462,5.73879808675202
1463,5.73879808675202
1464,5.73879808675202
1465,5.73879808675202
1466,5.73879808675202
1467,5.73879808675202
1468,5.73879808675202
1469,5.73879808675202
1470,5.73879808675202
1471,5.73879808675202
1472,5.73879808675202
1473,5.73879808675202
1474,5.73879808675202
1475,5.73879808675202
1476,5.73879808675202
1477,5.73879808675202
1478,5.73879808675202
1479,5.73879808675202
1480,5.73879808675202
1481,5.73879808675202
1482,5.73879808675202
1483,5.73879808675202
1484,5.73879808675202
1485,5.73879808675202
1486,5.73879808675202
1487,5.73879808675202
1488,5.73879808675202
1489,5.73879808675202
1490,5.73879808675202
1491,5.73879808675202
1492,5.73879808675202
1493,5.73879808675202
1494,5.73879808675202
1495,5.73879808675202
1496,5.73879808675202
1497,5.73879808675202
1498,5.73879808675202
1499,5.73879808675202
1500,5.73879808675202
1501,5.73879808675202
1502,5.73879808675202
1503,5.73879808675202
1504,5.73879808675202
1505,5.73879808675202
1506,5.73879808675202
1507,5.73879808675202
1508,5.73879808675202
1509,5.73879808675202
1510,5.73879808675202
1511,5.73879808675202
1512,5.73879808675202
1513,5.73879808675202
1514,5.73879808675202
1515,5.73879808675202
1516,5.73879808675202
1517,5.73879808675202
1518,5.73879808675202
1519,5.73879808675202
1520,5.73879808675202
1521,5.73879808675202
1522,5.73879808675202
1523,5.73879808675202
1524,5.73879808675202
1525,5.73879808675202
1526,5.73879808675202
1527,5.73879808675202
1528,5.73879808675202
1529,5.73879808675202
1530,5.73879808675202
1531,5.73879808675202
1532,5.73879808675202
1533,5.73879808675202
1534,5.73879808675202
1535,5.73879808675202
1536,5.73879808675202
1537,5.73879808675202
1538,5.73879808675202
1539,5.73879808675202
1540,5.73879808675202
1541,5.73879808675202
1542,5.73879808675202
1543,5.73879808675202
1544,5.73879808675202
1545,5.73879808675202
1546,5.73879808675202
1547,5.73879808675202
1548,5.73879808675202
1549,5.73879808675202
1550,5.73879808675202
1551,5.73879808675202
1552,5.73879808675202
1553,5.73879808675202
1554,5.73879808675202
1555,5.73879808675202
1556,5.73879808675202
1557,5.73879808675202
1558,5.73879808675202
1559,5.73879808675202
1560,5.73879808675202
1561,5.73879808675202
1562,5.73879808675202
1563,5.73879808675202
1564,5.73879808675202
1565,5.73879808675202
1566,5.73879808675202
1567,5.73879808675202
1568,5.73879808675202
1569,5.73879808675202
1570,5.73879808675202
1571,5.73879808675202
1572,5.73879808675202
1573,5.73879808675202
1574,5.73879808675202
1575,5.73879808675202
1576,5.73879808675202
1577,5.73879808675202
1578,5.73879808675202
1579,5.73879808675202
1580,5.73879808675202
1581,5.73879808675202
1582,5.73879808675202
1583,5.73879808675202
1584,5.73879808675202
1585,5.73879808675202
1586,5.73879808675202
1587,5.73879808675202
1588,5.73879808675202
1589,5.73879808675202
1590,5.73879808675202
1591,5.73879808675202
1592,5.73879808675202
1593,5.73879808675202
1594,5.73879808675202
1595,5.73879808675202
1596,5.73879808675202
1597,5.73879808675202
1598,5.73879808675202
1599,5.73879808675202
1600,5.73879808675202
1601,5.73879808675202
1602,5.73879808675202
1603,5.73879808675202
1604,5.73879808675202
1605,5.73879808675202
1606,5.73879808675202
1607,5.73879808675202
1608,5.73879808675202
1609,5.73879808675202
1610,5.73879808675202
1611,5.73879808675202
1612,5.73879808675202
1613,5.73879808675202
1614,5.5931175253817695
1615,5.5931175253817695
1616,5.5931175253817695
1617,5.5931175253817695
1618,5.5931175253817695
1619,5.5931175253817695
1620,5.5931175253817695
1621,5.5931175253817695
1622,5.5931175253817695
1623,5.5931175253817695
1624,5.5931175253817695
1625,5.5931175253817695
1626,5.5931175253817695
1627,5.5931175253817695
1628,5.5931175253817695
1629,5.5931175253817695
1630,5.5931175253817695
1631,5.5931175253817695
1632,5.5931175253817695
1633,5.5931175253817695
1634,5.5931175253817695
1635,5.5931175253817695
1636,5.5931175253817695
1637,5.5931175253817695
1638,5.5931175253817695
1639,5.5931175253817695
1640,5.5931175253817695
1641,5.5931175253817695
1642,5.5931175253817695
1643,5.5931175253817695
1644,5.5931175253817695
1645,5.5931175253817695
1646,5.5931175253817695
1647,5.5931175253817695
1648,5.5931175253817695
1649,5.5931175253817695
1650,5.5931175253817695
1651,5.5931175253817695
1652,5.5931175253817695
1653,5.5931175253817695
1654,5.5931175253817695
1655,5.5931175253817695
1656,5.5931175253817695
1657,5.5931175253817695
1658,5.5931175253817695
1659,5.5931175253817695
1660,5.5931175253817695
1661,5.5931175253817695
1662,5.5931175253817695
1663,5.5931175253817695
1664,5.5931175253817695
1665,5.5931175253817695
1666,5.5931175253817695
1667,5.5931175253817695
1668,5.5931175253817695
1669,5.5931175253817695
1670,5.5931175253817695
1671,5.5931175253817695
1672,5.5931175253817695
1673,5.5931175253817695
1674,5.5931175253817695
1675,5.5931175253817695
1676,5.5931175253817695
1677,5.5931175253817695
1678,5.5931175253817695
1679,5.5931175253817695
1680,5.5931175253817695
1681,5.5931175253817695
1682,5.5931175253817695
1683,5.5931175253817695
1684,5.5931175253817695
1685,5.5931175253817695
1686,5.5931175253817695
1687,5.5931175253817695
1688,5.5931175253817695
1689,5.5931175253817695
1690,5.5931175253817695
1691,5.5931175253817695
1692,5.5931175253817695
1693,5.5931175253817695
1694,5.5931175253817695
1695,5.5931175253817695
1696,5.5931175253817695
1697,5.5931175253817695
1698,5.5931175253817695
1699,5.5931175253817695
1700,5.5931175253817695
1701,5.5931175253817695
1702,5.5931175253817695
1703,5.5931175253817695
1704,5.5931175253817695
1705,5.5931175253817695
1706,5.5931175253817695
1707,5.5931175253817695
1708,5.5931175253817695
1709,5.5931175253817695
1710,5.5931175253817695
1711,5.5931175253817695
1712,5.5931175253817695
1713,5.5931175253817695
1714,5.5931175253817695
1715,5.5931175253817695
1716,5.5931175253817695
1717,5.5931175253817695
1718,5.5931175253817695
1719,5.5931175253817695
1720,5.5931175253817695
1721,5.5931175253817695
1722,5.5931175253817695
1723,5.5931175253817695
1724,5.5931175253817695
1725,5.5931175253817695
1726,5.5931175253817695
1727,5.5931175253817695
1728,5.5931175253817695
1729,5.5931175253817695
1730,5.5931175253817695
1731,5.5931175253817695
1732,5.5931175253817695
1733,5.5931175253817695
1734,5.5931175253817695
1735,5.5931175253817695
1736,5.5931175253817695
1737,5.5931175253817695
1738,5.5931175253817695
1739,5.5931175253817695
1740,5.5931175253817695
1741,5.5931175253817695
1742,5.5931175253817695
1743,5.5931175253817695
1744,5.5931175253817695
1745,5.5931175253817695
1746,5.5931175253817695
1747,5.5931175253817695
1748,5.5931175253817695
1749,5.5931175253817695
1750,5.5931175253817695
1751,5.5931175253817695
1752,5.5931175253817695
1753,5.5931175253817695
1754,5.5931175253817695
1755,5.5931175253817695
1756,5.5931175253817695
1757,5.5931175253817695
1758,5.5931175253817695
1759,5.5931175253817695
1760,5.5931175253817695
1761,5.5931175253817695
1762,5.5931175253817695
1763,5.5931175253817695
1764,5.5931175253817695
1765,5.5931175253817695
1766,5.5931175253817695
1767,5.5931175253817695
1768,5.5931175253817695
1769,5.5931175253817695
1770,5.5931175253817695
1771,5.5931175253817695
1772,5.5931175253817695
1773,5.5931175253817695
1774,5.5931175253817695
1775,5.5931175253817695
1776,5.5931175253817695
1777,5.5931175253817695
1778,5.5931175253817695
1779,5.5931175253817695
1780,5.5931175253817695
1781,5.5931175253817695
1782,5.5931175253817695
1783,5.5931175253817695
1784,5.5931175253817695
1785,5.5931175253817695
1786,5.5931175253817695
1787,5.5931175253817695
1788,5.5931175253817695
1789,5.5931175253817695
1790,5.5931175253817695
1791,5.5931175253817695
1792,5.5931175253817695
1793,5.5931175253817695
1794,5.5931175253817695
1795,5.5931175253817695
1796,5.5931175253817695
1797,5.5931175253817695
1798,5.5931175253817695
1799,5.5931175253817695
1800,5.5931175253817695
1801,5.5931175253817695
1802,5.5931175253817695
1803,5.5931175253817695
1804,5.5931175253817695
1805,5.5931175253817695
1806,5.5931175253817695
1807,5.5931175253817695
1808,5.5931175253817695
1809,5.5931175253817695
1810,5.5931175253817695
1811,5.5931175253817695
1812,5.5931175253817695
1813,5.5931175253817695
1814,5.5931175253817695
1815,5.5931175253817695
1816,5.5931175253817695
1817,5.5931175253817695
1818,5.5931175253817695
1819,5.5931175253817695
1820,5.5931175253817695
1821,5.5931175253817695
1822,5.5931175253817695
1823,5.5931175253817695
1824,5.5931175253817695
1825,5.5931175253817695
1826,5.5931175253817695
1827,5.5931175253817695
1828,5.5931175253817695
1829,5.5931175253817695
1830,5.5931175253817695
1831,5.5931175253817695
1832,5.5931175253817695
1833,5.5931175253817695
1834,5.5931175253817695
1835,5.5931175253817695
1836,5.5931175253817695
1837,5.5931175253817695
1838,5.5931175253817695
1839,5.5931175253817695
1840,5.5931175253817695
1841,5.5931175253817695
1842,5.5931175253817695
1843,5.5931175253817695
1844,5.5931175253817695
1845,5.5931175253817695
1846,5.5931175253817695
1847,5.5931175253817695
1848,5.5931175253817695
1849,5.5931175253817695
1850,5.5931175253817695
1851,5.5931175253817695
1852,5.5931175253817695
1853,5.5931175253817695
1854,5.5931175253817695
1855,5.5931175253817695
1856,5.5931175253817695
1857,5.5931175253817695
1858,5.5931175253817695
1859,5.5931175253817695
1860,5.5931175253817695
1861,5.5931175253817695
1862,5.5931175253817695
1863,5.5931175253817695
1864,5.5931175253817695
1865,5.5931175253817695
1866,5.5931175253817695
1867,5.5931175253817695
1868,5.5931175253817695
1869,5.5931175253817695
1870,5.5931175253817695
1871,5.5931175253817695
1872,5.5931175253817695
1873,5.5931175253817695
1874,5.5931175253817695
1875,5.5931175253817695
1876,5.5931175253817695
1877,5.5931175253817695
1878,5.5931175253817695
1879,5.5931175253817695
1880,5.5931175253817695
1881,5.5931175253817695
1882,5.5931175253817695
1883,5.5931175253817695
1884,5.5931175253817695
1885,5.5931175253817695
1886,5.5931175253817695
1887,5.5931175253817695
1888,5.5931175253817695
1889,5.5931175253817695
1890,5.5931175253817695
1891,5.5931175253817695
1892,5.5931175253817695
1893,5.5931175253817695
1894,5.5931175253817695
1895,5.5931175253817695
1896,5.5931175253817695
1897,5.5931175253817695
1898,5.5931175253817695
1899,5.5931175253817695
1900,5.5931175253817695
1901,5.5931175253817695
1902,5.5931175253817695
1903,5.5931175253817695
1904,5.5931175253817695
1905,5.5931175253817695
1906,5.5931175253817695
1907,5.5931175253817695
1908,5.5931175253817695
1909,5.5931175253817695
1910,5.5931175253817695
1911,5.5931175253817695
1912,5.5931175253817695
1913,5.5931175253817695
1914,5.5931175253817695
1915,5.5931175253817695
1916,5.5931175253817695
1917,5.5931175253817695
1918,5.5931175253817695
1919,5.5931175253817695
1920,5.5931175253817695
1921,5.5931175253817695
1922,5.5931175253817695
1923,5.5931175253817695
1924,5.5931175253817695
1925,5.5931175253817695
1926,5.5931175253817695
1927,5.5931175253817695
1928,5.5931175253817695
1929,5.5931175253817695
1930,5.5931175253817695
1931,5.5931175253817695
1932,5.5931175253817695
1933,5.5931175253817695
1934,5.5931175253817695
1935,5.5931175253817695
1936,5.5931175253817695
1937,5.5931175253817695
1938,5.5931175253817695
1939,5.5931175253817695
1940,5.5931175253817695
1941,5.5931175253817695
1942,5.5931175253817695
1943,5.5931175253817695
1944,5.5931175253817695
1945,5.5931175253817695
1946,5.5931175253817695
1947,5.5931175253817695
1948,5.5931175253817695
1949,5.5931175253817695
1950,5.5931175253817695
1951,5.5931175253817695
1952,5.5931175253817695
1953,5.5931175253817695
1954,5.5931175253817695
1955,5.5931175253817695
1956,5.5931175253817695
1957,5.5931175253817695
1958,5.5931175253817695
1959,5.5931175253817695
1960,5.5931175253817695
1961,5.5931175253817695
1962,5.5931175253817695
1963,5.5931175253817695
1964,5.5931175253817695
1965,5.5931175253817695
1966,5.5931175253817695
1967,5.5931175253817695
1968,5.5931175253817695
1969,5.5931175253817695
1970,5.5931175253817695
1971,5.5931175253817695
1972,5.5931175253817695
1973,5.5931175253817695
1974,5.5931175253817695
1975,5.5931175253817695
1976,5.5931175253817695
1977,5.5931175253817695
1978,5.5931175253817695
1979,5.5931175253817695
1980,5.5931175253817695
1981,5.5931175253817695
1982,5.5931175253817695
1983,5.5931175253817695
1984,5.5931175253817695
1985,5.5931175253817695
1986,5.5931175253817695
1987,5.5931175253817695
1988,5.5931175253817695
1989,5.5931175253817695
1990,5.5931175253817695
1991,5.5931175253817695
1992,5.5931175253817695
1993,5.5931175253817695
1994,5.5931175253817695
1995,5.5931175253817695
1996,5.5931175253817695
1997,5.5931175253817695
1998,5.5931175253817695
1999,5.5931175253817695
2000,5.5931175253817695
2001,5.5931175253817695
2002,5.5931175253817695
2003,5.5931175253817695
2004,5.5931175253817695
2005,5.5931175253817695
2006,5.5931175253817695
2007,5.5931175253817695
2008,5.5931175253817695
2009,5.5931175253817695
2010,5.5931175253817695
2011,5.5931175253817695
2012,5.5931175253817695
2013,5.5931175253817695
2014,5.5931175253817695
2015,5.5931175253817695
2016,5.5931175253817695
2017,5.5931175253817695
2018,5.5931175253817695
2019,5.5931175253817695
2020,5.5931175253817695
2021,5.5931175253817695
2022,5.5931175253817695
2023,5.5931175253817695
2024,5.5931175253817695
2025,5.5931175253817695
2026,5.5931175253817695
2027,5.5931175253817695
2028,5.5931175253817695
2029,5.5931175253817695
2030,5.5931175253817695
2031,5.5931175253817695
2032,5.5931175253817695
2033,5.5931175253817695
2034,5.5931175253817695
2035,5.5931175253817695
2036,5.5931175253817695
2037,5.5931175253817695
2038,5.5931175253817695
2039,5.5931175253817695
2040,5.5931175253817695
2041,5.5931175253817695
2042,5.5931175253817695
2043,5.5931175253817695
2044,5.5931175253817695
2045,5.5931175253817695
2046,5.5931175253817695
2047,5.5931175253817695
2048,5.5931175253817695
2049,5.5931175253817695
2050,5.5931175253817695
2051,5.5931175253817695
2052,5.5931175253817695
2053,5.5931175253817695
2054,5.5931175253817695
2055,5.5931175253817695
2056,5.5931175253817695
2057,5.5931175253817695
2058,5.5931175253817695
2059,5.5931175253817695
2060,5.5931175253817695
2061,5.5931175253817695
2062,5.5931175253817695
2063,5.5931175253817695
2064,5.5931175253817695
2065,5.5931175253817695
2066,5.5931175253817695
2067,5.5931175253817695
2068,5.5931175253817695
2069,5.5931175253817695
2070,5.5931175253817695
2071,5.5931175253817695
2072,5.5931175253817695
2073,5.5931175253817695
2074,5.5931175253817695
2075,5.5931175253817695
2076,5.5931175253817695
2077,5.5931175253817695
2078,5.5931175253817695
2079,5.5931175253817695
2080,5.5931175253817695
2081,5.5931175253817695
2082,5.5931175253817695
2083,5.5931175253817695
2084,5.5931175253817695
2085,5.5931175253817695
2086,5.5931175253817695
2087,5.5931175253817695
2088,5.5931175253817695
2089,5.5931175253817695
2090,5.5931175253817695
2091,5.5931175253817695
2092,5.5931175253817695
2093,5.5931175253817695
2094,5.5931175253817695
2095,5.5931175253817695
2096,5.5931175253817695
2097,5.5931175253817695
2098,5.5931175253817695
2099,5.5931175253817695
2100,5.5931175253817695
2101,5.5931175253817695
2102,5.5931175253817695
2103,5.5931175253817695
2104,5.5931175253817695
2105,5.5931175253817695
2106,5.5931175253817695
2107,5.5931175253817695
2108,5.5931175253817695
2109,5.5931175253817695
2110,5.5931175253817695
2111,5.5931175253817695
2112,5.5931175253817695
2113,5.5931175253817695
2114,5.5931175253817695
2115,5.5931175253817695
2116,5.5931175253817695
2117,5.5931175253817695
2118,5.5931175253817695
2119,5.5931175253817695
2120,5.5931175253817695
2121,5.5931175253817695
2122,5.5931175253817695
2123,5.5931175253817695
2124,5.5931175253817695
2125,5.5931175253817695
2126,5.5931175253817695
2127,5.5931175253817695
2128,5.5931175253817695
2129,5.5931175253817695
2130,5.5931175253817695
2131,5.5931175253817695
2132,5.5931175253817695
2133,5.5931175253817695
2134,5.5931175253817695
2135,5.5931175253817695
2136,5.5931175253817695
2137,5.5931175253817695
2138,5.5931175253817695
2139,5.5931175253817695
2140,5.5931175253817695
2141,5.5931175253817695
2142,5.5931175253817695
2143,5.5931175253817695
2144,5.5931175253817695
2145,5.5931175253817695
2146,5.5931175253817695
2147,5.5931175253817695
2148,5.5931175253817695
2149,5.5931175253817695
2150,5.5931175253817695
2151,5.5931175253817695
2152,5.5931175253817695
2153,5.5931175253817695
2154,5.5931175253817695
2155,5.5931175253817695
2156,5.5931175253817695
2157,5.5931175253817695
2158,5.5931175253817695
2159,5.5931175253817695
2160,5.5931175253817695
2161,5.5931175253817695
2162,5.5931175253817695
2163,5.5931175253817695
2164,5.5931175253817695
2165,5.5931175253817695
2166,5.5931175253817695
2167,5.5931175253817695
2168,5.5931175253817695
2169,5.5931175253817695
2170,5.5931175253817695
2171,5.5931175253817695
2172,5.5931175253817695
2173,5.5931175253817695
2174,5.5931175253817695
2175,5.5931175253817695
2176,5.5931175253817695
2177,5.5931175253817695
2178,5.5931175253817695
2179,5.5931175253817695
2180,5.5931175253817695
2181,5.5931175253817695
2182,5.5931175253817695
2183,5.5931175253817695
2184,5.5931175253817695
2185,5.5931175253817695
2186,5.5931175253817695
2187,5.5931175253817695
2188,5.5931175253817695
2189,5.5931175253817695
2190,5.5931175253817695
2191,5.5931175253817695
2192,5.5931175253817695
2193,5.5931175253817695
2194,5.5931175253817695
2195,5.5931175253817695
2196,5.5931175253817695
2197,5.5931175253817695
2198,5.5931175253817695
2199,5.5931175253817695
2200,5.5931175253817695
2201,5.5931175253817695
2202,5.5931175253817695
2203,5.5931175253817695
2204,5.5931175253817695
2205,5.5931175253817695
2206,5.5931175253817695
2207,5.5931175253817695
2208,5.5931175253817695
2209,5.5931175253817695
2210,5.5931175253817695
2211,5.5931175253817695
2212,5.5931175253817695
2213,5.5931175253817695
2214,5.5931175253817695
2215,5.5931175253817695
2216,5.5931175253817695
2217,5.5931175253817695
2218,5.5931175253817695
2219,5.5931175253817695
2220,5.5931175253817695
2221,5.5931175253817695
2222,5.5931175253817695
2223,5.5931175253817695
2224,5.5931175253817695
2225,5.5931175253817695
2226,5.5931175253817695
2227,5.5931175253817695
2228,5.5931175253817695
2229,5.5931175253817695
2230,5.5931175253817695
2231,5.5931175253817695
2232,5.5931175253817695
2233,5.5931175253817695
2234,5.5931175253817695
2235,5.5931175253817695
2236,5.5931175253817695
2237,5.5931175253817695
2238,5.5931175253817695
2239,5.5931175253817695
2240,5.5931175253817695
2241,5.5931175253817695
2242,5.5931175253817695
2243,5.5931175253817695
2244,5.5931175253817695
2245,5.5931175253817695
2246,5.5931175253817695
2247,5.5931175253817695
2248,5.5931175253817695
2249,5.5931175253817695
2250,5.5931175253817695
2251,5.5931175253817695
2252,5.5931175253817695
2253,5.5931175253817695
2254,5.5931175253817695
2255,5.5931175253817695
2256,5.5931175253817695
2257,5.5931175253817695
2258,5.5931175253817695
2259,5.5931175253817695
2260,5.5931175253817695
2261,5.5931175253817695
2262,5.5931175253817695
2263,5.5931175253817695
2264,5.5931175253817695
2265,5.5931175253817695
2266,5.5931175253817695
2267,5.5931175253817695
2268,5.5931175253817695
2269,5.5931175253817695
2270,5.5931175253817695
2271,5.5931175253817695
2272,5.5931175253817695
2273,5.5931175253817695
2274,5.5931175253817695
2275,5.5931175253817695
2276,5.5931175253817695
2277,5.5931175253817695
2278,5.5931175253817695
2279,5.5931175253817695
2280,5.5931175253817695
2281,5.5931175253817695
2282,5.5931175253817695
2283,5.5931175253817695
2284,5.5931175253817695
2285,5.5931175253817695
2286,5.5931175253817695
2287,5.5931175253817695
2288,5.5931175253817695
2289,5.5931175253817695
2290,5.5931175253817695
2291,5.5931175253817695
2292,5.5931175253817695
2293,5.5931175253817695
2294,5.5931175253817695
2295,5.5931175253817695
2296,5.5931175253817695
2297,5.5931175253817695
2298,5.5931175253817695
2299,5.5931175253817695
2300,5.5931175253817695
2301,5.5931175253817695
2302,5.5931175253817695
2303,5.5931175253817695
2304,5.5931175253817695
2305,5.5931175253817695
2306,5.5931175253817695
2307,5.5931175253817695
2308,5.5931175253817695
2309,5.5931175253817695
2310,5.5931175253817695
2311,5.5931175253817695
2312,5.5931175253817695
2313,5.5931175253817695
2314,5.5931175253817695
2315,5.5931175253817695
2316,5.5931175253817695
2317,5.5931175253817695
2318,5.5931175253817695
2319,5.5931175253817695
2320,5.5931175253817695
2321,5.5931175253817695
2322,5.5931175253817695
2323,5.5931175253817695
2324,5.5931175253817695
2325,5.5931175253817695
2326,5.5931175253817695
2327,5.5931175253817695
2328,5.5931175253817695
2329,5.5931175253817695
2330,5.5931175253817695
2331,5.5931175253817695
2332,5.5931175253817695
2333,5.5931175253817695
2334,5.5931175253817695
2335,5.5931175253817695
2336,5.5931175253817695
2337,5.5931175253817695
2338,5.5931175253817695
2339,5.5931175253817695
2340,5.5931175253817695
2341,5.5931175253817695
2342,5.5931175253817695
2343,5.5931175253817695
2344,5.5931175253817695
2345,5.5931175253817695
2346,5.5931175253817695
2347,5.5931175253817695
2348,5.5931175253817695
2349,5.5931175253817695
2350,5.5931175253817695
2351,5.5931175253817695
2352,5.5931175253817695
2353,5.5931175253817695
2354,5.5931175253817695
2355,5.5931175253817695
2356,5.5931175253817695
2357,5.5931175253817695
2358,5.5931175253817695
2359,5.5931175253817695
2360,5.5931175253817695
2361,5.5931175253817695
2362,5.5931175253817695
2363,5.5931175253817695
2364,5.5931175253817695
2365,5.5931175253817695
2366,5.5931175253817695
2367,5.5931175253817695
2368,5.5931175253817695
2369,5.5931175253817695
2370,5.5931175253817695
2371,5.5931175253817695
2372,5.5931175253817695
2373,5.5931175253817695
2374,5.5931175253817695
2375,5.5931175253817695
2376,5.5931175253817695
2377,5.5931175253817695
2378,5.5931175253817695
2379,5.5931175253817695
2380,5.5931175253817695
2381,5.5931175253817695
2382,5.5931175253817695
2383,5.5931175253817695
2384,5.5931175253817695
2385,5.5931175253817695
2386,5.5931175253817695
2387,5.5931175253817695
2388,5.5931175253817695
2389,5.5931175253817695
2390,5.5931175253817695
2391,5.5931175253817695
2392,5.5931175253817695
2393,5.5931175253817695
2394,5.5931175253817695
2395,5.5931175253817695
2396,5.5931175253817695
2397,5.5931175253817695
2398,5.5931175253817695
2399,5.5931175253817695
2400,5.5931175253817695
2401,5.5931175253817695
2402,5.5931175253817695
2403,5.5931175253817695
2404,5.5931175253817695
2405,5.5931175253817695
2406,5.5931175253817695
2407,5.5931175253817695
2408,5.5931175253817695
2409,5.5931175253817695
2410,5.5931175253817695
2411,5.5931175253817695
2412,5.5931175253817695
2413,5.5931175253817695
2414,5.5931175253817695
2415,5.5931175253817695
2416,5.5931175253817695
2417,5.5931175253817695
2418,5.5931175253817695
2419,5.5931175253817695
2420,5.5931175253817695
2421,5.5931175253817695
2422,5.5931175253817695
2423,5.5931175253817695
2424,5.5931175253817695
2425,5.5931175253817695
2426,5.5931175253817695
2427,5.5931175253817695
2428,5.5931175253817695
2429,5.5931175253817695
2430,5.5931175253817695
2431,5.5931175253817695
2432,5.5931175253817695
2433,5.5931175253817695
2434,5.5931175253817695
2435,5.5931175253817695
2436,5.5931175253817695
2437,5.5931175253817695
2438,5.5931175253817695
2439,5.5931175253817695
2440,5.5931175253817695
2441,5.5931175253817695
2442,5.5931175253817695
2443,5.5931175253817695
2444,5.5931175253817695
2445,5.5931175253817695
2446,5.5931175253817695
2447,5.5931175253817695
2448,5.5931175253817695
2449,5.5931175253817695
2450,5.5931175253817695
2451,5.5931175253817695
2452,5.5931175253817695
2453,5.5931175253817695
2454,5.5931175253817695
2455,5.5931175253817695
2456,5.5931175253817695
2457,5.5931175253817695
2458,5.5931175253817695
2459,5.5931175253817695
2460,5.5931175253817695
2461,5.5931175253817695
2462,5.5931175253817695
2463,5.5931175253817695
2464,5.5931175253817695
2465,5.5931175253817695
2466,5.5931175253817695
2467,5.5931175253817695
2468,5.5931175253817695
2469,5.5931175253817695
2470,5.5931175253817695
2471,5.5931175253817695
2472,5.5931175253817695
2473,5.5931175253817695
2474,5.5931175253817695
2475,5.5931175253817695
2476,5.5931175253817695
2477,5.5931175253817695
2478,5.5931175253817695
2479,5.5931175253817695
2480,5.5931175253817695
2481,5.5931175253817695
2482,5.5931175253817695
2483,5.5931175253817695
2484,5.5931175253817695
2485,5.5931175253817695
2486,5.5931175253817695
2487,5.5931175253817695
2488,5.5931175253817695
2489,5.5931175253817695
2490,5.5931175253817695
2491,5.5931175253817695
2492,5.5931175253817695
2493,5.5931175253817695
2494,5.5931175253817695
2495,5.5931175253817695
2496,5.5931175253817695
2497,5.5931175253817695
2498,5.5931175253817695
2499,5.5931175253817695
2500,5.5931175253817695
2501,5.5931175253817695
2502,5.5931175253817695
2503,5.5931175253817695
2504,5.5931175253817695
2505,5.5931175253817695
2506,5.5931175253817695
2507,5.5931175253817695
2508,5.5931175253817695
2509,5.5931175253817695
2510,5.5931175253817695
2511,5.5931175253817695
2512,5.5931175253817695
2513,5.5931175253817695
2514,5.5931175253817695
2515,5.5931175253817695
2516,5.5931175253817695
2517,5.5931175253817695
2518,5.5931175253817695
2519,5.5931175253817695
2520,5.5931175253817695
2521,5.5931175253817695
2522,5.5931175253817695
2523,5.5931175253817695
2524,5.5931175253817695
2525,5.5931175253817695
2526,5.5931175253817695
2527,5.5931175253817695
2528,5.5931175253817695
2529,5.5931175253817695
2530,5.5931175253817695
2531,5.5931175253817695
2532,5.5931175253817695
2533,5.5931175253817695
2534,5.5931175253817695
2535,5.5931175253817695
2536,5.5931175253817695
2537,5.5931175253817695
2538,5.5931175253817695
2539,5.5931175253817695
2540,5.5931175253817695
2541,5.5931175253817695
2542,5.5931175253817695
2543,5.5931175253817695
2544,5.5931175253817695
2545,5.5931175253817695
2546,5.5931175253817695
2547,5.5931175253817695
2548,5.5931175253817695
2549,5.5931175253817695
2550,5.5931175253817695
2551,5.5931175253817695
2552,5.5931175253817695
2553,5.5931175253817695
2554,5.5931175253817695
2555,5.5931175253817695
2556,5.5931175253817695
2557,5.5931175253817695
2558,5.5931175253817695
2559,5.5931175253817695
2560,5.5931175253817695
2561,5.5931175253817695
2562,5.5931175253817695
2563,5.5931175253817695
2564,5.5931175253817695
2565,5.5931175253817695
2566,5.5931175253817695
2567,5.5931175253817695
2568,5.5931175253817695
2569,5.5931175253817695
2570,5.5931175253817695
2571,5.5931175253817695
2572,5.5931175253817695
2573,5.5931175253817695
2574,5.5931175253817695
2575,5.5931175253817695
2576,5.5931175253817695
2577,5.5931175253817695
2578,5.5931175253817695
2579,5.5931175253817695
2580,5.5931175253817695
2581,5.5931175253817695
2582,5.5931175253817695
2583,5.5931175253817695
2584,5.5931175253817695
2585,5.5931175253817695
2586,5.5931175253817695
2587,5.5931175253817695
2588,5.5931175253817695
2589,5.5931175253817695
2590,5.5931175253817695
2591,5.5931175253817695
2592,5.5931175253817695
2593,5.5931175253817695
2594,5.5931175253817695
2595,5.5931175253817695
2596,5.5931175253817695
2597,5.5931175253817695
2598,5.5931175253817695
2599,5.5931175253817695
2600,5.5931175253817695
2601,5.5931175253817695
2602,5.5931175253817695
2603,5.5931175253817695
2604,5.5931175253817695
2605,5.5931175253817695
2606,5.5931175253817695
2607,5.5931175253817695
2608,5.5931175253817695
2609,5.5931175253817695
2610,5.5931175253817695
2611,5.5931175253817695
2612,5.5931175253817695
2613,5.5931175253817695
2614,5.5931175253817695
2615,5.5931175253817695
2616,5.5931175253817695
2617,5.5931175253817695
2618,5.5931175253817695
2619,5.5931175253817695
2620,5.5931175253817695
2621,5.5931175253817695
2622,5.5931175253817695
2623,5.5931175253817695
2624,5.5931175253817695
2625,5.5931175253817695
2626,5.5931175253817695
2627,5.5931175253817695
2628,5.5931175253817695
2629,5.5931175253817695
2630,5.5931175253817695
2631,5.5931175253817695
2632,5.5931175253817695
2633,5.5931175253817695
2634,5.5931175253817695
2635,5.5931175253817695
2636,5.5931175253817695
2637,5.5931175253817695
2638,5.5931175253817695
2639,5.5931175253817695
2640,5.5931175253817695
2641,5.5931175253817695
2642,5.5931175253817695
2643,5.5931175253817695
2644,5.5931175253817695
2645,5.5931175253817695
2646,5.5931175253817695
2647,5.5931175253817695
2648,5.5931175253817695
2649,5.5931175253817695
2650,5.5931175253817695
2651,5.5931175253817695
2652,5.5931175253817695
2653,5.5931175253817695
2654,5.5931175253817695
2655,5.5931175253817695
2656,5.5931175253817695
2657,5.5931175253817695
2658,5.5931175253817695
2659,5.5931175253817695
2660,5.5931175253817695
2661,5.5931175253817695
2662,5.5931175253817695
2663,5.5931175253817695
2664,5.5931175253817695
2665,5.5931175253817695
2666,5.5931175253817695
2667,5.5931175253817695
2668,5.5931175253817695
2669,5.5931175253817695
2670,5.5931175253817695
2671,5.5931175253817695
2672,5.5931175253817695
2673,5.5931175253817695
2674,5.5931175253817695
2675,5.5931175253817695
2676,5.5931175253817695
2677,5.5931175253817695
2678,5.5931175253817695
2679,5.5931175253817695
2680,5.5931175253817695
2681,5.5931175253817695
2682,5.5931175253817695
2683,5.5931175253817695
2684,5.5931175253817695
2685,5.5931175253817695
2686,5.5931175253817695
2687,5.5931175253817695
2688,5.5931175253817695
2689,5.5931175253817695
2690,5.5931175253817695
2691,5.5931175253817695
2692,5.5931175253817695
2693,5.5931175253817695
2694,5.5931175253817695
2695,5.5931175253817695
2696,5.5931175253817695
2697,5.5931175253817695
2698,5.5931175253817695
2699,5.5931175253817695
2700,5.5931175253817695
2701,5.5931175253817695
2702,5.5931175253817695
2703,5.5931175253817695
2704,5.5931175253817695
2705,5.5931175253817695
2706,5.5931175253817695
2707,5.5931175253817695
2708,5.5931175253817695
2709,5.5931175253817695
2710,5.5931175253817695
2711,5.5931175253817695
2712,5.5931175253817695
2713,5.5931175253817695
2714,5.5931175253817695
2715,5.5931175253817695
2716,5.5931175253817695
2717,5.5931175253817695
2718,5.5931175253817695
2719,5.5931175253817695
2720,5.5931175253817695
2721,5.5931175253817695
2722,5.5931175253817695
2723,5.5931175253817695
2724,5.5931175253817695
2725,5.5931175253817695
2726,5.5931175253817695
2727,5.5931175253817695
2728,5.5931175253817695
2729,5.5931175253817695
2730,5.5931175253817695
2731,5.5931175253817695
2732,5.5931175253817695
2733,5.5931175253817695
2734,5.5931175253817695
2735,5.5931175253817695
2736,5.5931175253817695
2737,5.5931175253817695
2738,5.5931175253817695
2739,5.5931175253817695
2740,5.5931175253817695
2741,5.5931175253817695
2742,5.5931175253817695
2743,5.5931175253817695
2744,5.5931175253817695
2745,5.5931175253817695
2746,5.5931175253817695
2747,5.5931175253817695
2748,5.5931175253817695
2749,5.5931175253817695
2750,5.5931175253817695
2751,5.5931175253817695
2752,5.5931175253817695
2753,5.5931175253817695
2754,5.5931175253817695
2755,5.5931175253817695
2756,5.5931175253817695
2757,5.5931175253817695
2758,5.5931175253817695
2759,5.5931175253817695
2760,5.5931175253817695
2761,5.5931175253817695
2762,5.5931175253817695
2763,5.5931175253817695
2764,5.5931175253817695
2765,5.5931175253817695
2766,5.5931175253817695
2767,5.5931175253817695
2768,5.5931175253817695
2769,5.5931175253817695
2770,5.5931175253817695
2771,5.5931175253817695
2772,5.5931175253817695
2773,5.5931175253817695
2774,5.5931175253817695
2775,5.5931175253817695
2776,5.5931175253817695
2777,5.5931175253817695
2778,5.5931175253817695
2779,5.5931175253817695
2780,5.5931175253817695
2781,5.5931175253817695
2782,5.5931175253817695
2783,5.5931175253817695
2784,5.5931175253817695
2785,5.5931175253817695
2786,5.5931175253817695
2787,5.5931175253817695
2788,5.5931175253817695
2789,5.5931175253817695
2790,5.5931175253817695
2791,5.5931175253817695
2792,5.5931175253817695
2793,5.5931175253817695
2794,5.5931175253817695
2795,5.5931175253817695
2796,5.5931175253817695
2797,5.5931175253817695
2798,5.5931175253817695
2799,5.5931175253817695
2800,5.5931175253817695
2801,5.5931175253817695
2802,5.5931175253817695
2803,5.5931175253817695
2804,5.5931175253817695
2805,5.5931175253817695
2806,5.5931175253817695
2807,5.5931175253817695
2808,5.5931175253817695
2809,5.5931175253817695
2810,5.5931175253817695
2811,5.5931175253817695
2812,5.5931175253817695
2813,5.5931175253817695
2814,5.5931175253817695
2815,5.5931175253817695
2816,5.5931175253817695
2817,5.5931175253817695
2818,5.5931175253817695
2819,5.5931175253817695
2820,5.5931175253817695
2821,5.5931175253817695
2822,5.5931175253817695
2823,5.5931175253817695
2824,5.5931175253817695
2825,5.5931175253817695
2826,5.5931175253817695
2827,5.5931175253817695
2828,5.5931175253817695
2829,5.5931175253817695
2830,5.5931175253817695
2831,5.5931175253817695
2832,5.5931175253817695
2833,5.5931175253817695
2834,5.5931175253817695
2835,5.5931175253817695
2836,5.5931175253817695
2837,5.5931175253817695
2838,5.5931175253817695
2839,5.5931175253817695
2840,5.5931175253817695
2841,5.5931175253817695
2842,5.5931175253817695
2843,5.5931175253817695
2844,5.5931175253817695
2845,5.5931175253817695
2846,5.5931175253817695
2847,5.5931175253817695
2848,5.5931175253817695
2849,5.5931175253817695
2850,5.5931175253817695
2851,5.5931175253817695
2852,5.5931175253817695
2853,5.5931175253817695
2854,5.5931175253817695
2855,5.5931175253817695
2856,5.5931175253817695
2857,5.5931175253817695
2858,5.5931175253817695
2859,5.5931175253817695
2860,5.5931175253817695
2861,5.5931175253817695
2862,5.5931175253817695
2863,5.5931175253817695
2864,5.5931175253817695
2865,5.5931175253817695
2866,5.5931175253817695
2867,5.5931175253817695
2868,5.5931175253817695
2869,5.5931175253817695
2870,5.5931175253817695
2871,5.5931175253817695
2872,5.5931175253817695
2873,5.5931175253817695
2874,5.5931175253817695
2875,5.5931175253817695
2876,5.5931175253817695
2877,5.5931175253817695
2878,5.5931175253817695
2879,5.5931175253817695
2880,5.5931175253817695
2881,5.5931175253817695
2882,5.5931175253817695
2883,5.5931175253817695
2884,5.5931175253817695
2885,5.5931175253817695
2886,5.5931175253817695
2887,5.5931175253817695
2888,5.5931175253817695
2889,5.5931175253817695
2890,5.5931175253817695
2891,5.5931175253817695
2892,5.5931175253817695
2893,5.5931175253817695
2894,5.5931175253817695
2895,5.5931175253817695
2896,5.5931175253817695
2897,5.5931175253817695
2898,5.5931175253817695
2899,5.5931175253817695
2900,5.5931175253817695
2901,5.5931175253817695
2902,5.5931175253817695
2903,5.5931175253817695
2904,5.5931175253817695
2905,5.5931175253817695
2906,5.5931175253817695
2907,5.5931175253817695
2908,5.5931175253817695
2909,5.5931175253817695
2910,5.5931175253817695
2911,5.5931175253817695
2912,5.5931175253817695
2913,5.5931175253817695
2914,5.5931175253817695
2915,5.5931175253817695
2916,5.5931175253817695
2917,5.5931175253817695
2918,5.5931175253817695
2919,5.5931175253817695
2920,5.5931175253817695
2921,5.5931175253817695
2922,5.5931175253817695
2923,5.5931175253817695
2924,5.5931175253817695
2925,5.5931175253817695
2926,5.5931175253817695
2927,5.5931175253817695
2928,5.5931175253817695
2929,5.5931175253817695
2930,5.5931175253817695
2931,5.5931175253817695
2932,5.5931175253817695
2933,5.5931175253817695
2934,5.5931175253817695
2935,5.5931175253817695
2936,5.5931175253817695
2937,5.5931175253817695
2938,5.5931175253817695
2939,5.5931175253817695
2940,5.5931175253817695
2941,5.5931175253817695
2942,5.5931175253817695
2943,5.5931175253817695
2944,5.5931175253817695
2945,5.5931175253817695
2946,5.5931175253817695
2947,5.5931175253817695
2948,5.5931175253817695
2949,5.5931175253817695
2950,5.5931175253817695
2951,5.5931175253817695
2952,5.5931175253817695
2953,5.5931175253817695
2954,5.5931175253817695
2955,5.5931175253817695
2956,5.5931175253817695
2957,5.5931175253817695
2958,5.5931175253817695
2959,5.5931175253817695
2960,5.5931175253817695
2961,5.5931175253817695
2962,5.5931175253817695
2963,5.5931175253817695
2964,5.5931175253817695
2965,5.5931175253817695
2966,5.5931175253817695
2967,5.5931175253817695
2968,5.5931175253817695
2969,5.5931175253817695
2970,5.5931175253817695
2971,5.5931175253817695
2972,5.5931175253817695
2973,5.5931175253817695
2974,5.5931175253817695
2975,5.5931175253817695
2976,5.5931175253817695
2977,5.5931175253817695
2978,5.5931175253817695
2979,5.5931175253817695
2980,5.5931175253817695
2981,5.5931175253817695
2982,5.5931175253817695
2983,5.5931175253817695
2984,5.5931175253817695
2985,5.5931175253817695
2986,5.5931175253817695
2987,5.5931175253817695
2988,5.5931175253817695
2989,5.5931175253817695
2990,5.5931175253817695
2991,5.5931175253817695
2992,5.5931175253817695
2993,5.5931175253817695
2994,5.5931175253817695
2995,5.5931175253817695
2996,5.5931175253817695
2997,5.5931175253817695
2998,5.5931175253817695
2999,5.5931175253817695
3000,5.5931175253817695
3001,5.5931175253817695
3002,5.5931175253817695
3003,5.5931175253817695
3004,5.5931175253817695
3005,5.5931175253817695
3006,5.5931175253817695
3007,5.5931175253817695
3008,5.5931175253817695
3009,5.5931175253817695
3010,5.5931175253817695
3011,5.5931175253817695
3012,5.5931175253817695
3013,5.5931175253817695
3014,5.5931175253817695
3015,5.5931175253817695
3016,5.5931175253817695
3017,5.5931175253817695
3018,5.5931175253817695
3019,5.5931175253817695
3020,5.5931175253817695
3021,5.5931175253817695
3022,5.5931175253817695
3023,5.5931175253817695
3024,5.5931175253817695
3025,5.5931175253817695
3026,5.5931175253817695
3027,5.5931175253817695
3028,5.5931175253817695
3029,5.5931175253817695
3030,5.5931175253817695
3031,5.5931175253817695
3032,5.5931175253817695
3033,5.5931175253817695
3034,5.5931175253817695
3035,5.5931175253817695
3036,5.5931175253817695
3037,5.5931175253817695
3038,5.5931175253817695
3039,5.5931175253817695
3040,5.5931175253817695
3041,5.5931175253817695
3042,5.5931175253817695
3043,5.5931175253817695
3044,5.5931175253817695
3045,5.5931175253817695
3046,5.5931175253817695
3047,5.5931175253817695
3048,5.5931175253817695
3049,5.5931175253817695
3050,5.5931175253817695
3051,5.5931175253817695
3052,5.5931175253817695
3053,5.5931175253817695
3054,5.5931175253817695
3055,5.5931175253817695
3056,5.5931175253817695
3057,5.5931175253817695
3058,5.5931175253817695
3059,5.5931175253817695
3060,5.5931175253817695
3061,5.5931175253817695
3062,5.5931175253817695
3063,5.5931175253817695
3064,5.5931175253817695
3065,5.5931175253817695
3066,5.5931175253817695
3067,5.5931175253817695
3068,5.5931175253817695
3069,5.5931175253817695
3070,5.5931175253817695
3071,5.5931175253817695
3072,5.5931175253817695
3073,5.5931175253817695
3074,5.5931175253817695
3075,5.5931175253817695
3076,5.5931175253817695
3077,5.5931175253817695
3078,5.5931175253817695
3079,5.5931175253817695
3080,5.5931175253817695
3081,5.5931175253817695
3082,5.5931175253817695
3083,5.5931175253817695
3084,5.5931175253817695
3085,5.5931175253817695
3086,5.5931175253817695
3087,5.5931175253817695
3088,5.5931175253817695
3089,5.5931175253817695
3090,5.5931175253817695
3091,5.5931175253817695
3092,5.5931175253817695
3093,5.5931175253817695
3094,5.5931175253817695
3095,5.5931175253817695
3096,5.5931175253817695
3097,5.5931175253817695
3098,5.5931175253817695
3099,5.5931175253817695
3100,5.5931175253817695
3101,5.5931175253817695
3102,5.5931175253817695
3103,5.5931175253817695
3104,5.5931175253817695
3105,5.5931175253817695
3106,5.5931175253817695
3107,5.5931175253817695
3108,5.5931175253817695
3109,5.5931175253817695
3110,5.5931175253817695
3111,5.5931175253817695
3112,5.5931175253817695
3113,5.5931175253817695
3114,5.5931175253817695
3115,5.5931175253817695
3116,5.5931175253817695
3117,5.5931175253817695
3118,5.5931175253817695
3119,5.5931175253817695
3120,5.5931175253817695
3121,5.5931175253817695
3122,5.5931175253817695
3123,5.5931175253817695
3124,5.5931175253817695
3125,5.5931175253817695
3126,5.5931175253817695
3127,5.5931175253817695
3128,5.5931175253817695
3129,5.5931175253817695
3130,5.5931175253817695
3131,5.5931175253817695
3132,5.5931175253817695
3133,5.5931175253817695
3134,5.5931175253817695
3135,5.5931175253817695
3136,5.5931175253817695
3137,5.5931175253817695
3138,5.5931175253817695
3139,5.5931175253817695
3140,5.5931175253817695
3141,5.5931175253817695
3142,5.5931175253817695
3143,5.5931175253817695
3144,5.5931175253817695
3145,5.5931175253817695
3146,5.5931175253817695
3147,5.5931175253817695
3148,5.5931175253817695
3149,5.5931175253817695
3150,5.5931175253817695
3151,5.5931175253817695
3152,5.5931175253817695
3153,5.5931175253817695
3154,5.5931175253817695
3155,5.5931175253817695
3156,5.5931175253817695
3157,5.5931175253817695
3158,5.5931175253817695
3159,5.5931175253817695
3160,5.5931175253817695
3161,5.5931175253817695
3162,5.5931175253817695
3163,5.5931175253817695
3164,5.5931175253817695
3165,5.5931175253817695
3166,5.5931175253817695
3167,5.5931175253817695
3168,5.5931175253817695
3169,5.5931175253817695
3170,5.5931175253817695
3171,5.5931175253817695
3172,5.5931175253817695
3173,5.5931175253817695
3174,5.5931175253817695
3175,5.5931175253817695
3176,5.5931175253817695
3177,5.5931175253817695
3178,5.5931175253817695
3179,5.5931175253817695
3180,5.5931175253817695
3181,5.5931175253817695
3182,5.5931175253817695
3183,5.5931175253817695
3184,5.5931175253817695
3185,5.5931175253817695
3186,5.5931175253817695
3187,5.5931175253817695
3188,5.5931175253817695
3189,5.5931175253817695
3190,5.5931175253817695
3191,5.5931175253817695
3192,5.5931175253817695
3193,5.5931175253817695
3194,5.5931175253817695
3195,5.5931175253817695
3196,5.5931175253817695
3197,5.5931175253817695
3198,5.5931175253817695
3199,5.5931175253817695
3200,5.5931175253817695
3201,5.5931175253817695
3202,5.5931175253817695
3203,5.5931175253817695
3204,5.5931175253817695
3205,5.5931175253817695
3206,5.5931175253817695
3207,5.5931175253817695
3208,5.5931175253817695
3209,5.5931175253817695
3210,5.5931175253817695
3211,5.5931175253817695
3212,5.5931175253817695
3213,5.5931175253817695
3214,5.5931175253817695
3215,5.5931175253817695
3216,5.5931175253817695
3217,5.5931175253817695
3218,5.5931175253817695
3219,5.5931175253817695
3220,5.5931175253817695
3221,5.5931175253817695
3222,5.5931175253817695
3223,5.5931175253817695
3224,5.5931175253817695
3225,5.5931175253817695
3226,5.5931175253817695
3227,5.5931175253817695
3228,5.5931175253817695
3229,5.336746719247034
3230,5.336746719247034
3231,5.336746719247034
3232,5.336746719247034
3233,5.336746719247034
3234,5.336746719247034
3235,5.336746719247034
3236,5.336746719247034
3237,5.336746719247034
3238,5.336746719247034
3239,5.336746719247034
3240,5.336746719247034
3241,5.336746719247034
3242,5.336746719247034
3243,5.336746719247034
3244,5.336746719247034
3245,5.336746719247034
3246,5.336746719247034
3247,5.336746719247034
3248,5.336746719247034
3249,5.336746719247034
3250,5.336746719247034
3251,5.336746719247034
3252,5.336746719247034
3253,5.336746719247034
3254,5.336746719247034
3255,5.336746719247034
3256,5.336746719247034
3257,5.336746719247034
3258,5.336746719247034
3259,5.336746719247034
3260,5.336746719247034
3261,5.336746719247034
3262,5.336746719247034
3263,5.336746719247034
3264,5.336746719247034
3265,5.336746719247034
3266,5.336746719247034
3267,5.336746719247034
3268,5.336746719247034
3269,5.336746719247034
3270,5.336746719247034
3271,5.336746719247034
3272,5.336746719247034
3273,5.336746719247034
3274,5.336746719247034
3275,5.336746719247034
3276,5.336746719247034
3277,5.336746719247034
3278,5.336746719247034
3279,5.336746719247034
3280,5.336746719247034
3281,5.336746719247034
3282,5.336746719247034
3283,5.336746719247034
3284,5.336746719247034
3285,5.336746719247034
3286,5.336746719247034
3287,5.336746719247034
3288,5.336746719247034
3289,5.336746719247034
3290,5.336746719247034
3291,5.336746719247034
3292,5.336746719247034
3293,5.336746719247034
3294,5.336746719247034
3295,5.336746719247034
3296,5.336746719247034
3297,5.336746719247034
3298,5.336746719247034
3299,5.336746719247034
3300,5.336746719247034
3301,5.336746719247034
3302,5.336746719247034
3303,5.336746719247034
3304,5.336746719247034
3305,5.336746719247034
3306,5.336746719247034
3307,5.336746719247034
3308,5.336746719247034
3309,5.336746719247034
3310,5.336746719247034
3311,5.336746719247034
3312,5.336746719247034
3313,5.336746719247034
3314,5.336746719247034
3315,5.336746719247034
3316,5.336746719247034
3317,5.336746719247034
3318,5.336746719247034
3319,5.336746719247034
3320,5.336746719247034
3321,5.336746719247034
3322,5.336746719247034
3323,5.336746719247034
3324,5.336746719247034
3325,5.336746719247034
3326,5.336746719247034
3327,5.336746719247034
3328,5.336746719247034
3329,5.336746719247034
3330,5.336746719247034
3331,5.336746719247034
3332,5.336746719247034
3333,5.336746719247034
3334,5.336746719247034
3335,5.336746719247034
3336,5.336746719247034
3337,5.336746719247034
3338,5.336746719247034
3339,5.336746719247034
3340,5.336746719247034
3341,5.336746719247034
3342,5.336746719247034
3343,5.336746719247034
3344,5.336746719247034
3345,5.336746719247034
3346,5.336746719247034
3347,5.336746719247034
3348,5.336746719247034
3349,5.336746719247034
3350,5.336746719247034
3351,5.336746719247034
3352,5.336746719247034
3353,5.336746719247034
3354,5.336746719247034
3355,5.336746719247034
3356,5.336746719247034
3357,5.336746719247034
3358,5.336746719247034
3359,5.336746719247034
3360,5.336746719247034
3361,5.336746719247034
3362,5.336746719247034
3363,5.336746719247034
3364,5.336746719247034
3365,5.336746719247034
3366,5.336746719247034
3367,5.336746719247034
3368,5.336746719247034
3369,5.336746719247034
3370,5.336746719247034
3371,5.336746719247034
3372,5.336746719247034
3373,5.336746719247034
3374,5.336746719247034
3375,5.336746719247034
3376,5.336746719247034
3377,5.336746719247034
3378,5.336746719247034
3379,5.336746719247034
3380,5.336746719247034
3381,5.336746719247034
3382,5.336746719247034
3383,5.336746719247034
3384,5.336746719247034
3385,5.336746719247034
3386,5.336746719247034
3387,5.336746719247034
3388,5.336746719247034
3389,5.336746719247034
3390,5.336746719247034
3391,5.336746719247034
3392,5.336746719247034
3393,5.336746719247034
3394,5.336746719247034
3395,5.336746719247034
3396,5.336746719247034
3397,5.336746719247034
3398,5.336746719247034
3399,5.336746719247034
3400,5.336746719247034
3401,5.336746719247034
3402,5.336746719247034
3403,5.336746719247034
3404,5.336746719247034
3405,5.336746719247034
3406,5.336746719247034
3407,5.336746719247034
3408,5.336746719247034
3409,5.336746719247034
3410,5.336746719247034
3411,5.336746719247034
3412,5.336746719247034
3413,5.336746719247034
3414,5.336746719247034
3415,5.336746719247034
3416,5.336746719247034
3417,5.336746719247034
3418,5.336746719247034
3419,5.336746719247034
3420,5.336746719247034
3421,5.336746719247034
3422,5.336746719247034
3423,5.336746719247034
3424,5.336746719247034
3425,5.336746719247034
3426,5.336746719247034
3427,5.336746719247034
3428,5.336746719247034
3429,5.336746719247034
3430,5.336746719247034
3431,5.336746719247034
3432,5.336746719247034
3433,5.336746719247034
3434,5.336746719247034
3435,5.336746719247034
3436,5.336746719247034
3437,5.336746719247034
3438,5.336746719247034
3439,5.336746719247034
3440,5.336746719247034
3441,5.336746719247034
3442,5.336746719247034
3443,5.336746719247034
3444,5.336746719247034
3445,5.336746719247034
3446,5.336746719247034
3447,5.336746719247034
3448,5.336746719247034
3449,5.336746719247034
3450,5.336746719247034
3451,5.336746719247034
3452,5.336746719247034
3453,5.336746719247034
3454,5.336746719247034
3455,5.336746719247034
3456,5.336746719247034
3457,5.336746719247034
3458,5.336746719247034
3459,5.336746719247034
3460,5.336746719247034
3461,5.336746719247034
3462,5.336746719247034
3463,5.336746719247034
3464,5.336746719247034
3465,5.336746719247034
3466,5.336746719247034
3467,5.336746719247034
3468,5.336746719247034
3469,5.336746719247034
3470,5.336746719247034
3471,5.336746719247034
3472,5.336746719247034
3473,5.336746719247034
3474,5.336746719247034
3475,5.336746719247034
3476,5.336746719247034
3477,5.336746719247034
3478,5.336746719247034
3479,5.336746719247034
3480,5.336746719247034
3481,5.336746719247034
3482,5.336746719247034
3483,5.336746719247034
3484,5.336746719247034
3485,5.336746719247034
3486,5.336746719247034
3487,5.336746719247034
3488,5.336746719247034
3489,5.336746719247034
3490,5.336746719247034
3491,5.336746719247034
3492,5.336746719247034
3493,5.336746719247034
3494,5.336746719247034
3495,5.336746719247034
3496,5.336746719247034
3497,5.336746719247034
3498,5.336746719247034
3499,5.336746719247034
3500,5.336746719247034
3501,5.336746719247034
3502,5.336746719247034
3503,5.336746719247034
3504,5.336746719247034
3505,5.336746719247034
3506,5.336746719247034
3507,5.336746719247034
3508,5.336746719247034
3509,5.336746719247034
3510,5.336746719247034
3511,5.336746719247034
3512,5.336746719247034
3513,5.336746719247034
3514,5.336746719247034
3515,5.336746719247034
3516,5.336746719247034
3517,5.336746719247034
3518,5.336746719247034
3519,5.336746719247034
3520,5.336746719247034
3521,5.336746719247034
3522,5.336746719247034
3523,5.336746719247034
3524,5.336746719247034
3525,5.336746719247034
3526,5.336746719247034
3527,5.336746719247034
3528,5.336746719247034
3529,5.336746719247034
3530,5.336746719247034
3531,5.336746719247034
3532,5.336746719247034
3533,5.336746719247034
3534,5.336746719247034
3535,5.336746719247034
3536,5.336746719247034
3537,5.336746719247034
3538,5.336746719247034
3539,5.336746719247034
3540,5.336746719247034
3541,5.336746719247034
3542,5.336746719247034
3543,5.336746719247034
3544,5.336746719247034
3545,5.336746719247034
3546,5.336746719247034
3547,5.336746719247034
3548,5.336746719247034
3549,5.336746719247034
3550,5.336746719247034
3551,5.336746719247034
3552,5.336746719247034
3553,5.336746719247034
3554,5.336746719247034
3555,5.336746719247034
3556,5.336746719247034
3557,5.336746719247034
3558,5.336746719247034
3559,5.336746719247034
3560,5.336746719247034
3561,5.336746719247034
3562,5.336746719247034
3563,5.336746719247034
3564,5.336746719247034
3565,5.336746719247034
3566,5.336746719247034
3567,5.336746719247034
3568,5.336746719247034
3569,5.336746719247034
3570,5.336746719247034
3571,5.336746719247034
3572,5.336746719247034
3573,5.336746719247034
3574,5.336746719247034
3575,5.336746719247034
3576,5.336746719247034
3577,5.336746719247034
3578,5.336746719247034
3579,5.336746719247034
3580,5.336746719247034
3581,5.336746719247034
3582,5.336746719247034
3583,5.336746719247034
3584,5.336746719247034
3585,5.336746719247034
3586,5.336746719247034
3587,5.336746719247034
3588,5.336746719247034
3589,5.336746719247034
3590,5.336746719247034
3591,5.336746719247034
3592,5.336746719247034
3593,5.336746719247034
3594,5.336746719247034
3595,5.336746719247034
3596,5.336746719247034
3597,5.336746719247034
3598,5.336746719247034
3599,5.336746719247034
3600,5.336746719247034
3601,5.336746719247034
3602,5.336746719247034
3603,5.336746719247034
3604,5.336746719247034
3605,5.336746719247034
3606,5.336746719247034
3607,5.336746719247034
3608,5.336746719247034
3609,5.336746719247034
3610,5.336746719247034
3611,5.336746719247034
3612,5.336746719247034
3613,5.336746719247034
3614,5.336746719247034
3615,5.336746719247034
3616,5.336746719247034
3617,5.336746719247034
3618,5.336746719247034
3619,5.336746719247034
3620,5.336746719247034
3621,5.336746719247034
3622,5.336746719247034
3623,5.336746719247034
3624,5.336746719247034
3625,5.336746719247034
3626,5.336746719247034
3627,5.336746719247034
3628,5.336746719247034
3629,5.336746719247034
3630,5.336746719247034
3631,5.336746719247034
3632,5.336746719247034
3633,5.336746719247034
3634,5.336746719247034
3635,5.336746719247034
3636,5.336746719247034
3637,5.336746719247034
3638,5.336746719247034
3639,5.336746719247034
3640,5.336746719247034
3641,5.336746719247034
3642,5.336746719247034
3643,5.336746719247034
3644,5.336746719247034
3645,5.336746719247034
3646,5.336746719247034
3647,5.336746719247034
3648,5.336746719247034
3649,5.336746719247034
3650,5.336746719247034
3651,5.336746719247034
3652,5.336746719247034
3653,5.336746719247034
3654,5.336746719247034
3655,5.336746719247034
3656,5.336746719247034
3657,5.336746719247034
3658,5.336746719247034
3659,5.336746719247034
3660,5.336746719247034
3661,5.336746719247034
3662,5.336746719247034
3663,5.336746719247034
3664,5.336746719247034
3665,5.336746719247034
3666,5.336746719247034
3667,5.336746719247034
3668,5.336746719247034
3669,5.336746719247034
3670,5.336746719247034
3671,5.336746719247034
3672,5.336746719247034
3673,5.336746719247034
3674,5.336746719247034
3675,5.336746719247034
3676,5.336746719247034
3677,5.336746719247034
3678,5.336746719247034
3679,5.336746719247034
3680,5.336746719247034
3681,5.336746719247034
3682,5.336746719247034
3683,5.336746719247034
3684,5.336746719247034
3685,5.336746719247034
3686,5.336746719247034
3687,5.336746719247034
3688,5.336746719247034
3689,5.336746719247034
3690,5.336746719247034
3691,5.336746719247034
3692,5.336746719247034
3693,5.336746719247034
3694,5.336746719247034
3695,5.336746719247034
3696,5.336746719247034
3697,5.336746719247034
3698,5.336746719247034
3699,5.336746719247034
3700,5.336746719247034
3701,5.336746719247034
3702,5.336746719247034
3703,5.336746719247034
3704,5.336746719247034
3705,5.336746719247034
3706,5.336746719247034
3707,5.336746719247034
3708,5.336746719247034
3709,5.336746719247034
3710,5.336746719247034
3711,5.336746719247034
3712,5.336746719247034
3713,5.336746719247034
3714,5.336746719247034
3715,5.336746719247034
3716,5.336746719247034
3717,5.336746719247034
3718,5.336746719247034
3719,5.336746719247034
3720,5.336746719247034
3721,5.336746719247034
3722,5.336746719247034
3723,5.336746719247034
3724,5.336746719247034
3725,5.336746719247034
3726,5.336746719247034
3727,5.336746719247034
3728,5.336746719247034
3729,5.336746719247034
3730,5.336746719247034
3731,5.336746719247034
3732,5.336746719247034
3733,5.336746719247034
3734,5.336746719247034
3735,5.336746719247034
3736,5.336746719247034
3737,5.336746719247034
3738,5.336746719247034
3739,5.336746719247034
3740,5.336746719247034
3741,5.336746719247034
3742,5.336746719247034
3743,5.336746719247034
3744,5.336746719247034
3745,5.336746719247034
3746,5.336746719247034
3747,5.336746719247034
3748,5.336746719247034
3749,5.336746719247034
3750,5.336746719247034
3751,5.336746719247034
3752,5.336746719247034
3753,5.336746719247034
3754,5.336746719247034
3755,5.336746719247034
3756,5.336746719247034
3757,5.336746719247034
3758,5.336746719247034
3759,5.336746719247034
3760,5.336746719247034
3761,5.336746719247034
3762,5.336746719247034
3763,5.336746719247034
3764,5.336746719247034
3765,5.336746719247034
3766,5.336746719247034
3767,5.336746719247034
3768,5.336746719247034
3769,5.336746719247034
3770,5.336746719247034
3771,5.336746719247034
3772,5.336746719247034
3773,5.336746719247034
3774,5.336746719247034
3775,5.336746719247034
3776,5.336746719247034
3777,5.336746719247034
3778,5.336746719247034
3779,5.336746719247034
3780,5.336746719247034
3781,5.336746719247034
3782,5.336746719247034
3783,5.336746719247034
3784,5.336746719247034
3785,5.336746719247034
3786,5.336746719247034
3787,5.336746719247034
3788,5.336746719247034
3789,5.336746719247034
3790,5.336746719247034
3791,5.336746719247034
3792,5.336746719247034
3793,5.336746719247034
3794,5.336746719247034
3795,5.336746719247034
3796,5.336746719247034
3797,5.336746719247034
3798,5.336746719247034
3799,5.336746719247034
3800,5.336746719247034
3801,5.336746719247034
3802,5.336746719247034
3803,5.336746719247034
3804,5.336746719247034
3805,5.336746719247034
3806,5.336746719247034
3807,5.336746719247034
3808,5.336746719247034
3809,5.336746719247034
3810,5.336746719247034
3811,5.336746719247034
3812,5.336746719247034
3813,5.336746719247034
3814,5.336746719247034
3815,5.336746719247034
3816,5.336746719247034
3817,5.336746719247034
3818,5.336746719247034
3819,5.336746719247034
3820,5.336746719247034
3821,5.336746719247034
3822,5.336746719247034
3823,5.336746719247034
3824,5.336746719247034
3825,5.336746719247034
3826,5.336746719247034
3827,5.336746719247034
3828,5.336746719247034
3829,5.336746719247034
3830,5.336746719247034
3831,5.336746719247034
3832,5.336746719247034
3833,5.336746719247034
3834,5.336746719247034
3835,5.336746719247034
3836,5.336746719247034
3837,5.336746719247034
3838,5.336746719247034
3839,5.336746719247034
3840,5.336746719247034
3841,5.336746719247034
3842,5.336746719247034
3843,5.336746719247034
3844,5.336746719247034
3845,5.336746719247034
3846,5.336746719247034
3847,5.336746719247034
3848,5.336746719247034
3849,5.336746719247034
3850,5.336746719247034
3851,5.336746719247034
3852,5.336746719247034
3853,5.336746719247034
3854,5.336746719247034
3855,5.336746719247034
3856,5.336746719247034
3857,5.336746719247034
3858,5.336746719247034
3859,5.336746719247034
3860,5.336746719247034
3861,5.336746719247034
3862,5.336746719247034
3863,5.336746719247034
3864,5.336746719247034
3865,5.336746719247034
3866,5.336746719247034
3867,5.336746719247034
3868,5.336746719247034
3869,5.336746719247034
3870,5.336746719247034
3871,5.336746719247034
3872,5.336746719247034
3873,5.336746719247034
3874,5.336746719247034
3875,5.336746719247034
3876,5.336746719247034
3877,5.336746719247034
3878,5.336746719247034
3879,5.336746719247034
3880,5.336746719247034
3881,5.336746719247034
3882,5.336746719247034
3883,5.336746719247034
3884,5.336746719247034
3885,5.336746719247034
3886,5.336746719247034
3887,5.336746719247034
3888,5.336746719247034
3889,5.336746719247034
3890,5.336746719247034
3891,5.336746719247034
3892,5.336746719247034
3893,5.336746719247034
3894,5.336746719247034
3895,5.336746719247034
3896,5.336746719247034
3897,5.336746719247034
3898,5.336746719247034
3899,5.336746719247034
3900,5.336746719247034
3901,5.336746719247034
3902,5.336746719247034
3903,5.336746719247034
3904,5.336746719247034
3905,5.336746719247034
3906,5.336746719247034
3907,5.336746719247034
3908,5.336746719247034
3909,5.336746719247034
3910,5.336746719247034
3911,5.336746719247034
3912,5.336746719247034
3913,5.336746719247034
3914,5.336746719247034
3915,5.336746719247034
3916,5.336746719247034
3917,5.336746719247034
3918,5.336746719247034
3919,5.336746719247034
3920,5.336746719247034
3921,5.336746719247034
3922,5.336746719247034
3923,5.336746719247034
3924,5.336746719247034
3925,5.336746719247034
3926,5.336746719247034
3927,5.336746719247034
3928,5.336746719247034
3929,5.336746719247034
3930,5.336746719247034
3931,5.336746719247034
3932,5.336746719247034
3933,5.336746719247034
3934,5.336746719247034
3935,5.336746719247034
3936,5.336746719247034
3937,5.336746719247034
3938,5.336746719247034
3939,5.336746719247034
3940,5.336746719247034
3941,5.336746719247034
3942,5.336746719247034
3943,5.336746719247034
3944,5.336746719247034
3945,5.336746719247034
3946,5.336746719247034
3947,5.336746719247034
3948,5.336746719247034
3949,5.336746719247034
3950,5.336746719247034
3951,5.336746719247034
3952,5.336746719247034
3953,5.336746719247034
3954,5.336746719247034
3955,5.336746719247034
3956,5.336746719247034
3957,5.336746719247034
3958,5.336746719247034
3959,5.336746719247034
3960,5.336746719247034
3961,5.336746719247034
3962,5.336746719247034
3963,5.336746719247034
3964,5.336746719247034
3965,5.336746719247034
3966,5.336746719247034
3967,5.336746719247034
3968,5.336746719247034
3969,5.336746719247034
3970,5.336746719247034
3971,5.336746719247034
3972,5.336746719247034
3973,5.336746719247034
3974,5.336746719247034
3975,5.336746719247034
3976,5.336746719247034
3977,5.336746719247034
3978,5.336746719247034
3979,5.336746719247034
3980,5.336746719247034
3981,5.336746719247034
3982,5.336746719247034
3983,5.336746719247034
3984,5.336746719247034
3985,5.336746719247034
3986,5.336746719247034
3987,5.336746719247034
3988,5.336746719247034
3989,5.336746719247034
3990,5.336746719247034
3991,5.336746719247034
3992,5.336746719247034
3993,5.336746719247034
3994,5.336746719247034
3995,5.336746719247034
3996,5.336746719247034
3997,5.336746719247034
3998,5.336746719247034
3999,5.336746719247034
4000,5.336746719247034
4001,5.336746719247034
4002,5.336746719247034
4003,5.336746719247034
4004,5.336746719247034
4005,5.336746719247034
4006,5.336746719247034
4007,5.336746719247034
4008,5.336746719247034
4009,5.336746719247034
4010,5.336746719247034
4011,5.336746719247034
4012,5.336746719247034
4013,5.336746719247034
4014,5.336746719247034
4015,5.336746719247034
4016,5.336746719247034
4017,5.336746719247034
4018,5.336746719247034
4019,5.336746719247034
4020,5.336746719247034
4021,5.336746719247034
4022,5.336746719247034
4023,5.336746719247034
4024,5.336746719247034
4025,5.336746719247034
4026,5.336746719247034
4027,5.336746719247034
4028,5.336746719247034
4029,5.336746719247034
4030,5.336746719247034
4031,5.336746719247034
4032,5.336746719247034
4033,5.336746719247034
4034,5.336746719247034
4035,5.336746719247034
4036,5.336746719247034
4037,5.336746719247034
4038,5.336746719247034
4039,5.336746719247034
4040,5.336746719247034
4041,5.336746719247034
4042,5.336746719247034
4043,5.336746719247034
4044,5.336746719247034
4045,5.336746719247034
4046,5.336746719247034
4047,5.336746719247034
4048,5.336746719247034
4049,5.336746719247034
4050,5.336746719247034
4051,5.336746719247034
4052,5.336746719247034
4053,5.336746719247034
4054,5.336746719247034
4055,5.336746719247034
4056,5.336746719247034
4057,5.336746719247034
4058,5.336746719247034
4059,5.336746719247034
4060,5.336746719247034
4061,5.336746719247034
4062,5.336746719247034
4063,5.336746719247034
4064,5.336746719247034
4065,5.336746719247034
4066,5.336746719247034
4067,5.336746719247034
4068,5.336746719247034
4069,5.336746719247034
4070,5.336746719247034
4071,5.336746719247034
4072,5.336746719247034
4073,5.336746719247034
4074,5.336746719247034
4075,5.336746719247034
4076,5.336746719247034
4077,5.336746719247034
4078,5.336746719247034
4079,5.336746719247034
4080,5.336746719247034
4081,5.336746719247034
4082,5.336746719247034
4083,5.336746719247034
4084,5.336746719247034
4085,5.336746719247034
4086,5.336746719247034
4087,5.336746719247034
4088,5.336746719247034
4089,5.336746719247034
4090,5.336746719247034
4091,5.336746719247034
4092,5.336746719247034
4093,5.336746719247034
4094,5.336746719247034
4095,5.336746719247034
4096,5.336746719247034
4097,5.336746719247034
4098,5.336746719247034
4099,5.336746719247034
4100,5.336746719247034
4101,5.336746719247034
4102,5.336746719247034
4103,5.336746719247034
4104,5.336746719247034
4105,5.336746719247034
4106,5.336746719247034
4107,5.336746719247034
4108,5.336746719247034
4109,5.336746719247034
4110,5.336746719247034
4111,5.336746719247034
4112,5.336746719247034
4113,5.336746719247034
4114,5.336746719247034
4115,5.336746719247034
4116,5.336746719247034
4117,5.336746719247034
4118,5.336746719247034
4119,5.336746719247034
4120,5.336746719247034
4121,5.336746719247034
4122,5.336746719247034
4123,5.336746719247034
4124,5.336746719247034
4125,5.336746719247034
4126,5.336746719247034
4127,5.336746719247034
4128,5.336746719247034
4129,5.336746719247034
4130,5.336746719247034
4131,5.336746719247034
4132,5.336746719247034
4133,5.336746719247034
4134,5.336746719247034
4135,5.336746719247034
4136,5.336746719247034
4137,5.336746719247034
4138,5.336746719247034
4139,5.336746719247034
4140,5.336746719247034
4141,5.336746719247034
4142,5.336746719247034
4143,5.336746719247034
4144,5.336746719247034
4145,5.336746719247034
4146,5.336746719247034
4147,5.336746719247034
4148,5.336746719247034
4149,5.336746719247034
4150,5.336746719247034
4151,5.336746719247034
4152,5.336746719247034
4153,5.336746719247034
4154,5.336746719247034
4155,5.336746719247034
4156,5.336746719247034
4157,5.336746719247034
4158,5.336746719247034
4159,5.336746719247034
4160,5.336746719247034
4161,5.336746719247034
4162,5.336746719247034
4163,5.336746719247034
4164,5.336746719247034
4165,5.336746719247034
4166,5.336746719247034
4167,5.336746719247034
4168,5.336746719247034
4169,5.336746719247034
4170,5.336746719247034
4171,5.336746719247034
4172,5.336746719247034
4173,5.336746719247034
4174,5.336746719247034
4175,5.336746719247034
4176,5.336746719247034
4177,5.336746719247034
4178,5.336746719247034
4179,5.336746719247034
4180,5.336746719247034
4181,5.336746719247034
4182,5.336746719247034
4183,5.336746719247034
4184,5.336746719247034
4185,5.336746719247034
4186,5.336746719247034
4187,5.336746719247034
4188,5.336746719247034
4189,5.336746719247034
4190,5.336746719247034
4191,5.336746719247034
4192,5.336746719247034
4193,5.336746719247034
4194,5.336746719247034
4195,5.336746719247034
4196,5.336746719247034
4197,5.336746719247034
4198,5.336746719247034
4199,5.336746719247034
4200,5.336746719247034
4201,5.336746719247034
4202,5.336746719247034
4203,5.336746719247034
4204,5.336746719247034
4205,5.336746719247034
4206,5.336746719247034
4207,5.336746719247034
4208,5.336746719247034
4209,5.336746719247034
4210,5.336746719247034
4211,5.336746719247034
4212,5.336746719247034
4213,5.336746719247034
4214,5.336746719247034
4215,5.336746719247034
4216,5.336746719247034
4217,5.336746719247034
4218,5.336746719247034
4219,5.336746719247034
4220,5.336746719247034
4221,5.336746719247034
4222,5.336746719247034
4223,5.336746719247034
4224,5.336746719247034
4225,5.336746719247034
4226,5.336746719247034
4227,5.336746719247034
4228,5.336746719247034
4229,5.336746719247034
4230,5.336746719247034
4231,5.336746719247034
4232,5.336746719247034
4233,5.336746719247034
4234,5.336746719247034
4235,5.336746719247034
4236,5.336746719247034
4237,5.336746719247034
4238,5.336746719247034
4239,5.336746719247034
4240,5.336746719247034
4241,5.336746719247034
4242,5.336746719247034
4243,5.336746719247034
4244,5.336746719247034
4245,5.336746719247034
4246,5.336746719247034
4247,5.336746719247034
4248,5.336746719247034
4249,5.336746719247034
4250,5.336746719247034
4251,5.336746719247034
4252,5.336746719247034
4253,5.336746719247034
4254,5.336746719247034
4255,5.336746719247034
4256,5.336746719247034
4257,5.336746719247034
4258,5.336746719247034
4259,5.336746719247034
4260,5.336746719247034
4261,5.336746719247034
4262,5.336746719247034
4263,5.336746719247034
4264,5.336746719247034
4265,5.336746719247034
4266,5.336746719247034
4267,5.336746719247034
4268,5.336746719247034
4269,5.336746719247034
4270,5.336746719247034
4271,5.336746719247034
4272,5.336746719247034
4273,5.336746719247034
4274,5.336746719247034
4275,5.336746719247034
4276,5.336746719247034
4277,5.336746719247034
4278,5.336746719247034
4279,5.336746719247034
4280,5.336746719247034
4281,5.336746719247034
4282,5.336746719247034
4283,5.336746719247034
4284,5.336746719247034
4285,5.336746719247034
4286,5.336746719247034
4287,5.336746719247034
4288,5.336746719247034
4289,5.336746719247034
4290,5.336746719247034
4291,5.336746719247034
4292,5.336746719247034
4293,5.336746719247034
4294,5.336746719247034
4295,5.336746719247034
4296,5.336746719247034
4297,5.336746719247034
4298,5.336746719247034
4299,5.336746719247034
4300,5.336746719247034
4301,5.336746719247034
4302,5.336746719247034
4303,5.336746719247034
4304,5.336746719247034
4305,5.336746719247034
4306,5.336746719247034
4307,5.336746719247034
4308,5.336746719247034
4309,5.336746719247034
4310,5.336746719247034
4311,5.336746719247034
4312,5.336746719247034
4313,5.336746719247034
4314,5.336746719247034
4315,5.336746719247034
4316,5.336746719247034
4317,5.336746719247034
4318,5.336746719247034
4319,5.336746719247034
4320,5.336746719247034
4321,5.336746719247034
4322,5.336746719247034
4323,5.336746719247034
4324,5.336746719247034
4325,5.336746719247034
4326,5.336746719247034
4327,5.336746719247034
4328,5.336746719247034
4329,5.336746719247034
4330,5.336746719247034
4331,5.336746719247034
4332,5.336746719247034
4333,5.336746719247034
4334,5.336746719247034
4335,5.336746719247034
4336,5.336746719247034
4337,5.336746719247034
4338,5.336746719247034
4339,5.336746719247034
4340,5.336746719247034
4341,5.336746719247034
4342,5.336746719247034
4343,5.336746719247034
4344,5.336746719247034
4345,5.336746719247034
4346,5.336746719247034
4347,5.336746719247034
4348,5.336746719247034
4349,5.336746719247034
4350,5.336746719247034
4351,5.336746719247034
4352,5.336746719247034
4353,5.336746719247034
4354,5.336746719247034
4355,5.336746719247034
4356,5.336746719247034
4357,5.336746719247034
4358,5.336746719247034
4359,5.336746719247034
4360,5.336746719247034
4361,5.336746719247034
4362,5.336746719247034
4363,5.336746719247034
4364,5.336746719247034
4365,5.336746719247034
4366,5.336746719247034
4367,5.336746719247034
4368,5.336746719247034
4369,5.336746719247034
4370,5.336746719247034
4371,5.336746719247034
4372,5.336746719247034
4373,5.336746719247034
4374,5.336746719247034
4375,5.336746719247034
4376,5.336746719247034
4377,5.336746719247034
4378,5.336746719247034
4379,5.336746719247034
4380,5.336746719247034
4381,5.336746719247034
4382,5.336746719247034
4383,5.336746719247034
4384,5.336746719247034
4385,5.336746719247034
4386,5.336746719247034
4387,5.336746719247034
4388,5.336746719247034
4389,5.336746719247034
4390,5.336746719247034
4391,5.336746719247034
4392,5.336746719247034
4393,5.336746719247034
4394,5.336746719247034
4395,5.336746719247034
4396,5.336746719247034
4397,5.336746719247034
4398,5.336746719247034
4399,5.336746719247034
4400,5.336746719247034
4401,5.336746719247034
4402,5.336746719247034
4403,5.336746719247034
4404,5.336746719247034
4405,5.336746719247034
4406,5.336746719247034
4407,5.336746719247034
4408,5.336746719247034
4409,5.336746719247034
4410,5.336746719247034
4411,5.336746719247034
4412,5.336746719247034
4413,5.336746719247034
4414,5.336746719247034
4415,5.336746719247034
4416,5.336746719247034
4417,5.336746719247034
4418,5.336746719247034
4419,5.336746719247034
4420,5.336746719247034
4421,5.336746719247034
4422,5.336746719247034
4423,5.336746719247034
4424,5.336746719247034
4425,5.336746719247034
4426,5.336746719247034
4427,5.336746719247034
4428,5.336746719247034
4429,5.336746719247034
4430,5.336746719247034
4431,5.336746719247034
4432,5.336746719247034
4433,5.336746719247034
4434,5.336746719247034
4435,5.336746719247034
4436,5.336746719247034
4437,5.336746719247034
4438,5.336746719247034
4439,5.336746719247034
4440,5.336746719247034
4441,5.336746719247034
4442,5.336746719247034
4443,5.336746719247034
4444,5.336746719247034
4445,5.336746719247034
4446,5.336746719247034
4447,5.336746719247034
4448,5.336746719247034
4449,5.336746719247034
4450,5.336746719247034
4451,5.336746719247034
4452,5.336746719247034
4453,5.336746719247034
4454,5.336746719247034
4455,5.336746719247034
4456,5.336746719247034
4457,5.336746719247034
4458,5.336746719247034
4459,5.336746719247034
4460,5.336746719247034
4461,5.336746719247034
4462,5.336746719247034
4463,5.336746719247034
4464,5.336746719247034
4465,5.336746719247034
4466,5.336746719247034
4467,5.336746719247034
4468,5.336746719247034
4469,5.336746719247034
4470,5.336746719247034
4471,5.336746719247034
4472,5.336746719247034
4473,5.336746719247034
4474,5.336746719247034
4475,5.336746719247034
4476,5.336746719247034
4477,5.336746719247034
4478,5.336746719247034
4479,5.336746719247034
4480,5.336746719247034
4481,5.336746719247034
4482,5.336746719247034
4483,5.336746719247034
4484,5.336746719247034
4485,5.336746719247034
4486,5.336746719247034
4487,5.336746719247034
4488,5.336746719247034
4489,5.336746719247034
4490,5.336746719247034
4491,5.336746719247034
4492,5.336746719247034
4493,5.336746719247034
4494,5.336746719247034
4495,5.336746719247034
4496,5.336746719247034
4497,5.336746719247034
4498,5.336746719247034
4499,5.336746719247034
4500,5.336746719247034
4501,5.336746719247034
4502,5.336746719247034
4503,5.336746719247034
4504,5.336746719247034
4505,5.336746719247034
4506,5.336746719247034
4507,5.336746719247034
4508,5.336746719247034
4509,5.336746719247034
4510,5.336746719247034
4511,5.336746719247034
4512,5.336746719247034
4513,5.336746719247034
4514,5.336746719247034
4515,5.336746719247034
4516,5.336746719247034
4517,5.336746719247034
4518,5.336746719247034
4519,5.336746719247034
4520,5.336746719247034
4521,5.336746719247034
4522,5.336746719247034
4523,5.336746719247034
4524,5.336746719247034
4525,5.336746719247034
4526,5.336746719247034
4527,5.336746719247034
4528,5.336746719247034
4529,5.336746719247034
4530,5.336746719247034
4531,5.336746719247034
4532,5.336746719247034
4533,5.336746719247034
4534,5.336746719247034
4535,5.336746719247034
4536,5.336746719247034
4537,5.336746719247034
4538,5.336746719247034
4539,5.336746719247034
4540,5.336746719247034
4541,5.336746719247034
4542,5.336746719247034
4543,5.336746719247034
4544,5.336746719247034
4545,5.336746719247034
4546,5.336746719247034
4547,5.336746719247034
4548,5.336746719247034
4549,5.336746719247034
4550,5.336746719247034
4551,5.336746719247034
4552,5.336746719247034
4553,5.336746719247034
4554,5.336746719247034
4555,5.336746719247034
4556,5.336746719247034
4557,5.336746719247034
4558,5.336746719247034
4559,5.336746719247034
4560,5.336746719247034
4561,5.336746719247034
4562,5.336746719247034
4563,5.336746719247034
4564,5.336746719247034
4565,5.336746719247034
4566,5.336746719247034
4567,5.336746719247034
4568,5.336746719247034
4569,5.336746719247034
4570,5.336746719247034
4571,5.336746719247034
4572,5.336746719247034
4573,5.336746719247034
4574,5.336746719247034
4575,5.336746719247034
4576,5.336746719247034
4577,5.336746719247034
4578,5.336746719247034
4579,5.336746719247034
4580,5.336746719247034
4581,5.336746719247034
4582,5.336746719247034
4583,5.336746719247034
4584,5.336746719247034
4585,5.336746719247034
4586,5.336746719247034
4587,5.336746719247034
4588,5.336746719247034
4589,5.336746719247034
4590,5.336746719247034
4591,5.336746719247034
4592,5.336746719247034
4593,5.336746719247034
4594,5.336746719247034
4595,5.336746719247034
4596,5.336746719247034
4597,5.336746719247034
4598,5.336746719247034
4599,5.336746719247034
4600,5.336746719247034
4601,5.336746719247034
4602,5.336746719247034
4603,5.336746719247034
4604,5.336746719247034
4605,5.336746719247034
4606,5.336746719247034
4607,5.336746719247034
4608,5.336746719247034
4609,5.336746719247034
4610,5.336746719247034
4611,5.336746719247034
4612,5.336746719247034
4613,5.336746719247034
4614,5.336746719247034
4615,5.336746719247034
4616,5.336746719247034
4617,5.336746719247034
4618,5.336746719247034
4619,5.336746719247034
4620,5.336746719247034
4621,5.336746719247034
4622,5.336746719247034
4623,5.336746719247034
4624,5.336746719247034
4625,5.336746719247034
4626,5.336746719247034
4627,5.336746719247034
4628,5.336746719247034
4629,5.336746719247034
4630,5.336746719247034
4631,5.336746719247034
4632,5.336746719247034
4633,5.336746719247034
4634,5.336746719247034
4635,5.336746719247034
4636,5.336746719247034
4637,5.336746719247034
4638,5.336746719247034
4639,5.336746719247034
4640,5.336746719247034
4641,5.336746719247034
4642,5.336746719247034
4643,5.336746719247034
4644,5.336746719247034
4645,5.336746719247034
4646,5.336746719247034
4647,5.336746719247034
4648,5.336746719247034
4649,5.336746719247034
4650,5.336746719247034
4651,5.336746719247034
4652,5.336746719247034
4653,5.336746719247034
4654,5.336746719247034
4655,5.336746719247034
4656,5.336746719247034
4657,5.336746719247034
4658,5.336746719247034
4659,5.336746719247034
4660,5.336746719247034
4661,5.336746719247034
4662,5.336746719247034
4663,5.336746719247034
4664,5.336746719247034
4665,5.336746719247034
4666,5.336746719247034
4667,5.336746719247034
4668,5.336746719247034
4669,5.336746719247034
4670,5.336746719247034
4671,5.336746719247034
4672,5.336746719247034
4673,5.336746719247034
4674,5.336746719247034
4675,5.336746719247034
4676,5.336746719247034
4677,5.336746719247034
4678,5.336746719247034
4679,5.336746719247034
4680,5.336746719247034
4681,5.336746719247034
4682,5.336746719247034
4683,5.336746719247034
4684,5.336746719247034
4685,5.336746719247034
4686,5.336746719247034
4687,5.336746719247034
4688,5.336746719247034
4689,5.336746719247034
4690,5.336746719247034
4691,5.336746719247034
4692,5.336746719247034
4693,5.336746719247034
4694,5.336746719247034
4695,5.336746719247034
4696,5.336746719247034
4697,5.336746719247034
4698,5.336746719247034
4699,5.336746719247034
4700,5.336746719247034
4701,5.336746719247034
4702,5.336746719247034
4703,5.336746719247034
4704,5.336746719247034
4705,5.336746719247034
4706,5.336746719247034
4707,5.336746719247034
4708,5.336746719247034
4709,5.336746719247034
4710,5.336746719247034
4711,5.336746719247034
4712,5.336746719247034
4713,5.336746719247034
4714,5.336746719247034
4715,5.336746719247034
4716,5.336746719247034
4717,5.336746719247034
4718,5.336746719247034
4719,5.336746719247034
4720,5.336746719247034
4721,5.336746719247034
4722,5.336746719247034
4723,5.336746719247034
4724,5.336746719247034
4725,5.336746719247034
4726,5.336746719247034
4727,5.336746719247034
4728,5.336746719247034
4729,5.336746719247034
4730,5.336746719247034
4731,5.336746719247034
4732,5.336746719247034
4733,5.336746719247034
4734,5.336746719247034
4735,5.336746719247034
4736,5.336746719247034
4737,5.336746719247034
4738,5.336746719247034
4739,5.336746719247034
4740,5.336746719247034
4741,5.336746719247034
4742,5.336746719247034
4743,5.336746719247034
4744,5.336746719247034
4745,5.336746719247034
4746,5.336746719247034
4747,5.336746719247034
4748,5.336746719247034
4749,5.336746719247034
4750,5.336746719247034
4751,5.336746719247034
4752,5.336746719247034
4753,5.336746719247034
4754,5.336746719247034
4755,5.336746719247034
4756,5.336746719247034
4757,5.336746719247034
4758,5.336746719247034
4759,5.336746719247034
4760,5.336746719247034
4761,5.336746719247034
4762,5.336746719247034
4763,5.336746719247034
4764,5.336746719247034
4765,5.336746719247034
4766,5.336746719247034
4767,5.336746719247034
4768,5.336746719247034
4769,5.336746719247034
4770,5.336746719247034
4771,5.336746719247034
4772,5.336746719247034
4773,5.336746719247034
4774,5.336746719247034
4775,5.336746719247034
4776,5.336746719247034
4777,5.336746719247034
4778,5.336746719247034
4779,5.336746719247034
4780,5.336746719247034
4781,5.336746719247034
4782,5.336746719247034
4783,5.336746719247034
4784,5.336746719247034
4785,5.336746719247034
4786,5.336746719247034
4787,5.336746719247034
4788,5.336746719247034
4789,5.336746719247034
4790,5.336746719247034
4791,5.336746719247034
4792,5.336746719247034
4793,5.336746719247034
4794,5.336746719247034
4795,5.336746719247034
4796,5.336746719247034
4797,5.336746719247034
4798,5.336746719247034
4799,5.336746719247034
4800,5.336746719247034
4801,5.336746719247034
4802,5.336746719247034
4803,5.336746719247034
4804,5.336746719247034
4805,5.336746719247034
4806,5.336746719247034
4807,5.336746719247034
4808,5.336746719247034
4809,5.336746719247034
4810,5.336746719247034
4811,5.336746719247034
4812,5.336746719247034
4813,5.336746719247034
4814,5.336746719247034
4815,5.336746719247034
4816,5.336746719247034
4817,5.336746719247034
4818,5.336746719247034
4819,5.336746719247034
4820,5.336746719247034
4821,5.336746719247034
4822,5.336746719247034
4823,5.336746719247034
4824,5.336746719247034
4825,5.336746719247034
4826,5.336746719247034
4827,5.336746719247034
4828,5.336746719247034
4829,5.336746719247034
4830,5.336746719247034
4831,5.336746719247034
4832,5.336746719247034
4833,5.336746719247034
4834,5.336746719247034
4835,5.336746719247034
4836,5.336746719247034
4837,5.336746719247034
4838,5.336746719247034
4839,5.336746719247034
4840,5.336746719247034
4841,5.336746719247034
4842,5.336746719247034
4843,5.336746719247034
4844,5.336746719247034
4845,5.336746719247034
4846,5.336746719247034
4847,5.336746719247034
4848,5.336746719247034
4849,5.336746719247034
4850,5.336746719247034
4851,5.336746719247034
4852,5.336746719247034
4853,5.336746719247034
4854,5.336746719247034
4855,5.336746719247034
4856,5.336746719247034
4857,5.336746719247034
4858,5.336746719247034
4859,5.336746719247034
4860,5.336746719247034
4861,5.336746719247034
4862,5.336746719247034
4863,5.336746719247034
4864,5.336746719247034
4865,5.336746719247034
4866,5.336746719247034
4867,5.336746719247034
4868,5.336746719247034
4869,5.336746719247034
4870,5.336746719247034
4871,5.336746719247034
4872,5.336746719247034
4873,5.336746719247034
4874,5.336746719247034
4875,5.336746719247034
4876,5.336746719247034
4877,5.336746719247034
4878,5.336746719247034
4879,5.336746719247034
4880,5.336746719247034
4881,5.336746719247034
4882,5.336746719247034
4883,5.336746719247034
4884,5.336746719247034
4885,5.336746719247034
4886,5.336746719247034
4887,5.336746719247034
4888,5.336746719247034
4889,5.336746719247034
4890,5.336746719247034
4891,5.336746719247034
4892,5.336746719247034
4893,5.336746719247034
4894,5.336746719247034
4895,5.336746719247034
4896,5.336746719247034
4897,5.336746719247034
4898,5.336746719247034
4899,5.336746719247034
4900,5.336746719247034
4901,5.336746719247034
4902,5.336746719247034
4903,5.336746719247034
4904,5.336746719247034
4905,5.336746719247034
4906,5.336746719247034
4907,5.336746719247034
4908,5.336746719247034
4909,5.336746719247034
4910,5.336746719247034
4911,5.336746719247034
4912,5.336746719247034
4913,5.336746719247034
4914,5.336746719247034
4915,5.336746719247034
4916,5.336746719247034
4917,5.336746719247034
4918,5.336746719247034
4919,5.336746719247034
4920,5.336746719247034
4921,5.336746719247034
4922,5.336746719247034
4923,5.336746719247034
4924,5.336746719247034
4925,5.336746719247034
4926,5.336746719247034
4927,5.336746719247034
4928,5.336746719247034
4929,5.336746719247034
4930,5.336746719247034
4931,5.336746719247034
4932,5.336746719247034
4933,5.336746719247034
4934,5.336746719247034
4935,5.336746719247034
4936,5.336746719247034
4937,5.336746719247034
4938,5.336746719247034
4939,5.336746719247034
4940,5.336746719247034
4941,5.336746719247034
4942,5.336746719247034
4943,5.336746719247034
4944,5.336746719247034
4945,5.336746719247034
4946,5.336746719247034
4947,5.336746719247034
4948,5.336746719247034
4949,5.336746719247034
4950,5.336746719247034
4951,5.336746719247034
4952,5.336746719247034
4953,5.336746719247034
4954,5.336746719247034
4955,5.336746719247034
4956,5.336746719247034
4957,5.336746719247034
4958,5.336746719247034
4959,5.336746719247034
4960,5.336746719247034
4961,5.336746719247034
4962,5.336746719247034
4963,5.336746719247034
4964,5.336746719247034
4965,5.336746719247034
4966,5.336746719247034
4967,5.336746719247034
4968,5.336746719247034
4969,5.336746719247034
4970,5.336746719247034
4971,5.336746719247034
4972,5.336746719247034
4973,5.336746719247034
4974,5.336746719247034
4975,5.336746719247034
4976,5.336746719247034
4977,5.336746719247034
4978,5.336746719247034
4979,5.336746719247034
4980,5.336746719247034
4981,5.336746719247034
4982,5.336746719247034
4983,5.336746719247034
4984,5.336746719247034
4985,5.336746719247034
4986,5.336746719247034
4987,5.336746719247034
4988,5.336746719247034
4989,5.336746719247034
4990,5.336746719247034
4991,5.336746719247034
4992,5.336746719247034
4993,5.336746719247034
4994,5.336746719247034
4995,5.336746719247034
4996,5.336746719247034
4997,5.336746719247034
4998,5.336746719247034
4999,5.336746719247034
5000,5.336746719247034
5001,5.336746719247034
5002,5.336746719247034
5003,5.336746719247034
5004,5.336746719247034
5005,5.336746719247034
5006,5.336746719247034
5007,5.336746719247034
5008,5.336746719247034
5009,5.336746719247034
5010,5.336746719247034
5011,5.336746719247034
5012,5.336746719247034
5013,5.336746719247034
5014,5.336746719247034
5015,5.336746719247034
5016,5.336746719247034
5017,5.336746719247034
5018,5.336746719247034
5019,5.336746719247034
5020,5.336746719247034
5021,5.336746719247034
5022,5.336746719247034
5023,5.336746719247034
5024,5.336746719247034
5025,5.336746719247034
5026,5.336746719247034
5027,5.336746719247034
5028,5.336746719247034
5029,5.336746719247034
5030,5.336746719247034
5031,5.336746719247034
5032,5.336746719247034
5033,5.336746719247034
5034,5.336746719247034
5035,5.336746719247034
5036,5.336746719247034
5037,5.336746719247034
5038,5.336746719247034
5039,5.336746719247034
5040,5.336746719247034
5041,5.336746719247034
5042,5.336746719247034
5043,5.336746719247034
5044,5.336746719247034
5045,5.336746719247034
5046,5.336746719247034
5047,5.336746719247034
5048,5.336746719247034
5049,5.336746719247034
5050,5.336746719247034
5051,5.336746719247034
5052,5.336746719247034
5053,5.336746719247034
5054,5.336746719247034
5055,5.336746719247034
5056,5.336746719247034
5057,5.336746719247034
5058,5.336746719247034
5059,5.336746719247034
5060,5.336746719247034
5061,5.336746719247034
5062,5.336746719247034
5063,5.336746719247034
5064,5.336746719247034
5065,5.336746719247034
5066,5.336746719247034
5067,5.336746719247034
5068,5.336746719247034
5069,5.336746719247034
5070,5.336746719247034
5071,5.336746719247034
5072,5.336746719247034
5073,5.336746719247034
5074,5.336746719247034
5075,5.336746719247034
5076,5.336746719247034
5077,5.336746719247034
5078,5.336746719247034
5079,5.336746719247034
5080,5.336746719247034
5081,5.336746719247034
5082,5.336746719247034
5083,5.336746719247034
5084,5.336746719247034
5085,5.336746719247034
5086,5.336746719247034
5087,5.336746719247034
5088,5.336746719247034
5089,5.336746719247034
5090,5.336746719247034
5091,5.336746719247034
5092,5.336746719247034
5093,5.336746719247034
5094,5.336746719247034
5095,5.336746719247034
5096,5.336746719247034
5097,5.336746719247034
5098,5.336746719247034
5099,5.336746719247034
5100,5.336746719247034
5101,5.336746719247034
5102,5.336746719247034
5103,5.336746719247034
5104,5.336746719247034
5105,5.336746719247034
5106,5.336746719247034
5107,5.336746719247034
5108,5.336746719247034
5109,5.336746719247034
5110,5.336746719247034
5111,5.336746719247034
5112,5.336746719247034
5113,5.336746719247034
5114,5.336746719247034
5115,5.336746719247034
5116,5.336746719247034
5117,5.336746719247034
5118,5.336746719247034
5119,5.336746719247034
5120,5.336746719247034
5121,5.336746719247034
5122,5.336746719247034
5123,5.336746719247034
5124,5.336746719247034
5125,5.336746719247034
5126,5.336746719247034
5127,5.336746719247034
5128,5.336746719247034
5129,5.336746719247034
5130,5.336746719247034
5131,5.336746719247034
5132,5.336746719247034
5133,5.336746719247034
5134,5.336746719247034
5135,5.336746719247034
5136,5.336746719247034
5137,5.336746719247034
5138,5.336746719247034
5139,5.336746719247034
5140,5.336746719247034
5141,5.336746719247034
5142,5.336746719247034
5143,5.336746719247034
5144,5.336746719247034
5145,5.336746719247034
5146,5.336746719247034
5147,5.336746719247034
5148,5.336746719247034
5149,5.336746719247034
5150,5.336746719247034
5151,5.336746719247034
5152,5.336746719247034
5153,5.336746719247034
5154,5.336746719247034
5155,5.336746719247034
5156,5.336746719247034
5157,5.336746719247034
5158,5.336746719247034
5159,5.336746719247034
5160,5.336746719247034
5161,5.336746719247034
5162,5.336746719247034
5163,5.336746719247034
5164,5.336746719247034
5165,5.336746719247034
5166,5.336746719247034
5167,5.336746719247034
5168,5.336746719247034
5169,5.336746719247034
5170,5.336746719247034
5171,5.336746719247034
5172,5.336746719247034
5173,5.336746719247034
5174,5.336746719247034
5175,5.336746719247034
5176,5.336746719247034
5177,5.336746719247034
5178,5.336746719247034
5179,5.336746719247034
5180,5.336746719247034
5181,5.336746719247034
5182,5.336746719247034
5183,5.336746719247034
5184,5.336746719247034
5185,5.336746719247034
5186,5.336746719247034
5187,5.336746719247034
5188,5.336746719247034
5189,5.336746719247034
5190,5.336746719247034
5191,5.336746719247034
5192,5.336746719247034
5193,5.336746719247034
5194,5.336746719247034
5195,5.336746719247034
5196,5.336746719247034
5197,5.336746719247034
5198,5.336746719247034
5199,5.336746719247034
5200,5.336746719247034
5201,5.336746719247034
5202,5.336746719247034
5203,5.336746719247034
5204,5.336746719247034
5205,5.336746719247034
5206,5.336746719247034
5207,5.336746719247034
5208,5.336746719247034
5209,5.336746719247034
5210,5.336746719247034
5211,5.336746719247034
5212,5.336746719247034
5213,5.336746719247034
5214,5.336746719247034
5215,5.336746719247034
5216,5.336746719247034
5217,5.336746719247034
5218,5.336746719247034
5219,5.336746719247034
5220,5.336746719247034
5221,5.336746719247034
5222,5.336746719247034
5223,5.336746719247034
5224,5.336746719247034
5225,5.336746719247034
5226,5.336746719247034
5227,5.336746719247034
5228,5.336746719247034
5229,5.336746719247034
5230,5.336746719247034
5231,5.336746719247034
5232,5.336746719247034
5233,5.336746719247034
5234,5.336746719247034
5235,5.336746719247034
5236,5.336746719247034
5237,5.336746719247034
5238,5.336746719247034
5239,5.336746719247034
5240,5.336746719247034
5241,5.336746719247034
5242,5.336746719247034
5243,5.336746719247034
5244,5.336746719247034
5245,5.336746719247034
5246,5.336746719247034
5247,5.336746719247034
5248,5.336746719247034
5249,5.336746719247034
5250,5.336746719247034
5251,5.336746719247034
5252,5.336746719247034
5253,5.336746719247034
5254,5.336746719247034
5255,5.336746719247034
5256,5.336746719247034
5257,5.336746719247034
5258,5.336746719247034
5259,5.336746719247034
5260,5.336746719247034
5261,5.336746719247034
5262,5.336746719247034
5263,5.336746719247034
5264,5.336746719247034
5265,5.336746719247034
5266,5.336746719247034
5267,5.336746719247034
5268,5.336746719247034
5269,5.336746719247034
5270,5.336746719247034
5271,5.336746719247034
5272,5.336746719247034
5273,5.336746719247034
5274,5.336746719247034
5275,5.336746719247034
5276,5.336746719247034
5277,5.336746719247034
5278,5.336746719247034
5279,5.336746719247034
5280,5.336746719247034
5281,5.336746719247034
5282,5.336746719247034
5283,5.336746719247034
5284,5.336746719247034
5285,5.336746719247034
5286,5.336746719247034
5287,5.336746719247034
5288,5.336746719247034
5289,5.336746719247034
5290,5.336746719247034
5291,5.336746719247034
5292,5.336746719247034
5293,5.336746719247034
5294,5.336746719247034
5295,5.336746719247034
5296,5.336746719247034
5297,5.336746719247034
5298,5.336746719247034
5299,5.336746719247034
5300,5.336746719247034
5301,5.336746719247034
5302,5.336746719247034
5303,5.336746719247034
5304,5.336746719247034
5305,5.336746719247034
5306,5.336746719247034
5307,5.336746719247034
5308,5.336746719247034
5309,5.336746719247034
5310,5.336746719247034
5311,5.336746719247034
5312,5.336746719247034
5313,5.336746719247034
5314,5.336746719247034
5315,5.336746719247034
5316,5.336746719247034
5317,5.336746719247034
5318,5.336746719247034
5319,5.336746719247034
5320,5.336746719247034
5321,5.336746719247034
5322,5.336746719247034
5323,5.336746719247034
5324,5.336746719247034
5325,5.336746719247034
5326,5.336746719247034
5327,5.336746719247034
5328,5.336746719247034
5329,5.336746719247034
5330,5.336746719247034
5331,5.336746719247034
5332,5.336746719247034
5333,5.336746719247034
5334,5.336746719247034
5335,5.336746719247034
5336,5.336746719247034
5337,5.336746719247034
5338,5.336746719247034
5339,5.336746719247034
5340,5.336746719247034
5341,5.336746719247034
5342,5.336746719247034
5343,5.336746719247034
5344,5.336746719247034
5345,5.336746719247034
5346,5.336746719247034
5347,5.336746719247034
5348,5.336746719247034
5349,5.336746719247034
5350,5.336746719247034
5351,5.336746719247034
5352,5.336746719247034
5353,5.336746719247034
5354,5.336746719247034
5355,5.336746719247034
5356,5.336746719247034
5357,5.336746719247034
5358,5.336746719247034
5359,5.336746719247034
5360,5.336746719247034
5361,5.336746719247034
5362,5.336746719247034
5363,5.336746719247034
5364,5.336746719247034
5365,5.336746719247034
5366,5.336746719247034
5367,5.336746719247034
5368,5.336746719247034
5369,5.336746719247034
5370,5.336746719247034
5371,5.336746719247034
5372,5.336746719247034
5373,5.336746719247034
5374,5.336746719247034
5375,5.336746719247034
5376,5.336746719247034
5377,5.336746719247034
5378,5.336746719247034
5379,5.336746719247034
5380,5.336746719247034
5381,5.336746719247034
5382,5.336746719247034
5383,5.336746719247034
5384,5.336746719247034
5385,5.336746719247034
5386,5.336746719247034
5387,5.336746719247034
5388,5.336746719247034
5389,5.336746719247034
5390,5.336746719247034
5391,5.336746719247034
5392,5.336746719247034
5393,5.336746719247034
5394,5.336746719247034
5395,5.336746719247034
5396,5.336746719247034
5397,5.336746719247034
5398,5.336746719247034
5399,5.336746719247034
5400,5.336746719247034
5401,5.336746719247034
5402,5.336746719247034
5403,5.336746719247034
5404,5.336746719247034
5405,5.336746719247034
5406,5.336746719247034
5407,5.336746719247034
5408,5.336746719247034
5409,5.336746719247034
5410,5.336746719247034
5411,5.336746719247034
5412,5.336746719247034
5413,5.336746719247034
5414,5.336746719247034
5415,5.336746719247034
5416,5.336746719247034
5417,5.336746719247034
5418,5.336746719247034
5419,5.336746719247034
5420,5.336746719247034
5421,5.336746719247034
5422,5.336746719247034
5423,5.336746719247034
5424,5.336746719247034
5425,5.336746719247034
5426,5.336746719247034
5427,5.336746719247034
5428,5.336746719247034
5429,5.336746719247034
5430,5.336746719247034
5431,5.336746719247034
5432,5.336746719247034
5433,5.336746719247034
5434,5.336746719247034
5435,5.336746719247034
5436,5.336746719247034
5437,5.336746719247034
5438,5.336746719247034
5439,5.336746719247034
5440,5.336746719247034
5441,5.336746719247034
5442,5.336746719247034
5443,5.336746719247034
5444,5.336746719247034
5445,5.336746719247034
5446,5.336746719247034
5447,5.336746719247034
5448,5.336746719247034
5449,5.336746719247034
5450,5.336746719247034
5451,5.336746719247034
5452,5.336746719247034
5453,5.336746719247034
5454,5.336746719247034
5455,5.336746719247034
5456,5.336746719247034
5457,5.336746719247034
5458,5.336746719247034
5459,5.336746719247034
5460,5.336746719247034
5461,5.336746719247034
5462,5.336746719247034
5463,5.336746719247034
5464,5.336746719247034
5465,5.336746719247034
5466,5.336746719247034
5467,5.336746719247034
5468,5.336746719247034
5469,5.336746719247034
5470,5.336746719247034
5471,5.336746719247034
5472,5.336746719247034
5473,5.336746719247034
5474,5.336746719247034
5475,5.336746719247034
5476,5.336746719247034
5477,5.336746719247034
5478,5.336746719247034
5479,5.336746719247034
5480,5.336746719247034
5481,5.336746719247034
5482,5.336746719247034
5483,5.336746719247034
5484,5.336746719247034
5485,5.336746719247034
5486,5.336746719247034
5487,5.336746719247034
5488,5.336746719247034
5489,5.336746719247034
5490,5.336746719247034
5491,5.336746719247034
5492,5.336746719247034
5493,5.336746719247034
5494,5.336746719247034
5495,5.336746719247034
5496,5.336746719247034
5497,5.336746719247034
5498,5.336746719247034
5499,5.336746719247034
5500,5.336746719247034
5501,5.336746719247034
5502,5.336746719247034
5503,5.336746719247034
5504,5.336746719247034
5505,5.336746719247034
5506,5.336746719247034
5507,5.336746719247034
5508,5.336746719247034
5509,5.336746719247034
5510,5.336746719247034
5511,5.336746719247034
5512,5.336746719247034
5513,5.336746719247034
5514,5.336746719247034
5515,5.336746719247034
5516,5.336746719247034
5517,5.336746719247034
5518,5.336746719247034
5519,5.336746719247034
5520,5.336746719247034
5521,5.336746719247034
5522,5.336746719247034
5523,5.336746719247034
5524,5.336746719247034
5525,5.336746719247034
5526,5.336746719247034
5527,5.336746719247034
5528,5.336746719247034
5529,5.336746719247034
5530,5.336746719247034
5531,5.336746719247034
5532,5.336746719247034
5533,5.336746719247034
5534,5.336746719247034
5535,5.336746719247034
5536,5.336746719247034
5537,5.336746719247034
5538,5.336746719247034
5539,5.336746719247034
5540,5.336746719247034
5541,5.336746719247034
5542,5.336746719247034
5543,5.336746719247034
5544,5.336746719247034
5545,5.336746719247034
5546,5.336746719247034
5547,5.336746719247034
5548,5.336746719247034
5549,5.336746719247034
5550,5.336746719247034
5551,5.336746719247034
5552,5.336746719247034
5553,5.336746719247034
5554,5.336746719247034
5555,5.336746719247034
5556,5.336746719247034
5557,5.336746719247034
5558,5.336746719247034
5559,5.336746719247034
5560,5.336746719247034
5561,5.336746719247034
5562,5.336746719247034
5563,5.336746719247034
5564,5.336746719247034
5565,5.336746719247034
5566,5.336746719247034
5567,5.336746719247034
5568,5.336746719247034
5569,5.336746719247034
5570,5.336746719247034
5571,5.336746719247034
5572,5.336746719247034
5573,5.336746719247034
5574,5.336746719247034
5575,5.336746719247034
5576,5.336746719247034
5577,5.336746719247034
5578,5.336746719247034
5579,5.336746719247034
5580,5.336746719247034
5581,5.336746719247034
5582,5.336746719247034
5583,5.336746719247034
5584,5.336746719247034
5585,5.336746719247034
5586,5.336746719247034
5587,5.336746719247034
5588,5.336746719247034
5589,5.336746719247034
5590,5.336746719247034
5591,5.336746719247034
5592,5.336746719247034
5593,5.336746719247034
5594,5.336746719247034
5595,5.336746719247034
5596,5.336746719247034
5597,5.336746719247034
5598,5.336746719247034
5599,5.336746719247034
5600,5.336746719247034
5601,5.336746719247034
5602,5.336746719247034
5603,5.336746719247034
5604,5.336746719247034
5605,5.336746719247034
5606,5.336746719247034
5607,5.336746719247034
5608,5.336746719247034
5609,5.336746719247034
5610,5.336746719247034
5611,5.336746719247034
5612,5.336746719247034
5613,5.336746719247034
5614,5.336746719247034
5615,5.336746719247034
5616,5.336746719247034
5617,5.336746719247034
5618,5.336746719247034
5619,5.336746719247034
5620,5.336746719247034
5621,5.336746719247034
5622,5.336746719247034
5623,5.336746719247034
5624,5.336746719247034
5625,5.336746719247034
5626,5.336746719247034
5627,5.336746719247034
5628,5.336746719247034
5629,5.336746719247034
5630,5.336746719247034
5631,5.336746719247034
5632,5.336746719247034
5633,5.336746719247034
5634,5.336746719247034
5635,5.336746719247034
5636,5.336746719247034
5637,5.336746719247034
5638,5.336746719247034
5639,5.336746719247034
5640,5.336746719247034
5641,5.336746719247034
5642,5.336746719247034
5643,5.336746719247034
5644,5.336746719247034
5645,5.336746719247034
5646,5.336746719247034
5647,5.336746719247034
5648,5.336746719247034
5649,5.336746719247034
5650,5.336746719247034
5651,5.336746719247034
5652,5.336746719247034
5653,5.336746719247034
5654,5.336746719247034
5655,5.336746719247034
5656,5.336746719247034
5657,5.336746719247034
5658,5.336746719247034
5659,5.336746719247034
5660,5.336746719247034
5661,5.336746719247034
5662,5.336746719247034
5663,5.336746719247034
5664,5.336746719247034
5665,5.336746719247034
5666,5.336746719247034
5667,5.336746719247034
5668,5.336746719247034
5669,5.336746719247034
5670,5.336746719247034
5671,5.336746719247034
5672,5.336746719247034
5673,5.336746719247034
5674,5.336746719247034
5675,5.336746719247034
5676,5.336746719247034
5677,5.336746719247034
5678,5.336746719247034
5679,5.336746719247034
5680,5.336746719247034
5681,5.336746719247034
5682,5.336746719247034
5683,5.336746719247034
5684,5.336746719247034
5685,5.336746719247034
5686,5.336746719247034
5687,5.336746719247034
5688,5.336746719247034
5689,5.336746719247034
5690,5.336746719247034
5691,5.336746719247034
5692,5.336746719247034
5693,5.336746719247034
5694,5.336746719247034
5695,5.336746719247034
5696,5.336746719247034
5697,5.336746719247034
5698,5.336746719247034
5699,5.336746719247034
5700,5.336746719247034
5701,5.336746719247034
5702,5.336746719247034
5703,5.336746719247034
5704,5.336746719247034
5705,5.336746719247034
5706,5.336746719247034
5707,5.336746719247034
5708,5.336746719247034
5709,5.336746719247034
5710,5.336746719247034
5711,5.336746719247034
5712,5.336746719247034
5713,5.336746719247034
5714,5.336746719247034
5715,5.336746719247034
5716,5.336746719247034
5717,5.336746719247034
5718,5.336746719247034
5719,5.336746719247034
5720,5.336746719247034
5721,5.336746719247034
5722,5.336746719247034
5723,5.336746719247034
5724,5.336746719247034
5725,5.336746719247034
5726,5.336746719247034
5727,5.336746719247034
5728,5.336746719247034
5729,5.336746719247034
5730,5.336746719247034
5731,5.336746719247034
5732,5.336746719247034
5733,5.336746719247034
5734,5.336746719247034
5735,5.336746719247034
5736,5.336746719247034
5737,5.336746719247034
5738,5.336746719247034
5739,5.336746719247034
5740,5.336746719247034
5741,5.336746719247034
5742,5.336746719247034
5743,5.336746719247034
5744,5.336746719247034
5745,5.336746719247034
5746,5.336746719247034
5747,5.336746719247034
5748,5.336746719247034
5749,5.336746719247034
5750,5.336746719247034
5751,5.336746719247034
5752,5.336746719247034
5753,5.336746719247034
5754,5.336746719247034
5755,5.336746719247034
5756,5.336746719247034
5757,5.336746719247034
5758,5.336746719247034
5759,5.336746719247034
5760,5.336746719247034
5761,5.336746719247034
5762,5.336746719247034
5763,5.336746719247034
5764,5.336746719247034
5765,5.336746719247034
5766,5.336746719247034
5767,5.336746719247034
5768,5.336746719247034
5769,5.336746719247034
5770,5.336746719247034
5771,5.336746719247034
5772,5.336746719247034
5773,5.336746719247034
5774,5.336746719247034
5775,5.336746719247034
5776,5.336746719247034
5777,5.336746719247034
5778,5.336746719247034
5779,5.336746719247034
5780,5.336746719247034
5781,5.336746719247034
5782,5.336746719247034
5783,5.336746719247034
5784,5.336746719247034
5785,5.336746719247034
5786,5.336746719247034
5787,5.336746719247034
5788,5.336746719247034
5789,5.336746719247034
5790,5.336746719247034
5791,5.336746719247034
5792,5.336746719247034
5793,5.336746719247034
5794,5.336746719247034
5795,5.336746719247034
5796,5.336746719247034
5797,5.336746719247034
5798,5.336746719247034
5799,5.336746719247034
5800,5.336746719247034
5801,5.336746719247034
5802,5.336746719247034
5803,5.336746719247034
5804,5.336746719247034
5805,5.336746719247034
5806,5.336746719247034
5807,5.336746719247034
5808,5.336746719247034
5809,5.336746719247034
5810,5.336746719247034
5811,5.336746719247034
5812,5.336746719247034
5813,5.336746719247034
5814,5.336746719247034
5815,5.336746719247034
5816,5.336746719247034
5817,5.336746719247034
5818,5.336746719247034
5819,5.336746719247034
5820,5.336746719247034
5821,5.336746719247034
5822,5.336746719247034
5823,5.336746719247034
5824,5.336746719247034
5825,5.336746719247034
5826,5.336746719247034
5827,5.336746719247034
5828,5.336746719247034
5829,5.336746719247034
5830,5.336746719247034
5831,5.336746719247034
5832,5.336746719247034
5833,5.336746719247034
5834,5.336746719247034
5835,5.336746719247034
5836,5.336746719247034
5837,5.336746719247034
5838,5.336746719247034
5839,5.336746719247034
5840,5.336746719247034
5841,5.336746719247034
5842,5.336746719247034
5843,5.336746719247034
5844,5.336746719247034
5845,5.336746719247034
5846,5.336746719247034
5847,5.336746719247034
5848,5.336746719247034
5849,5.336746719247034
5850,5.336746719247034
5851,5.336746719247034
5852,5.336746719247034
5853,5.336746719247034
5854,5.336746719247034
5855,5.336746719247034
5856,5.336746719247034
5857,5.336746719247034
5858,5.336746719247034
5859,5.336746719247034
5860,5.336746719247034
5861,5.336746719247034
5862,5.336746719247034
5863,5.336746719247034
5864,5.336746719247034
5865,5.336746719247034
5866,5.336746719247034
5867,5.336746719247034
5868,5.336746719247034
5869,5.336746719247034
5870,5.336746719247034
5871,5.336746719247034
5872,5.336746719247034
5873,5.336746719247034
5874,5.336746719247034
5875,5.336746719247034
5876,5.336746719247034
5877,5.336746719247034
5878,5.336746719247034
5879,5.336746719247034
5880,5.336746719247034
5881,5.336746719247034
5882,5.336746719247034
5883,5.336746719247034
5884,5.336746719247034
5885,5.336746719247034
5886,5.336746719247034
5887,5.336746719247034
5888,5.336746719247034
5889,5.336746719247034
5890,5.336746719247034
5891,5.336746719247034
5892,5.336746719247034
5893,5.336746719247034
5894,5.336746719247034
5895,5.336746719247034
5896,5.336746719247034
5897,5.336746719247034
5898,5.336746719247034
5899,5.336746719247034
5900,5.336746719247034
5901,5.336746719247034
5902,5.336746719247034
5903,5.336746719247034
5904,5.336746719247034
5905,5.336746719247034
5906,5.336746719247034
5907,5.336746719247034
5908,5.336746719247034
5909,5.336746719247034
5910,5.336746719247034
5911,5.336746719247034
5912,5.336746719247034
5913,5.336746719247034
5914,5.336746719247034
5915,5.336746719247034
5916,5.336746719247034
5917,5.336746719247034
5918,5.336746719247034
5919,5.336746719247034
5920,5.336746719247034
5921,5.336746719247034
5922,5.336746719247034
5923,5.336746719247034
5924,5.336746719247034
5925,5.336746719247034
5926,5.336746719247034
5927,5.336746719247034
5928,5.336746719247034
5929,5.336746719247034
5930,5.336746719247034
5931,5.336746719247034
5932,5.336746719247034
5933,5.336746719247034
5934,5.336746719247034
5935,5.336746719247034
5936,5.336746719247034
5937,5.336746719247034
5938,5.336746719247034
5939,5.336746719247034
5940,5.336746719247034
5941,5.336746719247034
5942,5.336746719247034
5943,5.336746719247034
5944,5.336746719247034
5945,5.336746719247034
5946,5.336746719247034
5947,5.336746719247034
5948,5.336746719247034
5949,5.336746719247034
5950,5.336746719247034
5951,5.336746719247034
5952,5.336746719247034
5953,5.336746719247034
5954,5.336746719247034
5955,5.336746719247034
5956,5.336746719247034
5957,5.336746719247034
5958,5.336746719247034
5959,5.336746719247034
5960,5.336746719247034
5961,5.336746719247034
5962,5.336746719247034
5963,5.336746719247034
5964,5.336746719247034
5965,5.336746719247034
5966,5.336746719247034
5967,5.336746719247034
5968,5.336746719247034
5969,5.336746719247034
5970,5.336746719247034
5971,5.336746719247034
5972,5.336746719247034
5973,5.336746719247034
5974,5.336746719247034
5975,5.336746719247034
5976,5.336746719247034
5977,5.336746719247034
5978,5.336746719247034
5979,5.336746719247034
5980,5.336746719247034
5981,5.336746719247034
5982,5.336746719247034
5983,5.336746719247034
5984,5.336746719247034
5985,5.336746719247034
5986,5.336746719247034
5987,5.336746719247034
5988,5.336746719247034
5989,5.336746719247034
5990,5.336746719247034
5991,5.336746719247034
5992,5.336746719247034
5993,5.336746719247034
5994,5.336746719247034
5995,5.336746719247034
5996,5.336746719247034
5997,5.336746719247034
5998,5.336746719247034
5999,5.336746719247034
6000,5.336746719247034
6001,5.336746719247034
6002,5.336746719247034
6003,5.336746719247034
6004,5.336746719247034
6005,5.336746719247034
6006,5.336746719247034
6007,5.336746719247034
6008,5.336746719247034
6009,5.336746719247034
6010,5.336746719247034
6011,5.336746719247034
6012,5.336746719247034
6013,5.336746719247034
6014,5.336746719247034
6015,5.336746719247034
6016,5.336746719247034
6017,5.336746719247034
6018,5.336746719247034
6019,5.336746719247034
6020,5.336746719247034
6021,5.336746719247034
6022,5.336746719247034
6023,5.336746719247034
6024,5.336746719247034
6025,5.336746719247034
6026,5.336746719247034
6027,5.336746719247034
6028,5.336746719247034
6029,5.336746719247034
6030,5.336746719247034
6031,5.336746719247034
6032,5.336746719247034
6033,5.336746719247034
6034,5.336746719247034
6035,5.336746719247034
6036,5.336746719247034
6037,5.336746719247034
6038,5.336746719247034
6039,5.336746719247034
6040,5.336746719247034
6041,5.336746719247034
6042,5.336746719247034
6043,5.336746719247034
6044,5.336746719247034
6045,5.336746719247034
6046,5.336746719247034
6047,5.336746719247034
6048,5.336746719247034
6049,5.336746719247034
6050,5.336746719247034
6051,5.336746719247034
6052,5.336746719247034
6053,5.336746719247034
6054,5.336746719247034
6055,5.336746719247034
6056,5.336746719247034
6057,5.336746719247034
6058,5.336746719247034
6059,5.336746719247034
6060,5.336746719247034
6061,5.336746719247034
6062,5.336746719247034
6063,5.336746719247034
6064,5.336746719247034
6065,5.336746719247034
6066,5.336746719247034
6067,5.336746719247034
6068,5.336746719247034
6069,5.336746719247034
6070,5.336746719247034
6071,5.336746719247034
6072,5.336746719247034
6073,5.336746719247034
6074,5.336746719247034
6075,5.336746719247034
6076,5.336746719247034
6077,5.336746719247034
6078,5.336746719247034
6079,5.336746719247034
6080,5.336746719247034
6081,5.336746719247034
6082,5.336746719247034
6083,5.336746719247034
6084,5.336746719247034
6085,5.336746719247034
6086,5.336746719247034
6087,5.336746719247034
6088,5.336746719247034
6089,5.336746719247034
6090,5.336746719247034
6091,5.336746719247034
6092,5.336746719247034
6093,5.336746719247034
6094,5.336746719247034
6095,5.336746719247034
6096,5.336746719247034
6097,5.336746719247034
6098,5.336746719247034
6099,5.336746719247034
6100,5.336746719247034
6101,5.336746719247034
6102,5.336746719247034
6103,5.336746719247034
6104,5.336746719247034
6105,5.336746719247034
6106,5.336746719247034
6107,5.336746719247034
6108,5.336746719247034
6109,5.336746719247034
6110,5.336746719247034
6111,5.336746719247034
6112,5.336746719247034
6113,5.336746719247034
6114,5.336746719247034
6115,5.336746719247034
6116,5.336746719247034
6117,5.336746719247034
6118,5.336746719247034
6119,5.336746719247034
6120,5.336746719247034
6121,5.336746719247034
6122,5.336746719247034
6123,5.336746719247034
6124,5.336746719247034
6125,5.336746719247034
6126,5.336746719247034
6127,5.336746719247034
6128,5.336746719247034
6129,5.336746719247034
6130,5.336746719247034
6131,5.336746719247034
6132,5.336746719247034
6133,5.336746719247034
6134,5.336746719247034
6135,5.336746719247034
6136,5.336746719247034
6137,5.336746719247034
6138,5.336746719247034
6139,5.336746719247034
6140,5.336746719247034
6141,5.336746719247034
6142,5.336746719247034
6143,5.336746719247034
6144,5.336746719247034
6145,5.336746719247034
6146,5.336746719247034
6147,5.336746719247034
6148,5.336746719247034
6149,5.336746719247034
6150,5.336746719247034
6151,5.336746719247034
6152,5.336746719247034
6153,5.336746719247034
6154,5.336746719247034
6155,5.336746719247034
6156,5.336746719247034
6157,5.336746719247034
6158,5.336746719247034
6159,5.336746719247034
6160,5.336746719247034
6161,5.336746719247034
6162,5.336746719247034
6163,5.336746719247034
6164,5.336746719247034
6165,5.336746719247034
6166,5.336746719247034
6167,5.336746719247034
6168,5.336746719247034
6169,5.336746719247034
6170,5.336746719247034
6171,5.336746719247034
6172,5.336746719247034
6173,5.336746719247034
6174,5.336746719247034
6175,5.336746719247034
6176,5.336746719247034
6177,5.336746719247034
6178,5.336746719247034
6179,5.336746719247034
6180,5.336746719247034
6181,5.336746719247034
6182,5.336746719247034
6183,5.336746719247034
6184,5.336746719247034
6185,5.336746719247034
6186,5.336746719247034
6187,5.336746719247034
6188,5.336746719247034
6189,5.336746719247034
6190,5.336746719247034
6191,5.336746719247034
6192,5.336746719247034
6193,5.336746719247034
6194,5.336746719247034
6195,5.336746719247034
6196,5.336746719247034
6197,5.336746719247034
6198,5.336746719247034
6199,5.336746719247034
6200,5.336746719247034
6201,5.336746719247034
6202,5.336746719247034
6203,5.336746719247034
6204,5.336746719247034
6205,5.336746719247034
6206,5.336746719247034
6207,5.336746719247034
6208,5.336746719247034
6209,5.336746719247034
6210,5.336746719247034
6211,5.336746719247034
6212,5.336746719247034
6213,5.336746719247034
6214,5.336746719247034
6215,5.336746719247034
6216,5.336746719247034
6217,5.336746719247034
6218,5.336746719247034
6219,5.336746719247034
6220,5.336746719247034
6221,5.336746719247034
6222,5.336746719247034
6223,5.336746719247034
6224,5.336746719247034
6225,5.336746719247034
6226,5.336746719247034
6227,5.336746719247034
6228,5.336746719247034
6229,5.336746719247034
6230,5.336746719247034
6231,5.336746719247034
6232,5.336746719247034
6233,5.336746719247034
6234,5.336746719247034
6235,5.336746719247034
6236,5.336746719247034
6237,5.336746719247034
6238,5.336746719247034
6239,5.336746719247034
6240,5.336746719247034
6241,5.336746719247034
6242,5.336746719247034
6243,5.336746719247034
6244,5.336746719247034
6245,5.336746719247034
6246,5.336746719247034
6247,5.336746719247034
6248,5.336746719247034
6249,5.336746719247034
6250,5.336746719247034
6251,5.336746719247034
6252,5.336746719247034
6253,5.336746719247034
6254,5.336746719247034
6255,5.336746719247034
6256,5.336746719247034
6257,5.336746719247034
6258,5.336746719247034
6259,5.336746719247034
6260,5.336746719247034
6261,5.336746719247034
6262,5.336746719247034
6263,5.336746719247034
6264,5.336746719247034
6265,5.336746719247034
6266,5.336746719247034
6267,5.336746719247034
6268,5.336746719247034
6269,5.336746719247034
6270,5.336746719247034
6271,5.336746719247034
6272,5.336746719247034
6273,5.336746719247034
6274,5.336746719247034
6275,5.336746719247034
6276,5.336746719247034
6277,5.336746719247034
6278,5.336746719247034
6279,5.336746719247034
6280,5.336746719247034
6281,5.336746719247034
6282,5.336746719247034
6283,5.336746719247034
6284,5.336746719247034
6285,5.336746719247034
6286,5.336746719247034
6287,5.336746719247034
6288,5.336746719247034
6289,5.336746719247034
6290,5.336746719247034
6291,5.336746719247034
6292,5.336746719247034
6293,5.336746719247034
6294,5.336746719247034
6295,5.336746719247034
6296,5.336746719247034
6297,5.336746719247034
6298,5.336746719247034
6299,5.336746719247034
6300,5.336746719247034
6301,5.336746719247034
6302,5.336746719247034
6303,5.336746719247034
6304,5.336746719247034
6305,5.336746719247034
6306,5.336746719247034
6307,5.336746719247034
6308,5.336746719247034
6309,5.336746719247034
6310,5.336746719247034
6311,5.336746719247034
6312,5.336746719247034
6313,5.336746719247034
6314,5.336746719247034
6315,5.336746719247034
6316,5.336746719247034
6317,5.336746719247034
6318,5.336746719247034
6319,5.336746719247034
6320,5.336746719247034
6321,5.336746719247034
6322,5.336746719247034
6323,5.336746719247034
6324,5.336746719247034
6325,5.336746719247034
6326,5.336746719247034
6327,5.336746719247034
6328,5.336746719247034
6329,5.336746719247034
6330,5.336746719247034
6331,5.336746719247034
6332,5.336746719247034
6333,5.336746719247034
6334,5.336746719247034
6335,5.336746719247034
6336,5.336746719247034
6337,5.336746719247034
6338,5.336746719247034
6339,5.336746719247034
6340,5.336746719247034
6341,5.336746719247034
6342,5.336746719247034
6343,5.336746719247034
6344,5.336746719247034
6345,5.336746719247034
6346,5.336746719247034
6347,5.336746719247034
6348,5.336746719247034
6349,5.336746719247034
6350,5.336746719247034
6351,5.336746719247034
6352,5.336746719247034
6353,5.336746719247034
6354,5.336746719247034
6355,5.336746719247034
6356,5.336746719247034
6357,5.336746719247034
6358,5.336746719247034
6359,5.336746719247034
6360,5.336746719247034
6361,5.336746719247034
6362,5.336746719247034
6363,5.336746719247034
6364,5.336746719247034
6365,5.336746719247034
6366,5.336746719247034
6367,5.336746719247034
6368,5.336746719247034
6369,5.336746719247034
6370,5.336746719247034
6371,5.336746719247034
6372,5.336746719247034
6373,5.336746719247034
6374,5.336746719247034
6375,5.336746719247034
6376,5.336746719247034
6377,5.336746719247034
6378,5.336746719247034
6379,5.336746719247034
6380,5.336746719247034
6381,5.336746719247034
6382,5.336746719247034
6383,5.336746719247034
6384,5.336746719247034
6385,5.336746719247034
6386,5.336746719247034
6387,5.336746719247034
6388,5.336746719247034
6389,5.336746719247034
6390,5.336746719247034
6391,5.336746719247034
6392,5.336746719247034
6393,5.336746719247034
6394,5.336746719247034
6395,5.336746719247034
6396,5.336746719247034
6397,5.336746719247034
6398,5.336746719247034
6399,5.336746719247034
6400,5.336746719247034
6401,5.336746719247034
6402,5.336746719247034
6403,5.336746719247034
6404,5.336746719247034
6405,5.336746719247034
6406,5.336746719247034
6407,5.336746719247034
6408,5.336746719247034
6409,5.336746719247034
6410,5.336746719247034
6411,5.336746719247034
6412,5.336746719247034
6413,5.336746719247034
6414,5.336746719247034
6415,5.336746719247034
6416,5.336746719247034
6417,5.336746719247034
6418,5.336746719247034
6419,5.336746719247034
6420,5.336746719247034
6421,5.336746719247034
6422,5.336746719247034
6423,5.336746719247034
6424,5.336746719247034
6425,5.336746719247034
6426,5.336746719247034
6427,5.336746719247034
6428,5.336746719247034
6429,5.336746719247034
6430,5.336746719247034
6431,5.336746719247034
6432,5.336746719247034
6433,5.336746719247034
6434,5.336746719247034
6435,5.336746719247034
6436,5.336746719247034
6437,5.336746719247034
6438,5.336746719247034
6439,5.336746719247034
6440,5.336746719247034
6441,5.336746719247034
6442,5.336746719247034
6443,5.336746719247034
6444,5.336746719247034
6445,5.336746719247034
6446,5.336746719247034
6447,5.336746719247034
6448,5.336746719247034
6449,5.336746719247034
6450,5.336746719247034
6451,5.336746719247034
6452,5.336746719247034
6453,5.336746719247034
6454,5.336746719247034
6455,5.336746719247034
6456,5.336746719247034
6457,5.336746719247034
6458,5.336746719247034
6459,5.336746719247034
6460,5.336746719247034
6461,5.336746719247034
6462,5.336746719247034
6463,5.336746719247034
6464,5.336746719247034
6465,5.336746719247034
6466,5.336746719247034
6467,5.336746719247034
6468,5.336746719247034
6469,5.336746719247034
6470,5.336746719247034
6471,5.336746719247034
6472,5.336746719247034
6473,5.336746719247034
6474,5.336746719247034
6475,5.336746719247034
6476,5.336746719247034
6477,5.336746719247034
6478,5.336746719247034
6479,5.336746719247034
6480,5.336746719247034
6481,5.336746719247034
6482,5.336746719247034
6483,5.336746719247034
6484,5.336746719247034
6485,5.336746719247034
6486,5.336746719247034
6487,5.336746719247034
6488,5.336746719247034
6489,5.336746719247034
6490,5.336746719247034
6491,5.336746719247034
6492,5.336746719247034
6493,5.336746719247034
6494,5.336746719247034
6495,5.336746719247034
6496,5.336746719247034
6497,5.336746719247034
6498,5.336746719247034
6499,5.336746719247034
6500,5.336746719247034
6501,5.336746719247034
6502,5.336746719247034
6503,5.336746719247034
6504,5.336746719247034
6505,5.336746719247034
6506,5.336746719247034
6507,5.336746719247034
6508,5.336746719247034
6509,5.336746719247034
6510,5.336746719247034
6511,5.336746719247034
6512,5.336746719247034
6513,5.336746719247034
6514,5.336746719247034
6515,5.336746719247034
6516,5.336746719247034
6517,5.336746719247034
6518,5.336746719247034
6519,5.336746719247034
6520,5.336746719247034
6521,5.336746719247034
6522,5.336746719247034
6523,5.336746719247034
6524,5.336746719247034
6525,5.336746719247034
6526,5.336746719247034
6527,5.336746719247034
6528,5.336746719247034
6529,5.336746719247034
6530,5.336746719247034
6531,5.336746719247034
6532,5.336746719247034
6533,5.336746719247034
6534,5.336746719247034
6535,5.336746719247034
6536,5.336746719247034
6537,5.336746719247034
6538,5.336746719247034
6539,5.336746719247034
6540,5.336746719247034
6541,5.336746719247034
6542,5.336746719247034
6543,5.336746719247034
6544,5.336746719247034
6545,5.336746719247034
6546,5.336746719247034
6547,5.336746719247034
6548,5.336746719247034
6549,5.336746719247034
6550,5.336746719247034
6551,5.336746719247034
6552,5.336746719247034
6553,5.336746719247034
6554,5.336746719247034
6555,5.336746719247034
6556,5.336746719247034
6557,5.336746719247034
6558,5.336746719247034
6559,5.336746719247034
6560,5.336746719247034
6561,5.336746719247034
6562,5.336746719247034
6563,5.336746719247034
6564,5.336746719247034
6565,5.336746719247034
6566,5.336746719247034
6567,5.336746719247034
6568,5.336746719247034
6569,5.336746719247034
6570,5.336746719247034
6571,5.336746719247034
6572,5.336746719247034
6573,5.336746719247034
6574,5.336746719247034
6575,5.336746719247034
6576,5.336746719247034
6577,5.336746719247034
6578,5.336746719247034
6579,5.336746719247034
6580,5.336746719247034
6581,5.336746719247034
6582,5.336746719247034
6583,5.336746719247034
6584,5.336746719247034
6585,5.336746719247034
6586,5.336746719247034
6587,5.336746719247034
6588,5.336746719247034
6589,5.336746719247034
6590,5.336746719247034
6591,5.336746719247034
6592,5.336746719247034
6593,5.336746719247034
6594,5.336746719247034
6595,5.336746719247034
6596,5.336746719247034
6597,5.336746719247034
6598,5.336746719247034
6599,5.336746719247034
6600,5.336746719247034
6601,5.336746719247034
6602,5.336746719247034
6603,5.336746719247034
6604,5.336746719247034
6605,5.336746719247034
6606,5.336746719247034
6607,5.336746719247034
6608,5.336746719247034
6609,5.336746719247034
6610,5.336746719247034
6611,5.336746719247034
6612,5.336746719247034
6613,5.336746719247034
6614,5.336746719247034
6615,5.336746719247034
6616,5.336746719247034
6617,5.336746719247034
6618,5.336746719247034
6619,5.336746719247034
6620,5.336746719247034
6621,5.336746719247034
6622,5.336746719247034
6623,5.336746719247034
6624,5.336746719247034
6625,5.336746719247034
6626,5.336746719247034
6627,5.336746719247034
6628,5.336746719247034
6629,5.336746719247034
6630,5.336746719247034
6631,5.336746719247034
6632,5.336746719247034
6633,5.336746719247034
6634,5.336746719247034
6635,5.336746719247034
6636,5.336746719247034
6637,5.336746719247034
6638,5.336746719247034
6639,5.336746719247034
6640,5.336746719247034
6641,5.336746719247034
6642,5.336746719247034
6643,5.336746719247034
6644,5.336746719247034
6645,5.336746719247034
6646,5.336746719247034
6647,5.336746719247034
6648,5.336746719247034
6649,5.336746719247034
6650,5.336746719247034
6651,5.336746719247034
6652,5.336746719247034
6653,5.336746719247034
6654,5.336746719247034
6655,5.336746719247034
6656,5.336746719247034
6657,5.336746719247034
6658,5.336746719247034
6659,5.336746719247034
6660,5.336746719247034
6661,5.336746719247034
6662,5.336746719247034
6663,5.336746719247034
6664,5.336746719247034
6665,5.336746719247034
6666,5.336746719247034
6667,5.336746719247034
6668,5.336746719247034
6669,5.336746719247034
6670,5.336746719247034
6671,5.336746719247034
6672,5.336746719247034
6673,5.336746719247034
6674,5.336746719247034
6675,5.336746719247034
6676,5.336746719247034
6677,5.336746719247034
6678,5.336746719247034
6679,5.336746719247034
6680,5.336746719247034
6681,5.336746719247034
6682,5.336746719247034
6683,5.336746719247034
6684,5.336746719247034
6685,5.336746719247034
6686,5.336746719247034
6687,5.336746719247034
6688,5.336746719247034
6689,5.336746719247034
6690,5.336746719247034
6691,5.336746719247034
6692,5.336746719247034
6693,5.336746719247034
6694,5.336746719247034
6695,5.336746719247034
6696,5.336746719247034
6697,5.336746719247034
6698,5.336746719247034
6699,5.336746719247034
6700,5.336746719247034
6701,5.336746719247034
6702,5.336746719247034
6703,5.336746719247034
6704,5.336746719247034
6705,5.336746719247034
6706,5.336746719247034
6707,5.336746719247034
6708,5.336746719247034
6709,5.336746719247034
6710,5.336746719247034
6711,5.336746719247034
6712,5.336746719247034
6713,5.336746719247034
6714,5.336746719247034
6715,5.336746719247034
6716,5.336746719247034
6717,5.336746719247034
6718,5.336746719247034
6719,5.336746719247034
6720,5.336746719247034
6721,5.336746719247034
6722,5.336746719247034
6723,5.336746719247034
6724,5.336746719247034
6725,5.336746719247034
6726,5.336746719247034
6727,5.336746719247034
6728,5.336746719247034
6729,5.336746719247034
6730,5.336746719247034
6731,5.336746719247034
6732,5.336746719247034
6733,5.336746719247034
6734,5.336746719247034
6735,5.336746719247034
6736,5.336746719247034
6737,5.336746719247034
6738,5.336746719247034
6739,5.336746719247034
6740,5.336746719247034
6741,5.336746719247034
6742,5.336746719247034
6743,5.336746719247034
6744,5.336746719247034
6745,5.336746719247034
6746,5.336746719247034
6747,5.336746719247034
6748,5.336746719247034
6749,5.336746719247034
6750,5.336746719247034
6751,5.336746719247034
6752,5.336746719247034
6753,5.336746719247034
6754,5.336746719247034
6755,5.336746719247034
6756,5.336746719247034
6757,5.336746719247034
6758,5.336746719247034
6759,5.336746719247034
6760,5.336746719247034
6761,5.336746719247034
6762,5.336746719247034
6763,5.336746719247034
6764,5.336746719247034
6765,5.336746719247034
6766,5.336746719247034
6767,5.336746719247034
6768,5.336746719247034
6769,5.336746719247034
6770,5.336746719247034
6771,5.336746719247034
6772,5.336746719247034
6773,5.336746719247034
6774,5.336746719247034
6775,5.336746719247034
6776,5.336746719247034
6777,5.336746719247034
6778,5.336746719247034
6779,5.336746719247034
6780,5.336746719247034
6781,5.336746719247034
6782,5.336746719247034
6783,5.336746719247034
6784,5.336746719247034
6785,5.336746719247034
6786,5.336746719247034
6787,5.336746719247034
6788,5.336746719247034
6789,5.336746719247034
6790,5.336746719247034
6791,5.336746719247034
6792,5.336746719247034
6793,5.336746719247034
6794,5.336746719247034
6795,5.336746719247034
6796,5.336746719247034
6797,5.336746719247034
6798,5.336746719247034
6799,5.336746719247034
6800,5.336746719247034
6801,5.336746719247034
6802,5.336746719247034
6803,5.336746719247034
6804,5.336746719247034
6805,5.336746719247034
6806,5.336746719247034
6807,5.336746719247034
6808,5.336746719247034
6809,5.336746719247034
6810,5.336746719247034
6811,5.336746719247034
6812,5.336746719247034
6813,5.336746719247034
6814,5.336746719247034
6815,5.336746719247034
6816,5.336746719247034
6817,5.336746719247034
6818,5.336746719247034
6819,5.336746719247034
6820,5.336746719247034
6821,5.336746719247034
6822,5.336746719247034
6823,5.336746719247034
6824,5.336746719247034
6825,5.336746719247034
6826,5.336746719247034
6827,5.336746719247034
6828,5.336746719247034
6829,5.336746719247034
6830,5.336746719247034
6831,5.336746719247034
6832,5.336746719247034
6833,5.336746719247034
6834,5.336746719247034
6835,5.336746719247034
6836,5.336746719247034
6837,5.336746719247034
6838,5.336746719247034
6839,5.336746719247034
6840,5.336746719247034
6841,5.336746719247034
6842,5.336746719247034
6843,5.336746719247034
6844,5.336746719247034
6845,5.336746719247034
6846,5.336746719247034
6847,5.336746719247034
6848,5.336746719247034
6849,5.336746719247034
6850,5.336746719247034
6851,5.336746719247034
6852,5.336746719247034
6853,5.336746719247034
6854,5.336746719247034
6855,5.336746719247034
6856,5.336746719247034
6857,5.336746719247034
6858,5.336746719247034
6859,5.336746719247034
6860,5.336746719247034
6861,5.336746719247034
6862,5.336746719247034
6863,5.336746719247034
6864,5.336746719247034
6865,5.336746719247034
6866,5.336746719247034
6867,5.336746719247034
6868,5.336746719247034
6869,5.336746719247034
6870,5.336746719247034
6871,5.336746719247034
6872,5.336746719247034
6873,5.336746719247034
6874,5.336746719247034
6875,5.336746719247034
6876,5.336746719247034
6877,5.336746719247034
6878,5.336746719247034
6879,5.336746719247034
6880,5.336746719247034
6881,5.336746719247034
6882,5.336746719247034
6883,5.336746719247034
6884,5.336746719247034
6885,5.336746719247034
6886,5.336746719247034
6887,5.336746719247034
6888,5.336746719247034
6889,5.336746719247034
6890,5.336746719247034
6891,5.336746719247034
6892,5.336746719247034
6893,5.336746719247034
6894,5.336746719247034
6895,5.336746719247034
6896,5.336746719247034
6897,5.336746719247034
6898,5.336746719247034
6899,5.336746719247034
6900,5.336746719247034
6901,5.336746719247034
6902,5.336746719247034
6903,5.336746719247034
6904,5.336746719247034
6905,5.336746719247034
6906,5.336746719247034
6907,5.336746719247034
6908,5.336746719247034
6909,5.336746719247034
6910,5.336746719247034
6911,5.336746719247034
6912,5.336746719247034
6913,5.336746719247034
6914,5.336746719247034
6915,5.336746719247034
6916,5.336746719247034
6917,5.336746719247034
6918,5.336746719247034
6919,5.336746719247034
6920,5.336746719247034
6921,5.336746719247034
6922,5.336746719247034
6923,5.336746719247034
6924,5.336746719247034
6925,5.336746719247034
6926,5.336746719247034
6927,5.336746719247034
6928,5.336746719247034
6929,5.336746719247034
6930,5.336746719247034
6931,5.336746719247034
6932,5.336746719247034
6933,5.336746719247034
6934,5.336746719247034
6935,5.336746719247034
6936,5.336746719247034
6937,5.336746719247034
6938,5.336746719247034
6939,5.336746719247034
6940,5.336746719247034
6941,5.336746719247034
6942,5.336746719247034
6943,5.336746719247034
6944,5.336746719247034
6945,5.336746719247034
6946,5.336746719247034
6947,5.336746719247034
6948,5.336746719247034
6949,5.336746719247034
6950,5.336746719247034
6951,5.336746719247034
6952,5.336746719247034
6953,5.336746719247034
6954,5.336746719247034
6955,5.336746719247034
6956,5.336746719247034
6957,5.336746719247034
6958,5.336746719247034
6959,5.336746719247034
6960,5.336746719247034
6961,5.336746719247034
6962,5.336746719247034
6963,5.336746719247034
6964,5.336746719247034
6965,5.336746719247034
6966,5.336746719247034
6967,5.336746719247034
6968,5.336746719247034
6969,5.336746719247034
6970,5.336746719247034
6971,5.336746719247034
6972,5.336746719247034
6973,5.336746719247034
6974,5.336746719247034
6975,5.336746719247034
6976,5.336746719247034
6977,5.336746719247034
6978,5.336746719247034
6979,5.336746719247034
6980,5.336746719247034
6981,5.336746719247034
6982,5.336746719247034
6983,5.336746719247034
6984,5.336746719247034
6985,5.336746719247034
6986,5.336746719247034
6987,5.336746719247034
6988,5.336746719247034
6989,5.336746719247034
6990,5.336746719247034
6991,5.336746719247034
6992,5.336746719247034
6993,5.336746719247034
6994,5.336746719247034
6995,5.336746719247034
6996,5.336746719247034
6997,5.336746719247034
6998,5.336746719247034
6999,5.336746719247034
7000,5.336746719247034
7001,5.336746719247034
7002,5.336746719247034
7003,5.336746719247034
7004,5.336746719247034
7005,5.336746719247034
7006,5.336746719247034
7007,5.336746719247034
7008,5.336746719247034
7009,5.336746719247034
7010,5.336746719247034
7011,5.336746719247034
7012,5.336746719247034
7013,5.336746719247034
7014,5.336746719247034
7015,5.336746719247034
7016,5.336746719247034
7017,5.336746719247034
7018,5.336746719247034
7019,5.336746719247034
7020,5.336746719247034
7021,5.336746719247034
7022,5.336746719247034
7023,5.336746719247034
7024,5.336746719247034
7025,5.336746719247034
7026,5.336746719247034
7027,5.336746719247034
7028,5.336746719247034
7029,5.336746719247034
7030,5.336746719247034
7031,5.336746719247034
7032,5.336746719247034
7033,5.336746719247034
7034,5.336746719247034
7035,5.336746719247034
7036,5.336746719247034
7037,5.336746719247034
7038,5.336746719247034
7039,5.336746719247034
7040,5.336746719247034
7041,5.336746719247034
7042,5.336746719247034
7043,5.336746719247034
7044,5.336746719247034
7045,5.336746719247034
7046,5.336746719247034
7047,5.336746719247034
7048,5.336746719247034
7049,5.336746719247034
7050,5.336746719247034
7051,5.336746719247034
7052,5.336746719247034
7053,5.336746719247034
7054,5.336746719247034
7055,5.336746719247034
7056,5.336746719247034
7057,5.336746719247034
7058,5.336746719247034
7059,5.336746719247034
7060,5.336746719247034
7061,5.336746719247034
7062,5.336746719247034
7063,5.336746719247034
7064,5.336746719247034
7065,5.336746719247034
7066,5.336746719247034
7067,5.336746719247034
7068,5.336746719247034
7069,5.336746719247034
7070,5.336746719247034
7071,5.336746719247034
7072,5.336746719247034
7073,5.336746719247034
7074,5.336746719247034
7075,5.336746719247034
7076,5.336746719247034
7077,5.336746719247034
7078,5.336746719247034
7079,5.336746719247034
7080,5.336746719247034
7081,5.336746719247034
7082,5.336746719247034
7083,5.336746719247034
7084,5.336746719247034
7085,5.336746719247034
7086,5.336746719247034
7087,5.336746719247034
7088,5.336746719247034
7089,5.336746719247034
7090,5.336746719247034
7091,5.336746719247034
7092,5.336746719247034
7093,5.336746719247034
7094,5.336746719247034
7095,5.336746719247034
7096,5.336746719247034
7097,5.336746719247034
7098,5.336746719247034
7099,5.336746719247034
7100,5.336746719247034
7101,5.336746719247034
7102,5.336746719247034
7103,5.336746719247034
7104,5.336746719247034
7105,5.336746719247034
7106,5.336746719247034
7107,5.336746719247034
7108,5.336746719247034
7109,5.336746719247034
7110,5.336746719247034
7111,5.336746719247034
7112,5.336746719247034
7113,5.336746719247034
7114,5.336746719247034
7115,5.336746719247034
7116,5.336746719247034
7117,5.336746719247034
7118,5.336746719247034
7119,5.336746719247034
7120,5.336746719247034
7121,5.336746719247034
7122,5.336746719247034
7123,5.336746719247034
7124,5.336746719247034
7125,5.336746719247034
7126,5.336746719247034
7127,5.336746719247034
7128,5.336746719247034
7129,5.336746719247034
7130,5.336746719247034
7131,5.336746719247034
7132,5.336746719247034
7133,5.336746719247034
7134,5.336746719247034
7135,5.336746719247034
7136,5.336746719247034
7137,5.336746719247034
7138,5.336746719247034
7139,5.336746719247034
7140,5.336746719247034
7141,5.336746719247034
7142,5.336746719247034
7143,5.336746719247034
7144,5.336746719247034
7145,5.336746719247034
7146,5.336746719247034
7147,5.336746719247034
7148,5.336746719247034
7149,5.336746719247034
7150,5.336746719247034
7151,5.336746719247034
7152,5.336746719247034
7153,5.336746719247034
7154,5.336746719247034
7155,5.336746719247034
7156,5.336746719247034
7157,5.336746719247034
7158,5.336746719247034
7159,5.336746719247034
7160,5.336746719247034
7161,5.336746719247034
7162,5.336746719247034
7163,5.336746719247034
7164,5.336746719247034
7165,5.336746719247034
7166,5.336746719247034
7167,5.336746719247034
7168,5.336746719247034
7169,5.336746719247034
7170,5.336746719247034
7171,5.336746719247034
7172,5.336746719247034
7173,5.336746719247034
7174,5.336746719247034
7175,5.336746719247034
7176,5.336746719247034
7177,5.336746719247034
7178,5.336746719247034
7179,5.336746719247034
7180,5.336746719247034
7181,5.336746719247034
7182,5.336746719247034
7183,5.336746719247034
7184,5.336746719247034
7185,5.336746719247034
7186,5.336746719247034
7187,5.336746719247034
7188,5.336746719247034
7189,5.336746719247034
7190,5.336746719247034
7191,5.336746719247034
7192,5.336746719247034
7193,5.336746719247034
7194,5.336746719247034
7195,5.336746719247034
7196,5.336746719247034
7197,5.336746719247034
7198,5.336746719247034
7199,5.336746719247034
7200,5.336746719247034
7201,5.336746719247034
7202,5.336746719247034
7203,5.336746719247034
7204,5.336746719247034
7205,5.336746719247034
7206,5.336746719247034
7207,5.336746719247034
7208,5.336746719247034
7209,5.336746719247034
7210,5.336746719247034
7211,5.336746719247034
7212,5.336746719247034
7213,5.336746719247034
7214,5.336746719247034
7215,5.336746719247034
7216,5.336746719247034
7217,5.336746719247034
7218,5.336746719247034
7219,5.336746719247034
7220,5.336746719247034
7221,5.336746719247034
7222,5.336746719247034
7223,5.336746719247034
7224,5.336746719247034
7225,5.336746719247034
7226,5.336746719247034
7227,5.336746719247034
7228,5.336746719247034
7229,5.336746719247034
7230,5.336746719247034
7231,5.336746719247034
7232,5.336746719247034
7233,5.336746719247034
7234,5.336746719247034
7235,5.336746719247034
7236,5.336746719247034
7237,5.336746719247034
7238,5.336746719247034
7239,5.336746719247034
7240,5.336746719247034
7241,5.336746719247034
7242,5.336746719247034
7243,5.336746719247034
7244,5.336746719247034
7245,5.336746719247034
7246,5.336746719247034
7247,5.336746719247034
7248,5.336746719247034
7249,5.336746719247034
7250,5.336746719247034
7251,5.336746719247034
7252,5.336746719247034
7253,5.336746719247034
7254,5.336746719247034
7255,5.336746719247034
7256,5.336746719247034
7257,5.336746719247034
7258,5.336746719247034
7259,5.336746719247034
7260,5.336746719247034
7261,5.336746719247034
7262,5.336746719247034
7263,5.336746719247034
7264,5.336746719247034
7265,5.336746719247034
7266,5.336746719247034
7267,5.336746719247034
7268,5.336746719247034
7269,5.336746719247034
7270,5.336746719247034
7271,5.336746719247034
7272,5.336746719247034
7273,5.336746719247034
7274,5.336746719247034
7275,5.336746719247034
7276,5.336746719247034
7277,5.336746719247034
7278,5.336746719247034
7279,5.336746719247034
7280,5.336746719247034
7281,5.336746719247034
7282,5.336746719247034
7283,5.336746719247034
7284,5.336746719247034
7285,5.336746719247034
7286,5.336746719247034
7287,5.336746719247034
7288,5.336746719247034
7289,5.336746719247034
7290,5.336746719247034
7291,5.336746719247034
7292,5.336746719247034
7293,5.336746719247034
7294,5.336746719247034
7295,5.336746719247034
7296,5.336746719247034
7297,5.336746719247034
7298,5.336746719247034
7299,5.336746719247034
7300,5.336746719247034
7301,5.336746719247034
7302,5.336746719247034
7303,5.336746719247034
7304,5.336746719247034
7305,5.336746719247034
7306,5.336746719247034
7307,5.336746719247034
7308,5.336746719247034
7309,5.336746719247034
7310,5.336746719247034
7311,5.336746719247034
7312,5.336746719247034
7313,5.336746719247034
7314,5.336746719247034
7315,5.336746719247034
7316,5.336746719247034
7317,5.336746719247034
7318,5.336746719247034
7319,5.336746719247034
7320,5.336746719247034
7321,5.336746719247034
7322,5.336746719247034
7323,5.336746719247034
7324,5.336746719247034
7325,5.336746719247034
7326,5.336746719247034
7327,5.336746719247034
7328,5.336746719247034
7329,5.336746719247034
7330,5.336746719247034
7331,5.336746719247034
7332,5.336746719247034
7333,5.336746719247034
7334,5.336746719247034
7335,5.336746719247034
7336,5.336746719247034
7337,5.336746719247034
7338,5.336746719247034
7339,5.336746719247034
7340,5.336746719247034
7341,5.336746719247034
7342,5.336746719247034
7343,5.336746719247034
7344,5.336746719247034
7345,5.336746719247034
7346,5.336746719247034
7347,5.336746719247034
7348,5.336746719247034
7349,5.336746719247034
7350,5.336746719247034
7351,5.336746719247034
7352,5.336746719247034
7353,5.336746719247034
7354,5.336746719247034
7355,5.336746719247034
7356,5.336746719247034
7357,5.336746719247034
7358,5.336746719247034
7359,5.336746719247034
7360,5.336746719247034
7361,5.336746719247034
7362,5.336746719247034
7363,5.336746719247034
7364,5.336746719247034
7365,5.336746719247034
7366,5.336746719247034
7367,5.336746719247034
7368,5.336746719247034
7369,5.336746719247034
7370,5.336746719247034
7371,5.336746719247034
7372,5.336746719247034
7373,5.336746719247034
7374,5.336746719247034
7375,5.336746719247034
7376,5.336746719247034
7377,5.336746719247034
7378,5.336746719247034
7379,5.336746719247034
7380,5.336746719247034
7381,5.336746719247034
7382,5.336746719247034
7383,5.336746719247034
7384,5.336746719247034
7385,5.336746719247034
7386,5.336746719247034
7387,5.336746719247034
7388,5.336746719247034
7389,5.336746719247034
7390,5.336746719247034
7391,5.336746719247034
7392,5.336746719247034
7393,5.336746719247034
7394,5.336746719247034
7395,5.336746719247034
7396,5.336746719247034
7397,5.336746719247034
7398,5.336746719247034
7399,5.336746719247034
7400,5.336746719247034
7401,5.336746719247034
7402,5.336746719247034
7403,5.336746719247034
7404,5.336746719247034
7405,5.336746719247034
7406,5.336746719247034
7407,5.336746719247034
7408,5.336746719247034
7409,5.336746719247034
7410,5.336746719247034
7411,5.336746719247034
7412,5.336746719247034
7413,5.336746719247034
7414,5.336746719247034
7415,5.336746719247034
7416,5.336746719247034
7417,5.336746719247034
7418,5.336746719247034
7419,5.336746719247034
7420,5.336746719247034
7421,5.336746719247034
7422,5.336746719247034
7423,5.336746719247034
7424,5.336746719247034
7425,5.336746719247034
7426,5.336746719247034
7427,5.336746719247034
7428,5.336746719247034
7429,5.336746719247034
7430,5.336746719247034
7431,5.336746719247034
7432,5.336746719247034
7433,5.336746719247034
7434,5.336746719247034
7435,5.336746719247034
7436,5.336746719247034
7437,5.336746719247034
7438,5.336746719247034
7439,5.336746719247034
7440,5.336746719247034
7441,5.336746719247034
7442,5.336746719247034
7443,5.336746719247034
7444,5.336746719247034
7445,5.336746719247034
7446,5.336746719247034
7447,5.336746719247034
7448,5.336746719247034
7449,5.336746719247034
7450,5.336746719247034
7451,5.336746719247034
7452,5.336746719247034
7453,5.336746719247034
7454,5.336746719247034
7455,5.336746719247034
7456,5.336746719247034
7457,5.336746719247034
7458,5.336746719247034
7459,5.336746719247034
7460,5.336746719247034
7461,5.336746719247034
7462,5.336746719247034
7463,5.336746719247034
7464,5.336746719247034
7465,5.336746719247034
7466,5.336746719247034
7467,5.336746719247034
7468,5.336746719247034
7469,5.336746719247034
7470,5.336746719247034
7471,5.336746719247034
7472,5.336746719247034
7473,5.336746719247034
7474,5.336746719247034
7475,5.336746719247034
7476,5.336746719247034
7477,5.336746719247034
7478,5.336746719247034
7479,5.336746719247034
7480,5.336746719247034
7481,5.336746719247034
7482,5.336746719247034
7483,5.336746719247034
7484,5.336746719247034
7485,5.336746719247034
7486,5.336746719247034
7487,5.336746719247034
7488,5.336746719247034
7489,5.336746719247034
7490,5.336746719247034
7491,5.336746719247034
7492,5.336746719247034
7493,5.336746719247034
7494,5.336746719247034
7495,5.336746719247034
7496,5.336746719247034
7497,5.336746719247034
7498,5.336746719247034
7499,5.336746719247034
7500,5.336746719247034
7501,5.336746719247034
7502,5.336746719247034
7503,5.336746719247034
7504,5.336746719247034
7505,5.336746719247034
7506,5.336746719247034
7507,5.336746719247034
7508,5.336746719247034
7509,5.336746719247034
7510,5.336746719247034
7511,5.336746719247034
7512,5.336746719247034
7513,5.336746719247034
7514,5.336746719247034
7515,5.336746719247034
7516,5.336746719247034
7517,5.336746719247034
7518,5.336746719247034
7519,5.336746719247034
7520,5.336746719247034
7521,5.336746719247034
7522,5.336746719247034
7523,5.336746719247034
7524,5.336746719247034
7525,5.336746719247034
7526,5.336746719247034
7527,5.336746719247034
7528,5.336746719247034
7529,5.336746719247034
7530,5.336746719247034
7531,5.336746719247034
7532,5.336746719247034
7533,5.336746719247034
7534,5.336746719247034
7535,5.336746719247034
7536,5.336746719247034
7537,5.336746719247034
7538,5.336746719247034
7539,5.336746719247034
7540,5.336746719247034
7541,5.336746719247034
7542,5.336746719247034
7543,5.336746719247034
7544,5.336746719247034
7545,5.336746719247034
7546,5.336746719247034
7547,5.336746719247034
7548,5.336746719247034
7549,5.336746719247034
7550,5.336746719247034
7551,5.336746719247034
7552,5.336746719247034
7553,5.336746719247034
7554,5.336746719247034
7555,5.336746719247034
7556,5.336746719247034
7557,5.336746719247034
7558,5.336746719247034
7559,5.336746719247034
7560,5.336746719247034
7561,5.336746719247034
7562,5.336746719247034
7563,5.336746719247034
7564,5.336746719247034
7565,5.336746719247034
7566,5.336746719247034
7567,5.336746719247034
7568,5.336746719247034
7569,5.336746719247034
7570,5.336746719247034
7571,5.336746719247034
7572,5.336746719247034
7573,5.336746719247034
7574,5.336746719247034
7575,5.336746719247034
7576,5.336746719247034
7577,5.336746719247034
7578,5.336746719247034
7579,5.336746719247034
7580,5.336746719247034
7581,5.336746719247034
7582,5.336746719247034
7583,5.336746719247034
7584,5.336746719247034
7585,5.336746719247034
7586,5.336746719247034
7587,5.336746719247034
7588,5.336746719247034
7589,5.336746719247034
7590,5.336746719247034
7591,5.336746719247034
7592,5.336746719247034
7593,5.336746719247034
7594,5.336746719247034
7595,5.336746719247034
7596,5.336746719247034
7597,5.336746719247034
7598,5.336746719247034
7599,5.336746719247034
7600,5.336746719247034
7601,5.336746719247034
7602,5.336746719247034
7603,5.336746719247034
7604,5.336746719247034
7605,5.336746719247034
7606,5.336746719247034
7607,5.336746719247034
7608,5.336746719247034
7609,5.336746719247034
7610,5.336746719247034
7611,5.336746719247034
7612,5.336746719247034
7613,5.336746719247034
7614,5.336746719247034
7615,5.336746719247034
7616,5.336746719247034
7617,5.336746719247034
7618,5.336746719247034
7619,5.336746719247034
7620,5.336746719247034
7621,5.336746719247034
7622,5.336746719247034
7623,5.336746719247034
7624,5.336746719247034
7625,5.336746719247034
7626,5.336746719247034
7627,5.336746719247034
7628,5.336746719247034
7629,5.336746719247034
7630,5.336746719247034
7631,5.336746719247034
7632,5.336746719247034
7633,5.336746719247034
7634,5.336746719247034
7635,5.336746719247034
7636,5.336746719247034
7637,5.336746719247034
7638,5.336746719247034
7639,5.336746719247034
7640,5.336746719247034
7641,5.336746719247034
7642,5.336746719247034
7643,5.336746719247034
7644,5.336746719247034
7645,5.336746719247034
7646,5.336746719247034
7647,5.336746719247034
7648,5.336746719247034
7649,5.336746719247034
7650,5.336746719247034
7651,5.336746719247034
7652,5.336746719247034
7653,5.336746719247034
7654,5.336746719247034
7655,5.336746719247034
7656,5.336746719247034
7657,5.336746719247034
7658,5.336746719247034
7659,5.336746719247034
7660,5.336746719247034
7661,5.336746719247034
7662,5.336746719247034
7663,5.336746719247034
7664,5.336746719247034
7665,5.336746719247034
7666,5.336746719247034
7667,5.336746719247034
7668,5.336746719247034
7669,5.336746719247034
7670,5.336746719247034
7671,5.336746719247034
7672,5.336746719247034
7673,5.336746719247034
7674,5.336746719247034
7675,5.336746719247034
7676,5.336746719247034
7677,5.336746719247034
7678,5.336746719247034
7679,5.336746719247034
7680,5.336746719247034
7681,5.336746719247034
7682,5.336746719247034
7683,5.336746719247034
7684,5.336746719247034
7685,5.336746719247034
7686,5.336746719247034
7687,5.336746719247034
7688,5.336746719247034
7689,5.336746719247034
7690,5.336746719247034
7691,5.336746719247034
7692,5.336746719247034
7693,5.336746719247034
7694,5.336746719247034
7695,5.336746719247034
7696,5.336746719247034
7697,5.336746719247034
7698,5.336746719247034
7699,5.336746719247034
7700,5.336746719247034
7701,5.336746719247034
7702,5.336746719247034
7703,5.336746719247034
7704,5.336746719247034
7705,5.336746719247034
7706,5.336746719247034
7707,5.336746719247034
7708,5.336746719247034
7709,5.336746719247034
7710,5.336746719247034
7711,5.336746719247034
7712,5.336746719247034
7713,5.336746719247034
7714,5.336746719247034
7715,5.336746719247034
7716,5.336746719247034
7717,5.336746719247034
7718,5.336746719247034
7719,5.336746719247034
7720,5.336746719247034
7721,5.336746719247034
7722,5.336746719247034
7723,5.336746719247034
7724,5.336746719247034
7725,5.336746719247034
7726,5.336746719247034
7727,5.336746719247034
7728,5.336746719247034
7729,5.336746719247034
7730,5.336746719247034
7731,5.336746719247034
7732,5.336746719247034
7733,5.336746719247034
7734,5.336746719247034
7735,5.336746719247034
7736,5.336746719247034
7737,5.336746719247034
7738,5.336746719247034
7739,5.336746719247034
7740,5.336746719247034
7741,5.336746719247034
7742,5.336746719247034
7743,5.336746719247034
7744,5.336746719247034
7745,5.336746719247034
7746,5.336746719247034
7747,5.336746719247034
7748,5.336746719247034
7749,5.336746719247034
7750,5.336746719247034
7751,5.336746719247034
7752,5.336746719247034
7753,5.336746719247034
7754,5.336746719247034
7755,5.336746719247034
7756,5.336746719247034
7757,5.336746719247034
7758,5.336746719247034
7759,5.336746719247034
7760,5.336746719247034
7761,5.336746719247034
7762,5.336746719247034
7763,5.336746719247034
7764,5.336746719247034
7765,5.336746719247034
7766,5.336746719247034
7767,5.336746719247034
7768,5.336746719247034
7769,5.336746719247034
7770,5.336746719247034
7771,5.336746719247034
7772,5.336746719247034
7773,5.336746719247034
7774,5.336746719247034
7775,5.336746719247034
7776,5.336746719247034
7777,5.336746719247034
7778,5.336746719247034
7779,5.336746719247034
7780,5.336746719247034
7781,5.336746719247034
7782,5.336746719247034
7783,5.336746719247034
7784,5.336746719247034
7785,5.336746719247034
7786,5.336746719247034
7787,5.336746719247034
7788,5.336746719247034
7789,5.336746719247034
7790,5.336746719247034
7791,5.336746719247034
7792,5.336746719247034
7793,5.336746719247034
7794,5.336746719247034
7795,5.336746719247034
7796,5.336746719247034
7797,5.336746719247034
7798,5.336746719247034
7799,5.336746719247034
7800,5.336746719247034
7801,5.336746719247034
7802,5.336746719247034
7803,5.336746719247034
7804,5.336746719247034
7805,5.336746719247034
7806,5.336746719247034
7807,5.336746719247034
7808,5.336746719247034
7809,5.336746719247034
7810,5.336746719247034
7811,5.336746719247034
7812,5.336746719247034
7813,5.336746719247034
7814,5.336746719247034
7815,5.336746719247034
7816,5.336746719247034
7817,5.336746719247034
7818,5.336746719247034
7819,5.336746719247034
7820,5.336746719247034
7821,5.336746719247034
7822,5.336746719247034
7823,5.336746719247034
7824,5.336746719247034
7825,5.336746719247034
7826,5.336746719247034
7827,5.336746719247034
7828,5.336746719247034
7829,5.336746719247034
7830,5.336746719247034
7831,5.336746719247034
7832,5.336746719247034
7833,5.336746719247034
7834,5.336746719247034
7835,5.336746719247034
7836,5.336746719247034
7837,5.336746719247034
7838,5.336746719247034
7839,5.336746719247034
7840,5.336746719247034
7841,5.336746719247034
7842,5.336746719247034
7843,5.336746719247034
7844,5.336746719247034
7845,5.336746719247034
7846,5.336746719247034
7847,5.336746719247034
7848,5.336746719247034
7849,5.336746719247034
7850,5.336746719247034
7851,5.336746719247034
7852,5.336746719247034
7853,5.336746719247034
7854,5.336746719247034
7855,5.336746719247034
7856,5.336746719247034
7857,5.336746719247034
7858,5.336746719247034
7859,5.336746719247034
7860,5.336746719247034
7861,5.336746719247034
7862,5.336746719247034
7863,5.336746719247034
7864,5.336746719247034
7865,5.336746719247034
7866,5.336746719247034
7867,5.336746719247034
7868,5.336746719247034
7869,5.336746719247034
7870,5.336746719247034
7871,5.336746719247034
7872,5.336746719247034
7873,5.336746719247034
7874,5.336746719247034
7875,5.336746719247034
7876,5.336746719247034
7877,5.336746719247034
7878,5.336746719247034
7879,5.336746719247034
7880,5.336746719247034
7881,5.336746719247034
7882,5.336746719247034
7883,5.336746719247034
7884,5.336746719247034
7885,5.336746719247034
7886,5.336746719247034
7887,5.336746719247034
7888,5.336746719247034
7889,5.336746719247034
7890,5.336746719247034
7891,5.336746719247034
7892,5.336746719247034
7893,5.336746719247034
7894,5.336746719247034
7895,5.336746719247034
7896,5.336746719247034
7897,5.336746719247034
7898,5.336746719247034
7899,5.336746719247034
7900,5.336746719247034
7901,5.336746719247034
7902,5.336746719247034
7903,5.336746719247034
7904,5.336746719247034
7905,5.336746719247034
7906,5.336746719247034
7907,5.336746719247034
7908,5.336746719247034
7909,5.336746719247034
7910,5.336746719247034
7911,5.336746719247034
7912,5.336746719247034
7913,5.336746719247034
7914,5.336746719247034
7915,5.336746719247034
7916,5.336746719247034
7917,5.336746719247034
7918,5.336746719247034
7919,5.336746719247034
7920,5.336746719247034
7921,5.336746719247034
7922,5.336746719247034
7923,5.336746719247034
7924,5.336746719247034
7925,5.336746719247034
7926,5.336746719247034
7927,5.336746719247034
7928,5.336746719247034
7929,5.336746719247034
7930,5.336746719247034
7931,5.336746719247034
7932,5.336746719247034
7933,5.336746719247034
7934,5.336746719247034
7935,5.336746719247034
7936,5.336746719247034
7937,5.336746719247034
7938,5.336746719247034
7939,5.336746719247034
7940,5.336746719247034
7941,5.336746719247034
7942,5.336746719247034
7943,5.336746719247034
7944,5.336746719247034
7945,5.336746719247034
7946,5.336746719247034
7947,5.336746719247034
7948,5.336746719247034
7949,5.336746719247034
7950,5.336746719247034
7951,5.336746719247034
7952,5.336746719247034
7953,5.336746719247034
7954,5.336746719247034
7955,5.336746719247034
7956,5.336746719247034
7957,5.336746719247034
7958,5.336746719247034
7959,5.336746719247034
7960,5.336746719247034
7961,5.336746719247034
7962,5.336746719247034
7963,5.336746719247034
7964,5.336746719247034
7965,5.336746719247034
7966,5.336746719247034
7967,5.336746719247034
7968,5.336746719247034
7969,5.336746719247034
7970,5.336746719247034
7971,5.336746719247034
7972,5.336746719247034
7973,5.336746719247034
7974,5.336746719247034
7975,5.336746719247034
7976,5.336746719247034
7977,5.336746719247034
7978,5.336746719247034
7979,5.336746719247034
7980,5.336746719247034
7981,5.336746719247034
7982,5.336746719247034
7983,5.336746719247034
7984,5.336746719247034
7985,5.336746719247034
7986,5.336746719247034
7987,5.336746719247034
7988,5.336746719247034
7989,5.336746719247034
7990,5.336746719247034
7991,5.336746719247034
7992,5.336746719247034
7993,5.336746719247034
7994,5.336746719247034
7995,5.336746719247034
7996,5.336746719247034
7997,5.336746719247034
7998,5.336746719247034
7999,5.336746719247034
8000,5.336746719247034
8001,5.336746719247034
8002,5.336746719247034
8003,5.336746719247034
8004,5.336746719247034
8005,5.336746719247034
8006,5.336746719247034
8007,5.336746719247034
8008,5.336746719247034
8009,5.336746719247034
8010,5.336746719247034
8011,5.336746719247034
8012,5.336746719247034
8013,5.336746719247034
8014,5.336746719247034
8015,5.336746719247034
8016,5.336746719247034
8017,5.336746719247034
8018,5.336746719247034
8019,5.336746719247034
8020,5.336746719247034
8021,5.336746719247034
8022,5.336746719247034
8023,5.336746719247034
8024,5.336746719247034
8025,5.336746719247034
8026,5.336746719247034
8027,5.336746719247034
8028,5.336746719247034
8029,5.336746719247034
8030,5.336746719247034
8031,5.336746719247034
8032,5.336746719247034
8033,5.336746719247034
8034,5.336746719247034
8035,5.336746719247034
8036,5.336746719247034
8037,5.336746719247034
8038,5.336746719247034
8039,5.336746719247034
8040,5.336746719247034
8041,5.336746719247034
8042,5.336746719247034
8043,5.336746719247034
8044,5.336746719247034
8045,5.336746719247034
8046,5.336746719247034
8047,5.336746719247034
8048,5.336746719247034
8049,5.336746719247034
8050,5.336746719247034
8051,5.336746719247034
8052,5.336746719247034
8053,5.336746719247034
8054,5.336746719247034
8055,5.336746719247034
8056,5.336746719247034
8057,5.336746719247034
8058,5.336746719247034
8059,5.336746719247034
8060,5.336746719247034
8061,5.336746719247034
8062,5.336746719247034
8063,5.336746719247034
8064,5.336746719247034
8065,5.336746719247034
8066,5.336746719247034
8067,5.336746719247034
8068,5.336746719247034
8069,5.336746719247034
8070,5.336746719247034
8071,5.336746719247034
8072,5.336746719247034
8073,5.336746719247034
8074,5.336746719247034
8075,5.336746719247034
8076,5.336746719247034
8077,5.336746719247034
8078,5.336746719247034
8079,5.336746719247034
8080,5.336746719247034
8081,5.336746719247034
8082,5.336746719247034
8083,5.336746719247034
8084,5.336746719247034
8085,5.336746719247034
8086,5.336746719247034
8087,5.336746719247034
8088,5.336746719247034
8089,5.336746719247034
8090,5.336746719247034
8091,5.336746719247034
8092,5.336746719247034
8093,5.336746719247034
8094,5.336746719247034
8095,5.336746719247034
8096,5.336746719247034
8097,5.336746719247034
8098,5.336746719247034
8099,5.336746719247034
8100,5.336746719247034
8101,5.336746719247034
8102,5.336746719247034
8103,5.336746719247034
8104,5.336746719247034
8105,5.336746719247034
8106,5.336746719247034
8107,5.336746719247034
8108,5.336746719247034
8109,5.336746719247034
8110,5.336746719247034
8111,5.336746719247034
8112,5.336746719247034
8113,5.336746719247034
8114,5.336746719247034
8115,5.336746719247034
8116,5.336746719247034
8117,5.336746719247034
8118,5.336746719247034
8119,5.336746719247034
8120,5.336746719247034
8121,5.336746719247034
8122,5.336746719247034
8123,5.336746719247034
8124,5.336746719247034
8125,5.336746719247034
8126,5.336746719247034
8127,5.336746719247034
8128,5.336746719247034
8129,5.336746719247034
8130,5.336746719247034
8131,5.336746719247034
8132,5.336746719247034
8133,5.336746719247034
8134,5.336746719247034
8135,5.336746719247034
8136,5.336746719247034
8137,5.336746719247034
8138,5.336746719247034
8139,5.336746719247034
8140,5.336746719247034
8141,5.336746719247034
8142,5.336746719247034
8143,5.336746719247034
8144,5.336746719247034
8145,5.336746719247034
8146,5.336746719247034
8147,5.336746719247034
8148,5.336746719247034
8149,5.336746719247034
8150,5.336746719247034
8151,5.336746719247034
8152,5.336746719247034
8153,5.336746719247034
8154,5.336746719247034
8155,5.336746719247034
8156,5.336746719247034
8157,5.336746719247034
8158,5.336746719247034
8159,5.336746719247034
8160,5.336746719247034
8161,5.336746719247034
8162,5.336746719247034
8163,5.336746719247034
8164,5.336746719247034
8165,5.336746719247034
8166,5.336746719247034
8167,5.336746719247034
8168,5.336746719247034
8169,5.336746719247034
8170,5.336746719247034
8171,5.336746719247034
8172,5.336746719247034
8173,5.336746719247034
8174,5.336746719247034
8175,5.336746719247034
8176,5.336746719247034
8177,5.336746719247034
8178,5.336746719247034
8179,5.336746719247034
8180,5.336746719247034
8181,5.336746719247034
8182,5.336746719247034
8183,5.336746719247034
8184,5.336746719247034
8185,5.336746719247034
8186,5.336746719247034
8187,5.336746719247034
8188,5.336746719247034
8189,5.336746719247034
8190,5.336746719247034
8191,5.336746719247034
8192,5.336746719247034
8193,5.336746719247034
8194,5.336746719247034
8195,5.336746719247034
8196,5.336746719247034
8197,5.336746719247034
8198,5.336746719247034
8199,5.336746719247034
8200,5.336746719247034
8201,5.336746719247034
8202,5.336746719247034
8203,5.336746719247034
8204,5.336746719247034
8205,5.336746719247034
8206,5.336746719247034
8207,5.336746719247034
8208,5.336746719247034
8209,5.336746719247034
8210,5.336746719247034
8211,5.336746719247034
8212,5.336746719247034
8213,5.336746719247034
8214,5.336746719247034
8215,5.336746719247034
8216,5.336746719247034
8217,5.336746719247034
8218,5.336746719247034
8219,5.336746719247034
8220,5.336746719247034
8221,5.336746719247034
8222,5.336746719247034
8223,5.336746719247034
8224,5.336746719247034
8225,5.336746719247034
8226,5.336746719247034
8227,5.336746719247034
8228,5.336746719247034
8229,5.336746719247034
8230,5.336746719247034
8231,5.336746719247034
8232,5.336746719247034
8233,5.336746719247034
8234,5.336746719247034
8235,5.336746719247034
8236,5.336746719247034
8237,5.336746719247034
8238,5.336746719247034
8239,5.336746719247034
8240,5.336746719247034
8241,5.336746719247034
8242,5.336746719247034
8243,5.336746719247034
8244,5.336746719247034
8245,5.336746719247034
8246,5.336746719247034
8247,5.336746719247034
8248,5.336746719247034
8249,5.336746719247034
8250,5.336746719247034
8251,5.336746719247034
8252,5.336746719247034
8253,5.336746719247034
8254,5.336746719247034
8255,5.336746719247034
8256,5.336746719247034
8257,5.336746719247034
8258,5.336746719247034
8259,5.336746719247034
8260,5.336746719247034
8261,5.336746719247034
8262,5.336746719247034
8263,5.336746719247034
8264,5.336746719247034
8265,5.336746719247034
8266,5.336746719247034
8267,5.336746719247034
8268,5.336746719247034
8269,5.336746719247034
8270,5.336746719247034
8271,5.336746719247034
8272,5.336746719247034
8273,5.336746719247034
8274,5.336746719247034
8275,5.336746719247034
8276,5.336746719247034
8277,5.336746719247034
8278,5.336746719247034
8279,5.336746719247034
8280,5.336746719247034
8281,5.336746719247034
8282,5.336746719247034
8283,5.336746719247034
8284,5.336746719247034
8285,5.336746719247034
8286,5.336746719247034
8287,5.336746719247034
8288,5.336746719247034
8289,5.336746719247034
8290,5.336746719247034
8291,5.336746719247034
8292,5.336746719247034
8293,5.336746719247034
8294,5.336746719247034
8295,5.336746719247034
8296,5.336746719247034
8297,5.336746719247034
8298,5.336746719247034
8299,5.336746719247034
8300,5.336746719247034
8301,5.336746719247034
8302,5.336746719247034
8303,5.336746719247034
8304,5.336746719247034
8305,5.336746719247034
8306,5.336746719247034
8307,5.336746719247034
8308,5.336746719247034
8309,5.336746719247034
8310,5.336746719247034
8311,5.336746719247034
8312,5.336746719247034
8313,5.336746719247034
8314,5.336746719247034
8315,5.336746719247034
8316,5.336746719247034
8317,5.336746719247034
8318,5.336746719247034
8319,5.336746719247034
8320,5.336746719247034
8321,5.336746719247034
8322,5.336746719247034
8323,5.336746719247034
8324,5.336746719247034
8325,5.336746719247034
8326,5.336746719247034
8327,5.336746719247034
8328,5.336746719247034
8329,5.336746719247034
8330,5.336746719247034
8331,5.336746719247034
8332,5.336746719247034
8333,5.336746719247034
8334,5.336746719247034
8335,5.336746719247034
8336,5.336746719247034
8337,5.336746719247034
8338,5.336746719247034
8339,5.336746719247034
8340,5.336746719247034
8341,5.336746719247034
8342,5.336746719247034
8343,5.336746719247034
8344,5.336746719247034
8345,5.336746719247034
8346,5.336746719247034
8347,5.336746719247034
8348,5.336746719247034
8349,5.336746719247034
8350,5.336746719247034
8351,5.336746719247034
8352,5.336746719247034
8353,5.336746719247034
8354,5.336746719247034
8355,5.336746719247034
8356,5.336746719247034
8357,5.336746719247034
8358,5.336746719247034
8359,5.336746719247034
8360,5.336746719247034
8361,5.336746719247034
8362,5.336746719247034
8363,5.336746719247034
8364,5.336746719247034
8365,5.336746719247034
8366,5.336746719247034
8367,5.336746719247034
8368,5.336746719247034
8369,5.336746719247034
8370,5.336746719247034
8371,5.336746719247034
8372,5.336746719247034
8373,5.336746719247034
8374,5.336746719247034
8375,5.336746719247034
8376,5.336746719247034
8377,5.336746719247034
8378,5.336746719247034
8379,5.336746719247034
8380,5.336746719247034
8381,5.336746719247034
8382,5.336746719247034
8383,5.336746719247034
8384,5.336746719247034
8385,5.336746719247034
8386,5.336746719247034
8387,5.336746719247034
8388,5.336746719247034
8389,5.336746719247034
8390,5.336746719247034
8391,5.336746719247034
8392,5.336746719247034
8393,5.336746719247034
8394,5.336746719247034
8395,5.336746719247034
8396,5.336746719247034
8397,5.336746719247034
8398,5.336746719247034
8399,5.336746719247034
8400,5.336746719247034
8401,5.336746719247034
8402,5.336746719247034
8403,5.336746719247034
8404,5.336746719247034
8405,5.336746719247034
8406,5.336746719247034
8407,5.336746719247034
8408,5.336746719247034
8409,5.336746719247034
8410,5.336746719247034
8411,5.336746719247034
8412,5.336746719247034
8413,5.336746719247034
8414,5.336746719247034
8415,5.336746719247034
8416,5.336746719247034
8417,5.336746719247034
8418,5.336746719247034
8419,5.336746719247034
8420,5.336746719247034
8421,5.336746719247034
8422,5.336746719247034
8423,5.336746719247034
8424,5.336746719247034
8425,5.336746719247034
8426,5.336746719247034
8427,5.336746719247034
8428,5.336746719247034
8429,5.336746719247034
8430,5.336746719247034
8431,5.336746719247034
8432,5.336746719247034
8433,5.336746719247034
8434,5.336746719247034
8435,5.336746719247034
8436,5.336746719247034
8437,5.336746719247034
8438,5.336746719247034
8439,5.336746719247034
8440,5.336746719247034
8441,5.336746719247034
8442,5.336746719247034
8443,5.336746719247034
8444,5.336746719247034
8445,5.336746719247034
8446,5.336746719247034
8447,5.336746719247034
8448,5.336746719247034
8449,5.336746719247034
8450,5.336746719247034
8451,5.336746719247034
8452,5.336746719247034
8453,5.336746719247034
8454,5.336746719247034
8455,5.336746719247034
8456,5.336746719247034
8457,5.336746719247034
8458,5.336746719247034
8459,5.336746719247034
8460,5.336746719247034
8461,5.336746719247034
8462,5.336746719247034
8463,5.336746719247034
8464,5.336746719247034
8465,5.336746719247034
8466,5.336746719247034
8467,5.336746719247034
8468,5.336746719247034
8469,5.336746719247034
8470,5.336746719247034
8471,5.336746719247034
8472,5.336746719247034
8473,5.336746719247034
8474,5.336746719247034
8475,5.336746719247034
8476,5.336746719247034
8477,5.336746719247034
8478,5.336746719247034
8479,5.336746719247034
8480,5.336746719247034
8481,5.336746719247034
8482,5.336746719247034
8483,5.336746719247034
8484,5.336746719247034
8485,5.336746719247034
8486,5.336746719247034
8487,5.336746719247034
8488,5.336746719247034
8489,5.336746719247034
8490,5.336746719247034
8491,5.336746719247034
8492,5.336746719247034
8493,5.336746719247034
8494,5.336746719247034
8495,5.336746719247034
8496,5.336746719247034
8497,5.336746719247034
8498,5.336746719247034
8499,5.336746719247034
8500,5.336746719247034
8501,5.336746719247034
8502,5.336746719247034
8503,5.336746719247034
8504,5.336746719247034
8505,5.336746719247034
8506,5.336746719247034
8507,5.336746719247034
8508,5.336746719247034
8509,5.336746719247034
8510,5.336746719247034
8511,5.336746719247034
8512,5.336746719247034
8513,5.336746719247034
8514,5.336746719247034
8515,5.336746719247034
8516,5.336746719247034
8517,5.336746719247034
8518,5.336746719247034
8519,5.336746719247034
8520,5.336746719247034
8521,5.336746719247034
8522,5.336746719247034
8523,5.336746719247034
8524,5.336746719247034
8525,5.336746719247034
8526,5.336746719247034
8527,5.336746719247034
8528,5.336746719247034
8529,5.336746719247034
8530,5.336746719247034
8531,5.336746719247034
8532,5.336746719247034
8533,5.336746719247034
8534,5.336746719247034
8535,5.336746719247034
8536,5.336746719247034
8537,5.336746719247034
8538,5.336746719247034
8539,5.336746719247034
8540,5.336746719247034
8541,5.336746719247034
8542,5.336746719247034
8543,5.336746719247034
8544,5.336746719247034
8545,5.336746719247034
8546,5.336746719247034
8547,5.336746719247034
8548,5.336746719247034
8549,5.336746719247034
8550,5.336746719247034
8551,5.336746719247034
8552,5.336746719247034
8553,5.336746719247034
8554,5.336746719247034
8555,5.336746719247034
8556,5.336746719247034
8557,5.336746719247034
8558,5.336746719247034
8559,5.336746719247034
8560,5.336746719247034
8561,5.336746719247034
8562,5.336746719247034
8563,5.336746719247034
8564,5.336746719247034
8565,5.336746719247034
8566,5.336746719247034
8567,5.336746719247034
8568,5.336746719247034
8569,5.336746719247034
8570,5.336746719247034
8571,5.336746719247034
8572,5.336746719247034
8573,5.336746719247034
8574,5.336746719247034
8575,5.336746719247034
8576,5.336746719247034
8577,5.336746719247034
8578,5.336746719247034
8579,5.336746719247034
8580,5.336746719247034
8581,5.336746719247034
8582,5.336746719247034
8583,5.336746719247034
8584,5.336746719247034
8585,5.336746719247034
8586,5.336746719247034
8587,5.336746719247034
8588,5.336746719247034
8589,5.336746719247034
8590,5.336746719247034
8591,5.336746719247034
8592,5.336746719247034
8593,5.336746719247034
8594,5.336746719247034
8595,5.336746719247034
8596,5.336746719247034
8597,5.336746719247034
8598,5.336746719247034
8599,5.336746719247034
8600,5.336746719247034
8601,5.336746719247034
8602,5.336746719247034
8603,5.336746719247034
8604,5.336746719247034
8605,5.336746719247034
8606,5.336746719247034
8607,5.336746719247034
8608,5.336746719247034
8609,5.336746719247034
8610,5.336746719247034
8611,5.336746719247034
8612,5.336746719247034
8613,5.336746719247034
8614,5.336746719247034
8615,5.336746719247034
8616,5.336746719247034
8617,5.336746719247034
8618,5.336746719247034
8619,5.336746719247034
8620,5.336746719247034
8621,5.336746719247034
8622,5.336746719247034
8623,5.336746719247034
8624,5.336746719247034
8625,5.336746719247034
8626,5.336746719247034
8627,5.336746719247034
8628,5.336746719247034
8629,5.336746719247034
8630,5.336746719247034
8631,5.336746719247034
8632,5.336746719247034
8633,5.336746719247034
8634,5.336746719247034
8635,5.336746719247034
8636,5.336746719247034
8637,5.336746719247034
8638,5.336746719247034
8639,5.336746719247034
8640,5.336746719247034
8641,5.336746719247034
8642,5.336746719247034
8643,5.336746719247034
8644,5.336746719247034
8645,5.336746719247034
8646,5.336746719247034
8647,5.336746719247034
8648,5.336746719247034
8649,5.336746719247034
8650,5.336746719247034
8651,5.336746719247034
8652,5.336746719247034
8653,5.336746719247034
8654,5.336746719247034
8655,5.336746719247034
8656,5.336746719247034
8657,5.336746719247034
8658,5.336746719247034
8659,5.336746719247034
8660,5.336746719247034
8661,5.336746719247034
8662,5.336746719247034
8663,5.336746719247034
8664,5.336746719247034
8665,5.336746719247034
8666,5.336746719247034
8667,5.336746719247034
8668,5.336746719247034
8669,5.336746719247034
8670,5.336746719247034
8671,5.336746719247034
8672,5.336746719247034
8673,5.336746719247034
8674,5.336746719247034
8675,5.336746719247034
8676,5.336746719247034
8677,5.336746719247034
8678,5.336746719247034
8679,5.336746719247034
8680,5.336746719247034
8681,5.336746719247034
8682,5.336746719247034
8683,5.336746719247034
8684,5.336746719247034
8685,5.336746719247034
8686,5.336746719247034
8687,5.336746719247034
8688,5.336746719247034
8689,5.336746719247034
8690,5.336746719247034
8691,5.336746719247034
8692,5.336746719247034
8693,5.336746719247034
8694,5.336746719247034
8695,5.336746719247034
8696,5.336746719247034
8697,5.336746719247034
8698,5.336746719247034
8699,5.336746719247034
8700,5.336746719247034
8701,5.336746719247034
8702,5.336746719247034
8703,5.336746719247034
8704,5.336746719247034
8705,5.336746719247034
8706,5.336746719247034
8707,5.336746719247034
8708,5.336746719247034
8709,5.336746719247034
8710,5.336746719247034
8711,5.336746719247034
8712,5.336746719247034
8713,5.336746719247034
8714,5.336746719247034
8715,5.336746719247034
8716,5.336746719247034
8717,5.336746719247034
8718,5.336746719247034
8719,5.336746719247034
8720,5.336746719247034
8721,5.336746719247034
8722,5.336746719247034
8723,5.336746719247034
8724,5.336746719247034
8725,5.336746719247034
8726,5.336746719247034
8727,5.336746719247034
8728,5.336746719247034
8729,5.336746719247034
8730,5.336746719247034
8731,5.336746719247034
8732,5.336746719247034
8733,5.336746719247034
8734,5.336746719247034
8735,5.336746719247034
8736,5.336746719247034
8737,5.336746719247034
8738,5.336746719247034
8739,5.336746719247034
8740,5.336746719247034
8741,5.336746719247034
8742,5.336746719247034
8743,5.336746719247034
8744,5.336746719247034
8745,5.336746719247034
8746,5.336746719247034
8747,5.336746719247034
8748,5.336746719247034
8749,5.336746719247034
8750,5.336746719247034
8751,5.336746719247034
8752,5.336746719247034
8753,5.336746719247034
8754,5.336746719247034
8755,5.336746719247034
8756,5.336746719247034
8757,5.336746719247034
8758,5.336746719247034
8759,5.336746719247034
8760,5.336746719247034
8761,5.336746719247034
8762,5.336746719247034
8763,5.336746719247034
8764,5.336746719247034
8765,5.336746719247034
8766,5.336746719247034
8767,5.336746719247034
8768,5.336746719247034
8769,5.336746719247034
8770,5.336746719247034
8771,5.336746719247034
8772,5.336746719247034
8773,5.336746719247034
8774,5.336746719247034
8775,5.336746719247034
8776,5.336746719247034
8777,5.336746719247034
8778,5.336746719247034
8779,5.336746719247034
8780,5.336746719247034
8781,5.336746719247034
8782,5.336746719247034
8783,5.336746719247034
8784,5.336746719247034
8785,5.336746719247034
8786,5.336746719247034
8787,5.336746719247034
8788,5.336746719247034
8789,5.336746719247034
8790,5.336746719247034
8791,5.336746719247034
8792,5.336746719247034
8793,5.336746719247034
8794,5.336746719247034
8795,5.336746719247034
8796,5.336746719247034
8797,5.336746719247034
8798,5.336746719247034
8799,5.336746719247034
8800,5.336746719247034
8801,5.336746719247034
8802,5.336746719247034
8803,5.336746719247034
8804,5.336746719247034
8805,5.336746719247034
8806,5.336746719247034
8807,5.336746719247034
8808,5.336746719247034
8809,5.336746719247034
8810,5.336746719247034
8811,5.336746719247034
8812,5.336746719247034
8813,5.336746719247034
8814,5.336746719247034
8815,5.336746719247034
8816,5.336746719247034
8817,5.336746719247034
8818,5.336746719247034
8819,5.336746719247034
8820,5.336746719247034
8821,5.336746719247034
8822,5.336746719247034
8823,5.336746719247034
8824,5.336746719247034
8825,5.336746719247034
8826,5.336746719247034
8827,5.336746719247034
8828,5.336746719247034
8829,5.336746719247034
8830,5.336746719247034
8831,5.336746719247034
8832,5.336746719247034
8833,5.336746719247034
8834,5.336746719247034
8835,5.336746719247034
8836,5.336746719247034
8837,5.336746719247034
8838,5.336746719247034
8839,5.336746719247034
8840,5.336746719247034
8841,5.336746719247034
8842,5.336746719247034
8843,5.336746719247034
8844,5.336746719247034
8845,5.336746719247034
8846,5.336746719247034
8847,5.336746719247034
8848,5.336746719247034
8849,5.336746719247034
8850,5.336746719247034
8851,5.336746719247034
8852,5.336746719247034
8853,5.336746719247034
8854,5.336746719247034
8855,5.336746719247034
8856,5.336746719247034
8857,5.336746719247034
8858,5.336746719247034
8859,5.336746719247034
8860,5.336746719247034
8861,5.336746719247034
8862,5.336746719247034
8863,5.336746719247034
8864,5.336746719247034
8865,5.336746719247034
8866,5.336746719247034
8867,5.336746719247034
8868,5.336746719247034
8869,5.336746719247034
8870,5.336746719247034
8871,5.336746719247034
8872,5.336746719247034
8873,5.336746719247034
8874,5.336746719247034
8875,5.336746719247034
8876,5.336746719247034
8877,5.336746719247034
8878,5.336746719247034
8879,5.336746719247034
8880,5.336746719247034
8881,5.336746719247034
8882,5.336746719247034
8883,5.336746719247034
8884,5.336746719247034
8885,5.336746719247034
8886,5.336746719247034
8887,5.336746719247034
8888,5.336746719247034
8889,5.336746719247034
8890,5.336746719247034
8891,5.336746719247034
8892,5.336746719247034
8893,5.336746719247034
8894,5.336746719247034
8895,5.336746719247034
8896,5.336746719247034
8897,5.336746719247034
8898,5.336746719247034
8899,5.336746719247034
8900,5.336746719247034
8901,5.336746719247034
8902,5.336746719247034
8903,5.336746719247034
8904,5.336746719247034
8905,5.336746719247034
8906,5.336746719247034
8907,5.336746719247034
8908,5.336746719247034
8909,5.336746719247034
8910,5.336746719247034
8911,5.336746719247034
8912,5.336746719247034
8913,5.336746719247034
8914,5.336746719247034
8915,5.336746719247034
8916,5.336746719247034
8917,5.336746719247034
8918,5.336746719247034
8919,5.336746719247034
8920,5.336746719247034
8921,5.336746719247034
8922,5.336746719247034
8923,5.336746719247034
8924,5.336746719247034
8925,5.336746719247034
8926,5.336746719247034
8927,5.336746719247034
8928,5.336746719247034
8929,5.336746719247034
8930,5.336746719247034
8931,5.336746719247034
8932,5.336746719247034
8933,5.336746719247034
8934,5.336746719247034
8935,5.336746719247034
8936,5.336746719247034
8937,5.336746719247034
8938,5.336746719247034
8939,5.336746719247034
8940,5.336746719247034
8941,5.336746719247034
8942,5.336746719247034
8943,5.336746719247034
8944,5.336746719247034
8945,5.336746719247034
8946,5.336746719247034
8947,5.336746719247034
8948,5.336746719247034
8949,5.336746719247034
8950,5.336746719247034
8951,5.336746719247034
8952,5.336746719247034
8953,5.336746719247034
8954,5.336746719247034
8955,5.336746719247034
8956,5.336746719247034
8957,5.336746719247034
8958,5.336746719247034
8959,5.336746719247034
8960,5.336746719247034
8961,5.336746719247034
8962,5.336746719247034
8963,5.336746719247034
8964,5.336746719247034
8965,5.336746719247034
8966,5.336746719247034
8967,5.336746719247034
8968,5.336746719247034
8969,5.336746719247034
8970,5.336746719247034
8971,5.336746719247034
8972,5.336746719247034
8973,5.336746719247034
8974,5.336746719247034
8975,5.336746719247034
8976,5.336746719247034
8977,5.336746719247034
8978,5.336746719247034
8979,5.336746719247034
8980,5.336746719247034
8981,5.336746719247034
8982,5.336746719247034
8983,5.336746719247034
8984,5.336746719247034
8985,5.336746719247034
8986,5.336746719247034
8987,5.336746719247034
8988,5.336746719247034
8989,5.336746719247034
8990,5.336746719247034
8991,5.336746719247034
8992,5.336746719247034
8993,5.336746719247034
8994,5.336746719247034
8995,5.336746719247034
8996,5.336746719247034
8997,5.336746719247034
8998,5.336746719247034
8999,5.336746719247034
9000,5.336746719247034
9001,5.336746719247034
9002,5.336746719247034
9003,5.336746719247034
9004,5.336746719247034
9005,5.336746719247034
9006,5.336746719247034
9007,5.336746719247034
9008,5.336746719247034
9009,5.336746719247034
9010,5.336746719247034
9011,5.336746719247034
9012,5.336746719247034
9013,5.336746719247034
9014,5.336746719247034
9015,5.336746719247034
9016,5.336746719247034
9017,5.336746719247034
9018,5.336746719247034
9019,5.336746719247034
9020,5.336746719247034
9021,5.336746719247034
9022,5.336746719247034
9023,5.336746719247034
9024,5.336746719247034
9025,5.336746719247034
9026,5.336746719247034
9027,5.336746719247034
9028,5.336746719247034
9029,5.336746719247034
9030,5.336746719247034
9031,5.336746719247034
9032,5.336746719247034
9033,5.336746719247034
9034,5.336746719247034
9035,5.336746719247034
9036,5.336746719247034
9037,5.336746719247034
9038,5.336746719247034
9039,5.336746719247034
9040,5.336746719247034
9041,5.336746719247034
9042,5.336746719247034
9043,5.336746719247034
9044,5.336746719247034
9045,5.336746719247034
9046,5.336746719247034
9047,5.336746719247034
9048,5.336746719247034
9049,5.336746719247034
9050,5.336746719247034
9051,5.336746719247034
9052,5.336746719247034
9053,5.336746719247034
9054,5.336746719247034
9055,5.336746719247034
9056,5.336746719247034
9057,5.336746719247034
9058,5.336746719247034
9059,5.336746719247034
9060,5.336746719247034
9061,5.336746719247034
9062,5.336746719247034
9063,5.336746719247034
9064,5.336746719247034
9065,5.336746719247034
9066,5.336746719247034
9067,5.336746719247034
9068,5.336746719247034
9069,5.336746719247034
9070,5.336746719247034
9071,5.336746719247034
9072,5.336746719247034
9073,5.336746719247034
9074,5.336746719247034
9075,5.336746719247034
9076,5.336746719247034
9077,5.336746719247034
9078,5.336746719247034
9079,5.336746719247034
9080,5.336746719247034
9081,5.336746719247034
9082,5.336746719247034
9083,5.336746719247034
9084,5.336746719247034
9085,5.336746719247034
9086,5.336746719247034
9087,5.336746719247034
9088,5.336746719247034
9089,5.336746719247034
9090,5.336746719247034
9091,5.336746719247034
9092,5.336746719247034
9093,5.336746719247034
9094,5.336746719247034
9095,5.336746719247034
9096,5.336746719247034
9097,5.336746719247034
9098,5.336746719247034
9099,5.336746719247034
9100,5.336746719247034
9101,5.336746719247034
9102,5.336746719247034
9103,5.336746719247034
9104,5.336746719247034
9105,5.336746719247034
9106,5.336746719247034
9107,5.336746719247034
9108,5.336746719247034
9109,5.336746719247034
9110,5.336746719247034
9111,5.336746719247034
9112,5.336746719247034
9113,5.336746719247034
9114,5.336746719247034
9115,5.336746719247034
9116,5.336746719247034
9117,5.336746719247034
9118,5.336746719247034
9119,5.336746719247034
9120,5.336746719247034
9121,5.336746719247034
9122,5.336746719247034
9123,5.336746719247034
9124,5.336746719247034
9125,5.336746719247034
9126,5.336746719247034
9127,5.336746719247034
9128,5.336746719247034
9129,5.336746719247034
9130,5.336746719247034
9131,5.336746719247034
9132,5.336746719247034
9133,5.336746719247034
9134,5.336746719247034
9135,5.336746719247034
9136,5.336746719247034
9137,5.336746719247034
9138,5.336746719247034
9139,5.336746719247034
9140,5.336746719247034
9141,5.336746719247034
9142,5.336746719247034
9143,5.336746719247034
9144,5.336746719247034
9145,5.336746719247034
9146,5.336746719247034
9147,5.336746719247034
9148,5.336746719247034
9149,5.336746719247034
9150,5.336746719247034
9151,5.336746719247034
9152,5.336746719247034
9153,5.336746719247034
9154,5.336746719247034
9155,5.336746719247034
9156,5.336746719247034
9157,5.336746719247034
9158,5.336746719247034
9159,5.336746719247034
9160,5.336746719247034
9161,5.336746719247034
9162,5.336746719247034
9163,5.336746719247034
9164,5.336746719247034
9165,5.336746719247034
9166,5.336746719247034
9167,5.336746719247034
9168,5.336746719247034
9169,5.336746719247034
9170,5.336746719247034
9171,5.336746719247034
9172,5.336746719247034
9173,5.336746719247034
9174,5.336746719247034
9175,5.336746719247034
9176,5.336746719247034
9177,5.336746719247034
9178,5.336746719247034
9179,5.336746719247034
9180,5.336746719247034
9181,5.336746719247034
9182,5.336746719247034
9183,5.336746719247034
9184,5.336746719247034
9185,5.336746719247034
9186,5.336746719247034
9187,5.336746719247034
9188,5.336746719247034
9189,5.336746719247034
9190,5.336746719247034
9191,5.336746719247034
9192,5.336746719247034
9193,5.336746719247034
9194,5.336746719247034
9195,5.336746719247034
9196,5.336746719247034
9197,5.336746719247034
9198,5.336746719247034
9199,5.336746719247034
9200,5.336746719247034
9201,5.336746719247034
9202,5.336746719247034
9203,5.336746719247034
9204,5.336746719247034
9205,5.336746719247034
9206,5.336746719247034
9207,5.336746719247034
9208,5.336746719247034
9209,5.336746719247034
9210,5.336746719247034
9211,5.336746719247034
9212,5.336746719247034
9213,5.336746719247034
9214,5.336746719247034
9215,5.336746719247034
9216,5.336746719247034
9217,5.336746719247034
9218,5.336746719247034
9219,5.336746719247034
9220,5.336746719247034
9221,5.336746719247034
9222,5.336746719247034
9223,5.336746719247034
9224,5.336746719247034
9225,5.336746719247034
9226,5.336746719247034
9227,5.336746719247034
9228,5.336746719247034
9229,5.336746719247034
9230,5.336746719247034
9231,5.336746719247034
9232,5.336746719247034
9233,5.336746719247034
9234,5.336746719247034
9235,5.336746719247034
9236,5.336746719247034
9237,5.336746719247034
9238,5.336746719247034
9239,5.336746719247034
9240,5.336746719247034
9241,5.336746719247034
9242,5.336746719247034
9243,5.336746719247034
9244,5.336746719247034
9245,5.336746719247034
9246,5.336746719247034
9247,5.336746719247034
9248,5.336746719247034
9249,5.336746719247034
9250,5.336746719247034
9251,5.336746719247034
9252,5.336746719247034
9253,5.336746719247034
9254,5.336746719247034
9255,5.336746719247034
9256,5.336746719247034
9257,5.336746719247034
9258,5.336746719247034
9259,5.336746719247034
9260,5.336746719247034
9261,5.336746719247034
9262,5.336746719247034
9263,5.336746719247034
9264,5.336746719247034
9265,5.336746719247034
9266,5.336746719247034
9267,5.336746719247034
9268,5.336746719247034
9269,5.336746719247034
9270,5.336746719247034
9271,5.336746719247034
9272,5.336746719247034
9273,5.336746719247034
9274,5.336746719247034
9275,5.336746719247034
9276,5.336746719247034
9277,5.336746719247034
9278,5.336746719247034
9279,5.336746719247034
9280,5.336746719247034
9281,5.336746719247034
9282,5.336746719247034
9283,5.336746719247034
9284,5.336746719247034
9285,5.336746719247034
9286,5.336746719247034
9287,5.336746719247034
9288,5.336746719247034
9289,5.336746719247034
9290,5.336746719247034
9291,5.336746719247034
9292,5.336746719247034
9293,5.336746719247034
9294,5.336746719247034
9295,5.336746719247034
9296,5.336746719247034
9297,5.336746719247034
9298,5.336746719247034
9299,5.336746719247034
9300,5.336746719247034
9301,5.336746719247034
9302,5.336746719247034
9303,5.336746719247034
9304,5.336746719247034
9305,5.336746719247034
9306,5.336746719247034
9307,5.336746719247034
9308,5.336746719247034
9309,5.336746719247034
9310,5.336746719247034
9311,5.336746719247034
9312,5.336746719247034
9313,5.336746719247034
9314,5.336746719247034
9315,5.336746719247034
9316,5.336746719247034
9317,5.336746719247034
9318,5.336746719247034
9319,5.336746719247034
9320,5.336746719247034
9321,5.336746719247034
9322,5.336746719247034
9323,5.336746719247034
9324,5.336746719247034
9325,5.336746719247034
9326,5.336746719247034
9327,5.336746719247034
9328,5.336746719247034
9329,5.336746719247034
9330,5.336746719247034
9331,5.336746719247034
9332,5.336746719247034
9333,5.336746719247034
9334,5.336746719247034
9335,5.336746719247034
9336,5.336746719247034
9337,5.336746719247034
9338,5.336746719247034
9339,5.336746719247034
9340,5.336746719247034
9341,5.336746719247034
9342,5.336746719247034
9343,5.336746719247034
9344,5.336746719247034
9345,5.336746719247034
9346,5.336746719247034
9347,5.336746719247034
9348,5.336746719247034
9349,5.336746719247034
9350,5.336746719247034
9351,5.336746719247034
9352,5.336746719247034
9353,5.336746719247034
9354,5.336746719247034
9355,5.336746719247034
9356,5.336746719247034
9357,5.336746719247034
9358,5.336746719247034
9359,5.336746719247034
9360,5.336746719247034
9361,5.336746719247034
9362,5.336746719247034
9363,5.336746719247034
9364,5.336746719247034
9365,5.336746719247034
9366,5.336746719247034
9367,5.336746719247034
9368,5.336746719247034
9369,5.336746719247034
9370,5.336746719247034
9371,5.336746719247034
9372,5.336746719247034
9373,5.336746719247034
9374,5.336746719247034
9375,5.336746719247034
9376,5.336746719247034
9377,5.336746719247034
9378,5.336746719247034
9379,5.336746719247034
9380,5.336746719247034
9381,5.336746719247034
9382,5.336746719247034
9383,5.336746719247034
9384,5.336746719247034
9385,5.336746719247034
9386,5.336746719247034
9387,5.336746719247034
9388,5.336746719247034
9389,5.336746719247034
9390,5.336746719247034
9391,5.336746719247034
9392,5.336746719247034
9393,5.336746719247034
9394,5.336746719247034
9395,5.336746719247034
9396,5.336746719247034
9397,5.336746719247034
9398,5.336746719247034
9399,5.336746719247034
9400,5.336746719247034
9401,5.336746719247034
9402,5.336746719247034
9403,5.336746719247034
9404,5.336746719247034
9405,5.336746719247034
9406,5.336746719247034
9407,5.336746719247034
9408,5.336746719247034
9409,5.336746719247034
9410,5.336746719247034
9411,5.336746719247034
9412,5.336746719247034
9413,5.336746719247034
9414,5.336746719247034
9415,5.336746719247034
9416,5.336746719247034
9417,5.336746719247034
9418,5.336746719247034
9419,5.336746719247034
9420,5.336746719247034
9421,5.336746719247034
9422,5.336746719247034
9423,5.336746719247034
9424,5.336746719247034
9425,5.336746719247034
9426,5.336746719247034
9427,5.336746719247034
9428,5.336746719247034
9429,5.336746719247034
9430,5.336746719247034
9431,5.336746719247034
9432,5.336746719247034
9433,5.336746719247034
9434,5.336746719247034
9435,5.336746719247034
9436,5.336746719247034
9437,5.336746719247034
9438,5.336746719247034
9439,5.336746719247034
9440,5.336746719247034
9441,5.336746719247034
9442,5.336746719247034
9443,5.336746719247034
9444,5.336746719247034
9445,5.336746719247034
9446,5.336746719247034
9447,5.336746719247034
9448,5.336746719247034
9449,5.336746719247034
9450,5.336746719247034
9451,5.336746719247034
9452,5.336746719247034
9453,5.336746719247034
9454,5.336746719247034
9455,5.336746719247034
9456,5.336746719247034
9457,5.336746719247034
9458,5.336746719247034
9459,5.336746719247034
9460,5.336746719247034
9461,5.336746719247034
9462,5.336746719247034
9463,5.336746719247034
9464,5.336746719247034
9465,5.336746719247034
9466,5.336746719247034
9467,5.336746719247034
9468,5.336746719247034
9469,5.336746719247034
9470,5.336746719247034
9471,5.336746719247034
9472,5.336746719247034
9473,5.336746719247034
9474,5.336746719247034
9475,5.336746719247034
9476,5.336746719247034
9477,5.336746719247034
9478,5.336746719247034
9479,5.336746719247034
9480,5.336746719247034
9481,5.336746719247034
9482,5.336746719247034
9483,5.336746719247034
9484,5.336746719247034
9485,5.336746719247034
9486,5.336746719247034
9487,5.336746719247034
9488,5.336746719247034
9489,5.336746719247034
9490,5.336746719247034
9491,5.336746719247034
9492,5.336746719247034
9493,5.336746719247034
9494,5.336746719247034
9495,5.336746719247034
9496,5.336746719247034
9497,5.336746719247034
9498,5.336746719247034
9499,5.336746719247034
9500,5.336746719247034
9501,5.336746719247034
9502,5.336746719247034
9503,5.336746719247034
9504,5.336746719247034
9505,5.336746719247034
9506,5.336746719247034
9507,5.336746719247034
9508,5.336746719247034
9509,5.336746719247034
9510,5.336746719247034
9511,5.336746719247034
9512,5.336746719247034
9513,5.336746719247034
9514,5.336746719247034
9515,5.336746719247034
9516,5.336746719247034
9517,5.336746719247034
9518,5.336746719247034
9519,5.336746719247034
9520,5.336746719247034
9521,5.336746719247034
9522,5.336746719247034
9523,5.336746719247034
9524,5.336746719247034
9525,5.336746719247034
9526,5.336746719247034
9527,5.336746719247034
9528,5.336746719247034
9529,5.336746719247034
9530,5.336746719247034
9531,5.336746719247034
9532,5.336746719247034
9533,5.336746719247034
9534,5.336746719247034
9535,5.336746719247034
9536,5.336746719247034
9537,5.336746719247034
9538,5.336746719247034
9539,5.336746719247034
9540,5.336746719247034
9541,5.336746719247034
9542,5.336746719247034
9543,5.336746719247034
9544,5.336746719247034
9545,5.336746719247034
9546,5.336746719247034
9547,5.336746719247034
9548,5.336746719247034
9549,5.336746719247034
9550,5.336746719247034
9551,5.336746719247034
9552,5.336746719247034
9553,5.336746719247034
9554,5.336746719247034
9555,5.336746719247034
9556,5.336746719247034
9557,5.336746719247034
9558,5.336746719247034
9559,5.336746719247034
9560,5.336746719247034
9561,5.336746719247034
9562,5.336746719247034
9563,5.336746719247034
9564,5.336746719247034
9565,5.336746719247034
9566,5.336746719247034
9567,5.336746719247034
9568,5.336746719247034
9569,5.336746719247034
9570,5.336746719247034
9571,5.336746719247034
9572,5.336746719247034
9573,5.336746719247034
9574,5.336746719247034
9575,5.336746719247034
9576,5.336746719247034
9577,5.336746719247034
9578,5.336746719247034
9579,5.336746719247034
9580,5.336746719247034
9581,5.336746719247034
9582,5.336746719247034
9583,5.336746719247034
9584,5.336746719247034
9585,5.336746719247034
9586,5.336746719247034
9587,5.336746719247034
9588,5.336746719247034
9589,5.336746719247034
9590,5.336746719247034
9591,5.336746719247034
9592,5.336746719247034
9593,5.336746719247034
9594,5.336746719247034
9595,5.336746719247034
9596,5.336746719247034
9597,5.336746719247034
9598,5.336746719247034
9599,5.336746719247034
9600,5.336746719247034
9601,5.336746719247034
9602,5.336746719247034
9603,5.336746719247034
9604,5.336746719247034
9605,5.336746719247034
9606,5.336746719247034
9607,5.336746719247034
9608,5.336746719247034
9609,5.336746719247034
9610,5.336746719247034
9611,5.336746719247034
9612,5.336746719247034
9613,5.336746719247034
9614,5.336746719247034
9615,5.336746719247034
9616,5.336746719247034
9617,5.336746719247034
9618,5.336746719247034
9619,5.336746719247034
9620,5.336746719247034
9621,5.336746719247034
9622,5.336746719247034
9623,5.336746719247034
9624,5.336746719247034
9625,5.336746719247034
9626,5.336746719247034
9627,5.336746719247034
9628,5.336746719247034
9629,5.336746719247034
9630,5.336746719247034
9631,5.336746719247034
9632,5.336746719247034
9633,5.336746719247034
9634,5.336746719247034
9635,5.336746719247034
9636,5.336746719247034
9637,5.336746719247034
9638,5.336746719247034
9639,5.336746719247034
9640,5.336746719247034
9641,5.336746719247034
9642,5.336746719247034
9643,5.336746719247034
9644,5.336746719247034
9645,5.336746719247034
9646,5.336746719247034
9647,5.336746719247034
9648,5.336746719247034
9649,5.336746719247034
9650,5.336746719247034
9651,5.336746719247034
9652,5.336746719247034
9653,5.336746719247034
9654,5.336746719247034
9655,5.336746719247034
9656,5.336746719247034
9657,5.336746719247034
9658,5.336746719247034
9659,5.336746719247034
9660,5.336746719247034
9661,5.336746719247034
9662,5.336746719247034
9663,5.336746719247034
9664,5.336746719247034
9665,5.336746719247034
9666,5.336746719247034
9667,5.336746719247034
9668,5.336746719247034
9669,5.336746719247034
9670,5.336746719247034
9671,5.336746719247034
9672,5.336746719247034
9673,5.336746719247034
9674,5.336746719247034
9675,5.336746719247034
9676,5.336746719247034
9677,5.336746719247034
9678,5.336746719247034
9679,5.336746719247034
9680,5.336746719247034
9681,5.336746719247034
9682,5.336746719247034
9683,5.336746719247034
9684,5.336746719247034
9685,5.336746719247034
9686,5.336746719247034
9687,5.336746719247034
9688,5.336746719247034
9689,5.336746719247034
9690,5.336746719247034
9691,5.336746719247034
9692,5.336746719247034
9693,5.336746719247034
9694,5.336746719247034
9695,5.336746719247034
9696,5.336746719247034
9697,5.336746719247034
9698,5.336746719247034
9699,5.336746719247034
9700,5.336746719247034
9701,5.336746719247034
9702,5.336746719247034
9703,5.336746719247034
9704,5.336746719247034
9705,5.336746719247034
9706,5.336746719247034
9707,5.336746719247034
9708,5.336746719247034
9709,5.336746719247034
9710,5.336746719247034
9711,5.336746719247034
9712,5.336746719247034
9713,5.336746719247034
9714,5.336746719247034
9715,5.336746719247034
9716,5.336746719247034
9717,5.336746719247034
9718,5.336746719247034
9719,5.336746719247034
9720,5.336746719247034
9721,5.336746719247034
9722,5.336746719247034
9723,5.336746719247034
9724,5.336746719247034
9725,5.336746719247034
9726,5.336746719247034
9727,5.336746719247034
9728,5.336746719247034
9729,5.336746719247034
9730,5.336746719247034
9731,5.336746719247034
9732,5.336746719247034
9733,5.336746719247034
9734,5.336746719247034
9735,5.336746719247034
9736,5.336746719247034
9737,5.336746719247034
9738,5.336746719247034
9739,5.336746719247034
9740,5.336746719247034
9741,5.336746719247034
9742,5.336746719247034
9743,5.336746719247034
9744,5.336746719247034
9745,5.336746719247034
9746,5.336746719247034
9747,5.336746719247034
9748,5.336746719247034
9749,5.336746719247034
9750,5.336746719247034
9751,5.336746719247034
9752,5.336746719247034
9753,5.336746719247034
9754,5.336746719247034
9755,5.336746719247034
9756,5.336746719247034
9757,5.336746719247034
9758,5.336746719247034
9759,5.336746719247034
9760,5.336746719247034
9761,5.336746719247034
9762,5.336746719247034
9763,5.336746719247034
9764,5.336746719247034
9765,5.336746719247034
9766,5.336746719247034
9767,5.336746719247034
9768,5.336746719247034
9769,5.336746719247034
9770,5.336746719247034
9771,5.336746719247034
9772,5.336746719247034
9773,5.336746719247034
9774,5.336746719247034
9775,5.336746719247034
9776,5.336746719247034
9777,5.336746719247034
9778,5.336746719247034
9779,5.336746719247034
9780,5.336746719247034
9781,5.336746719247034
9782,5.336746719247034
9783,5.336746719247034
9784,5.336746719247034
9785,5.336746719247034
9786,5.336746719247034
9787,5.336746719247034
9788,5.336746719247034
9789,5.336746719247034
9790,5.336746719247034
9791,5.336746719247034
9792,5.336746719247034
9793,5.336746719247034
9794,5.336746719247034
9795,5.336746719247034
9796,5.336746719247034
9797,5.336746719247034
9798,5.336746719247034
9799,5.336746719247034
9800,5.336746719247034
9801,5.336746719247034
9802,5.336746719247034
9803,5.336746719247034
9804,5.336746719247034
9805,5.336746719247034
9806,5.336746719247034
9807,5.336746719247034
9808,5.336746719247034
9809,5.336746719247034
9810,5.336746719247034
9811,5.336746719247034
9812,5.336746719247034
9813,5.336746719247034
9814,5.336746719247034
9815,5.336746719247034
9816,5.336746719247034
9817,5.336746719247034
9818,5.336746719247034
9819,5.336746719247034
9820,5.336746719247034
9821,5.336746719247034
9822,5.336746719247034
9823,5.336746719247034
9824,5.336746719247034
9825,5.336746719247034
9826,5.336746719247034
9827,5.336746719247034
9828,5.336746719247034
9829,5.336746719247034
9830,5.336746719247034
9831,5.336746719247034
9832,5.336746719247034
9833,5.336746719247034
9834,5.336746719247034
9835,5.336746719247034
9836,5.336746719247034
9837,5.336746719247034
9838,5.336746719247034
9839,5.336746719247034
9840,5.336746719247034
9841,5.336746719247034
9842,5.336746719247034
9843,5.336746719247034
9844,5.336746719247034
9845,5.336746719247034
9846,5.336746719247034
9847,5.336746719247034
9848,5.336746719247034
9849,5.336746719247034
9850,5.336746719247034
9851,5.336746719247034
9852,5.336746719247034
9853,5.336746719247034
9854,5.336746719247034
9855,5.336746719247034
9856,5.336746719247034
9857,5.336746719247034
9858,5.336746719247034
9859,5.336746719247034
9860,5.336746719247034
9861,5.336746719247034
9862,5.336746719247034
9863,5.336746719247034
9864,5.336746719247034
9865,5.336746719247034
9866,5.336746719247034
9867,5.336746719247034
9868,5.336746719247034
9869,5.336746719247034
9870,5.336746719247034
9871,5.336746719247034
9872,5.336746719247034
9873,5.336746719247034
9874,5.336746719247034
9875,5.336746719247034
9876,5.336746719247034
9877,5.336746719247034
9878,5.336746719247034
9879,5.336746719247034
9880,5.336746719247034
9881,5.336746719247034
9882,5.336746719247034
9883,5.336746719247034
9884,5.336746719247034
9885,5.336746719247034
9886,5.336746719247034
9887,5.336746719247034
9888,5.336746719247034
9889,5.336746719247034
9890,5.336746719247034
9891,5.336746719247034
9892,5.336746719247034
9893,5.336746719247034
9894,5.336746719247034
9895,5.336746719247034
9896,5.336746719247034
9897,5.336746719247034
9898,5.336746719247034
9899,5.336746719247034
9900,5.336746719247034
9901,5.336746719247034
9902,5.336746719247034
9903,5.336746719247034
9904,5.336746719247034
9905,5.336746719247034
9906,5.336746719247034
9907,5.336746719247034
9908,5.336746719247034
9909,5.336746719247034
9910,5.336746719247034
9911,5.336746719247034
9912,5.336746719247034
9913,5.336746719247034
9914,5.336746719247034
9915,5.336746719247034
9916,5.336746719247034
9917,5.336746719247034
9918,5.336746719247034
9919,5.336746719247034
9920,5.336746719247034
9921,5.336746719247034
9922,5.336746719247034
9923,5.336746719247034
9924,5.336746719247034
9925,5.336746719247034
9926,5.336746719247034
9927,5.336746719247034
9928,5.336746719247034
9929,5.336746719247034
9930,5.336746719247034
9931,5.336746719247034
9932,5.336746719247034
9933,5.336746719247034
9934,5.336746719247034
9935,5.336746719247034
9936,5.336746719247034
9937,5.336746719247034
9938,5.336746719247034
9939,5.336746719247034
9940,5.336746719247034
9941,5.336746719247034
9942,5.336746719247034
9943,5.336746719247034
9944,5.336746719247034
9945,5.336746719247034
9946,5.336746719247034
9947,5.336746719247034
9948,5.336746719247034
9949,5.336746719247034
9950,5.336746719247034
9951,5.336746719247034
9952,5.336746719247034
9953,5.336746719247034
9954,5.336746719247034
9955,5.336746719247034
9956,5.336746719247034
9957,5.336746719247034
9958,5.336746719247034
9959,5.336746719247034
9960,5.336746719247034
9961,5.336746719247034
9962,5.336746719247034
9963,5.336746719247034
9964,5.336746719247034
9965,5.336746719247034
9966,5.336746719247034
9967,5.336746719247034
9968,5.336746719247034
9969,5.336746719247034
9970,5.336746719247034
9971,5.336746719247034
9972,5.336746719247034
9973,5.336746719247034
9974,5.336746719247034
9975,5.336746719247034
9976,5.336746719247034
9977,5.336746719247034
9978,5.336746719247034
9979,5.336746719247034
9980,5.336746719247034
9981,5.336746719247034
9982,5.336746719247034
9983,5.336746719247034
9984,5.336746719247034
9985,5.336746719247034
9986,5.336746719247034
9987,5.336746719247034
9988,5.336746719247034
9989,5.336746719247034
9990,5.336746719247034
9991,5.336746719247034
9992,5.336746719247034
9993,5.336746719247034
9994,5.336746719247034
9995,5.336746719247034
9996,5.336746719247034
9997,5.336746719247034
9998,5.336746719247034
9999,5.336746719247034
10000,5.336746719247034
