iteration,best_loss
0,68.46857176105215
1,68.46857176105215
2,68.46857176105215
3,68.46857176105215
4,68.46857176105215
5,68.46857176105215
6,68.46857176105215
7,68.46857176105215
8,63.55916107867908
9,63.55916107867908
10,63.55916107867908
11,63.55916107867908
12,63.55916107867908
13,63.55916107867908
14,63.55916107867908
15,59.37730181293694
16,19.54590817987724
17,19.54590817987724
18,19.54590817987724
19,19.54590817987724
20,19.54590817987724
21,19.54590817987724
22,19.54590817987724
23,19.54590817987724
24,19.54590817987724
25,19.54590817987724
26,19.54590817987724
27,19.54590817987724
28,19.54590817987724
29,18.114844467971682
30,18.114844467971682
31,18.114844467971682
32,18.114844467971682
33,18.114844467971682
34,18.114844467971682
35,18.114844467971682
36,16.215281570362777
37,16.215281570362777
38,16.215281570362777
39,16.215281570362777
40,16.215281570362777
41,16.215281570362777
42,16.215281570362777
43,16.215281570362777
44,11.290564534872388
45,11.290564534872388
46,11.290564534872388
47,11.290564534872388
48,11.290564534872388
49,11.290564534872388
50,11.290564534872388
51,11.290564534872388
52,11.290564534872388
53,11.290564534872388
54,11.290564534872388
55,11.290564534872388
56,11.290564534872388
57,11.290564534872388
58,11.290564534872388
59,11.290564534872388
60,11.290564534872388
61,11.290564534872388
62,11.290564534872388
63,11.290564534872388
64,11.290564534872388
65,11.290564534872388
66,11.290564534872388
67,11.290564534872388
68,11.290564534872388
69,11.290564534872388
70,11.290564534872388
71,11.290564534872388
72,11.290564534872388
73,11.290564534872388
74,11.290564534872388
75,11.290564534872388
76,11.290564534872388
77,11.290564534872388
78,11.290564534872388
79,11.290564534872388
80,8.866183558023927
81,8.866183558023927
82,8.866183558023927
83,8.866183558023927
84,8.866183558023927
85,8.866183558023927
86,8.866183558023927
87,8.866183558023927
88,8.866183558023927
89,8.866183558023927
90,8.866183558023927
91,8.866183558023927
92,8.866183558023927
93,8.866183558023927
94,8.866183558023927
95,8.866183558023927
96,8.866183558023927
97,8.866183558023927
98,8.866183558023927
99,8.866183558023927
100,8.866183558023927
101,8.866183558023927
102,8.866183558023927
103,8.866183558023927
104,8.866183558023927
105,8.866183558023927
106,8.866183558023927
107,8.866183558023927
108,8.866183558023927
109,8.866183558023927
110,8.866183558023927
111,8.866183558023927
112,8.866183558023927
113,8.866183558023927
114,8.866183558023927
115,8.866183558023927
116,8.866183558023927
117,8.866183558023927
118,8.866183558023927
119,8.866183558023927
120,8.866183558023927
121,8.866183558023927
122,8.866183558023927
123,8.866183558023927
124,8.866183558023927
125,8.866183558023927
126,8.866183558023927
127,8.866183558023927
128,8.866183558023927
129,8.866183558023927
130,8.866183558023927
131,8.866183558023927
132,8.866183558023927
133,8.866183558023927
134,8.866183558023927
135,8.866183558023927
136,8.866183558023927
137,8.866183558023927
138,8.866183558023927
139,8.780469005870351
140,8.780469005870351
141,8.780469005870351
142,8.780469005870351
143,8.780469005870351
144,8.780469005870351
145,8.780469005870351
146,8.780469005870351
147,8.780469005870351
148,8.780469005870351
149,8.780469005870351
150,8.780469005870351
151,8.780469005870351
152,8.780469005870351
153,8.780469005870351
154,8.780469005870351
155,8.780469005870351
156,8.780469005870351
157,8.780469005870351
158,8.780469005870351
159,8.780469005870351
160,8.780469005870351
161,8.780469005870351
162,8.780469005870351
163,8.780469005870351
164,8.780469005870351
165,8.780469005870351
166,8.780469005870351
167,8.780469005870351
168,8.780469005870351
169,8.780469005870351
170,8.780469005870351
171,8.780469005870351
172,8.780469005870351
173,8.780469005870351
174,8.780469005870351
175,8.780469005870351
176,8.780469005870351
177,8.780469005870351
178,8.780469005870351
179,8.780469005870351
180,8.780469005870351
181,8.780469005870351
182,8.780469005870351
183,8.780469005870351
184,8.780469005870351
185,8.780469005870351
186,8.780469005870351
187,8.780469005870351
188,8.780469005870351
189,8.780469005870351
190,8.780469005870351
191,8.780469005870351
192,8.780469005870351
193,8.780469005870351
194,8.780469005870351
195,8.780469005870351
196,8.780469005870351
197,8.780469005870351
198,8.780469005870351
199,8.780469005870351
200,8.780469005870351
201,8.780469005870351
202,8.780469005870351
203,8.780469005870351
204,8.780469005870351
205,8.780469005870351
206,8.780469005870351
207,8.780469005870351
208,8.780469005870351
209,8.780469005870351
210,8.780469005870351
211,8.780469005870351
212,8.780469005870351
213,8.780469005870351
214,8.780469005870351
215,8.780469005870351
216,8.780469005870351
217,8.780469005870351
218,8.780469005870351
219,8.780469005870351
220,8.780469005870351
221,8.780469005870351
222,8.780469005870351
223,8.780469005870351
224,8.780469005870351
225,8.780469005870351
226,8.780469005870351
227,8.780469005870351
228,8.780469005870351
229,8.780469005870351
230,8.780469005870351
231,8.780469005870351
232,8.780469005870351
233,8.780469005870351
234,8.780469005870351
235,8.780469005870351
236,8.780469005870351
237,8.780469005870351
238,8.780469005870351
239,8.780469005870351
240,8.780469005870351
241,8.780469005870351
242,8.780469005870351
243,8.780469005870351
244,8.780469005870351
245,8.780469005870351
246,8.780469005870351
247,8.780469005870351
248,8.780469005870351
249,8.780469005870351
250,8.780469005870351
251,8.780469005870351
252,8.780469005870351
253,8.780469005870351
254,8.780469005870351
255,8.780469005870351
256,8.780469005870351
257,8.780469005870351
258,8.780469005870351
259,8.780469005870351
260,8.780469005870351
261,8.780469005870351
262,8.780469005870351
263,8.780469005870351
264,8.780469005870351
265,8.780469005870351
266,8.780469005870351
267,8.780469005870351
268,8.780469005870351
269,8.780469005870351
270,8.780469005870351
271,8.780469005870351
272,8.780469005870351
273,8.780469005870351
274,8.780469005870351
275,8.780469005870351
276,8.780469005870351
277,8.780469005870351
278,8.780469005870351
279,8.780469005870351
280,8.780469005870351
281,8.780469005870351
282,8.780469005870351
283,8.780469005870351
284,8.780469005870351
285,8.780469005870351
286,8.780469005870351
287,8.780469005870351
288,8.780469005870351
289,8.780469005870351
290,8.780469005870351
291,8.780469005870351
292,8.780469005870351
293,8.780469005870351
294,8.780469005870351
295,8.780469005870351
296,8.780469005870351
297,8.780469005870351
298,8.780469005870351
299,8.780469005870351
300,8.780469005870351
301,8.780469005870351
302,8.780469005870351
303,8.780469005870351
304,8.780469005870351
305,8.780469005870351
306,8.780469005870351
307,8.780469005870351
308,8.780469005870351
309,8.780469005870351
310,8.780469005870351
311,8.780469005870351
312,8.780469005870351
313,8.780469005870351
314,8.780469005870351
315,8.780469005870351
316,8.780469005870351
317,8.780469005870351
318,8.780469005870351
319,8.780469005870351
320,8.780469005870351
321,8.780469005870351
322,8.780469005870351
323,8.780469005870351
324,8.780469005870351
325,8.780469005870351
326,8.780469005870351
327,8.780469005870351
328,8.780469005870351
329,8.780469005870351
330,8.780469005870351
331,8.780469005870351
332,8.780469005870351
333,8.780469005870351
334,8.780469005870351
335,8.780469005870351
336,8.780469005870351
337,8.780469005870351
338,8.780469005870351
339,8.780469005870351
340,8.780469005870351
341,8.780469005870351
342,8.780469005870351
343,8.780469005870351
344,8.780469005870351
345,8.780469005870351
346,8.780469005870351
347,8.780469005870351
348,8.780469005870351
349,8.780469005870351
350,8.780469005870351
351,8.780469005870351
352,8.780469005870351
353,8.780469005870351
354,8.780469005870351
355,8.780469005870351
356,8.780469005870351
357,7.940938138602005
358,7.940938138602005
359,7.940938138602005
360,7.940938138602005
361,7.940938138602005
362,7.940938138602005
363,7.940938138602005
364,7.940938138602005
365,7.940938138602005
366,7.940938138602005
367,7.940938138602005
368,7.940938138602005
369,7.940938138602005
370,7.940938138602005
371,7.940938138602005
372,7.940938138602005
373,7.940938138602005
374,7.940938138602005
375,7.940938138602005
376,7.940938138602005
377,7.418599864288892
378,6.034117533572211
379,6.034117533572211
380,6.034117533572211
381,6.034117533572211
382,6.034117533572211
383,6.034117533572211
384,6.034117533572211
385,6.034117533572211
386,6.034117533572211
387,6.034117533572211
388,6.034117533572211
389,6.034117533572211
390,6.034117533572211
391,5.599524635094846
392,5.599524635094846
393,5.599524635094846
394,5.599524635094846
395,5.599524635094846
396,5.599524635094846
397,5.599524635094846
398,5.599524635094846
399,5.599524635094846
400,5.599524635094846
401,5.599524635094846
402,5.599524635094846
403,5.599524635094846
404,5.599524635094846
405,5.599524635094846
406,5.599524635094846
407,5.599524635094846
408,5.599524635094846
409,5.599524635094846
410,5.599524635094846
411,5.599524635094846
412,5.599524635094846
413,5.599524635094846
414,5.599524635094846
415,5.599524635094846
416,5.599524635094846
417,5.599524635094846
418,5.599524635094846
419,5.599524635094846
420,5.599524635094846
421,5.599524635094846
422,5.599524635094846
423,5.599524635094846
424,5.599524635094846
425,5.599524635094846
426,5.599524635094846
427,5.599524635094846
428,5.599524635094846
429,5.599524635094846
430,5.599524635094846
431,5.599524635094846
432,5.599524635094846
433,5.599524635094846
434,5.599524635094846
435,5.599524635094846
436,5.599524635094846
437,5.599524635094846
438,5.599524635094846
439,5.599524635094846
440,5.599524635094846
441,5.599524635094846
442,5.599524635094846
443,5.599524635094846
444,5.599524635094846
445,5.599524635094846
446,5.599524635094846
447,5.599524635094846
448,5.599524635094846
449,5.599524635094846
450,5.599524635094846
451,5.599524635094846
452,5.599524635094846
453,5.599524635094846
454,5.599524635094846
455,5.599524635094846
456,5.599524635094846
457,5.599524635094846
458,5.599524635094846
459,5.599524635094846
460,5.599524635094846
461,5.599524635094846
462,5.599524635094846
463,5.599524635094846
464,5.599524635094846
465,5.599524635094846
466,5.599524635094846
467,5.599524635094846
468,5.599524635094846
469,5.599524635094846
470,5.599524635094846
471,5.599524635094846
472,5.599524635094846
473,5.599524635094846
474,5.599524635094846
475,5.599524635094846
476,5.599524635094846
477,5.599524635094846
478,5.599524635094846
479,5.599524635094846
480,5.599524635094846
481,5.599524635094846
482,5.599524635094846
483,5.599524635094846
484,5.599524635094846
485,5.599524635094846
486,5.599524635094846
487,5.599524635094846
488,5.599524635094846
489,5.599524635094846
490,5.599524635094846
491,5.599524635094846
492,5.599524635094846
493,5.599524635094846
494,5.599524635094846
495,5.599524635094846
496,5.599524635094846
497,5.599524635094846
498,5.599524635094846
499,5.599524635094846
500,5.599524635094846
501,5.599524635094846
502,5.599524635094846
503,5.599524635094846
504,5.599524635094846
505,5.599524635094846
506,5.599524635094846
507,5.599524635094846
508,5.599524635094846
509,5.599524635094846
510,5.599524635094846
511,5.599524635094846
512,5.599524635094846
513,5.599524635094846
514,5.599524635094846
515,5.599524635094846
516,5.599524635094846
517,5.599524635094846
518,5.599524635094846
519,5.599524635094846
520,5.599524635094846
521,5.599524635094846
522,5.599524635094846
523,5.599524635094846
524,5.599524635094846
525,5.599524635094846
526,5.599524635094846
527,5.599524635094846
528,5.599524635094846
529,5.599524635094846
530,5.599524635094846
531,5.599524635094846
532,5.599524635094846
533,5.599524635094846
534,5.599524635094846
535,5.599524635094846
536,5.599524635094846
537,5.599524635094846
538,5.599524635094846
539,5.599524635094846
540,5.599524635094846
541,5.599524635094846
542,5.599524635094846
543,5.599524635094846
544,5.599524635094846
545,5.599524635094846
546,5.599524635094846
547,5.599524635094846
548,5.599524635094846
549,5.599524635094846
550,5.599524635094846
551,5.599524635094846
552,5.599524635094846
553,5.599524635094846
554,5.599524635094846
555,5.599524635094846
556,5.599524635094846
557,5.599524635094846
558,5.599524635094846
559,5.599524635094846
560,5.599524635094846
561,5.599524635094846
562,5.599524635094846
563,5.599524635094846
564,5.599524635094846
565,5.599524635094846
566,5.599524635094846
567,5.599524635094846
568,5.599524635094846
569,5.599524635094846
570,5.599524635094846
571,5.599524635094846
572,5.599524635094846
573,5.599524635094846
574,5.599524635094846
575,5.599524635094846
576,5.599524635094846
577,5.599524635094846
578,5.599524635094846
579,5.599524635094846
580,5.599524635094846
581,5.599524635094846
582,5.599524635094846
583,5.599524635094846
584,5.599524635094846
585,5.599524635094846
586,5.599524635094846
587,5.599524635094846
588,5.599524635094846
589,5.599524635094846
590,5.599524635094846
591,5.599524635094846
592,5.599524635094846
593,5.599524635094846
594,5.599524635094846
595,5.599524635094846
596,5.599524635094846
597,5.599524635094846
598,5.599524635094846
599,5.599524635094846
600,5.599524635094846
601,5.599524635094846
602,5.599524635094846
603,5.599524635094846
604,5.599524635094846
605,5.599524635094846
606,5.599524635094846
607,5.599524635094846
608,5.599524635094846
609,5.599524635094846
610,5.599524635094846
611,5.599524635094846
612,5.599524635094846
613,5.599524635094846
614,5.599524635094846
615,5.599524635094846
616,5.599524635094846
617,5.599524635094846
618,5.599524635094846
619,5.599524635094846
620,5.599524635094846
621,5.599524635094846
622,5.599524635094846
623,5.599524635094846
624,5.599524635094846
625,5.599524635094846
626,5.599524635094846
627,5.599524635094846
628,5.599524635094846
629,5.599524635094846
630,5.599524635094846
631,5.599524635094846
632,5.599524635094846
633,5.599524635094846
634,5.599524635094846
635,5.599524635094846
636,5.599524635094846
637,5.599524635094846
638,5.599524635094846
639,5.599524635094846
640,5.599524635094846
641,5.599524635094846
642,5.599524635094846
643,5.599524635094846
644,5.599524635094846
645,5.599524635094846
646,5.599524635094846
647,5.599524635094846
648,5.599524635094846
649,5.599524635094846
650,5.599524635094846
651,5.599524635094846
652,5.599524635094846
653,5.599524635094846
654,5.599524635094846
655,5.599524635094846
656,5.599524635094846
657,5.599524635094846
658,5.599524635094846
659,5.599524635094846
660,5.599524635094846
661,5.599524635094846
662,5.599524635094846
663,5.599524635094846
664,5.599524635094846
665,5.599524635094846
666,5.599524635094846
667,5.599524635094846
668,5.599524635094846
669,5.599524635094846
670,5.599524635094846
671,5.599524635094846
672,5.599524635094846
673,5.599524635094846
674,5.599524635094846
675,5.599524635094846
676,5.599524635094846
677,5.599524635094846
678,5.599524635094846
679,5.599524635094846
680,5.599524635094846
681,5.599524635094846
682,5.599524635094846
683,5.599524635094846
684,5.599524635094846
685,5.599524635094846
686,5.599524635094846
687,5.599524635094846
688,5.599524635094846
689,5.599524635094846
690,5.599524635094846
691,5.599524635094846
692,5.599524635094846
693,5.599524635094846
694,5.599524635094846
695,5.599524635094846
696,5.599524635094846
697,5.599524635094846
698,5.599524635094846
699,5.599524635094846
700,5.599524635094846
701,5.599524635094846
702,5.599524635094846
703,5.599524635094846
704,5.599524635094846
705,5.599524635094846
706,5.599524635094846
707,5.599524635094846
708,5.599524635094846
709,5.599524635094846
710,5.599524635094846
711,5.599524635094846
712,5.599524635094846
713,5.599524635094846
714,5.599524635094846
715,5.599524635094846
716,5.599524635094846
717,5.599524635094846
718,5.599524635094846
719,5.599524635094846
720,5.599524635094846
721,5.599524635094846
722,5.599524635094846
723,5.599524635094846
724,5.599524635094846
725,5.599524635094846
726,5.599524635094846
727,5.599524635094846
728,5.599524635094846
729,5.599524635094846
730,5.599524635094846
731,5.599524635094846
732,5.599524635094846
733,5.599524635094846
734,5.599524635094846
735,5.599524635094846
736,5.599524635094846
737,5.599524635094846
738,5.599524635094846
739,5.599524635094846
740,5.599524635094846
741,5.599524635094846
742,5.599524635094846
743,5.599524635094846
744,5.599524635094846
745,5.599524635094846
746,5.599524635094846
747,5.599524635094846
748,5.599524635094846
749,5.599524635094846
750,5.599524635094846
751,5.599524635094846
752,5.599524635094846
753,5.599524635094846
754,5.599524635094846
755,5.599524635094846
756,5.599524635094846
757,5.599524635094846
758,5.599524635094846
759,5.599524635094846
760,5.599524635094846
761,5.599524635094846
762,5.599524635094846
763,5.599524635094846
764,5.599524635094846
765,5.599524635094846
766,5.599524635094846
767,5.599524635094846
768,5.599524635094846
769,5.599524635094846
770,5.599524635094846
771,5.599524635094846
772,5.599524635094846
773,5.599524635094846
774,5.599524635094846
775,5.599524635094846
776,5.599524635094846
777,5.599524635094846
778,5.599524635094846
779,5.599524635094846
780,5.599524635094846
781,5.599524635094846
782,5.599524635094846
783,5.599524635094846
784,5.599524635094846
785,5.599524635094846
786,5.599524635094846
787,5.599524635094846
788,5.599524635094846
789,5.599524635094846
790,5.599524635094846
791,5.599524635094846
792,5.599524635094846
793,5.599524635094846
794,5.599524635094846
795,5.599524635094846
796,5.599524635094846
797,5.599524635094846
798,5.599524635094846
799,5.599524635094846
800,5.599524635094846
801,5.599524635094846
802,5.599524635094846
803,5.599524635094846
804,5.599524635094846
805,5.599524635094846
806,5.599524635094846
807,5.599524635094846
808,5.599524635094846
809,5.599524635094846
810,5.599524635094846
811,5.599524635094846
812,5.599524635094846
813,5.599524635094846
814,5.599524635094846
815,5.599524635094846
816,5.599524635094846
817,5.599524635094846
818,5.599524635094846
819,5.599524635094846
820,5.599524635094846
821,5.599524635094846
822,5.599524635094846
823,5.599524635094846
824,5.599524635094846
825,5.599524635094846
826,5.599524635094846
827,5.599524635094846
828,5.599524635094846
829,5.599524635094846
830,5.599524635094846
831,5.599524635094846
832,5.599524635094846
833,5.599524635094846
834,5.599524635094846
835,5.599524635094846
836,5.599524635094846
837,5.599524635094846
838,5.599524635094846
839,5.599524635094846
840,5.599524635094846
841,5.599524635094846
842,5.599524635094846
843,5.599524635094846
844,5.599524635094846
845,5.599524635094846
846,5.599524635094846
847,5.599524635094846
848,5.599524635094846
849,5.599524635094846
850,5.599524635094846
851,5.599524635094846
852,5.599524635094846
853,5.599524635094846
854,5.599524635094846
855,5.599524635094846
856,5.599524635094846
857,5.599524635094846
858,5.599524635094846
859,5.599524635094846
860,5.599524635094846
861,5.599524635094846
862,5.599524635094846
863,5.599524635094846
864,5.599524635094846
865,5.599524635094846
866,5.599524635094846
867,5.599524635094846
868,5.599524635094846
869,5.599524635094846
870,5.599524635094846
871,5.599524635094846
872,5.599524635094846
873,5.599524635094846
874,5.599524635094846
875,5.599524635094846
876,5.599524635094846
877,5.599524635094846
878,5.599524635094846
879,5.599524635094846
880,5.599524635094846
881,5.599524635094846
882,5.599524635094846
883,5.599524635094846
884,5.599524635094846
885,5.599524635094846
886,5.599524635094846
887,5.599524635094846
888,5.599524635094846
889,5.599524635094846
890,5.599524635094846
891,5.599524635094846
892,5.599524635094846
893,5.599524635094846
894,5.599524635094846
895,5.599524635094846
896,5.599524635094846
897,5.599524635094846
898,5.599524635094846
899,5.599524635094846
900,5.599524635094846
901,5.599524635094846
902,5.599524635094846
903,5.599524635094846
904,5.599524635094846
905,5.599524635094846
906,5.599524635094846
907,5.599524635094846
908,5.599524635094846
909,5.599524635094846
910,5.599524635094846
911,5.599524635094846
912,5.599524635094846
913,5.599524635094846
914,5.599524635094846
915,5.599524635094846
916,5.599524635094846
917,5.599524635094846
918,5.599524635094846
919,5.599524635094846
920,5.599524635094846
921,5.599524635094846
922,5.599524635094846
923,5.599524635094846
924,5.599524635094846
925,5.599524635094846
926,5.599524635094846
927,5.599524635094846
928,5.599524635094846
929,5.599524635094846
930,5.599524635094846
931,5.599524635094846
932,5.599524635094846
933,5.599524635094846
934,5.599524635094846
935,5.599524635094846
936,5.599524635094846
937,5.599524635094846
938,5.599524635094846
939,5.599524635094846
940,5.599524635094846
941,5.599524635094846
942,5.599524635094846
943,5.599524635094846
944,5.599524635094846
945,5.599524635094846
946,5.599524635094846
947,5.599524635094846
948,5.599524635094846
949,5.599524635094846
950,5.599524635094846
951,5.599524635094846
952,5.599524635094846
953,5.599524635094846
954,5.599524635094846
955,5.599524635094846
956,5.599524635094846
957,5.599524635094846
958,5.599524635094846
959,5.599524635094846
960,5.599524635094846
961,5.599524635094846
962,5.599524635094846
963,5.599524635094846
964,5.599524635094846
965,5.599524635094846
966,5.599524635094846
967,5.599524635094846
968,5.599524635094846
969,5.599524635094846
970,5.599524635094846
971,5.599524635094846
972,5.599524635094846
973,5.599524635094846
974,5.599524635094846
975,5.599524635094846
976,5.599524635094846
977,5.599524635094846
978,5.599524635094846
979,5.599524635094846
980,5.599524635094846
981,5.599524635094846
982,5.599524635094846
983,5.599524635094846
984,5.599524635094846
985,5.599524635094846
986,5.599524635094846
987,5.599524635094846
988,5.599524635094846
989,5.599524635094846
990,5.599524635094846
991,5.599524635094846
992,5.599524635094846
993,5.599524635094846
994,5.599524635094846
995,5.599524635094846
996,5.599524635094846
997,5.599524635094846
998,5.599524635094846
999,5.599524635094846
1000,5.599524635094846
1001,5.599524635094846
1002,5.599524635094846
1003,5.599524635094846
1004,5.599524635094846
1005,5.599524635094846
1006,5.599524635094846
1007,5.599524635094846
1008,5.599524635094846
1009,5.599524635094846
1010,5.599524635094846
1011,5.599524635094846
1012,5.599524635094846
1013,5.599524635094846
1014,5.599524635094846
1015,5.599524635094846
1016,5.599524635094846
1017,5.599524635094846
1018,5.599524635094846
1019,5.599524635094846
1020,5.599524635094846
1021,5.599524635094846
1022,5.599524635094846
1023,5.599524635094846
1024,5.599524635094846
1025,5.599524635094846
1026,5.599524635094846
1027,5.599524635094846
1028,5.599524635094846
1029,5.599524635094846
1030,5.599524635094846
1031,5.599524635094846
1032,5.599524635094846
1033,5.599524635094846
1034,5.599524635094846
1035,5.599524635094846
1036,5.599524635094846
1037,5.599524635094846
1038,5.599524635094846
1039,5.599524635094846
1040,5.599524635094846
1041,5.599524635094846
1042,5.599524635094846
1043,5.599524635094846
1044,5.599524635094846
1045,5.599524635094846
1046,5.599524635094846
1047,5.599524635094846
1048,5.599524635094846
1049,5.599524635094846
1050,5.599524635094846
1051,5.599524635094846
1052,5.599524635094846
1053,5.599524635094846
1054,5.599524635094846
1055,5.599524635094846
1056,5.599524635094846
1057,5.599524635094846
1058,5.599524635094846
1059,5.599524635094846
1060,5.599524635094846
1061,5.599524635094846
1062,5.599524635094846
1063,5.599524635094846
1064,5.599524635094846
1065,5.599524635094846
1066,5.599524635094846
1067,5.599524635094846
1068,5.599524635094846
1069,5.599524635094846
1070,5.599524635094846
1071,5.599524635094846
1072,5.599524635094846
1073,5.599524635094846
1074,5.599524635094846
1075,5.599524635094846
1076,5.599524635094846
1077,5.599524635094846
1078,5.599524635094846
1079,5.599524635094846
1080,5.599524635094846
1081,5.599524635094846
1082,5.599524635094846
1083,5.599524635094846
1084,5.599524635094846
1085,5.599524635094846
1086,5.599524635094846
1087,5.599524635094846
1088,5.599524635094846
1089,5.599524635094846
1090,5.599524635094846
1091,5.599524635094846
1092,5.599524635094846
1093,5.599524635094846
1094,5.599524635094846
1095,5.599524635094846
1096,5.599524635094846
1097,5.599524635094846
1098,5.599524635094846
1099,5.599524635094846
1100,5.599524635094846
1101,5.599524635094846
1102,5.599524635094846
1103,5.599524635094846
1104,5.599524635094846
1105,5.599524635094846
1106,5.599524635094846
1107,5.599524635094846
1108,5.599524635094846
1109,5.599524635094846
1110,5.599524635094846
1111,5.599524635094846
1112,5.599524635094846
1113,5.599524635094846
1114,5.599524635094846
1115,5.599524635094846
1116,5.599524635094846
1117,5.599524635094846
1118,5.599524635094846
1119,5.599524635094846
1120,5.599524635094846
1121,5.599524635094846
1122,5.599524635094846
1123,5.599524635094846
1124,5.599524635094846
1125,5.599524635094846
1126,5.599524635094846
1127,5.599524635094846
1128,5.599524635094846
1129,5.599524635094846
1130,5.599524635094846
1131,5.599524635094846
1132,5.599524635094846
1133,5.599524635094846
1134,5.599524635094846
1135,5.599524635094846
1136,5.599524635094846
1137,5.599524635094846
1138,5.599524635094846
1139,5.599524635094846
1140,5.599524635094846
1141,5.599524635094846
1142,5.599524635094846
1143,5.599524635094846
1144,5.599524635094846
1145,5.599524635094846
1146,5.599524635094846
1147,5.599524635094846
1148,5.599524635094846
1149,5.599524635094846
1150,5.599524635094846
1151,5.599524635094846
1152,5.599524635094846
1153,5.599524635094846
1154,5.599524635094846
1155,5.599524635094846
1156,5.599524635094846
1157,5.599524635094846
1158,5.599524635094846
1159,5.599524635094846
1160,5.599524635094846
1161,5.599524635094846
1162,5.599524635094846
1163,5.599524635094846
1164,5.599524635094846
1165,5.599524635094846
1166,5.599524635094846
1167,5.599524635094846
1168,5.599524635094846
1169,5.599524635094846
1170,5.599524635094846
1171,5.599524635094846
1172,5.599524635094846
1173,5.599524635094846
1174,5.599524635094846
1175,5.599524635094846
1176,5.599524635094846
1177,5.599524635094846
1178,5.599524635094846
1179,5.599524635094846
1180,5.599524635094846
1181,5.599524635094846
1182,5.599524635094846
1183,5.599524635094846
1184,5.599524635094846
1185,5.599524635094846
1186,5.599524635094846
1187,5.599524635094846
1188,5.599524635094846
1189,5.599524635094846
1190,5.599524635094846
1191,5.599524635094846
1192,5.599524635094846
1193,5.599524635094846
1194,5.599524635094846
1195,5.599524635094846
1196,5.599524635094846
1197,5.599524635094846
1198,5.599524635094846
1199,5.599524635094846
1200,5.599524635094846
1201,5.599524635094846
1202,5.599524635094846
1203,5.599524635094846
1204,5.599524635094846
1205,5.599524635094846
1206,5.599524635094846
1207,5.599524635094846
1208,5.599524635094846
1209,5.599524635094846
1210,5.599524635094846
1211,5.599524635094846
1212,5.599524635094846
1213,5.599524635094846
1214,5.599524635094846
1215,5.599524635094846
1216,5.599524635094846
1217,5.599524635094846
1218,5.599524635094846
1219,5.599524635094846
1220,5.599524635094846
1221,5.599524635094846
1222,5.599524635094846
1223,5.599524635094846
1224,5.599524635094846
1225,5.599524635094846
1226,5.599524635094846
1227,5.599524635094846
1228,5.599524635094846
1229,5.243226407089578
1230,5.243226407089578
1231,5.243226407089578
1232,5.243226407089578
1233,5.243226407089578
1234,5.243226407089578
1235,5.243226407089578
1236,5.243226407089578
1237,5.243226407089578
1238,5.243226407089578
1239,5.243226407089578
1240,5.243226407089578
1241,5.243226407089578
1242,5.243226407089578
1243,5.243226407089578
1244,5.243226407089578
1245,5.243226407089578
1246,5.243226407089578
1247,5.243226407089578
1248,5.243226407089578
1249,5.243226407089578
1250,5.243226407089578
1251,5.243226407089578
1252,5.243226407089578
1253,5.243226407089578
1254,5.243226407089578
1255,5.243226407089578
1256,5.243226407089578
1257,5.243226407089578
1258,5.243226407089578
1259,5.243226407089578
1260,5.243226407089578
1261,5.243226407089578
1262,5.243226407089578
1263,5.243226407089578
1264,5.243226407089578
1265,5.243226407089578
1266,5.243226407089578
1267,5.243226407089578
1268,5.243226407089578
1269,5.243226407089578
1270,5.243226407089578
1271,5.243226407089578
1272,5.243226407089578
1273,5.243226407089578
1274,5.243226407089578
1275,5.243226407089578
1276,5.243226407089578
1277,5.243226407089578
1278,5.243226407089578
1279,5.243226407089578
1280,5.243226407089578
1281,5.243226407089578
1282,5.243226407089578
1283,5.243226407089578
1284,5.243226407089578
1285,5.243226407089578
1286,5.243226407089578
1287,5.243226407089578
1288,5.243226407089578
1289,5.243226407089578
1290,5.243226407089578
1291,5.243226407089578
1292,5.243226407089578
1293,5.243226407089578
1294,5.243226407089578
1295,5.243226407089578
1296,5.243226407089578
1297,5.243226407089578
1298,5.243226407089578
1299,5.243226407089578
1300,5.243226407089578
1301,5.243226407089578
1302,5.243226407089578
1303,5.243226407089578
1304,5.243226407089578
1305,5.243226407089578
1306,5.243226407089578
1307,5.243226407089578
1308,5.243226407089578
1309,5.243226407089578
1310,5.243226407089578
1311,5.243226407089578
1312,5.243226407089578
1313,5.243226407089578
1314,5.243226407089578
1315,5.243226407089578
1316,5.243226407089578
1317,5.243226407089578
1318,5.243226407089578
1319,5.243226407089578
1320,5.243226407089578
1321,5.243226407089578
1322,5.243226407089578
1323,5.243226407089578
1324,5.243226407089578
1325,5.243226407089578
1326,5.243226407089578
1327,5.243226407089578
1328,5.243226407089578
1329,5.243226407089578
1330,5.243226407089578
1331,5.243226407089578
1332,5.243226407089578
1333,5.243226407089578
1334,5.243226407089578
1335,5.243226407089578
1336,5.243226407089578
1337,5.243226407089578
1338,5.243226407089578
1339,5.243226407089578
1340,5.243226407089578
1341,5.243226407089578
1342,5.243226407089578
1343,5.243226407089578
1344,5.243226407089578
1345,5.243226407089578
1346,5.243226407089578
1347,5.243226407089578
1348,5.243226407089578
1349,5.243226407089578
1350,5.243226407089578
1351,5.243226407089578
1352,5.243226407089578
1353,5.243226407089578
1354,5.243226407089578
1355,5.243226407089578
1356,5.243226407089578
1357,5.243226407089578
1358,5.243226407089578
1359,5.243226407089578
1360,5.243226407089578
1361,5.243226407089578
1362,5.243226407089578
1363,5.243226407089578
1364,5.243226407089578
1365,5.243226407089578
1366,5.243226407089578
1367,5.243226407089578
1368,5.243226407089578
1369,5.243226407089578
1370,5.243226407089578
1371,5.243226407089578
1372,5.243226407089578
1373,5.243226407089578
1374,5.243226407089578
1375,5.243226407089578
1376,5.243226407089578
1377,5.243226407089578
1378,5.243226407089578
1379,5.243226407089578
1380,5.243226407089578
1381,5.243226407089578
1382,5.243226407089578
1383,5.243226407089578
1384,5.243226407089578
1385,5.243226407089578
1386,5.243226407089578
1387,5.243226407089578
1388,5.243226407089578
1389,5.243226407089578
1390,5.243226407089578
1391,5.243226407089578
1392,5.243226407089578
1393,5.243226407089578
1394,5.243226407089578
1395,5.243226407089578
1396,5.243226407089578
1397,5.243226407089578
1398,5.243226407089578
1399,5.243226407089578
1400,5.243226407089578
1401,5.243226407089578
1402,5.243226407089578
1403,5.243226407089578
1404,5.243226407089578
1405,5.243226407089578
1406,5.243226407089578
1407,5.243226407089578
1408,5.243226407089578
1409,5.243226407089578
1410,5.243226407089578
1411,5.243226407089578
1412,5.243226407089578
1413,5.243226407089578
1414,5.243226407089578
1415,5.243226407089578
1416,5.243226407089578
1417,5.243226407089578
1418,5.243226407089578
1419,5.243226407089578
1420,5.243226407089578
1421,5.243226407089578
1422,5.243226407089578
1423,5.243226407089578
1424,5.243226407089578
1425,5.243226407089578
1426,5.243226407089578
1427,5.243226407089578
1428,5.243226407089578
1429,5.243226407089578
1430,5.243226407089578
1431,5.243226407089578
1432,5.243226407089578
1433,5.243226407089578
1434,5.243226407089578
1435,5.243226407089578
1436,5.243226407089578
1437,5.243226407089578
1438,5.243226407089578
1439,5.243226407089578
1440,5.243226407089578
1441,5.243226407089578
1442,5.243226407089578
1443,5.243226407089578
1444,5.243226407089578
1445,5.243226407089578
1446,5.243226407089578
1447,5.243226407089578
1448,5.243226407089578
1449,5.243226407089578
1450,5.243226407089578
1451,5.243226407089578
1452,5.243226407089578
1453,5.243226407089578
1454,5.243226407089578
1455,5.243226407089578
1456,5.243226407089578
1457,5.243226407089578
1458,5.243226407089578
1459,5.243226407089578
1460,5.243226407089578
1461,5.243226407089578
1462,5.243226407089578
1463,5.243226407089578
1464,5.243226407089578
1465,5.243226407089578
1466,5.243226407089578
1467,5.243226407089578
1468,5.243226407089578
1469,5.243226407089578
1470,5.243226407089578
1471,5.243226407089578
1472,5.243226407089578
1473,5.243226407089578
1474,5.243226407089578
1475,5.243226407089578
1476,5.243226407089578
1477,5.243226407089578
1478,5.243226407089578
1479,5.243226407089578
1480,5.243226407089578
1481,5.243226407089578
1482,5.243226407089578
1483,5.243226407089578
1484,5.243226407089578
1485,5.243226407089578
1486,5.243226407089578
1487,5.243226407089578
1488,5.243226407089578
1489,5.243226407089578
1490,5.243226407089578
1491,5.243226407089578
1492,5.243226407089578
1493,5.243226407089578
1494,5.243226407089578
1495,5.243226407089578
1496,5.243226407089578
1497,5.243226407089578
1498,5.243226407089578
1499,5.243226407089578
1500,5.243226407089578
1501,5.243226407089578
1502,5.243226407089578
1503,5.243226407089578
1504,5.243226407089578
1505,5.243226407089578
1506,5.243226407089578
1507,5.243226407089578
1508,5.243226407089578
1509,5.243226407089578
1510,5.243226407089578
1511,5.243226407089578
1512,5.243226407089578
1513,5.243226407089578
1514,5.243226407089578
1515,5.243226407089578
1516,5.243226407089578
1517,5.243226407089578
1518,5.243226407089578
1519,5.243226407089578
1520,5.243226407089578
1521,5.243226407089578
1522,5.243226407089578
1523,5.243226407089578
1524,5.243226407089578
1525,5.243226407089578
1526,5.243226407089578
1527,5.243226407089578
1528,5.243226407089578
1529,5.243226407089578
1530,5.243226407089578
1531,5.243226407089578
1532,5.243226407089578
1533,5.243226407089578
1534,5.243226407089578
1535,5.243226407089578
1536,5.243226407089578
1537,5.243226407089578
1538,5.243226407089578
1539,5.243226407089578
1540,5.243226407089578
1541,5.243226407089578
1542,5.243226407089578
1543,5.243226407089578
1544,5.243226407089578
1545,5.243226407089578
1546,5.243226407089578
1547,5.243226407089578
1548,5.243226407089578
1549,5.243226407089578
1550,5.243226407089578
1551,5.243226407089578
1552,5.243226407089578
1553,5.243226407089578
1554,5.243226407089578
1555,5.243226407089578
1556,5.243226407089578
1557,5.243226407089578
1558,5.243226407089578
1559,5.243226407089578
1560,5.243226407089578
1561,5.243226407089578
1562,5.243226407089578
1563,5.243226407089578
1564,5.243226407089578
1565,5.243226407089578
1566,5.243226407089578
1567,5.243226407089578
1568,5.243226407089578
1569,5.243226407089578
1570,5.243226407089578
1571,5.243226407089578
1572,5.243226407089578
1573,5.243226407089578
1574,5.243226407089578
1575,5.243226407089578
1576,5.243226407089578
1577,5.243226407089578
1578,5.243226407089578
1579,5.243226407089578
1580,5.243226407089578
1581,5.243226407089578
1582,5.243226407089578
1583,5.243226407089578
1584,5.243226407089578
1585,5.243226407089578
1586,5.243226407089578
1587,5.243226407089578
1588,5.243226407089578
1589,5.243226407089578
1590,5.243226407089578
1591,5.243226407089578
1592,5.243226407089578
1593,5.243226407089578
1594,5.243226407089578
1595,5.243226407089578
1596,5.243226407089578
1597,5.243226407089578
1598,5.243226407089578
1599,5.243226407089578
1600,5.243226407089578
1601,5.243226407089578
1602,5.243226407089578
1603,5.243226407089578
1604,5.243226407089578
1605,5.243226407089578
1606,5.243226407089578
1607,5.243226407089578
1608,5.243226407089578
1609,5.243226407089578
1610,5.243226407089578
1611,5.243226407089578
1612,5.243226407089578
1613,5.243226407089578
1614,5.243226407089578
1615,5.243226407089578
1616,5.243226407089578
1617,5.243226407089578
1618,5.243226407089578
1619,5.243226407089578
1620,5.243226407089578
1621,5.243226407089578
1622,5.243226407089578
1623,5.243226407089578
1624,5.243226407089578
1625,5.243226407089578
1626,5.243226407089578
1627,5.243226407089578
1628,5.243226407089578
1629,5.243226407089578
1630,5.243226407089578
1631,5.243226407089578
1632,5.243226407089578
1633,5.243226407089578
1634,5.243226407089578
1635,5.243226407089578
1636,5.243226407089578
1637,5.243226407089578
1638,5.243226407089578
1639,5.243226407089578
1640,5.243226407089578
1641,5.243226407089578
1642,5.243226407089578
1643,5.243226407089578
1644,5.243226407089578
1645,5.243226407089578
1646,5.243226407089578
1647,5.243226407089578
1648,5.243226407089578
1649,5.243226407089578
1650,5.243226407089578
1651,5.243226407089578
1652,5.243226407089578
1653,5.243226407089578
1654,5.243226407089578
1655,5.243226407089578
1656,5.243226407089578
1657,5.243226407089578
1658,5.243226407089578
1659,5.243226407089578
1660,5.243226407089578
1661,5.243226407089578
1662,5.243226407089578
1663,5.243226407089578
1664,5.243226407089578
1665,5.243226407089578
1666,5.243226407089578
1667,5.243226407089578
1668,5.243226407089578
1669,5.243226407089578
1670,5.243226407089578
1671,5.243226407089578
1672,5.243226407089578
1673,5.243226407089578
1674,5.243226407089578
1675,5.243226407089578
1676,5.243226407089578
1677,5.243226407089578
1678,5.243226407089578
1679,5.243226407089578
1680,5.243226407089578
1681,5.243226407089578
1682,5.243226407089578
1683,5.243226407089578
1684,5.243226407089578
1685,5.243226407089578
1686,5.243226407089578
1687,5.243226407089578
1688,5.243226407089578
1689,5.243226407089578
1690,5.243226407089578
1691,5.243226407089578
1692,5.243226407089578
1693,5.243226407089578
1694,5.243226407089578
1695,5.243226407089578
1696,5.243226407089578
1697,5.243226407089578
1698,5.243226407089578
1699,5.243226407089578
1700,5.243226407089578
1701,5.243226407089578
1702,5.243226407089578
1703,5.243226407089578
1704,5.243226407089578
1705,5.243226407089578
1706,5.243226407089578
1707,5.243226407089578
1708,5.243226407089578
1709,5.243226407089578
1710,5.243226407089578
1711,5.243226407089578
1712,5.243226407089578
1713,5.243226407089578
1714,5.243226407089578
1715,5.243226407089578
1716,5.243226407089578
1717,5.243226407089578
1718,5.243226407089578
1719,5.243226407089578
1720,5.243226407089578
1721,5.243226407089578
1722,5.243226407089578
1723,5.243226407089578
1724,5.243226407089578
1725,5.243226407089578
1726,5.243226407089578
1727,5.243226407089578
1728,5.243226407089578
1729,5.243226407089578
1730,5.243226407089578
1731,5.243226407089578
1732,5.243226407089578
1733,5.243226407089578
1734,5.243226407089578
1735,5.243226407089578
1736,5.243226407089578
1737,5.243226407089578
1738,5.243226407089578
1739,5.243226407089578
1740,5.243226407089578
1741,5.243226407089578
1742,5.243226407089578
1743,5.243226407089578
1744,5.243226407089578
1745,5.243226407089578
1746,5.243226407089578
1747,5.243226407089578
1748,5.243226407089578
1749,5.243226407089578
1750,5.243226407089578
1751,5.243226407089578
1752,5.243226407089578
1753,5.243226407089578
1754,5.243226407089578
1755,5.243226407089578
1756,5.243226407089578
1757,5.243226407089578
1758,5.243226407089578
1759,5.243226407089578
1760,5.243226407089578
1761,5.243226407089578
1762,5.243226407089578
1763,5.243226407089578
1764,5.243226407089578
1765,5.243226407089578
1766,5.243226407089578
1767,5.243226407089578
1768,5.243226407089578
1769,5.243226407089578
1770,5.243226407089578
1771,5.243226407089578
1772,5.243226407089578
1773,5.243226407089578
1774,5.243226407089578
1775,5.243226407089578
1776,5.243226407089578
1777,5.243226407089578
1778,5.243226407089578
1779,5.243226407089578
1780,5.243226407089578
1781,5.243226407089578
1782,5.243226407089578
1783,5.243226407089578
1784,5.243226407089578
1785,5.243226407089578
1786,5.243226407089578
1787,5.243226407089578
1788,5.243226407089578
1789,5.243226407089578
1790,5.243226407089578
1791,5.243226407089578
1792,5.243226407089578
1793,5.243226407089578
1794,5.243226407089578
1795,5.243226407089578
1796,5.243226407089578
1797,5.243226407089578
1798,5.243226407089578
1799,5.243226407089578
1800,5.243226407089578
1801,5.243226407089578
1802,5.243226407089578
1803,5.243226407089578
1804,5.243226407089578
1805,5.243226407089578
1806,5.243226407089578
1807,5.243226407089578
1808,5.243226407089578
1809,5.243226407089578
1810,5.243226407089578
1811,5.243226407089578
1812,5.243226407089578
1813,5.243226407089578
1814,5.243226407089578
1815,5.243226407089578
1816,5.243226407089578
1817,5.243226407089578
1818,5.243226407089578
1819,5.243226407089578
1820,5.243226407089578
1821,5.243226407089578
1822,5.243226407089578
1823,5.243226407089578
1824,5.243226407089578
1825,5.243226407089578
1826,5.243226407089578
1827,5.243226407089578
1828,5.243226407089578
1829,5.243226407089578
1830,5.243226407089578
1831,5.243226407089578
1832,5.243226407089578
1833,5.243226407089578
1834,5.243226407089578
1835,5.243226407089578
1836,5.243226407089578
1837,5.243226407089578
1838,5.243226407089578
1839,5.243226407089578
1840,5.243226407089578
1841,5.243226407089578
1842,5.243226407089578
1843,5.243226407089578
1844,5.243226407089578
1845,5.243226407089578
1846,5.243226407089578
1847,5.243226407089578
1848,5.243226407089578
1849,5.243226407089578
1850,5.243226407089578
1851,5.243226407089578
1852,5.243226407089578
1853,5.243226407089578
1854,5.243226407089578
1855,5.243226407089578
1856,5.243226407089578
1857,5.243226407089578
1858,5.243226407089578
1859,5.243226407089578
1860,5.243226407089578
1861,5.243226407089578
1862,5.243226407089578
1863,5.243226407089578
1864,5.243226407089578
1865,5.243226407089578
1866,5.243226407089578
1867,5.243226407089578
1868,5.243226407089578
1869,5.243226407089578
1870,5.243226407089578
1871,5.243226407089578
1872,5.243226407089578
1873,5.243226407089578
1874,5.243226407089578
1875,5.243226407089578
1876,5.243226407089578
1877,5.243226407089578
1878,5.243226407089578
1879,5.243226407089578
1880,5.243226407089578
1881,5.243226407089578
1882,5.243226407089578
1883,5.243226407089578
1884,5.243226407089578
1885,5.243226407089578
1886,5.243226407089578
1887,5.243226407089578
1888,5.243226407089578
1889,5.243226407089578
1890,5.243226407089578
1891,5.243226407089578
1892,5.243226407089578
1893,5.243226407089578
1894,5.243226407089578
1895,5.243226407089578
1896,5.243226407089578
1897,5.243226407089578
1898,5.243226407089578
1899,5.243226407089578
1900,5.243226407089578
1901,5.243226407089578
1902,5.243226407089578
1903,5.243226407089578
1904,5.243226407089578
1905,5.243226407089578
1906,5.243226407089578
1907,5.243226407089578
1908,5.243226407089578
1909,5.243226407089578
1910,5.243226407089578
1911,5.243226407089578
1912,5.243226407089578
1913,5.243226407089578
1914,5.243226407089578
1915,5.243226407089578
1916,5.243226407089578
1917,5.243226407089578
1918,5.243226407089578
1919,5.243226407089578
1920,5.243226407089578
1921,5.243226407089578
1922,5.243226407089578
1923,5.243226407089578
1924,5.243226407089578
1925,5.243226407089578
1926,5.243226407089578
1927,5.243226407089578
1928,5.243226407089578
1929,5.243226407089578
1930,5.243226407089578
1931,5.243226407089578
1932,5.243226407089578
1933,5.243226407089578
1934,5.243226407089578
1935,5.243226407089578
1936,5.243226407089578
1937,5.243226407089578
1938,5.243226407089578
1939,5.243226407089578
1940,5.243226407089578
1941,5.243226407089578
1942,5.243226407089578
1943,5.243226407089578
1944,5.243226407089578
1945,5.243226407089578
1946,5.243226407089578
1947,5.243226407089578
1948,5.243226407089578
1949,5.243226407089578
1950,5.243226407089578
1951,5.243226407089578
1952,5.243226407089578
1953,5.243226407089578
1954,5.243226407089578
1955,5.243226407089578
1956,5.243226407089578
1957,5.243226407089578
1958,5.243226407089578
1959,5.243226407089578
1960,5.243226407089578
1961,5.243226407089578
1962,5.243226407089578
1963,5.243226407089578
1964,5.243226407089578
1965,5.243226407089578
1966,5.243226407089578
1967,5.243226407089578
1968,5.243226407089578
1969,5.243226407089578
1970,5.243226407089578
1971,5.243226407089578
1972,5.243226407089578
1973,5.243226407089578
1974,5.243226407089578
1975,5.243226407089578
1976,5.243226407089578
1977,5.243226407089578
1978,5.243226407089578
1979,5.243226407089578
1980,5.243226407089578
1981,5.243226407089578
1982,5.243226407089578
1983,5.243226407089578
1984,5.243226407089578
1985,5.243226407089578
1986,5.243226407089578
1987,5.243226407089578
1988,5.243226407089578
1989,5.243226407089578
1990,5.243226407089578
1991,5.243226407089578
1992,5.243226407089578
1993,5.243226407089578
1994,5.243226407089578
1995,5.243226407089578
1996,5.243226407089578
1997,5.243226407089578
1998,5.243226407089578
1999,5.243226407089578
2000,5.243226407089578
2001,5.243226407089578
2002,5.243226407089578
2003,5.243226407089578
2004,5.243226407089578
2005,5.243226407089578
2006,5.243226407089578
2007,5.243226407089578
2008,5.243226407089578
2009,5.243226407089578
2010,5.243226407089578
2011,5.243226407089578
2012,5.243226407089578
2013,5.243226407089578
2014,5.243226407089578
2015,5.243226407089578
2016,5.243226407089578
2017,5.243226407089578
2018,5.243226407089578
2019,5.243226407089578
2020,5.243226407089578
2021,5.243226407089578
2022,5.243226407089578
2023,5.243226407089578
2024,5.243226407089578
2025,5.243226407089578
2026,5.243226407089578
2027,5.243226407089578
2028,5.243226407089578
2029,5.243226407089578
2030,5.243226407089578
2031,5.243226407089578
2032,5.243226407089578
2033,5.243226407089578
2034,5.243226407089578
2035,5.243226407089578
2036,5.243226407089578
2037,5.243226407089578
2038,5.243226407089578
2039,5.243226407089578
2040,5.243226407089578
2041,5.243226407089578
2042,5.243226407089578
2043,5.243226407089578
2044,5.243226407089578
2045,5.243226407089578
2046,5.243226407089578
2047,5.243226407089578
2048,5.243226407089578
2049,5.243226407089578
2050,5.243226407089578
2051,5.243226407089578
2052,5.243226407089578
2053,5.243226407089578
2054,5.243226407089578
2055,5.243226407089578
2056,5.243226407089578
2057,5.243226407089578
2058,5.243226407089578
2059,5.243226407089578
2060,5.243226407089578
2061,5.243226407089578
2062,5.243226407089578
2063,5.243226407089578
2064,5.243226407089578
2065,5.243226407089578
2066,5.243226407089578
2067,5.243226407089578
2068,5.243226407089578
2069,5.243226407089578
2070,5.243226407089578
2071,5.243226407089578
2072,5.243226407089578
2073,5.243226407089578
2074,5.243226407089578
2075,5.243226407089578
2076,5.243226407089578
2077,5.243226407089578
2078,5.243226407089578
2079,5.243226407089578
2080,5.243226407089578
2081,5.243226407089578
2082,5.243226407089578
2083,5.243226407089578
2084,5.243226407089578
2085,5.243226407089578
2086,5.243226407089578
2087,5.243226407089578
2088,5.243226407089578
2089,5.243226407089578
2090,5.243226407089578
2091,5.243226407089578
2092,5.243226407089578
2093,5.243226407089578
2094,5.243226407089578
2095,5.243226407089578
2096,5.243226407089578
2097,5.243226407089578
2098,5.243226407089578
2099,5.243226407089578
2100,5.243226407089578
2101,5.243226407089578
2102,5.243226407089578
2103,5.243226407089578
2104,5.243226407089578
2105,5.243226407089578
2106,5.243226407089578
2107,5.243226407089578
2108,5.243226407089578
2109,5.243226407089578
2110,5.243226407089578
2111,5.243226407089578
2112,5.243226407089578
2113,5.243226407089578
2114,5.243226407089578
2115,5.243226407089578
2116,5.243226407089578
2117,5.243226407089578
2118,5.243226407089578
2119,5.243226407089578
2120,5.243226407089578
2121,5.243226407089578
2122,5.243226407089578
2123,5.243226407089578
2124,5.243226407089578
2125,5.243226407089578
2126,5.243226407089578
2127,5.243226407089578
2128,5.243226407089578
2129,5.243226407089578
2130,5.243226407089578
2131,5.243226407089578
2132,5.243226407089578
2133,5.243226407089578
2134,5.243226407089578
2135,5.243226407089578
2136,5.243226407089578
2137,5.243226407089578
2138,5.243226407089578
2139,5.243226407089578
2140,5.243226407089578
2141,5.243226407089578
2142,5.243226407089578
2143,5.243226407089578
2144,5.243226407089578
2145,5.243226407089578
2146,5.243226407089578
2147,5.243226407089578
2148,5.243226407089578
2149,5.243226407089578
2150,5.243226407089578
2151,5.243226407089578
2152,5.243226407089578
2153,5.243226407089578
2154,5.243226407089578
2155,5.243226407089578
2156,5.243226407089578
2157,5.243226407089578
2158,5.243226407089578
2159,5.243226407089578
2160,5.243226407089578
2161,5.243226407089578
2162,5.243226407089578
2163,5.243226407089578
2164,5.243226407089578
2165,5.243226407089578
2166,5.243226407089578
2167,5.243226407089578
2168,5.243226407089578
2169,5.243226407089578
2170,5.243226407089578
2171,5.243226407089578
2172,5.243226407089578
2173,5.243226407089578
2174,5.243226407089578
2175,5.243226407089578
2176,5.243226407089578
2177,5.243226407089578
2178,5.243226407089578
2179,5.243226407089578
2180,5.243226407089578
2181,5.243226407089578
2182,5.243226407089578
2183,5.243226407089578
2184,5.243226407089578
2185,5.243226407089578
2186,5.243226407089578
2187,5.243226407089578
2188,5.243226407089578
2189,5.243226407089578
2190,5.243226407089578
2191,5.243226407089578
2192,5.243226407089578
2193,5.243226407089578
2194,5.243226407089578
2195,5.243226407089578
2196,5.243226407089578
2197,5.243226407089578
2198,5.243226407089578
2199,5.243226407089578
2200,5.243226407089578
2201,5.243226407089578
2202,5.243226407089578
2203,5.243226407089578
2204,5.243226407089578
2205,5.243226407089578
2206,5.243226407089578
2207,5.243226407089578
2208,5.243226407089578
2209,5.243226407089578
2210,5.243226407089578
2211,5.243226407089578
2212,5.243226407089578
2213,5.243226407089578
2214,5.243226407089578
2215,5.243226407089578
2216,5.243226407089578
2217,5.243226407089578
2218,5.243226407089578
2219,5.243226407089578
2220,5.243226407089578
2221,5.243226407089578
2222,5.243226407089578
2223,5.243226407089578
2224,5.243226407089578
2225,5.243226407089578
2226,5.243226407089578
2227,5.243226407089578
2228,5.243226407089578
2229,5.243226407089578
2230,5.243226407089578
2231,5.243226407089578
2232,5.243226407089578
2233,5.243226407089578
2234,5.243226407089578
2235,5.243226407089578
2236,5.243226407089578
2237,5.243226407089578
2238,5.243226407089578
2239,5.243226407089578
2240,5.243226407089578
2241,5.243226407089578
2242,5.243226407089578
2243,5.243226407089578
2244,5.243226407089578
2245,5.243226407089578
2246,5.243226407089578
2247,5.243226407089578
2248,5.243226407089578
2249,5.243226407089578
2250,5.243226407089578
2251,5.243226407089578
2252,5.243226407089578
2253,5.243226407089578
2254,5.243226407089578
2255,5.243226407089578
2256,5.243226407089578
2257,5.243226407089578
2258,5.243226407089578
2259,5.243226407089578
2260,5.243226407089578
2261,5.243226407089578
2262,5.243226407089578
2263,5.243226407089578
2264,5.243226407089578
2265,5.243226407089578
2266,5.243226407089578
2267,5.243226407089578
2268,5.243226407089578
2269,5.243226407089578
2270,5.243226407089578
2271,5.243226407089578
2272,5.243226407089578
2273,5.243226407089578
2274,5.243226407089578
2275,5.243226407089578
2276,5.243226407089578
2277,5.243226407089578
2278,5.243226407089578
2279,5.243226407089578
2280,5.243226407089578
2281,5.243226407089578
2282,5.243226407089578
2283,5.243226407089578
2284,5.243226407089578
2285,5.243226407089578
2286,5.243226407089578
2287,5.243226407089578
2288,5.243226407089578
2289,5.243226407089578
2290,5.243226407089578
2291,5.243226407089578
2292,5.243226407089578
2293,5.243226407089578
2294,5.243226407089578
2295,5.243226407089578
2296,5.243226407089578
2297,5.243226407089578
2298,5.243226407089578
2299,5.243226407089578
2300,5.243226407089578
2301,5.243226407089578
2302,5.243226407089578
2303,5.243226407089578
2304,5.243226407089578
2305,5.243226407089578
2306,5.243226407089578
2307,5.243226407089578
2308,5.243226407089578
2309,5.243226407089578
2310,5.243226407089578
2311,5.243226407089578
2312,5.243226407089578
2313,5.243226407089578
2314,5.243226407089578
2315,5.243226407089578
2316,5.243226407089578
2317,5.243226407089578
2318,5.243226407089578
2319,5.243226407089578
2320,5.243226407089578
2321,5.243226407089578
2322,5.243226407089578
2323,5.243226407089578
2324,5.243226407089578
2325,5.243226407089578
2326,5.243226407089578
2327,5.243226407089578
2328,5.243226407089578
2329,5.243226407089578
2330,5.243226407089578
2331,5.243226407089578
2332,5.243226407089578
2333,5.243226407089578
2334,5.243226407089578
2335,5.243226407089578
2336,5.243226407089578
2337,5.243226407089578
2338,5.243226407089578
2339,5.243226407089578
2340,5.243226407089578
2341,5.243226407089578
2342,5.243226407089578
2343,5.243226407089578
2344,5.243226407089578
2345,5.243226407089578
2346,5.243226407089578
2347,5.243226407089578
2348,5.243226407089578
2349,5.243226407089578
2350,5.243226407089578
2351,5.243226407089578
2352,5.243226407089578
2353,5.243226407089578
2354,5.243226407089578
2355,5.243226407089578
2356,5.243226407089578
2357,5.243226407089578
2358,5.243226407089578
2359,5.243226407089578
2360,5.243226407089578
2361,5.243226407089578
2362,5.243226407089578
2363,5.243226407089578
2364,5.243226407089578
2365,5.243226407089578
2366,5.243226407089578
2367,5.243226407089578
2368,5.243226407089578
2369,5.243226407089578
2370,5.243226407089578
2371,5.243226407089578
2372,5.243226407089578
2373,5.243226407089578
2374,5.243226407089578
2375,5.243226407089578
2376,5.243226407089578
2377,5.243226407089578
2378,5.243226407089578
2379,5.243226407089578
2380,5.243226407089578
2381,5.243226407089578
2382,5.243226407089578
2383,5.243226407089578
2384,5.243226407089578
2385,5.243226407089578
2386,5.243226407089578
2387,5.243226407089578
2388,5.243226407089578
2389,5.243226407089578
2390,5.243226407089578
2391,5.243226407089578
2392,5.243226407089578
2393,5.243226407089578
2394,5.243226407089578
2395,5.243226407089578
2396,5.243226407089578
2397,5.243226407089578
2398,5.243226407089578
2399,5.243226407089578
2400,5.243226407089578
2401,5.243226407089578
2402,5.243226407089578
2403,5.243226407089578
2404,5.243226407089578
2405,5.243226407089578
2406,5.243226407089578
2407,5.243226407089578
2408,5.243226407089578
2409,5.243226407089578
2410,5.243226407089578
2411,5.243226407089578
2412,5.243226407089578
2413,5.243226407089578
2414,5.243226407089578
2415,5.243226407089578
2416,5.243226407089578
2417,5.243226407089578
2418,5.243226407089578
2419,5.243226407089578
2420,5.243226407089578
2421,5.243226407089578
2422,5.243226407089578
2423,5.243226407089578
2424,5.243226407089578
2425,5.243226407089578
2426,5.243226407089578
2427,5.243226407089578
2428,5.243226407089578
2429,5.243226407089578
2430,5.243226407089578
2431,5.243226407089578
2432,5.243226407089578
2433,5.243226407089578
2434,5.243226407089578
2435,5.243226407089578
2436,5.243226407089578
2437,5.243226407089578
2438,5.243226407089578
2439,5.243226407089578
2440,5.243226407089578
2441,5.243226407089578
2442,5.243226407089578
2443,5.243226407089578
2444,5.243226407089578
2445,5.243226407089578
2446,5.243226407089578
2447,5.243226407089578
2448,5.243226407089578
2449,5.243226407089578
2450,5.243226407089578
2451,5.243226407089578
2452,5.243226407089578
2453,5.243226407089578
2454,5.243226407089578
2455,5.243226407089578
2456,5.243226407089578
2457,5.243226407089578
2458,5.243226407089578
2459,5.243226407089578
2460,5.243226407089578
2461,5.243226407089578
2462,5.243226407089578
2463,5.243226407089578
2464,5.243226407089578
2465,5.243226407089578
2466,5.243226407089578
2467,5.243226407089578
2468,5.243226407089578
2469,5.243226407089578
2470,5.243226407089578
2471,5.243226407089578
2472,5.243226407089578
2473,5.243226407089578
2474,5.243226407089578
2475,5.243226407089578
2476,5.243226407089578
2477,5.243226407089578
2478,5.243226407089578
2479,5.243226407089578
2480,5.243226407089578
2481,5.243226407089578
2482,5.243226407089578
2483,5.243226407089578
2484,5.243226407089578
2485,5.243226407089578
2486,5.243226407089578
2487,5.243226407089578
2488,5.243226407089578
2489,5.243226407089578
2490,5.243226407089578
2491,5.243226407089578
2492,5.243226407089578
2493,5.243226407089578
2494,5.243226407089578
2495,5.243226407089578
2496,5.243226407089578
2497,5.243226407089578
2498,5.243226407089578
2499,5.243226407089578
2500,5.243226407089578
2501,5.243226407089578
2502,5.243226407089578
2503,5.243226407089578
2504,5.243226407089578
2505,5.243226407089578
2506,5.243226407089578
2507,5.243226407089578
2508,5.243226407089578
2509,5.243226407089578
2510,5.243226407089578
2511,5.243226407089578
2512,5.243226407089578
2513,5.243226407089578
2514,5.243226407089578
2515,5.243226407089578
2516,5.243226407089578
2517,5.243226407089578
2518,5.243226407089578
2519,5.243226407089578
2520,5.243226407089578
2521,5.243226407089578
2522,5.243226407089578
2523,5.243226407089578
2524,5.243226407089578
2525,5.243226407089578
2526,5.243226407089578
2527,5.243226407089578
2528,5.243226407089578
2529,5.243226407089578
2530,5.243226407089578
2531,5.243226407089578
2532,5.243226407089578
2533,5.243226407089578
2534,5.243226407089578
2535,5.243226407089578
2536,5.243226407089578
2537,5.243226407089578
2538,5.243226407089578
2539,5.243226407089578
2540,5.243226407089578
2541,5.243226407089578
2542,5.243226407089578
2543,5.243226407089578
2544,5.243226407089578
2545,5.243226407089578
2546,5.243226407089578
2547,5.243226407089578
2548,5.243226407089578
2549,5.243226407089578
2550,5.243226407089578
2551,5.243226407089578
2552,5.243226407089578
2553,5.243226407089578
2554,5.243226407089578
2555,5.243226407089578
2556,5.243226407089578
2557,5.243226407089578
2558,5.243226407089578
2559,5.243226407089578
2560,5.243226407089578
2561,5.243226407089578
2562,5.243226407089578
2563,5.243226407089578
2564,5.243226407089578
2565,5.243226407089578
2566,5.243226407089578
2567,5.243226407089578
2568,5.243226407089578
2569,5.243226407089578
2570,5.243226407089578
2571,5.243226407089578
2572,5.243226407089578
2573,5.243226407089578
2574,5.243226407089578
2575,5.243226407089578
2576,5.243226407089578
2577,5.243226407089578
2578,5.243226407089578
2579,5.243226407089578
2580,5.243226407089578
2581,5.243226407089578
2582,5.243226407089578
2583,5.243226407089578
2584,5.243226407089578
2585,5.243226407089578
2586,5.243226407089578
2587,5.243226407089578
2588,5.243226407089578
2589,5.243226407089578
2590,5.243226407089578
2591,5.243226407089578
2592,5.243226407089578
2593,5.243226407089578
2594,5.243226407089578
2595,5.243226407089578
2596,5.243226407089578
2597,5.243226407089578
2598,5.243226407089578
2599,5.243226407089578
2600,5.243226407089578
2601,5.243226407089578
2602,5.243226407089578
2603,5.243226407089578
2604,5.243226407089578
2605,5.243226407089578
2606,5.243226407089578
2607,5.243226407089578
2608,5.243226407089578
2609,5.243226407089578
2610,5.243226407089578
2611,5.243226407089578
2612,5.243226407089578
2613,5.243226407089578
2614,5.243226407089578
2615,5.243226407089578
2616,5.243226407089578
2617,5.243226407089578
2618,5.243226407089578
2619,5.243226407089578
2620,5.243226407089578
2621,5.243226407089578
2622,5.243226407089578
2623,5.243226407089578
2624,5.243226407089578
2625,5.243226407089578
2626,5.243226407089578
2627,5.243226407089578
2628,5.243226407089578
2629,5.243226407089578
2630,5.243226407089578
2631,5.243226407089578
2632,5.243226407089578
2633,5.243226407089578
2634,5.243226407089578
2635,5.243226407089578
2636,5.243226407089578
2637,5.243226407089578
2638,5.243226407089578
2639,5.243226407089578
2640,5.243226407089578
2641,5.243226407089578
2642,5.243226407089578
2643,5.243226407089578
2644,5.243226407089578
2645,5.243226407089578
2646,5.243226407089578
2647,5.243226407089578
2648,5.243226407089578
2649,5.243226407089578
2650,5.243226407089578
2651,5.243226407089578
2652,5.243226407089578
2653,5.243226407089578
2654,5.243226407089578
2655,5.243226407089578
2656,5.243226407089578
2657,5.243226407089578
2658,5.243226407089578
2659,5.243226407089578
2660,5.243226407089578
2661,5.243226407089578
2662,5.243226407089578
2663,5.243226407089578
2664,5.243226407089578
2665,5.243226407089578
2666,5.243226407089578
2667,5.243226407089578
2668,5.243226407089578
2669,5.243226407089578
2670,5.243226407089578
2671,5.243226407089578
2672,5.243226407089578
2673,5.243226407089578
2674,5.243226407089578
2675,5.243226407089578
2676,5.243226407089578
2677,5.243226407089578
2678,5.243226407089578
2679,5.243226407089578
2680,5.243226407089578
2681,5.243226407089578
2682,5.243226407089578
2683,5.243226407089578
2684,5.243226407089578
2685,5.243226407089578
2686,5.243226407089578
2687,5.243226407089578
2688,5.243226407089578
2689,5.243226407089578
2690,5.243226407089578
2691,5.243226407089578
2692,5.243226407089578
2693,5.243226407089578
2694,5.243226407089578
2695,5.243226407089578
2696,5.243226407089578
2697,5.243226407089578
2698,5.243226407089578
2699,5.243226407089578
2700,5.243226407089578
2701,5.243226407089578
2702,5.243226407089578
2703,5.243226407089578
2704,5.243226407089578
2705,5.243226407089578
2706,5.243226407089578
2707,5.243226407089578
2708,5.243226407089578
2709,5.243226407089578
2710,5.243226407089578
2711,5.243226407089578
2712,5.243226407089578
2713,5.243226407089578
2714,5.243226407089578
2715,5.243226407089578
2716,5.243226407089578
2717,5.243226407089578
2718,5.243226407089578
2719,5.243226407089578
2720,5.243226407089578
2721,5.243226407089578
2722,5.243226407089578
2723,5.243226407089578
2724,5.243226407089578
2725,5.243226407089578
2726,5.243226407089578
2727,5.243226407089578
2728,5.243226407089578
2729,5.243226407089578
2730,5.243226407089578
2731,5.243226407089578
2732,5.243226407089578
2733,5.243226407089578
2734,5.243226407089578
2735,5.243226407089578
2736,5.243226407089578
2737,5.243226407089578
2738,5.243226407089578
2739,5.243226407089578
2740,5.243226407089578
2741,5.243226407089578
2742,5.243226407089578
2743,5.243226407089578
2744,5.243226407089578
2745,5.243226407089578
2746,5.243226407089578
2747,5.243226407089578
2748,5.243226407089578
2749,5.243226407089578
2750,5.243226407089578
2751,5.243226407089578
2752,5.243226407089578
2753,5.243226407089578
2754,5.243226407089578
2755,5.243226407089578
2756,5.243226407089578
2757,5.243226407089578
2758,5.243226407089578
2759,5.243226407089578
2760,5.243226407089578
2761,5.243226407089578
2762,5.243226407089578
2763,5.243226407089578
2764,5.243226407089578
2765,5.243226407089578
2766,5.243226407089578
2767,5.243226407089578
2768,5.243226407089578
2769,5.243226407089578
2770,5.243226407089578
2771,5.243226407089578
2772,5.243226407089578
2773,5.243226407089578
2774,5.243226407089578
2775,5.243226407089578
2776,5.243226407089578
2777,5.243226407089578
2778,5.243226407089578
2779,5.243226407089578
2780,5.243226407089578
2781,5.243226407089578
2782,5.243226407089578
2783,5.243226407089578
2784,5.243226407089578
2785,5.243226407089578
2786,5.243226407089578
2787,5.243226407089578
2788,5.243226407089578
2789,5.243226407089578
2790,5.243226407089578
2791,5.243226407089578
2792,5.243226407089578
2793,5.243226407089578
2794,5.243226407089578
2795,5.243226407089578
2796,5.243226407089578
2797,5.243226407089578
2798,5.243226407089578
2799,5.243226407089578
2800,5.243226407089578
2801,5.243226407089578
2802,5.243226407089578
2803,5.243226407089578
2804,5.243226407089578
2805,5.243226407089578
2806,5.243226407089578
2807,5.243226407089578
2808,5.243226407089578
2809,5.243226407089578
2810,5.243226407089578
2811,5.243226407089578
2812,5.243226407089578
2813,5.243226407089578
2814,5.243226407089578
2815,5.243226407089578
2816,5.243226407089578
2817,5.243226407089578
2818,5.243226407089578
2819,5.243226407089578
2820,5.243226407089578
2821,5.243226407089578
2822,5.243226407089578
2823,5.243226407089578
2824,5.243226407089578
2825,5.243226407089578
2826,5.243226407089578
2827,5.243226407089578
2828,5.243226407089578
2829,5.243226407089578
2830,5.243226407089578
2831,5.243226407089578
2832,5.243226407089578
2833,5.243226407089578
2834,5.243226407089578
2835,5.243226407089578
2836,5.243226407089578
2837,5.243226407089578
2838,5.243226407089578
2839,5.243226407089578
2840,5.243226407089578
2841,5.243226407089578
2842,5.243226407089578
2843,5.243226407089578
2844,5.243226407089578
2845,5.243226407089578
2846,5.243226407089578
2847,5.243226407089578
2848,5.243226407089578
2849,5.243226407089578
2850,5.243226407089578
2851,5.243226407089578
2852,5.243226407089578
2853,5.243226407089578
2854,5.243226407089578
2855,5.243226407089578
2856,5.243226407089578
2857,5.243226407089578
2858,5.243226407089578
2859,5.243226407089578
2860,5.243226407089578
2861,5.243226407089578
2862,5.243226407089578
2863,5.243226407089578
2864,5.243226407089578
2865,5.243226407089578
2866,5.243226407089578
2867,5.243226407089578
2868,5.243226407089578
2869,5.243226407089578
2870,5.243226407089578
2871,5.243226407089578
2872,5.243226407089578
2873,5.243226407089578
2874,5.243226407089578
2875,5.243226407089578
2876,5.243226407089578
2877,5.243226407089578
2878,5.243226407089578
2879,5.243226407089578
2880,5.243226407089578
2881,5.243226407089578
2882,5.243226407089578
2883,5.243226407089578
2884,5.243226407089578
2885,5.243226407089578
2886,5.243226407089578
2887,5.243226407089578
2888,5.243226407089578
2889,5.243226407089578
2890,5.243226407089578
2891,5.243226407089578
2892,5.243226407089578
2893,5.243226407089578
2894,5.243226407089578
2895,5.243226407089578
2896,5.243226407089578
2897,5.243226407089578
2898,5.243226407089578
2899,5.243226407089578
2900,5.243226407089578
2901,5.243226407089578
2902,5.243226407089578
2903,5.243226407089578
2904,5.243226407089578
2905,5.243226407089578
2906,5.243226407089578
2907,5.243226407089578
2908,5.243226407089578
2909,5.243226407089578
2910,5.243226407089578
2911,5.243226407089578
2912,5.243226407089578
2913,5.243226407089578
2914,5.243226407089578
2915,5.243226407089578
2916,5.243226407089578
2917,5.243226407089578
2918,5.243226407089578
2919,5.243226407089578
2920,5.243226407089578
2921,5.243226407089578
2922,5.243226407089578
2923,5.243226407089578
2924,5.243226407089578
2925,5.243226407089578
2926,5.243226407089578
2927,5.243226407089578
2928,5.243226407089578
2929,5.243226407089578
2930,5.243226407089578
2931,5.243226407089578
2932,5.243226407089578
2933,5.243226407089578
2934,5.243226407089578
2935,5.243226407089578
2936,5.243226407089578
2937,5.243226407089578
2938,5.243226407089578
2939,5.243226407089578
2940,5.243226407089578
2941,5.243226407089578
2942,5.243226407089578
2943,5.243226407089578
2944,5.243226407089578
2945,5.243226407089578
2946,5.243226407089578
2947,5.243226407089578
2948,5.243226407089578
2949,5.243226407089578
2950,5.243226407089578
2951,5.243226407089578
2952,5.243226407089578
2953,5.243226407089578
2954,5.243226407089578
2955,5.243226407089578
2956,5.243226407089578
2957,5.243226407089578
2958,5.243226407089578
2959,5.243226407089578
2960,5.243226407089578
2961,5.243226407089578
2962,5.243226407089578
2963,5.243226407089578
2964,5.243226407089578
2965,5.243226407089578
2966,5.243226407089578
2967,5.243226407089578
2968,5.243226407089578
2969,5.243226407089578
2970,5.243226407089578
2971,5.243226407089578
2972,5.243226407089578
2973,5.243226407089578
2974,5.243226407089578
2975,5.243226407089578
2976,5.243226407089578
2977,5.243226407089578
2978,5.243226407089578
2979,5.243226407089578
2980,5.243226407089578
2981,5.243226407089578
2982,5.243226407089578
2983,5.243226407089578
2984,5.243226407089578
2985,5.243226407089578
2986,5.243226407089578
2987,5.243226407089578
2988,5.243226407089578
2989,5.243226407089578
2990,5.243226407089578
2991,5.243226407089578
2992,5.243226407089578
2993,5.243226407089578
2994,5.243226407089578
2995,5.243226407089578
2996,5.243226407089578
2997,5.243226407089578
2998,5.243226407089578
2999,5.243226407089578
3000,5.243226407089578
3001,5.243226407089578
3002,5.243226407089578
3003,5.243226407089578
3004,5.243226407089578
3005,5.243226407089578
3006,5.243226407089578
3007,5.243226407089578
3008,5.243226407089578
3009,5.243226407089578
3010,5.243226407089578
3011,5.243226407089578
3012,5.243226407089578
3013,5.243226407089578
3014,5.243226407089578
3015,5.243226407089578
3016,5.243226407089578
3017,5.243226407089578
3018,5.243226407089578
3019,5.243226407089578
3020,5.243226407089578
3021,5.243226407089578
3022,5.243226407089578
3023,5.243226407089578
3024,5.243226407089578
3025,5.243226407089578
3026,5.243226407089578
3027,5.243226407089578
3028,5.243226407089578
3029,5.243226407089578
3030,5.243226407089578
3031,5.243226407089578
3032,5.243226407089578
3033,5.243226407089578
3034,5.243226407089578
3035,5.243226407089578
3036,5.243226407089578
3037,5.243226407089578
3038,5.243226407089578
3039,5.243226407089578
3040,5.243226407089578
3041,5.243226407089578
3042,5.243226407089578
3043,5.243226407089578
3044,5.243226407089578
3045,5.243226407089578
3046,5.243226407089578
3047,5.243226407089578
3048,5.243226407089578
3049,5.243226407089578
3050,5.243226407089578
3051,5.243226407089578
3052,5.243226407089578
3053,5.243226407089578
3054,5.243226407089578
3055,5.243226407089578
3056,5.243226407089578
3057,5.243226407089578
3058,5.243226407089578
3059,5.243226407089578
3060,5.243226407089578
3061,5.243226407089578
3062,5.243226407089578
3063,5.243226407089578
3064,5.243226407089578
3065,5.243226407089578
3066,5.243226407089578
3067,5.243226407089578
3068,5.243226407089578
3069,5.243226407089578
3070,5.243226407089578
3071,5.243226407089578
3072,5.243226407089578
3073,5.243226407089578
3074,5.243226407089578
3075,5.243226407089578
3076,5.243226407089578
3077,5.243226407089578
3078,5.243226407089578
3079,5.243226407089578
3080,5.243226407089578
3081,5.243226407089578
3082,5.243226407089578
3083,5.243226407089578
3084,5.243226407089578
3085,5.243226407089578
3086,5.243226407089578
3087,5.243226407089578
3088,5.243226407089578
3089,5.243226407089578
3090,5.243226407089578
3091,5.243226407089578
3092,5.243226407089578
3093,5.243226407089578
3094,5.243226407089578
3095,5.243226407089578
3096,5.243226407089578
3097,5.243226407089578
3098,5.243226407089578
3099,5.243226407089578
3100,5.243226407089578
3101,5.243226407089578
3102,5.243226407089578
3103,5.243226407089578
3104,5.243226407089578
3105,5.243226407089578
3106,5.243226407089578
3107,5.243226407089578
3108,5.243226407089578
3109,5.243226407089578
3110,5.243226407089578
3111,5.243226407089578
3112,5.243226407089578
3113,5.243226407089578
3114,5.243226407089578
3115,5.243226407089578
3116,5.243226407089578
3117,5.243226407089578
3118,5.243226407089578
3119,5.243226407089578
3120,5.243226407089578
3121,5.243226407089578
3122,5.243226407089578
3123,5.243226407089578
3124,5.243226407089578
3125,5.243226407089578
3126,5.243226407089578
3127,5.243226407089578
3128,5.243226407089578
3129,5.243226407089578
3130,5.243226407089578
3131,5.243226407089578
3132,5.243226407089578
3133,5.243226407089578
3134,5.243226407089578
3135,5.243226407089578
3136,5.243226407089578
3137,5.243226407089578
3138,5.243226407089578
3139,5.243226407089578
3140,5.243226407089578
3141,5.243226407089578
3142,5.243226407089578
3143,5.243226407089578
3144,5.243226407089578
3145,5.243226407089578
3146,5.243226407089578
3147,5.243226407089578
3148,5.243226407089578
3149,5.243226407089578
3150,5.243226407089578
3151,5.243226407089578
3152,5.243226407089578
3153,5.243226407089578
3154,5.243226407089578
3155,5.243226407089578
3156,5.243226407089578
3157,5.243226407089578
3158,5.243226407089578
3159,5.243226407089578
3160,5.243226407089578
3161,5.243226407089578
3162,5.243226407089578
3163,5.243226407089578
3164,5.243226407089578
3165,5.243226407089578
3166,5.243226407089578
3167,5.243226407089578
3168,5.243226407089578
3169,5.243226407089578
3170,5.243226407089578
3171,5.243226407089578
3172,5.243226407089578
3173,5.243226407089578
3174,5.243226407089578
3175,5.243226407089578
3176,5.243226407089578
3177,5.243226407089578
3178,5.243226407089578
3179,5.243226407089578
3180,5.243226407089578
3181,5.243226407089578
3182,5.243226407089578
3183,5.243226407089578
3184,5.243226407089578
3185,5.243226407089578
3186,5.243226407089578
3187,5.243226407089578
3188,5.243226407089578
3189,5.243226407089578
3190,5.243226407089578
3191,5.243226407089578
3192,5.243226407089578
3193,5.243226407089578
3194,5.243226407089578
3195,5.243226407089578
3196,5.243226407089578
3197,5.243226407089578
3198,5.243226407089578
3199,5.243226407089578
3200,5.243226407089578
3201,5.243226407089578
3202,5.243226407089578
3203,5.243226407089578
3204,5.243226407089578
3205,5.243226407089578
3206,5.243226407089578
3207,5.243226407089578
3208,5.243226407089578
3209,5.243226407089578
3210,5.243226407089578
3211,5.243226407089578
3212,5.243226407089578
3213,5.243226407089578
3214,5.243226407089578
3215,5.243226407089578
3216,5.243226407089578
3217,5.243226407089578
3218,5.243226407089578
3219,5.243226407089578
3220,5.243226407089578
3221,5.243226407089578
3222,5.243226407089578
3223,5.243226407089578
3224,5.243226407089578
3225,5.243226407089578
3226,5.243226407089578
3227,5.243226407089578
3228,5.243226407089578
3229,5.243226407089578
3230,5.243226407089578
3231,5.243226407089578
3232,5.243226407089578
3233,5.243226407089578
3234,5.243226407089578
3235,5.243226407089578
3236,5.243226407089578
3237,5.243226407089578
3238,5.243226407089578
3239,5.243226407089578
3240,5.243226407089578
3241,5.243226407089578
3242,5.243226407089578
3243,5.243226407089578
3244,5.243226407089578
3245,5.243226407089578
3246,5.243226407089578
3247,5.243226407089578
3248,5.243226407089578
3249,5.243226407089578
3250,5.243226407089578
3251,5.243226407089578
3252,5.243226407089578
3253,5.243226407089578
3254,5.243226407089578
3255,5.243226407089578
3256,5.243226407089578
3257,5.243226407089578
3258,5.243226407089578
3259,5.243226407089578
3260,5.243226407089578
3261,5.243226407089578
3262,5.243226407089578
3263,5.243226407089578
3264,5.243226407089578
3265,5.243226407089578
3266,5.243226407089578
3267,5.243226407089578
3268,5.243226407089578
3269,5.243226407089578
3270,5.243226407089578
3271,5.243226407089578
3272,5.243226407089578
3273,5.243226407089578
3274,5.243226407089578
3275,5.243226407089578
3276,5.243226407089578
3277,5.243226407089578
3278,5.243226407089578
3279,5.243226407089578
3280,5.243226407089578
3281,5.243226407089578
3282,5.243226407089578
3283,5.243226407089578
3284,5.243226407089578
3285,5.243226407089578
3286,5.243226407089578
3287,5.243226407089578
3288,5.243226407089578
3289,5.243226407089578
3290,5.243226407089578
3291,5.243226407089578
3292,5.243226407089578
3293,5.243226407089578
3294,5.243226407089578
3295,5.243226407089578
3296,5.243226407089578
3297,5.243226407089578
3298,5.243226407089578
3299,5.243226407089578
3300,5.243226407089578
3301,5.243226407089578
3302,5.243226407089578
3303,5.243226407089578
3304,5.243226407089578
3305,5.243226407089578
3306,5.243226407089578
3307,5.243226407089578
3308,5.243226407089578
3309,5.243226407089578
3310,5.243226407089578
3311,5.243226407089578
3312,5.243226407089578
3313,5.243226407089578
3314,5.243226407089578
3315,5.243226407089578
3316,5.243226407089578
3317,5.243226407089578
3318,5.243226407089578
3319,5.243226407089578
3320,5.243226407089578
3321,5.243226407089578
3322,5.243226407089578
3323,5.243226407089578
3324,5.243226407089578
3325,5.243226407089578
3326,5.243226407089578
3327,5.243226407089578
3328,5.243226407089578
3329,5.243226407089578
3330,5.243226407089578
3331,5.243226407089578
3332,5.243226407089578
3333,5.243226407089578
3334,5.243226407089578
3335,5.243226407089578
3336,5.243226407089578
3337,5.243226407089578
3338,5.243226407089578
3339,5.243226407089578
3340,5.243226407089578
3341,5.243226407089578
3342,5.243226407089578
3343,5.243226407089578
3344,5.243226407089578
3345,5.243226407089578
3346,5.243226407089578
3347,5.243226407089578
3348,5.243226407089578
3349,5.243226407089578
3350,5.243226407089578
3351,5.243226407089578
3352,5.243226407089578
3353,5.243226407089578
3354,5.243226407089578
3355,5.243226407089578
3356,5.243226407089578
3357,5.243226407089578
3358,5.243226407089578
3359,5.243226407089578
3360,5.243226407089578
3361,5.243226407089578
3362,5.243226407089578
3363,5.243226407089578
3364,5.243226407089578
3365,5.243226407089578
3366,5.243226407089578
3367,5.243226407089578
3368,5.243226407089578
3369,5.243226407089578
3370,5.243226407089578
3371,5.243226407089578
3372,5.243226407089578
3373,5.243226407089578
3374,5.243226407089578
3375,5.243226407089578
3376,5.243226407089578
3377,5.243226407089578
3378,5.243226407089578
3379,5.243226407089578
3380,5.243226407089578
3381,5.243226407089578
3382,5.243226407089578
3383,5.243226407089578
3384,5.243226407089578
3385,5.243226407089578
3386,5.243226407089578
3387,5.243226407089578
3388,5.243226407089578
3389,5.243226407089578
3390,5.243226407089578
3391,5.243226407089578
3392,5.243226407089578
3393,5.243226407089578
3394,5.243226407089578
3395,5.243226407089578
3396,5.243226407089578
3397,5.243226407089578
3398,5.243226407089578
3399,5.243226407089578
3400,5.243226407089578
3401,5.243226407089578
3402,5.243226407089578
3403,5.243226407089578
3404,5.243226407089578
3405,5.243226407089578
3406,5.243226407089578
3407,5.243226407089578
3408,5.243226407089578
3409,5.243226407089578
3410,5.243226407089578
3411,5.243226407089578
3412,5.243226407089578
3413,5.243226407089578
3414,5.243226407089578
3415,5.243226407089578
3416,5.243226407089578
3417,5.243226407089578
3418,5.243226407089578
3419,5.243226407089578
3420,5.243226407089578
3421,5.243226407089578
3422,5.243226407089578
3423,5.243226407089578
3424,5.243226407089578
3425,5.243226407089578
3426,5.243226407089578
3427,5.243226407089578
3428,5.243226407089578
3429,5.243226407089578
3430,5.243226407089578
3431,5.243226407089578
3432,5.243226407089578
3433,5.243226407089578
3434,5.243226407089578
3435,5.243226407089578
3436,5.243226407089578
3437,5.243226407089578
3438,5.243226407089578
3439,5.243226407089578
3440,5.243226407089578
3441,5.243226407089578
3442,5.243226407089578
3443,5.243226407089578
3444,5.243226407089578
3445,5.243226407089578
3446,5.243226407089578
3447,5.243226407089578
3448,5.243226407089578
3449,5.243226407089578
3450,5.243226407089578
3451,5.243226407089578
3452,5.243226407089578
3453,5.243226407089578
3454,5.243226407089578
3455,5.243226407089578
3456,5.243226407089578
3457,5.243226407089578
3458,5.243226407089578
3459,5.243226407089578
3460,5.243226407089578
3461,5.243226407089578
3462,5.243226407089578
3463,5.243226407089578
3464,5.243226407089578
3465,5.243226407089578
3466,5.243226407089578
3467,5.243226407089578
3468,5.243226407089578
3469,5.243226407089578
3470,5.243226407089578
3471,5.243226407089578
3472,5.243226407089578
3473,5.243226407089578
3474,5.243226407089578
3475,5.243226407089578
3476,5.243226407089578
3477,5.243226407089578
3478,5.243226407089578
3479,5.243226407089578
3480,5.243226407089578
3481,5.243226407089578
3482,5.243226407089578
3483,5.243226407089578
3484,5.243226407089578
3485,5.243226407089578
3486,5.243226407089578
3487,5.243226407089578
3488,5.243226407089578
3489,5.243226407089578
3490,5.243226407089578
3491,5.243226407089578
3492,5.243226407089578
3493,5.243226407089578
3494,5.243226407089578
3495,5.243226407089578
3496,5.243226407089578
3497,5.243226407089578
3498,5.243226407089578
3499,5.243226407089578
3500,5.243226407089578
3501,5.243226407089578
3502,5.243226407089578
3503,5.243226407089578
3504,5.243226407089578
3505,5.243226407089578
3506,5.243226407089578
3507,5.243226407089578
3508,5.243226407089578
3509,5.243226407089578
3510,5.243226407089578
3511,5.243226407089578
3512,5.243226407089578
3513,5.243226407089578
3514,5.243226407089578
3515,5.243226407089578
3516,5.243226407089578
3517,5.243226407089578
3518,5.243226407089578
3519,5.243226407089578
3520,5.243226407089578
3521,5.243226407089578
3522,5.243226407089578
3523,5.243226407089578
3524,5.243226407089578
3525,5.243226407089578
3526,5.243226407089578
3527,5.243226407089578
3528,5.243226407089578
3529,5.243226407089578
3530,5.243226407089578
3531,5.243226407089578
3532,5.243226407089578
3533,5.243226407089578
3534,5.243226407089578
3535,5.243226407089578
3536,5.243226407089578
3537,5.243226407089578
3538,5.243226407089578
3539,5.243226407089578
3540,5.243226407089578
3541,5.243226407089578
3542,5.243226407089578
3543,5.243226407089578
3544,5.243226407089578
3545,5.243226407089578
3546,5.243226407089578
3547,5.243226407089578
3548,5.243226407089578
3549,5.243226407089578
3550,5.243226407089578
3551,5.243226407089578
3552,5.243226407089578
3553,5.243226407089578
3554,5.243226407089578
3555,5.243226407089578
3556,5.243226407089578
3557,5.243226407089578
3558,5.243226407089578
3559,5.243226407089578
3560,5.243226407089578
3561,5.243226407089578
3562,5.243226407089578
3563,5.243226407089578
3564,5.243226407089578
3565,5.243226407089578
3566,5.243226407089578
3567,5.243226407089578
3568,5.243226407089578
3569,5.243226407089578
3570,5.243226407089578
3571,5.243226407089578
3572,5.243226407089578
3573,5.243226407089578
3574,5.243226407089578
3575,5.243226407089578
3576,5.243226407089578
3577,5.243226407089578
3578,5.243226407089578
3579,5.243226407089578
3580,5.243226407089578
3581,5.243226407089578
3582,5.243226407089578
3583,5.243226407089578
3584,5.243226407089578
3585,5.243226407089578
3586,5.243226407089578
3587,5.243226407089578
3588,5.243226407089578
3589,5.243226407089578
3590,5.243226407089578
3591,5.243226407089578
3592,5.243226407089578
3593,5.243226407089578
3594,5.243226407089578
3595,5.243226407089578
3596,5.243226407089578
3597,5.243226407089578
3598,5.243226407089578
3599,5.243226407089578
3600,5.243226407089578
3601,5.243226407089578
3602,5.243226407089578
3603,5.243226407089578
3604,5.243226407089578
3605,5.243226407089578
3606,5.243226407089578
3607,5.243226407089578
3608,5.243226407089578
3609,5.243226407089578
3610,5.243226407089578
3611,5.243226407089578
3612,5.243226407089578
3613,5.243226407089578
3614,5.243226407089578
3615,5.243226407089578
3616,5.243226407089578
3617,5.243226407089578
3618,5.243226407089578
3619,5.243226407089578
3620,5.243226407089578
3621,5.243226407089578
3622,5.243226407089578
3623,5.243226407089578
3624,5.243226407089578
3625,5.243226407089578
3626,5.243226407089578
3627,5.243226407089578
3628,5.243226407089578
3629,5.243226407089578
3630,5.243226407089578
3631,5.243226407089578
3632,5.243226407089578
3633,5.243226407089578
3634,5.243226407089578
3635,5.243226407089578
3636,5.243226407089578
3637,5.243226407089578
3638,5.243226407089578
3639,5.243226407089578
3640,5.243226407089578
3641,5.243226407089578
3642,5.243226407089578
3643,5.243226407089578
3644,5.243226407089578
3645,5.243226407089578
3646,5.243226407089578
3647,5.243226407089578
3648,5.243226407089578
3649,5.243226407089578
3650,5.243226407089578
3651,5.243226407089578
3652,5.243226407089578
3653,5.243226407089578
3654,5.243226407089578
3655,5.243226407089578
3656,5.243226407089578
3657,5.243226407089578
3658,5.243226407089578
3659,5.243226407089578
3660,5.243226407089578
3661,5.243226407089578
3662,5.243226407089578
3663,5.243226407089578
3664,5.243226407089578
3665,5.243226407089578
3666,5.243226407089578
3667,5.243226407089578
3668,5.243226407089578
3669,5.243226407089578
3670,5.243226407089578
3671,5.243226407089578
3672,5.243226407089578
3673,5.243226407089578
3674,5.243226407089578
3675,5.243226407089578
3676,5.243226407089578
3677,5.243226407089578
3678,5.243226407089578
3679,5.243226407089578
3680,5.243226407089578
3681,5.243226407089578
3682,5.243226407089578
3683,5.243226407089578
3684,5.243226407089578
3685,5.243226407089578
3686,5.243226407089578
3687,5.243226407089578
3688,5.243226407089578
3689,5.243226407089578
3690,5.243226407089578
3691,5.243226407089578
3692,5.243226407089578
3693,5.243226407089578
3694,5.243226407089578
3695,5.243226407089578
3696,5.243226407089578
3697,5.243226407089578
3698,5.243226407089578
3699,5.243226407089578
3700,5.243226407089578
3701,5.243226407089578
3702,5.243226407089578
3703,5.243226407089578
3704,5.243226407089578
3705,5.243226407089578
3706,5.243226407089578
3707,5.243226407089578
3708,5.243226407089578
3709,5.243226407089578
3710,5.243226407089578
3711,5.243226407089578
3712,5.243226407089578
3713,5.243226407089578
3714,5.243226407089578
3715,5.243226407089578
3716,5.243226407089578
3717,5.243226407089578
3718,5.243226407089578
3719,5.243226407089578
3720,5.243226407089578
3721,5.243226407089578
3722,5.243226407089578
3723,5.243226407089578
3724,5.243226407089578
3725,5.243226407089578
3726,5.243226407089578
3727,5.243226407089578
3728,5.243226407089578
3729,5.243226407089578
3730,5.243226407089578
3731,5.243226407089578
3732,5.243226407089578
3733,5.243226407089578
3734,5.243226407089578
3735,5.243226407089578
3736,5.243226407089578
3737,5.243226407089578
3738,5.243226407089578
3739,5.243226407089578
3740,5.243226407089578
3741,5.243226407089578
3742,5.243226407089578
3743,5.243226407089578
3744,5.243226407089578
3745,5.243226407089578
3746,5.243226407089578
3747,5.243226407089578
3748,5.243226407089578
3749,5.243226407089578
3750,5.243226407089578
3751,5.243226407089578
3752,5.243226407089578
3753,5.243226407089578
3754,5.243226407089578
3755,5.243226407089578
3756,5.243226407089578
3757,5.243226407089578
3758,5.243226407089578
3759,5.243226407089578
3760,5.243226407089578
3761,5.243226407089578
3762,5.243226407089578
3763,5.243226407089578
3764,5.243226407089578
3765,5.243226407089578
3766,5.243226407089578
3767,5.243226407089578
3768,5.243226407089578
3769,5.243226407089578
3770,5.243226407089578
3771,5.243226407089578
3772,5.243226407089578
3773,5.243226407089578
3774,5.243226407089578
3775,5.243226407089578
3776,5.243226407089578
3777,5.243226407089578
3778,5.243226407089578
3779,5.243226407089578
3780,5.243226407089578
3781,5.243226407089578
3782,5.243226407089578
3783,5.243226407089578
3784,5.243226407089578
3785,5.243226407089578
3786,5.243226407089578
3787,5.243226407089578
3788,5.243226407089578
3789,5.243226407089578
3790,5.243226407089578
3791,5.243226407089578
3792,5.243226407089578
3793,5.243226407089578
3794,5.243226407089578
3795,5.243226407089578
3796,5.243226407089578
3797,5.243226407089578
3798,5.243226407089578
3799,5.243226407089578
3800,5.243226407089578
3801,5.243226407089578
3802,5.243226407089578
3803,5.243226407089578
3804,5.243226407089578
3805,5.243226407089578
3806,5.243226407089578
3807,5.243226407089578
3808,5.243226407089578
3809,5.243226407089578
3810,5.243226407089578
3811,5.243226407089578
3812,5.243226407089578
3813,5.243226407089578
3814,5.243226407089578
3815,5.243226407089578
3816,5.243226407089578
3817,5.243226407089578
3818,5.243226407089578
3819,5.243226407089578
3820,5.243226407089578
3821,5.243226407089578
3822,5.243226407089578
3823,5.243226407089578
3824,5.243226407089578
3825,5.243226407089578
3826,5.243226407089578
3827,5.243226407089578
3828,5.243226407089578
3829,5.243226407089578
3830,5.243226407089578
3831,5.243226407089578
3832,5.243226407089578
3833,5.243226407089578
3834,5.243226407089578
3835,5.243226407089578
3836,5.243226407089578
3837,5.243226407089578
3838,5.243226407089578
3839,5.243226407089578
3840,5.243226407089578
3841,5.243226407089578
3842,5.243226407089578
3843,5.243226407089578
3844,5.243226407089578
3845,5.243226407089578
3846,5.243226407089578
3847,5.243226407089578
3848,5.243226407089578
3849,5.243226407089578
3850,5.243226407089578
3851,5.243226407089578
3852,5.243226407089578
3853,5.243226407089578
3854,5.243226407089578
3855,5.243226407089578
3856,5.243226407089578
3857,5.243226407089578
3858,5.243226407089578
3859,5.243226407089578
3860,5.243226407089578
3861,5.243226407089578
3862,5.243226407089578
3863,5.243226407089578
3864,5.243226407089578
3865,5.243226407089578
3866,5.243226407089578
3867,5.243226407089578
3868,5.243226407089578
3869,5.243226407089578
3870,5.243226407089578
3871,5.243226407089578
3872,5.243226407089578
3873,5.243226407089578
3874,5.243226407089578
3875,5.243226407089578
3876,5.243226407089578
3877,5.243226407089578
3878,5.243226407089578
3879,5.243226407089578
3880,5.243226407089578
3881,5.243226407089578
3882,5.243226407089578
3883,5.243226407089578
3884,5.243226407089578
3885,5.243226407089578
3886,5.243226407089578
3887,5.243226407089578
3888,5.243226407089578
3889,5.243226407089578
3890,5.243226407089578
3891,5.243226407089578
3892,5.243226407089578
3893,5.243226407089578
3894,5.243226407089578
3895,5.243226407089578
3896,5.243226407089578
3897,5.243226407089578
3898,5.243226407089578
3899,5.243226407089578
3900,5.243226407089578
3901,5.243226407089578
3902,5.243226407089578
3903,5.243226407089578
3904,5.243226407089578
3905,5.243226407089578
3906,5.243226407089578
3907,5.243226407089578
3908,5.243226407089578
3909,5.243226407089578
3910,5.243226407089578
3911,5.243226407089578
3912,5.243226407089578
3913,5.243226407089578
3914,5.243226407089578
3915,5.243226407089578
3916,5.243226407089578
3917,5.243226407089578
3918,5.243226407089578
3919,5.243226407089578
3920,5.243226407089578
3921,5.243226407089578
3922,5.243226407089578
3923,5.243226407089578
3924,5.243226407089578
3925,5.243226407089578
3926,5.243226407089578
3927,5.243226407089578
3928,5.243226407089578
3929,5.243226407089578
3930,5.243226407089578
3931,5.243226407089578
3932,5.243226407089578
3933,5.243226407089578
3934,5.243226407089578
3935,5.243226407089578
3936,5.243226407089578
3937,5.243226407089578
3938,5.243226407089578
3939,5.243226407089578
3940,5.243226407089578
3941,5.243226407089578
3942,5.243226407089578
3943,5.243226407089578
3944,5.243226407089578
3945,5.243226407089578
3946,5.243226407089578
3947,5.243226407089578
3948,5.243226407089578
3949,5.243226407089578
3950,5.243226407089578
3951,5.243226407089578
3952,5.243226407089578
3953,5.243226407089578
3954,5.243226407089578
3955,5.243226407089578
3956,5.243226407089578
3957,5.243226407089578
3958,5.243226407089578
3959,5.243226407089578
3960,5.243226407089578
3961,5.243226407089578
3962,5.243226407089578
3963,5.243226407089578
3964,5.243226407089578
3965,5.243226407089578
3966,5.243226407089578
3967,5.243226407089578
3968,5.243226407089578
3969,5.243226407089578
3970,5.243226407089578
3971,5.243226407089578
3972,5.243226407089578
3973,5.243226407089578
3974,5.243226407089578
3975,5.243226407089578
3976,5.243226407089578
3977,5.243226407089578
3978,5.243226407089578
3979,5.243226407089578
3980,5.243226407089578
3981,5.243226407089578
3982,5.243226407089578
3983,5.243226407089578
3984,5.243226407089578
3985,5.243226407089578
3986,5.243226407089578
3987,5.243226407089578
3988,5.243226407089578
3989,5.243226407089578
3990,5.243226407089578
3991,5.243226407089578
3992,5.243226407089578
3993,5.243226407089578
3994,5.243226407089578
3995,5.243226407089578
3996,5.243226407089578
3997,5.243226407089578
3998,5.243226407089578
3999,5.243226407089578
4000,5.243226407089578
4001,5.243226407089578
4002,5.243226407089578
4003,5.243226407089578
4004,5.243226407089578
4005,5.243226407089578
4006,5.243226407089578
4007,5.243226407089578
4008,5.243226407089578
4009,5.243226407089578
4010,5.243226407089578
4011,5.243226407089578
4012,5.243226407089578
4013,5.243226407089578
4014,5.243226407089578
4015,5.243226407089578
4016,5.243226407089578
4017,5.243226407089578
4018,5.243226407089578
4019,5.243226407089578
4020,5.243226407089578
4021,5.243226407089578
4022,5.243226407089578
4023,5.243226407089578
4024,5.243226407089578
4025,5.243226407089578
4026,5.243226407089578
4027,5.243226407089578
4028,5.243226407089578
4029,5.243226407089578
4030,5.243226407089578
4031,5.243226407089578
4032,5.243226407089578
4033,5.243226407089578
4034,5.243226407089578
4035,5.243226407089578
4036,5.243226407089578
4037,5.243226407089578
4038,5.243226407089578
4039,5.243226407089578
4040,5.243226407089578
4041,5.243226407089578
4042,5.243226407089578
4043,5.243226407089578
4044,5.243226407089578
4045,5.243226407089578
4046,5.243226407089578
4047,5.243226407089578
4048,5.243226407089578
4049,5.243226407089578
4050,5.243226407089578
4051,5.243226407089578
4052,5.243226407089578
4053,5.243226407089578
4054,5.243226407089578
4055,5.243226407089578
4056,5.243226407089578
4057,5.243226407089578
4058,5.243226407089578
4059,5.243226407089578
4060,5.243226407089578
4061,5.243226407089578
4062,5.243226407089578
4063,5.243226407089578
4064,5.243226407089578
4065,5.243226407089578
4066,5.243226407089578
4067,5.243226407089578
4068,5.243226407089578
4069,5.243226407089578
4070,5.243226407089578
4071,5.243226407089578
4072,5.243226407089578
4073,5.243226407089578
4074,5.243226407089578
4075,5.243226407089578
4076,5.243226407089578
4077,5.243226407089578
4078,5.243226407089578
4079,5.243226407089578
4080,5.243226407089578
4081,5.243226407089578
4082,5.243226407089578
4083,5.243226407089578
4084,5.243226407089578
4085,5.243226407089578
4086,5.243226407089578
4087,5.243226407089578
4088,5.243226407089578
4089,5.243226407089578
4090,5.243226407089578
4091,5.243226407089578
4092,5.243226407089578
4093,5.243226407089578
4094,5.243226407089578
4095,5.243226407089578
4096,5.243226407089578
4097,5.243226407089578
4098,5.243226407089578
4099,5.243226407089578
4100,5.243226407089578
4101,5.243226407089578
4102,5.243226407089578
4103,5.243226407089578
4104,5.243226407089578
4105,5.243226407089578
4106,5.243226407089578
4107,5.243226407089578
4108,5.243226407089578
4109,5.243226407089578
4110,5.243226407089578
4111,5.243226407089578
4112,5.243226407089578
4113,5.243226407089578
4114,5.243226407089578
4115,5.243226407089578
4116,5.243226407089578
4117,5.243226407089578
4118,5.243226407089578
4119,5.243226407089578
4120,5.243226407089578
4121,5.243226407089578
4122,5.243226407089578
4123,5.243226407089578
4124,5.243226407089578
4125,5.243226407089578
4126,5.243226407089578
4127,5.243226407089578
4128,5.243226407089578
4129,5.243226407089578
4130,5.243226407089578
4131,5.243226407089578
4132,5.243226407089578
4133,5.243226407089578
4134,5.243226407089578
4135,5.243226407089578
4136,5.243226407089578
4137,5.243226407089578
4138,5.243226407089578
4139,5.243226407089578
4140,5.243226407089578
4141,5.243226407089578
4142,5.243226407089578
4143,5.243226407089578
4144,5.243226407089578
4145,5.243226407089578
4146,5.243226407089578
4147,5.243226407089578
4148,5.243226407089578
4149,5.243226407089578
4150,5.243226407089578
4151,5.243226407089578
4152,5.243226407089578
4153,5.243226407089578
4154,5.243226407089578
4155,5.243226407089578
4156,5.243226407089578
4157,5.243226407089578
4158,5.243226407089578
4159,5.243226407089578
4160,5.243226407089578
4161,5.243226407089578
4162,5.243226407089578
4163,5.243226407089578
4164,5.243226407089578
4165,5.243226407089578
4166,5.243226407089578
4167,5.243226407089578
4168,5.243226407089578
4169,5.243226407089578
4170,5.243226407089578
4171,5.243226407089578
4172,5.243226407089578
4173,5.243226407089578
4174,5.243226407089578
4175,5.243226407089578
4176,5.243226407089578
4177,5.243226407089578
4178,5.243226407089578
4179,5.243226407089578
4180,5.243226407089578
4181,5.243226407089578
4182,5.243226407089578
4183,5.243226407089578
4184,5.243226407089578
4185,5.243226407089578
4186,5.243226407089578
4187,5.243226407089578
4188,5.243226407089578
4189,5.243226407089578
4190,5.243226407089578
4191,5.243226407089578
4192,5.243226407089578
4193,5.243226407089578
4194,5.243226407089578
4195,5.243226407089578
4196,5.243226407089578
4197,5.243226407089578
4198,5.243226407089578
4199,5.243226407089578
4200,5.243226407089578
4201,5.243226407089578
4202,5.243226407089578
4203,5.243226407089578
4204,5.243226407089578
4205,5.243226407089578
4206,5.243226407089578
4207,5.243226407089578
4208,5.243226407089578
4209,5.243226407089578
4210,5.243226407089578
4211,5.243226407089578
4212,5.243226407089578
4213,5.243226407089578
4214,5.243226407089578
4215,5.243226407089578
4216,5.243226407089578
4217,5.243226407089578
4218,5.243226407089578
4219,5.243226407089578
4220,5.243226407089578
4221,5.243226407089578
4222,5.243226407089578
4223,5.243226407089578
4224,5.243226407089578
4225,5.243226407089578
4226,5.243226407089578
4227,5.243226407089578
4228,5.243226407089578
4229,5.243226407089578
4230,5.243226407089578
4231,5.243226407089578
4232,5.243226407089578
4233,5.243226407089578
4234,5.243226407089578
4235,5.243226407089578
4236,5.243226407089578
4237,5.243226407089578
4238,5.243226407089578
4239,5.243226407089578
4240,5.243226407089578
4241,5.243226407089578
4242,5.243226407089578
4243,5.243226407089578
4244,5.243226407089578
4245,5.243226407089578
4246,5.243226407089578
4247,5.243226407089578
4248,5.243226407089578
4249,5.243226407089578
4250,5.243226407089578
4251,5.243226407089578
4252,5.243226407089578
4253,5.243226407089578
4254,5.243226407089578
4255,5.243226407089578
4256,5.243226407089578
4257,5.243226407089578
4258,5.243226407089578
4259,5.243226407089578
4260,5.243226407089578
4261,5.243226407089578
4262,5.243226407089578
4263,5.243226407089578
4264,5.243226407089578
4265,5.243226407089578
4266,5.243226407089578
4267,5.243226407089578
4268,5.243226407089578
4269,5.243226407089578
4270,5.243226407089578
4271,5.243226407089578
4272,5.243226407089578
4273,5.243226407089578
4274,5.243226407089578
4275,5.243226407089578
4276,5.243226407089578
4277,5.243226407089578
4278,5.243226407089578
4279,5.243226407089578
4280,5.243226407089578
4281,5.243226407089578
4282,5.243226407089578
4283,5.243226407089578
4284,5.243226407089578
4285,5.243226407089578
4286,5.243226407089578
4287,5.243226407089578
4288,5.243226407089578
4289,5.243226407089578
4290,5.243226407089578
4291,5.243226407089578
4292,5.243226407089578
4293,5.243226407089578
4294,5.243226407089578
4295,5.243226407089578
4296,5.243226407089578
4297,5.243226407089578
4298,5.243226407089578
4299,5.243226407089578
4300,5.243226407089578
4301,5.243226407089578
4302,5.243226407089578
4303,5.243226407089578
4304,5.243226407089578
4305,5.243226407089578
4306,5.243226407089578
4307,5.243226407089578
4308,5.243226407089578
4309,5.243226407089578
4310,5.243226407089578
4311,5.243226407089578
4312,5.243226407089578
4313,5.243226407089578
4314,5.243226407089578
4315,5.243226407089578
4316,5.243226407089578
4317,5.243226407089578
4318,5.243226407089578
4319,5.243226407089578
4320,5.243226407089578
4321,5.243226407089578
4322,5.243226407089578
4323,5.243226407089578
4324,5.243226407089578
4325,5.243226407089578
4326,5.243226407089578
4327,5.243226407089578
4328,5.243226407089578
4329,5.243226407089578
4330,5.243226407089578
4331,5.243226407089578
4332,5.243226407089578
4333,5.243226407089578
4334,5.243226407089578
4335,5.243226407089578
4336,5.243226407089578
4337,5.243226407089578
4338,5.243226407089578
4339,5.243226407089578
4340,5.243226407089578
4341,5.243226407089578
4342,5.243226407089578
4343,5.243226407089578
4344,5.243226407089578
4345,5.243226407089578
4346,5.243226407089578
4347,5.243226407089578
4348,5.243226407089578
4349,5.243226407089578
4350,5.243226407089578
4351,5.243226407089578
4352,5.243226407089578
4353,5.243226407089578
4354,5.243226407089578
4355,5.243226407089578
4356,5.243226407089578
4357,5.243226407089578
4358,5.243226407089578
4359,5.243226407089578
4360,5.243226407089578
4361,5.243226407089578
4362,5.243226407089578
4363,5.243226407089578
4364,5.243226407089578
4365,5.243226407089578
4366,5.243226407089578
4367,5.243226407089578
4368,5.243226407089578
4369,5.243226407089578
4370,5.243226407089578
4371,5.243226407089578
4372,5.243226407089578
4373,5.243226407089578
4374,5.243226407089578
4375,5.243226407089578
4376,5.243226407089578
4377,5.243226407089578
4378,5.243226407089578
4379,5.243226407089578
4380,5.243226407089578
4381,5.243226407089578
4382,5.243226407089578
4383,5.243226407089578
4384,5.243226407089578
4385,5.243226407089578
4386,5.243226407089578
4387,5.243226407089578
4388,5.243226407089578
4389,5.243226407089578
4390,5.243226407089578
4391,5.243226407089578
4392,5.243226407089578
4393,5.243226407089578
4394,5.243226407089578
4395,5.243226407089578
4396,5.243226407089578
4397,5.243226407089578
4398,5.243226407089578
4399,5.243226407089578
4400,5.243226407089578
4401,5.243226407089578
4402,5.243226407089578
4403,5.243226407089578
4404,5.243226407089578
4405,5.243226407089578
4406,5.243226407089578
4407,5.243226407089578
4408,5.243226407089578
4409,5.243226407089578
4410,5.243226407089578
4411,5.243226407089578
4412,5.243226407089578
4413,5.243226407089578
4414,5.243226407089578
4415,5.243226407089578
4416,5.243226407089578
4417,5.243226407089578
4418,5.243226407089578
4419,5.243226407089578
4420,5.243226407089578
4421,5.243226407089578
4422,5.243226407089578
4423,5.243226407089578
4424,5.243226407089578
4425,5.243226407089578
4426,5.243226407089578
4427,5.243226407089578
4428,5.243226407089578
4429,5.243226407089578
4430,5.243226407089578
4431,5.243226407089578
4432,5.243226407089578
4433,5.243226407089578
4434,5.243226407089578
4435,5.243226407089578
4436,5.243226407089578
4437,5.243226407089578
4438,5.243226407089578
4439,5.243226407089578
4440,5.243226407089578
4441,5.243226407089578
4442,5.243226407089578
4443,5.243226407089578
4444,5.243226407089578
4445,5.243226407089578
4446,5.243226407089578
4447,5.243226407089578
4448,5.243226407089578
4449,5.243226407089578
4450,5.243226407089578
4451,5.243226407089578
4452,5.243226407089578
4453,5.243226407089578
4454,5.243226407089578
4455,5.243226407089578
4456,5.243226407089578
4457,5.243226407089578
4458,5.243226407089578
4459,5.243226407089578
4460,5.243226407089578
4461,5.243226407089578
4462,5.243226407089578
4463,5.243226407089578
4464,5.243226407089578
4465,5.243226407089578
4466,5.243226407089578
4467,5.243226407089578
4468,5.243226407089578
4469,5.243226407089578
4470,5.243226407089578
4471,5.243226407089578
4472,5.243226407089578
4473,5.243226407089578
4474,5.243226407089578
4475,5.243226407089578
4476,5.243226407089578
4477,5.243226407089578
4478,5.243226407089578
4479,5.243226407089578
4480,5.243226407089578
4481,5.243226407089578
4482,5.243226407089578
4483,5.243226407089578
4484,5.243226407089578
4485,5.243226407089578
4486,5.243226407089578
4487,5.243226407089578
4488,5.243226407089578
4489,5.243226407089578
4490,5.243226407089578
4491,5.243226407089578
4492,5.243226407089578
4493,5.243226407089578
4494,5.243226407089578
4495,5.243226407089578
4496,5.243226407089578
4497,5.243226407089578
4498,5.243226407089578
4499,5.243226407089578
4500,5.243226407089578
4501,5.243226407089578
4502,5.243226407089578
4503,5.243226407089578
4504,5.243226407089578
4505,5.243226407089578
4506,5.243226407089578
4507,5.243226407089578
4508,5.243226407089578
4509,5.243226407089578
4510,5.243226407089578
4511,5.243226407089578
4512,5.243226407089578
4513,5.243226407089578
4514,5.243226407089578
4515,5.243226407089578
4516,5.243226407089578
4517,5.243226407089578
4518,5.243226407089578
4519,5.243226407089578
4520,5.243226407089578
4521,5.243226407089578
4522,5.243226407089578
4523,5.243226407089578
4524,5.243226407089578
4525,5.243226407089578
4526,5.243226407089578
4527,5.243226407089578
4528,5.243226407089578
4529,5.243226407089578
4530,5.243226407089578
4531,5.243226407089578
4532,5.243226407089578
4533,5.243226407089578
4534,5.243226407089578
4535,5.243226407089578
4536,5.243226407089578
4537,5.243226407089578
4538,5.243226407089578
4539,5.243226407089578
4540,5.243226407089578
4541,5.243226407089578
4542,5.243226407089578
4543,5.243226407089578
4544,5.243226407089578
4545,5.243226407089578
4546,5.243226407089578
4547,5.243226407089578
4548,5.243226407089578
4549,5.243226407089578
4550,5.243226407089578
4551,5.243226407089578
4552,5.243226407089578
4553,5.243226407089578
4554,5.243226407089578
4555,5.243226407089578
4556,5.243226407089578
4557,5.243226407089578
4558,5.243226407089578
4559,5.243226407089578
4560,5.243226407089578
4561,5.243226407089578
4562,5.243226407089578
4563,5.243226407089578
4564,5.243226407089578
4565,5.243226407089578
4566,5.243226407089578
4567,5.243226407089578
4568,5.243226407089578
4569,5.243226407089578
4570,5.243226407089578
4571,5.243226407089578
4572,5.243226407089578
4573,5.243226407089578
4574,5.243226407089578
4575,5.243226407089578
4576,5.243226407089578
4577,5.243226407089578
4578,5.243226407089578
4579,5.243226407089578
4580,5.243226407089578
4581,5.243226407089578
4582,5.243226407089578
4583,5.243226407089578
4584,5.243226407089578
4585,5.243226407089578
4586,5.243226407089578
4587,5.243226407089578
4588,5.243226407089578
4589,5.243226407089578
4590,5.243226407089578
4591,5.243226407089578
4592,5.243226407089578
4593,5.243226407089578
4594,5.243226407089578
4595,5.243226407089578
4596,5.243226407089578
4597,5.243226407089578
4598,5.243226407089578
4599,5.243226407089578
4600,5.243226407089578
4601,5.243226407089578
4602,5.243226407089578
4603,5.243226407089578
4604,5.243226407089578
4605,5.243226407089578
4606,5.243226407089578
4607,5.243226407089578
4608,5.243226407089578
4609,5.243226407089578
4610,5.243226407089578
4611,5.243226407089578
4612,5.243226407089578
4613,5.243226407089578
4614,5.243226407089578
4615,5.243226407089578
4616,5.243226407089578
4617,5.243226407089578
4618,5.243226407089578
4619,5.243226407089578
4620,5.243226407089578
4621,5.243226407089578
4622,5.243226407089578
4623,5.243226407089578
4624,5.243226407089578
4625,5.243226407089578
4626,5.243226407089578
4627,5.243226407089578
4628,5.243226407089578
4629,5.243226407089578
4630,5.243226407089578
4631,5.243226407089578
4632,5.243226407089578
4633,5.243226407089578
4634,5.243226407089578
4635,5.243226407089578
4636,5.243226407089578
4637,5.243226407089578
4638,5.243226407089578
4639,5.243226407089578
4640,5.243226407089578
4641,5.243226407089578
4642,5.243226407089578
4643,5.243226407089578
4644,5.243226407089578
4645,5.243226407089578
4646,5.243226407089578
4647,5.243226407089578
4648,5.243226407089578
4649,5.243226407089578
4650,5.243226407089578
4651,5.243226407089578
4652,5.243226407089578
4653,5.243226407089578
4654,5.243226407089578
4655,5.243226407089578
4656,5.243226407089578
4657,5.243226407089578
4658,5.243226407089578
4659,5.243226407089578
4660,5.243226407089578
4661,5.243226407089578
4662,5.243226407089578
4663,5.243226407089578
4664,5.243226407089578
4665,5.243226407089578
4666,5.243226407089578
4667,5.243226407089578
4668,5.243226407089578
4669,5.243226407089578
4670,5.243226407089578
4671,5.243226407089578
4672,5.243226407089578
4673,5.243226407089578
4674,5.243226407089578
4675,5.243226407089578
4676,5.243226407089578
4677,5.243226407089578
4678,5.243226407089578
4679,5.243226407089578
4680,5.243226407089578
4681,5.243226407089578
4682,5.243226407089578
4683,5.243226407089578
4684,5.243226407089578
4685,5.243226407089578
4686,5.243226407089578
4687,5.243226407089578
4688,5.243226407089578
4689,5.243226407089578
4690,5.243226407089578
4691,5.243226407089578
4692,5.243226407089578
4693,5.243226407089578
4694,5.243226407089578
4695,5.243226407089578
4696,5.243226407089578
4697,5.243226407089578
4698,5.243226407089578
4699,5.243226407089578
4700,5.243226407089578
4701,5.243226407089578
4702,5.243226407089578
4703,5.243226407089578
4704,5.243226407089578
4705,5.243226407089578
4706,5.243226407089578
4707,5.243226407089578
4708,5.243226407089578
4709,5.243226407089578
4710,5.243226407089578
4711,5.243226407089578
4712,5.243226407089578
4713,5.243226407089578
4714,5.243226407089578
4715,5.243226407089578
4716,5.243226407089578
4717,5.243226407089578
4718,5.243226407089578
4719,5.243226407089578
4720,5.243226407089578
4721,5.243226407089578
4722,5.243226407089578
4723,5.243226407089578
4724,5.243226407089578
4725,5.243226407089578
4726,5.243226407089578
4727,5.243226407089578
4728,5.243226407089578
4729,5.243226407089578
4730,5.243226407089578
4731,5.243226407089578
4732,5.243226407089578
4733,5.243226407089578
4734,5.243226407089578
4735,5.243226407089578
4736,5.243226407089578
4737,5.243226407089578
4738,5.243226407089578
4739,5.243226407089578
4740,5.243226407089578
4741,5.243226407089578
4742,5.243226407089578
4743,5.243226407089578
4744,5.243226407089578
4745,5.243226407089578
4746,5.243226407089578
4747,5.243226407089578
4748,5.243226407089578
4749,5.243226407089578
4750,5.243226407089578
4751,5.243226407089578
4752,5.243226407089578
4753,5.243226407089578
4754,5.243226407089578
4755,5.243226407089578
4756,5.243226407089578
4757,5.243226407089578
4758,5.243226407089578
4759,5.243226407089578
4760,5.243226407089578
4761,5.243226407089578
4762,5.243226407089578
4763,5.243226407089578
4764,5.243226407089578
4765,5.243226407089578
4766,5.243226407089578
4767,5.243226407089578
4768,5.243226407089578
4769,5.243226407089578
4770,5.243226407089578
4771,5.243226407089578
4772,5.243226407089578
4773,5.243226407089578
4774,5.243226407089578
4775,5.243226407089578
4776,5.243226407089578
4777,5.243226407089578
4778,5.243226407089578
4779,5.243226407089578
4780,5.243226407089578
4781,5.243226407089578
4782,5.243226407089578
4783,5.243226407089578
4784,5.243226407089578
4785,5.243226407089578
4786,5.243226407089578
4787,5.243226407089578
4788,5.243226407089578
4789,5.243226407089578
4790,5.243226407089578
4791,5.243226407089578
4792,5.243226407089578
4793,5.243226407089578
4794,5.243226407089578
4795,5.243226407089578
4796,5.243226407089578
4797,5.243226407089578
4798,5.243226407089578
4799,5.243226407089578
4800,5.243226407089578
4801,5.243226407089578
4802,5.243226407089578
4803,5.243226407089578
4804,5.243226407089578
4805,5.243226407089578
4806,5.243226407089578
4807,5.243226407089578
4808,5.243226407089578
4809,5.243226407089578
4810,5.243226407089578
4811,5.243226407089578
4812,5.243226407089578
4813,5.243226407089578
4814,5.243226407089578
4815,5.243226407089578
4816,5.243226407089578
4817,5.243226407089578
4818,5.243226407089578
4819,5.243226407089578
4820,5.243226407089578
4821,5.243226407089578
4822,5.243226407089578
4823,5.243226407089578
4824,5.243226407089578
4825,5.243226407089578
4826,5.243226407089578
4827,5.243226407089578
4828,5.243226407089578
4829,5.243226407089578
4830,5.243226407089578
4831,5.243226407089578
4832,5.243226407089578
4833,5.243226407089578
4834,5.243226407089578
4835,5.243226407089578
4836,5.243226407089578
4837,5.243226407089578
4838,5.243226407089578
4839,5.243226407089578
4840,5.243226407089578
4841,5.243226407089578
4842,5.243226407089578
4843,5.243226407089578
4844,5.243226407089578
4845,5.243226407089578
4846,5.243226407089578
4847,5.243226407089578
4848,5.243226407089578
4849,5.243226407089578
4850,5.243226407089578
4851,5.243226407089578
4852,5.243226407089578
4853,5.243226407089578
4854,5.243226407089578
4855,5.243226407089578
4856,5.243226407089578
4857,5.243226407089578
4858,5.243226407089578
4859,5.243226407089578
4860,5.243226407089578
4861,5.243226407089578
4862,5.243226407089578
4863,5.243226407089578
4864,5.243226407089578
4865,5.243226407089578
4866,5.243226407089578
4867,5.243226407089578
4868,5.243226407089578
4869,5.243226407089578
4870,5.243226407089578
4871,5.243226407089578
4872,5.243226407089578
4873,5.243226407089578
4874,5.243226407089578
4875,5.243226407089578
4876,5.243226407089578
4877,5.243226407089578
4878,5.243226407089578
4879,5.243226407089578
4880,5.243226407089578
4881,5.243226407089578
4882,5.243226407089578
4883,5.243226407089578
4884,5.243226407089578
4885,5.243226407089578
4886,5.243226407089578
4887,5.243226407089578
4888,5.243226407089578
4889,5.243226407089578
4890,5.243226407089578
4891,5.243226407089578
4892,5.243226407089578
4893,5.243226407089578
4894,5.243226407089578
4895,5.243226407089578
4896,5.243226407089578
4897,5.243226407089578
4898,5.243226407089578
4899,5.243226407089578
4900,5.243226407089578
4901,5.243226407089578
4902,5.243226407089578
4903,5.243226407089578
4904,5.243226407089578
4905,5.243226407089578
4906,5.243226407089578
4907,5.243226407089578
4908,5.243226407089578
4909,5.243226407089578
4910,5.243226407089578
4911,5.243226407089578
4912,5.243226407089578
4913,5.243226407089578
4914,5.243226407089578
4915,5.243226407089578
4916,5.243226407089578
4917,5.243226407089578
4918,5.243226407089578
4919,5.243226407089578
4920,5.243226407089578
4921,5.243226407089578
4922,5.243226407089578
4923,5.243226407089578
4924,5.243226407089578
4925,5.243226407089578
4926,5.243226407089578
4927,5.243226407089578
4928,5.243226407089578
4929,5.243226407089578
4930,5.243226407089578
4931,5.243226407089578
4932,5.243226407089578
4933,5.243226407089578
4934,5.243226407089578
4935,5.243226407089578
4936,5.243226407089578
4937,5.243226407089578
4938,5.243226407089578
4939,5.243226407089578
4940,5.243226407089578
4941,5.243226407089578
4942,5.243226407089578
4943,5.243226407089578
4944,5.243226407089578
4945,5.243226407089578
4946,5.243226407089578
4947,5.243226407089578
4948,5.243226407089578
4949,5.243226407089578
4950,5.243226407089578
4951,5.243226407089578
4952,5.243226407089578
4953,5.243226407089578
4954,5.243226407089578
4955,5.243226407089578
4956,5.243226407089578
4957,5.243226407089578
4958,5.243226407089578
4959,5.243226407089578
4960,5.243226407089578
4961,5.243226407089578
4962,5.243226407089578
4963,5.243226407089578
4964,5.243226407089578
4965,5.243226407089578
4966,5.243226407089578
4967,5.243226407089578
4968,5.243226407089578
4969,5.243226407089578
4970,5.243226407089578
4971,5.243226407089578
4972,5.243226407089578
4973,5.243226407089578
4974,5.243226407089578
4975,5.243226407089578
4976,5.243226407089578
4977,5.243226407089578
4978,5.243226407089578
4979,5.243226407089578
4980,5.243226407089578
4981,5.243226407089578
4982,5.243226407089578
4983,5.243226407089578
4984,5.243226407089578
4985,5.243226407089578
4986,5.243226407089578
4987,5.243226407089578
4988,5.243226407089578
4989,5.243226407089578
4990,5.243226407089578
4991,5.243226407089578
4992,5.243226407089578
4993,5.243226407089578
4994,5.243226407089578
4995,5.243226407089578
4996,5.243226407089578
4997,5.243226407089578
4998,5.243226407089578
4999,5.243226407089578
5000,5.243226407089578
5001,5.243226407089578
5002,5.243226407089578
5003,5.243226407089578
5004,5.243226407089578
5005,5.243226407089578
5006,5.243226407089578
5007,5.243226407089578
5008,5.243226407089578
5009,5.243226407089578
5010,5.243226407089578
5011,5.243226407089578
5012,5.243226407089578
5013,5.243226407089578
5014,5.243226407089578
5015,5.243226407089578
5016,5.243226407089578
5017,5.243226407089578
5018,5.243226407089578
5019,5.243226407089578
5020,5.243226407089578
5021,5.243226407089578
5022,5.243226407089578
5023,5.243226407089578
5024,5.243226407089578
5025,5.243226407089578
5026,5.243226407089578
5027,5.243226407089578
5028,5.243226407089578
5029,5.243226407089578
5030,5.243226407089578
5031,5.243226407089578
5032,5.243226407089578
5033,5.243226407089578
5034,5.243226407089578
5035,5.243226407089578
5036,5.243226407089578
5037,5.243226407089578
5038,5.243226407089578
5039,5.243226407089578
5040,5.243226407089578
5041,5.243226407089578
5042,5.243226407089578
5043,5.243226407089578
5044,5.243226407089578
5045,5.243226407089578
5046,5.243226407089578
5047,5.243226407089578
5048,5.243226407089578
5049,5.243226407089578
5050,5.243226407089578
5051,5.243226407089578
5052,5.243226407089578
5053,5.243226407089578
5054,5.243226407089578
5055,5.243226407089578
5056,5.243226407089578
5057,5.243226407089578
5058,5.243226407089578
5059,5.243226407089578
5060,5.243226407089578
5061,5.243226407089578
5062,5.243226407089578
5063,5.243226407089578
5064,5.243226407089578
5065,5.243226407089578
5066,5.243226407089578
5067,5.243226407089578
5068,5.243226407089578
5069,5.243226407089578
5070,5.243226407089578
5071,5.243226407089578
5072,5.243226407089578
5073,5.243226407089578
5074,5.243226407089578
5075,5.243226407089578
5076,5.243226407089578
5077,5.243226407089578
5078,5.243226407089578
5079,5.243226407089578
5080,5.243226407089578
5081,5.243226407089578
5082,5.243226407089578
5083,5.243226407089578
5084,5.243226407089578
5085,5.243226407089578
5086,5.243226407089578
5087,5.243226407089578
5088,5.243226407089578
5089,5.243226407089578
5090,5.243226407089578
5091,5.243226407089578
5092,5.243226407089578
5093,5.243226407089578
5094,5.243226407089578
5095,5.243226407089578
5096,5.243226407089578
5097,5.243226407089578
5098,5.243226407089578
5099,5.243226407089578
5100,5.243226407089578
5101,5.243226407089578
5102,5.243226407089578
5103,5.243226407089578
5104,5.243226407089578
5105,5.243226407089578
5106,5.243226407089578
5107,5.243226407089578
5108,5.243226407089578
5109,5.243226407089578
5110,5.243226407089578
5111,5.243226407089578
5112,5.243226407089578
5113,5.243226407089578
5114,5.243226407089578
5115,5.243226407089578
5116,5.243226407089578
5117,5.243226407089578
5118,5.243226407089578
5119,5.243226407089578
5120,5.243226407089578
5121,5.243226407089578
5122,5.243226407089578
5123,5.243226407089578
5124,5.243226407089578
5125,5.243226407089578
5126,5.243226407089578
5127,5.243226407089578
5128,5.243226407089578
5129,5.243226407089578
5130,5.243226407089578
5131,5.243226407089578
5132,5.243226407089578
5133,5.243226407089578
5134,5.243226407089578
5135,5.243226407089578
5136,5.243226407089578
5137,5.243226407089578
5138,5.243226407089578
5139,5.243226407089578
5140,5.243226407089578
5141,5.243226407089578
5142,5.243226407089578
5143,5.243226407089578
5144,5.243226407089578
5145,5.243226407089578
5146,5.243226407089578
5147,5.243226407089578
5148,5.243226407089578
5149,5.243226407089578
5150,5.243226407089578
5151,5.243226407089578
5152,5.243226407089578
5153,5.243226407089578
5154,5.243226407089578
5155,5.243226407089578
5156,5.243226407089578
5157,5.243226407089578
5158,5.243226407089578
5159,5.243226407089578
5160,5.243226407089578
5161,5.243226407089578
5162,5.243226407089578
5163,5.243226407089578
5164,5.243226407089578
5165,5.243226407089578
5166,5.243226407089578
5167,5.243226407089578
5168,5.243226407089578
5169,5.243226407089578
5170,5.243226407089578
5171,5.243226407089578
5172,5.243226407089578
5173,5.243226407089578
5174,5.243226407089578
5175,5.243226407089578
5176,5.243226407089578
5177,5.243226407089578
5178,5.243226407089578
5179,5.243226407089578
5180,5.243226407089578
5181,5.243226407089578
5182,5.243226407089578
5183,5.243226407089578
5184,5.243226407089578
5185,5.243226407089578
5186,5.243226407089578
5187,5.243226407089578
5188,5.243226407089578
5189,5.243226407089578
5190,5.243226407089578
5191,5.243226407089578
5192,5.243226407089578
5193,5.243226407089578
5194,5.243226407089578
5195,5.243226407089578
5196,5.243226407089578
5197,5.243226407089578
5198,5.243226407089578
5199,5.243226407089578
5200,5.243226407089578
5201,5.243226407089578
5202,5.243226407089578
5203,5.243226407089578
5204,5.243226407089578
5205,5.243226407089578
5206,5.243226407089578
5207,5.243226407089578
5208,5.243226407089578
5209,5.243226407089578
5210,5.243226407089578
5211,5.243226407089578
5212,5.243226407089578
5213,5.243226407089578
5214,5.243226407089578
5215,5.243226407089578
5216,5.243226407089578
5217,5.243226407089578
5218,5.243226407089578
5219,5.243226407089578
5220,5.243226407089578
5221,5.243226407089578
5222,5.243226407089578
5223,5.243226407089578
5224,5.243226407089578
5225,5.243226407089578
5226,5.243226407089578
5227,5.243226407089578
5228,5.243226407089578
5229,5.243226407089578
5230,5.243226407089578
5231,5.243226407089578
5232,5.243226407089578
5233,5.243226407089578
5234,5.243226407089578
5235,5.243226407089578
5236,5.243226407089578
5237,5.243226407089578
5238,5.243226407089578
5239,5.243226407089578
5240,5.243226407089578
5241,5.243226407089578
5242,5.243226407089578
5243,5.243226407089578
5244,5.243226407089578
5245,5.243226407089578
5246,5.243226407089578
5247,5.243226407089578
5248,5.243226407089578
5249,5.243226407089578
5250,5.243226407089578
5251,5.243226407089578
5252,5.243226407089578
5253,5.243226407089578
5254,5.243226407089578
5255,5.243226407089578
5256,5.243226407089578
5257,5.243226407089578
5258,5.243226407089578
5259,5.243226407089578
5260,5.243226407089578
5261,5.243226407089578
5262,5.243226407089578
5263,5.243226407089578
5264,5.243226407089578
5265,5.243226407089578
5266,5.243226407089578
5267,5.243226407089578
5268,5.199514887678629
5269,5.199514887678629
5270,5.199514887678629
5271,5.199514887678629
5272,5.199514887678629
5273,5.199514887678629
5274,5.199514887678629
5275,5.199514887678629
5276,5.199514887678629
5277,5.199514887678629
5278,5.199514887678629
5279,5.199514887678629
5280,5.199514887678629
5281,5.199514887678629
5282,5.199514887678629
5283,5.199514887678629
5284,5.199514887678629
5285,5.199514887678629
5286,5.199514887678629
5287,5.199514887678629
5288,5.199514887678629
5289,5.199514887678629
5290,5.199514887678629
5291,5.199514887678629
5292,5.199514887678629
5293,5.199514887678629
5294,5.199514887678629
5295,5.199514887678629
5296,5.199514887678629
5297,5.199514887678629
5298,5.199514887678629
5299,5.199514887678629
5300,5.199514887678629
5301,5.199514887678629
5302,5.199514887678629
5303,5.199514887678629
5304,5.199514887678629
5305,5.199514887678629
5306,5.199514887678629
5307,5.199514887678629
5308,5.199514887678629
5309,5.199514887678629
5310,5.199514887678629
5311,5.199514887678629
5312,5.199514887678629
5313,5.199514887678629
5314,5.199514887678629
5315,5.199514887678629
5316,5.199514887678629
5317,5.199514887678629
5318,5.199514887678629
5319,5.199514887678629
5320,5.199514887678629
5321,5.199514887678629
5322,5.199514887678629
5323,5.199514887678629
5324,5.199514887678629
5325,5.199514887678629
5326,5.199514887678629
5327,5.199514887678629
5328,5.199514887678629
5329,5.199514887678629
5330,5.199514887678629
5331,5.199514887678629
5332,5.199514887678629
5333,5.199514887678629
5334,5.199514887678629
5335,5.199514887678629
5336,5.199514887678629
5337,5.199514887678629
5338,5.199514887678629
5339,5.199514887678629
5340,5.199514887678629
5341,5.199514887678629
5342,5.199514887678629
5343,5.199514887678629
5344,5.199514887678629
5345,5.199514887678629
5346,5.199514887678629
5347,5.199514887678629
5348,5.199514887678629
5349,5.199514887678629
5350,5.199514887678629
5351,5.199514887678629
5352,5.199514887678629
5353,5.199514887678629
5354,5.199514887678629
5355,5.199514887678629
5356,5.199514887678629
5357,5.199514887678629
5358,5.199514887678629
5359,5.199514887678629
5360,5.199514887678629
5361,5.199514887678629
5362,5.199514887678629
5363,5.199514887678629
5364,5.199514887678629
5365,5.199514887678629
5366,5.199514887678629
5367,5.199514887678629
5368,5.199514887678629
5369,5.199514887678629
5370,5.199514887678629
5371,5.199514887678629
5372,5.199514887678629
5373,5.199514887678629
5374,5.199514887678629
5375,5.199514887678629
5376,5.199514887678629
5377,5.199514887678629
5378,5.199514887678629
5379,5.199514887678629
5380,5.199514887678629
5381,5.199514887678629
5382,5.199514887678629
5383,5.199514887678629
5384,5.199514887678629
5385,5.199514887678629
5386,5.199514887678629
5387,5.199514887678629
5388,5.199514887678629
5389,5.199514887678629
5390,5.199514887678629
5391,5.199514887678629
5392,5.199514887678629
5393,5.199514887678629
5394,5.199514887678629
5395,5.199514887678629
5396,5.199514887678629
5397,5.199514887678629
5398,5.199514887678629
5399,5.199514887678629
5400,5.199514887678629
5401,5.199514887678629
5402,5.199514887678629
5403,5.199514887678629
5404,5.199514887678629
5405,5.199514887678629
5406,5.199514887678629
5407,5.199514887678629
5408,5.199514887678629
5409,5.199514887678629
5410,5.199514887678629
5411,5.199514887678629
5412,5.199514887678629
5413,5.199514887678629
5414,5.199514887678629
5415,5.199514887678629
5416,5.199514887678629
5417,5.199514887678629
5418,5.199514887678629
5419,5.199514887678629
5420,5.199514887678629
5421,5.199514887678629
5422,5.199514887678629
5423,5.199514887678629
5424,5.199514887678629
5425,5.199514887678629
5426,5.199514887678629
5427,5.199514887678629
5428,5.199514887678629
5429,5.199514887678629
5430,5.199514887678629
5431,5.199514887678629
5432,5.199514887678629
5433,5.199514887678629
5434,5.199514887678629
5435,5.199514887678629
5436,5.199514887678629
5437,5.199514887678629
5438,5.199514887678629
5439,5.199514887678629
5440,5.199514887678629
5441,5.199514887678629
5442,5.199514887678629
5443,5.199514887678629
5444,5.199514887678629
5445,5.199514887678629
5446,5.199514887678629
5447,5.199514887678629
5448,5.199514887678629
5449,5.199514887678629
5450,5.199514887678629
5451,5.199514887678629
5452,5.199514887678629
5453,5.199514887678629
5454,5.199514887678629
5455,5.199514887678629
5456,5.199514887678629
5457,5.199514887678629
5458,5.199514887678629
5459,5.199514887678629
5460,5.199514887678629
5461,5.199514887678629
5462,5.199514887678629
5463,5.199514887678629
5464,5.199514887678629
5465,5.199514887678629
5466,5.199514887678629
5467,5.199514887678629
5468,5.199514887678629
5469,5.199514887678629
5470,5.199514887678629
5471,5.199514887678629
5472,5.199514887678629
5473,5.199514887678629
5474,5.199514887678629
5475,5.199514887678629
5476,5.199514887678629
5477,5.199514887678629
5478,5.199514887678629
5479,5.199514887678629
5480,5.199514887678629
5481,5.199514887678629
5482,5.199514887678629
5483,5.199514887678629
5484,5.199514887678629
5485,5.199514887678629
5486,5.199514887678629
5487,5.199514887678629
5488,5.199514887678629
5489,5.199514887678629
5490,5.199514887678629
5491,5.199514887678629
5492,5.199514887678629
5493,5.199514887678629
5494,5.199514887678629
5495,5.199514887678629
5496,5.199514887678629
5497,5.199514887678629
5498,5.199514887678629
5499,5.199514887678629
5500,5.199514887678629
5501,5.199514887678629
5502,5.199514887678629
5503,5.199514887678629
5504,5.199514887678629
5505,5.199514887678629
5506,5.199514887678629
5507,5.199514887678629
5508,5.199514887678629
5509,5.199514887678629
5510,5.199514887678629
5511,5.199514887678629
5512,5.199514887678629
5513,5.199514887678629
5514,5.199514887678629
5515,5.199514887678629
5516,5.199514887678629
5517,5.199514887678629
5518,5.199514887678629
5519,5.199514887678629
5520,5.199514887678629
5521,5.199514887678629
5522,5.199514887678629
5523,5.199514887678629
5524,5.199514887678629
5525,5.199514887678629
5526,5.199514887678629
5527,5.199514887678629
5528,5.199514887678629
5529,5.199514887678629
5530,5.199514887678629
5531,5.199514887678629
5532,5.199514887678629
5533,5.199514887678629
5534,5.199514887678629
5535,5.199514887678629
5536,5.199514887678629
5537,5.199514887678629
5538,5.199514887678629
5539,5.199514887678629
5540,5.199514887678629
5541,5.199514887678629
5542,5.199514887678629
5543,5.199514887678629
5544,5.199514887678629
5545,5.199514887678629
5546,5.199514887678629
5547,5.199514887678629
5548,5.199514887678629
5549,5.199514887678629
5550,5.199514887678629
5551,5.199514887678629
5552,5.199514887678629
5553,5.199514887678629
5554,5.199514887678629
5555,5.199514887678629
5556,5.199514887678629
5557,5.199514887678629
5558,5.199514887678629
5559,5.199514887678629
5560,5.199514887678629
5561,5.199514887678629
5562,5.199514887678629
5563,5.199514887678629
5564,5.199514887678629
5565,5.199514887678629
5566,5.199514887678629
5567,5.199514887678629
5568,5.199514887678629
5569,5.199514887678629
5570,5.199514887678629
5571,5.199514887678629
5572,5.199514887678629
5573,5.199514887678629
5574,5.199514887678629
5575,5.199514887678629
5576,5.199514887678629
5577,5.199514887678629
5578,5.199514887678629
5579,5.199514887678629
5580,5.199514887678629
5581,5.199514887678629
5582,5.199514887678629
5583,5.199514887678629
5584,5.199514887678629
5585,5.199514887678629
5586,5.199514887678629
5587,5.199514887678629
5588,5.199514887678629
5589,5.199514887678629
5590,5.199514887678629
5591,5.199514887678629
5592,5.199514887678629
5593,5.199514887678629
5594,5.199514887678629
5595,5.199514887678629
5596,5.199514887678629
5597,5.199514887678629
5598,5.199514887678629
5599,5.199514887678629
5600,5.199514887678629
5601,5.199514887678629
5602,5.199514887678629
5603,5.199514887678629
5604,5.199514887678629
5605,5.199514887678629
5606,5.199514887678629
5607,5.199514887678629
5608,5.199514887678629
5609,5.199514887678629
5610,5.199514887678629
5611,5.199514887678629
5612,5.199514887678629
5613,5.199514887678629
5614,5.199514887678629
5615,5.199514887678629
5616,5.199514887678629
5617,5.199514887678629
5618,5.199514887678629
5619,5.199514887678629
5620,5.199514887678629
5621,5.199514887678629
5622,5.199514887678629
5623,5.199514887678629
5624,5.199514887678629
5625,5.199514887678629
5626,5.199514887678629
5627,5.199514887678629
5628,5.199514887678629
5629,5.199514887678629
5630,5.199514887678629
5631,5.199514887678629
5632,5.199514887678629
5633,5.199514887678629
5634,5.199514887678629
5635,5.199514887678629
5636,5.199514887678629
5637,5.199514887678629
5638,5.199514887678629
5639,5.199514887678629
5640,5.199514887678629
5641,5.199514887678629
5642,5.199514887678629
5643,5.199514887678629
5644,5.199514887678629
5645,5.199514887678629
5646,5.199514887678629
5647,5.199514887678629
5648,5.199514887678629
5649,5.199514887678629
5650,5.199514887678629
5651,5.199514887678629
5652,5.199514887678629
5653,5.199514887678629
5654,5.199514887678629
5655,5.199514887678629
5656,5.199514887678629
5657,5.199514887678629
5658,5.199514887678629
5659,5.199514887678629
5660,5.199514887678629
5661,5.199514887678629
5662,5.199514887678629
5663,5.199514887678629
5664,5.199514887678629
5665,5.199514887678629
5666,5.199514887678629
5667,5.199514887678629
5668,5.199514887678629
5669,5.199514887678629
5670,5.199514887678629
5671,5.199514887678629
5672,5.199514887678629
5673,5.199514887678629
5674,5.199514887678629
5675,5.199514887678629
5676,5.199514887678629
5677,5.199514887678629
5678,5.199514887678629
5679,5.199514887678629
5680,5.199514887678629
5681,5.199514887678629
5682,5.199514887678629
5683,5.199514887678629
5684,5.199514887678629
5685,5.199514887678629
5686,5.199514887678629
5687,5.199514887678629
5688,5.199514887678629
5689,5.199514887678629
5690,5.199514887678629
5691,5.199514887678629
5692,5.199514887678629
5693,5.199514887678629
5694,5.199514887678629
5695,5.199514887678629
5696,5.199514887678629
5697,5.199514887678629
5698,5.199514887678629
5699,5.199514887678629
5700,5.199514887678629
5701,5.199514887678629
5702,5.199514887678629
5703,5.199514887678629
5704,5.199514887678629
5705,5.199514887678629
5706,5.199514887678629
5707,5.199514887678629
5708,5.199514887678629
5709,5.199514887678629
5710,5.199514887678629
5711,5.199514887678629
5712,5.199514887678629
5713,5.199514887678629
5714,5.199514887678629
5715,5.199514887678629
5716,5.199514887678629
5717,5.199514887678629
5718,5.199514887678629
5719,5.199514887678629
5720,5.199514887678629
5721,5.199514887678629
5722,5.199514887678629
5723,5.199514887678629
5724,5.199514887678629
5725,5.199514887678629
5726,5.199514887678629
5727,5.199514887678629
5728,5.199514887678629
5729,5.199514887678629
5730,5.199514887678629
5731,5.199514887678629
5732,5.199514887678629
5733,5.199514887678629
5734,5.199514887678629
5735,5.199514887678629
5736,5.199514887678629
5737,5.199514887678629
5738,5.199514887678629
5739,5.199514887678629
5740,5.199514887678629
5741,5.199514887678629
5742,5.199514887678629
5743,5.199514887678629
5744,5.199514887678629
5745,5.199514887678629
5746,5.199514887678629
5747,5.199514887678629
5748,5.199514887678629
5749,5.199514887678629
5750,5.199514887678629
5751,5.199514887678629
5752,5.199514887678629
5753,5.199514887678629
5754,5.199514887678629
5755,5.199514887678629
5756,5.199514887678629
5757,5.199514887678629
5758,5.199514887678629
5759,5.199514887678629
5760,5.199514887678629
5761,5.199514887678629
5762,5.199514887678629
5763,5.199514887678629
5764,5.199514887678629
5765,5.199514887678629
5766,5.199514887678629
5767,5.199514887678629
5768,5.199514887678629
5769,5.199514887678629
5770,5.199514887678629
5771,5.199514887678629
5772,5.199514887678629
5773,5.199514887678629
5774,5.199514887678629
5775,5.199514887678629
5776,5.199514887678629
5777,5.199514887678629
5778,5.199514887678629
5779,5.199514887678629
5780,5.199514887678629
5781,5.199514887678629
5782,5.199514887678629
5783,5.199514887678629
5784,5.199514887678629
5785,5.199514887678629
5786,5.199514887678629
5787,5.199514887678629
5788,5.199514887678629
5789,5.199514887678629
5790,5.199514887678629
5791,5.199514887678629
5792,5.199514887678629
5793,5.199514887678629
5794,5.199514887678629
5795,5.199514887678629
5796,5.199514887678629
5797,5.199514887678629
5798,5.199514887678629
5799,5.199514887678629
5800,5.199514887678629
5801,5.199514887678629
5802,5.199514887678629
5803,5.199514887678629
5804,5.199514887678629
5805,5.199514887678629
5806,5.199514887678629
5807,5.199514887678629
5808,5.199514887678629
5809,5.199514887678629
5810,5.199514887678629
5811,5.199514887678629
5812,5.199514887678629
5813,5.199514887678629
5814,5.199514887678629
5815,5.199514887678629
5816,5.199514887678629
5817,5.199514887678629
5818,5.199514887678629
5819,5.199514887678629
5820,5.199514887678629
5821,5.199514887678629
5822,5.199514887678629
5823,5.199514887678629
5824,5.199514887678629
5825,5.199514887678629
5826,5.199514887678629
5827,5.199514887678629
5828,5.199514887678629
5829,5.199514887678629
5830,5.199514887678629
5831,5.199514887678629
5832,5.199514887678629
5833,5.199514887678629
5834,5.199514887678629
5835,5.199514887678629
5836,5.199514887678629
5837,5.199514887678629
5838,5.199514887678629
5839,5.199514887678629
5840,5.199514887678629
5841,5.199514887678629
5842,5.199514887678629
5843,5.199514887678629
5844,5.199514887678629
5845,5.199514887678629
5846,5.199514887678629
5847,5.199514887678629
5848,5.199514887678629
5849,5.199514887678629
5850,5.199514887678629
5851,5.199514887678629
5852,5.199514887678629
5853,5.199514887678629
5854,5.199514887678629
5855,5.199514887678629
5856,5.199514887678629
5857,5.199514887678629
5858,5.199514887678629
5859,5.199514887678629
5860,5.199514887678629
5861,5.199514887678629
5862,5.199514887678629
5863,5.199514887678629
5864,5.199514887678629
5865,5.199514887678629
5866,5.199514887678629
5867,5.199514887678629
5868,5.199514887678629
5869,5.199514887678629
5870,5.199514887678629
5871,5.199514887678629
5872,5.199514887678629
5873,5.199514887678629
5874,5.199514887678629
5875,5.199514887678629
5876,5.199514887678629
5877,5.199514887678629
5878,5.199514887678629
5879,5.199514887678629
5880,5.199514887678629
5881,5.199514887678629
5882,5.199514887678629
5883,5.199514887678629
5884,5.199514887678629
5885,5.199514887678629
5886,5.199514887678629
5887,5.199514887678629
5888,5.199514887678629
5889,5.199514887678629
5890,5.199514887678629
5891,5.199514887678629
5892,5.199514887678629
5893,5.199514887678629
5894,5.199514887678629
5895,5.199514887678629
5896,5.199514887678629
5897,5.199514887678629
5898,5.199514887678629
5899,5.199514887678629
5900,5.199514887678629
5901,5.199514887678629
5902,5.199514887678629
5903,5.199514887678629
5904,5.199514887678629
5905,5.199514887678629
5906,5.199514887678629
5907,5.199514887678629
5908,5.199514887678629
5909,5.199514887678629
5910,5.199514887678629
5911,5.199514887678629
5912,5.199514887678629
5913,5.199514887678629
5914,5.199514887678629
5915,5.199514887678629
5916,5.199514887678629
5917,5.199514887678629
5918,5.199514887678629
5919,5.199514887678629
5920,5.199514887678629
5921,5.199514887678629
5922,5.199514887678629
5923,5.199514887678629
5924,5.199514887678629
5925,5.199514887678629
5926,5.199514887678629
5927,5.199514887678629
5928,5.199514887678629
5929,5.199514887678629
5930,5.199514887678629
5931,5.199514887678629
5932,5.199514887678629
5933,5.199514887678629
5934,5.199514887678629
5935,5.199514887678629
5936,5.199514887678629
5937,5.199514887678629
5938,5.199514887678629
5939,5.199514887678629
5940,5.199514887678629
5941,5.199514887678629
5942,5.199514887678629
5943,5.199514887678629
5944,5.199514887678629
5945,5.199514887678629
5946,5.199514887678629
5947,5.199514887678629
5948,5.199514887678629
5949,5.199514887678629
5950,5.199514887678629
5951,5.199514887678629
5952,5.199514887678629
5953,5.199514887678629
5954,5.199514887678629
5955,5.199514887678629
5956,5.199514887678629
5957,5.199514887678629
5958,5.199514887678629
5959,5.199514887678629
5960,5.199514887678629
5961,5.199514887678629
5962,5.199514887678629
5963,5.199514887678629
5964,5.199514887678629
5965,5.199514887678629
5966,5.199514887678629
5967,5.199514887678629
5968,5.199514887678629
5969,5.199514887678629
5970,5.199514887678629
5971,5.199514887678629
5972,5.199514887678629
5973,5.199514887678629
5974,5.199514887678629
5975,5.199514887678629
5976,5.199514887678629
5977,5.199514887678629
5978,5.199514887678629
5979,5.199514887678629
5980,5.199514887678629
5981,5.199514887678629
5982,5.199514887678629
5983,5.199514887678629
5984,5.199514887678629
5985,5.199514887678629
5986,5.199514887678629
5987,5.199514887678629
5988,5.199514887678629
5989,5.199514887678629
5990,5.199514887678629
5991,5.199514887678629
5992,5.199514887678629
5993,5.199514887678629
5994,5.199514887678629
5995,5.199514887678629
5996,5.199514887678629
5997,5.199514887678629
5998,5.199514887678629
5999,5.199514887678629
6000,5.199514887678629
6001,5.199514887678629
6002,5.199514887678629
6003,5.199514887678629
6004,5.199514887678629
6005,5.199514887678629
6006,5.199514887678629
6007,5.199514887678629
6008,5.199514887678629
6009,5.199514887678629
6010,5.199514887678629
6011,5.199514887678629
6012,5.199514887678629
6013,5.199514887678629
6014,5.199514887678629
6015,5.199514887678629
6016,5.199514887678629
6017,5.199514887678629
6018,5.199514887678629
6019,5.199514887678629
6020,5.199514887678629
6021,5.199514887678629
6022,5.199514887678629
6023,5.199514887678629
6024,5.199514887678629
6025,5.199514887678629
6026,5.199514887678629
6027,5.199514887678629
6028,5.199514887678629
6029,5.199514887678629
6030,5.199514887678629
6031,5.199514887678629
6032,5.199514887678629
6033,5.199514887678629
6034,5.199514887678629
6035,5.199514887678629
6036,5.199514887678629
6037,5.199514887678629
6038,5.199514887678629
6039,5.199514887678629
6040,5.199514887678629
6041,5.199514887678629
6042,5.199514887678629
6043,5.199514887678629
6044,5.199514887678629
6045,5.199514887678629
6046,5.199514887678629
6047,5.199514887678629
6048,5.199514887678629
6049,5.199514887678629
6050,5.199514887678629
6051,5.199514887678629
6052,5.199514887678629
6053,5.199514887678629
6054,5.199514887678629
6055,5.199514887678629
6056,5.199514887678629
6057,5.199514887678629
6058,5.199514887678629
6059,5.199514887678629
6060,5.199514887678629
6061,5.199514887678629
6062,5.199514887678629
6063,5.199514887678629
6064,5.199514887678629
6065,5.199514887678629
6066,5.199514887678629
6067,5.199514887678629
6068,5.199514887678629
6069,5.199514887678629
6070,5.199514887678629
6071,5.199514887678629
6072,5.199514887678629
6073,5.199514887678629
6074,5.199514887678629
6075,5.199514887678629
6076,5.199514887678629
6077,5.199514887678629
6078,5.199514887678629
6079,5.199514887678629
6080,5.199514887678629
6081,5.199514887678629
6082,5.199514887678629
6083,5.199514887678629
6084,5.199514887678629
6085,5.199514887678629
6086,5.199514887678629
6087,5.199514887678629
6088,5.199514887678629
6089,5.199514887678629
6090,5.199514887678629
6091,5.199514887678629
6092,5.199514887678629
6093,5.199514887678629
6094,5.199514887678629
6095,5.199514887678629
6096,5.199514887678629
6097,5.199514887678629
6098,5.199514887678629
6099,5.199514887678629
6100,5.199514887678629
6101,5.199514887678629
6102,5.199514887678629
6103,5.199514887678629
6104,5.199514887678629
6105,5.199514887678629
6106,5.199514887678629
6107,5.199514887678629
6108,5.199514887678629
6109,5.199514887678629
6110,5.199514887678629
6111,5.199514887678629
6112,5.199514887678629
6113,5.199514887678629
6114,5.199514887678629
6115,5.199514887678629
6116,5.199514887678629
6117,5.199514887678629
6118,5.199514887678629
6119,5.199514887678629
6120,5.199514887678629
6121,5.199514887678629
6122,5.199514887678629
6123,5.199514887678629
6124,5.199514887678629
6125,5.199514887678629
6126,5.199514887678629
6127,5.199514887678629
6128,5.199514887678629
6129,5.199514887678629
6130,5.199514887678629
6131,5.199514887678629
6132,5.199514887678629
6133,5.199514887678629
6134,5.199514887678629
6135,5.199514887678629
6136,5.199514887678629
6137,5.199514887678629
6138,5.199514887678629
6139,5.199514887678629
6140,5.199514887678629
6141,5.199514887678629
6142,5.199514887678629
6143,5.199514887678629
6144,5.199514887678629
6145,5.199514887678629
6146,5.199514887678629
6147,5.199514887678629
6148,5.199514887678629
6149,5.199514887678629
6150,5.199514887678629
6151,5.199514887678629
6152,5.199514887678629
6153,5.199514887678629
6154,5.199514887678629
6155,5.199514887678629
6156,5.199514887678629
6157,5.199514887678629
6158,5.199514887678629
6159,5.199514887678629
6160,5.199514887678629
6161,5.199514887678629
6162,5.199514887678629
6163,5.199514887678629
6164,5.199514887678629
6165,5.199514887678629
6166,5.199514887678629
6167,5.199514887678629
6168,5.199514887678629
6169,5.199514887678629
6170,5.199514887678629
6171,5.199514887678629
6172,5.199514887678629
6173,5.199514887678629
6174,5.199514887678629
6175,5.199514887678629
6176,5.199514887678629
6177,5.199514887678629
6178,5.199514887678629
6179,5.199514887678629
6180,5.199514887678629
6181,5.199514887678629
6182,5.199514887678629
6183,5.199514887678629
6184,5.199514887678629
6185,5.199514887678629
6186,5.199514887678629
6187,5.199514887678629
6188,5.199514887678629
6189,5.199514887678629
6190,5.199514887678629
6191,5.199514887678629
6192,5.199514887678629
6193,5.199514887678629
6194,5.199514887678629
6195,5.199514887678629
6196,5.199514887678629
6197,5.199514887678629
6198,5.199514887678629
6199,5.199514887678629
6200,5.199514887678629
6201,5.199514887678629
6202,5.199514887678629
6203,5.199514887678629
6204,5.199514887678629
6205,5.199514887678629
6206,5.199514887678629
6207,5.199514887678629
6208,5.199514887678629
6209,5.199514887678629
6210,5.199514887678629
6211,5.199514887678629
6212,5.199514887678629
6213,5.199514887678629
6214,5.199514887678629
6215,5.199514887678629
6216,5.199514887678629
6217,5.199514887678629
6218,5.199514887678629
6219,5.199514887678629
6220,5.199514887678629
6221,5.199514887678629
6222,5.199514887678629
6223,5.199514887678629
6224,5.199514887678629
6225,5.199514887678629
6226,5.199514887678629
6227,5.199514887678629
6228,5.199514887678629
6229,5.199514887678629
6230,5.199514887678629
6231,5.199514887678629
6232,5.199514887678629
6233,5.199514887678629
6234,5.199514887678629
6235,5.199514887678629
6236,5.199514887678629
6237,5.199514887678629
6238,5.199514887678629
6239,5.199514887678629
6240,5.199514887678629
6241,5.199514887678629
6242,5.199514887678629
6243,5.199514887678629
6244,5.199514887678629
6245,5.199514887678629
6246,5.199514887678629
6247,5.199514887678629
6248,5.199514887678629
6249,5.199514887678629
6250,5.199514887678629
6251,5.199514887678629
6252,5.199514887678629
6253,5.199514887678629
6254,5.199514887678629
6255,5.199514887678629
6256,5.199514887678629
6257,5.199514887678629
6258,5.199514887678629
6259,5.199514887678629
6260,5.199514887678629
6261,5.199514887678629
6262,5.199514887678629
6263,5.199514887678629
6264,5.199514887678629
6265,5.199514887678629
6266,5.199514887678629
6267,5.199514887678629
6268,5.199514887678629
6269,5.199514887678629
6270,5.199514887678629
6271,5.199514887678629
6272,5.199514887678629
6273,5.199514887678629
6274,5.199514887678629
6275,5.199514887678629
6276,5.199514887678629
6277,5.199514887678629
6278,5.199514887678629
6279,5.199514887678629
6280,5.199514887678629
6281,5.199514887678629
6282,5.199514887678629
6283,5.199514887678629
6284,5.199514887678629
6285,5.199514887678629
6286,5.199514887678629
6287,5.199514887678629
6288,5.199514887678629
6289,5.199514887678629
6290,5.199514887678629
6291,5.199514887678629
6292,5.199514887678629
6293,5.199514887678629
6294,5.199514887678629
6295,5.199514887678629
6296,5.199514887678629
6297,5.199514887678629
6298,5.199514887678629
6299,5.199514887678629
6300,5.199514887678629
6301,5.199514887678629
6302,5.199514887678629
6303,5.199514887678629
6304,5.199514887678629
6305,5.199514887678629
6306,5.199514887678629
6307,5.199514887678629
6308,5.199514887678629
6309,5.199514887678629
6310,5.199514887678629
6311,5.199514887678629
6312,5.199514887678629
6313,5.199514887678629
6314,5.199514887678629
6315,5.199514887678629
6316,5.199514887678629
6317,5.199514887678629
6318,5.199514887678629
6319,5.199514887678629
6320,5.199514887678629
6321,5.199514887678629
6322,5.199514887678629
6323,5.199514887678629
6324,5.199514887678629
6325,5.199514887678629
6326,5.199514887678629
6327,5.199514887678629
6328,5.199514887678629
6329,5.199514887678629
6330,5.199514887678629
6331,5.199514887678629
6332,5.199514887678629
6333,5.199514887678629
6334,5.199514887678629
6335,5.199514887678629
6336,5.199514887678629
6337,5.199514887678629
6338,5.199514887678629
6339,5.199514887678629
6340,5.199514887678629
6341,5.199514887678629
6342,5.199514887678629
6343,5.199514887678629
6344,5.199514887678629
6345,5.199514887678629
6346,5.199514887678629
6347,5.199514887678629
6348,5.199514887678629
6349,5.199514887678629
6350,5.199514887678629
6351,5.199514887678629
6352,5.199514887678629
6353,5.199514887678629
6354,5.199514887678629
6355,5.199514887678629
6356,5.199514887678629
6357,5.199514887678629
6358,5.199514887678629
6359,5.199514887678629
6360,5.199514887678629
6361,5.199514887678629
6362,5.199514887678629
6363,5.199514887678629
6364,5.199514887678629
6365,5.199514887678629
6366,5.199514887678629
6367,5.199514887678629
6368,5.199514887678629
6369,5.199514887678629
6370,5.199514887678629
6371,5.199514887678629
6372,5.199514887678629
6373,5.199514887678629
6374,5.199514887678629
6375,5.199514887678629
6376,5.199514887678629
6377,5.199514887678629
6378,5.199514887678629
6379,5.199514887678629
6380,5.199514887678629
6381,5.199514887678629
6382,5.199514887678629
6383,5.199514887678629
6384,5.199514887678629
6385,5.199514887678629
6386,5.199514887678629
6387,5.199514887678629
6388,5.199514887678629
6389,5.199514887678629
6390,5.199514887678629
6391,5.199514887678629
6392,5.199514887678629
6393,5.199514887678629
6394,5.199514887678629
6395,5.199514887678629
6396,5.199514887678629
6397,5.199514887678629
6398,5.199514887678629
6399,5.199514887678629
6400,5.199514887678629
6401,5.199514887678629
6402,5.199514887678629
6403,5.199514887678629
6404,5.199514887678629
6405,5.199514887678629
6406,5.199514887678629
6407,5.199514887678629
6408,5.199514887678629
6409,5.199514887678629
6410,5.199514887678629
6411,5.199514887678629
6412,5.199514887678629
6413,5.199514887678629
6414,5.199514887678629
6415,5.199514887678629
6416,5.199514887678629
6417,5.199514887678629
6418,5.199514887678629
6419,5.199514887678629
6420,5.199514887678629
6421,5.199514887678629
6422,5.199514887678629
6423,5.199514887678629
6424,5.199514887678629
6425,5.199514887678629
6426,5.199514887678629
6427,5.199514887678629
6428,5.199514887678629
6429,5.199514887678629
6430,5.199514887678629
6431,5.199514887678629
6432,5.199514887678629
6433,5.199514887678629
6434,5.199514887678629
6435,5.199514887678629
6436,5.199514887678629
6437,5.199514887678629
6438,5.199514887678629
6439,5.199514887678629
6440,5.199514887678629
6441,5.199514887678629
6442,5.199514887678629
6443,5.199514887678629
6444,5.199514887678629
6445,5.199514887678629
6446,5.199514887678629
6447,5.199514887678629
6448,5.199514887678629
6449,5.199514887678629
6450,5.199514887678629
6451,5.199514887678629
6452,5.199514887678629
6453,5.199514887678629
6454,5.199514887678629
6455,5.199514887678629
6456,5.199514887678629
6457,5.199514887678629
6458,5.199514887678629
6459,5.199514887678629
6460,5.199514887678629
6461,5.199514887678629
6462,5.199514887678629
6463,5.199514887678629
6464,5.199514887678629
6465,5.199514887678629
6466,5.199514887678629
6467,5.199514887678629
6468,5.199514887678629
6469,5.199514887678629
6470,5.199514887678629
6471,5.199514887678629
6472,5.199514887678629
6473,5.199514887678629
6474,5.199514887678629
6475,5.199514887678629
6476,5.199514887678629
6477,5.199514887678629
6478,5.199514887678629
6479,5.199514887678629
6480,5.199514887678629
6481,5.199514887678629
6482,5.199514887678629
6483,5.199514887678629
6484,5.199514887678629
6485,5.199514887678629
6486,5.199514887678629
6487,5.199514887678629
6488,5.199514887678629
6489,5.199514887678629
6490,5.199514887678629
6491,5.199514887678629
6492,5.199514887678629
6493,5.199514887678629
6494,5.199514887678629
6495,5.199514887678629
6496,5.199514887678629
6497,5.199514887678629
6498,5.199514887678629
6499,5.199514887678629
6500,5.199514887678629
6501,5.199514887678629
6502,5.199514887678629
6503,5.199514887678629
6504,5.199514887678629
6505,5.199514887678629
6506,5.199514887678629
6507,5.199514887678629
6508,5.199514887678629
6509,5.199514887678629
6510,5.199514887678629
6511,5.199514887678629
6512,5.199514887678629
6513,5.199514887678629
6514,5.199514887678629
6515,5.199514887678629
6516,5.199514887678629
6517,5.199514887678629
6518,5.199514887678629
6519,5.199514887678629
6520,5.199514887678629
6521,5.199514887678629
6522,5.199514887678629
6523,5.199514887678629
6524,5.199514887678629
6525,5.199514887678629
6526,5.199514887678629
6527,5.199514887678629
6528,5.199514887678629
6529,5.199514887678629
6530,5.199514887678629
6531,5.199514887678629
6532,5.199514887678629
6533,5.199514887678629
6534,5.199514887678629
6535,5.199514887678629
6536,5.199514887678629
6537,5.199514887678629
6538,5.199514887678629
6539,5.199514887678629
6540,5.199514887678629
6541,5.199514887678629
6542,5.199514887678629
6543,5.199514887678629
6544,5.199514887678629
6545,5.199514887678629
6546,5.199514887678629
6547,5.199514887678629
6548,5.199514887678629
6549,5.199514887678629
6550,5.199514887678629
6551,5.199514887678629
6552,5.199514887678629
6553,5.199514887678629
6554,5.199514887678629
6555,5.199514887678629
6556,5.199514887678629
6557,5.199514887678629
6558,5.199514887678629
6559,5.199514887678629
6560,5.199514887678629
6561,5.199514887678629
6562,5.199514887678629
6563,5.199514887678629
6564,5.199514887678629
6565,5.199514887678629
6566,5.199514887678629
6567,5.199514887678629
6568,5.199514887678629
6569,5.199514887678629
6570,5.199514887678629
6571,5.199514887678629
6572,5.199514887678629
6573,5.199514887678629
6574,5.199514887678629
6575,5.199514887678629
6576,5.199514887678629
6577,5.199514887678629
6578,5.199514887678629
6579,5.199514887678629
6580,5.199514887678629
6581,5.199514887678629
6582,5.199514887678629
6583,5.199514887678629
6584,5.199514887678629
6585,5.199514887678629
6586,5.199514887678629
6587,5.199514887678629
6588,5.199514887678629
6589,5.199514887678629
6590,5.199514887678629
6591,5.199514887678629
6592,5.199514887678629
6593,5.199514887678629
6594,5.199514887678629
6595,5.199514887678629
6596,5.199514887678629
6597,5.199514887678629
6598,5.199514887678629
6599,5.199514887678629
6600,5.199514887678629
6601,5.199514887678629
6602,5.199514887678629
6603,5.199514887678629
6604,5.199514887678629
6605,5.199514887678629
6606,5.199514887678629
6607,5.199514887678629
6608,5.199514887678629
6609,5.199514887678629
6610,5.199514887678629
6611,5.199514887678629
6612,5.199514887678629
6613,5.199514887678629
6614,5.199514887678629
6615,5.199514887678629
6616,5.199514887678629
6617,5.199514887678629
6618,5.199514887678629
6619,5.199514887678629
6620,5.199514887678629
6621,5.199514887678629
6622,5.199514887678629
6623,5.199514887678629
6624,5.199514887678629
6625,5.199514887678629
6626,5.199514887678629
6627,5.199514887678629
6628,5.199514887678629
6629,5.199514887678629
6630,5.199514887678629
6631,5.199514887678629
6632,5.199514887678629
6633,5.199514887678629
6634,5.199514887678629
6635,5.199514887678629
6636,5.199514887678629
6637,5.199514887678629
6638,5.199514887678629
6639,5.199514887678629
6640,5.199514887678629
6641,5.199514887678629
6642,5.199514887678629
6643,5.199514887678629
6644,5.199514887678629
6645,5.199514887678629
6646,5.199514887678629
6647,5.199514887678629
6648,5.199514887678629
6649,5.199514887678629
6650,5.199514887678629
6651,5.199514887678629
6652,5.199514887678629
6653,5.199514887678629
6654,5.199514887678629
6655,5.199514887678629
6656,5.199514887678629
6657,5.199514887678629
6658,5.199514887678629
6659,5.199514887678629
6660,5.199514887678629
6661,5.199514887678629
6662,5.199514887678629
6663,5.199514887678629
6664,5.199514887678629
6665,5.199514887678629
6666,5.199514887678629
6667,5.199514887678629
6668,5.199514887678629
6669,5.199514887678629
6670,5.199514887678629
6671,5.199514887678629
6672,5.199514887678629
6673,5.199514887678629
6674,5.199514887678629
6675,5.199514887678629
6676,5.199514887678629
6677,5.199514887678629
6678,5.199514887678629
6679,5.199514887678629
6680,5.199514887678629
6681,5.199514887678629
6682,5.199514887678629
6683,5.199514887678629
6684,5.199514887678629
6685,5.199514887678629
6686,5.199514887678629
6687,5.199514887678629
6688,5.199514887678629
6689,5.199514887678629
6690,5.199514887678629
6691,5.199514887678629
6692,5.199514887678629
6693,5.199514887678629
6694,5.199514887678629
6695,5.199514887678629
6696,5.199514887678629
6697,5.199514887678629
6698,5.199514887678629
6699,5.199514887678629
6700,5.199514887678629
6701,5.199514887678629
6702,5.199514887678629
6703,5.199514887678629
6704,5.199514887678629
6705,5.199514887678629
6706,5.199514887678629
6707,5.199514887678629
6708,5.199514887678629
6709,5.199514887678629
6710,5.199514887678629
6711,5.199514887678629
6712,5.199514887678629
6713,5.199514887678629
6714,5.199514887678629
6715,5.199514887678629
6716,5.199514887678629
6717,5.199514887678629
6718,5.199514887678629
6719,5.199514887678629
6720,5.199514887678629
6721,5.199514887678629
6722,5.199514887678629
6723,5.199514887678629
6724,5.199514887678629
6725,5.199514887678629
6726,5.199514887678629
6727,5.199514887678629
6728,5.199514887678629
6729,5.199514887678629
6730,5.199514887678629
6731,5.199514887678629
6732,5.199514887678629
6733,5.199514887678629
6734,5.199514887678629
6735,5.199514887678629
6736,5.199514887678629
6737,5.199514887678629
6738,5.199514887678629
6739,5.199514887678629
6740,5.199514887678629
6741,5.199514887678629
6742,5.199514887678629
6743,5.199514887678629
6744,5.199514887678629
6745,5.199514887678629
6746,5.199514887678629
6747,5.199514887678629
6748,5.199514887678629
6749,5.199514887678629
6750,5.199514887678629
6751,5.199514887678629
6752,5.199514887678629
6753,5.199514887678629
6754,5.199514887678629
6755,5.199514887678629
6756,5.199514887678629
6757,5.199514887678629
6758,5.199514887678629
6759,5.199514887678629
6760,5.199514887678629
6761,5.199514887678629
6762,5.199514887678629
6763,5.199514887678629
6764,5.199514887678629
6765,5.199514887678629
6766,5.199514887678629
6767,5.199514887678629
6768,5.199514887678629
6769,5.199514887678629
6770,5.199514887678629
6771,5.199514887678629
6772,5.199514887678629
6773,5.199514887678629
6774,5.199514887678629
6775,5.199514887678629
6776,5.199514887678629
6777,5.199514887678629
6778,5.199514887678629
6779,5.199514887678629
6780,5.199514887678629
6781,5.199514887678629
6782,5.199514887678629
6783,5.199514887678629
6784,5.199514887678629
6785,5.199514887678629
6786,5.199514887678629
6787,5.199514887678629
6788,5.199514887678629
6789,5.199514887678629
6790,5.199514887678629
6791,5.199514887678629
6792,5.199514887678629
6793,5.199514887678629
6794,5.199514887678629
6795,5.199514887678629
6796,5.199514887678629
6797,5.199514887678629
6798,5.199514887678629
6799,5.199514887678629
6800,5.199514887678629
6801,5.199514887678629
6802,5.199514887678629
6803,5.199514887678629
6804,5.199514887678629
6805,5.199514887678629
6806,5.199514887678629
6807,5.199514887678629
6808,5.199514887678629
6809,5.199514887678629
6810,5.199514887678629
6811,5.199514887678629
6812,5.199514887678629
6813,5.199514887678629
6814,5.199514887678629
6815,5.199514887678629
6816,5.199514887678629
6817,5.199514887678629
6818,5.199514887678629
6819,5.199514887678629
6820,5.199514887678629
6821,5.199514887678629
6822,5.199514887678629
6823,5.199514887678629
6824,5.199514887678629
6825,5.199514887678629
6826,5.199514887678629
6827,5.199514887678629
6828,5.199514887678629
6829,5.199514887678629
6830,5.199514887678629
6831,5.199514887678629
6832,5.199514887678629
6833,5.199514887678629
6834,5.199514887678629
6835,5.199514887678629
6836,5.199514887678629
6837,5.199514887678629
6838,5.199514887678629
6839,5.199514887678629
6840,5.199514887678629
6841,5.199514887678629
6842,5.199514887678629
6843,5.199514887678629
6844,5.199514887678629
6845,5.199514887678629
6846,5.199514887678629
6847,5.199514887678629
6848,5.199514887678629
6849,5.199514887678629
6850,5.199514887678629
6851,5.199514887678629
6852,5.199514887678629
6853,5.199514887678629
6854,5.199514887678629
6855,5.199514887678629
6856,5.199514887678629
6857,5.199514887678629
6858,5.199514887678629
6859,5.199514887678629
6860,5.199514887678629
6861,5.199514887678629
6862,5.199514887678629
6863,5.199514887678629
6864,5.199514887678629
6865,5.199514887678629
6866,5.199514887678629
6867,5.199514887678629
6868,5.199514887678629
6869,5.199514887678629
6870,5.199514887678629
6871,5.199514887678629
6872,5.199514887678629
6873,5.199514887678629
6874,5.199514887678629
6875,5.199514887678629
6876,5.199514887678629
6877,5.199514887678629
6878,5.199514887678629
6879,5.199514887678629
6880,5.199514887678629
6881,5.199514887678629
6882,5.199514887678629
6883,5.199514887678629
6884,5.199514887678629
6885,5.199514887678629
6886,5.199514887678629
6887,5.199514887678629
6888,5.199514887678629
6889,5.199514887678629
6890,5.199514887678629
6891,5.199514887678629
6892,5.199514887678629
6893,5.199514887678629
6894,5.199514887678629
6895,5.199514887678629
6896,5.199514887678629
6897,5.199514887678629
6898,5.199514887678629
6899,5.199514887678629
6900,5.199514887678629
6901,5.199514887678629
6902,5.199514887678629
6903,5.199514887678629
6904,5.199514887678629
6905,5.199514887678629
6906,5.199514887678629
6907,5.199514887678629
6908,5.199514887678629
6909,5.199514887678629
6910,5.199514887678629
6911,5.199514887678629
6912,5.199514887678629
6913,5.199514887678629
6914,5.199514887678629
6915,5.199514887678629
6916,5.199514887678629
6917,5.199514887678629
6918,5.199514887678629
6919,5.199514887678629
6920,5.199514887678629
6921,5.199514887678629
6922,5.199514887678629
6923,5.199514887678629
6924,5.199514887678629
6925,5.199514887678629
6926,5.199514887678629
6927,5.199514887678629
6928,5.199514887678629
6929,5.199514887678629
6930,5.199514887678629
6931,5.199514887678629
6932,5.199514887678629
6933,5.199514887678629
6934,5.199514887678629
6935,5.199514887678629
6936,5.199514887678629
6937,5.199514887678629
6938,5.199514887678629
6939,5.199514887678629
6940,5.199514887678629
6941,5.199514887678629
6942,5.199514887678629
6943,5.199514887678629
6944,5.199514887678629
6945,5.199514887678629
6946,5.199514887678629
6947,5.199514887678629
6948,5.199514887678629
6949,5.199514887678629
6950,5.199514887678629
6951,5.199514887678629
6952,5.199514887678629
6953,5.199514887678629
6954,5.199514887678629
6955,5.199514887678629
6956,5.199514887678629
6957,5.199514887678629
6958,5.199514887678629
6959,5.199514887678629
6960,5.199514887678629
6961,5.199514887678629
6962,5.199514887678629
6963,5.199514887678629
6964,5.199514887678629
6965,5.199514887678629
6966,5.199514887678629
6967,5.199514887678629
6968,5.199514887678629
6969,5.199514887678629
6970,5.199514887678629
6971,5.199514887678629
6972,5.199514887678629
6973,5.199514887678629
6974,5.199514887678629
6975,5.199514887678629
6976,5.199514887678629
6977,5.199514887678629
6978,5.199514887678629
6979,5.199514887678629
6980,5.199514887678629
6981,5.199514887678629
6982,5.199514887678629
6983,5.199514887678629
6984,5.199514887678629
6985,5.199514887678629
6986,5.199514887678629
6987,5.199514887678629
6988,5.199514887678629
6989,5.199514887678629
6990,5.199514887678629
6991,5.199514887678629
6992,5.199514887678629
6993,5.199514887678629
6994,5.199514887678629
6995,5.199514887678629
6996,5.199514887678629
6997,5.199514887678629
6998,5.199514887678629
6999,5.199514887678629
7000,5.199514887678629
7001,5.199514887678629
7002,5.199514887678629
7003,5.199514887678629
7004,5.199514887678629
7005,5.199514887678629
7006,5.199514887678629
7007,5.199514887678629
7008,5.199514887678629
7009,5.199514887678629
7010,5.199514887678629
7011,5.199514887678629
7012,5.199514887678629
7013,5.199514887678629
7014,5.199514887678629
7015,5.199514887678629
7016,5.199514887678629
7017,5.199514887678629
7018,5.199514887678629
7019,5.199514887678629
7020,5.199514887678629
7021,5.199514887678629
7022,5.199514887678629
7023,5.199514887678629
7024,5.199514887678629
7025,5.199514887678629
7026,5.199514887678629
7027,5.199514887678629
7028,5.199514887678629
7029,5.199514887678629
7030,5.199514887678629
7031,5.199514887678629
7032,5.199514887678629
7033,5.199514887678629
7034,5.199514887678629
7035,5.199514887678629
7036,5.199514887678629
7037,5.199514887678629
7038,5.199514887678629
7039,5.199514887678629
7040,5.199514887678629
7041,5.199514887678629
7042,5.199514887678629
7043,5.199514887678629
7044,5.199514887678629
7045,5.199514887678629
7046,5.199514887678629
7047,5.199514887678629
7048,5.199514887678629
7049,5.199514887678629
7050,5.199514887678629
7051,5.199514887678629
7052,5.199514887678629
7053,5.199514887678629
7054,5.199514887678629
7055,5.199514887678629
7056,5.199514887678629
7057,5.199514887678629
7058,5.199514887678629
7059,5.199514887678629
7060,5.199514887678629
7061,5.199514887678629
7062,5.199514887678629
7063,5.199514887678629
7064,5.199514887678629
7065,5.199514887678629
7066,5.199514887678629
7067,5.199514887678629
7068,5.199514887678629
7069,5.199514887678629
7070,5.199514887678629
7071,5.199514887678629
7072,5.199514887678629
7073,5.199514887678629
7074,5.199514887678629
7075,5.199514887678629
7076,5.199514887678629
7077,5.199514887678629
7078,5.199514887678629
7079,5.199514887678629
7080,5.199514887678629
7081,5.199514887678629
7082,5.199514887678629
7083,5.199514887678629
7084,5.199514887678629
7085,5.199514887678629
7086,5.199514887678629
7087,5.199514887678629
7088,5.199514887678629
7089,5.199514887678629
7090,5.199514887678629
7091,5.199514887678629
7092,5.199514887678629
7093,5.199514887678629
7094,5.199514887678629
7095,5.199514887678629
7096,5.199514887678629
7097,5.199514887678629
7098,5.199514887678629
7099,5.199514887678629
7100,5.199514887678629
7101,5.199514887678629
7102,5.199514887678629
7103,5.199514887678629
7104,5.199514887678629
7105,5.199514887678629
7106,5.199514887678629
7107,5.199514887678629
7108,5.199514887678629
7109,5.199514887678629
7110,5.199514887678629
7111,5.199514887678629
7112,5.199514887678629
7113,5.199514887678629
7114,5.199514887678629
7115,5.199514887678629
7116,5.199514887678629
7117,5.199514887678629
7118,5.199514887678629
7119,5.199514887678629
7120,5.199514887678629
7121,5.199514887678629
7122,5.199514887678629
7123,5.199514887678629
7124,5.199514887678629
7125,5.199514887678629
7126,5.199514887678629
7127,5.199514887678629
7128,5.199514887678629
7129,5.199514887678629
7130,5.199514887678629
7131,5.199514887678629
7132,5.199514887678629
7133,5.199514887678629
7134,5.199514887678629
7135,5.199514887678629
7136,5.199514887678629
7137,5.199514887678629
7138,5.199514887678629
7139,5.199514887678629
7140,5.199514887678629
7141,5.199514887678629
7142,5.199514887678629
7143,5.199514887678629
7144,5.199514887678629
7145,5.199514887678629
7146,5.199514887678629
7147,5.199514887678629
7148,5.199514887678629
7149,5.199514887678629
7150,5.199514887678629
7151,5.199514887678629
7152,5.199514887678629
7153,5.199514887678629
7154,5.199514887678629
7155,5.199514887678629
7156,5.199514887678629
7157,5.199514887678629
7158,5.199514887678629
7159,5.199514887678629
7160,5.199514887678629
7161,5.199514887678629
7162,5.199514887678629
7163,5.199514887678629
7164,5.199514887678629
7165,5.199514887678629
7166,5.199514887678629
7167,5.199514887678629
7168,5.199514887678629
7169,5.199514887678629
7170,5.199514887678629
7171,5.199514887678629
7172,5.199514887678629
7173,5.199514887678629
7174,5.199514887678629
7175,5.199514887678629
7176,5.199514887678629
7177,5.199514887678629
7178,5.199514887678629
7179,5.199514887678629
7180,5.199514887678629
7181,5.199514887678629
7182,5.199514887678629
7183,5.199514887678629
7184,5.199514887678629
7185,5.199514887678629
7186,5.199514887678629
7187,5.199514887678629
7188,5.199514887678629
7189,5.199514887678629
7190,5.199514887678629
7191,5.199514887678629
7192,5.199514887678629
7193,5.199514887678629
7194,5.199514887678629
7195,5.199514887678629
7196,5.199514887678629
7197,5.199514887678629
7198,5.199514887678629
7199,5.199514887678629
7200,5.199514887678629
7201,5.199514887678629
7202,5.199514887678629
7203,5.199514887678629
7204,5.199514887678629
7205,5.199514887678629
7206,5.199514887678629
7207,5.199514887678629
7208,5.199514887678629
7209,5.199514887678629
7210,5.199514887678629
7211,5.199514887678629
7212,5.199514887678629
7213,5.199514887678629
7214,5.199514887678629
7215,5.199514887678629
7216,5.199514887678629
7217,5.199514887678629
7218,5.199514887678629
7219,5.199514887678629
7220,5.199514887678629
7221,5.199514887678629
7222,5.199514887678629
7223,5.199514887678629
7224,5.199514887678629
7225,5.199514887678629
7226,5.199514887678629
7227,5.199514887678629
7228,5.199514887678629
7229,5.199514887678629
7230,5.199514887678629
7231,5.199514887678629
7232,5.199514887678629
7233,5.199514887678629
7234,5.199514887678629
7235,5.199514887678629
7236,5.199514887678629
7237,5.199514887678629
7238,5.199514887678629
7239,5.199514887678629
7240,5.199514887678629
7241,5.199514887678629
7242,5.199514887678629
7243,5.199514887678629
7244,5.199514887678629
7245,5.199514887678629
7246,5.199514887678629
7247,5.199514887678629
7248,5.199514887678629
7249,5.199514887678629
7250,5.199514887678629
7251,5.199514887678629
7252,5.199514887678629
7253,5.199514887678629
7254,5.199514887678629
7255,5.199514887678629
7256,5.199514887678629
7257,5.199514887678629
7258,5.199514887678629
7259,5.199514887678629
7260,5.199514887678629
7261,5.199514887678629
7262,5.199514887678629
7263,5.199514887678629
7264,5.199514887678629
7265,5.199514887678629
7266,5.199514887678629
7267,5.199514887678629
7268,5.199514887678629
7269,5.199514887678629
7270,5.199514887678629
7271,5.199514887678629
7272,5.199514887678629
7273,5.199514887678629
7274,5.199514887678629
7275,5.199514887678629
7276,5.199514887678629
7277,5.199514887678629
7278,5.199514887678629
7279,5.199514887678629
7280,5.199514887678629
7281,5.199514887678629
7282,5.199514887678629
7283,5.199514887678629
7284,5.199514887678629
7285,5.199514887678629
7286,5.199514887678629
7287,5.199514887678629
7288,5.199514887678629
7289,5.199514887678629
7290,5.199514887678629
7291,5.199514887678629
7292,5.199514887678629
7293,5.199514887678629
7294,5.199514887678629
7295,5.199514887678629
7296,5.199514887678629
7297,5.199514887678629
7298,5.199514887678629
7299,5.199514887678629
7300,5.199514887678629
7301,5.199514887678629
7302,5.199514887678629
7303,5.199514887678629
7304,5.199514887678629
7305,5.199514887678629
7306,5.199514887678629
7307,5.199514887678629
7308,5.199514887678629
7309,5.199514887678629
7310,5.199514887678629
7311,5.199514887678629
7312,5.199514887678629
7313,5.199514887678629
7314,5.199514887678629
7315,5.199514887678629
7316,5.199514887678629
7317,5.199514887678629
7318,5.199514887678629
7319,5.199514887678629
7320,5.199514887678629
7321,5.199514887678629
7322,5.199514887678629
7323,5.199514887678629
7324,5.199514887678629
7325,5.199514887678629
7326,5.199514887678629
7327,5.199514887678629
7328,5.199514887678629
7329,5.199514887678629
7330,5.199514887678629
7331,5.199514887678629
7332,5.199514887678629
7333,5.199514887678629
7334,5.199514887678629
7335,5.199514887678629
7336,5.199514887678629
7337,5.199514887678629
7338,5.199514887678629
7339,5.199514887678629
7340,5.199514887678629
7341,5.199514887678629
7342,5.199514887678629
7343,5.199514887678629
7344,5.199514887678629
7345,5.199514887678629
7346,5.199514887678629
7347,5.199514887678629
7348,5.199514887678629
7349,5.199514887678629
7350,5.199514887678629
7351,5.199514887678629
7352,5.199514887678629
7353,5.199514887678629
7354,5.199514887678629
7355,5.199514887678629
7356,5.199514887678629
7357,5.199514887678629
7358,5.199514887678629
7359,5.199514887678629
7360,5.199514887678629
7361,5.199514887678629
7362,5.199514887678629
7363,5.199514887678629
7364,5.199514887678629
7365,5.199514887678629
7366,5.199514887678629
7367,5.199514887678629
7368,5.199514887678629
7369,5.199514887678629
7370,5.199514887678629
7371,5.199514887678629
7372,5.199514887678629
7373,5.199514887678629
7374,5.199514887678629
7375,5.199514887678629
7376,5.199514887678629
7377,5.199514887678629
7378,5.199514887678629
7379,5.199514887678629
7380,5.199514887678629
7381,5.199514887678629
7382,5.199514887678629
7383,5.199514887678629
7384,5.199514887678629
7385,5.199514887678629
7386,5.199514887678629
7387,5.199514887678629
7388,5.199514887678629
7389,5.199514887678629
7390,5.199514887678629
7391,5.199514887678629
7392,5.199514887678629
7393,5.199514887678629
7394,5.199514887678629
7395,5.199514887678629
7396,5.199514887678629
7397,5.199514887678629
7398,5.199514887678629
7399,5.199514887678629
7400,5.199514887678629
7401,5.199514887678629
7402,5.199514887678629
7403,5.199514887678629
7404,5.199514887678629
7405,5.199514887678629
7406,5.199514887678629
7407,5.199514887678629
7408,5.199514887678629
7409,5.199514887678629
7410,5.199514887678629
7411,5.199514887678629
7412,5.199514887678629
7413,5.199514887678629
7414,5.199514887678629
7415,5.199514887678629
7416,5.199514887678629
7417,5.199514887678629
7418,5.199514887678629
7419,5.199514887678629
7420,5.199514887678629
7421,5.199514887678629
7422,5.199514887678629
7423,5.199514887678629
7424,5.199514887678629
7425,5.199514887678629
7426,5.199514887678629
7427,5.199514887678629
7428,5.199514887678629
7429,5.199514887678629
7430,5.199514887678629
7431,5.199514887678629
7432,5.199514887678629
7433,5.199514887678629
7434,5.199514887678629
7435,5.199514887678629
7436,5.199514887678629
7437,5.199514887678629
7438,5.199514887678629
7439,5.199514887678629
7440,5.199514887678629
7441,5.199514887678629
7442,5.199514887678629
7443,5.199514887678629
7444,5.199514887678629
7445,5.199514887678629
7446,5.199514887678629
7447,5.199514887678629
7448,5.199514887678629
7449,5.199514887678629
7450,5.199514887678629
7451,5.199514887678629
7452,5.199514887678629
7453,5.199514887678629
7454,5.199514887678629
7455,5.199514887678629
7456,5.199514887678629
7457,5.199514887678629
7458,5.199514887678629
7459,5.199514887678629
7460,5.199514887678629
7461,5.199514887678629
7462,5.199514887678629
7463,5.199514887678629
7464,5.199514887678629
7465,5.199514887678629
7466,5.199514887678629
7467,5.199514887678629
7468,5.199514887678629
7469,5.199514887678629
7470,5.199514887678629
7471,5.199514887678629
7472,5.199514887678629
7473,5.199514887678629
7474,5.199514887678629
7475,5.199514887678629
7476,5.199514887678629
7477,5.199514887678629
7478,5.199514887678629
7479,5.199514887678629
7480,5.199514887678629
7481,5.199514887678629
7482,5.199514887678629
7483,5.199514887678629
7484,5.199514887678629
7485,5.199514887678629
7486,5.199514887678629
7487,5.199514887678629
7488,5.199514887678629
7489,5.199514887678629
7490,5.199514887678629
7491,5.199514887678629
7492,5.199514887678629
7493,5.199514887678629
7494,5.199514887678629
7495,5.199514887678629
7496,5.199514887678629
7497,5.199514887678629
7498,5.199514887678629
7499,5.199514887678629
7500,5.199514887678629
7501,5.199514887678629
7502,5.199514887678629
7503,5.199514887678629
7504,5.199514887678629
7505,5.199514887678629
7506,5.199514887678629
7507,5.199514887678629
7508,5.199514887678629
7509,5.199514887678629
7510,5.199514887678629
7511,5.199514887678629
7512,5.199514887678629
7513,5.199514887678629
7514,5.199514887678629
7515,5.199514887678629
7516,5.199514887678629
7517,5.199514887678629
7518,5.199514887678629
7519,5.199514887678629
7520,5.199514887678629
7521,5.199514887678629
7522,5.199514887678629
7523,5.199514887678629
7524,5.199514887678629
7525,5.199514887678629
7526,5.199514887678629
7527,5.199514887678629
7528,5.199514887678629
7529,5.199514887678629
7530,5.199514887678629
7531,5.199514887678629
7532,5.199514887678629
7533,5.199514887678629
7534,5.199514887678629
7535,5.199514887678629
7536,5.199514887678629
7537,5.199514887678629
7538,5.199514887678629
7539,5.199514887678629
7540,5.199514887678629
7541,5.199514887678629
7542,5.199514887678629
7543,5.199514887678629
7544,5.199514887678629
7545,5.199514887678629
7546,5.199514887678629
7547,5.199514887678629
7548,5.199514887678629
7549,5.199514887678629
7550,5.199514887678629
7551,5.199514887678629
7552,5.199514887678629
7553,5.199514887678629
7554,4.8105049557277075
7555,4.8105049557277075
7556,4.8105049557277075
7557,4.8105049557277075
7558,4.2869767898863484
7559,4.2869767898863484
7560,4.2869767898863484
7561,4.2869767898863484
7562,4.2869767898863484
7563,4.2869767898863484
7564,4.2869767898863484
7565,4.2869767898863484
7566,4.2869767898863484
7567,4.2869767898863484
7568,4.2869767898863484
7569,4.2869767898863484
7570,4.2869767898863484
7571,4.2869767898863484
7572,4.2869767898863484
7573,4.2869767898863484
7574,4.2869767898863484
7575,4.2869767898863484
7576,4.2869767898863484
7577,4.2869767898863484
7578,4.2869767898863484
7579,4.2869767898863484
7580,4.2869767898863484
7581,4.2869767898863484
7582,4.2869767898863484
7583,4.2869767898863484
7584,4.2869767898863484
7585,4.2869767898863484
7586,4.2869767898863484
7587,4.2869767898863484
7588,4.2869767898863484
7589,4.2869767898863484
7590,4.2869767898863484
7591,4.2869767898863484
7592,4.2869767898863484
7593,4.2869767898863484
7594,4.2869767898863484
7595,4.2869767898863484
7596,4.2869767898863484
7597,4.2869767898863484
7598,4.2869767898863484
7599,4.2869767898863484
7600,4.2869767898863484
7601,4.2869767898863484
7602,4.2869767898863484
7603,4.2869767898863484
7604,4.2869767898863484
7605,4.2869767898863484
7606,4.2869767898863484
7607,4.2869767898863484
7608,4.2869767898863484
7609,4.2869767898863484
7610,4.2869767898863484
7611,4.2869767898863484
7612,4.2869767898863484
7613,4.2869767898863484
7614,4.2869767898863484
7615,4.2869767898863484
7616,4.2869767898863484
7617,4.2869767898863484
7618,4.2869767898863484
7619,4.2869767898863484
7620,4.2869767898863484
7621,4.2869767898863484
7622,4.2869767898863484
7623,4.2869767898863484
7624,4.2869767898863484
7625,4.2869767898863484
7626,4.2869767898863484
7627,4.2869767898863484
7628,4.2869767898863484
7629,4.2869767898863484
7630,4.2869767898863484
7631,4.2869767898863484
7632,4.2869767898863484
7633,4.2869767898863484
7634,4.2869767898863484
7635,4.2869767898863484
7636,4.2869767898863484
7637,4.2869767898863484
7638,4.2869767898863484
7639,4.2869767898863484
7640,4.2869767898863484
7641,4.2869767898863484
7642,4.2869767898863484
7643,4.2869767898863484
7644,4.2869767898863484
7645,4.2869767898863484
7646,4.2869767898863484
7647,4.2869767898863484
7648,4.2869767898863484
7649,4.2869767898863484
7650,4.2869767898863484
7651,4.2869767898863484
7652,4.2869767898863484
7653,4.2869767898863484
7654,4.2869767898863484
7655,4.2869767898863484
7656,4.2869767898863484
7657,4.2869767898863484
7658,4.2869767898863484
7659,4.2869767898863484
7660,4.2869767898863484
7661,4.2869767898863484
7662,4.2869767898863484
7663,4.2869767898863484
7664,4.2869767898863484
7665,4.2869767898863484
7666,4.2869767898863484
7667,4.2869767898863484
7668,4.2869767898863484
7669,4.2869767898863484
7670,4.2869767898863484
7671,4.2869767898863484
7672,4.2869767898863484
7673,4.2869767898863484
7674,4.2869767898863484
7675,4.2869767898863484
7676,4.2869767898863484
7677,4.2869767898863484
7678,4.2869767898863484
7679,4.2869767898863484
7680,4.2869767898863484
7681,4.2869767898863484
7682,4.2869767898863484
7683,4.2869767898863484
7684,4.2869767898863484
7685,4.2869767898863484
7686,4.2869767898863484
7687,4.2869767898863484
7688,4.2869767898863484
7689,4.2869767898863484
7690,4.2869767898863484
7691,4.2869767898863484
7692,4.2869767898863484
7693,4.2869767898863484
7694,4.2869767898863484
7695,4.2869767898863484
7696,4.2869767898863484
7697,4.2869767898863484
7698,4.2869767898863484
7699,4.2869767898863484
7700,4.2869767898863484
7701,4.2869767898863484
7702,4.2869767898863484
7703,4.2869767898863484
7704,4.2869767898863484
7705,4.2869767898863484
7706,4.2869767898863484
7707,4.2869767898863484
7708,4.2869767898863484
7709,4.2869767898863484
7710,4.2869767898863484
7711,4.2869767898863484
7712,4.2869767898863484
7713,4.2869767898863484
7714,4.2869767898863484
7715,4.2869767898863484
7716,4.2869767898863484
7717,4.2869767898863484
7718,4.2869767898863484
7719,4.2869767898863484
7720,4.2869767898863484
7721,4.2869767898863484
7722,4.2869767898863484
7723,4.2869767898863484
7724,4.2869767898863484
7725,4.2869767898863484
7726,4.2869767898863484
7727,4.2869767898863484
7728,4.2869767898863484
7729,4.2869767898863484
7730,4.2869767898863484
7731,4.2869767898863484
7732,4.2869767898863484
7733,4.2869767898863484
7734,4.2869767898863484
7735,4.2869767898863484
7736,4.2869767898863484
7737,4.2869767898863484
7738,4.2869767898863484
7739,4.2869767898863484
7740,4.2869767898863484
7741,4.2869767898863484
7742,4.2869767898863484
7743,4.2869767898863484
7744,4.2869767898863484
7745,4.2869767898863484
7746,4.2869767898863484
7747,4.2869767898863484
7748,4.2869767898863484
7749,4.2869767898863484
7750,4.2869767898863484
7751,4.2869767898863484
7752,4.2869767898863484
7753,4.2869767898863484
7754,4.2869767898863484
7755,4.2869767898863484
7756,4.2869767898863484
7757,4.2869767898863484
7758,4.2869767898863484
7759,4.2869767898863484
7760,4.2869767898863484
7761,4.2869767898863484
7762,4.2869767898863484
7763,4.2869767898863484
7764,4.2869767898863484
7765,4.2869767898863484
7766,4.2869767898863484
7767,4.2869767898863484
7768,4.2869767898863484
7769,4.2869767898863484
7770,4.2869767898863484
7771,4.2869767898863484
7772,4.2869767898863484
7773,4.2869767898863484
7774,4.2869767898863484
7775,4.2869767898863484
7776,4.2869767898863484
7777,4.2869767898863484
7778,4.2869767898863484
7779,4.2869767898863484
7780,4.2869767898863484
7781,4.2869767898863484
7782,4.2869767898863484
7783,4.2869767898863484
7784,4.2869767898863484
7785,4.2869767898863484
7786,4.2869767898863484
7787,4.2869767898863484
7788,4.2869767898863484
7789,4.2869767898863484
7790,4.2869767898863484
7791,4.2869767898863484
7792,4.2869767898863484
7793,4.2869767898863484
7794,4.2869767898863484
7795,4.2869767898863484
7796,4.2869767898863484
7797,4.2869767898863484
7798,4.2869767898863484
7799,4.2869767898863484
7800,4.2869767898863484
7801,4.2869767898863484
7802,4.2869767898863484
7803,4.2869767898863484
7804,4.2869767898863484
7805,4.2869767898863484
7806,4.2869767898863484
7807,4.2869767898863484
7808,4.2869767898863484
7809,4.2869767898863484
7810,4.2869767898863484
7811,4.2869767898863484
7812,4.2869767898863484
7813,4.2869767898863484
7814,4.2869767898863484
7815,4.2869767898863484
7816,4.2869767898863484
7817,4.2869767898863484
7818,4.2869767898863484
7819,4.2869767898863484
7820,4.2869767898863484
7821,4.2869767898863484
7822,4.2869767898863484
7823,4.2869767898863484
7824,4.2869767898863484
7825,4.2869767898863484
7826,4.2869767898863484
7827,4.2869767898863484
7828,4.2869767898863484
7829,4.2869767898863484
7830,4.2869767898863484
7831,4.2869767898863484
7832,4.2869767898863484
7833,4.2869767898863484
7834,4.2869767898863484
7835,4.2869767898863484
7836,4.2869767898863484
7837,4.2869767898863484
7838,4.2869767898863484
7839,4.2869767898863484
7840,4.2869767898863484
7841,4.2869767898863484
7842,4.2869767898863484
7843,4.2869767898863484
7844,4.2869767898863484
7845,4.2869767898863484
7846,4.2869767898863484
7847,4.2869767898863484
7848,4.2869767898863484
7849,4.2869767898863484
7850,4.2869767898863484
7851,4.2869767898863484
7852,4.2869767898863484
7853,4.2869767898863484
7854,4.2869767898863484
7855,4.2869767898863484
7856,4.2869767898863484
7857,4.2869767898863484
7858,4.2869767898863484
7859,4.2869767898863484
7860,4.2869767898863484
7861,4.2869767898863484
7862,4.2869767898863484
7863,4.2869767898863484
7864,4.2869767898863484
7865,4.2869767898863484
7866,4.2869767898863484
7867,4.2869767898863484
7868,4.2869767898863484
7869,4.2869767898863484
7870,4.2869767898863484
7871,4.2869767898863484
7872,4.2869767898863484
7873,4.2869767898863484
7874,4.2869767898863484
7875,4.2869767898863484
7876,4.2869767898863484
7877,4.2869767898863484
7878,4.2869767898863484
7879,4.2869767898863484
7880,4.2869767898863484
7881,4.2869767898863484
7882,4.2869767898863484
7883,4.2869767898863484
7884,4.2869767898863484
7885,4.2869767898863484
7886,4.2869767898863484
7887,4.2869767898863484
7888,4.2869767898863484
7889,4.2869767898863484
7890,4.2869767898863484
7891,4.2869767898863484
7892,4.2869767898863484
7893,4.2869767898863484
7894,4.2869767898863484
7895,4.2869767898863484
7896,4.2869767898863484
7897,4.2869767898863484
7898,4.2869767898863484
7899,4.2869767898863484
7900,4.2869767898863484
7901,4.2869767898863484
7902,4.2869767898863484
7903,4.2869767898863484
7904,4.2869767898863484
7905,4.2869767898863484
7906,4.2869767898863484
7907,4.2869767898863484
7908,4.2869767898863484
7909,4.2869767898863484
7910,4.2869767898863484
7911,4.2869767898863484
7912,4.2869767898863484
7913,4.2869767898863484
7914,4.2869767898863484
7915,4.2869767898863484
7916,4.2869767898863484
7917,4.2869767898863484
7918,4.2869767898863484
7919,4.2869767898863484
7920,4.2869767898863484
7921,4.2869767898863484
7922,4.2869767898863484
7923,4.2869767898863484
7924,4.2869767898863484
7925,4.2869767898863484
7926,4.2869767898863484
7927,4.2869767898863484
7928,4.2869767898863484
7929,4.2869767898863484
7930,4.2869767898863484
7931,4.2869767898863484
7932,4.2869767898863484
7933,4.2869767898863484
7934,4.2869767898863484
7935,4.2869767898863484
7936,4.2869767898863484
7937,4.2869767898863484
7938,4.2869767898863484
7939,4.2869767898863484
7940,4.2869767898863484
7941,4.2869767898863484
7942,4.2869767898863484
7943,4.2869767898863484
7944,4.2869767898863484
7945,4.2869767898863484
7946,4.2869767898863484
7947,4.2869767898863484
7948,4.2869767898863484
7949,4.2869767898863484
7950,4.2869767898863484
7951,4.2869767898863484
7952,4.2869767898863484
7953,4.2869767898863484
7954,4.2869767898863484
7955,4.2869767898863484
7956,4.2869767898863484
7957,4.2869767898863484
7958,4.2869767898863484
7959,4.2869767898863484
7960,4.2869767898863484
7961,4.2869767898863484
7962,4.2869767898863484
7963,4.2869767898863484
7964,4.2869767898863484
7965,4.2869767898863484
7966,4.2869767898863484
7967,4.2869767898863484
7968,4.2869767898863484
7969,4.2869767898863484
7970,4.2869767898863484
7971,4.2869767898863484
7972,4.2869767898863484
7973,4.2869767898863484
7974,4.2869767898863484
7975,4.2869767898863484
7976,4.2869767898863484
7977,4.2869767898863484
7978,4.2869767898863484
7979,4.2869767898863484
7980,4.2869767898863484
7981,4.2869767898863484
7982,4.2869767898863484
7983,4.2869767898863484
7984,4.2869767898863484
7985,4.2869767898863484
7986,4.2869767898863484
7987,4.2869767898863484
7988,4.2869767898863484
7989,4.2869767898863484
7990,4.2869767898863484
7991,4.2869767898863484
7992,4.2869767898863484
7993,4.2869767898863484
7994,4.2869767898863484
7995,4.2869767898863484
7996,4.2869767898863484
7997,4.2869767898863484
7998,4.2869767898863484
7999,4.2869767898863484
8000,4.2869767898863484
8001,4.2869767898863484
8002,4.2869767898863484
8003,4.2869767898863484
8004,4.2869767898863484
8005,4.2869767898863484
8006,4.2869767898863484
8007,4.2869767898863484
8008,4.2869767898863484
8009,4.2869767898863484
8010,4.2869767898863484
8011,4.2869767898863484
8012,4.2869767898863484
8013,4.2869767898863484
8014,4.2869767898863484
8015,4.2869767898863484
8016,4.2869767898863484
8017,4.2869767898863484
8018,4.2869767898863484
8019,4.2869767898863484
8020,4.2869767898863484
8021,4.2869767898863484
8022,4.2869767898863484
8023,4.2869767898863484
8024,4.2869767898863484
8025,4.2869767898863484
8026,4.2869767898863484
8027,4.2869767898863484
8028,4.2869767898863484
8029,4.2869767898863484
8030,4.2869767898863484
8031,4.2869767898863484
8032,4.2869767898863484
8033,4.2869767898863484
8034,4.2869767898863484
8035,4.2869767898863484
8036,4.2869767898863484
8037,4.2869767898863484
8038,4.2869767898863484
8039,4.2869767898863484
8040,4.2869767898863484
8041,4.2869767898863484
8042,4.2869767898863484
8043,4.2869767898863484
8044,4.2869767898863484
8045,4.2869767898863484
8046,4.2869767898863484
8047,4.2869767898863484
8048,4.2869767898863484
8049,4.2869767898863484
8050,4.2869767898863484
8051,4.2869767898863484
8052,4.2869767898863484
8053,4.2869767898863484
8054,4.2869767898863484
8055,4.2869767898863484
8056,4.2869767898863484
8057,4.2869767898863484
8058,4.2869767898863484
8059,4.2869767898863484
8060,4.2869767898863484
8061,4.2869767898863484
8062,4.2869767898863484
8063,4.2869767898863484
8064,4.2869767898863484
8065,4.2869767898863484
8066,4.2869767898863484
8067,4.2869767898863484
8068,4.2869767898863484
8069,4.2869767898863484
8070,4.2869767898863484
8071,4.2869767898863484
8072,4.2869767898863484
8073,4.2869767898863484
8074,4.2869767898863484
8075,4.2869767898863484
8076,4.2869767898863484
8077,4.2869767898863484
8078,4.2869767898863484
8079,4.2869767898863484
8080,4.2869767898863484
8081,4.2869767898863484
8082,4.2869767898863484
8083,4.2869767898863484
8084,4.2869767898863484
8085,4.2869767898863484
8086,4.2869767898863484
8087,4.2869767898863484
8088,4.2869767898863484
8089,4.2869767898863484
8090,4.2869767898863484
8091,4.2869767898863484
8092,4.2869767898863484
8093,4.2869767898863484
8094,4.2869767898863484
8095,4.2869767898863484
8096,4.2869767898863484
8097,4.2869767898863484
8098,4.2869767898863484
8099,4.2869767898863484
8100,4.2869767898863484
8101,4.2869767898863484
8102,4.2869767898863484
8103,4.2869767898863484
8104,4.2869767898863484
8105,4.2869767898863484
8106,4.2869767898863484
8107,4.2869767898863484
8108,4.2869767898863484
8109,4.2869767898863484
8110,4.2869767898863484
8111,4.2869767898863484
8112,4.2869767898863484
8113,4.2869767898863484
8114,4.2869767898863484
8115,4.2869767898863484
8116,4.2869767898863484
8117,4.2869767898863484
8118,4.2869767898863484
8119,4.2869767898863484
8120,4.2869767898863484
8121,4.2869767898863484
8122,4.2869767898863484
8123,4.2869767898863484
8124,4.2869767898863484
8125,4.2869767898863484
8126,4.2869767898863484
8127,4.2869767898863484
8128,4.2869767898863484
8129,4.2869767898863484
8130,4.2869767898863484
8131,4.2869767898863484
8132,4.2869767898863484
8133,4.2869767898863484
8134,4.2869767898863484
8135,4.2869767898863484
8136,4.2869767898863484
8137,4.2869767898863484
8138,4.2869767898863484
8139,4.2869767898863484
8140,4.2869767898863484
8141,4.2869767898863484
8142,4.2869767898863484
8143,4.2869767898863484
8144,4.2869767898863484
8145,4.2869767898863484
8146,4.2869767898863484
8147,4.2869767898863484
8148,4.2869767898863484
8149,4.2869767898863484
8150,4.2869767898863484
8151,4.2869767898863484
8152,4.2869767898863484
8153,4.2869767898863484
8154,4.2869767898863484
8155,4.2869767898863484
8156,4.2869767898863484
8157,4.2869767898863484
8158,4.2869767898863484
8159,4.2869767898863484
8160,4.2869767898863484
8161,4.2869767898863484
8162,4.2869767898863484
8163,4.2869767898863484
8164,4.2869767898863484
8165,4.2869767898863484
8166,4.2869767898863484
8167,4.2869767898863484
8168,4.2869767898863484
8169,4.2869767898863484
8170,4.2869767898863484
8171,4.2869767898863484
8172,4.2869767898863484
8173,4.2869767898863484
8174,4.2869767898863484
8175,4.2869767898863484
8176,4.2869767898863484
8177,4.2869767898863484
8178,4.2869767898863484
8179,4.2869767898863484
8180,4.2869767898863484
8181,4.2869767898863484
8182,4.2869767898863484
8183,4.2869767898863484
8184,4.2869767898863484
8185,4.2869767898863484
8186,4.2869767898863484
8187,4.2869767898863484
8188,4.2869767898863484
8189,4.2869767898863484
8190,4.2869767898863484
8191,4.2869767898863484
8192,4.2869767898863484
8193,4.2869767898863484
8194,4.2869767898863484
8195,4.2869767898863484
8196,4.2869767898863484
8197,4.2869767898863484
8198,4.2869767898863484
8199,4.2869767898863484
8200,4.2869767898863484
8201,4.2869767898863484
8202,4.2869767898863484
8203,4.2869767898863484
8204,4.2869767898863484
8205,4.2869767898863484
8206,4.2869767898863484
8207,4.2869767898863484
8208,4.2869767898863484
8209,4.2869767898863484
8210,4.2869767898863484
8211,4.2869767898863484
8212,4.2869767898863484
8213,4.2869767898863484
8214,4.2869767898863484
8215,4.2869767898863484
8216,4.2869767898863484
8217,4.2869767898863484
8218,4.2869767898863484
8219,4.2869767898863484
8220,4.2869767898863484
8221,4.2869767898863484
8222,4.2869767898863484
8223,4.2869767898863484
8224,4.2869767898863484
8225,4.2869767898863484
8226,4.2869767898863484
8227,4.2869767898863484
8228,4.2869767898863484
8229,4.2869767898863484
8230,4.2869767898863484
8231,4.2869767898863484
8232,4.2869767898863484
8233,4.2869767898863484
8234,4.2869767898863484
8235,4.2869767898863484
8236,4.2869767898863484
8237,4.2869767898863484
8238,4.2869767898863484
8239,4.2869767898863484
8240,4.2869767898863484
8241,4.2869767898863484
8242,4.2869767898863484
8243,4.2869767898863484
8244,4.2869767898863484
8245,4.2869767898863484
8246,4.2869767898863484
8247,4.2869767898863484
8248,4.2869767898863484
8249,4.2869767898863484
8250,4.2869767898863484
8251,4.2869767898863484
8252,4.2869767898863484
8253,4.2869767898863484
8254,4.2869767898863484
8255,4.2869767898863484
8256,4.2869767898863484
8257,4.2869767898863484
8258,4.2869767898863484
8259,4.2869767898863484
8260,4.2869767898863484
8261,4.2869767898863484
8262,4.2869767898863484
8263,4.2869767898863484
8264,4.2869767898863484
8265,4.2869767898863484
8266,4.2869767898863484
8267,4.2869767898863484
8268,4.2869767898863484
8269,4.2869767898863484
8270,4.2869767898863484
8271,4.2869767898863484
8272,4.2869767898863484
8273,4.2869767898863484
8274,4.2869767898863484
8275,4.2869767898863484
8276,4.2869767898863484
8277,4.2869767898863484
8278,4.2869767898863484
8279,4.2869767898863484
8280,4.2869767898863484
8281,4.2869767898863484
8282,4.2869767898863484
8283,4.2869767898863484
8284,4.2869767898863484
8285,4.2869767898863484
8286,4.2869767898863484
8287,4.2869767898863484
8288,4.2869767898863484
8289,4.2869767898863484
8290,4.2869767898863484
8291,4.2869767898863484
8292,4.2869767898863484
8293,4.2869767898863484
8294,4.2869767898863484
8295,4.2869767898863484
8296,4.2869767898863484
8297,4.2869767898863484
8298,4.2869767898863484
8299,4.2869767898863484
8300,4.2869767898863484
8301,4.2869767898863484
8302,4.2869767898863484
8303,4.2869767898863484
8304,4.2869767898863484
8305,4.2869767898863484
8306,4.2869767898863484
8307,4.2869767898863484
8308,4.2869767898863484
8309,4.2869767898863484
8310,4.2869767898863484
8311,4.2869767898863484
8312,4.2869767898863484
8313,4.2869767898863484
8314,4.2869767898863484
8315,4.2869767898863484
8316,4.2869767898863484
8317,4.2869767898863484
8318,4.2869767898863484
8319,4.2869767898863484
8320,4.2869767898863484
8321,4.2869767898863484
8322,4.2869767898863484
8323,4.2869767898863484
8324,4.2869767898863484
8325,4.2869767898863484
8326,4.2869767898863484
8327,4.2869767898863484
8328,4.2869767898863484
8329,4.2869767898863484
8330,4.2869767898863484
8331,4.2869767898863484
8332,4.2869767898863484
8333,4.2869767898863484
8334,4.2869767898863484
8335,4.2869767898863484
8336,4.2869767898863484
8337,4.2869767898863484
8338,4.2869767898863484
8339,4.2869767898863484
8340,4.2869767898863484
8341,4.2869767898863484
8342,4.2869767898863484
8343,4.2869767898863484
8344,4.2869767898863484
8345,4.2869767898863484
8346,4.2869767898863484
8347,4.2869767898863484
8348,4.2869767898863484
8349,4.2869767898863484
8350,4.2869767898863484
8351,4.2869767898863484
8352,4.2869767898863484
8353,4.2869767898863484
8354,4.2869767898863484
8355,4.2869767898863484
8356,4.2869767898863484
8357,4.2869767898863484
8358,4.2869767898863484
8359,4.2869767898863484
8360,4.2869767898863484
8361,4.2869767898863484
8362,4.2869767898863484
8363,4.2869767898863484
8364,4.2869767898863484
8365,4.2869767898863484
8366,4.2869767898863484
8367,4.2869767898863484
8368,4.2869767898863484
8369,4.2869767898863484
8370,4.2869767898863484
8371,4.2869767898863484
8372,4.2869767898863484
8373,4.2869767898863484
8374,4.2869767898863484
8375,4.2869767898863484
8376,4.2869767898863484
8377,4.2869767898863484
8378,4.2869767898863484
8379,4.2869767898863484
8380,4.2869767898863484
8381,4.2869767898863484
8382,4.2869767898863484
8383,4.2869767898863484
8384,4.2869767898863484
8385,4.2869767898863484
8386,4.2869767898863484
8387,4.2869767898863484
8388,4.2869767898863484
8389,4.2869767898863484
8390,4.2869767898863484
8391,4.2869767898863484
8392,4.2869767898863484
8393,4.2869767898863484
8394,4.2869767898863484
8395,4.2869767898863484
8396,4.2869767898863484
8397,4.2869767898863484
8398,4.2869767898863484
8399,4.2869767898863484
8400,4.2869767898863484
8401,4.2869767898863484
8402,4.2869767898863484
8403,4.2869767898863484
8404,4.2869767898863484
8405,4.2869767898863484
8406,4.2869767898863484
8407,4.2869767898863484
8408,4.2869767898863484
8409,4.2869767898863484
8410,4.2869767898863484
8411,4.2869767898863484
8412,4.2869767898863484
8413,4.2869767898863484
8414,4.2869767898863484
8415,4.2869767898863484
8416,4.2869767898863484
8417,4.2869767898863484
8418,4.2869767898863484
8419,4.2869767898863484
8420,4.2869767898863484
8421,4.2869767898863484
8422,4.2869767898863484
8423,4.2869767898863484
8424,4.2869767898863484
8425,4.2869767898863484
8426,4.2869767898863484
8427,4.2869767898863484
8428,4.2869767898863484
8429,4.2869767898863484
8430,4.2869767898863484
8431,4.2869767898863484
8432,4.2869767898863484
8433,4.2869767898863484
8434,4.2869767898863484
8435,4.2869767898863484
8436,4.2869767898863484
8437,4.2869767898863484
8438,4.2869767898863484
8439,4.2869767898863484
8440,4.2869767898863484
8441,4.2869767898863484
8442,4.2869767898863484
8443,4.2869767898863484
8444,4.2869767898863484
8445,4.2869767898863484
8446,4.2869767898863484
8447,4.2869767898863484
8448,4.2869767898863484
8449,4.2869767898863484
8450,4.2869767898863484
8451,4.2869767898863484
8452,4.2869767898863484
8453,4.2869767898863484
8454,4.2869767898863484
8455,4.2869767898863484
8456,4.2869767898863484
8457,4.2869767898863484
8458,4.2869767898863484
8459,4.2869767898863484
8460,4.2869767898863484
8461,4.2869767898863484
8462,4.2869767898863484
8463,4.2869767898863484
8464,4.2869767898863484
8465,4.2869767898863484
8466,4.2869767898863484
8467,4.2869767898863484
8468,4.2869767898863484
8469,4.2869767898863484
8470,4.2869767898863484
8471,4.2869767898863484
8472,4.2869767898863484
8473,4.2869767898863484
8474,4.2869767898863484
8475,4.2869767898863484
8476,4.2869767898863484
8477,4.2869767898863484
8478,4.2869767898863484
8479,4.2869767898863484
8480,4.2869767898863484
8481,4.2869767898863484
8482,4.2869767898863484
8483,4.2869767898863484
8484,4.2869767898863484
8485,4.2869767898863484
8486,4.2869767898863484
8487,4.2869767898863484
8488,4.2869767898863484
8489,4.2869767898863484
8490,4.2869767898863484
8491,4.2869767898863484
8492,4.2869767898863484
8493,4.2869767898863484
8494,4.2869767898863484
8495,4.2869767898863484
8496,4.2869767898863484
8497,4.2869767898863484
8498,4.2869767898863484
8499,4.2869767898863484
8500,4.2869767898863484
8501,4.2869767898863484
8502,4.2869767898863484
8503,4.2869767898863484
8504,4.2869767898863484
8505,4.2869767898863484
8506,4.2869767898863484
8507,4.2869767898863484
8508,4.2869767898863484
8509,4.2869767898863484
8510,4.2869767898863484
8511,4.2869767898863484
8512,4.2869767898863484
8513,4.2869767898863484
8514,4.2869767898863484
8515,4.2869767898863484
8516,4.2869767898863484
8517,4.2869767898863484
8518,4.2869767898863484
8519,4.2869767898863484
8520,4.2869767898863484
8521,4.2869767898863484
8522,4.2869767898863484
8523,4.2869767898863484
8524,4.2869767898863484
8525,4.2869767898863484
8526,4.2869767898863484
8527,4.2869767898863484
8528,4.2869767898863484
8529,4.2869767898863484
8530,4.2869767898863484
8531,4.2869767898863484
8532,4.2869767898863484
8533,4.2869767898863484
8534,4.2869767898863484
8535,4.2869767898863484
8536,4.2869767898863484
8537,4.2869767898863484
8538,4.2869767898863484
8539,4.2869767898863484
8540,4.2869767898863484
8541,4.2869767898863484
8542,4.2869767898863484
8543,4.2869767898863484
8544,4.2869767898863484
8545,4.2869767898863484
8546,4.2869767898863484
8547,4.2869767898863484
8548,4.2869767898863484
8549,4.2869767898863484
8550,4.2869767898863484
8551,4.2869767898863484
8552,4.2869767898863484
8553,4.2869767898863484
8554,4.2869767898863484
8555,4.2869767898863484
8556,4.2869767898863484
8557,4.2869767898863484
8558,4.2869767898863484
8559,4.2869767898863484
8560,4.2869767898863484
8561,4.2869767898863484
8562,4.2869767898863484
8563,4.2869767898863484
8564,4.2869767898863484
8565,4.2869767898863484
8566,4.2869767898863484
8567,4.2869767898863484
8568,4.2869767898863484
8569,4.2869767898863484
8570,4.2869767898863484
8571,4.2869767898863484
8572,4.2869767898863484
8573,4.2869767898863484
8574,4.2869767898863484
8575,4.2869767898863484
8576,4.2869767898863484
8577,4.2869767898863484
8578,4.2869767898863484
8579,4.2869767898863484
8580,4.2869767898863484
8581,4.2869767898863484
8582,4.2869767898863484
8583,4.2869767898863484
8584,4.2869767898863484
8585,4.2869767898863484
8586,4.2869767898863484
8587,4.2869767898863484
8588,4.2869767898863484
8589,4.2869767898863484
8590,4.2869767898863484
8591,4.2869767898863484
8592,4.2869767898863484
8593,4.2869767898863484
8594,4.2869767898863484
8595,4.2869767898863484
8596,4.2869767898863484
8597,4.2869767898863484
8598,4.2869767898863484
8599,4.2869767898863484
8600,4.2869767898863484
8601,4.2869767898863484
8602,4.2869767898863484
8603,4.2869767898863484
8604,4.2869767898863484
8605,4.2869767898863484
8606,4.2869767898863484
8607,4.2869767898863484
8608,4.2869767898863484
8609,4.2869767898863484
8610,4.2869767898863484
8611,4.2869767898863484
8612,4.2869767898863484
8613,4.2869767898863484
8614,4.2869767898863484
8615,4.2869767898863484
8616,4.2869767898863484
8617,4.2869767898863484
8618,4.2869767898863484
8619,4.2869767898863484
8620,4.2869767898863484
8621,4.2869767898863484
8622,4.2869767898863484
8623,4.2869767898863484
8624,4.2869767898863484
8625,4.2869767898863484
8626,4.2869767898863484
8627,4.2869767898863484
8628,4.2869767898863484
8629,4.2869767898863484
8630,4.2869767898863484
8631,4.2869767898863484
8632,4.2869767898863484
8633,4.2869767898863484
8634,4.2869767898863484
8635,4.2869767898863484
8636,4.2869767898863484
8637,4.2869767898863484
8638,4.2869767898863484
8639,4.2869767898863484
8640,4.2869767898863484
8641,4.2869767898863484
8642,4.2869767898863484
8643,4.2869767898863484
8644,4.2869767898863484
8645,4.2869767898863484
8646,4.2869767898863484
8647,4.2869767898863484
8648,4.2869767898863484
8649,4.2869767898863484
8650,4.2869767898863484
8651,4.2869767898863484
8652,4.2869767898863484
8653,4.2869767898863484
8654,4.2869767898863484
8655,4.2869767898863484
8656,4.2869767898863484
8657,4.2869767898863484
8658,4.2869767898863484
8659,4.2869767898863484
8660,4.2869767898863484
8661,4.2869767898863484
8662,4.2869767898863484
8663,4.2869767898863484
8664,4.2869767898863484
8665,4.2869767898863484
8666,4.2869767898863484
8667,4.2869767898863484
8668,4.2869767898863484
8669,4.2869767898863484
8670,4.2869767898863484
8671,4.2869767898863484
8672,4.2869767898863484
8673,4.2869767898863484
8674,4.2869767898863484
8675,4.2869767898863484
8676,4.2869767898863484
8677,4.2869767898863484
8678,4.2869767898863484
8679,4.2869767898863484
8680,4.2869767898863484
8681,4.2869767898863484
8682,4.2869767898863484
8683,4.2869767898863484
8684,4.2869767898863484
8685,4.2869767898863484
8686,4.2869767898863484
8687,4.2869767898863484
8688,4.2869767898863484
8689,4.2869767898863484
8690,4.2869767898863484
8691,4.2869767898863484
8692,4.2869767898863484
8693,4.2869767898863484
8694,4.2869767898863484
8695,4.2869767898863484
8696,4.2869767898863484
8697,4.2869767898863484
8698,4.2869767898863484
8699,4.2869767898863484
8700,4.2869767898863484
8701,4.2869767898863484
8702,4.2869767898863484
8703,4.2869767898863484
8704,4.2869767898863484
8705,4.2869767898863484
8706,4.2869767898863484
8707,4.2869767898863484
8708,4.2869767898863484
8709,4.2869767898863484
8710,4.2869767898863484
8711,4.2869767898863484
8712,4.2869767898863484
8713,4.2869767898863484
8714,4.2869767898863484
8715,4.2869767898863484
8716,4.2869767898863484
8717,4.2869767898863484
8718,4.2869767898863484
8719,4.2869767898863484
8720,4.2869767898863484
8721,4.2869767898863484
8722,4.2869767898863484
8723,4.2869767898863484
8724,4.2869767898863484
8725,4.2869767898863484
8726,4.2869767898863484
8727,4.2869767898863484
8728,4.2869767898863484
8729,4.2869767898863484
8730,4.2869767898863484
8731,4.2869767898863484
8732,4.2869767898863484
8733,4.2869767898863484
8734,4.2869767898863484
8735,4.2869767898863484
8736,4.2869767898863484
8737,4.2869767898863484
8738,4.2869767898863484
8739,4.2869767898863484
8740,4.2869767898863484
8741,4.2869767898863484
8742,4.2869767898863484
8743,4.2869767898863484
8744,4.2869767898863484
8745,4.2869767898863484
8746,4.2869767898863484
8747,4.2869767898863484
8748,4.2869767898863484
8749,4.2869767898863484
8750,4.2869767898863484
8751,4.2869767898863484
8752,4.2869767898863484
8753,4.2869767898863484
8754,4.2869767898863484
8755,4.2869767898863484
8756,4.2869767898863484
8757,4.2869767898863484
8758,4.2869767898863484
8759,4.2869767898863484
8760,4.2869767898863484
8761,4.2869767898863484
8762,4.2869767898863484
8763,4.2869767898863484
8764,4.2869767898863484
8765,4.2869767898863484
8766,4.2869767898863484
8767,4.2869767898863484
8768,4.2869767898863484
8769,4.2869767898863484
8770,4.2869767898863484
8771,4.2869767898863484
8772,4.2869767898863484
8773,4.2869767898863484
8774,4.2869767898863484
8775,4.2869767898863484
8776,4.2869767898863484
8777,4.2869767898863484
8778,4.2869767898863484
8779,4.2869767898863484
8780,4.2869767898863484
8781,4.2869767898863484
8782,4.2869767898863484
8783,4.2869767898863484
8784,4.2869767898863484
8785,4.2869767898863484
8786,4.2869767898863484
8787,4.2869767898863484
8788,4.2869767898863484
8789,4.2869767898863484
8790,4.2869767898863484
8791,4.2869767898863484
8792,4.2869767898863484
8793,4.2869767898863484
8794,4.2869767898863484
8795,4.2869767898863484
8796,4.2869767898863484
8797,4.2869767898863484
8798,4.2869767898863484
8799,4.2869767898863484
8800,4.2869767898863484
8801,4.2869767898863484
8802,4.2869767898863484
8803,4.2869767898863484
8804,4.2869767898863484
8805,4.2869767898863484
8806,4.2869767898863484
8807,4.2869767898863484
8808,4.2869767898863484
8809,4.2869767898863484
8810,4.2869767898863484
8811,4.2869767898863484
8812,4.2869767898863484
8813,4.2869767898863484
8814,4.2869767898863484
8815,4.2869767898863484
8816,4.2869767898863484
8817,4.2869767898863484
8818,4.2869767898863484
8819,4.2869767898863484
8820,4.2869767898863484
8821,4.2869767898863484
8822,4.2869767898863484
8823,4.2869767898863484
8824,4.2869767898863484
8825,4.2869767898863484
8826,4.2869767898863484
8827,4.2869767898863484
8828,4.2869767898863484
8829,4.2869767898863484
8830,4.2869767898863484
8831,4.2869767898863484
8832,4.2869767898863484
8833,4.2869767898863484
8834,4.2869767898863484
8835,4.2869767898863484
8836,4.2869767898863484
8837,4.2869767898863484
8838,4.2869767898863484
8839,4.2869767898863484
8840,4.2869767898863484
8841,4.2869767898863484
8842,4.2869767898863484
8843,4.2869767898863484
8844,4.2869767898863484
8845,4.2869767898863484
8846,4.2869767898863484
8847,4.2869767898863484
8848,4.2869767898863484
8849,4.2869767898863484
8850,4.2869767898863484
8851,4.2869767898863484
8852,4.2869767898863484
8853,4.2869767898863484
8854,4.2869767898863484
8855,4.2869767898863484
8856,4.2869767898863484
8857,4.2869767898863484
8858,4.2869767898863484
8859,4.2869767898863484
8860,4.2869767898863484
8861,4.2869767898863484
8862,4.2869767898863484
8863,4.2869767898863484
8864,4.2869767898863484
8865,4.2869767898863484
8866,4.2869767898863484
8867,4.2869767898863484
8868,4.2869767898863484
8869,4.2869767898863484
8870,4.2869767898863484
8871,4.2869767898863484
8872,4.2869767898863484
8873,4.2869767898863484
8874,4.2869767898863484
8875,4.2869767898863484
8876,4.2869767898863484
8877,4.2869767898863484
8878,4.2869767898863484
8879,4.2869767898863484
8880,4.2869767898863484
8881,4.2869767898863484
8882,4.2869767898863484
8883,4.2869767898863484
8884,4.2869767898863484
8885,4.2869767898863484
8886,4.2869767898863484
8887,4.2869767898863484
8888,4.2869767898863484
8889,4.2869767898863484
8890,4.2869767898863484
8891,4.2869767898863484
8892,4.2869767898863484
8893,4.2869767898863484
8894,4.2869767898863484
8895,4.2869767898863484
8896,4.2869767898863484
8897,4.2869767898863484
8898,4.2869767898863484
8899,4.2869767898863484
8900,4.2869767898863484
8901,4.2869767898863484
8902,4.2869767898863484
8903,4.2869767898863484
8904,4.2869767898863484
8905,4.2869767898863484
8906,4.2869767898863484
8907,4.2869767898863484
8908,4.2869767898863484
8909,4.2869767898863484
8910,4.2869767898863484
8911,4.2869767898863484
8912,4.2869767898863484
8913,4.2869767898863484
8914,4.2869767898863484
8915,4.2869767898863484
8916,4.2869767898863484
8917,4.2869767898863484
8918,4.2869767898863484
8919,4.2869767898863484
8920,4.2869767898863484
8921,4.2869767898863484
8922,4.2869767898863484
8923,4.2869767898863484
8924,4.2869767898863484
8925,4.2869767898863484
8926,4.2869767898863484
8927,4.2869767898863484
8928,4.2869767898863484
8929,4.2869767898863484
8930,4.2869767898863484
8931,4.2869767898863484
8932,4.2869767898863484
8933,4.2869767898863484
8934,4.2869767898863484
8935,4.2869767898863484
8936,4.2869767898863484
8937,4.2869767898863484
8938,4.2869767898863484
8939,4.2869767898863484
8940,4.2869767898863484
8941,4.2869767898863484
8942,4.2869767898863484
8943,4.2869767898863484
8944,4.2869767898863484
8945,4.2869767898863484
8946,4.2869767898863484
8947,4.2869767898863484
8948,4.2869767898863484
8949,4.2869767898863484
8950,4.2869767898863484
8951,4.2869767898863484
8952,4.2869767898863484
8953,4.2869767898863484
8954,4.2869767898863484
8955,4.2869767898863484
8956,4.2869767898863484
8957,4.2869767898863484
8958,4.2869767898863484
8959,4.2869767898863484
8960,4.2869767898863484
8961,4.2869767898863484
8962,4.2869767898863484
8963,4.2869767898863484
8964,4.2869767898863484
8965,4.2869767898863484
8966,4.2869767898863484
8967,4.2869767898863484
8968,4.2869767898863484
8969,4.2869767898863484
8970,4.2869767898863484
8971,4.2869767898863484
8972,4.2869767898863484
8973,4.2869767898863484
8974,4.2869767898863484
8975,4.2869767898863484
8976,4.2869767898863484
8977,4.2869767898863484
8978,4.2869767898863484
8979,4.2869767898863484
8980,4.2869767898863484
8981,4.2869767898863484
8982,4.2869767898863484
8983,4.2869767898863484
8984,4.2869767898863484
8985,4.2869767898863484
8986,4.2869767898863484
8987,4.2869767898863484
8988,4.2869767898863484
8989,4.2869767898863484
8990,4.2869767898863484
8991,4.2869767898863484
8992,4.2869767898863484
8993,4.2869767898863484
8994,4.2869767898863484
8995,4.2869767898863484
8996,4.2869767898863484
8997,4.2869767898863484
8998,4.2869767898863484
8999,4.2869767898863484
9000,4.2869767898863484
9001,4.2869767898863484
9002,4.2869767898863484
9003,4.2869767898863484
9004,4.2869767898863484
9005,4.2869767898863484
9006,4.2869767898863484
9007,4.2869767898863484
9008,4.2869767898863484
9009,4.2869767898863484
9010,4.2869767898863484
9011,4.2869767898863484
9012,4.2869767898863484
9013,4.2869767898863484
9014,4.2869767898863484
9015,4.2869767898863484
9016,4.2869767898863484
9017,4.2869767898863484
9018,4.2869767898863484
9019,4.2869767898863484
9020,4.2869767898863484
9021,4.2869767898863484
9022,4.2869767898863484
9023,4.2869767898863484
9024,4.2869767898863484
9025,4.2869767898863484
9026,4.2869767898863484
9027,4.2869767898863484
9028,4.2869767898863484
9029,4.2869767898863484
9030,4.2869767898863484
9031,4.2869767898863484
9032,4.2869767898863484
9033,4.2869767898863484
9034,4.2869767898863484
9035,4.2869767898863484
9036,4.2869767898863484
9037,4.2869767898863484
9038,4.2869767898863484
9039,4.2869767898863484
9040,4.2869767898863484
9041,4.2869767898863484
9042,4.2869767898863484
9043,4.2869767898863484
9044,4.2869767898863484
9045,4.2869767898863484
9046,4.2869767898863484
9047,4.2869767898863484
9048,4.2869767898863484
9049,4.2869767898863484
9050,4.2869767898863484
9051,4.2869767898863484
9052,4.2869767898863484
9053,4.2869767898863484
9054,4.2869767898863484
9055,4.2869767898863484
9056,4.2869767898863484
9057,4.2869767898863484
9058,4.2869767898863484
9059,4.2869767898863484
9060,4.2869767898863484
9061,4.2869767898863484
9062,4.2869767898863484
9063,4.2869767898863484
9064,4.2869767898863484
9065,4.2869767898863484
9066,4.2869767898863484
9067,4.2869767898863484
9068,4.2869767898863484
9069,4.2869767898863484
9070,4.2869767898863484
9071,4.2869767898863484
9072,4.2869767898863484
9073,4.2869767898863484
9074,4.2869767898863484
9075,4.2869767898863484
9076,4.2869767898863484
9077,4.2869767898863484
9078,4.2869767898863484
9079,4.2869767898863484
9080,4.2869767898863484
9081,4.2869767898863484
9082,4.2869767898863484
9083,4.2869767898863484
9084,4.2869767898863484
9085,4.2869767898863484
9086,4.2869767898863484
9087,4.2869767898863484
9088,4.2869767898863484
9089,4.2869767898863484
9090,4.2869767898863484
9091,4.2869767898863484
9092,4.2869767898863484
9093,4.2869767898863484
9094,4.2869767898863484
9095,4.2869767898863484
9096,4.2869767898863484
9097,4.2869767898863484
9098,4.2869767898863484
9099,4.2869767898863484
9100,4.2869767898863484
9101,4.2869767898863484
9102,4.2869767898863484
9103,4.2869767898863484
9104,4.2869767898863484
9105,4.2869767898863484
9106,4.2869767898863484
9107,4.2869767898863484
9108,4.2869767898863484
9109,4.2869767898863484
9110,4.2869767898863484
9111,4.2869767898863484
9112,4.2869767898863484
9113,4.2869767898863484
9114,4.2869767898863484
9115,4.2869767898863484
9116,4.2869767898863484
9117,4.2869767898863484
9118,4.2869767898863484
9119,4.2869767898863484
9120,4.2869767898863484
9121,4.2869767898863484
9122,4.2869767898863484
9123,4.2869767898863484
9124,4.2869767898863484
9125,4.2869767898863484
9126,4.2869767898863484
9127,4.2869767898863484
9128,4.2869767898863484
9129,4.2869767898863484
9130,4.2869767898863484
9131,4.2869767898863484
9132,4.2869767898863484
9133,4.2869767898863484
9134,4.2869767898863484
9135,4.2869767898863484
9136,4.2869767898863484
9137,4.2869767898863484
9138,4.2869767898863484
9139,4.2869767898863484
9140,4.2869767898863484
9141,4.2869767898863484
9142,4.2869767898863484
9143,4.2869767898863484
9144,4.2869767898863484
9145,4.2869767898863484
9146,4.2869767898863484
9147,4.2869767898863484
9148,4.2869767898863484
9149,4.2869767898863484
9150,4.2869767898863484
9151,4.2869767898863484
9152,4.2869767898863484
9153,4.2869767898863484
9154,4.2869767898863484
9155,4.2869767898863484
9156,4.2869767898863484
9157,4.2869767898863484
9158,4.2869767898863484
9159,4.2869767898863484
9160,4.2869767898863484
9161,4.2869767898863484
9162,4.2869767898863484
9163,4.2869767898863484
9164,4.2869767898863484
9165,4.2869767898863484
9166,4.2869767898863484
9167,4.2869767898863484
9168,4.2869767898863484
9169,4.2869767898863484
9170,4.2869767898863484
9171,4.2869767898863484
9172,4.2869767898863484
9173,4.2869767898863484
9174,4.2869767898863484
9175,4.2869767898863484
9176,4.2869767898863484
9177,4.2869767898863484
9178,4.2869767898863484
9179,4.2869767898863484
9180,4.2869767898863484
9181,4.2869767898863484
9182,4.2869767898863484
9183,4.2869767898863484
9184,4.2869767898863484
9185,4.2869767898863484
9186,4.2869767898863484
9187,4.2869767898863484
9188,4.2869767898863484
9189,4.2869767898863484
9190,4.2869767898863484
9191,4.2869767898863484
9192,4.2869767898863484
9193,4.2869767898863484
9194,4.2869767898863484
9195,4.2869767898863484
9196,4.2869767898863484
9197,4.2869767898863484
9198,4.2869767898863484
9199,4.2869767898863484
9200,4.2869767898863484
9201,4.2869767898863484
9202,4.2869767898863484
9203,4.2869767898863484
9204,4.2869767898863484
9205,4.2869767898863484
9206,4.2869767898863484
9207,4.2869767898863484
9208,4.2869767898863484
9209,4.2869767898863484
9210,4.2869767898863484
9211,4.2869767898863484
9212,4.2869767898863484
9213,4.2869767898863484
9214,4.2869767898863484
9215,4.2869767898863484
9216,4.2869767898863484
9217,4.2869767898863484
9218,4.2869767898863484
9219,4.2869767898863484
9220,4.2869767898863484
9221,4.2869767898863484
9222,4.2869767898863484
9223,4.2869767898863484
9224,4.2869767898863484
9225,4.2869767898863484
9226,4.2869767898863484
9227,4.2869767898863484
9228,4.2869767898863484
9229,4.2869767898863484
9230,4.2869767898863484
9231,4.2869767898863484
9232,4.2869767898863484
9233,4.2869767898863484
9234,4.2869767898863484
9235,4.2869767898863484
9236,4.2869767898863484
9237,4.2869767898863484
9238,4.2869767898863484
9239,4.2869767898863484
9240,4.2869767898863484
9241,4.2869767898863484
9242,4.2869767898863484
9243,4.2869767898863484
9244,4.2869767898863484
9245,4.2869767898863484
9246,4.2869767898863484
9247,4.2869767898863484
9248,4.2869767898863484
9249,4.2869767898863484
9250,4.2869767898863484
9251,4.2869767898863484
9252,4.2869767898863484
9253,4.2869767898863484
9254,4.2869767898863484
9255,4.2869767898863484
9256,4.2869767898863484
9257,4.2869767898863484
9258,4.2869767898863484
9259,4.2869767898863484
9260,4.2869767898863484
9261,4.2869767898863484
9262,4.2869767898863484
9263,4.2869767898863484
9264,4.2869767898863484
9265,4.2869767898863484
9266,4.2869767898863484
9267,4.2869767898863484
9268,4.2869767898863484
9269,4.2869767898863484
9270,4.2869767898863484
9271,4.2869767898863484
9272,4.2869767898863484
9273,4.2869767898863484
9274,4.2869767898863484
9275,4.2869767898863484
9276,4.2869767898863484
9277,4.2869767898863484
9278,4.2869767898863484
9279,4.2869767898863484
9280,4.2869767898863484
9281,4.2869767898863484
9282,4.2869767898863484
9283,4.2869767898863484
9284,4.2869767898863484
9285,4.2869767898863484
9286,4.2869767898863484
9287,4.2869767898863484
9288,4.2869767898863484
9289,4.2869767898863484
9290,4.166416631262102
9291,4.166416631262102
9292,4.166416631262102
9293,4.166416631262102
9294,4.166416631262102
9295,4.166416631262102
9296,4.166416631262102
9297,4.166416631262102
9298,4.166416631262102
9299,4.166416631262102
9300,4.166416631262102
9301,4.166416631262102
9302,4.166416631262102
9303,4.166416631262102
9304,4.166416631262102
9305,4.166416631262102
9306,4.166416631262102
9307,4.166416631262102
9308,4.166416631262102
9309,4.166416631262102
9310,4.166416631262102
9311,4.166416631262102
9312,4.166416631262102
9313,4.166416631262102
9314,4.166416631262102
9315,4.166416631262102
9316,4.166416631262102
9317,4.166416631262102
9318,4.166416631262102
9319,4.166416631262102
9320,4.166416631262102
9321,4.166416631262102
9322,4.166416631262102
9323,4.166416631262102
9324,4.166416631262102
9325,4.166416631262102
9326,4.166416631262102
9327,4.166416631262102
9328,4.166416631262102
9329,4.166416631262102
9330,4.166416631262102
9331,4.166416631262102
9332,4.166416631262102
9333,4.166416631262102
9334,4.166416631262102
9335,4.166416631262102
9336,4.166416631262102
9337,4.166416631262102
9338,4.166416631262102
9339,4.166416631262102
9340,4.166416631262102
9341,4.166416631262102
9342,4.166416631262102
9343,4.166416631262102
9344,4.166416631262102
9345,4.166416631262102
9346,4.166416631262102
9347,4.166416631262102
9348,4.166416631262102
9349,4.166416631262102
9350,4.166416631262102
9351,4.166416631262102
9352,4.166416631262102
9353,4.166416631262102
9354,4.166416631262102
9355,4.166416631262102
9356,4.166416631262102
9357,4.166416631262102
9358,4.166416631262102
9359,4.166416631262102
9360,4.166416631262102
9361,4.166416631262102
9362,4.166416631262102
9363,4.166416631262102
9364,4.166416631262102
9365,4.166416631262102
9366,4.166416631262102
9367,4.166416631262102
9368,4.166416631262102
9369,4.166416631262102
9370,4.166416631262102
9371,4.166416631262102
9372,4.166416631262102
9373,4.166416631262102
9374,4.166416631262102
9375,4.166416631262102
9376,4.166416631262102
9377,4.166416631262102
9378,4.166416631262102
9379,4.166416631262102
9380,4.166416631262102
9381,4.166416631262102
9382,4.166416631262102
9383,4.166416631262102
9384,4.166416631262102
9385,4.166416631262102
9386,4.166416631262102
9387,4.166416631262102
9388,4.166416631262102
9389,4.166416631262102
9390,4.166416631262102
9391,4.166416631262102
9392,4.166416631262102
9393,4.166416631262102
9394,4.166416631262102
9395,4.166416631262102
9396,4.166416631262102
9397,4.166416631262102
9398,4.166416631262102
9399,4.166416631262102
9400,4.166416631262102
9401,4.166416631262102
9402,4.166416631262102
9403,4.166416631262102
9404,4.166416631262102
9405,4.166416631262102
9406,4.166416631262102
9407,4.166416631262102
9408,4.166416631262102
9409,4.166416631262102
9410,4.166416631262102
9411,4.166416631262102
9412,4.166416631262102
9413,4.166416631262102
9414,4.166416631262102
9415,4.166416631262102
9416,4.166416631262102
9417,4.166416631262102
9418,4.166416631262102
9419,4.166416631262102
9420,4.166416631262102
9421,4.166416631262102
9422,4.166416631262102
9423,4.166416631262102
9424,4.166416631262102
9425,4.166416631262102
9426,4.166416631262102
9427,4.166416631262102
9428,4.166416631262102
9429,4.166416631262102
9430,4.166416631262102
9431,4.166416631262102
9432,4.166416631262102
9433,4.166416631262102
9434,4.166416631262102
9435,4.166416631262102
9436,4.166416631262102
9437,4.166416631262102
9438,4.166416631262102
9439,4.166416631262102
9440,4.166416631262102
9441,4.166416631262102
9442,4.166416631262102
9443,4.166416631262102
9444,4.166416631262102
9445,4.166416631262102
9446,4.166416631262102
9447,4.166416631262102
9448,4.166416631262102
9449,4.166416631262102
9450,4.166416631262102
9451,4.166416631262102
9452,4.166416631262102
9453,4.166416631262102
9454,4.166416631262102
9455,4.166416631262102
9456,4.166416631262102
9457,4.166416631262102
9458,4.166416631262102
9459,4.166416631262102
9460,4.166416631262102
9461,4.166416631262102
9462,4.166416631262102
9463,4.166416631262102
9464,4.166416631262102
9465,4.166416631262102
9466,4.166416631262102
9467,4.166416631262102
9468,4.166416631262102
9469,4.166416631262102
9470,4.166416631262102
9471,4.166416631262102
9472,4.166416631262102
9473,4.166416631262102
9474,4.166416631262102
9475,4.166416631262102
9476,4.166416631262102
9477,4.166416631262102
9478,4.166416631262102
9479,4.166416631262102
9480,4.166416631262102
9481,4.166416631262102
9482,4.166416631262102
9483,4.166416631262102
9484,4.166416631262102
9485,4.166416631262102
9486,4.166416631262102
9487,4.166416631262102
9488,4.166416631262102
9489,4.166416631262102
9490,4.166416631262102
9491,4.166416631262102
9492,4.166416631262102
9493,4.166416631262102
9494,4.166416631262102
9495,4.166416631262102
9496,4.166416631262102
9497,4.166416631262102
9498,4.166416631262102
9499,4.166416631262102
9500,4.166416631262102
9501,4.166416631262102
9502,4.166416631262102
9503,4.166416631262102
9504,4.166416631262102
9505,4.166416631262102
9506,4.166416631262102
9507,4.166416631262102
9508,4.166416631262102
9509,4.166416631262102
9510,4.166416631262102
9511,4.166416631262102
9512,4.166416631262102
9513,4.166416631262102
9514,4.166416631262102
9515,4.166416631262102
9516,4.166416631262102
9517,4.166416631262102
9518,4.166416631262102
9519,4.166416631262102
9520,4.166416631262102
9521,4.166416631262102
9522,4.166416631262102
9523,4.166416631262102
9524,4.166416631262102
9525,4.166416631262102
9526,4.166416631262102
9527,4.166416631262102
9528,4.166416631262102
9529,4.166416631262102
9530,4.166416631262102
9531,4.166416631262102
9532,4.166416631262102
9533,4.166416631262102
9534,4.166416631262102
9535,4.166416631262102
9536,4.166416631262102
9537,4.166416631262102
9538,4.166416631262102
9539,4.166416631262102
9540,4.166416631262102
9541,4.166416631262102
9542,4.166416631262102
9543,4.166416631262102
9544,4.166416631262102
9545,4.166416631262102
9546,4.166416631262102
9547,4.166416631262102
9548,4.166416631262102
9549,4.166416631262102
9550,4.166416631262102
9551,4.166416631262102
9552,4.166416631262102
9553,4.166416631262102
9554,4.166416631262102
9555,4.166416631262102
9556,4.166416631262102
9557,4.166416631262102
9558,4.166416631262102
9559,4.166416631262102
9560,4.166416631262102
9561,4.166416631262102
9562,4.166416631262102
9563,4.166416631262102
9564,4.166416631262102
9565,4.166416631262102
9566,4.166416631262102
9567,4.166416631262102
9568,4.166416631262102
9569,4.166416631262102
9570,4.166416631262102
9571,4.166416631262102
9572,4.166416631262102
9573,4.166416631262102
9574,4.166416631262102
9575,4.166416631262102
9576,4.166416631262102
9577,4.166416631262102
9578,4.166416631262102
9579,4.166416631262102
9580,4.166416631262102
9581,4.166416631262102
9582,4.166416631262102
9583,4.166416631262102
9584,4.166416631262102
9585,4.166416631262102
9586,4.166416631262102
9587,4.166416631262102
9588,4.166416631262102
9589,4.166416631262102
9590,4.166416631262102
9591,4.166416631262102
9592,4.166416631262102
9593,4.166416631262102
9594,4.166416631262102
9595,4.166416631262102
9596,4.166416631262102
9597,4.166416631262102
9598,4.166416631262102
9599,4.166416631262102
9600,4.166416631262102
9601,4.166416631262102
9602,4.166416631262102
9603,4.166416631262102
9604,4.166416631262102
9605,4.166416631262102
9606,4.166416631262102
9607,4.166416631262102
9608,4.166416631262102
9609,4.166416631262102
9610,4.166416631262102
9611,4.166416631262102
9612,4.166416631262102
9613,4.166416631262102
9614,4.166416631262102
9615,4.166416631262102
9616,4.166416631262102
9617,4.166416631262102
9618,4.166416631262102
9619,4.166416631262102
9620,4.166416631262102
9621,4.166416631262102
9622,3.9284872506060795
9623,3.9284872506060795
9624,3.9284872506060795
9625,3.9284872506060795
9626,3.9284872506060795
9627,3.9284872506060795
9628,3.9284872506060795
9629,3.9284872506060795
9630,3.9284872506060795
9631,3.9284872506060795
9632,3.9284872506060795
9633,3.9284872506060795
9634,3.9284872506060795
9635,3.9284872506060795
9636,3.9284872506060795
9637,3.9284872506060795
9638,3.9284872506060795
9639,3.9284872506060795
9640,3.9284872506060795
9641,3.9284872506060795
9642,3.9284872506060795
9643,3.9284872506060795
9644,3.9284872506060795
9645,3.9284872506060795
9646,3.9284872506060795
9647,3.9284872506060795
9648,3.9284872506060795
9649,3.9284872506060795
9650,3.9284872506060795
9651,3.9284872506060795
9652,3.9284872506060795
9653,3.9284872506060795
9654,3.9284872506060795
9655,3.9284872506060795
9656,3.9284872506060795
9657,3.9284872506060795
9658,3.9284872506060795
9659,3.9284872506060795
9660,3.9284872506060795
9661,3.9284872506060795
9662,3.9284872506060795
9663,3.9284872506060795
9664,3.9284872506060795
9665,3.9284872506060795
9666,3.9284872506060795
9667,3.9284872506060795
9668,3.9284872506060795
9669,3.9284872506060795
9670,3.9284872506060795
9671,3.9284872506060795
9672,3.9284872506060795
9673,3.9284872506060795
9674,3.9284872506060795
9675,3.9284872506060795
9676,3.9284872506060795
9677,3.9284872506060795
9678,3.9284872506060795
9679,3.9284872506060795
9680,3.9284872506060795
9681,3.9284872506060795
9682,3.9284872506060795
9683,3.9284872506060795
9684,3.9284872506060795
9685,3.9284872506060795
9686,3.9284872506060795
9687,3.9284872506060795
9688,3.9284872506060795
9689,3.9284872506060795
9690,3.9284872506060795
9691,3.9284872506060795
9692,3.9284872506060795
9693,3.9284872506060795
9694,3.9284872506060795
9695,3.9284872506060795
9696,3.9284872506060795
9697,3.9284872506060795
9698,3.9284872506060795
9699,3.9284872506060795
9700,3.9284872506060795
9701,3.9284872506060795
9702,3.9284872506060795
9703,3.9284872506060795
9704,3.9284872506060795
9705,3.9284872506060795
9706,3.9284872506060795
9707,3.9284872506060795
9708,3.9284872506060795
9709,3.9284872506060795
9710,3.9284872506060795
9711,3.9284872506060795
9712,3.9284872506060795
9713,3.9284872506060795
9714,3.9284872506060795
9715,3.9284872506060795
9716,3.9284872506060795
9717,3.9284872506060795
9718,3.9284872506060795
9719,3.9284872506060795
9720,3.9284872506060795
9721,3.9284872506060795
9722,3.9284872506060795
9723,3.9284872506060795
9724,3.9284872506060795
9725,3.9284872506060795
9726,3.9284872506060795
9727,3.9284872506060795
9728,3.9284872506060795
9729,3.9284872506060795
9730,3.9284872506060795
9731,3.9284872506060795
9732,3.9284872506060795
9733,3.9284872506060795
9734,3.9284872506060795
9735,3.9284872506060795
9736,3.9284872506060795
9737,3.9284872506060795
9738,3.9284872506060795
9739,3.9284872506060795
9740,3.9284872506060795
9741,3.9284872506060795
9742,3.9284872506060795
9743,3.9284872506060795
9744,3.9284872506060795
9745,3.9284872506060795
9746,3.9284872506060795
9747,3.9284872506060795
9748,3.9284872506060795
9749,3.9284872506060795
9750,3.9284872506060795
9751,3.9284872506060795
9752,3.9284872506060795
9753,3.9284872506060795
9754,3.9284872506060795
9755,3.9284872506060795
9756,3.9284872506060795
9757,3.9284872506060795
9758,3.9284872506060795
9759,3.9284872506060795
9760,3.9284872506060795
9761,3.9284872506060795
9762,3.9284872506060795
9763,3.9284872506060795
9764,3.9284872506060795
9765,3.9284872506060795
9766,3.9284872506060795
9767,3.9284872506060795
9768,3.9284872506060795
9769,3.9284872506060795
9770,3.9284872506060795
9771,3.9284872506060795
9772,3.9284872506060795
9773,3.9284872506060795
9774,3.9284872506060795
9775,3.9284872506060795
9776,3.9284872506060795
9777,3.9284872506060795
9778,3.9284872506060795
9779,3.9284872506060795
9780,3.9284872506060795
9781,3.9284872506060795
9782,3.9284872506060795
9783,3.9284872506060795
9784,3.9284872506060795
9785,3.9284872506060795
9786,3.9284872506060795
9787,3.9284872506060795
9788,3.9284872506060795
9789,3.9284872506060795
9790,3.9284872506060795
9791,3.9284872506060795
9792,3.9284872506060795
9793,3.9284872506060795
9794,3.9284872506060795
9795,3.9284872506060795
9796,3.9284872506060795
9797,3.9284872506060795
9798,3.9284872506060795
9799,3.9284872506060795
9800,3.9284872506060795
9801,3.9284872506060795
9802,3.9284872506060795
9803,3.9284872506060795
9804,3.9284872506060795
9805,3.9284872506060795
9806,3.9284872506060795
9807,3.9284872506060795
9808,3.9284872506060795
9809,3.9284872506060795
9810,3.9284872506060795
9811,3.9284872506060795
9812,3.9284872506060795
9813,3.9284872506060795
9814,3.9284872506060795
9815,3.9284872506060795
9816,3.9284872506060795
9817,3.9284872506060795
9818,3.9284872506060795
9819,3.9284872506060795
9820,3.9284872506060795
9821,3.9284872506060795
9822,3.9284872506060795
9823,3.9284872506060795
9824,3.9284872506060795
9825,3.9284872506060795
9826,3.9284872506060795
9827,3.9284872506060795
9828,3.9284872506060795
9829,3.9284872506060795
9830,3.9284872506060795
9831,3.9284872506060795
9832,3.9284872506060795
9833,3.9284872506060795
9834,3.9284872506060795
9835,3.9284872506060795
9836,3.9284872506060795
9837,3.9284872506060795
9838,3.9284872506060795
9839,3.9284872506060795
9840,3.9284872506060795
9841,3.9284872506060795
9842,3.9284872506060795
9843,3.9284872506060795
9844,3.9284872506060795
9845,3.9284872506060795
9846,3.9284872506060795
9847,3.9284872506060795
9848,3.9284872506060795
9849,3.9284872506060795
9850,3.9284872506060795
9851,3.9284872506060795
9852,3.9284872506060795
9853,3.9284872506060795
9854,3.9284872506060795
9855,3.9284872506060795
9856,3.9284872506060795
9857,3.9284872506060795
9858,3.9284872506060795
9859,3.9284872506060795
9860,3.9284872506060795
9861,3.9284872506060795
9862,3.9284872506060795
9863,3.9284872506060795
9864,3.9284872506060795
9865,3.9284872506060795
9866,3.9284872506060795
9867,3.9284872506060795
9868,3.9284872506060795
9869,3.9284872506060795
9870,3.9284872506060795
9871,3.9284872506060795
9872,3.9284872506060795
9873,3.9284872506060795
9874,3.9284872506060795
9875,3.9284872506060795
9876,3.9284872506060795
9877,3.9284872506060795
9878,3.9284872506060795
9879,3.9284872506060795
9880,3.9284872506060795
9881,3.9284872506060795
9882,3.9284872506060795
9883,3.9284872506060795
9884,3.9284872506060795
9885,3.9284872506060795
9886,3.9284872506060795
9887,3.9284872506060795
9888,3.9284872506060795
9889,3.9284872506060795
9890,3.9284872506060795
9891,3.9284872506060795
9892,3.9284872506060795
9893,3.9284872506060795
9894,3.9284872506060795
9895,3.9284872506060795
9896,3.9284872506060795
9897,3.9284872506060795
9898,3.9284872506060795
9899,3.9284872506060795
9900,3.9284872506060795
9901,3.9284872506060795
9902,3.9284872506060795
9903,3.9284872506060795
9904,3.9284872506060795
9905,3.9284872506060795
9906,3.9284872506060795
9907,3.9284872506060795
9908,3.9284872506060795
9909,3.9284872506060795
9910,3.9284872506060795
9911,3.9284872506060795
9912,3.9284872506060795
9913,3.9284872506060795
9914,3.9284872506060795
9915,3.9284872506060795
9916,3.9284872506060795
9917,3.9284872506060795
9918,3.9284872506060795
9919,3.9284872506060795
9920,3.9284872506060795
9921,3.9284872506060795
9922,3.9284872506060795
9923,3.9284872506060795
9924,3.9284872506060795
9925,3.9284872506060795
9926,3.9284872506060795
9927,3.9284872506060795
9928,3.9284872506060795
9929,3.9284872506060795
9930,3.9284872506060795
9931,3.9284872506060795
9932,3.9284872506060795
9933,3.9284872506060795
9934,3.9284872506060795
9935,3.9284872506060795
9936,3.9284872506060795
9937,3.9284872506060795
9938,3.9284872506060795
9939,3.9284872506060795
9940,3.9284872506060795
9941,3.9284872506060795
9942,3.9284872506060795
9943,3.9284872506060795
9944,3.9284872506060795
9945,3.9284872506060795
9946,3.9284872506060795
9947,3.9284872506060795
9948,3.9284872506060795
9949,3.9284872506060795
9950,3.9284872506060795
9951,3.9284872506060795
9952,3.9284872506060795
9953,3.9284872506060795
9954,3.9284872506060795
9955,3.9284872506060795
9956,3.9284872506060795
9957,3.9284872506060795
9958,3.9284872506060795
9959,3.9284872506060795
9960,3.9284872506060795
9961,3.9284872506060795
9962,3.9284872506060795
9963,3.9284872506060795
9964,3.9284872506060795
9965,3.9284872506060795
9966,3.9284872506060795
9967,3.9284872506060795
9968,3.9284872506060795
9969,3.9284872506060795
9970,3.9284872506060795
9971,3.9284872506060795
9972,3.9284872506060795
9973,3.9284872506060795
9974,3.9284872506060795
9975,3.9284872506060795
9976,3.9284872506060795
9977,3.9284872506060795
9978,3.9284872506060795
9979,3.9284872506060795
9980,3.9284872506060795
9981,3.9284872506060795
9982,3.9284872506060795
9983,3.9284872506060795
9984,3.9284872506060795
9985,3.9284872506060795
9986,3.9284872506060795
9987,3.9284872506060795
9988,3.9284872506060795
9989,3.9284872506060795
9990,3.9284872506060795
9991,3.9284872506060795
9992,3.9284872506060795
9993,3.9284872506060795
9994,3.9284872506060795
9995,3.9284872506060795
9996,3.9284872506060795
9997,3.9284872506060795
9998,3.9284872506060795
9999,3.9284872506060795
10000,3.9284872506060795
