iteration,best_loss
0,27.546814702962102
1,27.546814702962102
2,27.546814702962102
3,27.546814702962102
4,27.546814702962102
5,27.546814702962102
6,27.546814702962102
7,27.546814702962102
8,27.546814702962102
9,27.546814702962102
10,27.546814702962102
11,27.546814702962102
12,27.546814702962102
13,23.703790853056326
14,23.703790853056326
15,23.703790853056326
16,23.703790853056326
17,23.703790853056326
18,23.703790853056326
19,23.703790853056326
20,23.703790853056326
21,23.703790853056326
22,23.703790853056326
23,23.703790853056326
24,23.703790853056326
25,23.703790853056326
26,23.703790853056326
27,21.43898619062861
28,9.195575147154287
29,9.195575147154287
30,8.952547416472958
31,8.952547416472958
32,8.182404015124362
33,8.182404015124362
34,8.182404015124362
35,8.182404015124362
36,8.182404015124362
37,8.182404015124362
38,8.182404015124362
39,8.182404015124362
40,8.182404015124362
41,8.182404015124362
42,8.182404015124362
43,8.182404015124362
44,8.182404015124362
45,8.182404015124362
46,8.182404015124362
47,8.182404015124362
48,8.182404015124362
49,8.182404015124362
50,8.182404015124362
51,8.182404015124362
52,8.182404015124362
53,8.182404015124362
54,8.182404015124362
55,8.182404015124362
56,8.182404015124362
57,8.182404015124362
58,8.182404015124362
59,8.182404015124362
60,8.182404015124362
61,8.182404015124362
62,8.182404015124362
63,8.182404015124362
64,8.182404015124362
65,8.182404015124362
66,8.182404015124362
67,8.182404015124362
68,8.182404015124362
69,5.684827777924466
70,5.684827777924466
71,5.684827777924466
72,5.684827777924466
73,5.684827777924466
74,5.684827777924466
75,5.684827777924466
76,5.684827777924466
77,5.684827777924466
78,5.684827777924466
79,5.684827777924466
80,5.684827777924466
81,5.684827777924466
82,5.684827777924466
83,5.684827777924466
84,5.684827777924466
85,5.684827777924466
86,5.684827777924466
87,5.684827777924466
88,5.684827777924466
89,5.684827777924466
90,5.684827777924466
91,5.684827777924466
92,5.684827777924466
93,5.684827777924466
94,4.42589188068842
95,4.42589188068842
96,4.42589188068842
97,4.42589188068842
98,4.42589188068842
99,4.42589188068842
100,4.42589188068842
101,4.42589188068842
102,4.42589188068842
103,4.42589188068842
104,4.42589188068842
105,4.42589188068842
106,4.42589188068842
107,4.42589188068842
108,4.42589188068842
109,4.42589188068842
110,3.7252051260573897
111,3.7252051260573897
112,3.7252051260573897
113,3.7252051260573897
114,3.7252051260573897
115,3.7252051260573897
116,3.7252051260573897
117,3.7252051260573897
118,3.7252051260573897
119,3.7252051260573897
120,3.7252051260573897
121,3.7252051260573897
122,3.7252051260573897
123,3.7252051260573897
124,3.7252051260573897
125,3.7252051260573897
126,3.7252051260573897
127,3.7252051260573897
128,3.7252051260573897
129,3.7252051260573897
130,3.7252051260573897
131,3.7252051260573897
132,3.7252051260573897
133,3.7252051260573897
134,3.7252051260573897
135,3.7252051260573897
136,3.7252051260573897
137,3.7252051260573897
138,3.7252051260573897
139,3.7252051260573897
140,3.7252051260573897
141,3.7252051260573897
142,3.7252051260573897
143,3.7252051260573897
144,3.7252051260573897
145,3.7252051260573897
146,3.7252051260573897
147,3.7252051260573897
148,3.7252051260573897
149,3.7252051260573897
150,3.7252051260573897
151,3.7252051260573897
152,3.7252051260573897
153,3.7252051260573897
154,3.7252051260573897
155,3.7252051260573897
156,3.7252051260573897
157,3.7252051260573897
158,3.7252051260573897
159,3.7252051260573897
160,3.7252051260573897
161,3.7252051260573897
162,3.7252051260573897
163,3.7252051260573897
164,3.7252051260573897
165,3.7252051260573897
166,3.7252051260573897
167,3.7252051260573897
168,3.7252051260573897
169,3.7252051260573897
170,3.7252051260573897
171,3.7252051260573897
172,3.7252051260573897
173,3.7252051260573897
174,3.7252051260573897
175,3.7252051260573897
176,3.7252051260573897
177,3.7252051260573897
178,3.7252051260573897
179,3.7252051260573897
180,3.7252051260573897
181,3.7252051260573897
182,3.7252051260573897
183,3.7252051260573897
184,3.7252051260573897
185,3.7252051260573897
186,3.7252051260573897
187,3.7252051260573897
188,3.7252051260573897
189,3.7252051260573897
190,3.7252051260573897
191,3.7252051260573897
192,3.7252051260573897
193,3.7252051260573897
194,3.7252051260573897
195,3.7252051260573897
196,3.7252051260573897
197,3.7252051260573897
198,3.7252051260573897
199,3.7252051260573897
200,3.7252051260573897
201,3.7252051260573897
202,3.7252051260573897
203,3.7252051260573897
204,3.7252051260573897
205,3.7252051260573897
206,3.7252051260573897
207,3.7252051260573897
208,3.7252051260573897
209,3.7252051260573897
210,3.7252051260573897
211,3.7252051260573897
212,3.7252051260573897
213,3.7252051260573897
214,3.7252051260573897
215,3.7252051260573897
216,3.7252051260573897
217,3.7252051260573897
218,3.7252051260573897
219,3.7252051260573897
220,3.7252051260573897
221,3.7252051260573897
222,3.7252051260573897
223,3.7252051260573897
224,3.7252051260573897
225,3.7252051260573897
226,3.7252051260573897
227,3.7252051260573897
228,3.7252051260573897
229,3.7252051260573897
230,3.7252051260573897
231,3.7252051260573897
232,3.7252051260573897
233,3.7252051260573897
234,3.7252051260573897
235,3.7252051260573897
236,3.7252051260573897
237,3.7252051260573897
238,3.7252051260573897
239,3.7252051260573897
240,3.7252051260573897
241,3.7252051260573897
242,3.7252051260573897
243,3.7252051260573897
244,3.7252051260573897
245,3.7252051260573897
246,3.7252051260573897
247,3.7252051260573897
248,3.7252051260573897
249,3.7252051260573897
250,3.7252051260573897
251,3.7252051260573897
252,3.7252051260573897
253,3.7252051260573897
254,3.7252051260573897
255,3.7252051260573897
256,3.7252051260573897
257,3.7252051260573897
258,3.7252051260573897
259,3.7252051260573897
260,3.7252051260573897
261,3.7252051260573897
262,3.7252051260573897
263,3.7252051260573897
264,3.7252051260573897
265,3.7252051260573897
266,3.7252051260573897
267,3.7252051260573897
268,3.7252051260573897
269,3.7252051260573897
270,3.7252051260573897
271,3.7252051260573897
272,3.7252051260573897
273,3.7252051260573897
274,3.7252051260573897
275,3.7252051260573897
276,3.7252051260573897
277,3.7252051260573897
278,3.7252051260573897
279,3.7252051260573897
280,3.7252051260573897
281,3.7252051260573897
282,3.7252051260573897
283,3.7252051260573897
284,3.7252051260573897
285,3.7252051260573897
286,3.7252051260573897
287,3.7252051260573897
288,3.7252051260573897
289,3.7252051260573897
290,3.7252051260573897
291,3.7252051260573897
292,3.7252051260573897
293,3.7252051260573897
294,3.7252051260573897
295,3.7252051260573897
296,3.7252051260573897
297,3.7252051260573897
298,3.7252051260573897
299,3.7252051260573897
300,3.7252051260573897
301,3.7252051260573897
302,3.7252051260573897
303,3.7252051260573897
304,3.7252051260573897
305,3.7252051260573897
306,3.7252051260573897
307,3.7252051260573897
308,3.7252051260573897
309,3.7252051260573897
310,3.7252051260573897
311,3.7252051260573897
312,3.7252051260573897
313,3.7252051260573897
314,3.7252051260573897
315,3.7252051260573897
316,3.7252051260573897
317,3.7252051260573897
318,3.7252051260573897
319,3.7252051260573897
320,3.7252051260573897
321,3.7252051260573897
322,3.7252051260573897
323,3.7252051260573897
324,3.7252051260573897
325,3.7252051260573897
326,3.7252051260573897
327,3.7252051260573897
328,3.7252051260573897
329,3.7252051260573897
330,3.7252051260573897
331,3.7252051260573897
332,3.7252051260573897
333,3.7252051260573897
334,3.7252051260573897
335,3.7252051260573897
336,3.7252051260573897
337,3.7252051260573897
338,3.7252051260573897
339,3.7252051260573897
340,3.7252051260573897
341,3.7252051260573897
342,3.7252051260573897
343,3.7252051260573897
344,3.7252051260573897
345,3.7252051260573897
346,3.7252051260573897
347,3.7252051260573897
348,3.7252051260573897
349,3.7252051260573897
350,3.7252051260573897
351,3.7252051260573897
352,3.7252051260573897
353,3.7252051260573897
354,3.7252051260573897
355,3.7252051260573897
356,3.7252051260573897
357,3.7252051260573897
358,3.7252051260573897
359,3.7252051260573897
360,3.7252051260573897
361,3.7252051260573897
362,3.7252051260573897
363,3.7252051260573897
364,3.7252051260573897
365,3.7252051260573897
366,3.7252051260573897
367,3.7252051260573897
368,3.7252051260573897
369,3.7252051260573897
370,3.7252051260573897
371,3.7252051260573897
372,3.7252051260573897
373,3.7252051260573897
374,3.7252051260573897
375,3.7252051260573897
376,3.7252051260573897
377,3.7252051260573897
378,3.7252051260573897
379,3.7252051260573897
380,3.7252051260573897
381,3.7252051260573897
382,3.7252051260573897
383,3.7252051260573897
384,3.7252051260573897
385,3.7252051260573897
386,3.7252051260573897
387,3.7252051260573897
388,3.7252051260573897
389,3.7252051260573897
390,3.7252051260573897
391,3.7252051260573897
392,3.7252051260573897
393,3.7252051260573897
394,3.7252051260573897
395,3.7252051260573897
396,3.7252051260573897
397,3.7252051260573897
398,3.7252051260573897
399,3.7252051260573897
400,3.7252051260573897
401,3.7252051260573897
402,3.7252051260573897
403,3.7252051260573897
404,3.7252051260573897
405,3.7252051260573897
406,3.7252051260573897
407,3.7252051260573897
408,3.7252051260573897
409,3.7252051260573897
410,3.7252051260573897
411,3.7252051260573897
412,3.7252051260573897
413,3.7252051260573897
414,3.7252051260573897
415,3.7252051260573897
416,3.7252051260573897
417,3.7252051260573897
418,3.7252051260573897
419,3.7252051260573897
420,3.7252051260573897
421,3.7252051260573897
422,3.7252051260573897
423,3.7252051260573897
424,3.7252051260573897
425,3.7252051260573897
426,3.7252051260573897
427,3.7252051260573897
428,3.7252051260573897
429,3.7252051260573897
430,3.7252051260573897
431,3.7252051260573897
432,3.7252051260573897
433,3.7252051260573897
434,3.7252051260573897
435,3.7252051260573897
436,3.7252051260573897
437,3.7252051260573897
438,3.7252051260573897
439,3.7252051260573897
440,3.7252051260573897
441,3.7252051260573897
442,3.7252051260573897
443,3.7252051260573897
444,3.7252051260573897
445,3.7252051260573897
446,3.7252051260573897
447,3.7252051260573897
448,3.7252051260573897
449,3.7252051260573897
450,3.7252051260573897
451,3.7252051260573897
452,3.7252051260573897
453,3.7252051260573897
454,3.7252051260573897
455,3.7252051260573897
456,3.7252051260573897
457,3.7252051260573897
458,3.7252051260573897
459,3.7252051260573897
460,3.7252051260573897
461,3.7252051260573897
462,3.7252051260573897
463,3.7252051260573897
464,3.7252051260573897
465,3.7252051260573897
466,3.7252051260573897
467,3.7252051260573897
468,3.7252051260573897
469,3.7252051260573897
470,3.7252051260573897
471,3.7252051260573897
472,3.7252051260573897
473,3.7252051260573897
474,3.7252051260573897
475,3.7252051260573897
476,3.7252051260573897
477,3.7252051260573897
478,3.7252051260573897
479,3.7252051260573897
480,3.7252051260573897
481,3.7252051260573897
482,3.7252051260573897
483,3.7252051260573897
484,3.7252051260573897
485,3.7252051260573897
486,3.7252051260573897
487,3.7252051260573897
488,3.7252051260573897
489,3.7252051260573897
490,3.7252051260573897
491,3.7252051260573897
492,3.7252051260573897
493,3.7252051260573897
494,3.7252051260573897
495,3.7252051260573897
496,3.7252051260573897
497,3.7252051260573897
498,3.7252051260573897
499,3.7252051260573897
500,3.7252051260573897
501,3.7252051260573897
502,3.7252051260573897
503,3.7252051260573897
504,3.7252051260573897
505,3.7252051260573897
506,3.7252051260573897
507,3.7252051260573897
508,3.7252051260573897
509,3.7252051260573897
510,3.7252051260573897
511,3.7252051260573897
512,3.7252051260573897
513,3.7252051260573897
514,3.7252051260573897
515,3.7252051260573897
516,3.7252051260573897
517,3.7252051260573897
518,3.7252051260573897
519,3.7252051260573897
520,3.7252051260573897
521,3.7252051260573897
522,3.7252051260573897
523,3.7252051260573897
524,3.7252051260573897
525,3.7252051260573897
526,3.7252051260573897
527,3.7252051260573897
528,3.7252051260573897
529,3.7252051260573897
530,3.7252051260573897
531,3.7252051260573897
532,3.7252051260573897
533,3.7252051260573897
534,3.7252051260573897
535,3.7252051260573897
536,3.7252051260573897
537,3.7252051260573897
538,3.7252051260573897
539,3.7252051260573897
540,3.7252051260573897
541,3.7252051260573897
542,3.7252051260573897
543,3.7252051260573897
544,3.7252051260573897
545,3.7252051260573897
546,3.7252051260573897
547,3.7252051260573897
548,3.7252051260573897
549,3.7252051260573897
550,3.7252051260573897
551,3.7252051260573897
552,3.7252051260573897
553,3.7252051260573897
554,3.7252051260573897
555,3.7252051260573897
556,3.7252051260573897
557,3.7252051260573897
558,3.7252051260573897
559,3.7252051260573897
560,3.7252051260573897
561,3.7252051260573897
562,3.7252051260573897
563,3.7252051260573897
564,3.7252051260573897
565,3.7252051260573897
566,3.7252051260573897
567,3.7252051260573897
568,3.7252051260573897
569,3.7252051260573897
570,3.7252051260573897
571,3.7252051260573897
572,3.7252051260573897
573,3.7252051260573897
574,3.7252051260573897
575,3.7252051260573897
576,3.7252051260573897
577,3.7252051260573897
578,3.7252051260573897
579,3.7252051260573897
580,3.7252051260573897
581,3.7252051260573897
582,3.7252051260573897
583,3.7252051260573897
584,3.7252051260573897
585,3.7252051260573897
586,3.7252051260573897
587,3.7252051260573897
588,3.7252051260573897
589,3.7252051260573897
590,3.7252051260573897
591,3.7252051260573897
592,3.7252051260573897
593,3.7252051260573897
594,3.7252051260573897
595,3.7252051260573897
596,3.7252051260573897
597,3.7252051260573897
598,3.7252051260573897
599,3.7252051260573897
600,3.7252051260573897
601,3.7252051260573897
602,3.7252051260573897
603,3.7252051260573897
604,3.7252051260573897
605,3.7252051260573897
606,3.7252051260573897
607,3.7252051260573897
608,3.7252051260573897
609,3.7252051260573897
610,3.7252051260573897
611,3.7252051260573897
612,3.7252051260573897
613,3.7252051260573897
614,3.7252051260573897
615,3.7252051260573897
616,3.7252051260573897
617,3.7252051260573897
618,3.7252051260573897
619,3.7252051260573897
620,3.7252051260573897
621,3.7252051260573897
622,3.7252051260573897
623,3.7252051260573897
624,3.7252051260573897
625,3.7252051260573897
626,3.7252051260573897
627,3.7252051260573897
628,3.7252051260573897
629,3.7252051260573897
630,3.7252051260573897
631,3.7252051260573897
632,3.7252051260573897
633,3.7252051260573897
634,3.7252051260573897
635,3.7252051260573897
636,3.7252051260573897
637,3.7252051260573897
638,3.7252051260573897
639,3.7252051260573897
640,3.7252051260573897
641,3.7252051260573897
642,3.7252051260573897
643,3.7252051260573897
644,3.7252051260573897
645,3.7252051260573897
646,3.7252051260573897
647,3.7252051260573897
648,3.7252051260573897
649,3.7252051260573897
650,3.7252051260573897
651,3.7252051260573897
652,3.7252051260573897
653,3.7252051260573897
654,3.7252051260573897
655,3.7252051260573897
656,3.7252051260573897
657,3.7252051260573897
658,3.7252051260573897
659,3.7252051260573897
660,3.7252051260573897
661,3.7252051260573897
662,3.7252051260573897
663,3.7252051260573897
664,3.7252051260573897
665,3.7252051260573897
666,3.7252051260573897
667,3.7252051260573897
668,3.7252051260573897
669,3.7252051260573897
670,3.7252051260573897
671,3.7252051260573897
672,3.7252051260573897
673,3.7252051260573897
674,3.7252051260573897
675,3.7252051260573897
676,3.7252051260573897
677,3.7252051260573897
678,3.7252051260573897
679,3.7252051260573897
680,3.7252051260573897
681,3.7252051260573897
682,3.7252051260573897
683,3.7252051260573897
684,3.7252051260573897
685,3.7252051260573897
686,3.7252051260573897
687,3.7252051260573897
688,3.7252051260573897
689,3.7252051260573897
690,3.7252051260573897
691,3.7252051260573897
692,3.7252051260573897
693,3.7252051260573897
694,3.7252051260573897
695,3.7252051260573897
696,3.7252051260573897
697,3.7252051260573897
698,3.7252051260573897
699,3.7252051260573897
700,3.7252051260573897
701,3.7252051260573897
702,3.7252051260573897
703,3.7252051260573897
704,3.7252051260573897
705,3.7252051260573897
706,3.7252051260573897
707,3.7252051260573897
708,3.7252051260573897
709,3.7252051260573897
710,3.7252051260573897
711,3.7252051260573897
712,3.7252051260573897
713,3.7252051260573897
714,3.7252051260573897
715,3.7252051260573897
716,3.7252051260573897
717,3.7252051260573897
718,3.7252051260573897
719,3.7252051260573897
720,3.7252051260573897
721,3.7252051260573897
722,3.7252051260573897
723,3.7252051260573897
724,3.7252051260573897
725,3.7252051260573897
726,3.7252051260573897
727,3.7252051260573897
728,3.7252051260573897
729,3.7252051260573897
730,3.7252051260573897
731,3.7252051260573897
732,3.7252051260573897
733,3.7252051260573897
734,3.7252051260573897
735,3.7252051260573897
736,3.7252051260573897
737,3.7252051260573897
738,3.7252051260573897
739,3.7252051260573897
740,3.7252051260573897
741,3.7252051260573897
742,3.7252051260573897
743,3.7252051260573897
744,3.7252051260573897
745,3.7252051260573897
746,3.7252051260573897
747,3.7252051260573897
748,3.7252051260573897
749,3.7252051260573897
750,3.7252051260573897
751,3.7252051260573897
752,3.7252051260573897
753,3.7252051260573897
754,3.7252051260573897
755,3.7252051260573897
756,3.7252051260573897
757,3.7252051260573897
758,3.7252051260573897
759,3.7252051260573897
760,3.7252051260573897
761,3.7252051260573897
762,3.7252051260573897
763,3.7252051260573897
764,3.7252051260573897
765,3.7252051260573897
766,3.7252051260573897
767,3.7252051260573897
768,3.7252051260573897
769,3.7252051260573897
770,3.7252051260573897
771,3.7252051260573897
772,3.7252051260573897
773,3.7252051260573897
774,3.7252051260573897
775,3.7252051260573897
776,3.7252051260573897
777,3.7252051260573897
778,3.7252051260573897
779,3.7252051260573897
780,3.7252051260573897
781,3.7252051260573897
782,3.7252051260573897
783,3.7252051260573897
784,3.7252051260573897
785,3.7252051260573897
786,3.7252051260573897
787,3.7252051260573897
788,3.7252051260573897
789,3.7252051260573897
790,3.7252051260573897
791,3.7252051260573897
792,3.7252051260573897
793,3.7252051260573897
794,3.7252051260573897
795,3.7252051260573897
796,3.7252051260573897
797,3.7252051260573897
798,3.7252051260573897
799,3.7252051260573897
800,3.7252051260573897
801,3.7252051260573897
802,3.7252051260573897
803,3.7252051260573897
804,3.7252051260573897
805,3.7252051260573897
806,3.7252051260573897
807,3.7252051260573897
808,3.7252051260573897
809,3.7252051260573897
810,3.7252051260573897
811,3.7252051260573897
812,3.7252051260573897
813,3.7252051260573897
814,3.7252051260573897
815,3.7252051260573897
816,3.7252051260573897
817,3.7252051260573897
818,3.7252051260573897
819,3.7252051260573897
820,3.7252051260573897
821,3.7252051260573897
822,3.7252051260573897
823,3.7252051260573897
824,3.7252051260573897
825,3.7252051260573897
826,3.7252051260573897
827,3.7252051260573897
828,3.7252051260573897
829,3.7252051260573897
830,3.7252051260573897
831,3.7252051260573897
832,3.7252051260573897
833,3.7252051260573897
834,3.7252051260573897
835,3.7252051260573897
836,3.7252051260573897
837,3.7252051260573897
838,3.7252051260573897
839,3.7252051260573897
840,3.7252051260573897
841,3.7252051260573897
842,3.7252051260573897
843,3.7252051260573897
844,3.7252051260573897
845,3.7252051260573897
846,3.7252051260573897
847,3.7252051260573897
848,3.7252051260573897
849,3.7252051260573897
850,3.7252051260573897
851,3.7252051260573897
852,3.7252051260573897
853,3.7252051260573897
854,3.7252051260573897
855,3.7252051260573897
856,3.7252051260573897
857,3.7252051260573897
858,3.7252051260573897
859,3.7252051260573897
860,3.7252051260573897
861,3.7252051260573897
862,3.7252051260573897
863,3.7252051260573897
864,3.7252051260573897
865,3.7252051260573897
866,3.7252051260573897
867,3.7252051260573897
868,3.7252051260573897
869,3.7252051260573897
870,3.7252051260573897
871,3.7252051260573897
872,3.7252051260573897
873,3.7252051260573897
874,3.7252051260573897
875,3.7252051260573897
876,3.7252051260573897
877,3.7252051260573897
878,3.7252051260573897
879,3.7252051260573897
880,3.7252051260573897
881,3.7252051260573897
882,3.7252051260573897
883,3.7252051260573897
884,3.7252051260573897
885,3.7252051260573897
886,3.7252051260573897
887,3.7252051260573897
888,3.7252051260573897
889,3.7252051260573897
890,3.7252051260573897
891,3.7252051260573897
892,3.7252051260573897
893,3.7252051260573897
894,3.7252051260573897
895,3.7252051260573897
896,3.7252051260573897
897,3.7252051260573897
898,3.7252051260573897
899,3.7252051260573897
900,3.7252051260573897
901,3.7252051260573897
902,3.7252051260573897
903,3.7252051260573897
904,3.7252051260573897
905,3.7252051260573897
906,3.7252051260573897
907,3.7252051260573897
908,3.7252051260573897
909,3.7252051260573897
910,3.7252051260573897
911,3.7252051260573897
912,3.7252051260573897
913,3.7252051260573897
914,3.7252051260573897
915,3.7252051260573897
916,3.7252051260573897
917,3.7252051260573897
918,3.7252051260573897
919,3.7252051260573897
920,3.7252051260573897
921,3.7252051260573897
922,3.7252051260573897
923,3.7252051260573897
924,3.7252051260573897
925,3.7252051260573897
926,3.7252051260573897
927,3.7252051260573897
928,3.7252051260573897
929,3.7252051260573897
930,3.7252051260573897
931,3.7252051260573897
932,3.7252051260573897
933,3.7252051260573897
934,3.7252051260573897
935,3.7252051260573897
936,3.7252051260573897
937,3.7252051260573897
938,3.7252051260573897
939,3.7252051260573897
940,3.7252051260573897
941,3.7252051260573897
942,3.7252051260573897
943,3.7252051260573897
944,3.7252051260573897
945,3.7252051260573897
946,3.7252051260573897
947,3.7252051260573897
948,3.7252051260573897
949,3.7252051260573897
950,3.7252051260573897
951,3.7252051260573897
952,3.7252051260573897
953,3.7252051260573897
954,3.7252051260573897
955,3.7252051260573897
956,3.7252051260573897
957,3.7252051260573897
958,3.7252051260573897
959,3.7252051260573897
960,3.7252051260573897
961,3.7252051260573897
962,3.7252051260573897
963,3.7252051260573897
964,3.7252051260573897
965,3.7252051260573897
966,3.7252051260573897
967,3.7252051260573897
968,3.7252051260573897
969,3.7252051260573897
970,3.7252051260573897
971,3.7252051260573897
972,3.7252051260573897
973,3.7252051260573897
974,3.7252051260573897
975,3.7252051260573897
976,3.7252051260573897
977,3.7252051260573897
978,3.7252051260573897
979,3.7252051260573897
980,3.7252051260573897
981,3.7252051260573897
982,3.7252051260573897
983,3.7252051260573897
984,3.7252051260573897
985,3.7252051260573897
986,3.7252051260573897
987,3.7252051260573897
988,3.7252051260573897
989,3.7252051260573897
990,3.7252051260573897
991,3.7252051260573897
992,3.7252051260573897
993,3.7252051260573897
994,3.7252051260573897
995,3.7252051260573897
996,3.7252051260573897
997,3.7252051260573897
998,3.7252051260573897
999,3.7252051260573897
1000,3.7252051260573897
1001,3.7252051260573897
1002,3.7252051260573897
1003,3.7252051260573897
1004,3.7252051260573897
1005,3.7252051260573897
1006,3.7252051260573897
1007,3.7252051260573897
1008,3.7252051260573897
1009,3.7252051260573897
1010,3.7252051260573897
1011,3.7252051260573897
1012,3.7252051260573897
1013,3.7252051260573897
1014,3.7252051260573897
1015,3.7252051260573897
1016,3.7252051260573897
1017,3.7252051260573897
1018,3.7252051260573897
1019,3.7252051260573897
1020,3.7252051260573897
1021,3.7252051260573897
1022,3.7252051260573897
1023,3.7252051260573897
1024,3.7252051260573897
1025,3.7252051260573897
1026,3.7252051260573897
1027,3.7252051260573897
1028,3.7252051260573897
1029,3.7252051260573897
1030,3.7252051260573897
1031,3.7252051260573897
1032,3.7252051260573897
1033,3.7252051260573897
1034,3.7252051260573897
1035,3.7252051260573897
1036,3.7252051260573897
1037,3.7252051260573897
1038,3.7252051260573897
1039,3.7252051260573897
1040,3.7252051260573897
1041,3.7252051260573897
1042,3.7252051260573897
1043,3.7252051260573897
1044,3.7252051260573897
1045,3.7252051260573897
1046,3.7252051260573897
1047,3.7252051260573897
1048,3.7252051260573897
1049,3.7252051260573897
1050,3.7252051260573897
1051,3.7252051260573897
1052,3.7252051260573897
1053,3.7252051260573897
1054,3.7252051260573897
1055,3.7252051260573897
1056,3.7252051260573897
1057,3.7252051260573897
1058,3.7252051260573897
1059,3.7252051260573897
1060,3.7252051260573897
1061,3.7252051260573897
1062,3.7252051260573897
1063,3.7252051260573897
1064,3.7252051260573897
1065,3.7252051260573897
1066,3.7252051260573897
1067,3.7252051260573897
1068,3.7252051260573897
1069,3.7252051260573897
1070,3.7252051260573897
1071,3.7252051260573897
1072,3.7252051260573897
1073,3.7252051260573897
1074,3.7252051260573897
1075,3.7252051260573897
1076,3.7252051260573897
1077,3.7252051260573897
1078,3.7252051260573897
1079,3.7252051260573897
1080,3.7252051260573897
1081,3.7252051260573897
1082,3.7252051260573897
1083,3.7252051260573897
1084,3.7252051260573897
1085,3.7252051260573897
1086,3.7252051260573897
1087,3.7252051260573897
1088,3.7252051260573897
1089,3.7252051260573897
1090,3.7252051260573897
1091,3.7252051260573897
1092,3.7252051260573897
1093,3.7252051260573897
1094,3.7252051260573897
1095,3.7252051260573897
1096,3.7252051260573897
1097,3.7252051260573897
1098,3.7252051260573897
1099,3.7252051260573897
1100,3.7252051260573897
1101,3.7252051260573897
1102,3.7252051260573897
1103,3.7252051260573897
1104,3.7252051260573897
1105,3.7252051260573897
1106,3.7252051260573897
1107,3.7252051260573897
1108,3.7252051260573897
1109,3.7252051260573897
1110,3.7252051260573897
1111,3.7252051260573897
1112,3.7252051260573897
1113,3.7252051260573897
1114,3.7252051260573897
1115,3.7252051260573897
1116,3.7252051260573897
1117,3.7252051260573897
1118,3.7252051260573897
1119,3.7252051260573897
1120,3.7252051260573897
1121,3.7252051260573897
1122,3.7252051260573897
1123,3.7252051260573897
1124,3.7252051260573897
1125,3.7252051260573897
1126,3.7252051260573897
1127,3.7252051260573897
1128,3.7252051260573897
1129,3.7252051260573897
1130,3.7252051260573897
1131,3.7252051260573897
1132,3.7252051260573897
1133,3.7252051260573897
1134,3.7252051260573897
1135,3.7252051260573897
1136,3.7252051260573897
1137,3.7252051260573897
1138,3.7252051260573897
1139,3.7252051260573897
1140,3.7252051260573897
1141,3.7252051260573897
1142,3.7252051260573897
1143,3.7252051260573897
1144,3.7252051260573897
1145,3.7252051260573897
1146,3.7252051260573897
1147,3.7252051260573897
1148,3.7252051260573897
1149,3.7252051260573897
1150,3.7252051260573897
1151,3.7252051260573897
1152,3.7252051260573897
1153,3.7252051260573897
1154,3.7252051260573897
1155,3.7252051260573897
1156,3.7252051260573897
1157,3.7252051260573897
1158,3.7252051260573897
1159,3.7252051260573897
1160,3.7252051260573897
1161,3.7252051260573897
1162,3.7252051260573897
1163,3.7252051260573897
1164,3.7252051260573897
1165,3.7252051260573897
1166,3.7252051260573897
1167,3.7252051260573897
1168,3.7252051260573897
1169,3.7252051260573897
1170,3.7252051260573897
1171,3.7252051260573897
1172,3.7252051260573897
1173,3.7252051260573897
1174,3.7252051260573897
1175,3.7252051260573897
1176,3.7252051260573897
1177,3.7252051260573897
1178,3.7252051260573897
1179,3.7252051260573897
1180,3.7252051260573897
1181,3.7252051260573897
1182,3.7252051260573897
1183,3.7252051260573897
1184,3.7252051260573897
1185,3.7252051260573897
1186,3.7252051260573897
1187,3.7252051260573897
1188,3.7252051260573897
1189,3.7252051260573897
1190,3.7252051260573897
1191,3.7252051260573897
1192,3.7252051260573897
1193,3.7252051260573897
1194,3.7252051260573897
1195,3.7252051260573897
1196,3.7252051260573897
1197,3.7252051260573897
1198,3.7252051260573897
1199,3.7252051260573897
1200,3.7252051260573897
1201,3.7252051260573897
1202,3.7252051260573897
1203,3.7252051260573897
1204,3.7252051260573897
1205,3.7252051260573897
1206,3.7252051260573897
1207,3.7252051260573897
1208,3.7252051260573897
1209,3.7252051260573897
1210,3.7252051260573897
1211,3.1316013242829333
1212,3.1316013242829333
1213,3.1316013242829333
1214,3.1316013242829333
1215,3.1316013242829333
1216,3.1316013242829333
1217,3.1316013242829333
1218,3.1316013242829333
1219,3.1316013242829333
1220,3.1316013242829333
1221,3.1316013242829333
1222,3.1316013242829333
1223,3.1316013242829333
1224,3.1316013242829333
1225,3.1316013242829333
1226,3.1316013242829333
1227,3.1316013242829333
1228,3.1316013242829333
1229,3.1316013242829333
1230,3.1316013242829333
1231,3.1316013242829333
1232,3.1316013242829333
1233,3.1316013242829333
1234,3.1316013242829333
1235,3.1316013242829333
1236,3.1316013242829333
1237,3.1316013242829333
1238,3.1316013242829333
1239,3.1316013242829333
1240,3.1316013242829333
1241,3.1316013242829333
1242,3.1316013242829333
1243,3.1316013242829333
1244,3.1316013242829333
1245,3.1316013242829333
1246,3.1316013242829333
1247,3.1316013242829333
1248,3.1316013242829333
1249,3.1316013242829333
1250,3.1316013242829333
1251,3.1316013242829333
1252,3.1316013242829333
1253,3.1316013242829333
1254,3.1316013242829333
1255,3.1316013242829333
1256,3.0298375355885763
1257,3.0298375355885763
1258,3.0298375355885763
1259,3.0298375355885763
1260,3.0298375355885763
1261,3.0298375355885763
1262,3.0298375355885763
1263,3.0298375355885763
1264,3.0298375355885763
1265,3.0298375355885763
1266,3.0298375355885763
1267,3.0298375355885763
1268,3.0298375355885763
1269,3.0298375355885763
1270,3.0298375355885763
1271,3.0298375355885763
1272,3.0298375355885763
1273,3.0298375355885763
1274,3.0298375355885763
1275,3.0298375355885763
1276,3.0298375355885763
1277,3.0298375355885763
1278,3.0298375355885763
1279,3.0298375355885763
1280,3.0298375355885763
1281,3.0298375355885763
1282,3.0298375355885763
1283,3.0298375355885763
1284,3.0298375355885763
1285,3.0298375355885763
1286,3.0298375355885763
1287,3.0298375355885763
1288,3.0298375355885763
1289,3.0298375355885763
1290,3.0298375355885763
1291,3.0298375355885763
1292,3.0298375355885763
1293,3.0298375355885763
1294,3.0298375355885763
1295,3.0298375355885763
1296,3.0298375355885763
1297,3.0298375355885763
1298,3.0298375355885763
1299,3.0298375355885763
1300,3.0298375355885763
1301,3.0298375355885763
1302,3.0298375355885763
1303,3.0298375355885763
1304,3.0298375355885763
1305,3.0298375355885763
1306,3.0298375355885763
1307,3.0298375355885763
1308,3.0298375355885763
1309,3.0298375355885763
1310,3.0298375355885763
1311,3.0298375355885763
1312,3.0298375355885763
1313,3.0298375355885763
1314,3.0298375355885763
1315,3.0298375355885763
1316,3.0298375355885763
1317,3.0298375355885763
1318,3.0298375355885763
1319,3.0298375355885763
1320,3.0298375355885763
1321,3.0298375355885763
1322,3.0298375355885763
1323,3.0298375355885763
1324,3.0298375355885763
1325,3.0298375355885763
1326,3.0298375355885763
1327,3.0298375355885763
1328,3.0298375355885763
1329,3.0298375355885763
1330,3.0298375355885763
1331,3.0298375355885763
1332,3.0298375355885763
1333,3.0298375355885763
1334,3.0298375355885763
1335,3.0298375355885763
1336,3.0298375355885763
1337,3.0298375355885763
1338,3.0298375355885763
1339,3.0298375355885763
1340,3.0298375355885763
1341,3.0298375355885763
1342,3.0298375355885763
1343,3.0298375355885763
1344,3.0298375355885763
1345,3.0298375355885763
1346,3.0298375355885763
1347,3.0298375355885763
1348,3.0298375355885763
1349,3.0298375355885763
1350,3.0298375355885763
1351,3.0298375355885763
1352,3.0298375355885763
1353,3.0298375355885763
1354,3.0298375355885763
1355,3.0298375355885763
1356,3.0298375355885763
1357,3.0298375355885763
1358,3.0298375355885763
1359,3.0298375355885763
1360,3.0298375355885763
1361,3.0298375355885763
1362,3.0298375355885763
1363,3.0298375355885763
1364,3.0298375355885763
1365,3.0298375355885763
1366,3.0298375355885763
1367,3.0298375355885763
1368,3.0298375355885763
1369,3.0298375355885763
1370,3.0298375355885763
1371,3.0298375355885763
1372,3.0298375355885763
1373,3.0298375355885763
1374,3.0298375355885763
1375,3.0298375355885763
1376,3.0298375355885763
1377,3.0298375355885763
1378,3.0298375355885763
1379,3.0298375355885763
1380,3.0298375355885763
1381,3.0298375355885763
1382,3.0298375355885763
1383,3.0298375355885763
1384,3.0298375355885763
1385,3.0298375355885763
1386,3.0298375355885763
1387,3.0298375355885763
1388,3.0298375355885763
1389,3.0298375355885763
1390,3.0298375355885763
1391,3.0298375355885763
1392,3.0298375355885763
1393,3.0298375355885763
1394,3.0298375355885763
1395,3.0298375355885763
1396,3.0298375355885763
1397,3.0298375355885763
1398,3.0298375355885763
1399,3.0298375355885763
1400,3.0298375355885763
1401,3.0298375355885763
1402,3.0298375355885763
1403,3.0298375355885763
1404,3.0298375355885763
1405,3.0298375355885763
1406,3.0298375355885763
1407,3.0298375355885763
1408,3.0298375355885763
1409,3.0298375355885763
1410,3.0298375355885763
1411,3.0298375355885763
1412,3.0298375355885763
1413,3.0298375355885763
1414,3.0298375355885763
1415,3.0298375355885763
1416,3.0298375355885763
1417,3.0298375355885763
1418,3.0298375355885763
1419,3.0298375355885763
1420,3.0298375355885763
1421,3.0298375355885763
1422,3.0298375355885763
1423,3.0298375355885763
1424,3.0298375355885763
1425,3.0298375355885763
1426,3.0298375355885763
1427,3.0298375355885763
1428,3.0298375355885763
1429,3.0298375355885763
1430,3.0298375355885763
1431,3.0298375355885763
1432,3.0298375355885763
1433,3.0298375355885763
1434,3.0298375355885763
1435,3.0298375355885763
1436,3.0298375355885763
1437,3.0298375355885763
1438,3.0298375355885763
1439,3.0298375355885763
1440,3.0298375355885763
1441,3.0298375355885763
1442,3.0298375355885763
1443,3.0298375355885763
1444,3.0298375355885763
1445,3.0298375355885763
1446,3.0298375355885763
1447,3.0298375355885763
1448,3.0298375355885763
1449,3.0298375355885763
1450,3.0298375355885763
1451,3.0298375355885763
1452,3.0298375355885763
1453,3.0298375355885763
1454,3.0298375355885763
1455,3.0298375355885763
1456,3.0298375355885763
1457,3.0298375355885763
1458,3.0298375355885763
1459,3.0298375355885763
1460,3.0298375355885763
1461,3.0298375355885763
1462,3.0298375355885763
1463,3.0298375355885763
1464,3.0298375355885763
1465,3.0298375355885763
1466,3.0298375355885763
1467,3.0298375355885763
1468,3.0298375355885763
1469,3.0298375355885763
1470,3.0298375355885763
1471,3.0298375355885763
1472,3.0298375355885763
1473,3.0298375355885763
1474,3.0298375355885763
1475,3.0298375355885763
1476,3.0298375355885763
1477,3.0298375355885763
1478,3.0298375355885763
1479,3.0298375355885763
1480,3.0298375355885763
1481,3.0298375355885763
1482,3.0298375355885763
1483,3.0298375355885763
1484,3.0298375355885763
1485,3.0298375355885763
1486,3.0298375355885763
1487,3.0298375355885763
1488,3.0298375355885763
1489,3.0298375355885763
1490,3.0298375355885763
1491,3.0298375355885763
1492,3.0298375355885763
1493,3.0298375355885763
1494,3.0298375355885763
1495,3.0298375355885763
1496,3.0298375355885763
1497,3.0298375355885763
1498,3.0298375355885763
1499,3.0298375355885763
1500,3.0298375355885763
1501,3.0298375355885763
1502,3.0298375355885763
1503,3.0298375355885763
1504,3.0298375355885763
1505,3.0298375355885763
1506,3.0298375355885763
1507,3.0298375355885763
1508,3.0298375355885763
1509,3.0298375355885763
1510,3.0298375355885763
1511,3.0298375355885763
1512,3.0298375355885763
1513,3.0298375355885763
1514,3.0298375355885763
1515,3.0298375355885763
1516,3.0298375355885763
1517,3.0298375355885763
1518,3.0298375355885763
1519,3.0298375355885763
1520,3.0298375355885763
1521,3.0298375355885763
1522,3.0298375355885763
1523,3.0298375355885763
1524,3.0298375355885763
1525,3.0298375355885763
1526,3.0298375355885763
1527,3.0298375355885763
1528,3.0298375355885763
1529,3.0298375355885763
1530,3.0298375355885763
1531,3.0298375355885763
1532,3.0298375355885763
1533,3.0298375355885763
1534,3.0298375355885763
1535,3.0298375355885763
1536,3.0298375355885763
1537,3.0298375355885763
1538,3.0298375355885763
1539,3.0298375355885763
1540,3.0298375355885763
1541,3.0298375355885763
1542,3.0298375355885763
1543,3.0298375355885763
1544,3.0298375355885763
1545,3.0298375355885763
1546,3.0298375355885763
1547,3.0298375355885763
1548,3.0298375355885763
1549,3.0298375355885763
1550,3.0298375355885763
1551,3.0298375355885763
1552,3.0298375355885763
1553,3.0298375355885763
1554,3.0298375355885763
1555,3.0298375355885763
1556,3.0298375355885763
1557,3.0298375355885763
1558,3.0298375355885763
1559,3.0298375355885763
1560,3.0298375355885763
1561,3.0298375355885763
1562,3.0298375355885763
1563,3.0298375355885763
1564,3.0298375355885763
1565,3.0298375355885763
1566,3.0298375355885763
1567,3.0298375355885763
1568,3.0298375355885763
1569,3.0298375355885763
1570,3.0298375355885763
1571,3.0298375355885763
1572,3.0298375355885763
1573,3.0298375355885763
1574,3.0298375355885763
1575,3.0298375355885763
1576,3.0298375355885763
1577,3.0298375355885763
1578,3.0298375355885763
1579,3.0298375355885763
1580,3.0298375355885763
1581,3.0298375355885763
1582,3.0298375355885763
1583,3.0298375355885763
1584,3.0298375355885763
1585,3.0298375355885763
1586,3.0298375355885763
1587,3.0298375355885763
1588,3.0298375355885763
1589,3.0298375355885763
1590,3.0298375355885763
1591,3.0298375355885763
1592,3.0298375355885763
1593,3.0298375355885763
1594,3.0298375355885763
1595,3.0298375355885763
1596,3.0298375355885763
1597,3.0298375355885763
1598,3.0298375355885763
1599,3.0298375355885763
1600,3.0298375355885763
1601,3.0298375355885763
1602,3.0298375355885763
1603,3.0298375355885763
1604,3.0298375355885763
1605,3.0298375355885763
1606,3.0298375355885763
1607,3.0298375355885763
1608,3.0298375355885763
1609,3.0298375355885763
1610,3.0298375355885763
1611,3.0298375355885763
1612,3.0298375355885763
1613,3.0298375355885763
1614,3.0298375355885763
1615,3.0298375355885763
1616,3.0298375355885763
1617,3.0298375355885763
1618,3.0298375355885763
1619,3.0298375355885763
1620,3.0298375355885763
1621,3.0298375355885763
1622,3.0298375355885763
1623,3.0298375355885763
1624,3.0298375355885763
1625,3.0298375355885763
1626,3.0298375355885763
1627,3.0298375355885763
1628,3.0298375355885763
1629,3.0298375355885763
1630,3.0298375355885763
1631,3.0298375355885763
1632,3.0298375355885763
1633,3.0298375355885763
1634,3.0298375355885763
1635,3.0298375355885763
1636,3.0298375355885763
1637,3.0298375355885763
1638,3.0298375355885763
1639,3.0298375355885763
1640,3.0298375355885763
1641,3.0298375355885763
1642,3.0298375355885763
1643,3.0298375355885763
1644,3.0298375355885763
1645,3.0298375355885763
1646,3.0298375355885763
1647,3.0298375355885763
1648,3.0298375355885763
1649,3.0298375355885763
1650,3.0298375355885763
1651,3.0298375355885763
1652,3.0298375355885763
1653,3.0298375355885763
1654,3.0298375355885763
1655,3.0298375355885763
1656,3.0298375355885763
1657,3.0298375355885763
1658,3.0298375355885763
1659,3.0298375355885763
1660,3.0298375355885763
1661,3.0298375355885763
1662,3.0298375355885763
1663,3.0298375355885763
1664,3.0298375355885763
1665,3.0298375355885763
1666,3.0298375355885763
1667,3.0298375355885763
1668,3.0298375355885763
1669,3.0298375355885763
1670,3.0298375355885763
1671,3.0298375355885763
1672,3.0298375355885763
1673,3.0298375355885763
1674,3.0298375355885763
1675,3.0298375355885763
1676,3.0298375355885763
1677,3.0298375355885763
1678,3.0298375355885763
1679,3.0298375355885763
1680,3.0298375355885763
1681,3.0298375355885763
1682,3.0298375355885763
1683,3.0298375355885763
1684,3.0298375355885763
1685,3.0298375355885763
1686,3.0298375355885763
1687,3.0298375355885763
1688,3.0298375355885763
1689,3.0298375355885763
1690,3.0298375355885763
1691,3.0298375355885763
1692,3.0298375355885763
1693,3.0298375355885763
1694,3.0298375355885763
1695,3.0298375355885763
1696,3.0298375355885763
1697,3.0298375355885763
1698,3.0298375355885763
1699,3.0298375355885763
1700,3.0298375355885763
1701,3.0298375355885763
1702,3.0298375355885763
1703,3.0298375355885763
1704,3.0298375355885763
1705,3.0298375355885763
1706,3.0298375355885763
1707,3.0298375355885763
1708,3.0298375355885763
1709,3.0298375355885763
1710,3.0298375355885763
1711,3.0298375355885763
1712,3.0298375355885763
1713,3.0298375355885763
1714,3.0298375355885763
1715,3.0298375355885763
1716,3.0298375355885763
1717,3.0298375355885763
1718,3.0298375355885763
1719,3.0298375355885763
1720,3.0298375355885763
1721,3.0298375355885763
1722,3.0298375355885763
1723,3.0298375355885763
1724,3.0298375355885763
1725,3.0298375355885763
1726,3.0298375355885763
1727,3.0298375355885763
1728,3.0298375355885763
1729,3.0298375355885763
1730,3.0298375355885763
1731,3.0298375355885763
1732,3.0298375355885763
1733,3.0298375355885763
1734,3.0298375355885763
1735,3.0298375355885763
1736,3.0298375355885763
1737,3.0298375355885763
1738,3.0298375355885763
1739,3.0298375355885763
1740,3.0298375355885763
1741,3.0298375355885763
1742,3.0298375355885763
1743,3.0298375355885763
1744,3.0298375355885763
1745,3.0298375355885763
1746,3.0298375355885763
1747,3.0298375355885763
1748,3.0298375355885763
1749,3.0298375355885763
1750,3.0298375355885763
1751,3.0298375355885763
1752,3.0298375355885763
1753,3.0298375355885763
1754,3.0298375355885763
1755,3.0298375355885763
1756,3.0298375355885763
1757,3.0298375355885763
1758,3.0298375355885763
1759,3.0298375355885763
1760,3.0298375355885763
1761,3.0298375355885763
1762,3.0298375355885763
1763,3.0298375355885763
1764,3.0298375355885763
1765,3.0298375355885763
1766,3.0298375355885763
1767,3.0298375355885763
1768,3.0298375355885763
1769,3.0298375355885763
1770,3.0298375355885763
1771,3.0298375355885763
1772,3.0298375355885763
1773,3.0298375355885763
1774,3.0298375355885763
1775,3.0298375355885763
1776,3.0298375355885763
1777,3.0298375355885763
1778,3.0298375355885763
1779,3.0298375355885763
1780,3.0298375355885763
1781,3.0298375355885763
1782,3.0298375355885763
1783,3.0298375355885763
1784,3.0298375355885763
1785,3.0298375355885763
1786,3.0298375355885763
1787,3.0298375355885763
1788,3.0298375355885763
1789,3.0298375355885763
1790,3.0298375355885763
1791,3.0298375355885763
1792,3.0298375355885763
1793,3.0298375355885763
1794,3.0298375355885763
1795,3.0298375355885763
1796,3.0298375355885763
1797,3.0298375355885763
1798,3.0298375355885763
1799,3.0298375355885763
1800,3.0298375355885763
1801,3.0298375355885763
1802,3.0298375355885763
1803,3.0298375355885763
1804,3.0298375355885763
1805,3.0298375355885763
1806,3.0298375355885763
1807,3.0298375355885763
1808,3.0298375355885763
1809,3.0298375355885763
1810,3.0298375355885763
1811,3.0298375355885763
1812,3.0298375355885763
1813,3.0298375355885763
1814,3.0298375355885763
1815,3.0298375355885763
1816,3.0298375355885763
1817,3.0298375355885763
1818,3.0298375355885763
1819,3.0298375355885763
1820,3.0298375355885763
1821,3.0298375355885763
1822,3.0298375355885763
1823,3.0298375355885763
1824,3.0298375355885763
1825,3.0298375355885763
1826,3.0298375355885763
1827,3.0298375355885763
1828,3.0298375355885763
1829,3.0298375355885763
1830,3.0298375355885763
1831,3.0298375355885763
1832,3.0298375355885763
1833,3.0298375355885763
1834,3.0298375355885763
1835,3.0298375355885763
1836,3.0298375355885763
1837,3.0298375355885763
1838,3.0298375355885763
1839,3.0298375355885763
1840,3.0298375355885763
1841,3.0298375355885763
1842,3.0298375355885763
1843,3.0298375355885763
1844,3.0298375355885763
1845,3.0298375355885763
1846,3.0298375355885763
1847,3.0298375355885763
1848,3.0298375355885763
1849,3.0298375355885763
1850,3.0298375355885763
1851,3.0298375355885763
1852,3.0298375355885763
1853,3.0298375355885763
1854,3.0298375355885763
1855,3.0298375355885763
1856,3.0298375355885763
1857,3.0298375355885763
1858,3.0298375355885763
1859,3.0298375355885763
1860,3.0298375355885763
1861,3.0298375355885763
1862,3.0298375355885763
1863,3.0298375355885763
1864,3.0298375355885763
1865,3.0298375355885763
1866,3.0298375355885763
1867,3.0298375355885763
1868,3.0298375355885763
1869,3.0298375355885763
1870,3.0298375355885763
1871,3.0298375355885763
1872,3.0298375355885763
1873,3.0298375355885763
1874,3.0298375355885763
1875,3.0298375355885763
1876,3.0298375355885763
1877,3.0298375355885763
1878,3.0298375355885763
1879,3.0298375355885763
1880,3.0298375355885763
1881,3.0298375355885763
1882,3.0298375355885763
1883,3.0298375355885763
1884,3.0298375355885763
1885,3.0298375355885763
1886,3.0298375355885763
1887,3.0298375355885763
1888,3.0298375355885763
1889,3.0298375355885763
1890,3.0298375355885763
1891,3.0298375355885763
1892,3.0298375355885763
1893,3.0298375355885763
1894,3.0298375355885763
1895,3.0298375355885763
1896,3.0298375355885763
1897,3.0298375355885763
1898,3.0298375355885763
1899,3.0298375355885763
1900,3.0298375355885763
1901,3.0298375355885763
1902,3.0298375355885763
1903,3.0298375355885763
1904,3.0298375355885763
1905,3.0298375355885763
1906,3.0298375355885763
1907,3.0298375355885763
1908,3.0298375355885763
1909,3.0298375355885763
1910,3.0298375355885763
1911,3.0298375355885763
1912,3.0298375355885763
1913,3.0298375355885763
1914,3.0298375355885763
1915,3.0298375355885763
1916,3.0298375355885763
1917,3.0298375355885763
1918,3.0298375355885763
1919,3.0298375355885763
1920,3.0298375355885763
1921,3.0298375355885763
1922,3.0298375355885763
1923,3.0298375355885763
1924,3.0298375355885763
1925,3.0298375355885763
1926,3.0298375355885763
1927,3.0298375355885763
1928,3.0298375355885763
1929,3.0298375355885763
1930,3.0298375355885763
1931,3.0298375355885763
1932,3.0298375355885763
1933,3.0298375355885763
1934,3.0298375355885763
1935,3.0298375355885763
1936,3.0298375355885763
1937,3.0298375355885763
1938,3.0298375355885763
1939,3.0298375355885763
1940,3.0298375355885763
1941,3.0298375355885763
1942,3.0298375355885763
1943,3.0298375355885763
1944,3.0298375355885763
1945,3.0298375355885763
1946,3.0298375355885763
1947,3.0298375355885763
1948,3.0298375355885763
1949,3.0298375355885763
1950,3.0298375355885763
1951,3.0298375355885763
1952,3.0298375355885763
1953,3.0298375355885763
1954,3.0298375355885763
1955,3.0298375355885763
1956,3.0298375355885763
1957,3.0298375355885763
1958,3.0298375355885763
1959,3.0298375355885763
1960,3.0298375355885763
1961,3.0298375355885763
1962,3.0298375355885763
1963,3.0298375355885763
1964,3.0298375355885763
1965,3.0298375355885763
1966,3.0298375355885763
1967,3.0298375355885763
1968,3.0298375355885763
1969,3.0298375355885763
1970,3.0298375355885763
1971,3.0298375355885763
1972,3.0298375355885763
1973,3.0298375355885763
1974,3.0298375355885763
1975,3.0298375355885763
1976,3.0298375355885763
1977,3.0298375355885763
1978,3.0298375355885763
1979,3.0298375355885763
1980,3.0298375355885763
1981,3.0298375355885763
1982,3.0298375355885763
1983,3.0298375355885763
1984,3.0298375355885763
1985,3.0298375355885763
1986,3.0298375355885763
1987,3.0298375355885763
1988,3.0298375355885763
1989,3.0298375355885763
1990,3.0298375355885763
1991,3.0298375355885763
1992,3.0298375355885763
1993,3.0298375355885763
1994,3.0298375355885763
1995,3.0298375355885763
1996,3.0298375355885763
1997,3.0298375355885763
1998,3.0298375355885763
1999,3.0298375355885763
2000,3.0298375355885763
2001,3.0298375355885763
2002,3.0298375355885763
2003,3.0298375355885763
2004,3.0298375355885763
2005,3.0298375355885763
2006,3.0298375355885763
2007,3.0298375355885763
2008,3.0298375355885763
2009,3.0298375355885763
2010,3.0298375355885763
2011,3.0298375355885763
2012,3.0298375355885763
2013,3.0298375355885763
2014,3.0298375355885763
2015,3.0298375355885763
2016,3.0298375355885763
2017,3.0298375355885763
2018,3.0298375355885763
2019,3.0298375355885763
2020,3.0298375355885763
2021,3.0298375355885763
2022,3.0298375355885763
2023,3.0298375355885763
2024,3.0298375355885763
2025,3.0298375355885763
2026,3.0298375355885763
2027,3.0298375355885763
2028,3.0298375355885763
2029,3.0298375355885763
2030,3.0298375355885763
2031,3.0298375355885763
2032,3.0298375355885763
2033,3.0298375355885763
2034,3.0298375355885763
2035,3.0298375355885763
2036,3.0298375355885763
2037,3.0298375355885763
2038,3.0298375355885763
2039,3.0298375355885763
2040,3.0298375355885763
2041,3.0298375355885763
2042,3.0298375355885763
2043,3.0298375355885763
2044,3.0298375355885763
2045,3.0298375355885763
2046,3.0298375355885763
2047,3.0298375355885763
2048,3.0298375355885763
2049,3.0298375355885763
2050,3.0298375355885763
2051,3.0298375355885763
2052,3.0298375355885763
2053,3.0298375355885763
2054,3.0298375355885763
2055,3.0298375355885763
2056,3.0298375355885763
2057,3.0298375355885763
2058,3.0298375355885763
2059,3.0298375355885763
2060,3.0298375355885763
2061,3.0298375355885763
2062,3.0298375355885763
2063,3.0298375355885763
2064,3.0298375355885763
2065,3.0298375355885763
2066,3.0298375355885763
2067,3.0298375355885763
2068,3.0298375355885763
2069,3.0298375355885763
2070,3.0298375355885763
2071,3.0298375355885763
2072,3.0298375355885763
2073,3.0298375355885763
2074,3.0298375355885763
2075,3.0298375355885763
2076,3.0298375355885763
2077,3.0298375355885763
2078,3.0298375355885763
2079,3.0298375355885763
2080,3.0298375355885763
2081,3.0298375355885763
2082,3.0298375355885763
2083,3.0298375355885763
2084,3.0298375355885763
2085,3.0298375355885763
2086,3.0298375355885763
2087,3.0298375355885763
2088,3.0298375355885763
2089,3.0298375355885763
2090,3.0298375355885763
2091,3.0298375355885763
2092,3.0298375355885763
2093,3.0298375355885763
2094,3.0298375355885763
2095,3.0298375355885763
2096,3.0298375355885763
2097,3.0298375355885763
2098,3.0298375355885763
2099,3.0298375355885763
2100,3.0298375355885763
2101,3.0298375355885763
2102,3.0298375355885763
2103,3.0298375355885763
2104,3.0298375355885763
2105,3.0298375355885763
2106,3.0298375355885763
2107,3.0298375355885763
2108,3.0298375355885763
2109,3.0298375355885763
2110,3.0298375355885763
2111,3.0298375355885763
2112,3.0298375355885763
2113,3.0298375355885763
2114,3.0298375355885763
2115,3.0298375355885763
2116,3.0298375355885763
2117,3.0298375355885763
2118,3.0298375355885763
2119,3.0298375355885763
2120,3.0298375355885763
2121,3.0298375355885763
2122,3.0298375355885763
2123,3.0298375355885763
2124,3.0298375355885763
2125,3.0298375355885763
2126,3.0298375355885763
2127,3.0298375355885763
2128,3.0298375355885763
2129,3.0298375355885763
2130,3.0298375355885763
2131,3.0298375355885763
2132,3.0298375355885763
2133,3.0298375355885763
2134,3.0298375355885763
2135,3.0298375355885763
2136,3.0298375355885763
2137,3.0298375355885763
2138,3.0298375355885763
2139,3.0298375355885763
2140,3.0298375355885763
2141,3.0298375355885763
2142,3.0298375355885763
2143,3.0298375355885763
2144,3.0298375355885763
2145,3.0298375355885763
2146,3.0298375355885763
2147,3.0298375355885763
2148,3.0298375355885763
2149,3.0298375355885763
2150,3.0298375355885763
2151,3.0298375355885763
2152,3.0298375355885763
2153,3.0298375355885763
2154,3.0298375355885763
2155,3.0298375355885763
2156,3.0298375355885763
2157,3.0298375355885763
2158,3.0298375355885763
2159,3.0298375355885763
2160,3.0298375355885763
2161,3.0298375355885763
2162,3.0298375355885763
2163,3.0298375355885763
2164,3.0298375355885763
2165,3.0298375355885763
2166,3.0298375355885763
2167,3.0298375355885763
2168,3.0298375355885763
2169,3.0298375355885763
2170,3.0298375355885763
2171,3.0298375355885763
2172,3.0298375355885763
2173,3.0298375355885763
2174,3.0298375355885763
2175,3.0298375355885763
2176,3.0298375355885763
2177,3.0298375355885763
2178,3.0298375355885763
2179,3.0298375355885763
2180,3.0298375355885763
2181,3.0298375355885763
2182,3.0298375355885763
2183,3.0298375355885763
2184,3.0298375355885763
2185,3.0298375355885763
2186,3.0298375355885763
2187,3.0298375355885763
2188,3.0298375355885763
2189,3.0298375355885763
2190,3.0298375355885763
2191,3.0298375355885763
2192,3.0298375355885763
2193,3.0298375355885763
2194,3.0298375355885763
2195,3.0298375355885763
2196,3.0298375355885763
2197,3.0298375355885763
2198,3.0298375355885763
2199,3.0298375355885763
2200,3.0298375355885763
2201,3.0298375355885763
2202,3.0298375355885763
2203,3.0298375355885763
2204,3.0298375355885763
2205,3.0298375355885763
2206,3.0298375355885763
2207,3.0298375355885763
2208,3.0298375355885763
2209,3.0298375355885763
2210,3.0298375355885763
2211,3.0298375355885763
2212,3.0298375355885763
2213,3.0298375355885763
2214,3.0298375355885763
2215,3.0298375355885763
2216,3.0298375355885763
2217,3.0298375355885763
2218,3.0298375355885763
2219,3.0298375355885763
2220,3.0298375355885763
2221,3.0298375355885763
2222,3.0298375355885763
2223,3.0298375355885763
2224,3.0298375355885763
2225,3.0298375355885763
2226,3.0298375355885763
2227,3.0298375355885763
2228,3.0298375355885763
2229,3.0298375355885763
2230,3.0298375355885763
2231,3.0298375355885763
2232,3.0298375355885763
2233,3.0298375355885763
2234,3.0298375355885763
2235,3.0298375355885763
2236,3.0298375355885763
2237,3.0298375355885763
2238,3.0298375355885763
2239,3.0298375355885763
2240,3.0298375355885763
2241,3.0298375355885763
2242,3.0298375355885763
2243,3.0298375355885763
2244,3.0298375355885763
2245,3.0298375355885763
2246,3.0298375355885763
2247,3.0298375355885763
2248,3.0298375355885763
2249,3.0298375355885763
2250,3.0298375355885763
2251,3.0298375355885763
2252,3.0298375355885763
2253,3.0298375355885763
2254,3.0298375355885763
2255,3.0298375355885763
2256,3.0298375355885763
2257,3.0298375355885763
2258,3.0298375355885763
2259,3.0298375355885763
2260,3.0298375355885763
2261,3.0298375355885763
2262,3.0298375355885763
2263,3.0298375355885763
2264,3.0298375355885763
2265,3.0298375355885763
2266,3.0298375355885763
2267,3.0298375355885763
2268,3.0298375355885763
2269,3.0298375355885763
2270,3.0298375355885763
2271,3.0298375355885763
2272,3.0298375355885763
2273,3.0298375355885763
2274,3.0298375355885763
2275,3.0298375355885763
2276,3.0298375355885763
2277,3.0298375355885763
2278,3.0298375355885763
2279,3.0298375355885763
2280,3.0298375355885763
2281,3.0298375355885763
2282,3.0298375355885763
2283,3.0298375355885763
2284,3.0298375355885763
2285,3.0298375355885763
2286,3.0298375355885763
2287,3.0298375355885763
2288,3.0298375355885763
2289,3.0298375355885763
2290,3.0298375355885763
2291,3.0298375355885763
2292,3.0298375355885763
2293,3.0298375355885763
2294,3.0298375355885763
2295,3.0298375355885763
2296,3.0298375355885763
2297,3.0298375355885763
2298,3.0298375355885763
2299,3.0298375355885763
2300,3.0298375355885763
2301,3.0298375355885763
2302,3.0298375355885763
2303,3.0298375355885763
2304,3.0298375355885763
2305,3.0298375355885763
2306,3.0298375355885763
2307,3.0298375355885763
2308,3.0298375355885763
2309,3.0298375355885763
2310,3.0298375355885763
2311,3.0298375355885763
2312,3.0298375355885763
2313,3.0298375355885763
2314,3.0298375355885763
2315,3.0298375355885763
2316,3.0298375355885763
2317,3.0298375355885763
2318,3.0298375355885763
2319,3.0298375355885763
2320,3.0298375355885763
2321,3.0298375355885763
2322,3.0298375355885763
2323,3.0298375355885763
2324,3.0298375355885763
2325,3.0298375355885763
2326,3.0298375355885763
2327,3.0298375355885763
2328,3.0298375355885763
2329,3.0298375355885763
2330,3.0298375355885763
2331,3.0298375355885763
2332,3.0298375355885763
2333,3.0298375355885763
2334,3.0298375355885763
2335,3.0298375355885763
2336,3.0298375355885763
2337,3.0298375355885763
2338,3.0298375355885763
2339,3.0298375355885763
2340,3.0298375355885763
2341,3.0298375355885763
2342,3.0298375355885763
2343,3.0298375355885763
2344,3.0298375355885763
2345,3.0298375355885763
2346,3.0298375355885763
2347,3.0298375355885763
2348,3.0298375355885763
2349,3.0298375355885763
2350,3.0298375355885763
2351,3.0298375355885763
2352,3.0298375355885763
2353,3.0298375355885763
2354,3.0298375355885763
2355,3.0298375355885763
2356,3.0298375355885763
2357,3.0298375355885763
2358,3.0298375355885763
2359,3.0298375355885763
2360,3.0298375355885763
2361,3.0298375355885763
2362,3.0298375355885763
2363,3.0298375355885763
2364,3.0298375355885763
2365,3.0298375355885763
2366,3.0298375355885763
2367,3.0298375355885763
2368,3.0298375355885763
2369,3.0298375355885763
2370,3.0298375355885763
2371,3.0298375355885763
2372,3.0298375355885763
2373,3.0298375355885763
2374,3.0298375355885763
2375,3.0298375355885763
2376,3.0298375355885763
2377,3.0298375355885763
2378,3.0298375355885763
2379,3.0298375355885763
2380,3.0298375355885763
2381,3.0298375355885763
2382,3.0298375355885763
2383,3.0298375355885763
2384,3.0298375355885763
2385,3.0298375355885763
2386,3.0298375355885763
2387,3.0298375355885763
2388,3.0298375355885763
2389,3.0298375355885763
2390,3.0298375355885763
2391,3.0298375355885763
2392,3.0298375355885763
2393,3.0298375355885763
2394,3.0298375355885763
2395,3.0298375355885763
2396,3.0298375355885763
2397,3.0298375355885763
2398,3.0298375355885763
2399,3.0298375355885763
2400,3.0298375355885763
2401,3.0298375355885763
2402,3.0298375355885763
2403,3.0298375355885763
2404,3.0298375355885763
2405,3.0298375355885763
2406,3.0298375355885763
2407,3.0298375355885763
2408,3.0298375355885763
2409,3.0298375355885763
2410,3.0298375355885763
2411,3.0298375355885763
2412,3.0298375355885763
2413,3.0298375355885763
2414,3.0298375355885763
2415,3.0298375355885763
2416,3.0298375355885763
2417,3.0298375355885763
2418,3.0298375355885763
2419,3.0298375355885763
2420,3.0298375355885763
2421,3.0298375355885763
2422,3.0298375355885763
2423,3.0298375355885763
2424,3.0298375355885763
2425,3.0298375355885763
2426,3.0298375355885763
2427,3.0298375355885763
2428,3.0298375355885763
2429,3.0298375355885763
2430,3.0298375355885763
2431,3.0298375355885763
2432,3.0298375355885763
2433,3.0298375355885763
2434,3.0298375355885763
2435,3.0298375355885763
2436,3.0298375355885763
2437,3.0298375355885763
2438,3.0298375355885763
2439,3.0298375355885763
2440,3.0298375355885763
2441,3.0298375355885763
2442,3.0298375355885763
2443,3.0298375355885763
2444,3.0298375355885763
2445,3.0298375355885763
2446,3.0298375355885763
2447,3.0298375355885763
2448,3.0298375355885763
2449,3.0298375355885763
2450,3.0298375355885763
2451,3.0298375355885763
2452,3.0298375355885763
2453,3.0298375355885763
2454,3.0298375355885763
2455,3.0298375355885763
2456,3.0298375355885763
2457,3.0298375355885763
2458,3.0298375355885763
2459,3.0298375355885763
2460,3.0298375355885763
2461,3.0298375355885763
2462,3.0298375355885763
2463,3.0298375355885763
2464,3.0298375355885763
2465,3.0298375355885763
2466,3.0298375355885763
2467,3.0298375355885763
2468,3.0298375355885763
2469,3.0298375355885763
2470,3.0298375355885763
2471,3.0298375355885763
2472,3.0298375355885763
2473,3.0298375355885763
2474,3.0298375355885763
2475,3.0298375355885763
2476,3.0298375355885763
2477,3.0298375355885763
2478,3.0298375355885763
2479,3.0298375355885763
2480,3.0298375355885763
2481,3.0298375355885763
2482,3.0298375355885763
2483,3.0298375355885763
2484,3.0298375355885763
2485,3.0298375355885763
2486,3.0298375355885763
2487,3.0298375355885763
2488,3.0298375355885763
2489,3.0298375355885763
2490,3.0298375355885763
2491,3.0298375355885763
2492,3.0298375355885763
2493,3.0298375355885763
2494,3.0298375355885763
2495,3.0298375355885763
2496,3.0298375355885763
2497,3.0298375355885763
2498,3.0298375355885763
2499,3.0298375355885763
2500,3.0298375355885763
2501,3.0298375355885763
2502,3.0298375355885763
2503,3.0298375355885763
2504,3.0298375355885763
2505,3.0298375355885763
2506,3.0298375355885763
2507,3.0298375355885763
2508,3.0298375355885763
2509,3.0298375355885763
2510,3.0298375355885763
2511,3.0298375355885763
2512,3.0298375355885763
2513,3.0298375355885763
2514,3.0298375355885763
2515,3.0298375355885763
2516,3.0298375355885763
2517,3.0298375355885763
2518,3.0298375355885763
2519,3.0298375355885763
2520,3.0298375355885763
2521,3.0298375355885763
2522,3.0298375355885763
2523,3.0298375355885763
2524,3.0298375355885763
2525,3.0298375355885763
2526,3.0298375355885763
2527,3.0298375355885763
2528,3.0298375355885763
2529,3.0298375355885763
2530,3.0298375355885763
2531,3.0298375355885763
2532,3.0298375355885763
2533,3.0298375355885763
2534,3.0298375355885763
2535,3.0298375355885763
2536,3.0298375355885763
2537,3.0298375355885763
2538,3.0298375355885763
2539,3.0298375355885763
2540,3.0298375355885763
2541,3.0298375355885763
2542,3.0298375355885763
2543,3.0298375355885763
2544,3.0298375355885763
2545,3.0298375355885763
2546,3.0298375355885763
2547,3.0298375355885763
2548,3.0298375355885763
2549,3.0298375355885763
2550,3.0298375355885763
2551,3.0298375355885763
2552,3.0298375355885763
2553,3.0298375355885763
2554,3.0298375355885763
2555,3.0298375355885763
2556,3.0298375355885763
2557,3.0298375355885763
2558,3.0298375355885763
2559,3.0298375355885763
2560,3.0298375355885763
2561,3.0298375355885763
2562,3.0298375355885763
2563,3.0298375355885763
2564,3.0298375355885763
2565,3.0298375355885763
2566,3.0298375355885763
2567,3.0298375355885763
2568,3.0298375355885763
2569,3.0298375355885763
2570,3.0298375355885763
2571,3.0298375355885763
2572,3.0298375355885763
2573,3.0298375355885763
2574,3.0298375355885763
2575,3.0298375355885763
2576,3.0298375355885763
2577,3.0298375355885763
2578,3.0298375355885763
2579,3.0298375355885763
2580,3.0298375355885763
2581,3.0298375355885763
2582,3.0298375355885763
2583,3.0298375355885763
2584,3.0298375355885763
2585,3.0298375355885763
2586,3.0298375355885763
2587,3.0298375355885763
2588,3.0298375355885763
2589,3.0298375355885763
2590,3.0298375355885763
2591,3.0298375355885763
2592,3.0298375355885763
2593,3.0298375355885763
2594,3.0298375355885763
2595,3.0298375355885763
2596,3.0298375355885763
2597,3.0298375355885763
2598,3.0298375355885763
2599,3.0298375355885763
2600,3.0298375355885763
2601,3.0298375355885763
2602,3.0298375355885763
2603,3.0298375355885763
2604,3.0298375355885763
2605,3.0298375355885763
2606,3.0298375355885763
2607,3.0298375355885763
2608,3.0298375355885763
2609,3.0298375355885763
2610,3.0298375355885763
2611,3.0298375355885763
2612,3.0298375355885763
2613,3.0298375355885763
2614,3.0298375355885763
2615,3.0298375355885763
2616,3.0298375355885763
2617,3.0298375355885763
2618,3.0298375355885763
2619,3.0298375355885763
2620,3.0298375355885763
2621,3.0298375355885763
2622,3.0298375355885763
2623,3.0298375355885763
2624,3.0298375355885763
2625,3.0298375355885763
2626,3.0298375355885763
2627,3.0298375355885763
2628,3.0298375355885763
2629,3.0298375355885763
2630,3.0298375355885763
2631,3.0298375355885763
2632,3.0298375355885763
2633,3.0298375355885763
2634,3.0298375355885763
2635,3.0298375355885763
2636,3.0298375355885763
2637,3.0298375355885763
2638,3.0298375355885763
2639,3.0298375355885763
2640,3.0298375355885763
2641,3.0298375355885763
2642,3.0298375355885763
2643,3.0298375355885763
2644,3.0298375355885763
2645,3.0298375355885763
2646,3.0298375355885763
2647,3.0298375355885763
2648,3.0298375355885763
2649,3.0298375355885763
2650,3.0298375355885763
2651,3.0298375355885763
2652,3.0298375355885763
2653,3.0298375355885763
2654,3.0298375355885763
2655,3.0298375355885763
2656,3.0298375355885763
2657,3.0298375355885763
2658,3.0298375355885763
2659,3.0298375355885763
2660,3.0298375355885763
2661,3.0298375355885763
2662,3.0298375355885763
2663,3.0298375355885763
2664,3.0298375355885763
2665,3.0298375355885763
2666,3.0298375355885763
2667,3.0298375355885763
2668,3.0298375355885763
2669,3.0298375355885763
2670,3.0298375355885763
2671,3.0298375355885763
2672,3.0298375355885763
2673,3.0298375355885763
2674,3.0298375355885763
2675,3.0298375355885763
2676,3.0298375355885763
2677,3.0298375355885763
2678,3.0298375355885763
2679,3.0298375355885763
2680,3.0298375355885763
2681,3.0298375355885763
2682,3.0298375355885763
2683,3.0298375355885763
2684,3.0298375355885763
2685,3.0298375355885763
2686,3.0298375355885763
2687,3.0298375355885763
2688,3.0298375355885763
2689,3.0298375355885763
2690,3.0298375355885763
2691,3.0298375355885763
2692,3.0298375355885763
2693,3.0298375355885763
2694,3.0298375355885763
2695,3.0298375355885763
2696,3.0298375355885763
2697,3.0298375355885763
2698,3.0298375355885763
2699,3.0298375355885763
2700,3.0298375355885763
2701,3.0298375355885763
2702,3.0298375355885763
2703,3.0298375355885763
2704,3.0298375355885763
2705,3.0298375355885763
2706,3.0298375355885763
2707,3.0298375355885763
2708,3.0298375355885763
2709,3.0298375355885763
2710,3.0298375355885763
2711,3.0298375355885763
2712,3.0298375355885763
2713,3.0298375355885763
2714,3.0298375355885763
2715,3.0298375355885763
2716,3.0298375355885763
2717,3.0298375355885763
2718,3.0298375355885763
2719,3.0298375355885763
2720,3.0298375355885763
2721,3.0298375355885763
2722,3.0298375355885763
2723,3.0298375355885763
2724,3.0298375355885763
2725,3.0298375355885763
2726,3.0298375355885763
2727,3.0298375355885763
2728,3.0298375355885763
2729,3.0298375355885763
2730,3.0298375355885763
2731,3.0298375355885763
2732,3.0298375355885763
2733,3.0298375355885763
2734,3.0298375355885763
2735,3.0298375355885763
2736,3.0298375355885763
2737,3.0298375355885763
2738,3.0298375355885763
2739,3.0298375355885763
2740,3.0298375355885763
2741,3.0298375355885763
2742,3.0298375355885763
2743,3.0298375355885763
2744,3.0298375355885763
2745,3.0298375355885763
2746,3.0298375355885763
2747,3.0298375355885763
2748,3.0298375355885763
2749,3.0298375355885763
2750,3.0298375355885763
2751,3.0298375355885763
2752,3.0298375355885763
2753,3.0298375355885763
2754,3.0298375355885763
2755,3.0298375355885763
2756,3.0298375355885763
2757,3.0298375355885763
2758,3.0298375355885763
2759,3.0298375355885763
2760,3.0298375355885763
2761,3.0298375355885763
2762,3.0298375355885763
2763,3.0298375355885763
2764,3.0298375355885763
2765,3.0298375355885763
2766,3.0298375355885763
2767,3.0298375355885763
2768,3.0298375355885763
2769,3.0298375355885763
2770,3.0298375355885763
2771,3.0298375355885763
2772,3.0298375355885763
2773,3.0298375355885763
2774,3.0298375355885763
2775,3.0298375355885763
2776,3.0298375355885763
2777,3.0298375355885763
2778,3.0298375355885763
2779,3.0298375355885763
2780,3.0298375355885763
2781,3.0298375355885763
2782,3.0298375355885763
2783,3.0298375355885763
2784,3.0298375355885763
2785,3.0298375355885763
2786,3.0298375355885763
2787,3.0298375355885763
2788,3.0298375355885763
2789,3.0298375355885763
2790,3.0298375355885763
2791,3.0298375355885763
2792,3.0298375355885763
2793,3.0298375355885763
2794,3.0298375355885763
2795,3.0298375355885763
2796,3.0298375355885763
2797,3.0298375355885763
2798,3.0298375355885763
2799,3.0298375355885763
2800,3.0298375355885763
2801,3.0298375355885763
2802,3.0298375355885763
2803,3.0298375355885763
2804,3.0298375355885763
2805,3.0298375355885763
2806,3.0298375355885763
2807,3.0298375355885763
2808,3.0298375355885763
2809,3.0298375355885763
2810,3.0298375355885763
2811,3.0298375355885763
2812,3.0298375355885763
2813,3.0298375355885763
2814,3.0298375355885763
2815,3.0298375355885763
2816,3.0298375355885763
2817,3.0298375355885763
2818,3.0298375355885763
2819,3.0298375355885763
2820,3.0298375355885763
2821,3.0298375355885763
2822,3.0298375355885763
2823,3.0298375355885763
2824,3.0298375355885763
2825,3.0298375355885763
2826,3.0298375355885763
2827,3.0298375355885763
2828,3.0298375355885763
2829,3.0298375355885763
2830,3.0298375355885763
2831,3.0298375355885763
2832,3.0298375355885763
2833,3.0298375355885763
2834,3.0298375355885763
2835,3.0298375355885763
2836,3.0298375355885763
2837,3.0298375355885763
2838,3.0298375355885763
2839,3.0298375355885763
2840,3.0298375355885763
2841,3.0298375355885763
2842,3.0298375355885763
2843,3.0298375355885763
2844,3.0298375355885763
2845,3.0298375355885763
2846,3.0298375355885763
2847,3.0298375355885763
2848,3.0298375355885763
2849,3.0298375355885763
2850,3.0298375355885763
2851,3.0298375355885763
2852,3.0298375355885763
2853,3.0298375355885763
2854,3.0298375355885763
2855,3.0298375355885763
2856,3.0298375355885763
2857,3.0298375355885763
2858,3.0298375355885763
2859,3.0298375355885763
2860,3.0298375355885763
2861,3.0298375355885763
2862,3.0298375355885763
2863,3.0298375355885763
2864,3.0298375355885763
2865,3.0298375355885763
2866,3.0298375355885763
2867,3.0298375355885763
2868,3.0298375355885763
2869,3.0298375355885763
2870,3.0298375355885763
2871,3.0298375355885763
2872,3.0298375355885763
2873,3.0298375355885763
2874,3.0298375355885763
2875,3.0298375355885763
2876,3.0298375355885763
2877,3.0298375355885763
2878,3.0298375355885763
2879,3.0298375355885763
2880,3.0298375355885763
2881,3.0298375355885763
2882,3.0298375355885763
2883,3.0298375355885763
2884,3.0298375355885763
2885,3.0298375355885763
2886,3.0298375355885763
2887,3.0298375355885763
2888,3.0298375355885763
2889,3.0298375355885763
2890,3.0298375355885763
2891,3.0298375355885763
2892,3.0298375355885763
2893,3.0298375355885763
2894,3.0298375355885763
2895,3.0298375355885763
2896,3.0298375355885763
2897,3.0298375355885763
2898,3.0298375355885763
2899,3.0298375355885763
2900,2.696415582941701
2901,2.696415582941701
2902,2.696415582941701
2903,2.696415582941701
2904,2.696415582941701
2905,2.696415582941701
2906,2.696415582941701
2907,2.696415582941701
2908,2.696415582941701
2909,2.696415582941701
2910,2.696415582941701
2911,2.696415582941701
2912,2.696415582941701
2913,2.696415582941701
2914,2.696415582941701
2915,2.696415582941701
2916,2.696415582941701
2917,2.696415582941701
2918,2.696415582941701
2919,2.696415582941701
2920,2.696415582941701
2921,2.696415582941701
2922,2.696415582941701
2923,2.696415582941701
2924,2.696415582941701
2925,2.696415582941701
2926,2.696415582941701
2927,2.696415582941701
2928,2.696415582941701
2929,2.696415582941701
2930,2.696415582941701
2931,2.696415582941701
2932,2.696415582941701
2933,2.696415582941701
2934,2.696415582941701
2935,2.696415582941701
2936,2.696415582941701
2937,2.696415582941701
2938,2.696415582941701
2939,2.696415582941701
2940,2.696415582941701
2941,2.696415582941701
2942,2.696415582941701
2943,2.696415582941701
2944,2.696415582941701
2945,2.696415582941701
2946,2.696415582941701
2947,2.696415582941701
2948,2.696415582941701
2949,2.696415582941701
2950,2.696415582941701
2951,2.696415582941701
2952,2.696415582941701
2953,2.696415582941701
2954,2.696415582941701
2955,2.696415582941701
2956,2.696415582941701
2957,2.696415582941701
2958,2.696415582941701
2959,2.696415582941701
2960,2.696415582941701
2961,2.696415582941701
2962,2.696415582941701
2963,2.696415582941701
2964,2.696415582941701
2965,2.696415582941701
2966,2.696415582941701
2967,2.696415582941701
2968,2.696415582941701
2969,2.696415582941701
2970,2.696415582941701
2971,2.696415582941701
2972,2.696415582941701
2973,2.696415582941701
2974,2.696415582941701
2975,2.696415582941701
2976,2.696415582941701
2977,2.696415582941701
2978,2.696415582941701
2979,2.696415582941701
2980,2.696415582941701
2981,2.696415582941701
2982,2.696415582941701
2983,2.696415582941701
2984,2.696415582941701
2985,2.696415582941701
2986,2.696415582941701
2987,2.696415582941701
2988,2.696415582941701
2989,2.696415582941701
2990,2.696415582941701
2991,2.696415582941701
2992,2.696415582941701
2993,2.696415582941701
2994,2.696415582941701
2995,2.696415582941701
2996,2.696415582941701
2997,2.696415582941701
2998,2.696415582941701
2999,2.696415582941701
3000,2.696415582941701
3001,2.696415582941701
3002,2.696415582941701
3003,2.696415582941701
3004,2.696415582941701
3005,2.696415582941701
3006,2.696415582941701
3007,2.696415582941701
3008,2.696415582941701
3009,2.696415582941701
3010,2.696415582941701
3011,2.696415582941701
3012,2.696415582941701
3013,2.696415582941701
3014,2.696415582941701
3015,2.696415582941701
3016,2.696415582941701
3017,2.696415582941701
3018,2.696415582941701
3019,2.696415582941701
3020,2.696415582941701
3021,2.696415582941701
3022,2.696415582941701
3023,2.696415582941701
3024,2.696415582941701
3025,2.696415582941701
3026,2.696415582941701
3027,2.696415582941701
3028,2.696415582941701
3029,2.696415582941701
3030,2.696415582941701
3031,2.696415582941701
3032,2.696415582941701
3033,2.696415582941701
3034,2.696415582941701
3035,2.696415582941701
3036,2.696415582941701
3037,2.696415582941701
3038,2.696415582941701
3039,2.696415582941701
3040,2.696415582941701
3041,2.696415582941701
3042,2.696415582941701
3043,2.696415582941701
3044,2.696415582941701
3045,2.696415582941701
3046,2.696415582941701
3047,2.696415582941701
3048,2.696415582941701
3049,2.696415582941701
3050,2.696415582941701
3051,2.696415582941701
3052,2.696415582941701
3053,2.696415582941701
3054,2.696415582941701
3055,2.696415582941701
3056,2.696415582941701
3057,2.696415582941701
3058,2.696415582941701
3059,2.696415582941701
3060,2.696415582941701
3061,2.696415582941701
3062,2.696415582941701
3063,2.696415582941701
3064,2.696415582941701
3065,2.696415582941701
3066,2.696415582941701
3067,2.696415582941701
3068,2.696415582941701
3069,2.696415582941701
3070,2.696415582941701
3071,2.696415582941701
3072,2.696415582941701
3073,2.696415582941701
3074,2.696415582941701
3075,2.696415582941701
3076,2.696415582941701
3077,2.696415582941701
3078,2.696415582941701
3079,2.696415582941701
3080,2.696415582941701
3081,2.696415582941701
3082,2.696415582941701
3083,2.696415582941701
3084,2.696415582941701
3085,2.696415582941701
3086,2.696415582941701
3087,2.696415582941701
3088,2.696415582941701
3089,2.696415582941701
3090,2.696415582941701
3091,2.696415582941701
3092,2.696415582941701
3093,2.696415582941701
3094,2.696415582941701
3095,2.696415582941701
3096,2.696415582941701
3097,2.696415582941701
3098,2.696415582941701
3099,2.696415582941701
3100,2.696415582941701
3101,2.696415582941701
3102,2.696415582941701
3103,2.696415582941701
3104,2.696415582941701
3105,2.696415582941701
3106,2.696415582941701
3107,2.696415582941701
3108,2.696415582941701
3109,2.696415582941701
3110,2.696415582941701
3111,2.696415582941701
3112,2.696415582941701
3113,2.696415582941701
3114,2.696415582941701
3115,2.696415582941701
3116,2.696415582941701
3117,2.696415582941701
3118,2.696415582941701
3119,2.696415582941701
3120,2.696415582941701
3121,2.696415582941701
3122,2.696415582941701
3123,2.696415582941701
3124,2.696415582941701
3125,2.696415582941701
3126,2.696415582941701
3127,2.696415582941701
3128,2.696415582941701
3129,2.696415582941701
3130,2.696415582941701
3131,2.696415582941701
3132,2.696415582941701
3133,2.696415582941701
3134,2.696415582941701
3135,2.696415582941701
3136,2.696415582941701
3137,2.696415582941701
3138,2.696415582941701
3139,2.696415582941701
3140,2.696415582941701
3141,2.696415582941701
3142,2.696415582941701
3143,2.696415582941701
3144,2.696415582941701
3145,2.696415582941701
3146,2.696415582941701
3147,2.696415582941701
3148,2.696415582941701
3149,2.696415582941701
3150,2.696415582941701
3151,2.696415582941701
3152,2.696415582941701
3153,2.696415582941701
3154,2.696415582941701
3155,2.696415582941701
3156,2.696415582941701
3157,2.696415582941701
3158,2.696415582941701
3159,2.696415582941701
3160,2.696415582941701
3161,2.696415582941701
3162,2.696415582941701
3163,2.696415582941701
3164,2.696415582941701
3165,2.696415582941701
3166,2.696415582941701
3167,2.696415582941701
3168,2.696415582941701
3169,2.696415582941701
3170,2.696415582941701
3171,2.696415582941701
3172,2.696415582941701
3173,2.696415582941701
3174,2.696415582941701
3175,2.696415582941701
3176,2.696415582941701
3177,2.696415582941701
3178,2.696415582941701
3179,2.696415582941701
3180,2.696415582941701
3181,2.696415582941701
3182,2.696415582941701
3183,2.696415582941701
3184,2.696415582941701
3185,2.696415582941701
3186,2.696415582941701
3187,2.696415582941701
3188,2.696415582941701
3189,2.696415582941701
3190,2.696415582941701
3191,2.696415582941701
3192,2.696415582941701
3193,2.696415582941701
3194,2.696415582941701
3195,2.696415582941701
3196,2.696415582941701
3197,2.696415582941701
3198,2.696415582941701
3199,2.696415582941701
3200,2.696415582941701
3201,2.696415582941701
3202,2.696415582941701
3203,2.696415582941701
3204,2.696415582941701
3205,2.696415582941701
3206,2.696415582941701
3207,2.696415582941701
3208,2.696415582941701
3209,2.696415582941701
3210,2.696415582941701
3211,2.696415582941701
3212,2.696415582941701
3213,2.696415582941701
3214,2.696415582941701
3215,2.696415582941701
3216,2.696415582941701
3217,2.696415582941701
3218,2.696415582941701
3219,2.696415582941701
3220,2.696415582941701
3221,2.696415582941701
3222,2.696415582941701
3223,2.696415582941701
3224,2.696415582941701
3225,2.696415582941701
3226,2.696415582941701
3227,2.696415582941701
3228,2.696415582941701
3229,2.696415582941701
3230,2.696415582941701
3231,2.696415582941701
3232,2.696415582941701
3233,2.696415582941701
3234,2.696415582941701
3235,2.696415582941701
3236,2.696415582941701
3237,2.696415582941701
3238,2.696415582941701
3239,2.696415582941701
3240,2.696415582941701
3241,2.696415582941701
3242,2.696415582941701
3243,2.696415582941701
3244,2.696415582941701
3245,2.696415582941701
3246,2.696415582941701
3247,2.696415582941701
3248,2.696415582941701
3249,2.696415582941701
3250,2.696415582941701
3251,2.696415582941701
3252,2.696415582941701
3253,2.696415582941701
3254,2.696415582941701
3255,2.696415582941701
3256,2.696415582941701
3257,2.696415582941701
3258,2.696415582941701
3259,2.696415582941701
3260,2.696415582941701
3261,2.696415582941701
3262,2.696415582941701
3263,2.696415582941701
3264,2.696415582941701
3265,2.696415582941701
3266,2.696415582941701
3267,2.696415582941701
3268,2.696415582941701
3269,2.696415582941701
3270,2.696415582941701
3271,2.696415582941701
3272,2.696415582941701
3273,2.696415582941701
3274,2.696415582941701
3275,2.696415582941701
3276,2.696415582941701
3277,2.696415582941701
3278,2.696415582941701
3279,2.696415582941701
3280,2.696415582941701
3281,2.696415582941701
3282,2.696415582941701
3283,2.696415582941701
3284,2.696415582941701
3285,2.696415582941701
3286,2.696415582941701
3287,2.696415582941701
3288,2.696415582941701
3289,2.696415582941701
3290,2.696415582941701
3291,2.696415582941701
3292,2.696415582941701
3293,2.696415582941701
3294,2.696415582941701
3295,2.696415582941701
3296,2.696415582941701
3297,2.696415582941701
3298,2.696415582941701
3299,2.696415582941701
3300,2.696415582941701
3301,2.696415582941701
3302,2.696415582941701
3303,2.696415582941701
3304,2.696415582941701
3305,2.696415582941701
3306,2.696415582941701
3307,2.696415582941701
3308,2.696415582941701
3309,2.696415582941701
3310,2.696415582941701
3311,2.696415582941701
3312,2.696415582941701
3313,2.696415582941701
3314,2.696415582941701
3315,2.696415582941701
3316,2.696415582941701
3317,2.696415582941701
3318,2.696415582941701
3319,2.696415582941701
3320,2.696415582941701
3321,2.696415582941701
3322,2.696415582941701
3323,2.696415582941701
3324,2.696415582941701
3325,2.696415582941701
3326,2.696415582941701
3327,2.696415582941701
3328,2.696415582941701
3329,2.696415582941701
3330,2.696415582941701
3331,2.696415582941701
3332,2.696415582941701
3333,2.696415582941701
3334,2.696415582941701
3335,2.696415582941701
3336,2.696415582941701
3337,2.696415582941701
3338,2.696415582941701
3339,2.696415582941701
3340,2.696415582941701
3341,2.696415582941701
3342,2.696415582941701
3343,2.696415582941701
3344,2.696415582941701
3345,2.696415582941701
3346,2.696415582941701
3347,2.696415582941701
3348,2.696415582941701
3349,2.696415582941701
3350,2.696415582941701
3351,2.696415582941701
3352,2.696415582941701
3353,2.696415582941701
3354,2.696415582941701
3355,2.696415582941701
3356,2.696415582941701
3357,2.696415582941701
3358,2.696415582941701
3359,2.696415582941701
3360,2.696415582941701
3361,2.696415582941701
3362,2.696415582941701
3363,2.696415582941701
3364,2.696415582941701
3365,2.696415582941701
3366,2.696415582941701
3367,2.696415582941701
3368,2.696415582941701
3369,2.696415582941701
3370,2.696415582941701
3371,2.696415582941701
3372,2.696415582941701
3373,2.696415582941701
3374,2.696415582941701
3375,2.696415582941701
3376,2.696415582941701
3377,2.696415582941701
3378,2.696415582941701
3379,2.696415582941701
3380,2.696415582941701
3381,2.696415582941701
3382,2.696415582941701
3383,2.696415582941701
3384,2.696415582941701
3385,2.696415582941701
3386,2.696415582941701
3387,2.696415582941701
3388,2.696415582941701
3389,2.696415582941701
3390,2.696415582941701
3391,2.696415582941701
3392,2.696415582941701
3393,2.696415582941701
3394,2.696415582941701
3395,2.696415582941701
3396,2.696415582941701
3397,2.696415582941701
3398,2.696415582941701
3399,2.696415582941701
3400,2.696415582941701
3401,2.696415582941701
3402,2.696415582941701
3403,2.696415582941701
3404,2.696415582941701
3405,2.696415582941701
3406,2.696415582941701
3407,2.696415582941701
3408,2.696415582941701
3409,2.696415582941701
3410,2.696415582941701
3411,2.696415582941701
3412,2.696415582941701
3413,2.696415582941701
3414,2.696415582941701
3415,2.696415582941701
3416,2.696415582941701
3417,2.696415582941701
3418,2.696415582941701
3419,2.696415582941701
3420,2.696415582941701
3421,2.696415582941701
3422,2.696415582941701
3423,2.696415582941701
3424,2.696415582941701
3425,2.696415582941701
3426,2.696415582941701
3427,2.696415582941701
3428,2.696415582941701
3429,2.696415582941701
3430,2.696415582941701
3431,2.696415582941701
3432,2.696415582941701
3433,2.696415582941701
3434,2.696415582941701
3435,2.696415582941701
3436,2.696415582941701
3437,2.696415582941701
3438,2.696415582941701
3439,2.696415582941701
3440,2.696415582941701
3441,2.696415582941701
3442,2.696415582941701
3443,2.696415582941701
3444,2.696415582941701
3445,2.696415582941701
3446,2.696415582941701
3447,2.696415582941701
3448,2.696415582941701
3449,2.696415582941701
3450,2.696415582941701
3451,2.696415582941701
3452,2.696415582941701
3453,2.696415582941701
3454,2.696415582941701
3455,2.696415582941701
3456,2.696415582941701
3457,2.696415582941701
3458,2.696415582941701
3459,2.696415582941701
3460,2.696415582941701
3461,2.696415582941701
3462,2.696415582941701
3463,2.696415582941701
3464,2.696415582941701
3465,2.696415582941701
3466,2.696415582941701
3467,2.696415582941701
3468,2.696415582941701
3469,2.696415582941701
3470,2.696415582941701
3471,2.696415582941701
3472,2.696415582941701
3473,2.696415582941701
3474,2.696415582941701
3475,2.696415582941701
3476,2.696415582941701
3477,2.696415582941701
3478,2.696415582941701
3479,2.696415582941701
3480,2.696415582941701
3481,2.696415582941701
3482,2.696415582941701
3483,2.696415582941701
3484,2.696415582941701
3485,2.696415582941701
3486,2.696415582941701
3487,2.696415582941701
3488,2.696415582941701
3489,2.696415582941701
3490,2.696415582941701
3491,2.696415582941701
3492,2.696415582941701
3493,2.696415582941701
3494,2.696415582941701
3495,2.696415582941701
3496,2.696415582941701
3497,2.696415582941701
3498,2.696415582941701
3499,2.696415582941701
3500,2.696415582941701
3501,2.696415582941701
3502,2.696415582941701
3503,2.696415582941701
3504,2.696415582941701
3505,2.696415582941701
3506,2.696415582941701
3507,2.696415582941701
3508,2.696415582941701
3509,2.696415582941701
3510,2.696415582941701
3511,2.696415582941701
3512,2.696415582941701
3513,2.696415582941701
3514,2.696415582941701
3515,2.696415582941701
3516,2.696415582941701
3517,2.696415582941701
3518,2.696415582941701
3519,2.696415582941701
3520,2.696415582941701
3521,2.696415582941701
3522,2.696415582941701
3523,2.696415582941701
3524,2.696415582941701
3525,2.696415582941701
3526,2.696415582941701
3527,2.696415582941701
3528,2.696415582941701
3529,2.696415582941701
3530,2.696415582941701
3531,2.696415582941701
3532,2.696415582941701
3533,2.696415582941701
3534,2.696415582941701
3535,2.696415582941701
3536,2.696415582941701
3537,2.696415582941701
3538,2.696415582941701
3539,2.696415582941701
3540,2.696415582941701
3541,2.696415582941701
3542,2.696415582941701
3543,2.696415582941701
3544,2.696415582941701
3545,2.696415582941701
3546,2.696415582941701
3547,2.696415582941701
3548,2.696415582941701
3549,2.696415582941701
3550,2.696415582941701
3551,2.696415582941701
3552,2.696415582941701
3553,2.696415582941701
3554,2.696415582941701
3555,2.696415582941701
3556,2.696415582941701
3557,2.696415582941701
3558,2.696415582941701
3559,2.696415582941701
3560,2.696415582941701
3561,2.696415582941701
3562,2.696415582941701
3563,2.696415582941701
3564,2.696415582941701
3565,2.696415582941701
3566,2.696415582941701
3567,2.696415582941701
3568,2.696415582941701
3569,2.696415582941701
3570,2.696415582941701
3571,2.696415582941701
3572,2.696415582941701
3573,2.696415582941701
3574,2.696415582941701
3575,2.696415582941701
3576,2.696415582941701
3577,2.696415582941701
3578,2.696415582941701
3579,2.696415582941701
3580,2.696415582941701
3581,2.696415582941701
3582,2.696415582941701
3583,2.696415582941701
3584,2.696415582941701
3585,2.696415582941701
3586,2.696415582941701
3587,2.696415582941701
3588,2.696415582941701
3589,2.696415582941701
3590,2.696415582941701
3591,2.696415582941701
3592,2.696415582941701
3593,2.696415582941701
3594,2.696415582941701
3595,2.696415582941701
3596,2.696415582941701
3597,2.696415582941701
3598,2.696415582941701
3599,2.696415582941701
3600,2.696415582941701
3601,2.696415582941701
3602,2.696415582941701
3603,2.696415582941701
3604,2.696415582941701
3605,2.696415582941701
3606,2.696415582941701
3607,2.696415582941701
3608,2.696415582941701
3609,2.696415582941701
3610,2.696415582941701
3611,2.696415582941701
3612,2.696415582941701
3613,2.696415582941701
3614,2.696415582941701
3615,2.696415582941701
3616,2.696415582941701
3617,2.696415582941701
3618,2.696415582941701
3619,2.696415582941701
3620,2.696415582941701
3621,2.696415582941701
3622,2.696415582941701
3623,2.696415582941701
3624,2.696415582941701
3625,2.696415582941701
3626,2.696415582941701
3627,2.696415582941701
3628,2.696415582941701
3629,2.696415582941701
3630,2.696415582941701
3631,2.696415582941701
3632,2.696415582941701
3633,2.696415582941701
3634,2.696415582941701
3635,2.696415582941701
3636,2.696415582941701
3637,2.696415582941701
3638,2.696415582941701
3639,2.696415582941701
3640,2.696415582941701
3641,2.696415582941701
3642,2.696415582941701
3643,2.696415582941701
3644,2.696415582941701
3645,2.696415582941701
3646,2.696415582941701
3647,2.696415582941701
3648,2.696415582941701
3649,2.696415582941701
3650,2.696415582941701
3651,2.696415582941701
3652,2.696415582941701
3653,2.696415582941701
3654,2.696415582941701
3655,2.696415582941701
3656,2.696415582941701
3657,2.696415582941701
3658,2.696415582941701
3659,2.696415582941701
3660,2.696415582941701
3661,2.696415582941701
3662,2.696415582941701
3663,2.696415582941701
3664,2.696415582941701
3665,2.696415582941701
3666,2.696415582941701
3667,2.696415582941701
3668,2.696415582941701
3669,2.696415582941701
3670,2.696415582941701
3671,2.696415582941701
3672,2.696415582941701
3673,2.696415582941701
3674,2.696415582941701
3675,2.696415582941701
3676,2.696415582941701
3677,2.696415582941701
3678,2.696415582941701
3679,2.696415582941701
3680,2.696415582941701
3681,2.696415582941701
3682,2.696415582941701
3683,2.696415582941701
3684,2.696415582941701
3685,2.696415582941701
3686,2.696415582941701
3687,2.696415582941701
3688,2.696415582941701
3689,2.696415582941701
3690,2.696415582941701
3691,2.696415582941701
3692,2.696415582941701
3693,2.696415582941701
3694,2.696415582941701
3695,2.696415582941701
3696,2.696415582941701
3697,2.696415582941701
3698,2.696415582941701
3699,2.696415582941701
3700,2.696415582941701
3701,2.696415582941701
3702,2.696415582941701
3703,2.696415582941701
3704,2.696415582941701
3705,2.696415582941701
3706,2.696415582941701
3707,2.696415582941701
3708,2.696415582941701
3709,2.696415582941701
3710,2.696415582941701
3711,2.696415582941701
3712,2.696415582941701
3713,2.696415582941701
3714,2.696415582941701
3715,2.696415582941701
3716,2.696415582941701
3717,2.696415582941701
3718,2.696415582941701
3719,2.696415582941701
3720,2.696415582941701
3721,2.696415582941701
3722,2.696415582941701
3723,2.696415582941701
3724,2.696415582941701
3725,2.696415582941701
3726,2.696415582941701
3727,2.696415582941701
3728,2.696415582941701
3729,2.696415582941701
3730,2.696415582941701
3731,2.696415582941701
3732,2.696415582941701
3733,2.696415582941701
3734,2.696415582941701
3735,2.696415582941701
3736,2.696415582941701
3737,2.696415582941701
3738,2.696415582941701
3739,2.696415582941701
3740,2.696415582941701
3741,2.696415582941701
3742,2.696415582941701
3743,2.696415582941701
3744,2.696415582941701
3745,2.696415582941701
3746,2.696415582941701
3747,2.696415582941701
3748,2.696415582941701
3749,2.696415582941701
3750,2.696415582941701
3751,2.696415582941701
3752,2.696415582941701
3753,2.696415582941701
3754,2.696415582941701
3755,2.696415582941701
3756,2.696415582941701
3757,2.696415582941701
3758,2.696415582941701
3759,2.696415582941701
3760,2.696415582941701
3761,2.696415582941701
3762,2.696415582941701
3763,2.696415582941701
3764,2.696415582941701
3765,2.696415582941701
3766,2.696415582941701
3767,2.696415582941701
3768,2.696415582941701
3769,2.696415582941701
3770,2.696415582941701
3771,2.696415582941701
3772,2.696415582941701
3773,2.696415582941701
3774,2.696415582941701
3775,2.696415582941701
3776,2.696415582941701
3777,2.696415582941701
3778,2.696415582941701
3779,2.696415582941701
3780,2.696415582941701
3781,2.696415582941701
3782,2.696415582941701
3783,2.696415582941701
3784,2.696415582941701
3785,2.696415582941701
3786,2.696415582941701
3787,2.696415582941701
3788,2.696415582941701
3789,2.696415582941701
3790,2.696415582941701
3791,2.696415582941701
3792,2.696415582941701
3793,2.696415582941701
3794,2.696415582941701
3795,2.696415582941701
3796,2.696415582941701
3797,2.696415582941701
3798,2.696415582941701
3799,2.696415582941701
3800,2.696415582941701
3801,2.696415582941701
3802,2.696415582941701
3803,2.696415582941701
3804,2.696415582941701
3805,2.696415582941701
3806,2.696415582941701
3807,2.696415582941701
3808,2.696415582941701
3809,2.696415582941701
3810,2.696415582941701
3811,2.696415582941701
3812,2.696415582941701
3813,2.696415582941701
3814,2.696415582941701
3815,2.696415582941701
3816,2.696415582941701
3817,2.696415582941701
3818,2.696415582941701
3819,2.696415582941701
3820,2.696415582941701
3821,2.696415582941701
3822,2.696415582941701
3823,2.696415582941701
3824,2.696415582941701
3825,2.696415582941701
3826,2.696415582941701
3827,2.696415582941701
3828,2.696415582941701
3829,2.696415582941701
3830,2.696415582941701
3831,2.696415582941701
3832,2.696415582941701
3833,2.696415582941701
3834,2.696415582941701
3835,2.696415582941701
3836,2.696415582941701
3837,2.696415582941701
3838,2.696415582941701
3839,2.696415582941701
3840,2.696415582941701
3841,2.696415582941701
3842,2.696415582941701
3843,2.696415582941701
3844,2.696415582941701
3845,2.696415582941701
3846,2.696415582941701
3847,2.696415582941701
3848,2.696415582941701
3849,2.696415582941701
3850,2.696415582941701
3851,2.696415582941701
3852,2.696415582941701
3853,2.696415582941701
3854,2.696415582941701
3855,2.696415582941701
3856,2.696415582941701
3857,2.696415582941701
3858,2.696415582941701
3859,2.696415582941701
3860,2.696415582941701
3861,2.696415582941701
3862,2.696415582941701
3863,2.696415582941701
3864,2.696415582941701
3865,2.696415582941701
3866,2.696415582941701
3867,2.696415582941701
3868,2.696415582941701
3869,2.696415582941701
3870,2.696415582941701
3871,2.696415582941701
3872,2.696415582941701
3873,2.696415582941701
3874,2.696415582941701
3875,2.696415582941701
3876,2.696415582941701
3877,2.696415582941701
3878,2.696415582941701
3879,2.696415582941701
3880,2.696415582941701
3881,2.696415582941701
3882,2.696415582941701
3883,2.696415582941701
3884,2.696415582941701
3885,2.696415582941701
3886,2.696415582941701
3887,2.696415582941701
3888,2.696415582941701
3889,2.696415582941701
3890,2.696415582941701
3891,2.696415582941701
3892,2.696415582941701
3893,2.696415582941701
3894,2.696415582941701
3895,2.696415582941701
3896,2.696415582941701
3897,2.696415582941701
3898,2.696415582941701
3899,2.696415582941701
3900,2.696415582941701
3901,2.696415582941701
3902,2.696415582941701
3903,2.696415582941701
3904,2.696415582941701
3905,2.696415582941701
3906,2.696415582941701
3907,2.696415582941701
3908,2.696415582941701
3909,2.696415582941701
3910,2.696415582941701
3911,2.696415582941701
3912,2.696415582941701
3913,2.696415582941701
3914,2.696415582941701
3915,2.696415582941701
3916,2.696415582941701
3917,2.696415582941701
3918,2.696415582941701
3919,2.696415582941701
3920,2.696415582941701
3921,2.696415582941701
3922,2.696415582941701
3923,2.696415582941701
3924,2.696415582941701
3925,2.696415582941701
3926,2.696415582941701
3927,2.696415582941701
3928,2.696415582941701
3929,2.696415582941701
3930,2.696415582941701
3931,2.696415582941701
3932,2.696415582941701
3933,2.696415582941701
3934,2.696415582941701
3935,2.696415582941701
3936,2.696415582941701
3937,2.696415582941701
3938,2.696415582941701
3939,2.696415582941701
3940,2.696415582941701
3941,2.696415582941701
3942,2.696415582941701
3943,2.696415582941701
3944,2.696415582941701
3945,2.696415582941701
3946,2.696415582941701
3947,2.696415582941701
3948,2.696415582941701
3949,2.696415582941701
3950,2.696415582941701
3951,2.696415582941701
3952,2.696415582941701
3953,2.696415582941701
3954,2.696415582941701
3955,2.696415582941701
3956,2.696415582941701
3957,2.696415582941701
3958,2.696415582941701
3959,2.696415582941701
3960,2.696415582941701
3961,2.696415582941701
3962,2.696415582941701
3963,2.696415582941701
3964,2.696415582941701
3965,2.696415582941701
3966,2.696415582941701
3967,2.696415582941701
3968,2.696415582941701
3969,2.696415582941701
3970,2.696415582941701
3971,2.696415582941701
3972,2.696415582941701
3973,2.696415582941701
3974,2.696415582941701
3975,2.696415582941701
3976,2.696415582941701
3977,2.696415582941701
3978,2.696415582941701
3979,2.696415582941701
3980,2.696415582941701
3981,2.696415582941701
3982,2.696415582941701
3983,2.696415582941701
3984,2.696415582941701
3985,2.696415582941701
3986,2.696415582941701
3987,2.696415582941701
3988,2.696415582941701
3989,2.696415582941701
3990,2.696415582941701
3991,2.696415582941701
3992,2.696415582941701
3993,2.696415582941701
3994,2.696415582941701
3995,2.696415582941701
3996,2.696415582941701
3997,2.696415582941701
3998,2.696415582941701
3999,2.696415582941701
4000,2.696415582941701
4001,2.696415582941701
4002,2.696415582941701
4003,2.696415582941701
4004,2.696415582941701
4005,2.696415582941701
4006,2.696415582941701
4007,2.696415582941701
4008,2.696415582941701
4009,2.696415582941701
4010,2.696415582941701
4011,2.696415582941701
4012,2.696415582941701
4013,2.696415582941701
4014,2.696415582941701
4015,2.696415582941701
4016,2.696415582941701
4017,2.696415582941701
4018,2.696415582941701
4019,2.696415582941701
4020,2.696415582941701
4021,2.696415582941701
4022,2.696415582941701
4023,2.696415582941701
4024,2.696415582941701
4025,2.696415582941701
4026,2.696415582941701
4027,2.696415582941701
4028,2.696415582941701
4029,2.696415582941701
4030,2.696415582941701
4031,2.696415582941701
4032,2.696415582941701
4033,2.696415582941701
4034,2.696415582941701
4035,2.696415582941701
4036,2.696415582941701
4037,2.696415582941701
4038,2.696415582941701
4039,2.696415582941701
4040,2.696415582941701
4041,2.696415582941701
4042,2.696415582941701
4043,2.696415582941701
4044,2.696415582941701
4045,2.696415582941701
4046,2.696415582941701
4047,2.696415582941701
4048,2.696415582941701
4049,2.696415582941701
4050,2.696415582941701
4051,2.696415582941701
4052,2.696415582941701
4053,2.696415582941701
4054,2.696415582941701
4055,2.696415582941701
4056,2.696415582941701
4057,2.696415582941701
4058,2.696415582941701
4059,2.696415582941701
4060,2.696415582941701
4061,2.696415582941701
4062,2.696415582941701
4063,2.696415582941701
4064,2.696415582941701
4065,2.696415582941701
4066,2.696415582941701
4067,2.696415582941701
4068,2.696415582941701
4069,2.696415582941701
4070,2.696415582941701
4071,2.696415582941701
4072,2.696415582941701
4073,2.696415582941701
4074,2.696415582941701
4075,2.696415582941701
4076,2.696415582941701
4077,2.696415582941701
4078,2.696415582941701
4079,2.696415582941701
4080,2.696415582941701
4081,2.696415582941701
4082,2.696415582941701
4083,2.696415582941701
4084,2.696415582941701
4085,2.696415582941701
4086,2.696415582941701
4087,2.696415582941701
4088,2.696415582941701
4089,2.696415582941701
4090,2.696415582941701
4091,2.696415582941701
4092,2.696415582941701
4093,2.696415582941701
4094,2.696415582941701
4095,2.696415582941701
4096,2.696415582941701
4097,2.696415582941701
4098,2.696415582941701
4099,2.696415582941701
4100,2.696415582941701
4101,2.696415582941701
4102,2.696415582941701
4103,2.696415582941701
4104,2.696415582941701
4105,2.696415582941701
4106,2.696415582941701
4107,2.696415582941701
4108,2.696415582941701
4109,2.696415582941701
4110,2.696415582941701
4111,2.696415582941701
4112,2.696415582941701
4113,2.696415582941701
4114,2.696415582941701
4115,2.696415582941701
4116,2.696415582941701
4117,2.696415582941701
4118,2.696415582941701
4119,2.696415582941701
4120,2.696415582941701
4121,2.696415582941701
4122,2.696415582941701
4123,2.696415582941701
4124,2.696415582941701
4125,2.696415582941701
4126,2.696415582941701
4127,2.696415582941701
4128,2.696415582941701
4129,2.696415582941701
4130,2.696415582941701
4131,2.696415582941701
4132,2.696415582941701
4133,2.696415582941701
4134,2.696415582941701
4135,2.696415582941701
4136,2.696415582941701
4137,2.696415582941701
4138,2.696415582941701
4139,2.696415582941701
4140,2.696415582941701
4141,2.696415582941701
4142,2.696415582941701
4143,2.696415582941701
4144,2.696415582941701
4145,2.696415582941701
4146,2.696415582941701
4147,2.696415582941701
4148,2.696415582941701
4149,2.696415582941701
4150,2.696415582941701
4151,2.696415582941701
4152,2.696415582941701
4153,2.696415582941701
4154,2.696415582941701
4155,2.696415582941701
4156,2.696415582941701
4157,2.696415582941701
4158,2.696415582941701
4159,2.696415582941701
4160,2.696415582941701
4161,2.696415582941701
4162,2.696415582941701
4163,2.696415582941701
4164,2.696415582941701
4165,2.696415582941701
4166,2.696415582941701
4167,2.696415582941701
4168,2.696415582941701
4169,2.696415582941701
4170,2.696415582941701
4171,2.696415582941701
4172,2.696415582941701
4173,2.696415582941701
4174,2.696415582941701
4175,2.696415582941701
4176,2.696415582941701
4177,2.696415582941701
4178,2.696415582941701
4179,2.696415582941701
4180,2.696415582941701
4181,2.696415582941701
4182,2.696415582941701
4183,2.696415582941701
4184,2.696415582941701
4185,2.696415582941701
4186,2.696415582941701
4187,2.696415582941701
4188,2.696415582941701
4189,2.696415582941701
4190,2.696415582941701
4191,2.696415582941701
4192,2.696415582941701
4193,2.696415582941701
4194,2.696415582941701
4195,2.696415582941701
4196,2.696415582941701
4197,2.696415582941701
4198,2.696415582941701
4199,2.696415582941701
4200,2.696415582941701
4201,2.696415582941701
4202,2.696415582941701
4203,2.696415582941701
4204,2.696415582941701
4205,2.696415582941701
4206,2.696415582941701
4207,2.696415582941701
4208,2.696415582941701
4209,2.696415582941701
4210,2.696415582941701
4211,2.696415582941701
4212,2.696415582941701
4213,2.696415582941701
4214,2.696415582941701
4215,2.696415582941701
4216,2.696415582941701
4217,2.696415582941701
4218,2.696415582941701
4219,2.696415582941701
4220,2.696415582941701
4221,2.696415582941701
4222,2.696415582941701
4223,2.696415582941701
4224,2.696415582941701
4225,2.696415582941701
4226,2.696415582941701
4227,2.696415582941701
4228,2.696415582941701
4229,2.696415582941701
4230,2.696415582941701
4231,2.696415582941701
4232,2.696415582941701
4233,2.696415582941701
4234,2.696415582941701
4235,2.696415582941701
4236,2.696415582941701
4237,2.696415582941701
4238,2.696415582941701
4239,2.696415582941701
4240,2.696415582941701
4241,2.696415582941701
4242,2.696415582941701
4243,2.696415582941701
4244,2.696415582941701
4245,2.696415582941701
4246,2.696415582941701
4247,2.696415582941701
4248,2.696415582941701
4249,2.696415582941701
4250,2.696415582941701
4251,2.696415582941701
4252,2.696415582941701
4253,2.696415582941701
4254,2.696415582941701
4255,2.696415582941701
4256,2.696415582941701
4257,2.696415582941701
4258,2.696415582941701
4259,2.696415582941701
4260,2.696415582941701
4261,2.696415582941701
4262,2.696415582941701
4263,2.696415582941701
4264,2.696415582941701
4265,2.696415582941701
4266,2.696415582941701
4267,2.696415582941701
4268,2.696415582941701
4269,2.696415582941701
4270,2.696415582941701
4271,2.696415582941701
4272,2.696415582941701
4273,2.696415582941701
4274,2.696415582941701
4275,2.696415582941701
4276,2.696415582941701
4277,2.696415582941701
4278,2.696415582941701
4279,2.696415582941701
4280,2.696415582941701
4281,2.696415582941701
4282,2.696415582941701
4283,2.696415582941701
4284,2.696415582941701
4285,2.696415582941701
4286,2.696415582941701
4287,2.696415582941701
4288,2.696415582941701
4289,2.696415582941701
4290,2.696415582941701
4291,2.696415582941701
4292,2.696415582941701
4293,2.696415582941701
4294,2.696415582941701
4295,2.696415582941701
4296,2.696415582941701
4297,2.696415582941701
4298,2.696415582941701
4299,2.696415582941701
4300,2.696415582941701
4301,2.696415582941701
4302,2.696415582941701
4303,2.696415582941701
4304,2.696415582941701
4305,2.696415582941701
4306,2.696415582941701
4307,2.696415582941701
4308,2.696415582941701
4309,2.696415582941701
4310,2.696415582941701
4311,2.696415582941701
4312,2.696415582941701
4313,2.696415582941701
4314,2.696415582941701
4315,2.696415582941701
4316,2.696415582941701
4317,2.696415582941701
4318,2.696415582941701
4319,2.696415582941701
4320,2.696415582941701
4321,2.696415582941701
4322,2.696415582941701
4323,2.696415582941701
4324,2.696415582941701
4325,2.696415582941701
4326,2.696415582941701
4327,2.696415582941701
4328,2.696415582941701
4329,2.696415582941701
4330,2.696415582941701
4331,2.696415582941701
4332,2.696415582941701
4333,2.696415582941701
4334,2.696415582941701
4335,2.696415582941701
4336,2.696415582941701
4337,2.696415582941701
4338,2.696415582941701
4339,2.696415582941701
4340,2.696415582941701
4341,2.696415582941701
4342,2.696415582941701
4343,2.696415582941701
4344,2.696415582941701
4345,2.696415582941701
4346,2.696415582941701
4347,2.696415582941701
4348,2.696415582941701
4349,2.696415582941701
4350,2.696415582941701
4351,2.696415582941701
4352,2.696415582941701
4353,2.696415582941701
4354,2.696415582941701
4355,2.696415582941701
4356,2.696415582941701
4357,2.696415582941701
4358,2.696415582941701
4359,2.696415582941701
4360,2.696415582941701
4361,2.696415582941701
4362,2.696415582941701
4363,2.696415582941701
4364,2.696415582941701
4365,2.696415582941701
4366,2.696415582941701
4367,2.696415582941701
4368,2.696415582941701
4369,2.696415582941701
4370,2.696415582941701
4371,2.696415582941701
4372,2.696415582941701
4373,2.696415582941701
4374,2.696415582941701
4375,2.696415582941701
4376,2.696415582941701
4377,2.696415582941701
4378,2.696415582941701
4379,2.696415582941701
4380,2.696415582941701
4381,2.696415582941701
4382,2.696415582941701
4383,2.696415582941701
4384,2.696415582941701
4385,2.696415582941701
4386,2.696415582941701
4387,2.696415582941701
4388,2.696415582941701
4389,2.696415582941701
4390,2.696415582941701
4391,2.696415582941701
4392,2.696415582941701
4393,2.696415582941701
4394,2.696415582941701
4395,2.696415582941701
4396,2.696415582941701
4397,2.696415582941701
4398,2.696415582941701
4399,2.696415582941701
4400,2.696415582941701
4401,2.696415582941701
4402,2.696415582941701
4403,2.696415582941701
4404,2.696415582941701
4405,2.696415582941701
4406,2.696415582941701
4407,2.696415582941701
4408,2.696415582941701
4409,2.696415582941701
4410,2.696415582941701
4411,2.696415582941701
4412,2.696415582941701
4413,2.696415582941701
4414,2.696415582941701
4415,2.696415582941701
4416,2.696415582941701
4417,2.696415582941701
4418,2.696415582941701
4419,2.696415582941701
4420,2.696415582941701
4421,2.696415582941701
4422,2.696415582941701
4423,2.696415582941701
4424,2.696415582941701
4425,2.696415582941701
4426,2.696415582941701
4427,2.696415582941701
4428,2.696415582941701
4429,2.696415582941701
4430,2.696415582941701
4431,2.696415582941701
4432,2.696415582941701
4433,2.696415582941701
4434,2.696415582941701
4435,2.696415582941701
4436,2.696415582941701
4437,2.696415582941701
4438,2.696415582941701
4439,2.696415582941701
4440,2.696415582941701
4441,2.696415582941701
4442,2.696415582941701
4443,2.696415582941701
4444,2.696415582941701
4445,2.696415582941701
4446,2.696415582941701
4447,2.696415582941701
4448,2.696415582941701
4449,2.696415582941701
4450,2.696415582941701
4451,2.696415582941701
4452,2.696415582941701
4453,2.696415582941701
4454,2.696415582941701
4455,2.696415582941701
4456,2.696415582941701
4457,2.696415582941701
4458,2.696415582941701
4459,2.696415582941701
4460,2.696415582941701
4461,2.696415582941701
4462,2.696415582941701
4463,2.696415582941701
4464,2.696415582941701
4465,2.696415582941701
4466,2.696415582941701
4467,2.696415582941701
4468,2.696415582941701
4469,2.696415582941701
4470,2.696415582941701
4471,2.696415582941701
4472,2.696415582941701
4473,2.696415582941701
4474,2.696415582941701
4475,2.696415582941701
4476,2.696415582941701
4477,2.696415582941701
4478,2.696415582941701
4479,2.696415582941701
4480,2.696415582941701
4481,2.696415582941701
4482,2.696415582941701
4483,2.696415582941701
4484,2.696415582941701
4485,2.696415582941701
4486,2.696415582941701
4487,2.696415582941701
4488,2.696415582941701
4489,2.696415582941701
4490,2.696415582941701
4491,2.696415582941701
4492,2.696415582941701
4493,2.696415582941701
4494,2.696415582941701
4495,2.696415582941701
4496,2.696415582941701
4497,2.696415582941701
4498,2.696415582941701
4499,2.696415582941701
4500,2.696415582941701
4501,2.696415582941701
4502,2.696415582941701
4503,2.696415582941701
4504,2.696415582941701
4505,2.696415582941701
4506,2.696415582941701
4507,2.696415582941701
4508,2.696415582941701
4509,2.696415582941701
4510,2.696415582941701
4511,2.696415582941701
4512,2.696415582941701
4513,2.696415582941701
4514,2.696415582941701
4515,2.696415582941701
4516,2.696415582941701
4517,2.696415582941701
4518,2.696415582941701
4519,2.696415582941701
4520,2.696415582941701
4521,2.696415582941701
4522,2.696415582941701
4523,2.696415582941701
4524,2.696415582941701
4525,2.696415582941701
4526,2.696415582941701
4527,2.696415582941701
4528,2.696415582941701
4529,2.696415582941701
4530,2.696415582941701
4531,2.696415582941701
4532,2.696415582941701
4533,2.696415582941701
4534,2.696415582941701
4535,2.696415582941701
4536,2.696415582941701
4537,2.696415582941701
4538,2.696415582941701
4539,2.696415582941701
4540,2.696415582941701
4541,2.696415582941701
4542,2.696415582941701
4543,2.696415582941701
4544,2.696415582941701
4545,2.696415582941701
4546,2.696415582941701
4547,2.696415582941701
4548,2.696415582941701
4549,2.696415582941701
4550,2.696415582941701
4551,2.696415582941701
4552,2.696415582941701
4553,2.696415582941701
4554,2.696415582941701
4555,2.696415582941701
4556,2.696415582941701
4557,2.696415582941701
4558,2.696415582941701
4559,2.696415582941701
4560,2.696415582941701
4561,2.696415582941701
4562,2.696415582941701
4563,2.696415582941701
4564,2.696415582941701
4565,2.696415582941701
4566,2.696415582941701
4567,2.696415582941701
4568,2.696415582941701
4569,2.696415582941701
4570,2.696415582941701
4571,2.696415582941701
4572,2.696415582941701
4573,2.696415582941701
4574,2.696415582941701
4575,2.696415582941701
4576,2.696415582941701
4577,2.696415582941701
4578,2.696415582941701
4579,2.696415582941701
4580,2.696415582941701
4581,2.696415582941701
4582,2.696415582941701
4583,2.696415582941701
4584,2.696415582941701
4585,2.696415582941701
4586,2.696415582941701
4587,2.696415582941701
4588,2.696415582941701
4589,2.696415582941701
4590,2.696415582941701
4591,2.696415582941701
4592,2.696415582941701
4593,2.696415582941701
4594,2.696415582941701
4595,2.696415582941701
4596,2.696415582941701
4597,2.696415582941701
4598,2.696415582941701
4599,2.696415582941701
4600,2.696415582941701
4601,2.696415582941701
4602,2.696415582941701
4603,2.696415582941701
4604,2.696415582941701
4605,2.696415582941701
4606,2.696415582941701
4607,2.696415582941701
4608,2.696415582941701
4609,2.696415582941701
4610,2.696415582941701
4611,2.696415582941701
4612,2.696415582941701
4613,2.696415582941701
4614,2.696415582941701
4615,2.696415582941701
4616,2.696415582941701
4617,2.696415582941701
4618,2.696415582941701
4619,2.696415582941701
4620,2.696415582941701
4621,2.696415582941701
4622,2.696415582941701
4623,2.696415582941701
4624,2.696415582941701
4625,2.696415582941701
4626,2.696415582941701
4627,2.696415582941701
4628,2.696415582941701
4629,2.696415582941701
4630,2.696415582941701
4631,2.696415582941701
4632,2.696415582941701
4633,2.696415582941701
4634,2.696415582941701
4635,2.696415582941701
4636,2.696415582941701
4637,2.696415582941701
4638,2.696415582941701
4639,2.696415582941701
4640,2.696415582941701
4641,2.696415582941701
4642,2.696415582941701
4643,2.696415582941701
4644,2.696415582941701
4645,2.696415582941701
4646,2.696415582941701
4647,2.696415582941701
4648,2.696415582941701
4649,2.696415582941701
4650,2.696415582941701
4651,2.696415582941701
4652,2.696415582941701
4653,2.696415582941701
4654,2.696415582941701
4655,2.696415582941701
4656,2.696415582941701
4657,2.696415582941701
4658,2.696415582941701
4659,2.696415582941701
4660,2.696415582941701
4661,2.696415582941701
4662,2.696415582941701
4663,2.696415582941701
4664,2.696415582941701
4665,2.696415582941701
4666,2.696415582941701
4667,2.696415582941701
4668,2.696415582941701
4669,2.696415582941701
4670,2.696415582941701
4671,2.696415582941701
4672,2.696415582941701
4673,2.696415582941701
4674,2.696415582941701
4675,2.696415582941701
4676,2.696415582941701
4677,2.696415582941701
4678,2.696415582941701
4679,2.696415582941701
4680,2.696415582941701
4681,2.696415582941701
4682,2.696415582941701
4683,2.696415582941701
4684,2.696415582941701
4685,2.696415582941701
4686,2.696415582941701
4687,2.696415582941701
4688,2.696415582941701
4689,2.696415582941701
4690,2.696415582941701
4691,2.696415582941701
4692,2.696415582941701
4693,2.696415582941701
4694,2.696415582941701
4695,2.696415582941701
4696,2.696415582941701
4697,2.696415582941701
4698,2.696415582941701
4699,2.696415582941701
4700,2.696415582941701
4701,2.696415582941701
4702,2.696415582941701
4703,2.696415582941701
4704,2.696415582941701
4705,2.696415582941701
4706,2.696415582941701
4707,2.696415582941701
4708,2.696415582941701
4709,2.696415582941701
4710,2.696415582941701
4711,2.696415582941701
4712,2.696415582941701
4713,2.696415582941701
4714,2.696415582941701
4715,2.696415582941701
4716,2.696415582941701
4717,2.696415582941701
4718,2.696415582941701
4719,2.696415582941701
4720,2.696415582941701
4721,2.696415582941701
4722,2.696415582941701
4723,2.696415582941701
4724,2.696415582941701
4725,2.696415582941701
4726,2.696415582941701
4727,2.696415582941701
4728,2.696415582941701
4729,2.696415582941701
4730,2.696415582941701
4731,2.696415582941701
4732,2.696415582941701
4733,2.696415582941701
4734,2.696415582941701
4735,2.696415582941701
4736,2.696415582941701
4737,2.696415582941701
4738,2.696415582941701
4739,2.696415582941701
4740,2.696415582941701
4741,2.696415582941701
4742,2.696415582941701
4743,2.696415582941701
4744,2.696415582941701
4745,2.696415582941701
4746,2.696415582941701
4747,2.696415582941701
4748,2.696415582941701
4749,2.696415582941701
4750,2.696415582941701
4751,2.696415582941701
4752,2.696415582941701
4753,2.696415582941701
4754,2.696415582941701
4755,2.696415582941701
4756,2.696415582941701
4757,2.696415582941701
4758,2.696415582941701
4759,2.696415582941701
4760,2.696415582941701
4761,2.696415582941701
4762,2.696415582941701
4763,2.696415582941701
4764,2.696415582941701
4765,2.696415582941701
4766,2.696415582941701
4767,2.696415582941701
4768,2.696415582941701
4769,2.696415582941701
4770,2.696415582941701
4771,2.696415582941701
4772,2.696415582941701
4773,2.696415582941701
4774,2.696415582941701
4775,2.696415582941701
4776,2.696415582941701
4777,2.696415582941701
4778,2.696415582941701
4779,2.696415582941701
4780,2.696415582941701
4781,2.696415582941701
4782,2.696415582941701
4783,2.696415582941701
4784,2.696415582941701
4785,2.696415582941701
4786,2.696415582941701
4787,2.696415582941701
4788,2.696415582941701
4789,2.696415582941701
4790,2.696415582941701
4791,2.696415582941701
4792,2.696415582941701
4793,2.696415582941701
4794,2.696415582941701
4795,2.696415582941701
4796,2.696415582941701
4797,2.696415582941701
4798,2.696415582941701
4799,2.696415582941701
4800,2.696415582941701
4801,2.696415582941701
4802,2.696415582941701
4803,2.696415582941701
4804,2.696415582941701
4805,2.696415582941701
4806,2.696415582941701
4807,2.696415582941701
4808,2.696415582941701
4809,2.696415582941701
4810,2.696415582941701
4811,2.696415582941701
4812,2.696415582941701
4813,2.696415582941701
4814,2.696415582941701
4815,2.696415582941701
4816,2.696415582941701
4817,2.696415582941701
4818,2.696415582941701
4819,2.696415582941701
4820,2.696415582941701
4821,2.696415582941701
4822,2.696415582941701
4823,2.696415582941701
4824,2.696415582941701
4825,2.696415582941701
4826,2.696415582941701
4827,2.696415582941701
4828,2.696415582941701
4829,2.696415582941701
4830,2.696415582941701
4831,2.696415582941701
4832,2.696415582941701
4833,2.696415582941701
4834,2.696415582941701
4835,2.696415582941701
4836,2.696415582941701
4837,2.696415582941701
4838,2.696415582941701
4839,2.696415582941701
4840,2.696415582941701
4841,2.696415582941701
4842,2.696415582941701
4843,2.696415582941701
4844,2.696415582941701
4845,2.696415582941701
4846,2.696415582941701
4847,2.696415582941701
4848,2.696415582941701
4849,2.696415582941701
4850,2.696415582941701
4851,2.696415582941701
4852,2.696415582941701
4853,2.696415582941701
4854,2.696415582941701
4855,2.696415582941701
4856,2.696415582941701
4857,2.696415582941701
4858,2.696415582941701
4859,2.696415582941701
4860,2.696415582941701
4861,2.696415582941701
4862,2.696415582941701
4863,2.696415582941701
4864,2.696415582941701
4865,2.696415582941701
4866,2.696415582941701
4867,2.696415582941701
4868,2.696415582941701
4869,2.696415582941701
4870,2.696415582941701
4871,2.696415582941701
4872,2.696415582941701
4873,2.696415582941701
4874,2.696415582941701
4875,2.696415582941701
4876,2.696415582941701
4877,2.696415582941701
4878,2.696415582941701
4879,2.696415582941701
4880,2.696415582941701
4881,2.696415582941701
4882,2.696415582941701
4883,2.696415582941701
4884,2.696415582941701
4885,2.696415582941701
4886,2.696415582941701
4887,2.696415582941701
4888,2.696415582941701
4889,2.696415582941701
4890,2.696415582941701
4891,2.696415582941701
4892,2.696415582941701
4893,2.696415582941701
4894,2.696415582941701
4895,2.696415582941701
4896,2.696415582941701
4897,2.696415582941701
4898,2.696415582941701
4899,2.696415582941701
4900,2.696415582941701
4901,2.696415582941701
4902,2.696415582941701
4903,2.696415582941701
4904,2.696415582941701
4905,2.696415582941701
4906,2.696415582941701
4907,2.696415582941701
4908,2.696415582941701
4909,2.696415582941701
4910,2.696415582941701
4911,2.696415582941701
4912,2.696415582941701
4913,2.696415582941701
4914,2.696415582941701
4915,2.696415582941701
4916,2.696415582941701
4917,2.696415582941701
4918,2.696415582941701
4919,2.696415582941701
4920,2.696415582941701
4921,2.696415582941701
4922,2.696415582941701
4923,2.696415582941701
4924,2.696415582941701
4925,2.696415582941701
4926,2.696415582941701
4927,2.696415582941701
4928,2.696415582941701
4929,2.696415582941701
4930,2.696415582941701
4931,2.696415582941701
4932,2.696415582941701
4933,2.696415582941701
4934,2.696415582941701
4935,2.696415582941701
4936,2.696415582941701
4937,2.696415582941701
4938,2.696415582941701
4939,2.696415582941701
4940,2.696415582941701
4941,2.696415582941701
4942,2.696415582941701
4943,2.696415582941701
4944,2.696415582941701
4945,2.696415582941701
4946,2.696415582941701
4947,2.696415582941701
4948,2.696415582941701
4949,2.696415582941701
4950,2.696415582941701
4951,2.696415582941701
4952,2.696415582941701
4953,2.696415582941701
4954,2.696415582941701
4955,2.696415582941701
4956,2.696415582941701
4957,2.696415582941701
4958,2.696415582941701
4959,2.696415582941701
4960,2.696415582941701
4961,2.696415582941701
4962,2.696415582941701
4963,2.696415582941701
4964,2.696415582941701
4965,2.696415582941701
4966,2.696415582941701
4967,2.696415582941701
4968,2.696415582941701
4969,2.696415582941701
4970,2.696415582941701
4971,2.696415582941701
4972,2.696415582941701
4973,2.696415582941701
4974,2.696415582941701
4975,2.696415582941701
4976,2.696415582941701
4977,2.696415582941701
4978,2.696415582941701
4979,2.696415582941701
4980,2.696415582941701
4981,2.696415582941701
4982,2.696415582941701
4983,2.696415582941701
4984,2.696415582941701
4985,2.696415582941701
4986,2.696415582941701
4987,2.696415582941701
4988,2.696415582941701
4989,2.696415582941701
4990,2.696415582941701
4991,2.696415582941701
4992,2.696415582941701
4993,2.696415582941701
4994,2.696415582941701
4995,2.696415582941701
4996,2.696415582941701
4997,2.696415582941701
4998,2.696415582941701
4999,2.696415582941701
5000,2.696415582941701
5001,2.696415582941701
5002,2.696415582941701
5003,2.696415582941701
5004,2.696415582941701
5005,2.696415582941701
5006,2.696415582941701
5007,2.696415582941701
5008,2.696415582941701
5009,2.696415582941701
5010,2.696415582941701
5011,2.696415582941701
5012,2.696415582941701
5013,2.696415582941701
5014,2.696415582941701
5015,2.696415582941701
5016,2.696415582941701
5017,2.696415582941701
5018,2.696415582941701
5019,2.696415582941701
5020,2.696415582941701
5021,2.696415582941701
5022,2.696415582941701
5023,2.696415582941701
5024,2.696415582941701
5025,2.696415582941701
5026,2.696415582941701
5027,2.696415582941701
5028,2.696415582941701
5029,2.696415582941701
5030,2.696415582941701
5031,2.696415582941701
5032,2.696415582941701
5033,2.696415582941701
5034,2.696415582941701
5035,2.696415582941701
5036,2.696415582941701
5037,2.696415582941701
5038,2.696415582941701
5039,2.696415582941701
5040,2.696415582941701
5041,2.696415582941701
5042,2.696415582941701
5043,2.696415582941701
5044,2.696415582941701
5045,2.696415582941701
5046,2.696415582941701
5047,2.696415582941701
5048,2.696415582941701
5049,2.696415582941701
5050,2.696415582941701
5051,2.696415582941701
5052,2.696415582941701
5053,2.696415582941701
5054,2.696415582941701
5055,2.696415582941701
5056,2.696415582941701
5057,2.696415582941701
5058,2.696415582941701
5059,2.696415582941701
5060,2.696415582941701
5061,2.696415582941701
5062,2.696415582941701
5063,2.696415582941701
5064,2.696415582941701
5065,2.696415582941701
5066,2.696415582941701
5067,2.696415582941701
5068,2.696415582941701
5069,2.696415582941701
5070,2.696415582941701
5071,2.696415582941701
5072,2.696415582941701
5073,2.696415582941701
5074,2.696415582941701
5075,2.696415582941701
5076,2.696415582941701
5077,2.696415582941701
5078,2.696415582941701
5079,2.696415582941701
5080,2.696415582941701
5081,2.696415582941701
5082,2.696415582941701
5083,2.696415582941701
5084,2.696415582941701
5085,2.696415582941701
5086,2.696415582941701
5087,2.696415582941701
5088,2.696415582941701
5089,2.696415582941701
5090,2.696415582941701
5091,2.696415582941701
5092,2.696415582941701
5093,2.696415582941701
5094,2.696415582941701
5095,2.696415582941701
5096,2.696415582941701
5097,2.696415582941701
5098,2.696415582941701
5099,2.696415582941701
5100,2.696415582941701
5101,2.696415582941701
5102,2.696415582941701
5103,2.696415582941701
5104,2.696415582941701
5105,2.696415582941701
5106,2.696415582941701
5107,2.696415582941701
5108,2.696415582941701
5109,2.696415582941701
5110,2.696415582941701
5111,2.696415582941701
5112,2.696415582941701
5113,2.696415582941701
5114,2.696415582941701
5115,2.696415582941701
5116,2.696415582941701
5117,2.696415582941701
5118,2.696415582941701
5119,2.696415582941701
5120,2.696415582941701
5121,2.696415582941701
5122,2.696415582941701
5123,2.696415582941701
5124,2.696415582941701
5125,2.696415582941701
5126,2.696415582941701
5127,2.696415582941701
5128,2.696415582941701
5129,2.696415582941701
5130,2.696415582941701
5131,2.696415582941701
5132,2.696415582941701
5133,2.696415582941701
5134,2.696415582941701
5135,2.696415582941701
5136,2.696415582941701
5137,2.696415582941701
5138,2.696415582941701
5139,2.696415582941701
5140,2.696415582941701
5141,2.696415582941701
5142,2.696415582941701
5143,2.696415582941701
5144,2.696415582941701
5145,2.696415582941701
5146,2.696415582941701
5147,2.696415582941701
5148,2.696415582941701
5149,2.696415582941701
5150,2.696415582941701
5151,2.696415582941701
5152,2.696415582941701
5153,2.696415582941701
5154,2.696415582941701
5155,2.696415582941701
5156,2.696415582941701
5157,2.696415582941701
5158,2.696415582941701
5159,2.696415582941701
5160,2.696415582941701
5161,2.696415582941701
5162,2.696415582941701
5163,2.696415582941701
5164,2.696415582941701
5165,2.696415582941701
5166,2.696415582941701
5167,2.696415582941701
5168,2.696415582941701
5169,2.696415582941701
5170,2.696415582941701
5171,2.696415582941701
5172,2.696415582941701
5173,2.696415582941701
5174,2.696415582941701
5175,2.696415582941701
5176,2.696415582941701
5177,2.696415582941701
5178,2.696415582941701
5179,2.696415582941701
5180,2.696415582941701
5181,2.696415582941701
5182,2.696415582941701
5183,2.696415582941701
5184,2.696415582941701
5185,2.696415582941701
5186,2.696415582941701
5187,2.696415582941701
5188,2.696415582941701
5189,2.696415582941701
5190,2.696415582941701
5191,2.696415582941701
5192,2.696415582941701
5193,2.696415582941701
5194,2.696415582941701
5195,2.696415582941701
5196,2.696415582941701
5197,2.696415582941701
5198,2.696415582941701
5199,2.696415582941701
5200,2.696415582941701
5201,2.696415582941701
5202,2.696415582941701
5203,2.696415582941701
5204,2.696415582941701
5205,2.696415582941701
5206,2.696415582941701
5207,2.696415582941701
5208,2.696415582941701
5209,2.696415582941701
5210,2.696415582941701
5211,2.696415582941701
5212,2.696415582941701
5213,2.696415582941701
5214,2.696415582941701
5215,2.696415582941701
5216,2.696415582941701
5217,2.696415582941701
5218,2.696415582941701
5219,2.696415582941701
5220,2.696415582941701
5221,2.696415582941701
5222,2.696415582941701
5223,2.696415582941701
5224,2.696415582941701
5225,2.696415582941701
5226,2.696415582941701
5227,2.696415582941701
5228,2.696415582941701
5229,2.696415582941701
5230,2.696415582941701
5231,2.696415582941701
5232,2.696415582941701
5233,2.696415582941701
5234,2.696415582941701
5235,2.696415582941701
5236,2.696415582941701
5237,2.696415582941701
5238,2.696415582941701
5239,2.696415582941701
5240,2.696415582941701
5241,2.696415582941701
5242,2.696415582941701
5243,2.696415582941701
5244,2.696415582941701
5245,2.696415582941701
5246,2.696415582941701
5247,2.696415582941701
5248,2.696415582941701
5249,2.696415582941701
5250,2.696415582941701
5251,2.696415582941701
5252,2.696415582941701
5253,2.696415582941701
5254,2.696415582941701
5255,2.696415582941701
5256,2.696415582941701
5257,2.696415582941701
5258,2.696415582941701
5259,2.696415582941701
5260,2.696415582941701
5261,2.696415582941701
5262,2.696415582941701
5263,2.696415582941701
5264,2.696415582941701
5265,2.696415582941701
5266,2.696415582941701
5267,2.696415582941701
5268,2.696415582941701
5269,2.696415582941701
5270,2.696415582941701
5271,2.696415582941701
5272,2.696415582941701
5273,2.696415582941701
5274,2.696415582941701
5275,2.696415582941701
5276,2.696415582941701
5277,2.696415582941701
5278,2.696415582941701
5279,2.696415582941701
5280,2.696415582941701
5281,2.696415582941701
5282,2.696415582941701
5283,2.696415582941701
5284,2.696415582941701
5285,2.696415582941701
5286,2.696415582941701
5287,2.696415582941701
5288,2.696415582941701
5289,2.696415582941701
5290,2.696415582941701
5291,2.696415582941701
5292,2.696415582941701
5293,2.696415582941701
5294,2.696415582941701
5295,2.696415582941701
5296,2.696415582941701
5297,2.696415582941701
5298,2.696415582941701
5299,2.696415582941701
5300,2.696415582941701
5301,2.696415582941701
5302,2.696415582941701
5303,2.696415582941701
5304,2.696415582941701
5305,2.696415582941701
5306,2.696415582941701
5307,2.696415582941701
5308,2.696415582941701
5309,2.696415582941701
5310,2.696415582941701
5311,2.696415582941701
5312,2.696415582941701
5313,2.696415582941701
5314,2.696415582941701
5315,2.696415582941701
5316,2.696415582941701
5317,2.696415582941701
5318,2.696415582941701
5319,2.696415582941701
5320,2.696415582941701
5321,2.696415582941701
5322,2.696415582941701
5323,2.696415582941701
5324,2.696415582941701
5325,2.696415582941701
5326,2.696415582941701
5327,2.696415582941701
5328,2.696415582941701
5329,2.696415582941701
5330,2.696415582941701
5331,2.696415582941701
5332,2.696415582941701
5333,2.696415582941701
5334,2.696415582941701
5335,2.696415582941701
5336,2.696415582941701
5337,2.696415582941701
5338,2.696415582941701
5339,2.696415582941701
5340,2.696415582941701
5341,2.696415582941701
5342,2.696415582941701
5343,2.696415582941701
5344,2.696415582941701
5345,2.696415582941701
5346,2.696415582941701
5347,2.696415582941701
5348,2.696415582941701
5349,2.696415582941701
5350,2.696415582941701
5351,2.696415582941701
5352,2.696415582941701
5353,2.696415582941701
5354,2.696415582941701
5355,2.696415582941701
5356,2.696415582941701
5357,2.696415582941701
5358,2.696415582941701
5359,2.696415582941701
5360,2.696415582941701
5361,2.696415582941701
5362,2.696415582941701
5363,2.696415582941701
5364,2.696415582941701
5365,2.696415582941701
5366,2.696415582941701
5367,2.696415582941701
5368,2.696415582941701
5369,2.696415582941701
5370,2.696415582941701
5371,2.696415582941701
5372,2.696415582941701
5373,2.696415582941701
5374,2.696415582941701
5375,2.696415582941701
5376,2.696415582941701
5377,2.696415582941701
5378,2.696415582941701
5379,2.696415582941701
5380,2.696415582941701
5381,2.696415582941701
5382,2.696415582941701
5383,2.696415582941701
5384,2.696415582941701
5385,2.696415582941701
5386,2.696415582941701
5387,2.696415582941701
5388,2.696415582941701
5389,2.696415582941701
5390,2.696415582941701
5391,2.696415582941701
5392,2.696415582941701
5393,2.696415582941701
5394,2.696415582941701
5395,2.696415582941701
5396,2.696415582941701
5397,2.696415582941701
5398,2.696415582941701
5399,2.696415582941701
5400,2.696415582941701
5401,2.696415582941701
5402,2.696415582941701
5403,2.696415582941701
5404,2.696415582941701
5405,2.696415582941701
5406,2.696415582941701
5407,2.696415582941701
5408,2.696415582941701
5409,2.696415582941701
5410,2.696415582941701
5411,2.696415582941701
5412,2.696415582941701
5413,2.696415582941701
5414,2.696415582941701
5415,2.696415582941701
5416,2.696415582941701
5417,2.696415582941701
5418,2.696415582941701
5419,2.696415582941701
5420,2.696415582941701
5421,2.696415582941701
5422,2.696415582941701
5423,2.696415582941701
5424,2.696415582941701
5425,2.696415582941701
5426,2.696415582941701
5427,2.696415582941701
5428,2.696415582941701
5429,2.696415582941701
5430,2.696415582941701
5431,2.696415582941701
5432,2.696415582941701
5433,2.696415582941701
5434,2.696415582941701
5435,2.696415582941701
5436,2.696415582941701
5437,2.696415582941701
5438,2.696415582941701
5439,2.696415582941701
5440,2.696415582941701
5441,2.696415582941701
5442,2.696415582941701
5443,2.696415582941701
5444,2.696415582941701
5445,2.696415582941701
5446,2.696415582941701
5447,2.696415582941701
5448,2.696415582941701
5449,2.696415582941701
5450,2.696415582941701
5451,2.696415582941701
5452,2.696415582941701
5453,2.696415582941701
5454,2.696415582941701
5455,2.696415582941701
5456,2.696415582941701
5457,2.696415582941701
5458,2.696415582941701
5459,2.696415582941701
5460,2.696415582941701
5461,2.696415582941701
5462,2.696415582941701
5463,2.696415582941701
5464,2.696415582941701
5465,2.696415582941701
5466,2.696415582941701
5467,2.696415582941701
5468,2.696415582941701
5469,2.696415582941701
5470,2.696415582941701
5471,2.696415582941701
5472,2.696415582941701
5473,2.696415582941701
5474,2.696415582941701
5475,2.696415582941701
5476,2.696415582941701
5477,2.696415582941701
5478,2.696415582941701
5479,2.696415582941701
5480,2.696415582941701
5481,2.696415582941701
5482,2.696415582941701
5483,2.696415582941701
5484,2.696415582941701
5485,2.696415582941701
5486,2.696415582941701
5487,2.696415582941701
5488,2.696415582941701
5489,2.696415582941701
5490,2.696415582941701
5491,2.696415582941701
5492,2.696415582941701
5493,2.696415582941701
5494,2.696415582941701
5495,2.696415582941701
5496,2.696415582941701
5497,2.696415582941701
5498,2.696415582941701
5499,2.696415582941701
5500,2.696415582941701
5501,2.696415582941701
5502,2.696415582941701
5503,2.696415582941701
5504,2.696415582941701
5505,2.696415582941701
5506,2.696415582941701
5507,2.696415582941701
5508,2.696415582941701
5509,2.696415582941701
5510,2.696415582941701
5511,2.696415582941701
5512,2.696415582941701
5513,2.696415582941701
5514,2.696415582941701
5515,2.696415582941701
5516,2.696415582941701
5517,2.696415582941701
5518,2.696415582941701
5519,2.696415582941701
5520,2.696415582941701
5521,2.696415582941701
5522,2.696415582941701
5523,2.696415582941701
5524,2.696415582941701
5525,2.696415582941701
5526,2.696415582941701
5527,2.696415582941701
5528,2.696415582941701
5529,2.696415582941701
5530,2.696415582941701
5531,2.696415582941701
5532,2.696415582941701
5533,2.696415582941701
5534,2.696415582941701
5535,2.696415582941701
5536,2.696415582941701
5537,2.696415582941701
5538,2.696415582941701
5539,2.696415582941701
5540,2.696415582941701
5541,2.696415582941701
5542,2.696415582941701
5543,2.696415582941701
5544,2.696415582941701
5545,2.696415582941701
5546,2.696415582941701
5547,2.696415582941701
5548,2.696415582941701
5549,2.696415582941701
5550,2.696415582941701
5551,2.696415582941701
5552,2.696415582941701
5553,2.696415582941701
5554,2.696415582941701
5555,2.696415582941701
5556,2.696415582941701
5557,2.696415582941701
5558,2.696415582941701
5559,2.696415582941701
5560,2.696415582941701
5561,2.696415582941701
5562,2.696415582941701
5563,2.696415582941701
5564,2.696415582941701
5565,2.696415582941701
5566,2.696415582941701
5567,2.696415582941701
5568,2.696415582941701
5569,2.696415582941701
5570,2.696415582941701
5571,2.696415582941701
5572,2.696415582941701
5573,2.696415582941701
5574,2.696415582941701
5575,2.696415582941701
5576,2.696415582941701
5577,2.696415582941701
5578,2.696415582941701
5579,2.696415582941701
5580,2.696415582941701
5581,2.696415582941701
5582,2.696415582941701
5583,2.696415582941701
5584,2.696415582941701
5585,2.696415582941701
5586,2.696415582941701
5587,2.696415582941701
5588,2.696415582941701
5589,2.696415582941701
5590,2.696415582941701
5591,2.696415582941701
5592,2.696415582941701
5593,2.696415582941701
5594,2.696415582941701
5595,2.696415582941701
5596,2.696415582941701
5597,2.696415582941701
5598,2.696415582941701
5599,2.696415582941701
5600,2.696415582941701
5601,2.696415582941701
5602,2.696415582941701
5603,2.696415582941701
5604,2.696415582941701
5605,2.696415582941701
5606,2.696415582941701
5607,2.696415582941701
5608,2.696415582941701
5609,2.696415582941701
5610,2.696415582941701
5611,2.696415582941701
5612,2.696415582941701
5613,2.696415582941701
5614,2.696415582941701
5615,2.696415582941701
5616,2.696415582941701
5617,2.696415582941701
5618,2.696415582941701
5619,2.696415582941701
5620,2.696415582941701
5621,2.696415582941701
5622,2.696415582941701
5623,2.696415582941701
5624,2.696415582941701
5625,2.696415582941701
5626,2.696415582941701
5627,2.696415582941701
5628,2.696415582941701
5629,2.696415582941701
5630,2.696415582941701
5631,2.696415582941701
5632,2.696415582941701
5633,2.696415582941701
5634,2.696415582941701
5635,2.696415582941701
5636,2.696415582941701
5637,2.696415582941701
5638,2.696415582941701
5639,2.696415582941701
5640,2.696415582941701
5641,2.696415582941701
5642,2.696415582941701
5643,2.696415582941701
5644,2.696415582941701
5645,2.696415582941701
5646,2.696415582941701
5647,2.696415582941701
5648,2.696415582941701
5649,2.696415582941701
5650,2.696415582941701
5651,2.696415582941701
5652,2.696415582941701
5653,2.696415582941701
5654,2.696415582941701
5655,2.696415582941701
5656,2.696415582941701
5657,2.696415582941701
5658,2.696415582941701
5659,2.696415582941701
5660,2.696415582941701
5661,2.696415582941701
5662,2.696415582941701
5663,2.696415582941701
5664,2.696415582941701
5665,2.696415582941701
5666,2.696415582941701
5667,2.696415582941701
5668,2.696415582941701
5669,2.696415582941701
5670,2.696415582941701
5671,2.696415582941701
5672,2.696415582941701
5673,2.696415582941701
5674,2.696415582941701
5675,2.696415582941701
5676,2.696415582941701
5677,2.696415582941701
5678,2.696415582941701
5679,2.696415582941701
5680,2.696415582941701
5681,2.696415582941701
5682,2.696415582941701
5683,2.696415582941701
5684,2.696415582941701
5685,2.696415582941701
5686,2.696415582941701
5687,2.696415582941701
5688,2.696415582941701
5689,2.696415582941701
5690,2.696415582941701
5691,2.696415582941701
5692,2.696415582941701
5693,2.696415582941701
5694,2.696415582941701
5695,2.696415582941701
5696,2.696415582941701
5697,2.696415582941701
5698,2.696415582941701
5699,2.696415582941701
5700,2.696415582941701
5701,2.696415582941701
5702,2.696415582941701
5703,2.696415582941701
5704,2.696415582941701
5705,2.696415582941701
5706,2.696415582941701
5707,2.696415582941701
5708,2.696415582941701
5709,2.696415582941701
5710,2.696415582941701
5711,2.696415582941701
5712,2.696415582941701
5713,2.696415582941701
5714,2.696415582941701
5715,2.696415582941701
5716,2.696415582941701
5717,2.696415582941701
5718,2.696415582941701
5719,2.696415582941701
5720,2.696415582941701
5721,2.696415582941701
5722,2.696415582941701
5723,2.696415582941701
5724,2.696415582941701
5725,2.696415582941701
5726,2.696415582941701
5727,2.696415582941701
5728,2.696415582941701
5729,2.696415582941701
5730,2.696415582941701
5731,2.696415582941701
5732,2.696415582941701
5733,2.696415582941701
5734,2.696415582941701
5735,2.696415582941701
5736,2.696415582941701
5737,2.696415582941701
5738,2.696415582941701
5739,2.696415582941701
5740,2.696415582941701
5741,2.696415582941701
5742,2.696415582941701
5743,2.696415582941701
5744,2.696415582941701
5745,2.696415582941701
5746,2.696415582941701
5747,2.696415582941701
5748,2.696415582941701
5749,2.696415582941701
5750,2.696415582941701
5751,2.696415582941701
5752,2.696415582941701
5753,2.696415582941701
5754,2.696415582941701
5755,2.696415582941701
5756,2.696415582941701
5757,2.696415582941701
5758,2.696415582941701
5759,2.696415582941701
5760,2.696415582941701
5761,2.696415582941701
5762,2.696415582941701
5763,2.696415582941701
5764,2.696415582941701
5765,2.696415582941701
5766,2.696415582941701
5767,2.696415582941701
5768,2.696415582941701
5769,2.696415582941701
5770,2.696415582941701
5771,2.696415582941701
5772,2.696415582941701
5773,2.696415582941701
5774,2.696415582941701
5775,2.696415582941701
5776,2.696415582941701
5777,2.696415582941701
5778,2.696415582941701
5779,2.696415582941701
5780,2.696415582941701
5781,2.696415582941701
5782,2.696415582941701
5783,2.696415582941701
5784,2.696415582941701
5785,2.696415582941701
5786,2.696415582941701
5787,2.696415582941701
5788,2.696415582941701
5789,2.696415582941701
5790,2.696415582941701
5791,2.696415582941701
5792,2.696415582941701
5793,2.696415582941701
5794,2.696415582941701
5795,2.696415582941701
5796,2.696415582941701
5797,2.696415582941701
5798,2.696415582941701
5799,2.696415582941701
5800,2.696415582941701
5801,2.696415582941701
5802,2.696415582941701
5803,2.696415582941701
5804,2.696415582941701
5805,2.696415582941701
5806,2.696415582941701
5807,2.696415582941701
5808,2.696415582941701
5809,2.696415582941701
5810,2.696415582941701
5811,2.696415582941701
5812,2.696415582941701
5813,2.696415582941701
5814,2.696415582941701
5815,2.696415582941701
5816,2.696415582941701
5817,2.696415582941701
5818,2.696415582941701
5819,2.696415582941701
5820,2.696415582941701
5821,2.696415582941701
5822,2.696415582941701
5823,2.696415582941701
5824,2.696415582941701
5825,2.696415582941701
5826,2.696415582941701
5827,2.696415582941701
5828,2.696415582941701
5829,2.696415582941701
5830,2.696415582941701
5831,2.696415582941701
5832,2.696415582941701
5833,2.696415582941701
5834,2.696415582941701
5835,2.696415582941701
5836,2.696415582941701
5837,2.696415582941701
5838,2.696415582941701
5839,2.696415582941701
5840,2.696415582941701
5841,2.696415582941701
5842,2.696415582941701
5843,2.696415582941701
5844,2.696415582941701
5845,2.696415582941701
5846,2.696415582941701
5847,2.696415582941701
5848,2.696415582941701
5849,2.696415582941701
5850,2.696415582941701
5851,2.696415582941701
5852,2.696415582941701
5853,2.696415582941701
5854,2.696415582941701
5855,2.696415582941701
5856,2.696415582941701
5857,2.696415582941701
5858,2.696415582941701
5859,2.696415582941701
5860,2.696415582941701
5861,2.696415582941701
5862,2.696415582941701
5863,2.696415582941701
5864,2.696415582941701
5865,2.696415582941701
5866,2.696415582941701
5867,2.696415582941701
5868,2.696415582941701
5869,2.696415582941701
5870,2.696415582941701
5871,2.696415582941701
5872,2.696415582941701
5873,2.696415582941701
5874,2.696415582941701
5875,2.696415582941701
5876,2.696415582941701
5877,2.696415582941701
5878,2.696415582941701
5879,2.696415582941701
5880,2.696415582941701
5881,2.696415582941701
5882,2.696415582941701
5883,2.696415582941701
5884,2.696415582941701
5885,2.696415582941701
5886,2.696415582941701
5887,2.696415582941701
5888,2.696415582941701
5889,2.696415582941701
5890,2.696415582941701
5891,2.696415582941701
5892,2.696415582941701
5893,2.696415582941701
5894,2.696415582941701
5895,2.696415582941701
5896,2.696415582941701
5897,2.696415582941701
5898,2.696415582941701
5899,2.696415582941701
5900,2.696415582941701
5901,2.696415582941701
5902,2.696415582941701
5903,2.696415582941701
5904,2.696415582941701
5905,2.696415582941701
5906,2.696415582941701
5907,2.696415582941701
5908,2.696415582941701
5909,2.696415582941701
5910,2.696415582941701
5911,2.696415582941701
5912,2.696415582941701
5913,2.696415582941701
5914,2.696415582941701
5915,2.696415582941701
5916,2.696415582941701
5917,2.696415582941701
5918,2.696415582941701
5919,2.696415582941701
5920,2.696415582941701
5921,2.696415582941701
5922,2.696415582941701
5923,2.696415582941701
5924,2.696415582941701
5925,2.696415582941701
5926,2.696415582941701
5927,2.696415582941701
5928,2.696415582941701
5929,2.696415582941701
5930,2.696415582941701
5931,2.696415582941701
5932,2.696415582941701
5933,2.696415582941701
5934,2.696415582941701
5935,2.696415582941701
5936,2.696415582941701
5937,2.696415582941701
5938,2.696415582941701
5939,2.696415582941701
5940,2.696415582941701
5941,2.696415582941701
5942,2.696415582941701
5943,2.696415582941701
5944,2.696415582941701
5945,2.696415582941701
5946,2.696415582941701
5947,2.696415582941701
5948,2.696415582941701
5949,2.696415582941701
5950,2.696415582941701
5951,2.696415582941701
5952,2.696415582941701
5953,2.696415582941701
5954,2.696415582941701
5955,2.696415582941701
5956,2.696415582941701
5957,2.696415582941701
5958,2.696415582941701
5959,2.696415582941701
5960,2.696415582941701
5961,2.696415582941701
5962,2.696415582941701
5963,2.696415582941701
5964,2.696415582941701
5965,2.696415582941701
5966,2.696415582941701
5967,2.696415582941701
5968,2.696415582941701
5969,2.696415582941701
5970,2.696415582941701
5971,2.696415582941701
5972,2.696415582941701
5973,2.696415582941701
5974,2.696415582941701
5975,2.696415582941701
5976,2.696415582941701
5977,2.696415582941701
5978,2.696415582941701
5979,2.696415582941701
5980,2.696415582941701
5981,2.696415582941701
5982,2.696415582941701
5983,2.696415582941701
5984,2.696415582941701
5985,2.696415582941701
5986,2.696415582941701
5987,2.696415582941701
5988,2.696415582941701
5989,2.696415582941701
5990,2.696415582941701
5991,2.696415582941701
5992,2.696415582941701
5993,2.696415582941701
5994,2.696415582941701
5995,2.696415582941701
5996,2.696415582941701
5997,2.696415582941701
5998,2.696415582941701
5999,2.696415582941701
6000,2.696415582941701
6001,2.696415582941701
6002,2.696415582941701
6003,2.696415582941701
6004,2.696415582941701
6005,2.696415582941701
6006,2.696415582941701
6007,2.696415582941701
6008,2.696415582941701
6009,2.696415582941701
6010,2.696415582941701
6011,2.696415582941701
6012,2.696415582941701
6013,2.696415582941701
6014,2.696415582941701
6015,2.696415582941701
6016,2.696415582941701
6017,2.696415582941701
6018,2.696415582941701
6019,2.696415582941701
6020,2.696415582941701
6021,2.696415582941701
6022,2.696415582941701
6023,2.696415582941701
6024,2.696415582941701
6025,2.696415582941701
6026,2.696415582941701
6027,2.696415582941701
6028,2.696415582941701
6029,2.696415582941701
6030,2.696415582941701
6031,2.696415582941701
6032,2.696415582941701
6033,2.696415582941701
6034,2.696415582941701
6035,2.696415582941701
6036,2.696415582941701
6037,2.696415582941701
6038,2.696415582941701
6039,2.696415582941701
6040,2.696415582941701
6041,2.696415582941701
6042,2.696415582941701
6043,2.696415582941701
6044,2.696415582941701
6045,2.696415582941701
6046,2.696415582941701
6047,2.696415582941701
6048,2.696415582941701
6049,2.696415582941701
6050,2.696415582941701
6051,2.696415582941701
6052,2.696415582941701
6053,2.696415582941701
6054,2.696415582941701
6055,2.696415582941701
6056,2.696415582941701
6057,2.696415582941701
6058,2.696415582941701
6059,2.696415582941701
6060,2.696415582941701
6061,2.696415582941701
6062,2.696415582941701
6063,2.696415582941701
6064,2.696415582941701
6065,2.696415582941701
6066,2.696415582941701
6067,2.696415582941701
6068,2.696415582941701
6069,2.696415582941701
6070,2.696415582941701
6071,2.696415582941701
6072,2.696415582941701
6073,2.696415582941701
6074,2.696415582941701
6075,2.696415582941701
6076,2.696415582941701
6077,2.696415582941701
6078,2.696415582941701
6079,2.696415582941701
6080,2.696415582941701
6081,2.696415582941701
6082,2.696415582941701
6083,2.696415582941701
6084,2.696415582941701
6085,2.696415582941701
6086,2.696415582941701
6087,2.696415582941701
6088,2.696415582941701
6089,2.696415582941701
6090,2.696415582941701
6091,2.696415582941701
6092,2.696415582941701
6093,2.696415582941701
6094,2.696415582941701
6095,2.696415582941701
6096,2.696415582941701
6097,2.696415582941701
6098,2.696415582941701
6099,2.696415582941701
6100,2.696415582941701
6101,2.696415582941701
6102,2.696415582941701
6103,2.696415582941701
6104,2.696415582941701
6105,2.696415582941701
6106,2.696415582941701
6107,2.696415582941701
6108,2.696415582941701
6109,2.696415582941701
6110,2.696415582941701
6111,2.696415582941701
6112,2.696415582941701
6113,2.696415582941701
6114,2.696415582941701
6115,2.696415582941701
6116,2.696415582941701
6117,2.696415582941701
6118,2.696415582941701
6119,2.696415582941701
6120,2.696415582941701
6121,2.696415582941701
6122,2.696415582941701
6123,2.696415582941701
6124,2.696415582941701
6125,2.696415582941701
6126,2.696415582941701
6127,2.696415582941701
6128,2.696415582941701
6129,2.696415582941701
6130,2.696415582941701
6131,2.696415582941701
6132,2.696415582941701
6133,2.696415582941701
6134,2.696415582941701
6135,2.696415582941701
6136,2.696415582941701
6137,2.696415582941701
6138,2.696415582941701
6139,2.696415582941701
6140,2.696415582941701
6141,2.696415582941701
6142,2.696415582941701
6143,2.696415582941701
6144,2.696415582941701
6145,2.696415582941701
6146,2.696415582941701
6147,2.696415582941701
6148,2.696415582941701
6149,2.696415582941701
6150,2.696415582941701
6151,2.696415582941701
6152,2.696415582941701
6153,2.696415582941701
6154,2.696415582941701
6155,2.696415582941701
6156,2.696415582941701
6157,2.696415582941701
6158,2.696415582941701
6159,2.696415582941701
6160,2.696415582941701
6161,2.696415582941701
6162,2.696415582941701
6163,2.696415582941701
6164,2.696415582941701
6165,2.696415582941701
6166,2.696415582941701
6167,2.696415582941701
6168,2.696415582941701
6169,2.696415582941701
6170,2.696415582941701
6171,2.696415582941701
6172,2.696415582941701
6173,2.696415582941701
6174,2.696415582941701
6175,2.696415582941701
6176,2.696415582941701
6177,2.696415582941701
6178,2.696415582941701
6179,2.696415582941701
6180,2.696415582941701
6181,2.696415582941701
6182,2.696415582941701
6183,2.696415582941701
6184,2.696415582941701
6185,2.696415582941701
6186,2.696415582941701
6187,2.696415582941701
6188,2.696415582941701
6189,2.696415582941701
6190,2.696415582941701
6191,2.696415582941701
6192,2.696415582941701
6193,2.696415582941701
6194,2.696415582941701
6195,2.696415582941701
6196,2.696415582941701
6197,2.696415582941701
6198,2.696415582941701
6199,2.696415582941701
6200,2.696415582941701
6201,2.696415582941701
6202,2.696415582941701
6203,2.696415582941701
6204,2.696415582941701
6205,2.696415582941701
6206,2.696415582941701
6207,2.696415582941701
6208,2.696415582941701
6209,2.696415582941701
6210,2.696415582941701
6211,2.696415582941701
6212,2.696415582941701
6213,2.696415582941701
6214,2.696415582941701
6215,2.696415582941701
6216,2.696415582941701
6217,2.696415582941701
6218,2.696415582941701
6219,2.696415582941701
6220,2.696415582941701
6221,2.696415582941701
6222,2.696415582941701
6223,2.696415582941701
6224,2.696415582941701
6225,2.696415582941701
6226,2.696415582941701
6227,2.696415582941701
6228,2.696415582941701
6229,2.696415582941701
6230,2.696415582941701
6231,2.696415582941701
6232,2.696415582941701
6233,2.696415582941701
6234,2.696415582941701
6235,2.696415582941701
6236,2.696415582941701
6237,2.696415582941701
6238,2.696415582941701
6239,2.696415582941701
6240,2.696415582941701
6241,2.696415582941701
6242,2.696415582941701
6243,2.696415582941701
6244,2.696415582941701
6245,2.696415582941701
6246,2.696415582941701
6247,2.696415582941701
6248,2.696415582941701
6249,2.696415582941701
6250,2.696415582941701
6251,2.696415582941701
6252,2.696415582941701
6253,2.696415582941701
6254,2.696415582941701
6255,2.696415582941701
6256,2.696415582941701
6257,2.696415582941701
6258,2.696415582941701
6259,2.696415582941701
6260,2.696415582941701
6261,2.696415582941701
6262,2.696415582941701
6263,2.696415582941701
6264,2.696415582941701
6265,2.696415582941701
6266,2.696415582941701
6267,2.696415582941701
6268,2.696415582941701
6269,2.696415582941701
6270,2.696415582941701
6271,2.696415582941701
6272,2.696415582941701
6273,2.696415582941701
6274,2.696415582941701
6275,2.696415582941701
6276,2.696415582941701
6277,2.696415582941701
6278,2.696415582941701
6279,2.696415582941701
6280,2.696415582941701
6281,2.696415582941701
6282,2.696415582941701
6283,2.696415582941701
6284,2.696415582941701
6285,2.696415582941701
6286,2.696415582941701
6287,2.696415582941701
6288,2.696415582941701
6289,2.696415582941701
6290,2.696415582941701
6291,2.696415582941701
6292,2.696415582941701
6293,2.696415582941701
6294,2.696415582941701
6295,2.696415582941701
6296,2.696415582941701
6297,2.696415582941701
6298,2.696415582941701
6299,2.696415582941701
6300,2.696415582941701
6301,2.696415582941701
6302,2.696415582941701
6303,2.696415582941701
6304,2.696415582941701
6305,2.696415582941701
6306,2.696415582941701
6307,2.696415582941701
6308,2.696415582941701
6309,2.696415582941701
6310,2.696415582941701
6311,2.696415582941701
6312,2.696415582941701
6313,2.696415582941701
6314,2.696415582941701
6315,2.696415582941701
6316,2.696415582941701
6317,2.696415582941701
6318,2.696415582941701
6319,2.696415582941701
6320,2.696415582941701
6321,2.696415582941701
6322,2.696415582941701
6323,2.696415582941701
6324,2.696415582941701
6325,2.696415582941701
6326,2.696415582941701
6327,2.696415582941701
6328,2.696415582941701
6329,2.696415582941701
6330,2.696415582941701
6331,2.696415582941701
6332,2.696415582941701
6333,2.696415582941701
6334,2.696415582941701
6335,2.696415582941701
6336,2.696415582941701
6337,2.696415582941701
6338,2.696415582941701
6339,2.696415582941701
6340,2.696415582941701
6341,2.696415582941701
6342,2.696415582941701
6343,2.696415582941701
6344,2.696415582941701
6345,2.696415582941701
6346,2.696415582941701
6347,2.696415582941701
6348,2.696415582941701
6349,2.696415582941701
6350,2.696415582941701
6351,2.696415582941701
6352,2.696415582941701
6353,2.696415582941701
6354,2.696415582941701
6355,2.696415582941701
6356,2.696415582941701
6357,2.696415582941701
6358,2.696415582941701
6359,2.696415582941701
6360,2.696415582941701
6361,2.696415582941701
6362,2.696415582941701
6363,2.696415582941701
6364,2.696415582941701
6365,2.696415582941701
6366,2.696415582941701
6367,2.696415582941701
6368,2.696415582941701
6369,2.696415582941701
6370,2.696415582941701
6371,2.696415582941701
6372,2.696415582941701
6373,2.696415582941701
6374,2.696415582941701
6375,2.696415582941701
6376,2.696415582941701
6377,2.696415582941701
6378,2.696415582941701
6379,2.696415582941701
6380,2.696415582941701
6381,2.696415582941701
6382,2.696415582941701
6383,2.696415582941701
6384,2.696415582941701
6385,2.696415582941701
6386,2.696415582941701
6387,2.696415582941701
6388,2.696415582941701
6389,2.696415582941701
6390,2.696415582941701
6391,2.696415582941701
6392,2.696415582941701
6393,2.696415582941701
6394,2.696415582941701
6395,2.696415582941701
6396,2.696415582941701
6397,2.696415582941701
6398,2.696415582941701
6399,2.696415582941701
6400,2.696415582941701
6401,2.696415582941701
6402,2.696415582941701
6403,2.696415582941701
6404,2.696415582941701
6405,2.696415582941701
6406,2.696415582941701
6407,2.696415582941701
6408,2.696415582941701
6409,2.696415582941701
6410,2.696415582941701
6411,2.696415582941701
6412,2.696415582941701
6413,2.696415582941701
6414,2.696415582941701
6415,2.696415582941701
6416,2.696415582941701
6417,2.696415582941701
6418,2.696415582941701
6419,2.696415582941701
6420,2.696415582941701
6421,2.696415582941701
6422,2.696415582941701
6423,2.696415582941701
6424,2.696415582941701
6425,2.696415582941701
6426,2.696415582941701
6427,2.696415582941701
6428,2.696415582941701
6429,2.696415582941701
6430,2.696415582941701
6431,2.696415582941701
6432,2.696415582941701
6433,2.696415582941701
6434,2.696415582941701
6435,2.696415582941701
6436,2.696415582941701
6437,2.696415582941701
6438,2.696415582941701
6439,2.696415582941701
6440,2.696415582941701
6441,2.696415582941701
6442,2.696415582941701
6443,2.696415582941701
6444,2.696415582941701
6445,2.696415582941701
6446,2.696415582941701
6447,2.696415582941701
6448,2.696415582941701
6449,2.696415582941701
6450,2.696415582941701
6451,2.696415582941701
6452,2.696415582941701
6453,2.696415582941701
6454,2.696415582941701
6455,2.696415582941701
6456,2.696415582941701
6457,2.696415582941701
6458,2.696415582941701
6459,2.696415582941701
6460,2.696415582941701
6461,2.696415582941701
6462,2.696415582941701
6463,2.696415582941701
6464,2.696415582941701
6465,2.696415582941701
6466,2.696415582941701
6467,2.696415582941701
6468,2.696415582941701
6469,2.696415582941701
6470,2.696415582941701
6471,2.696415582941701
6472,2.696415582941701
6473,2.696415582941701
6474,2.696415582941701
6475,2.696415582941701
6476,2.696415582941701
6477,2.696415582941701
6478,2.696415582941701
6479,2.696415582941701
6480,2.696415582941701
6481,2.696415582941701
6482,2.696415582941701
6483,2.696415582941701
6484,2.696415582941701
6485,2.696415582941701
6486,2.696415582941701
6487,2.696415582941701
6488,2.696415582941701
6489,2.696415582941701
6490,2.696415582941701
6491,2.696415582941701
6492,2.696415582941701
6493,2.696415582941701
6494,2.696415582941701
6495,2.696415582941701
6496,2.696415582941701
6497,2.696415582941701
6498,2.696415582941701
6499,2.696415582941701
6500,2.696415582941701
6501,2.696415582941701
6502,2.696415582941701
6503,2.696415582941701
6504,2.696415582941701
6505,2.696415582941701
6506,2.696415582941701
6507,2.696415582941701
6508,2.696415582941701
6509,2.696415582941701
6510,2.696415582941701
6511,2.696415582941701
6512,2.696415582941701
6513,2.696415582941701
6514,2.696415582941701
6515,2.696415582941701
6516,2.696415582941701
6517,2.696415582941701
6518,2.696415582941701
6519,2.696415582941701
6520,2.696415582941701
6521,2.696415582941701
6522,2.696415582941701
6523,2.696415582941701
6524,2.696415582941701
6525,2.696415582941701
6526,2.696415582941701
6527,2.696415582941701
6528,2.696415582941701
6529,2.696415582941701
6530,2.696415582941701
6531,2.696415582941701
6532,2.696415582941701
6533,2.696415582941701
6534,2.696415582941701
6535,2.696415582941701
6536,2.696415582941701
6537,2.696415582941701
6538,2.696415582941701
6539,2.696415582941701
6540,2.696415582941701
6541,2.696415582941701
6542,2.696415582941701
6543,2.696415582941701
6544,2.696415582941701
6545,2.696415582941701
6546,2.696415582941701
6547,2.696415582941701
6548,2.696415582941701
6549,2.696415582941701
6550,2.696415582941701
6551,2.696415582941701
6552,2.696415582941701
6553,2.696415582941701
6554,2.696415582941701
6555,2.696415582941701
6556,2.696415582941701
6557,2.696415582941701
6558,2.696415582941701
6559,2.696415582941701
6560,2.696415582941701
6561,2.696415582941701
6562,2.696415582941701
6563,2.696415582941701
6564,2.696415582941701
6565,2.696415582941701
6566,2.696415582941701
6567,2.696415582941701
6568,2.696415582941701
6569,2.696415582941701
6570,2.696415582941701
6571,2.696415582941701
6572,2.696415582941701
6573,2.696415582941701
6574,2.696415582941701
6575,2.696415582941701
6576,2.696415582941701
6577,2.696415582941701
6578,2.696415582941701
6579,2.696415582941701
6580,2.696415582941701
6581,2.696415582941701
6582,2.696415582941701
6583,2.696415582941701
6584,2.696415582941701
6585,2.696415582941701
6586,2.696415582941701
6587,2.696415582941701
6588,2.696415582941701
6589,2.696415582941701
6590,2.696415582941701
6591,2.696415582941701
6592,2.696415582941701
6593,2.696415582941701
6594,2.696415582941701
6595,2.696415582941701
6596,2.696415582941701
6597,2.696415582941701
6598,2.696415582941701
6599,2.696415582941701
6600,2.696415582941701
6601,2.696415582941701
6602,2.696415582941701
6603,2.696415582941701
6604,2.696415582941701
6605,2.696415582941701
6606,2.696415582941701
6607,2.696415582941701
6608,2.696415582941701
6609,2.696415582941701
6610,2.696415582941701
6611,2.696415582941701
6612,2.696415582941701
6613,2.696415582941701
6614,2.696415582941701
6615,2.696415582941701
6616,2.696415582941701
6617,2.696415582941701
6618,2.696415582941701
6619,2.696415582941701
6620,2.696415582941701
6621,2.696415582941701
6622,2.696415582941701
6623,2.696415582941701
6624,2.696415582941701
6625,2.696415582941701
6626,2.696415582941701
6627,2.696415582941701
6628,2.696415582941701
6629,2.696415582941701
6630,2.696415582941701
6631,2.696415582941701
6632,2.696415582941701
6633,2.696415582941701
6634,2.696415582941701
6635,2.696415582941701
6636,2.696415582941701
6637,2.696415582941701
6638,2.696415582941701
6639,2.696415582941701
6640,2.696415582941701
6641,2.696415582941701
6642,2.696415582941701
6643,2.696415582941701
6644,2.696415582941701
6645,2.696415582941701
6646,2.696415582941701
6647,2.696415582941701
6648,2.696415582941701
6649,2.696415582941701
6650,2.696415582941701
6651,2.696415582941701
6652,2.696415582941701
6653,2.696415582941701
6654,2.696415582941701
6655,2.696415582941701
6656,2.696415582941701
6657,2.696415582941701
6658,2.696415582941701
6659,2.696415582941701
6660,2.696415582941701
6661,2.696415582941701
6662,2.696415582941701
6663,2.696415582941701
6664,2.696415582941701
6665,2.696415582941701
6666,2.696415582941701
6667,2.696415582941701
6668,2.696415582941701
6669,2.696415582941701
6670,2.696415582941701
6671,2.696415582941701
6672,2.696415582941701
6673,2.696415582941701
6674,2.696415582941701
6675,2.696415582941701
6676,2.696415582941701
6677,2.696415582941701
6678,2.696415582941701
6679,2.696415582941701
6680,2.696415582941701
6681,2.696415582941701
6682,2.696415582941701
6683,2.696415582941701
6684,2.696415582941701
6685,2.696415582941701
6686,2.696415582941701
6687,2.696415582941701
6688,2.696415582941701
6689,2.696415582941701
6690,2.696415582941701
6691,2.696415582941701
6692,2.696415582941701
6693,2.696415582941701
6694,2.696415582941701
6695,2.696415582941701
6696,2.696415582941701
6697,2.696415582941701
6698,2.696415582941701
6699,2.696415582941701
6700,2.696415582941701
6701,2.696415582941701
6702,2.696415582941701
6703,2.696415582941701
6704,2.696415582941701
6705,2.696415582941701
6706,2.696415582941701
6707,2.696415582941701
6708,2.696415582941701
6709,2.696415582941701
6710,2.696415582941701
6711,2.696415582941701
6712,2.696415582941701
6713,2.696415582941701
6714,2.696415582941701
6715,2.696415582941701
6716,2.696415582941701
6717,2.696415582941701
6718,2.696415582941701
6719,2.696415582941701
6720,2.696415582941701
6721,2.696415582941701
6722,2.696415582941701
6723,2.696415582941701
6724,2.696415582941701
6725,2.696415582941701
6726,2.696415582941701
6727,2.696415582941701
6728,2.696415582941701
6729,2.696415582941701
6730,2.696415582941701
6731,2.696415582941701
6732,2.696415582941701
6733,2.696415582941701
6734,2.696415582941701
6735,2.696415582941701
6736,2.696415582941701
6737,2.696415582941701
6738,2.696415582941701
6739,2.696415582941701
6740,2.696415582941701
6741,2.696415582941701
6742,2.696415582941701
6743,2.696415582941701
6744,2.696415582941701
6745,2.696415582941701
6746,2.696415582941701
6747,2.696415582941701
6748,2.696415582941701
6749,2.696415582941701
6750,2.696415582941701
6751,2.696415582941701
6752,2.696415582941701
6753,2.696415582941701
6754,2.696415582941701
6755,2.696415582941701
6756,2.696415582941701
6757,2.696415582941701
6758,2.696415582941701
6759,2.696415582941701
6760,2.696415582941701
6761,2.696415582941701
6762,2.696415582941701
6763,2.696415582941701
6764,2.696415582941701
6765,2.696415582941701
6766,2.696415582941701
6767,2.696415582941701
6768,2.696415582941701
6769,2.696415582941701
6770,2.696415582941701
6771,2.696415582941701
6772,2.696415582941701
6773,2.696415582941701
6774,2.696415582941701
6775,2.696415582941701
6776,2.696415582941701
6777,2.696415582941701
6778,2.696415582941701
6779,2.696415582941701
6780,2.696415582941701
6781,2.696415582941701
6782,2.696415582941701
6783,2.696415582941701
6784,2.696415582941701
6785,2.696415582941701
6786,2.696415582941701
6787,2.696415582941701
6788,2.696415582941701
6789,2.696415582941701
6790,2.696415582941701
6791,2.696415582941701
6792,2.696415582941701
6793,2.696415582941701
6794,2.696415582941701
6795,2.696415582941701
6796,2.696415582941701
6797,2.696415582941701
6798,2.696415582941701
6799,2.696415582941701
6800,2.696415582941701
6801,2.696415582941701
6802,2.696415582941701
6803,2.696415582941701
6804,2.696415582941701
6805,2.696415582941701
6806,2.696415582941701
6807,2.696415582941701
6808,2.696415582941701
6809,2.696415582941701
6810,2.696415582941701
6811,2.696415582941701
6812,2.696415582941701
6813,2.696415582941701
6814,2.696415582941701
6815,2.696415582941701
6816,2.696415582941701
6817,2.696415582941701
6818,2.696415582941701
6819,2.696415582941701
6820,2.696415582941701
6821,2.696415582941701
6822,2.696415582941701
6823,2.696415582941701
6824,2.696415582941701
6825,2.696415582941701
6826,2.696415582941701
6827,2.696415582941701
6828,2.696415582941701
6829,2.696415582941701
6830,2.696415582941701
6831,2.696415582941701
6832,2.696415582941701
6833,2.696415582941701
6834,2.696415582941701
6835,2.696415582941701
6836,2.696415582941701
6837,2.696415582941701
6838,2.696415582941701
6839,2.696415582941701
6840,2.696415582941701
6841,2.696415582941701
6842,2.696415582941701
6843,2.696415582941701
6844,2.696415582941701
6845,2.696415582941701
6846,2.696415582941701
6847,2.696415582941701
6848,2.696415582941701
6849,2.696415582941701
6850,2.696415582941701
6851,2.696415582941701
6852,2.696415582941701
6853,2.696415582941701
6854,2.696415582941701
6855,2.696415582941701
6856,2.696415582941701
6857,2.696415582941701
6858,2.696415582941701
6859,2.696415582941701
6860,2.696415582941701
6861,2.696415582941701
6862,2.696415582941701
6863,2.696415582941701
6864,2.696415582941701
6865,2.696415582941701
6866,2.696415582941701
6867,2.696415582941701
6868,2.696415582941701
6869,2.696415582941701
6870,2.696415582941701
6871,2.696415582941701
6872,2.696415582941701
6873,2.696415582941701
6874,2.696415582941701
6875,2.696415582941701
6876,2.696415582941701
6877,2.696415582941701
6878,2.696415582941701
6879,2.696415582941701
6880,2.696415582941701
6881,2.696415582941701
6882,2.696415582941701
6883,2.696415582941701
6884,2.696415582941701
6885,2.696415582941701
6886,2.696415582941701
6887,2.696415582941701
6888,2.696415582941701
6889,2.696415582941701
6890,2.696415582941701
6891,2.696415582941701
6892,2.696415582941701
6893,2.696415582941701
6894,2.696415582941701
6895,2.696415582941701
6896,2.696415582941701
6897,2.696415582941701
6898,2.696415582941701
6899,2.696415582941701
6900,2.696415582941701
6901,2.696415582941701
6902,2.696415582941701
6903,2.696415582941701
6904,2.696415582941701
6905,2.696415582941701
6906,2.696415582941701
6907,2.696415582941701
6908,2.696415582941701
6909,2.696415582941701
6910,2.696415582941701
6911,2.696415582941701
6912,2.696415582941701
6913,2.696415582941701
6914,2.696415582941701
6915,2.696415582941701
6916,2.696415582941701
6917,2.696415582941701
6918,2.696415582941701
6919,2.696415582941701
6920,2.696415582941701
6921,2.696415582941701
6922,2.696415582941701
6923,2.696415582941701
6924,2.696415582941701
6925,2.696415582941701
6926,2.696415582941701
6927,2.696415582941701
6928,2.696415582941701
6929,2.696415582941701
6930,2.696415582941701
6931,2.696415582941701
6932,2.696415582941701
6933,2.696415582941701
6934,2.696415582941701
6935,2.696415582941701
6936,2.696415582941701
6937,2.696415582941701
6938,2.696415582941701
6939,2.696415582941701
6940,2.696415582941701
6941,2.696415582941701
6942,2.696415582941701
6943,2.696415582941701
6944,2.696415582941701
6945,2.696415582941701
6946,2.696415582941701
6947,2.696415582941701
6948,2.696415582941701
6949,2.696415582941701
6950,2.696415582941701
6951,2.696415582941701
6952,2.696415582941701
6953,2.696415582941701
6954,2.696415582941701
6955,2.696415582941701
6956,2.696415582941701
6957,2.696415582941701
6958,2.696415582941701
6959,2.696415582941701
6960,2.696415582941701
6961,2.696415582941701
6962,2.696415582941701
6963,2.696415582941701
6964,2.696415582941701
6965,2.696415582941701
6966,2.696415582941701
6967,2.696415582941701
6968,2.696415582941701
6969,2.696415582941701
6970,2.696415582941701
6971,2.696415582941701
6972,2.696415582941701
6973,2.696415582941701
6974,2.696415582941701
6975,2.696415582941701
6976,2.696415582941701
6977,2.696415582941701
6978,2.696415582941701
6979,2.696415582941701
6980,2.696415582941701
6981,2.696415582941701
6982,2.696415582941701
6983,2.696415582941701
6984,2.696415582941701
6985,2.696415582941701
6986,2.696415582941701
6987,2.696415582941701
6988,2.696415582941701
6989,2.696415582941701
6990,2.696415582941701
6991,2.696415582941701
6992,2.696415582941701
6993,2.3914721149745204
6994,2.3914721149745204
6995,2.3914721149745204
6996,2.3914721149745204
6997,2.3914721149745204
6998,2.3914721149745204
6999,2.3914721149745204
7000,2.3914721149745204
7001,2.3914721149745204
7002,2.3914721149745204
7003,2.3914721149745204
7004,2.3914721149745204
7005,2.3914721149745204
7006,2.3914721149745204
7007,2.3914721149745204
7008,2.3914721149745204
7009,2.3914721149745204
7010,2.3914721149745204
7011,2.3914721149745204
7012,2.3914721149745204
7013,2.3914721149745204
7014,2.3914721149745204
7015,2.3914721149745204
7016,2.3914721149745204
7017,2.3914721149745204
7018,2.3914721149745204
7019,2.3914721149745204
7020,2.3914721149745204
7021,2.3914721149745204
7022,2.3914721149745204
7023,2.3914721149745204
7024,2.3914721149745204
7025,2.3914721149745204
7026,2.3914721149745204
7027,2.3914721149745204
7028,2.3914721149745204
7029,2.3914721149745204
7030,2.3914721149745204
7031,2.3914721149745204
7032,2.3914721149745204
7033,2.3914721149745204
7034,2.3914721149745204
7035,2.3914721149745204
7036,2.3914721149745204
7037,2.3914721149745204
7038,2.3914721149745204
7039,2.3914721149745204
7040,2.3914721149745204
7041,2.3914721149745204
7042,2.3914721149745204
7043,2.3914721149745204
7044,2.3914721149745204
7045,2.3914721149745204
7046,2.3914721149745204
7047,2.3914721149745204
7048,2.3914721149745204
7049,2.3914721149745204
7050,2.3914721149745204
7051,2.3914721149745204
7052,2.3914721149745204
7053,2.3914721149745204
7054,2.3914721149745204
7055,2.3914721149745204
7056,2.3914721149745204
7057,2.3914721149745204
7058,2.3914721149745204
7059,2.3914721149745204
7060,2.3914721149745204
7061,2.3914721149745204
7062,2.3914721149745204
7063,2.3914721149745204
7064,2.3914721149745204
7065,2.3914721149745204
7066,2.3914721149745204
7067,2.3914721149745204
7068,2.3914721149745204
7069,2.3914721149745204
7070,2.3914721149745204
7071,2.3914721149745204
7072,2.3914721149745204
7073,2.3914721149745204
7074,2.3914721149745204
7075,2.3914721149745204
7076,2.3914721149745204
7077,2.3914721149745204
7078,2.3914721149745204
7079,2.3914721149745204
7080,2.3914721149745204
7081,2.3914721149745204
7082,2.3914721149745204
7083,2.3914721149745204
7084,2.3914721149745204
7085,2.3914721149745204
7086,2.3914721149745204
7087,2.3914721149745204
7088,2.3914721149745204
7089,2.3914721149745204
7090,2.3914721149745204
7091,2.3914721149745204
7092,2.3914721149745204
7093,2.3914721149745204
7094,2.3914721149745204
7095,2.3914721149745204
7096,2.3914721149745204
7097,2.3914721149745204
7098,2.3914721149745204
7099,2.3914721149745204
7100,2.3914721149745204
7101,2.3914721149745204
7102,2.3914721149745204
7103,2.3914721149745204
7104,2.3914721149745204
7105,2.3914721149745204
7106,2.3914721149745204
7107,2.3914721149745204
7108,2.3914721149745204
7109,2.3914721149745204
7110,2.3914721149745204
7111,2.3914721149745204
7112,2.3914721149745204
7113,2.3914721149745204
7114,2.3914721149745204
7115,2.3914721149745204
7116,2.3914721149745204
7117,2.3914721149745204
7118,2.3914721149745204
7119,2.3914721149745204
7120,2.3914721149745204
7121,2.3914721149745204
7122,2.3914721149745204
7123,2.3914721149745204
7124,2.3914721149745204
7125,2.3914721149745204
7126,2.3914721149745204
7127,2.3914721149745204
7128,2.3914721149745204
7129,2.3914721149745204
7130,2.3914721149745204
7131,2.3914721149745204
7132,2.3914721149745204
7133,2.3914721149745204
7134,2.3914721149745204
7135,2.3914721149745204
7136,2.3914721149745204
7137,2.3914721149745204
7138,2.3914721149745204
7139,2.3914721149745204
7140,2.3914721149745204
7141,2.3914721149745204
7142,2.3914721149745204
7143,2.3914721149745204
7144,2.3914721149745204
7145,2.3914721149745204
7146,2.3914721149745204
7147,2.3914721149745204
7148,2.3914721149745204
7149,2.3914721149745204
7150,2.3914721149745204
7151,2.3914721149745204
7152,2.3914721149745204
7153,2.3914721149745204
7154,2.3914721149745204
7155,2.3914721149745204
7156,2.3914721149745204
7157,2.3914721149745204
7158,2.3914721149745204
7159,2.3914721149745204
7160,2.3914721149745204
7161,2.3914721149745204
7162,2.3914721149745204
7163,2.3914721149745204
7164,2.3914721149745204
7165,2.3914721149745204
7166,2.3914721149745204
7167,2.3914721149745204
7168,2.3914721149745204
7169,2.3914721149745204
7170,2.3914721149745204
7171,2.3914721149745204
7172,2.3914721149745204
7173,2.3914721149745204
7174,2.3914721149745204
7175,2.3914721149745204
7176,2.3914721149745204
7177,2.3914721149745204
7178,2.3914721149745204
7179,2.3914721149745204
7180,2.3914721149745204
7181,2.3914721149745204
7182,2.3914721149745204
7183,2.3914721149745204
7184,2.3914721149745204
7185,2.3914721149745204
7186,2.3914721149745204
7187,2.3914721149745204
7188,2.3914721149745204
7189,2.3914721149745204
7190,2.3914721149745204
7191,2.3914721149745204
7192,2.3914721149745204
7193,2.3914721149745204
7194,2.3914721149745204
7195,2.3914721149745204
7196,2.3914721149745204
7197,2.3914721149745204
7198,2.3914721149745204
7199,2.3914721149745204
7200,2.3914721149745204
7201,2.3914721149745204
7202,2.3914721149745204
7203,2.3914721149745204
7204,2.3914721149745204
7205,2.3914721149745204
7206,2.3914721149745204
7207,2.3914721149745204
7208,2.3914721149745204
7209,2.3914721149745204
7210,2.3914721149745204
7211,2.3914721149745204
7212,2.3914721149745204
7213,2.3914721149745204
7214,2.3914721149745204
7215,2.3914721149745204
7216,2.3914721149745204
7217,2.3914721149745204
7218,2.3914721149745204
7219,2.3914721149745204
7220,2.3914721149745204
7221,2.3914721149745204
7222,2.3914721149745204
7223,2.3914721149745204
7224,2.3914721149745204
7225,2.3914721149745204
7226,2.3914721149745204
7227,2.3914721149745204
7228,2.3914721149745204
7229,2.3914721149745204
7230,2.3914721149745204
7231,2.3914721149745204
7232,2.3914721149745204
7233,2.3914721149745204
7234,2.3914721149745204
7235,2.3914721149745204
7236,2.3914721149745204
7237,2.3914721149745204
7238,2.3914721149745204
7239,2.3914721149745204
7240,2.3914721149745204
7241,2.3914721149745204
7242,2.3914721149745204
7243,2.3914721149745204
7244,2.3914721149745204
7245,2.3914721149745204
7246,2.3914721149745204
7247,2.3914721149745204
7248,2.3914721149745204
7249,2.3914721149745204
7250,2.3914721149745204
7251,2.3914721149745204
7252,2.3914721149745204
7253,2.3914721149745204
7254,2.3914721149745204
7255,2.3914721149745204
7256,2.3914721149745204
7257,2.3914721149745204
7258,2.3914721149745204
7259,2.3914721149745204
7260,2.3914721149745204
7261,2.3914721149745204
7262,2.3914721149745204
7263,2.3914721149745204
7264,2.3914721149745204
7265,2.3914721149745204
7266,2.3914721149745204
7267,2.3914721149745204
7268,2.3914721149745204
7269,2.3914721149745204
7270,2.3914721149745204
7271,2.3914721149745204
7272,2.3914721149745204
7273,2.3914721149745204
7274,2.3914721149745204
7275,2.3914721149745204
7276,2.3914721149745204
7277,2.3914721149745204
7278,2.3914721149745204
7279,2.3914721149745204
7280,2.3914721149745204
7281,2.3914721149745204
7282,2.3914721149745204
7283,2.3914721149745204
7284,2.3914721149745204
7285,2.3914721149745204
7286,2.3914721149745204
7287,2.3914721149745204
7288,2.3914721149745204
7289,2.3914721149745204
7290,2.3914721149745204
7291,2.3914721149745204
7292,2.3914721149745204
7293,2.3914721149745204
7294,2.3914721149745204
7295,2.3914721149745204
7296,2.3914721149745204
7297,2.3914721149745204
7298,2.3914721149745204
7299,2.3914721149745204
7300,2.3914721149745204
7301,2.3914721149745204
7302,2.3914721149745204
7303,2.3914721149745204
7304,2.3914721149745204
7305,2.3914721149745204
7306,2.3914721149745204
7307,2.3914721149745204
7308,2.3914721149745204
7309,2.3914721149745204
7310,2.3914721149745204
7311,2.3914721149745204
7312,2.3914721149745204
7313,2.3914721149745204
7314,2.3914721149745204
7315,2.3914721149745204
7316,2.3914721149745204
7317,2.3914721149745204
7318,2.3914721149745204
7319,2.3914721149745204
7320,2.3914721149745204
7321,2.3914721149745204
7322,2.3914721149745204
7323,2.3914721149745204
7324,2.3914721149745204
7325,2.3914721149745204
7326,2.3914721149745204
7327,2.3914721149745204
7328,2.3914721149745204
7329,2.3914721149745204
7330,2.3914721149745204
7331,2.3914721149745204
7332,2.3914721149745204
7333,2.3914721149745204
7334,2.3914721149745204
7335,2.3914721149745204
7336,2.3914721149745204
7337,2.3914721149745204
7338,2.3914721149745204
7339,2.3914721149745204
7340,2.3914721149745204
7341,2.3914721149745204
7342,2.3914721149745204
7343,2.3914721149745204
7344,2.3914721149745204
7345,2.3914721149745204
7346,2.3914721149745204
7347,2.3914721149745204
7348,2.3914721149745204
7349,2.3914721149745204
7350,2.3914721149745204
7351,2.3914721149745204
7352,2.3914721149745204
7353,2.3914721149745204
7354,2.3914721149745204
7355,2.3914721149745204
7356,2.3914721149745204
7357,2.3914721149745204
7358,2.3914721149745204
7359,2.3914721149745204
7360,2.3914721149745204
7361,2.3914721149745204
7362,2.3914721149745204
7363,2.3914721149745204
7364,2.3914721149745204
7365,2.3914721149745204
7366,2.3914721149745204
7367,2.3914721149745204
7368,2.3914721149745204
7369,2.3914721149745204
7370,2.3914721149745204
7371,2.3914721149745204
7372,2.3914721149745204
7373,2.3914721149745204
7374,2.3914721149745204
7375,2.3914721149745204
7376,2.3914721149745204
7377,2.3914721149745204
7378,2.3914721149745204
7379,2.3914721149745204
7380,2.3914721149745204
7381,2.3914721149745204
7382,2.3914721149745204
7383,2.3914721149745204
7384,2.3914721149745204
7385,2.3914721149745204
7386,2.3914721149745204
7387,2.3914721149745204
7388,2.3914721149745204
7389,2.3914721149745204
7390,2.3914721149745204
7391,2.3914721149745204
7392,2.3914721149745204
7393,2.3914721149745204
7394,2.3914721149745204
7395,2.3914721149745204
7396,2.3914721149745204
7397,2.3914721149745204
7398,2.3914721149745204
7399,2.3914721149745204
7400,2.3914721149745204
7401,2.3914721149745204
7402,2.3914721149745204
7403,2.3914721149745204
7404,2.3914721149745204
7405,2.3914721149745204
7406,2.3914721149745204
7407,2.3914721149745204
7408,2.3914721149745204
7409,2.3914721149745204
7410,2.3914721149745204
7411,2.3914721149745204
7412,2.3914721149745204
7413,2.3914721149745204
7414,2.3914721149745204
7415,2.3914721149745204
7416,2.3914721149745204
7417,2.3914721149745204
7418,2.3914721149745204
7419,2.3914721149745204
7420,2.3914721149745204
7421,2.3914721149745204
7422,2.3914721149745204
7423,2.3914721149745204
7424,2.3914721149745204
7425,2.3914721149745204
7426,2.3914721149745204
7427,2.3914721149745204
7428,2.3914721149745204
7429,2.3914721149745204
7430,2.3914721149745204
7431,2.3914721149745204
7432,2.3914721149745204
7433,2.3914721149745204
7434,2.3914721149745204
7435,2.3914721149745204
7436,2.3914721149745204
7437,2.3914721149745204
7438,2.3914721149745204
7439,2.3914721149745204
7440,2.3914721149745204
7441,2.3914721149745204
7442,2.3914721149745204
7443,2.3914721149745204
7444,2.3914721149745204
7445,2.3914721149745204
7446,2.3914721149745204
7447,2.3914721149745204
7448,2.3914721149745204
7449,2.3914721149745204
7450,2.3914721149745204
7451,2.3914721149745204
7452,2.3914721149745204
7453,2.3914721149745204
7454,2.3914721149745204
7455,2.3914721149745204
7456,2.3914721149745204
7457,2.3914721149745204
7458,2.3914721149745204
7459,2.3914721149745204
7460,2.3914721149745204
7461,2.3914721149745204
7462,2.3914721149745204
7463,2.3914721149745204
7464,2.3914721149745204
7465,2.3914721149745204
7466,2.3914721149745204
7467,2.3914721149745204
7468,2.3914721149745204
7469,2.3914721149745204
7470,2.3914721149745204
7471,2.3914721149745204
7472,2.3914721149745204
7473,2.3914721149745204
7474,2.3914721149745204
7475,2.3914721149745204
7476,2.3914721149745204
7477,2.3914721149745204
7478,2.3914721149745204
7479,2.3914721149745204
7480,2.3914721149745204
7481,2.3914721149745204
7482,2.3914721149745204
7483,2.3914721149745204
7484,2.3914721149745204
7485,2.3914721149745204
7486,2.3914721149745204
7487,2.3914721149745204
7488,2.3914721149745204
7489,2.3914721149745204
7490,2.3914721149745204
7491,2.3914721149745204
7492,2.3914721149745204
7493,2.3914721149745204
7494,2.3914721149745204
7495,2.3914721149745204
7496,2.3914721149745204
7497,2.3914721149745204
7498,2.3914721149745204
7499,2.3914721149745204
7500,2.3914721149745204
7501,2.3914721149745204
7502,2.3914721149745204
7503,2.3914721149745204
7504,2.3914721149745204
7505,2.3914721149745204
7506,2.3914721149745204
7507,2.3914721149745204
7508,2.3914721149745204
7509,2.3914721149745204
7510,2.3914721149745204
7511,2.3914721149745204
7512,2.3914721149745204
7513,2.3914721149745204
7514,2.3914721149745204
7515,2.3914721149745204
7516,2.3914721149745204
7517,2.3914721149745204
7518,2.3914721149745204
7519,2.3914721149745204
7520,2.3914721149745204
7521,2.3914721149745204
7522,2.3914721149745204
7523,2.3914721149745204
7524,2.3914721149745204
7525,2.3914721149745204
7526,2.3914721149745204
7527,2.3914721149745204
7528,2.3914721149745204
7529,2.3914721149745204
7530,2.3914721149745204
7531,2.3914721149745204
7532,2.3914721149745204
7533,2.3914721149745204
7534,2.3914721149745204
7535,2.3914721149745204
7536,2.3914721149745204
7537,2.3914721149745204
7538,2.3914721149745204
7539,2.3914721149745204
7540,2.3914721149745204
7541,2.3914721149745204
7542,2.3914721149745204
7543,2.3914721149745204
7544,2.3914721149745204
7545,2.3914721149745204
7546,2.3914721149745204
7547,2.3914721149745204
7548,2.3914721149745204
7549,2.3914721149745204
7550,2.3914721149745204
7551,2.3914721149745204
7552,2.3914721149745204
7553,2.3914721149745204
7554,2.3914721149745204
7555,2.3914721149745204
7556,2.3914721149745204
7557,2.3914721149745204
7558,2.3914721149745204
7559,2.3914721149745204
7560,2.3914721149745204
7561,2.3914721149745204
7562,2.3914721149745204
7563,2.3914721149745204
7564,2.3914721149745204
7565,2.3914721149745204
7566,2.3914721149745204
7567,2.3914721149745204
7568,2.3914721149745204
7569,2.3914721149745204
7570,2.3914721149745204
7571,2.3914721149745204
7572,2.3914721149745204
7573,2.3914721149745204
7574,2.3914721149745204
7575,2.3914721149745204
7576,2.3914721149745204
7577,2.3914721149745204
7578,2.3914721149745204
7579,2.3914721149745204
7580,2.3914721149745204
7581,2.3914721149745204
7582,2.3914721149745204
7583,2.3914721149745204
7584,2.3914721149745204
7585,2.3914721149745204
7586,2.3914721149745204
7587,2.3914721149745204
7588,2.3914721149745204
7589,2.3914721149745204
7590,2.3914721149745204
7591,2.3914721149745204
7592,2.3914721149745204
7593,2.3914721149745204
7594,2.3914721149745204
7595,2.3914721149745204
7596,2.3914721149745204
7597,2.3914721149745204
7598,2.3914721149745204
7599,2.3914721149745204
7600,2.3914721149745204
7601,2.3914721149745204
7602,2.3914721149745204
7603,2.3914721149745204
7604,2.3914721149745204
7605,2.3914721149745204
7606,2.3914721149745204
7607,2.3914721149745204
7608,2.3914721149745204
7609,2.3914721149745204
7610,2.3914721149745204
7611,2.3914721149745204
7612,2.3914721149745204
7613,2.3914721149745204
7614,2.3914721149745204
7615,2.3914721149745204
7616,2.3914721149745204
7617,2.3914721149745204
7618,2.3914721149745204
7619,2.3914721149745204
7620,2.3914721149745204
7621,2.3914721149745204
7622,2.3914721149745204
7623,2.3914721149745204
7624,2.3914721149745204
7625,2.3914721149745204
7626,2.3914721149745204
7627,2.3914721149745204
7628,2.3914721149745204
7629,2.3914721149745204
7630,2.3914721149745204
7631,2.3914721149745204
7632,2.3914721149745204
7633,2.3914721149745204
7634,2.3914721149745204
7635,2.3914721149745204
7636,2.3914721149745204
7637,2.3914721149745204
7638,2.3914721149745204
7639,2.3914721149745204
7640,2.3914721149745204
7641,2.3914721149745204
7642,2.3914721149745204
7643,2.3914721149745204
7644,2.3914721149745204
7645,2.3914721149745204
7646,2.3914721149745204
7647,2.3914721149745204
7648,2.3914721149745204
7649,2.3914721149745204
7650,2.3914721149745204
7651,2.3914721149745204
7652,2.3914721149745204
7653,2.3914721149745204
7654,2.3914721149745204
7655,2.3914721149745204
7656,2.3914721149745204
7657,2.3914721149745204
7658,2.3914721149745204
7659,2.3914721149745204
7660,2.3914721149745204
7661,2.3914721149745204
7662,2.3914721149745204
7663,2.3914721149745204
7664,2.3914721149745204
7665,2.3914721149745204
7666,2.3914721149745204
7667,2.3914721149745204
7668,2.3914721149745204
7669,2.3914721149745204
7670,2.3914721149745204
7671,2.3914721149745204
7672,2.3914721149745204
7673,2.3914721149745204
7674,2.3914721149745204
7675,2.3914721149745204
7676,2.3914721149745204
7677,2.3914721149745204
7678,2.3914721149745204
7679,2.3914721149745204
7680,2.3914721149745204
7681,2.3914721149745204
7682,2.3914721149745204
7683,2.3914721149745204
7684,2.3914721149745204
7685,2.3914721149745204
7686,2.3914721149745204
7687,2.3914721149745204
7688,2.3914721149745204
7689,2.3914721149745204
7690,2.3914721149745204
7691,2.3914721149745204
7692,2.3914721149745204
7693,2.3914721149745204
7694,2.3914721149745204
7695,2.3914721149745204
7696,2.3914721149745204
7697,2.3914721149745204
7698,2.3914721149745204
7699,2.3914721149745204
7700,2.3914721149745204
7701,2.3914721149745204
7702,2.3914721149745204
7703,2.3914721149745204
7704,2.3914721149745204
7705,2.3914721149745204
7706,2.3914721149745204
7707,2.3914721149745204
7708,2.3914721149745204
7709,2.3914721149745204
7710,2.3914721149745204
7711,2.3914721149745204
7712,2.3914721149745204
7713,2.3914721149745204
7714,2.3914721149745204
7715,2.3914721149745204
7716,2.3914721149745204
7717,2.3914721149745204
7718,2.3914721149745204
7719,2.3914721149745204
7720,2.3914721149745204
7721,2.3914721149745204
7722,2.3914721149745204
7723,2.3914721149745204
7724,2.3914721149745204
7725,2.3914721149745204
7726,2.3914721149745204
7727,2.3914721149745204
7728,2.3914721149745204
7729,2.3914721149745204
7730,2.3914721149745204
7731,2.3914721149745204
7732,2.3914721149745204
7733,2.3914721149745204
7734,2.3914721149745204
7735,2.3914721149745204
7736,2.3914721149745204
7737,2.3914721149745204
7738,2.3914721149745204
7739,2.3914721149745204
7740,2.3914721149745204
7741,2.3914721149745204
7742,2.3914721149745204
7743,2.3914721149745204
7744,2.3914721149745204
7745,2.3914721149745204
7746,2.3914721149745204
7747,2.3914721149745204
7748,2.3914721149745204
7749,2.3914721149745204
7750,2.3914721149745204
7751,2.3914721149745204
7752,2.3914721149745204
7753,2.3914721149745204
7754,2.3914721149745204
7755,2.3914721149745204
7756,2.3914721149745204
7757,2.3914721149745204
7758,2.3914721149745204
7759,2.3914721149745204
7760,2.3914721149745204
7761,2.3914721149745204
7762,2.3914721149745204
7763,2.3914721149745204
7764,2.3914721149745204
7765,2.3914721149745204
7766,2.3914721149745204
7767,2.3914721149745204
7768,2.3914721149745204
7769,2.3914721149745204
7770,2.3914721149745204
7771,2.3914721149745204
7772,2.3914721149745204
7773,2.3914721149745204
7774,2.3914721149745204
7775,2.3914721149745204
7776,2.3914721149745204
7777,2.3914721149745204
7778,2.3914721149745204
7779,2.3914721149745204
7780,2.3914721149745204
7781,2.3914721149745204
7782,2.3914721149745204
7783,2.3914721149745204
7784,2.3914721149745204
7785,2.3914721149745204
7786,2.3914721149745204
7787,2.3914721149745204
7788,2.3914721149745204
7789,2.3914721149745204
7790,2.3914721149745204
7791,2.3914721149745204
7792,2.3914721149745204
7793,2.3914721149745204
7794,2.3914721149745204
7795,2.3914721149745204
7796,2.3914721149745204
7797,2.3914721149745204
7798,2.3914721149745204
7799,2.3914721149745204
7800,2.3914721149745204
7801,2.3914721149745204
7802,2.3914721149745204
7803,2.3914721149745204
7804,2.3914721149745204
7805,2.3914721149745204
7806,2.3914721149745204
7807,2.3914721149745204
7808,2.3914721149745204
7809,2.3914721149745204
7810,2.3914721149745204
7811,2.3914721149745204
7812,2.3914721149745204
7813,2.3914721149745204
7814,2.3914721149745204
7815,2.3914721149745204
7816,2.3914721149745204
7817,2.3914721149745204
7818,2.3914721149745204
7819,2.3914721149745204
7820,2.3914721149745204
7821,2.3914721149745204
7822,2.3914721149745204
7823,2.3914721149745204
7824,2.3914721149745204
7825,2.3914721149745204
7826,2.3914721149745204
7827,2.3914721149745204
7828,2.3914721149745204
7829,2.3914721149745204
7830,2.3914721149745204
7831,2.3914721149745204
7832,2.3914721149745204
7833,2.3914721149745204
7834,2.3914721149745204
7835,2.3914721149745204
7836,2.3914721149745204
7837,2.3914721149745204
7838,2.3914721149745204
7839,2.3914721149745204
7840,2.3914721149745204
7841,2.3914721149745204
7842,2.3914721149745204
7843,2.3914721149745204
7844,2.3914721149745204
7845,2.3914721149745204
7846,2.3914721149745204
7847,2.3914721149745204
7848,2.3914721149745204
7849,2.3914721149745204
7850,2.3914721149745204
7851,2.3914721149745204
7852,2.3914721149745204
7853,2.3914721149745204
7854,2.3914721149745204
7855,2.3914721149745204
7856,2.3914721149745204
7857,2.3914721149745204
7858,2.3914721149745204
7859,2.3914721149745204
7860,2.3914721149745204
7861,2.3914721149745204
7862,2.3914721149745204
7863,2.3914721149745204
7864,2.3914721149745204
7865,2.3914721149745204
7866,2.3914721149745204
7867,2.3914721149745204
7868,2.3914721149745204
7869,2.3914721149745204
7870,2.3914721149745204
7871,2.3914721149745204
7872,2.3914721149745204
7873,2.3914721149745204
7874,2.3914721149745204
7875,2.3914721149745204
7876,2.3914721149745204
7877,2.3914721149745204
7878,2.3914721149745204
7879,2.3914721149745204
7880,2.3914721149745204
7881,2.3914721149745204
7882,2.3914721149745204
7883,2.3914721149745204
7884,2.3914721149745204
7885,2.3914721149745204
7886,2.3914721149745204
7887,2.3914721149745204
7888,2.3914721149745204
7889,2.3914721149745204
7890,2.3914721149745204
7891,2.3914721149745204
7892,2.3914721149745204
7893,2.3914721149745204
7894,2.3914721149745204
7895,2.3914721149745204
7896,2.3914721149745204
7897,2.3914721149745204
7898,2.3914721149745204
7899,2.3914721149745204
7900,2.3914721149745204
7901,2.3914721149745204
7902,2.3914721149745204
7903,2.3914721149745204
7904,2.3914721149745204
7905,2.3914721149745204
7906,2.3914721149745204
7907,2.3914721149745204
7908,2.3914721149745204
7909,2.3914721149745204
7910,2.3914721149745204
7911,2.3914721149745204
7912,2.3914721149745204
7913,2.3914721149745204
7914,2.3914721149745204
7915,2.3914721149745204
7916,2.3914721149745204
7917,2.3914721149745204
7918,2.3914721149745204
7919,2.3914721149745204
7920,2.3914721149745204
7921,2.3914721149745204
7922,2.3914721149745204
7923,2.3914721149745204
7924,2.3914721149745204
7925,2.3914721149745204
7926,2.3914721149745204
7927,2.3914721149745204
7928,2.3914721149745204
7929,2.3914721149745204
7930,2.3914721149745204
7931,2.3914721149745204
7932,2.3914721149745204
7933,2.3914721149745204
7934,2.3914721149745204
7935,2.3914721149745204
7936,2.3914721149745204
7937,2.3914721149745204
7938,2.3914721149745204
7939,2.3914721149745204
7940,2.3914721149745204
7941,2.3914721149745204
7942,2.3914721149745204
7943,2.3914721149745204
7944,2.3914721149745204
7945,2.3914721149745204
7946,2.3914721149745204
7947,2.3914721149745204
7948,2.3914721149745204
7949,2.3914721149745204
7950,2.3914721149745204
7951,2.3914721149745204
7952,2.3914721149745204
7953,2.3914721149745204
7954,2.3914721149745204
7955,2.3914721149745204
7956,2.3914721149745204
7957,2.3914721149745204
7958,2.3914721149745204
7959,2.3914721149745204
7960,2.3914721149745204
7961,2.3914721149745204
7962,2.3914721149745204
7963,2.3914721149745204
7964,2.3914721149745204
7965,2.3914721149745204
7966,2.3914721149745204
7967,2.3914721149745204
7968,2.3914721149745204
7969,2.3914721149745204
7970,2.3914721149745204
7971,2.3914721149745204
7972,2.3914721149745204
7973,2.3914721149745204
7974,2.3914721149745204
7975,2.3914721149745204
7976,2.3914721149745204
7977,2.3914721149745204
7978,2.3914721149745204
7979,2.3914721149745204
7980,2.3914721149745204
7981,2.3914721149745204
7982,2.3914721149745204
7983,2.3914721149745204
7984,2.3914721149745204
7985,2.3914721149745204
7986,2.3914721149745204
7987,2.3914721149745204
7988,2.3914721149745204
7989,2.3914721149745204
7990,2.3914721149745204
7991,2.3914721149745204
7992,2.3914721149745204
7993,2.3914721149745204
7994,2.3914721149745204
7995,2.3914721149745204
7996,2.3914721149745204
7997,2.3914721149745204
7998,2.3914721149745204
7999,2.3914721149745204
8000,2.3914721149745204
8001,2.3914721149745204
8002,2.3914721149745204
8003,2.3914721149745204
8004,2.3914721149745204
8005,2.3914721149745204
8006,2.3914721149745204
8007,2.3914721149745204
8008,2.3914721149745204
8009,2.3914721149745204
8010,2.3914721149745204
8011,2.3914721149745204
8012,2.3914721149745204
8013,2.3914721149745204
8014,2.3914721149745204
8015,2.3914721149745204
8016,2.3914721149745204
8017,2.3914721149745204
8018,2.3914721149745204
8019,2.3914721149745204
8020,2.3914721149745204
8021,2.3914721149745204
8022,2.3914721149745204
8023,2.3914721149745204
8024,2.3914721149745204
8025,2.3914721149745204
8026,2.3914721149745204
8027,2.3914721149745204
8028,2.3914721149745204
8029,2.3914721149745204
8030,2.3914721149745204
8031,2.3914721149745204
8032,2.3914721149745204
8033,2.3914721149745204
8034,2.3914721149745204
8035,2.3914721149745204
8036,2.3914721149745204
8037,2.3914721149745204
8038,2.3914721149745204
8039,2.3914721149745204
8040,2.3914721149745204
8041,2.3914721149745204
8042,2.3914721149745204
8043,2.3914721149745204
8044,2.3914721149745204
8045,2.3914721149745204
8046,2.3914721149745204
8047,2.3914721149745204
8048,2.3914721149745204
8049,2.3914721149745204
8050,2.3914721149745204
8051,2.3914721149745204
8052,2.3914721149745204
8053,2.3914721149745204
8054,2.3914721149745204
8055,2.3914721149745204
8056,2.3914721149745204
8057,2.3914721149745204
8058,2.3914721149745204
8059,2.3914721149745204
8060,2.3914721149745204
8061,2.3914721149745204
8062,2.3914721149745204
8063,2.3914721149745204
8064,2.3914721149745204
8065,2.3914721149745204
8066,2.3914721149745204
8067,2.3914721149745204
8068,2.3914721149745204
8069,2.3914721149745204
8070,2.3914721149745204
8071,2.3914721149745204
8072,2.3914721149745204
8073,2.3914721149745204
8074,2.3914721149745204
8075,2.3914721149745204
8076,2.3914721149745204
8077,2.3914721149745204
8078,2.3914721149745204
8079,2.3914721149745204
8080,2.3914721149745204
8081,2.3914721149745204
8082,2.3914721149745204
8083,2.3914721149745204
8084,2.3914721149745204
8085,2.3914721149745204
8086,2.3914721149745204
8087,2.3914721149745204
8088,2.3914721149745204
8089,2.3914721149745204
8090,2.3914721149745204
8091,2.3914721149745204
8092,2.3914721149745204
8093,2.3914721149745204
8094,2.3914721149745204
8095,2.3914721149745204
8096,2.3914721149745204
8097,2.3914721149745204
8098,2.3914721149745204
8099,2.3914721149745204
8100,2.3914721149745204
8101,2.3914721149745204
8102,2.3914721149745204
8103,2.3914721149745204
8104,2.3914721149745204
8105,2.3914721149745204
8106,2.3914721149745204
8107,2.3914721149745204
8108,2.3914721149745204
8109,2.3914721149745204
8110,2.3914721149745204
8111,2.3914721149745204
8112,2.3914721149745204
8113,2.3914721149745204
8114,2.3914721149745204
8115,2.3914721149745204
8116,2.3914721149745204
8117,2.3914721149745204
8118,2.3914721149745204
8119,2.3914721149745204
8120,2.3914721149745204
8121,2.3914721149745204
8122,2.3914721149745204
8123,2.3914721149745204
8124,2.3914721149745204
8125,2.3914721149745204
8126,2.3914721149745204
8127,2.3914721149745204
8128,2.3914721149745204
8129,2.3914721149745204
8130,2.3914721149745204
8131,2.3914721149745204
8132,2.3914721149745204
8133,2.3914721149745204
8134,2.3914721149745204
8135,2.3914721149745204
8136,2.3914721149745204
8137,2.3914721149745204
8138,2.3914721149745204
8139,2.3914721149745204
8140,2.3914721149745204
8141,2.3914721149745204
8142,2.3914721149745204
8143,2.3914721149745204
8144,2.3914721149745204
8145,2.3914721149745204
8146,2.3914721149745204
8147,2.3914721149745204
8148,2.3914721149745204
8149,2.3914721149745204
8150,2.3914721149745204
8151,2.3914721149745204
8152,2.3914721149745204
8153,2.3914721149745204
8154,2.3914721149745204
8155,2.3914721149745204
8156,2.3914721149745204
8157,2.3914721149745204
8158,2.3914721149745204
8159,2.3914721149745204
8160,2.3914721149745204
8161,2.3914721149745204
8162,2.3914721149745204
8163,2.3914721149745204
8164,2.3914721149745204
8165,2.3914721149745204
8166,2.3914721149745204
8167,2.3914721149745204
8168,2.3914721149745204
8169,2.3914721149745204
8170,2.3914721149745204
8171,2.3914721149745204
8172,2.3914721149745204
8173,2.3914721149745204
8174,2.3914721149745204
8175,2.3914721149745204
8176,2.3914721149745204
8177,2.3914721149745204
8178,2.3914721149745204
8179,2.3914721149745204
8180,2.3914721149745204
8181,2.3914721149745204
8182,2.3914721149745204
8183,2.3914721149745204
8184,2.3914721149745204
8185,2.3914721149745204
8186,2.3914721149745204
8187,2.3914721149745204
8188,2.3914721149745204
8189,2.3914721149745204
8190,2.3914721149745204
8191,2.3914721149745204
8192,2.3914721149745204
8193,2.3914721149745204
8194,2.3914721149745204
8195,2.3914721149745204
8196,2.3914721149745204
8197,2.3914721149745204
8198,2.3914721149745204
8199,2.3914721149745204
8200,2.3914721149745204
8201,2.3914721149745204
8202,2.3914721149745204
8203,2.3914721149745204
8204,2.3914721149745204
8205,2.3914721149745204
8206,2.3914721149745204
8207,2.3914721149745204
8208,2.3914721149745204
8209,2.3914721149745204
8210,2.3914721149745204
8211,2.3914721149745204
8212,2.3914721149745204
8213,2.3914721149745204
8214,2.3914721149745204
8215,2.3914721149745204
8216,2.3914721149745204
8217,2.3914721149745204
8218,2.3914721149745204
8219,2.3914721149745204
8220,2.3914721149745204
8221,2.3914721149745204
8222,2.3914721149745204
8223,2.3914721149745204
8224,2.3914721149745204
8225,2.3914721149745204
8226,2.3914721149745204
8227,2.3914721149745204
8228,2.3914721149745204
8229,2.3914721149745204
8230,2.3914721149745204
8231,2.3914721149745204
8232,2.3914721149745204
8233,2.3914721149745204
8234,2.3914721149745204
8235,2.3914721149745204
8236,2.3914721149745204
8237,2.3914721149745204
8238,2.3914721149745204
8239,2.3914721149745204
8240,2.3914721149745204
8241,2.3914721149745204
8242,2.3914721149745204
8243,2.3914721149745204
8244,2.3914721149745204
8245,2.3914721149745204
8246,2.3914721149745204
8247,2.3914721149745204
8248,2.3914721149745204
8249,2.3914721149745204
8250,2.3914721149745204
8251,2.3914721149745204
8252,2.3914721149745204
8253,2.3914721149745204
8254,2.3914721149745204
8255,2.3914721149745204
8256,2.3914721149745204
8257,2.3914721149745204
8258,2.3914721149745204
8259,2.3914721149745204
8260,2.3914721149745204
8261,2.3914721149745204
8262,2.3914721149745204
8263,2.3914721149745204
8264,2.3914721149745204
8265,2.3914721149745204
8266,2.3914721149745204
8267,2.3914721149745204
8268,2.3914721149745204
8269,2.3914721149745204
8270,2.3914721149745204
8271,2.3914721149745204
8272,2.3914721149745204
8273,2.3914721149745204
8274,2.3914721149745204
8275,2.3914721149745204
8276,2.3914721149745204
8277,2.3914721149745204
8278,2.3914721149745204
8279,2.3914721149745204
8280,2.3914721149745204
8281,2.3914721149745204
8282,2.3914721149745204
8283,2.3914721149745204
8284,2.3914721149745204
8285,2.3914721149745204
8286,2.3914721149745204
8287,2.3914721149745204
8288,2.3914721149745204
8289,2.3914721149745204
8290,2.3914721149745204
8291,2.3914721149745204
8292,2.3914721149745204
8293,2.3914721149745204
8294,2.3914721149745204
8295,2.3914721149745204
8296,2.3914721149745204
8297,2.3914721149745204
8298,2.3914721149745204
8299,2.3914721149745204
8300,2.3914721149745204
8301,2.3914721149745204
8302,2.3914721149745204
8303,2.3914721149745204
8304,2.3914721149745204
8305,2.3914721149745204
8306,2.3914721149745204
8307,2.3914721149745204
8308,2.3914721149745204
8309,2.3914721149745204
8310,2.3914721149745204
8311,2.3914721149745204
8312,2.3914721149745204
8313,2.3914721149745204
8314,2.3914721149745204
8315,2.3914721149745204
8316,2.3914721149745204
8317,2.3914721149745204
8318,2.3914721149745204
8319,2.3914721149745204
8320,2.3914721149745204
8321,2.3914721149745204
8322,2.3914721149745204
8323,2.3914721149745204
8324,2.3914721149745204
8325,2.3914721149745204
8326,2.3914721149745204
8327,2.3914721149745204
8328,2.3914721149745204
8329,2.3914721149745204
8330,2.3914721149745204
8331,2.3914721149745204
8332,2.3914721149745204
8333,2.3914721149745204
8334,2.3914721149745204
8335,2.3914721149745204
8336,2.3914721149745204
8337,2.3914721149745204
8338,2.3914721149745204
8339,2.3914721149745204
8340,2.3914721149745204
8341,2.3914721149745204
8342,2.3914721149745204
8343,2.3914721149745204
8344,2.3914721149745204
8345,2.3914721149745204
8346,2.3914721149745204
8347,2.3914721149745204
8348,2.3914721149745204
8349,2.3914721149745204
8350,2.3914721149745204
8351,2.3914721149745204
8352,2.3914721149745204
8353,2.3914721149745204
8354,2.3914721149745204
8355,2.3914721149745204
8356,2.3914721149745204
8357,2.3914721149745204
8358,2.3914721149745204
8359,2.3914721149745204
8360,2.3914721149745204
8361,2.3914721149745204
8362,2.3914721149745204
8363,2.3914721149745204
8364,2.3914721149745204
8365,2.3914721149745204
8366,2.3914721149745204
8367,2.3914721149745204
8368,2.3914721149745204
8369,2.3914721149745204
8370,2.3914721149745204
8371,2.3914721149745204
8372,2.3914721149745204
8373,2.3914721149745204
8374,2.3914721149745204
8375,2.3914721149745204
8376,2.3914721149745204
8377,2.3914721149745204
8378,2.3914721149745204
8379,2.3914721149745204
8380,2.3914721149745204
8381,2.3914721149745204
8382,2.3914721149745204
8383,2.3914721149745204
8384,2.3914721149745204
8385,2.3914721149745204
8386,2.3914721149745204
8387,2.3914721149745204
8388,2.3914721149745204
8389,2.3914721149745204
8390,2.3914721149745204
8391,2.3914721149745204
8392,2.3914721149745204
8393,2.3914721149745204
8394,2.3914721149745204
8395,2.3914721149745204
8396,2.3914721149745204
8397,2.3914721149745204
8398,2.3914721149745204
8399,2.3914721149745204
8400,2.3914721149745204
8401,2.3914721149745204
8402,2.3914721149745204
8403,2.3914721149745204
8404,2.3914721149745204
8405,2.3914721149745204
8406,2.3914721149745204
8407,2.3914721149745204
8408,2.3914721149745204
8409,2.3914721149745204
8410,2.3914721149745204
8411,2.3914721149745204
8412,2.3914721149745204
8413,2.3914721149745204
8414,2.3914721149745204
8415,2.3914721149745204
8416,2.3914721149745204
8417,2.3914721149745204
8418,2.3914721149745204
8419,2.3914721149745204
8420,2.3914721149745204
8421,2.3914721149745204
8422,2.3914721149745204
8423,2.3914721149745204
8424,2.3914721149745204
8425,2.3914721149745204
8426,2.3914721149745204
8427,2.3914721149745204
8428,2.3914721149745204
8429,2.3914721149745204
8430,2.3914721149745204
8431,2.3914721149745204
8432,2.3914721149745204
8433,2.3914721149745204
8434,2.3914721149745204
8435,2.3914721149745204
8436,2.3914721149745204
8437,2.3914721149745204
8438,2.3914721149745204
8439,2.3914721149745204
8440,2.3914721149745204
8441,2.3914721149745204
8442,2.3914721149745204
8443,2.3914721149745204
8444,2.3914721149745204
8445,2.3914721149745204
8446,2.3914721149745204
8447,2.3914721149745204
8448,2.3914721149745204
8449,2.3914721149745204
8450,2.3914721149745204
8451,2.3914721149745204
8452,2.3914721149745204
8453,2.3914721149745204
8454,2.3914721149745204
8455,2.3914721149745204
8456,2.3914721149745204
8457,2.3914721149745204
8458,2.3914721149745204
8459,2.3914721149745204
8460,2.3914721149745204
8461,2.3914721149745204
8462,2.3914721149745204
8463,2.3914721149745204
8464,2.3914721149745204
8465,2.3914721149745204
8466,2.3914721149745204
8467,2.3914721149745204
8468,2.3914721149745204
8469,2.3914721149745204
8470,2.3914721149745204
8471,2.3914721149745204
8472,2.3914721149745204
8473,2.3914721149745204
8474,2.3914721149745204
8475,2.3914721149745204
8476,2.3914721149745204
8477,2.3914721149745204
8478,2.3914721149745204
8479,2.3914721149745204
8480,2.3914721149745204
8481,2.3914721149745204
8482,2.3914721149745204
8483,2.3914721149745204
8484,2.3914721149745204
8485,2.3914721149745204
8486,2.3914721149745204
8487,2.3914721149745204
8488,2.3914721149745204
8489,2.3914721149745204
8490,2.3914721149745204
8491,2.3914721149745204
8492,2.3914721149745204
8493,2.3914721149745204
8494,2.3914721149745204
8495,2.3914721149745204
8496,2.3914721149745204
8497,2.3914721149745204
8498,2.3914721149745204
8499,2.3914721149745204
8500,2.3914721149745204
8501,2.3914721149745204
8502,2.3914721149745204
8503,2.3914721149745204
8504,2.3914721149745204
8505,2.3914721149745204
8506,2.3914721149745204
8507,2.3914721149745204
8508,2.3914721149745204
8509,2.3914721149745204
8510,2.3914721149745204
8511,2.3914721149745204
8512,2.3914721149745204
8513,2.3914721149745204
8514,2.3914721149745204
8515,2.3914721149745204
8516,2.3914721149745204
8517,2.3914721149745204
8518,2.3914721149745204
8519,2.3914721149745204
8520,2.3914721149745204
8521,2.3914721149745204
8522,2.3914721149745204
8523,2.3914721149745204
8524,2.3914721149745204
8525,2.3914721149745204
8526,2.3914721149745204
8527,2.3914721149745204
8528,2.3914721149745204
8529,2.3914721149745204
8530,2.3914721149745204
8531,2.3914721149745204
8532,2.3914721149745204
8533,2.3914721149745204
8534,2.3914721149745204
8535,2.3914721149745204
8536,2.3914721149745204
8537,2.3914721149745204
8538,2.3914721149745204
8539,2.3914721149745204
8540,2.3914721149745204
8541,2.3914721149745204
8542,2.3914721149745204
8543,2.3914721149745204
8544,2.3914721149745204
8545,2.3914721149745204
8546,2.3914721149745204
8547,2.3914721149745204
8548,2.3914721149745204
8549,2.3914721149745204
8550,2.3914721149745204
8551,2.3914721149745204
8552,2.3914721149745204
8553,2.3914721149745204
8554,2.3914721149745204
8555,2.3914721149745204
8556,2.3914721149745204
8557,2.3914721149745204
8558,2.3914721149745204
8559,2.3914721149745204
8560,2.3914721149745204
8561,2.3914721149745204
8562,2.3914721149745204
8563,2.3914721149745204
8564,2.3914721149745204
8565,2.3914721149745204
8566,2.3914721149745204
8567,2.3914721149745204
8568,2.3914721149745204
8569,2.3914721149745204
8570,2.3914721149745204
8571,2.3914721149745204
8572,2.3914721149745204
8573,2.3914721149745204
8574,2.3914721149745204
8575,2.3914721149745204
8576,2.3914721149745204
8577,2.3914721149745204
8578,2.3914721149745204
8579,2.3914721149745204
8580,2.3914721149745204
8581,2.3914721149745204
8582,2.3914721149745204
8583,2.3914721149745204
8584,2.3914721149745204
8585,2.3914721149745204
8586,2.3914721149745204
8587,2.3914721149745204
8588,2.3914721149745204
8589,2.3914721149745204
8590,2.3914721149745204
8591,2.3914721149745204
8592,2.3914721149745204
8593,2.3914721149745204
8594,2.3914721149745204
8595,2.3914721149745204
8596,2.3914721149745204
8597,2.3914721149745204
8598,2.3914721149745204
8599,2.3914721149745204
8600,2.3914721149745204
8601,2.3914721149745204
8602,2.3914721149745204
8603,2.3914721149745204
8604,2.3914721149745204
8605,2.3914721149745204
8606,2.3914721149745204
8607,2.3914721149745204
8608,2.3914721149745204
8609,2.3914721149745204
8610,2.3914721149745204
8611,2.3914721149745204
8612,2.3914721149745204
8613,2.3914721149745204
8614,2.3914721149745204
8615,2.3914721149745204
8616,2.3914721149745204
8617,2.3914721149745204
8618,2.3914721149745204
8619,2.3914721149745204
8620,2.3914721149745204
8621,2.3914721149745204
8622,2.3914721149745204
8623,2.3914721149745204
8624,2.3914721149745204
8625,2.3914721149745204
8626,2.3914721149745204
8627,2.3914721149745204
8628,2.3914721149745204
8629,2.3914721149745204
8630,2.3914721149745204
8631,2.3914721149745204
8632,2.3914721149745204
8633,2.3914721149745204
8634,2.3914721149745204
8635,2.3914721149745204
8636,2.3914721149745204
8637,2.3914721149745204
8638,2.3914721149745204
8639,2.3914721149745204
8640,2.3914721149745204
8641,2.3914721149745204
8642,2.3914721149745204
8643,2.3914721149745204
8644,2.3914721149745204
8645,2.3914721149745204
8646,2.3914721149745204
8647,2.3914721149745204
8648,2.3914721149745204
8649,2.3914721149745204
8650,2.3914721149745204
8651,2.3914721149745204
8652,2.3914721149745204
8653,2.3914721149745204
8654,2.3914721149745204
8655,2.3914721149745204
8656,2.3914721149745204
8657,2.3914721149745204
8658,2.3914721149745204
8659,2.3914721149745204
8660,2.3914721149745204
8661,2.3914721149745204
8662,2.3914721149745204
8663,2.3914721149745204
8664,2.3914721149745204
8665,2.3914721149745204
8666,2.3914721149745204
8667,2.3914721149745204
8668,2.3914721149745204
8669,2.3914721149745204
8670,2.3914721149745204
8671,2.3914721149745204
8672,2.3914721149745204
8673,2.3914721149745204
8674,2.3914721149745204
8675,2.3914721149745204
8676,2.3914721149745204
8677,2.3914721149745204
8678,2.3914721149745204
8679,2.3914721149745204
8680,2.3914721149745204
8681,2.3914721149745204
8682,2.3914721149745204
8683,2.3914721149745204
8684,2.3914721149745204
8685,2.3914721149745204
8686,2.3914721149745204
8687,2.3914721149745204
8688,2.3914721149745204
8689,2.3914721149745204
8690,2.3914721149745204
8691,2.3914721149745204
8692,2.3914721149745204
8693,2.3914721149745204
8694,2.3914721149745204
8695,2.3914721149745204
8696,2.3914721149745204
8697,2.3914721149745204
8698,2.3914721149745204
8699,2.3914721149745204
8700,2.3914721149745204
8701,2.3914721149745204
8702,2.3914721149745204
8703,2.3914721149745204
8704,2.3914721149745204
8705,2.3914721149745204
8706,2.3914721149745204
8707,2.3914721149745204
8708,2.3914721149745204
8709,2.3914721149745204
8710,2.3914721149745204
8711,2.3914721149745204
8712,2.3914721149745204
8713,2.3914721149745204
8714,2.3914721149745204
8715,2.3914721149745204
8716,2.3914721149745204
8717,2.3914721149745204
8718,2.3914721149745204
8719,2.3914721149745204
8720,2.3914721149745204
8721,2.3914721149745204
8722,2.3914721149745204
8723,2.3914721149745204
8724,2.3914721149745204
8725,2.3914721149745204
8726,2.3914721149745204
8727,2.3914721149745204
8728,2.3914721149745204
8729,2.3914721149745204
8730,2.3914721149745204
8731,2.3914721149745204
8732,2.3914721149745204
8733,2.3914721149745204
8734,2.3914721149745204
8735,2.3914721149745204
8736,2.3914721149745204
8737,2.3914721149745204
8738,2.3914721149745204
8739,2.3914721149745204
8740,2.3914721149745204
8741,2.3914721149745204
8742,2.3914721149745204
8743,2.3914721149745204
8744,2.3914721149745204
8745,2.3914721149745204
8746,2.3914721149745204
8747,2.3914721149745204
8748,2.3914721149745204
8749,2.3914721149745204
8750,2.3914721149745204
8751,2.3914721149745204
8752,2.3914721149745204
8753,2.3914721149745204
8754,2.3914721149745204
8755,2.3914721149745204
8756,2.3914721149745204
8757,2.3914721149745204
8758,2.3914721149745204
8759,2.3914721149745204
8760,2.3914721149745204
8761,2.3914721149745204
8762,2.3914721149745204
8763,2.3914721149745204
8764,2.3914721149745204
8765,2.3914721149745204
8766,2.3914721149745204
8767,2.3914721149745204
8768,2.3914721149745204
8769,2.3914721149745204
8770,2.3914721149745204
8771,2.3914721149745204
8772,2.3914721149745204
8773,2.3914721149745204
8774,2.3914721149745204
8775,2.3914721149745204
8776,2.3914721149745204
8777,2.3914721149745204
8778,2.3914721149745204
8779,2.3914721149745204
8780,2.3914721149745204
8781,2.3914721149745204
8782,2.3914721149745204
8783,2.3914721149745204
8784,2.3914721149745204
8785,2.3914721149745204
8786,2.3914721149745204
8787,2.3914721149745204
8788,2.3914721149745204
8789,2.3914721149745204
8790,2.3914721149745204
8791,2.3914721149745204
8792,2.3914721149745204
8793,2.3914721149745204
8794,2.3914721149745204
8795,2.3914721149745204
8796,2.3914721149745204
8797,2.3914721149745204
8798,2.3914721149745204
8799,2.3914721149745204
8800,2.3914721149745204
8801,2.3914721149745204
8802,2.3914721149745204
8803,2.3914721149745204
8804,2.3914721149745204
8805,2.3914721149745204
8806,2.3914721149745204
8807,2.3914721149745204
8808,2.3914721149745204
8809,2.3914721149745204
8810,2.3914721149745204
8811,2.3914721149745204
8812,2.3914721149745204
8813,2.3914721149745204
8814,2.3914721149745204
8815,2.3914721149745204
8816,2.3914721149745204
8817,2.3914721149745204
8818,2.3914721149745204
8819,2.3914721149745204
8820,2.3914721149745204
8821,2.3914721149745204
8822,2.3914721149745204
8823,2.3914721149745204
8824,2.3914721149745204
8825,2.3914721149745204
8826,2.3914721149745204
8827,2.3914721149745204
8828,2.3914721149745204
8829,2.3914721149745204
8830,2.3914721149745204
8831,2.3914721149745204
8832,2.3914721149745204
8833,2.3914721149745204
8834,2.3914721149745204
8835,2.3914721149745204
8836,2.3914721149745204
8837,2.3914721149745204
8838,2.3914721149745204
8839,2.3914721149745204
8840,2.3914721149745204
8841,2.3914721149745204
8842,2.3914721149745204
8843,2.3914721149745204
8844,2.3914721149745204
8845,2.3914721149745204
8846,2.3914721149745204
8847,2.3914721149745204
8848,2.3914721149745204
8849,2.3914721149745204
8850,2.3914721149745204
8851,2.3914721149745204
8852,2.3914721149745204
8853,2.3914721149745204
8854,2.3914721149745204
8855,2.3914721149745204
8856,2.3914721149745204
8857,2.3914721149745204
8858,2.3914721149745204
8859,2.3914721149745204
8860,2.3914721149745204
8861,2.3914721149745204
8862,2.3914721149745204
8863,2.3914721149745204
8864,2.3914721149745204
8865,2.3914721149745204
8866,2.3914721149745204
8867,2.3914721149745204
8868,2.3914721149745204
8869,2.3914721149745204
8870,2.3914721149745204
8871,2.3914721149745204
8872,2.3914721149745204
8873,2.3914721149745204
8874,2.3914721149745204
8875,2.3914721149745204
8876,2.3914721149745204
8877,2.3914721149745204
8878,2.3914721149745204
8879,2.3914721149745204
8880,2.3914721149745204
8881,2.3914721149745204
8882,2.3914721149745204
8883,2.3914721149745204
8884,2.3914721149745204
8885,2.3914721149745204
8886,2.3914721149745204
8887,2.3914721149745204
8888,2.3914721149745204
8889,2.3914721149745204
8890,2.3914721149745204
8891,2.3914721149745204
8892,2.3914721149745204
8893,2.3914721149745204
8894,2.3914721149745204
8895,2.3914721149745204
8896,2.3914721149745204
8897,2.3914721149745204
8898,2.3914721149745204
8899,2.3914721149745204
8900,2.3914721149745204
8901,2.3914721149745204
8902,2.3914721149745204
8903,2.3914721149745204
8904,2.3914721149745204
8905,2.3914721149745204
8906,2.3914721149745204
8907,2.3914721149745204
8908,2.3914721149745204
8909,2.3914721149745204
8910,2.3914721149745204
8911,2.3914721149745204
8912,2.3914721149745204
8913,2.3914721149745204
8914,2.3914721149745204
8915,2.3914721149745204
8916,2.3914721149745204
8917,2.3914721149745204
8918,2.3914721149745204
8919,2.3914721149745204
8920,2.3914721149745204
8921,2.3914721149745204
8922,2.3914721149745204
8923,2.3914721149745204
8924,2.3914721149745204
8925,2.3914721149745204
8926,2.3914721149745204
8927,2.3914721149745204
8928,2.3914721149745204
8929,2.3914721149745204
8930,2.3914721149745204
8931,2.3914721149745204
8932,2.3914721149745204
8933,2.3914721149745204
8934,2.3914721149745204
8935,2.3914721149745204
8936,2.3914721149745204
8937,2.3914721149745204
8938,2.3914721149745204
8939,2.3914721149745204
8940,2.3914721149745204
8941,2.3914721149745204
8942,2.3914721149745204
8943,2.3914721149745204
8944,2.3914721149745204
8945,2.3914721149745204
8946,2.3914721149745204
8947,2.3914721149745204
8948,2.3914721149745204
8949,2.3914721149745204
8950,2.3914721149745204
8951,2.3914721149745204
8952,2.3914721149745204
8953,2.3914721149745204
8954,2.3914721149745204
8955,2.3914721149745204
8956,2.3914721149745204
8957,2.3914721149745204
8958,2.3914721149745204
8959,2.3914721149745204
8960,2.3914721149745204
8961,2.3914721149745204
8962,2.3914721149745204
8963,2.3914721149745204
8964,2.3914721149745204
8965,2.3914721149745204
8966,2.3914721149745204
8967,2.3914721149745204
8968,2.3914721149745204
8969,2.3914721149745204
8970,2.3914721149745204
8971,2.3914721149745204
8972,2.3914721149745204
8973,2.3914721149745204
8974,2.3914721149745204
8975,2.3914721149745204
8976,2.3914721149745204
8977,2.3914721149745204
8978,2.3914721149745204
8979,2.3914721149745204
8980,2.3914721149745204
8981,2.3914721149745204
8982,2.3914721149745204
8983,2.3914721149745204
8984,2.3914721149745204
8985,2.3914721149745204
8986,2.3914721149745204
8987,2.3914721149745204
8988,2.3914721149745204
8989,2.3914721149745204
8990,2.3914721149745204
8991,2.3914721149745204
8992,2.3914721149745204
8993,2.3914721149745204
8994,2.3914721149745204
8995,2.3914721149745204
8996,2.3914721149745204
8997,2.3914721149745204
8998,2.3914721149745204
8999,2.3914721149745204
9000,2.3914721149745204
9001,2.3914721149745204
9002,2.3914721149745204
9003,2.3914721149745204
9004,2.3914721149745204
9005,2.3914721149745204
9006,2.3914721149745204
9007,2.3914721149745204
9008,2.3914721149745204
9009,2.3914721149745204
9010,2.3914721149745204
9011,2.3914721149745204
9012,2.3914721149745204
9013,2.3914721149745204
9014,2.3914721149745204
9015,2.3914721149745204
9016,2.3914721149745204
9017,2.3914721149745204
9018,2.3914721149745204
9019,2.3914721149745204
9020,2.3914721149745204
9021,2.3914721149745204
9022,2.3914721149745204
9023,2.3914721149745204
9024,2.3914721149745204
9025,2.3914721149745204
9026,2.3914721149745204
9027,2.3914721149745204
9028,2.3914721149745204
9029,2.3914721149745204
9030,2.3914721149745204
9031,2.3914721149745204
9032,2.3914721149745204
9033,2.3914721149745204
9034,2.3914721149745204
9035,2.3914721149745204
9036,2.3914721149745204
9037,2.3914721149745204
9038,2.3914721149745204
9039,2.3914721149745204
9040,2.3914721149745204
9041,2.3914721149745204
9042,2.3914721149745204
9043,2.3914721149745204
9044,2.3914721149745204
9045,2.3914721149745204
9046,2.3914721149745204
9047,2.3914721149745204
9048,2.3914721149745204
9049,2.3914721149745204
9050,2.3914721149745204
9051,2.3914721149745204
9052,2.3914721149745204
9053,2.3914721149745204
9054,2.3914721149745204
9055,2.3914721149745204
9056,2.3914721149745204
9057,2.3914721149745204
9058,2.3914721149745204
9059,2.3914721149745204
9060,2.3914721149745204
9061,2.3914721149745204
9062,2.3914721149745204
9063,2.3914721149745204
9064,2.3914721149745204
9065,2.3914721149745204
9066,2.3914721149745204
9067,2.3914721149745204
9068,2.3914721149745204
9069,2.3914721149745204
9070,2.3914721149745204
9071,2.3914721149745204
9072,2.3914721149745204
9073,2.3914721149745204
9074,2.3914721149745204
9075,2.3914721149745204
9076,2.3914721149745204
9077,2.3914721149745204
9078,2.3914721149745204
9079,2.3914721149745204
9080,2.3914721149745204
9081,2.3914721149745204
9082,2.3914721149745204
9083,2.3914721149745204
9084,2.3914721149745204
9085,2.3914721149745204
9086,2.3914721149745204
9087,2.3914721149745204
9088,2.3914721149745204
9089,2.3914721149745204
9090,2.3914721149745204
9091,2.3914721149745204
9092,2.3914721149745204
9093,2.3914721149745204
9094,2.3914721149745204
9095,2.3914721149745204
9096,2.3914721149745204
9097,2.3914721149745204
9098,2.3914721149745204
9099,2.3914721149745204
9100,2.3914721149745204
9101,2.3914721149745204
9102,2.3914721149745204
9103,2.3914721149745204
9104,2.3914721149745204
9105,2.3914721149745204
9106,2.3914721149745204
9107,2.3914721149745204
9108,2.3914721149745204
9109,2.3914721149745204
9110,2.3914721149745204
9111,2.3914721149745204
9112,2.3914721149745204
9113,2.3914721149745204
9114,2.3914721149745204
9115,2.3914721149745204
9116,2.3914721149745204
9117,2.3914721149745204
9118,2.3914721149745204
9119,2.3914721149745204
9120,2.3914721149745204
9121,2.3914721149745204
9122,2.3914721149745204
9123,2.3914721149745204
9124,2.3914721149745204
9125,2.3914721149745204
9126,2.3914721149745204
9127,2.3914721149745204
9128,2.3914721149745204
9129,2.3914721149745204
9130,2.3914721149745204
9131,2.3914721149745204
9132,2.3914721149745204
9133,2.3914721149745204
9134,2.3914721149745204
9135,2.3914721149745204
9136,2.3914721149745204
9137,2.3914721149745204
9138,2.3914721149745204
9139,2.3914721149745204
9140,2.3914721149745204
9141,2.3914721149745204
9142,2.3914721149745204
9143,2.3914721149745204
9144,2.3914721149745204
9145,2.3914721149745204
9146,2.3914721149745204
9147,2.3914721149745204
9148,2.3914721149745204
9149,2.3914721149745204
9150,2.3914721149745204
9151,2.3914721149745204
9152,2.3914721149745204
9153,2.3914721149745204
9154,2.3914721149745204
9155,2.3914721149745204
9156,2.3914721149745204
9157,2.3914721149745204
9158,2.3914721149745204
9159,2.3914721149745204
9160,2.3914721149745204
9161,2.3914721149745204
9162,2.3914721149745204
9163,2.3914721149745204
9164,2.3914721149745204
9165,2.3914721149745204
9166,2.3914721149745204
9167,2.3914721149745204
9168,2.3914721149745204
9169,2.3914721149745204
9170,2.3914721149745204
9171,2.3914721149745204
9172,2.3914721149745204
9173,2.3914721149745204
9174,2.3914721149745204
9175,2.3914721149745204
9176,2.3914721149745204
9177,2.3914721149745204
9178,2.3914721149745204
9179,2.3914721149745204
9180,2.3914721149745204
9181,2.3914721149745204
9182,2.3914721149745204
9183,2.3914721149745204
9184,2.3914721149745204
9185,2.3914721149745204
9186,2.3914721149745204
9187,2.3914721149745204
9188,2.3914721149745204
9189,2.3914721149745204
9190,2.3914721149745204
9191,2.3914721149745204
9192,2.3914721149745204
9193,2.3914721149745204
9194,2.3914721149745204
9195,2.3914721149745204
9196,2.3914721149745204
9197,2.3914721149745204
9198,2.3914721149745204
9199,2.3914721149745204
9200,2.3914721149745204
9201,2.3914721149745204
9202,2.3914721149745204
9203,2.3914721149745204
9204,2.3914721149745204
9205,2.3914721149745204
9206,2.3914721149745204
9207,2.3914721149745204
9208,2.3914721149745204
9209,2.3914721149745204
9210,2.3914721149745204
9211,2.3914721149745204
9212,2.3914721149745204
9213,2.3914721149745204
9214,2.3914721149745204
9215,2.3914721149745204
9216,2.3914721149745204
9217,2.3914721149745204
9218,2.3914721149745204
9219,2.3914721149745204
9220,2.3914721149745204
9221,2.3914721149745204
9222,2.3914721149745204
9223,2.3914721149745204
9224,2.3914721149745204
9225,2.3914721149745204
9226,2.3914721149745204
9227,2.3914721149745204
9228,2.3914721149745204
9229,2.3914721149745204
9230,2.3914721149745204
9231,2.3914721149745204
9232,2.3914721149745204
9233,2.3914721149745204
9234,2.3914721149745204
9235,2.3914721149745204
9236,2.3914721149745204
9237,2.3914721149745204
9238,2.3914721149745204
9239,2.3914721149745204
9240,2.3914721149745204
9241,2.3914721149745204
9242,2.3914721149745204
9243,2.3914721149745204
9244,2.3914721149745204
9245,2.3914721149745204
9246,2.3914721149745204
9247,2.3914721149745204
9248,2.3914721149745204
9249,2.3914721149745204
9250,2.3914721149745204
9251,2.3914721149745204
9252,2.3914721149745204
9253,2.3914721149745204
9254,2.3914721149745204
9255,2.3914721149745204
9256,2.3914721149745204
9257,2.3914721149745204
9258,2.3914721149745204
9259,2.3914721149745204
9260,2.3914721149745204
9261,2.3914721149745204
9262,2.3914721149745204
9263,2.3914721149745204
9264,2.3914721149745204
9265,2.3914721149745204
9266,2.3914721149745204
9267,2.3914721149745204
9268,2.3914721149745204
9269,2.3914721149745204
9270,2.3914721149745204
9271,2.3914721149745204
9272,2.3914721149745204
9273,2.3914721149745204
9274,2.3914721149745204
9275,2.3914721149745204
9276,2.3914721149745204
9277,2.3914721149745204
9278,2.3914721149745204
9279,2.3914721149745204
9280,2.3914721149745204
9281,2.3914721149745204
9282,2.3914721149745204
9283,2.3914721149745204
9284,2.3914721149745204
9285,2.3914721149745204
9286,2.3914721149745204
9287,2.3914721149745204
9288,2.3914721149745204
9289,2.3914721149745204
9290,2.3914721149745204
9291,2.3914721149745204
9292,2.3914721149745204
9293,2.3914721149745204
9294,2.3914721149745204
9295,2.3914721149745204
9296,2.3914721149745204
9297,2.3914721149745204
9298,2.3914721149745204
9299,2.3914721149745204
9300,2.3914721149745204
9301,2.3914721149745204
9302,2.3914721149745204
9303,2.3914721149745204
9304,2.3914721149745204
9305,2.3914721149745204
9306,2.3914721149745204
9307,2.3914721149745204
9308,2.3914721149745204
9309,2.3914721149745204
9310,2.3914721149745204
9311,2.3914721149745204
9312,2.3914721149745204
9313,2.3914721149745204
9314,2.3914721149745204
9315,2.3914721149745204
9316,2.3914721149745204
9317,2.3914721149745204
9318,2.3914721149745204
9319,2.3914721149745204
9320,2.3914721149745204
9321,2.3914721149745204
9322,2.3914721149745204
9323,2.3914721149745204
9324,2.3914721149745204
9325,2.3914721149745204
9326,2.3914721149745204
9327,2.3914721149745204
9328,2.3914721149745204
9329,2.3914721149745204
9330,2.3914721149745204
9331,2.3914721149745204
9332,2.3914721149745204
9333,2.3914721149745204
9334,2.3914721149745204
9335,2.3914721149745204
9336,2.3914721149745204
9337,2.3914721149745204
9338,2.3914721149745204
9339,2.3914721149745204
9340,2.3914721149745204
9341,2.3914721149745204
9342,2.3914721149745204
9343,2.3914721149745204
9344,2.3914721149745204
9345,2.3914721149745204
9346,2.3914721149745204
9347,2.3914721149745204
9348,2.3914721149745204
9349,2.3914721149745204
9350,2.3914721149745204
9351,2.3914721149745204
9352,2.3914721149745204
9353,2.3914721149745204
9354,2.3914721149745204
9355,2.3914721149745204
9356,2.3914721149745204
9357,2.3914721149745204
9358,2.3914721149745204
9359,2.3914721149745204
9360,2.3914721149745204
9361,2.3914721149745204
9362,2.3914721149745204
9363,2.3914721149745204
9364,2.3914721149745204
9365,2.3914721149745204
9366,2.3914721149745204
9367,2.3914721149745204
9368,2.3914721149745204
9369,2.3914721149745204
9370,2.3914721149745204
9371,2.3914721149745204
9372,2.3914721149745204
9373,2.3914721149745204
9374,2.3914721149745204
9375,2.3914721149745204
9376,2.3914721149745204
9377,2.3914721149745204
9378,2.3914721149745204
9379,2.3914721149745204
9380,2.3914721149745204
9381,2.3914721149745204
9382,2.3914721149745204
9383,2.3914721149745204
9384,2.3914721149745204
9385,2.3914721149745204
9386,2.3914721149745204
9387,2.3914721149745204
9388,2.3914721149745204
9389,2.3914721149745204
9390,2.3914721149745204
9391,2.3914721149745204
9392,2.3914721149745204
9393,2.3914721149745204
9394,2.3914721149745204
9395,2.3914721149745204
9396,2.3914721149745204
9397,2.3914721149745204
9398,2.3914721149745204
9399,2.3914721149745204
9400,2.3914721149745204
9401,2.3914721149745204
9402,2.3914721149745204
9403,2.3914721149745204
9404,2.3914721149745204
9405,2.3914721149745204
9406,2.3914721149745204
9407,2.3914721149745204
9408,2.3914721149745204
9409,2.3914721149745204
9410,2.3914721149745204
9411,2.3914721149745204
9412,2.3914721149745204
9413,2.3914721149745204
9414,2.3914721149745204
9415,2.3914721149745204
9416,2.3914721149745204
9417,2.3914721149745204
9418,2.3914721149745204
9419,2.3914721149745204
9420,2.3914721149745204
9421,2.3914721149745204
9422,2.3914721149745204
9423,2.3914721149745204
9424,2.3914721149745204
9425,2.3914721149745204
9426,2.3914721149745204
9427,2.3914721149745204
9428,2.3914721149745204
9429,2.3914721149745204
9430,2.3914721149745204
9431,2.3914721149745204
9432,2.3914721149745204
9433,2.3914721149745204
9434,2.3914721149745204
9435,2.3914721149745204
9436,2.3914721149745204
9437,2.3914721149745204
9438,2.3914721149745204
9439,2.3914721149745204
9440,2.3914721149745204
9441,2.3914721149745204
9442,2.3914721149745204
9443,2.3914721149745204
9444,2.3914721149745204
9445,2.3914721149745204
9446,2.3914721149745204
9447,2.3914721149745204
9448,2.3914721149745204
9449,2.3914721149745204
9450,2.3914721149745204
9451,2.3914721149745204
9452,2.3914721149745204
9453,2.3914721149745204
9454,2.3914721149745204
9455,2.3914721149745204
9456,2.3914721149745204
9457,2.3914721149745204
9458,2.3914721149745204
9459,2.3914721149745204
9460,2.3914721149745204
9461,2.3914721149745204
9462,2.3914721149745204
9463,2.3914721149745204
9464,2.3914721149745204
9465,2.3914721149745204
9466,2.3914721149745204
9467,2.3914721149745204
9468,2.3914721149745204
9469,2.3914721149745204
9470,2.3914721149745204
9471,2.3914721149745204
9472,2.3914721149745204
9473,2.3914721149745204
9474,2.3914721149745204
9475,2.3914721149745204
9476,2.3914721149745204
9477,2.3914721149745204
9478,2.3914721149745204
9479,2.3914721149745204
9480,2.3914721149745204
9481,2.3914721149745204
9482,2.3914721149745204
9483,2.3914721149745204
9484,2.3914721149745204
9485,2.3914721149745204
9486,2.3914721149745204
9487,2.3914721149745204
9488,2.3914721149745204
9489,2.3914721149745204
9490,2.3914721149745204
9491,2.3914721149745204
9492,2.3914721149745204
9493,2.3914721149745204
9494,2.3914721149745204
9495,2.3914721149745204
9496,2.3914721149745204
9497,2.3914721149745204
9498,2.3914721149745204
9499,2.3914721149745204
9500,2.3914721149745204
9501,2.3914721149745204
9502,2.3914721149745204
9503,2.3914721149745204
9504,2.3914721149745204
9505,2.3914721149745204
9506,2.3914721149745204
9507,2.3914721149745204
9508,2.3914721149745204
9509,2.3914721149745204
9510,2.3914721149745204
9511,2.3914721149745204
9512,2.3914721149745204
9513,2.3914721149745204
9514,2.3914721149745204
9515,2.3914721149745204
9516,2.3914721149745204
9517,2.3914721149745204
9518,2.3914721149745204
9519,2.3914721149745204
9520,2.3914721149745204
9521,2.3914721149745204
9522,2.3914721149745204
9523,2.3914721149745204
9524,2.3914721149745204
9525,2.3914721149745204
9526,2.3914721149745204
9527,2.3914721149745204
9528,2.3914721149745204
9529,2.3914721149745204
9530,2.3914721149745204
9531,2.3914721149745204
9532,2.3914721149745204
9533,2.3914721149745204
9534,2.3914721149745204
9535,2.3914721149745204
9536,2.3914721149745204
9537,2.3914721149745204
9538,2.3914721149745204
9539,2.3914721149745204
9540,2.3914721149745204
9541,2.3914721149745204
9542,2.3914721149745204
9543,2.3914721149745204
9544,2.3914721149745204
9545,2.3914721149745204
9546,2.3914721149745204
9547,2.3914721149745204
9548,2.3914721149745204
9549,2.3914721149745204
9550,2.3914721149745204
9551,2.3914721149745204
9552,2.3914721149745204
9553,2.3914721149745204
9554,2.3914721149745204
9555,2.3914721149745204
9556,2.3914721149745204
9557,2.3914721149745204
9558,2.3914721149745204
9559,2.3914721149745204
9560,2.3914721149745204
9561,2.3914721149745204
9562,2.3914721149745204
9563,2.3914721149745204
9564,2.3914721149745204
9565,2.3914721149745204
9566,2.3914721149745204
9567,2.3914721149745204
9568,2.3914721149745204
9569,2.3914721149745204
9570,2.3914721149745204
9571,2.3914721149745204
9572,2.3914721149745204
9573,2.3914721149745204
9574,2.3914721149745204
9575,2.3914721149745204
9576,2.3914721149745204
9577,2.3914721149745204
9578,2.3914721149745204
9579,2.3914721149745204
9580,2.3914721149745204
9581,2.3914721149745204
9582,2.3914721149745204
9583,2.3914721149745204
9584,2.3914721149745204
9585,2.3914721149745204
9586,2.3914721149745204
9587,2.3914721149745204
9588,2.3914721149745204
9589,2.3914721149745204
9590,2.3914721149745204
9591,2.3914721149745204
9592,2.3914721149745204
9593,2.3914721149745204
9594,2.3914721149745204
9595,2.3914721149745204
9596,2.3914721149745204
9597,2.3914721149745204
9598,2.3914721149745204
9599,2.3914721149745204
9600,2.3914721149745204
9601,2.3914721149745204
9602,2.3914721149745204
9603,2.3914721149745204
9604,2.3914721149745204
9605,2.3914721149745204
9606,2.3914721149745204
9607,2.3914721149745204
9608,2.3914721149745204
9609,2.3914721149745204
9610,2.3914721149745204
9611,2.3914721149745204
9612,2.3914721149745204
9613,2.3914721149745204
9614,2.3914721149745204
9615,2.3914721149745204
9616,2.3914721149745204
9617,2.3914721149745204
9618,2.3914721149745204
9619,2.3914721149745204
9620,2.3914721149745204
9621,2.3914721149745204
9622,2.3914721149745204
9623,2.3914721149745204
9624,2.3914721149745204
9625,2.3914721149745204
9626,2.3914721149745204
9627,2.3914721149745204
9628,2.3914721149745204
9629,2.3914721149745204
9630,2.3914721149745204
9631,2.3914721149745204
9632,2.3914721149745204
9633,2.3914721149745204
9634,2.3914721149745204
9635,2.3914721149745204
9636,2.3914721149745204
9637,2.3914721149745204
9638,2.3914721149745204
9639,2.3914721149745204
9640,2.3914721149745204
9641,2.3914721149745204
9642,2.3914721149745204
9643,2.3914721149745204
9644,2.3914721149745204
9645,2.3914721149745204
9646,2.3914721149745204
9647,2.3914721149745204
9648,2.3914721149745204
9649,2.3914721149745204
9650,2.3914721149745204
9651,2.3914721149745204
9652,2.3914721149745204
9653,2.3914721149745204
9654,2.3914721149745204
9655,2.3914721149745204
9656,2.3914721149745204
9657,2.3914721149745204
9658,2.3914721149745204
9659,2.3914721149745204
9660,2.3914721149745204
9661,2.3914721149745204
9662,2.3914721149745204
9663,2.3914721149745204
9664,2.3914721149745204
9665,2.3914721149745204
9666,2.3914721149745204
9667,2.3914721149745204
9668,2.3914721149745204
9669,2.3914721149745204
9670,2.3914721149745204
9671,2.3914721149745204
9672,2.3914721149745204
9673,2.3914721149745204
9674,2.3914721149745204
9675,2.3914721149745204
9676,2.3914721149745204
9677,2.3914721149745204
9678,2.3914721149745204
9679,2.3914721149745204
9680,2.3914721149745204
9681,2.3914721149745204
9682,2.3914721149745204
9683,2.3914721149745204
9684,2.3914721149745204
9685,2.3914721149745204
9686,2.3914721149745204
9687,2.3914721149745204
9688,2.3914721149745204
9689,2.3914721149745204
9690,2.3914721149745204
9691,2.3914721149745204
9692,2.3914721149745204
9693,2.3914721149745204
9694,2.3914721149745204
9695,2.3914721149745204
9696,2.3914721149745204
9697,2.3914721149745204
9698,2.3914721149745204
9699,2.3914721149745204
9700,2.3914721149745204
9701,2.3914721149745204
9702,2.3914721149745204
9703,2.3914721149745204
9704,2.3914721149745204
9705,2.3914721149745204
9706,2.3914721149745204
9707,2.3914721149745204
9708,2.3914721149745204
9709,2.3914721149745204
9710,2.3914721149745204
9711,2.3914721149745204
9712,2.3914721149745204
9713,2.3914721149745204
9714,2.3914721149745204
9715,2.3914721149745204
9716,2.3914721149745204
9717,2.3914721149745204
9718,2.3914721149745204
9719,2.3914721149745204
9720,2.3914721149745204
9721,2.3914721149745204
9722,2.3914721149745204
9723,2.3914721149745204
9724,2.3914721149745204
9725,2.3914721149745204
9726,2.3914721149745204
9727,2.3914721149745204
9728,2.3914721149745204
9729,2.3914721149745204
9730,2.3914721149745204
9731,2.3914721149745204
9732,2.3914721149745204
9733,2.3914721149745204
9734,2.3914721149745204
9735,2.3914721149745204
9736,2.3914721149745204
9737,2.3914721149745204
9738,2.3914721149745204
9739,2.3914721149745204
9740,2.3914721149745204
9741,2.3914721149745204
9742,2.3914721149745204
9743,2.3914721149745204
9744,2.3914721149745204
9745,2.3914721149745204
9746,2.3914721149745204
9747,2.3914721149745204
9748,2.3914721149745204
9749,2.3914721149745204
9750,2.3914721149745204
9751,2.3914721149745204
9752,2.3914721149745204
9753,2.3914721149745204
9754,2.3914721149745204
9755,2.3914721149745204
9756,2.3914721149745204
9757,2.3914721149745204
9758,2.3914721149745204
9759,2.3914721149745204
9760,2.3914721149745204
9761,2.3914721149745204
9762,2.3914721149745204
9763,2.3914721149745204
9764,2.3914721149745204
9765,2.3914721149745204
9766,2.3914721149745204
9767,2.3914721149745204
9768,2.3914721149745204
9769,2.3914721149745204
9770,2.3914721149745204
9771,2.3914721149745204
9772,2.3914721149745204
9773,2.3914721149745204
9774,2.3914721149745204
9775,2.3914721149745204
9776,2.3914721149745204
9777,2.3914721149745204
9778,2.3914721149745204
9779,2.3914721149745204
9780,2.3914721149745204
9781,2.3914721149745204
9782,2.3914721149745204
9783,2.3914721149745204
9784,2.3914721149745204
9785,2.3914721149745204
9786,2.3914721149745204
9787,2.3914721149745204
9788,2.3914721149745204
9789,2.3914721149745204
9790,2.3914721149745204
9791,2.3914721149745204
9792,2.3914721149745204
9793,2.3914721149745204
9794,2.3914721149745204
9795,2.3914721149745204
9796,2.3914721149745204
9797,2.3914721149745204
9798,2.3914721149745204
9799,2.3914721149745204
9800,2.3914721149745204
9801,2.3914721149745204
9802,2.3914721149745204
9803,2.3914721149745204
9804,2.3914721149745204
9805,2.3914721149745204
9806,2.3914721149745204
9807,2.3914721149745204
9808,2.3914721149745204
9809,2.3914721149745204
9810,2.3914721149745204
9811,2.3914721149745204
9812,2.3914721149745204
9813,2.3914721149745204
9814,2.3914721149745204
9815,2.3914721149745204
9816,2.3914721149745204
9817,2.3914721149745204
9818,2.3914721149745204
9819,2.3914721149745204
9820,2.3914721149745204
9821,2.3914721149745204
9822,2.3914721149745204
9823,2.3914721149745204
9824,2.3914721149745204
9825,2.3914721149745204
9826,2.3914721149745204
9827,2.3914721149745204
9828,2.3914721149745204
9829,2.3914721149745204
9830,2.3914721149745204
9831,2.3914721149745204
9832,2.3914721149745204
9833,2.3914721149745204
9834,2.3914721149745204
9835,2.3914721149745204
9836,2.3914721149745204
9837,2.3914721149745204
9838,2.3914721149745204
9839,2.3914721149745204
9840,2.3914721149745204
9841,2.3914721149745204
9842,2.3914721149745204
9843,2.3914721149745204
9844,2.3914721149745204
9845,2.3914721149745204
9846,2.3914721149745204
9847,2.3914721149745204
9848,2.3914721149745204
9849,2.3914721149745204
9850,2.3914721149745204
9851,2.3914721149745204
9852,2.3914721149745204
9853,2.3914721149745204
9854,2.3914721149745204
9855,2.3914721149745204
9856,2.3914721149745204
9857,2.3914721149745204
9858,2.3914721149745204
9859,2.3914721149745204
9860,2.3914721149745204
9861,2.3914721149745204
9862,2.3914721149745204
9863,2.3914721149745204
9864,2.3914721149745204
9865,2.3914721149745204
9866,2.3914721149745204
9867,2.3914721149745204
9868,2.3914721149745204
9869,2.3914721149745204
9870,2.3914721149745204
9871,2.3914721149745204
9872,2.3914721149745204
9873,2.3914721149745204
9874,2.3914721149745204
9875,2.3914721149745204
9876,2.3914721149745204
9877,2.3914721149745204
9878,2.3914721149745204
9879,2.3914721149745204
9880,2.3914721149745204
9881,2.3914721149745204
9882,2.3914721149745204
9883,2.3914721149745204
9884,2.3914721149745204
9885,2.3914721149745204
9886,2.3914721149745204
9887,2.3914721149745204
9888,2.3914721149745204
9889,2.3914721149745204
9890,2.3914721149745204
9891,2.3914721149745204
9892,2.3914721149745204
9893,2.3914721149745204
9894,2.3914721149745204
9895,2.3914721149745204
9896,2.3914721149745204
9897,2.3914721149745204
9898,2.3914721149745204
9899,2.3914721149745204
9900,2.3914721149745204
9901,2.3914721149745204
9902,2.3914721149745204
9903,2.3914721149745204
9904,2.3914721149745204
9905,2.3914721149745204
9906,2.3914721149745204
9907,2.3914721149745204
9908,2.3914721149745204
9909,2.3914721149745204
9910,2.3914721149745204
9911,2.3914721149745204
9912,2.3914721149745204
9913,2.3914721149745204
9914,2.3914721149745204
9915,2.3914721149745204
9916,2.3914721149745204
9917,2.3914721149745204
9918,2.3914721149745204
9919,2.3914721149745204
9920,2.3914721149745204
9921,2.3914721149745204
9922,2.3914721149745204
9923,2.3914721149745204
9924,2.3914721149745204
9925,2.3914721149745204
9926,2.3914721149745204
9927,2.3914721149745204
9928,2.3914721149745204
9929,2.3914721149745204
9930,2.3914721149745204
9931,2.3914721149745204
9932,2.3914721149745204
9933,2.3914721149745204
9934,2.3914721149745204
9935,2.3914721149745204
9936,2.3914721149745204
9937,2.3914721149745204
9938,2.3914721149745204
9939,2.3914721149745204
9940,2.3914721149745204
9941,2.3914721149745204
9942,2.3914721149745204
9943,2.3914721149745204
9944,2.3914721149745204
9945,2.3914721149745204
9946,2.3914721149745204
9947,2.3914721149745204
9948,2.3914721149745204
9949,2.3914721149745204
9950,2.3914721149745204
9951,2.3914721149745204
9952,2.3914721149745204
9953,2.3914721149745204
9954,2.3914721149745204
9955,2.3914721149745204
9956,2.3914721149745204
9957,2.3914721149745204
9958,2.3914721149745204
9959,2.3914721149745204
9960,2.3914721149745204
9961,2.3914721149745204
9962,2.3914721149745204
9963,2.3914721149745204
9964,2.3914721149745204
9965,2.3914721149745204
9966,2.3914721149745204
9967,2.3914721149745204
9968,2.3914721149745204
9969,2.3914721149745204
9970,2.3914721149745204
9971,2.3914721149745204
9972,2.3914721149745204
9973,2.3914721149745204
9974,2.3914721149745204
9975,2.3914721149745204
9976,2.3914721149745204
9977,2.3914721149745204
9978,2.3914721149745204
9979,2.3914721149745204
9980,2.3914721149745204
9981,2.3914721149745204
9982,2.3914721149745204
9983,2.3914721149745204
9984,2.3914721149745204
9985,2.3914721149745204
9986,2.3914721149745204
9987,2.3914721149745204
9988,2.3914721149745204
9989,2.3914721149745204
9990,2.3914721149745204
9991,2.3914721149745204
9992,2.3914721149745204
9993,2.3914721149745204
9994,2.3914721149745204
9995,2.3914721149745204
9996,2.3914721149745204
9997,2.3914721149745204
9998,2.3914721149745204
9999,2.3914721149745204
10000,2.3914721149745204
