iteration,best_loss
0,9.117419654492688
1,9.117419654492688
2,9.117419654492688
3,9.117419654492688
4,9.117419654492688
5,9.117419654492688
6,9.117419654492688
7,9.117419654492688
8,9.117419654492688
9,9.117419654492688
10,9.117419654492688
11,9.117419654492688
12,9.117419654492688
13,9.117419654492688
14,9.117419654492688
15,9.117419654492688
16,9.117419654492688
17,9.117419654492688
18,9.117419654492688
19,9.117419654492688
20,9.117419654492688
21,9.117419654492688
22,7.695698942553922
23,7.695698942553922
24,7.695698942553922
25,7.695698942553922
26,7.695698942553922
27,7.695698942553922
28,7.695698942553922
29,7.695698942553922
30,7.695698942553922
31,7.695698942553922
32,7.695698942553922
33,7.695698942553922
34,7.695698942553922
35,7.695698942553922
36,7.695698942553922
37,7.695698942553922
38,7.695698942553922
39,7.695698942553922
40,7.695698942553922
41,7.695698942553922
42,7.695698942553922
43,7.695698942553922
44,7.695698942553922
45,7.436799506928703
46,7.436799506928703
47,7.436799506928703
48,7.436799506928703
49,7.436799506928703
50,7.436799506928703
51,7.436799506928703
52,7.436799506928703
53,7.436799506928703
54,7.436799506928703
55,7.436799506928703
56,7.436799506928703
57,7.436799506928703
58,7.436799506928703
59,7.436799506928703
60,7.436799506928703
61,7.436799506928703
62,7.436799506928703
63,7.436799506928703
64,7.436799506928703
65,7.436799506928703
66,7.436799506928703
67,7.436799506928703
68,7.436799506928703
69,7.436799506928703
70,7.436799506928703
71,7.436799506928703
72,7.436799506928703
73,7.436799506928703
74,7.436799506928703
75,7.436799506928703
76,7.436799506928703
77,7.436799506928703
78,7.436799506928703
79,7.436799506928703
80,7.436799506928703
81,7.436799506928703
82,7.436799506928703
83,7.436799506928703
84,7.436799506928703
85,7.436799506928703
86,7.436799506928703
87,7.436799506928703
88,7.436799506928703
89,7.436799506928703
90,7.436799506928703
91,7.436799506928703
92,7.436799506928703
93,7.436799506928703
94,7.436799506928703
95,7.436799506928703
96,7.436799506928703
97,7.436799506928703
98,7.436799506928703
99,7.436799506928703
100,7.436799506928703
101,7.436799506928703
102,7.436799506928703
103,7.436799506928703
104,7.436799506928703
105,7.436799506928703
106,7.436799506928703
107,7.436799506928703
108,7.436799506928703
109,7.436799506928703
110,7.436799506928703
111,7.436799506928703
112,7.436799506928703
113,7.436799506928703
114,7.436799506928703
115,7.436799506928703
116,7.436799506928703
117,7.436799506928703
118,7.436799506928703
119,7.436799506928703
120,7.436799506928703
121,7.436799506928703
122,7.436799506928703
123,7.436799506928703
124,7.436799506928703
125,7.436799506928703
126,7.436799506928703
127,7.436799506928703
128,7.436799506928703
129,7.436799506928703
130,7.436799506928703
131,7.436799506928703
132,7.436799506928703
133,7.436799506928703
134,7.436799506928703
135,7.436799506928703
136,7.436799506928703
137,7.436799506928703
138,7.436799506928703
139,6.810784322438565
140,6.810784322438565
141,6.810784322438565
142,6.810784322438565
143,6.810784322438565
144,6.810784322438565
145,6.810784322438565
146,6.810784322438565
147,6.810784322438565
148,6.810784322438565
149,6.810784322438565
150,6.810784322438565
151,6.810784322438565
152,6.810784322438565
153,6.810784322438565
154,6.810784322438565
155,6.810784322438565
156,6.810784322438565
157,6.810784322438565
158,6.810784322438565
159,6.810784322438565
160,6.810784322438565
161,6.810784322438565
162,6.810784322438565
163,6.810784322438565
164,6.810784322438565
165,6.810784322438565
166,6.810784322438565
167,6.810784322438565
168,6.810784322438565
169,6.810784322438565
170,6.810784322438565
171,6.810784322438565
172,6.810784322438565
173,6.810784322438565
174,6.810784322438565
175,6.810784322438565
176,6.810784322438565
177,6.810784322438565
178,6.810784322438565
179,6.810784322438565
180,6.810784322438565
181,6.810784322438565
182,6.810784322438565
183,6.810784322438565
184,6.810784322438565
185,6.810784322438565
186,6.810784322438565
187,6.810784322438565
188,6.810784322438565
189,6.810784322438565
190,6.810784322438565
191,6.810784322438565
192,6.810784322438565
193,6.810784322438565
194,6.810784322438565
195,6.810784322438565
196,6.810784322438565
197,6.810784322438565
198,6.810784322438565
199,6.810784322438565
200,6.810784322438565
201,6.810784322438565
202,6.810784322438565
203,6.810784322438565
204,6.810784322438565
205,6.810784322438565
206,6.810784322438565
207,6.810784322438565
208,6.810784322438565
209,6.810784322438565
210,6.810784322438565
211,6.810784322438565
212,6.810784322438565
213,6.810784322438565
214,6.810784322438565
215,6.810784322438565
216,6.810784322438565
217,6.810784322438565
218,6.810784322438565
219,6.810784322438565
220,6.810784322438565
221,6.810784322438565
222,6.810784322438565
223,6.810784322438565
224,6.810784322438565
225,6.810784322438565
226,6.810784322438565
227,6.810784322438565
228,6.810784322438565
229,6.810784322438565
230,6.810784322438565
231,6.810784322438565
232,6.810784322438565
233,6.810784322438565
234,6.810784322438565
235,6.810784322438565
236,6.810784322438565
237,6.810784322438565
238,6.810784322438565
239,6.810784322438565
240,6.810784322438565
241,6.810784322438565
242,6.810784322438565
243,6.810784322438565
244,6.810784322438565
245,6.810784322438565
246,6.810784322438565
247,6.810784322438565
248,6.810784322438565
249,6.810784322438565
250,6.810784322438565
251,6.810784322438565
252,6.810784322438565
253,6.810784322438565
254,6.810784322438565
255,6.810784322438565
256,6.810784322438565
257,6.810784322438565
258,6.810784322438565
259,6.810784322438565
260,6.810784322438565
261,6.810784322438565
262,6.810784322438565
263,6.810784322438565
264,6.810784322438565
265,6.810784322438565
266,6.810784322438565
267,6.810784322438565
268,6.810784322438565
269,6.810784322438565
270,6.810784322438565
271,6.810784322438565
272,6.810784322438565
273,6.810784322438565
274,6.810784322438565
275,6.810784322438565
276,6.810784322438565
277,6.810784322438565
278,6.810784322438565
279,6.810784322438565
280,6.810784322438565
281,6.810784322438565
282,6.810784322438565
283,6.810784322438565
284,6.810784322438565
285,6.810784322438565
286,6.810784322438565
287,6.810784322438565
288,6.810784322438565
289,6.810784322438565
290,6.810784322438565
291,6.810784322438565
292,6.810784322438565
293,6.810784322438565
294,6.810784322438565
295,6.810784322438565
296,6.810784322438565
297,6.810784322438565
298,6.810784322438565
299,6.810784322438565
300,6.810784322438565
301,6.810784322438565
302,6.810784322438565
303,6.810784322438565
304,6.810784322438565
305,6.810784322438565
306,6.810784322438565
307,6.810784322438565
308,6.810784322438565
309,6.810784322438565
310,6.810784322438565
311,6.810784322438565
312,6.810784322438565
313,6.810784322438565
314,6.810784322438565
315,6.810784322438565
316,6.810784322438565
317,6.810784322438565
318,6.810784322438565
319,6.810784322438565
320,6.810784322438565
321,6.810784322438565
322,6.810784322438565
323,6.810784322438565
324,6.810784322438565
325,6.810784322438565
326,6.810784322438565
327,6.810784322438565
328,6.810784322438565
329,6.810784322438565
330,6.810784322438565
331,6.810784322438565
332,6.810784322438565
333,6.810784322438565
334,6.810784322438565
335,6.810784322438565
336,6.810784322438565
337,6.810784322438565
338,6.810784322438565
339,6.810784322438565
340,6.810784322438565
341,6.810784322438565
342,6.810784322438565
343,6.810784322438565
344,6.810784322438565
345,6.810784322438565
346,6.810784322438565
347,6.810784322438565
348,6.810784322438565
349,6.810784322438565
350,6.810784322438565
351,6.810784322438565
352,6.810784322438565
353,6.810784322438565
354,6.810784322438565
355,6.810784322438565
356,6.810784322438565
357,6.810784322438565
358,6.810784322438565
359,6.810784322438565
360,6.810784322438565
361,6.810784322438565
362,6.810784322438565
363,6.810784322438565
364,6.810784322438565
365,6.810784322438565
366,6.810784322438565
367,6.810784322438565
368,6.810784322438565
369,6.810784322438565
370,6.810784322438565
371,6.810784322438565
372,6.810784322438565
373,6.810784322438565
374,6.810784322438565
375,6.810784322438565
376,6.810784322438565
377,6.810784322438565
378,6.810784322438565
379,6.810784322438565
380,6.810784322438565
381,6.810784322438565
382,6.810784322438565
383,6.810784322438565
384,6.810784322438565
385,6.810784322438565
386,6.810784322438565
387,6.810784322438565
388,6.810784322438565
389,6.810784322438565
390,6.810784322438565
391,6.810784322438565
392,6.810784322438565
393,6.810784322438565
394,6.810784322438565
395,6.810784322438565
396,6.810784322438565
397,6.810784322438565
398,6.810784322438565
399,6.810784322438565
400,6.810784322438565
401,6.810784322438565
402,6.810784322438565
403,6.810784322438565
404,6.810784322438565
405,6.810784322438565
406,6.810784322438565
407,6.810784322438565
408,6.810784322438565
409,6.810784322438565
410,6.810784322438565
411,6.810784322438565
412,6.810784322438565
413,6.810784322438565
414,6.810784322438565
415,6.810784322438565
416,6.810784322438565
417,6.810784322438565
418,6.810784322438565
419,6.810784322438565
420,6.810784322438565
421,6.810784322438565
422,6.810784322438565
423,6.810784322438565
424,6.810784322438565
425,6.810784322438565
426,6.810784322438565
427,6.810784322438565
428,6.810784322438565
429,6.810784322438565
430,6.810784322438565
431,6.810784322438565
432,6.810784322438565
433,6.810784322438565
434,6.810784322438565
435,6.810784322438565
436,6.810784322438565
437,6.810784322438565
438,6.810784322438565
439,6.810784322438565
440,6.810784322438565
441,6.810784322438565
442,6.810784322438565
443,6.810784322438565
444,6.810784322438565
445,6.810784322438565
446,6.810784322438565
447,6.810784322438565
448,6.810784322438565
449,6.810784322438565
450,6.810784322438565
451,6.810784322438565
452,6.810784322438565
453,6.810784322438565
454,6.810784322438565
455,6.810784322438565
456,6.810784322438565
457,6.810784322438565
458,6.810784322438565
459,6.810784322438565
460,6.810784322438565
461,6.810784322438565
462,6.810784322438565
463,6.810784322438565
464,6.810784322438565
465,6.810784322438565
466,6.810784322438565
467,6.810784322438565
468,6.810784322438565
469,6.810784322438565
470,6.810784322438565
471,6.810784322438565
472,6.810784322438565
473,6.810784322438565
474,6.810784322438565
475,6.810784322438565
476,6.810784322438565
477,6.810784322438565
478,6.810784322438565
479,6.810784322438565
480,6.810784322438565
481,6.810784322438565
482,6.810784322438565
483,6.810784322438565
484,6.810784322438565
485,6.810784322438565
486,6.810784322438565
487,6.810784322438565
488,6.810784322438565
489,6.810784322438565
490,6.810784322438565
491,6.810784322438565
492,6.810784322438565
493,6.810784322438565
494,6.810784322438565
495,6.810784322438565
496,6.810784322438565
497,6.810784322438565
498,6.810784322438565
499,6.810784322438565
500,6.810784322438565
501,6.810784322438565
502,6.810784322438565
503,6.810784322438565
504,6.810784322438565
505,6.810784322438565
506,6.810784322438565
507,6.810784322438565
508,6.810784322438565
509,6.810784322438565
510,6.810784322438565
511,6.810784322438565
512,6.810784322438565
513,6.810784322438565
514,6.810784322438565
515,6.810784322438565
516,6.810784322438565
517,6.810784322438565
518,6.810784322438565
519,6.810784322438565
520,6.810784322438565
521,6.810784322438565
522,6.810784322438565
523,6.810784322438565
524,6.810784322438565
525,6.810784322438565
526,6.810784322438565
527,6.810784322438565
528,6.810784322438565
529,6.810784322438565
530,6.810784322438565
531,6.810784322438565
532,6.810784322438565
533,6.810784322438565
534,6.810784322438565
535,6.810784322438565
536,6.810784322438565
537,6.810784322438565
538,6.810784322438565
539,6.810784322438565
540,6.810784322438565
541,6.810784322438565
542,6.810784322438565
543,6.810784322438565
544,6.810784322438565
545,6.810784322438565
546,6.810784322438565
547,6.810784322438565
548,6.810784322438565
549,6.810784322438565
550,6.810784322438565
551,6.810784322438565
552,6.810784322438565
553,6.810784322438565
554,6.810784322438565
555,6.810784322438565
556,6.810784322438565
557,6.810784322438565
558,6.810784322438565
559,6.810784322438565
560,6.810784322438565
561,6.810784322438565
562,6.810784322438565
563,6.810784322438565
564,6.810784322438565
565,6.810784322438565
566,6.810784322438565
567,6.810784322438565
568,6.810784322438565
569,6.810784322438565
570,6.810784322438565
571,6.810784322438565
572,6.810784322438565
573,6.810784322438565
574,6.810784322438565
575,6.810784322438565
576,6.810784322438565
577,6.810784322438565
578,6.810784322438565
579,6.810784322438565
580,6.810784322438565
581,6.810784322438565
582,6.810784322438565
583,6.810784322438565
584,6.810784322438565
585,6.810784322438565
586,6.810784322438565
587,6.810784322438565
588,6.810784322438565
589,6.810784322438565
590,6.810784322438565
591,6.810784322438565
592,6.810784322438565
593,6.810784322438565
594,6.810784322438565
595,6.810784322438565
596,6.810784322438565
597,6.810784322438565
598,6.810784322438565
599,6.810784322438565
600,6.810784322438565
601,6.810784322438565
602,6.810784322438565
603,6.810784322438565
604,6.810784322438565
605,6.810784322438565
606,6.810784322438565
607,6.810784322438565
608,6.810784322438565
609,6.810784322438565
610,6.810784322438565
611,6.810784322438565
612,6.810784322438565
613,6.810784322438565
614,6.810784322438565
615,6.810784322438565
616,6.810784322438565
617,6.810784322438565
618,6.810784322438565
619,6.810784322438565
620,6.810784322438565
621,6.810784322438565
622,6.810784322438565
623,6.810784322438565
624,6.810784322438565
625,6.810784322438565
626,6.810784322438565
627,6.810784322438565
628,6.810784322438565
629,6.810784322438565
630,6.810784322438565
631,6.810784322438565
632,6.810784322438565
633,6.810784322438565
634,6.810784322438565
635,6.810784322438565
636,6.810784322438565
637,6.810784322438565
638,6.810784322438565
639,6.810784322438565
640,6.810784322438565
641,6.810784322438565
642,6.810784322438565
643,6.810784322438565
644,6.810784322438565
645,6.810784322438565
646,6.810784322438565
647,6.810784322438565
648,6.810784322438565
649,6.810784322438565
650,6.810784322438565
651,6.810784322438565
652,6.810784322438565
653,6.810784322438565
654,6.810784322438565
655,6.810784322438565
656,6.810784322438565
657,6.810784322438565
658,6.810784322438565
659,6.810784322438565
660,6.810784322438565
661,6.810784322438565
662,6.810784322438565
663,6.810784322438565
664,6.810784322438565
665,6.810784322438565
666,6.810784322438565
667,6.810784322438565
668,6.810784322438565
669,6.810784322438565
670,6.810784322438565
671,6.810784322438565
672,6.810784322438565
673,6.810784322438565
674,6.810784322438565
675,6.810784322438565
676,6.810784322438565
677,6.810784322438565
678,6.810784322438565
679,6.810784322438565
680,6.810784322438565
681,6.810784322438565
682,6.810784322438565
683,6.810784322438565
684,6.810784322438565
685,6.810784322438565
686,6.810784322438565
687,6.810784322438565
688,6.810784322438565
689,6.810784322438565
690,6.810784322438565
691,6.810784322438565
692,6.810784322438565
693,6.810784322438565
694,6.810784322438565
695,6.810784322438565
696,6.810784322438565
697,6.810784322438565
698,6.810784322438565
699,6.810784322438565
700,6.810784322438565
701,6.810784322438565
702,6.810784322438565
703,6.810784322438565
704,6.810784322438565
705,6.810784322438565
706,6.810784322438565
707,6.810784322438565
708,6.810784322438565
709,6.810784322438565
710,6.810784322438565
711,6.810784322438565
712,6.810784322438565
713,6.810784322438565
714,6.810784322438565
715,6.810784322438565
716,6.810784322438565
717,6.810784322438565
718,6.810784322438565
719,6.810784322438565
720,6.810784322438565
721,6.810784322438565
722,6.810784322438565
723,6.810784322438565
724,6.810784322438565
725,6.810784322438565
726,6.810784322438565
727,6.810784322438565
728,6.810784322438565
729,6.810784322438565
730,6.810784322438565
731,6.810784322438565
732,6.810784322438565
733,6.810784322438565
734,6.810784322438565
735,6.810784322438565
736,6.810784322438565
737,6.810784322438565
738,6.810784322438565
739,6.810784322438565
740,6.810784322438565
741,6.810784322438565
742,6.810784322438565
743,6.810784322438565
744,6.810784322438565
745,6.810784322438565
746,6.810784322438565
747,6.810784322438565
748,6.810784322438565
749,6.810784322438565
750,6.810784322438565
751,6.810784322438565
752,6.810784322438565
753,6.810784322438565
754,6.810784322438565
755,6.810784322438565
756,6.810784322438565
757,6.810784322438565
758,6.810784322438565
759,6.810784322438565
760,6.810784322438565
761,6.810784322438565
762,6.810784322438565
763,6.810784322438565
764,6.810784322438565
765,6.810784322438565
766,6.810784322438565
767,6.810784322438565
768,6.810784322438565
769,6.810784322438565
770,6.810784322438565
771,6.810784322438565
772,6.810784322438565
773,6.810784322438565
774,6.810784322438565
775,6.810784322438565
776,6.810784322438565
777,6.810784322438565
778,6.810784322438565
779,6.810784322438565
780,6.810784322438565
781,6.810784322438565
782,6.810784322438565
783,6.810784322438565
784,6.810784322438565
785,6.810784322438565
786,6.810784322438565
787,6.810784322438565
788,6.810784322438565
789,6.810784322438565
790,6.810784322438565
791,6.810784322438565
792,6.810784322438565
793,6.810784322438565
794,6.810784322438565
795,6.810784322438565
796,6.810784322438565
797,6.810784322438565
798,6.810784322438565
799,6.810784322438565
800,6.810784322438565
801,6.810784322438565
802,6.810784322438565
803,6.810784322438565
804,6.810784322438565
805,6.810784322438565
806,6.810784322438565
807,6.810784322438565
808,6.810784322438565
809,6.810784322438565
810,6.810784322438565
811,6.810784322438565
812,6.810784322438565
813,6.810784322438565
814,6.810784322438565
815,6.810784322438565
816,6.810784322438565
817,6.810784322438565
818,6.810784322438565
819,6.810784322438565
820,6.810784322438565
821,6.810784322438565
822,6.810784322438565
823,6.810784322438565
824,6.810784322438565
825,6.810784322438565
826,6.810784322438565
827,6.810784322438565
828,6.810784322438565
829,6.810784322438565
830,6.810784322438565
831,6.810784322438565
832,6.810784322438565
833,6.810784322438565
834,6.810784322438565
835,6.810784322438565
836,6.810784322438565
837,6.810784322438565
838,6.810784322438565
839,6.810784322438565
840,6.810784322438565
841,6.810784322438565
842,6.810784322438565
843,6.810784322438565
844,6.810784322438565
845,6.810784322438565
846,6.810784322438565
847,6.810784322438565
848,6.810784322438565
849,6.810784322438565
850,6.810784322438565
851,6.810784322438565
852,6.810784322438565
853,6.810784322438565
854,6.810784322438565
855,6.810784322438565
856,6.810784322438565
857,6.810784322438565
858,6.810784322438565
859,6.810784322438565
860,6.810784322438565
861,6.810784322438565
862,6.810784322438565
863,6.810784322438565
864,6.810784322438565
865,6.810784322438565
866,6.810784322438565
867,6.810784322438565
868,6.810784322438565
869,6.810784322438565
870,6.810784322438565
871,6.810784322438565
872,6.810784322438565
873,6.810784322438565
874,6.810784322438565
875,6.810784322438565
876,6.810784322438565
877,6.810784322438565
878,6.810784322438565
879,6.810784322438565
880,6.810784322438565
881,6.810784322438565
882,6.810784322438565
883,6.810784322438565
884,6.810784322438565
885,6.810784322438565
886,6.810784322438565
887,6.810784322438565
888,6.810784322438565
889,6.810784322438565
890,6.810784322438565
891,6.810784322438565
892,6.810784322438565
893,6.810784322438565
894,6.810784322438565
895,6.810784322438565
896,6.810784322438565
897,6.810784322438565
898,6.810784322438565
899,6.810784322438565
900,6.810784322438565
901,6.810784322438565
902,6.810784322438565
903,6.810784322438565
904,6.810784322438565
905,6.810784322438565
906,6.810784322438565
907,6.810784322438565
908,6.810784322438565
909,6.810784322438565
910,6.810784322438565
911,6.810784322438565
912,6.810784322438565
913,6.810784322438565
914,6.810784322438565
915,6.810784322438565
916,6.810784322438565
917,6.810784322438565
918,6.810784322438565
919,6.810784322438565
920,6.810784322438565
921,6.810784322438565
922,6.810784322438565
923,6.810784322438565
924,6.810784322438565
925,6.810784322438565
926,6.810784322438565
927,6.810784322438565
928,6.810784322438565
929,6.810784322438565
930,6.810784322438565
931,6.810784322438565
932,6.810784322438565
933,6.810784322438565
934,6.810784322438565
935,6.810784322438565
936,6.810784322438565
937,6.810784322438565
938,6.810784322438565
939,6.810784322438565
940,6.810784322438565
941,6.810784322438565
942,6.810784322438565
943,6.810784322438565
944,6.810784322438565
945,6.810784322438565
946,6.810784322438565
947,6.810784322438565
948,6.810784322438565
949,6.810784322438565
950,6.810784322438565
951,6.810784322438565
952,6.810784322438565
953,6.810784322438565
954,6.810784322438565
955,6.810784322438565
956,6.810784322438565
957,6.810784322438565
958,6.810784322438565
959,6.810784322438565
960,6.810784322438565
961,6.810784322438565
962,6.810784322438565
963,6.810784322438565
964,6.810784322438565
965,6.810784322438565
966,6.810784322438565
967,6.810784322438565
968,6.810784322438565
969,6.810784322438565
970,6.810784322438565
971,6.810784322438565
972,6.810784322438565
973,6.810784322438565
974,6.810784322438565
975,6.810784322438565
976,6.810784322438565
977,6.810784322438565
978,6.810784322438565
979,6.810784322438565
980,6.810784322438565
981,6.810784322438565
982,6.810784322438565
983,6.810784322438565
984,6.810784322438565
985,6.810784322438565
986,6.810784322438565
987,6.810784322438565
988,6.810784322438565
989,6.810784322438565
990,6.810784322438565
991,6.810784322438565
992,6.810784322438565
993,6.810784322438565
994,6.810784322438565
995,6.810784322438565
996,6.810784322438565
997,6.810784322438565
998,6.810784322438565
999,6.810784322438565
1000,6.810784322438565
1001,6.810784322438565
1002,6.810784322438565
1003,6.810784322438565
1004,6.810784322438565
1005,6.810784322438565
1006,6.810784322438565
1007,6.810784322438565
1008,6.810784322438565
1009,6.810784322438565
1010,6.810784322438565
1011,6.810784322438565
1012,6.810784322438565
1013,6.810784322438565
1014,6.810784322438565
1015,6.810784322438565
1016,6.810784322438565
1017,6.810784322438565
1018,6.810784322438565
1019,6.810784322438565
1020,6.810784322438565
1021,6.810784322438565
1022,6.810784322438565
1023,6.810784322438565
1024,6.810784322438565
1025,6.810784322438565
1026,6.810784322438565
1027,6.810784322438565
1028,6.810784322438565
1029,6.810784322438565
1030,6.810784322438565
1031,6.810784322438565
1032,6.810784322438565
1033,6.810784322438565
1034,6.810784322438565
1035,6.810784322438565
1036,6.810784322438565
1037,6.810784322438565
1038,6.810784322438565
1039,6.810784322438565
1040,6.810784322438565
1041,6.810784322438565
1042,6.810784322438565
1043,6.810784322438565
1044,6.810784322438565
1045,6.810784322438565
1046,6.810784322438565
1047,6.810784322438565
1048,6.810784322438565
1049,6.810784322438565
1050,6.810784322438565
1051,6.810784322438565
1052,6.810784322438565
1053,6.810784322438565
1054,6.810784322438565
1055,6.810784322438565
1056,6.810784322438565
1057,6.810784322438565
1058,6.810784322438565
1059,6.810784322438565
1060,6.810784322438565
1061,6.810784322438565
1062,6.810784322438565
1063,6.810784322438565
1064,6.810784322438565
1065,6.810784322438565
1066,6.810784322438565
1067,6.810784322438565
1068,6.810784322438565
1069,6.810784322438565
1070,6.810784322438565
1071,6.810784322438565
1072,6.810784322438565
1073,6.810784322438565
1074,6.810784322438565
1075,6.810784322438565
1076,6.810784322438565
1077,6.810784322438565
1078,6.810784322438565
1079,6.810784322438565
1080,6.810784322438565
1081,6.810784322438565
1082,6.810784322438565
1083,6.810784322438565
1084,6.810784322438565
1085,6.810784322438565
1086,6.810784322438565
1087,6.810784322438565
1088,6.810784322438565
1089,6.810784322438565
1090,6.810784322438565
1091,6.810784322438565
1092,6.810784322438565
1093,6.810784322438565
1094,6.810784322438565
1095,6.810784322438565
1096,6.810784322438565
1097,6.810784322438565
1098,6.810784322438565
1099,6.810784322438565
1100,6.810784322438565
1101,6.810784322438565
1102,6.810784322438565
1103,6.810784322438565
1104,6.810784322438565
1105,6.810784322438565
1106,6.810784322438565
1107,6.810784322438565
1108,6.810784322438565
1109,6.810784322438565
1110,6.810784322438565
1111,6.810784322438565
1112,6.810784322438565
1113,6.810784322438565
1114,6.810784322438565
1115,6.810784322438565
1116,6.810784322438565
1117,6.810784322438565
1118,6.810784322438565
1119,6.810784322438565
1120,6.810784322438565
1121,6.810784322438565
1122,6.810784322438565
1123,6.810784322438565
1124,6.810784322438565
1125,6.810784322438565
1126,6.810784322438565
1127,6.810784322438565
1128,6.810784322438565
1129,6.810784322438565
1130,6.810784322438565
1131,6.810784322438565
1132,6.810784322438565
1133,6.810784322438565
1134,6.810784322438565
1135,6.810784322438565
1136,6.810784322438565
1137,6.810784322438565
1138,6.810784322438565
1139,6.810784322438565
1140,6.810784322438565
1141,6.810784322438565
1142,6.810784322438565
1143,6.810784322438565
1144,6.810784322438565
1145,6.810784322438565
1146,6.810784322438565
1147,6.810784322438565
1148,6.810784322438565
1149,6.810784322438565
1150,6.810784322438565
1151,6.810784322438565
1152,6.810784322438565
1153,6.810784322438565
1154,6.810784322438565
1155,6.810784322438565
1156,6.810784322438565
1157,6.810784322438565
1158,6.810784322438565
1159,6.810784322438565
1160,6.810784322438565
1161,6.810784322438565
1162,6.810784322438565
1163,6.810784322438565
1164,6.810784322438565
1165,6.810784322438565
1166,6.810784322438565
1167,6.810784322438565
1168,6.810784322438565
1169,6.810784322438565
1170,6.810784322438565
1171,6.810784322438565
1172,6.810784322438565
1173,6.810784322438565
1174,6.810784322438565
1175,6.810784322438565
1176,6.810784322438565
1177,6.810784322438565
1178,6.810784322438565
1179,6.810784322438565
1180,6.810784322438565
1181,6.810784322438565
1182,6.810784322438565
1183,6.810784322438565
1184,6.810784322438565
1185,6.810784322438565
1186,6.810784322438565
1187,6.810784322438565
1188,6.810784322438565
1189,6.810784322438565
1190,6.810784322438565
1191,6.810784322438565
1192,6.810784322438565
1193,6.810784322438565
1194,6.810784322438565
1195,6.810784322438565
1196,6.810784322438565
1197,6.810784322438565
1198,6.810784322438565
1199,6.810784322438565
1200,6.810784322438565
1201,6.810784322438565
1202,6.810784322438565
1203,6.810784322438565
1204,6.810784322438565
1205,6.810784322438565
1206,6.810784322438565
1207,6.810784322438565
1208,6.810784322438565
1209,6.810784322438565
1210,6.810784322438565
1211,6.810784322438565
1212,6.810784322438565
1213,6.810784322438565
1214,6.810784322438565
1215,6.810784322438565
1216,6.810784322438565
1217,6.810784322438565
1218,6.810784322438565
1219,6.810784322438565
1220,6.810784322438565
1221,6.810784322438565
1222,6.810784322438565
1223,6.810784322438565
1224,6.810784322438565
1225,6.810784322438565
1226,6.810784322438565
1227,6.810784322438565
1228,6.810784322438565
1229,6.810784322438565
1230,6.810784322438565
1231,6.810784322438565
1232,6.810784322438565
1233,6.810784322438565
1234,6.810784322438565
1235,6.810784322438565
1236,6.810784322438565
1237,6.810784322438565
1238,6.810784322438565
1239,6.810784322438565
1240,6.810784322438565
1241,6.810784322438565
1242,6.810784322438565
1243,6.810784322438565
1244,6.810784322438565
1245,6.810784322438565
1246,6.810784322438565
1247,6.810784322438565
1248,6.810784322438565
1249,6.810784322438565
1250,6.810784322438565
1251,6.810784322438565
1252,6.810784322438565
1253,6.810784322438565
1254,6.810784322438565
1255,6.810784322438565
1256,6.810784322438565
1257,6.810784322438565
1258,6.810784322438565
1259,6.810784322438565
1260,6.810784322438565
1261,6.810784322438565
1262,6.810784322438565
1263,6.810784322438565
1264,6.810784322438565
1265,6.810784322438565
1266,6.810784322438565
1267,6.810784322438565
1268,6.810784322438565
1269,6.810784322438565
1270,6.810784322438565
1271,6.810784322438565
1272,6.810784322438565
1273,6.810784322438565
1274,6.810784322438565
1275,6.810784322438565
1276,6.810784322438565
1277,6.810784322438565
1278,6.810784322438565
1279,6.810784322438565
1280,6.810784322438565
1281,6.810784322438565
1282,6.810784322438565
1283,6.810784322438565
1284,6.810784322438565
1285,6.810784322438565
1286,6.810784322438565
1287,6.810784322438565
1288,6.810784322438565
1289,6.810784322438565
1290,6.810784322438565
1291,6.810784322438565
1292,6.810784322438565
1293,6.810784322438565
1294,6.810784322438565
1295,6.810784322438565
1296,6.810784322438565
1297,6.810784322438565
1298,6.810784322438565
1299,6.810784322438565
1300,6.810784322438565
1301,6.810784322438565
1302,6.810784322438565
1303,6.810784322438565
1304,6.810784322438565
1305,6.810784322438565
1306,6.810784322438565
1307,6.810784322438565
1308,6.810784322438565
1309,6.810784322438565
1310,6.810784322438565
1311,6.810784322438565
1312,6.810784322438565
1313,6.810784322438565
1314,6.810784322438565
1315,6.810784322438565
1316,6.810784322438565
1317,6.810784322438565
1318,6.810784322438565
1319,6.810784322438565
1320,6.810784322438565
1321,6.810784322438565
1322,6.810784322438565
1323,6.810784322438565
1324,6.810784322438565
1325,6.810784322438565
1326,6.810784322438565
1327,6.810784322438565
1328,6.810784322438565
1329,6.810784322438565
1330,6.810784322438565
1331,6.810784322438565
1332,6.810784322438565
1333,6.810784322438565
1334,6.810784322438565
1335,6.810784322438565
1336,6.810784322438565
1337,6.810784322438565
1338,6.810784322438565
1339,6.810784322438565
1340,6.810784322438565
1341,6.810784322438565
1342,6.810784322438565
1343,6.810784322438565
1344,6.810784322438565
1345,6.810784322438565
1346,6.810784322438565
1347,6.810784322438565
1348,6.810784322438565
1349,6.810784322438565
1350,6.810784322438565
1351,6.810784322438565
1352,6.810784322438565
1353,6.810784322438565
1354,6.810784322438565
1355,6.810784322438565
1356,6.810784322438565
1357,6.810784322438565
1358,6.810784322438565
1359,6.810784322438565
1360,6.810784322438565
1361,6.810784322438565
1362,6.810784322438565
1363,6.810784322438565
1364,6.810784322438565
1365,6.810784322438565
1366,6.810784322438565
1367,6.810784322438565
1368,6.810784322438565
1369,6.810784322438565
1370,6.810784322438565
1371,6.810784322438565
1372,6.810784322438565
1373,6.810784322438565
1374,6.810784322438565
1375,6.810784322438565
1376,6.810784322438565
1377,6.810784322438565
1378,6.810784322438565
1379,6.810784322438565
1380,6.810784322438565
1381,6.810784322438565
1382,6.810784322438565
1383,6.810784322438565
1384,6.810784322438565
1385,6.810784322438565
1386,6.810784322438565
1387,6.810784322438565
1388,6.810784322438565
1389,6.810784322438565
1390,6.810784322438565
1391,6.810784322438565
1392,6.810784322438565
1393,6.810784322438565
1394,6.810784322438565
1395,6.810784322438565
1396,6.810784322438565
1397,6.810784322438565
1398,6.810784322438565
1399,6.810784322438565
1400,6.810784322438565
1401,6.810784322438565
1402,6.810784322438565
1403,6.810784322438565
1404,6.810784322438565
1405,6.810784322438565
1406,6.810784322438565
1407,6.810784322438565
1408,6.810784322438565
1409,6.810784322438565
1410,6.810784322438565
1411,6.810784322438565
1412,6.810784322438565
1413,6.810784322438565
1414,6.810784322438565
1415,6.810784322438565
1416,6.810784322438565
1417,6.810784322438565
1418,6.810784322438565
1419,6.810784322438565
1420,6.810784322438565
1421,6.810784322438565
1422,6.810784322438565
1423,6.810784322438565
1424,6.810784322438565
1425,6.810784322438565
1426,6.810784322438565
1427,6.810784322438565
1428,6.810784322438565
1429,6.810784322438565
1430,6.810784322438565
1431,6.810784322438565
1432,6.810784322438565
1433,6.810784322438565
1434,6.810784322438565
1435,6.810784322438565
1436,6.810784322438565
1437,6.810784322438565
1438,6.810784322438565
1439,6.810784322438565
1440,6.810784322438565
1441,6.810784322438565
1442,6.810784322438565
1443,6.810784322438565
1444,6.810784322438565
1445,6.810784322438565
1446,6.810784322438565
1447,6.810784322438565
1448,6.810784322438565
1449,6.810784322438565
1450,6.810784322438565
1451,6.810784322438565
1452,6.810784322438565
1453,6.810784322438565
1454,6.810784322438565
1455,6.810784322438565
1456,6.810784322438565
1457,6.810784322438565
1458,6.810784322438565
1459,6.810784322438565
1460,6.810784322438565
1461,6.810784322438565
1462,6.810784322438565
1463,6.810784322438565
1464,6.810784322438565
1465,6.810784322438565
1466,6.810784322438565
1467,6.810784322438565
1468,6.810784322438565
1469,6.810784322438565
1470,6.810784322438565
1471,6.810784322438565
1472,6.810784322438565
1473,6.810784322438565
1474,6.810784322438565
1475,6.810784322438565
1476,6.810784322438565
1477,6.810784322438565
1478,6.810784322438565
1479,6.810784322438565
1480,6.810784322438565
1481,6.810784322438565
1482,6.810784322438565
1483,6.810784322438565
1484,6.810784322438565
1485,6.810784322438565
1486,6.810784322438565
1487,6.810784322438565
1488,6.810784322438565
1489,6.810784322438565
1490,6.810784322438565
1491,6.810784322438565
1492,6.810784322438565
1493,6.810784322438565
1494,6.810784322438565
1495,6.810784322438565
1496,6.810784322438565
1497,6.810784322438565
1498,6.810784322438565
1499,6.810784322438565
1500,6.810784322438565
1501,6.810784322438565
1502,6.810784322438565
1503,6.810784322438565
1504,6.810784322438565
1505,6.810784322438565
1506,6.810784322438565
1507,6.810784322438565
1508,6.810784322438565
1509,6.810784322438565
1510,6.810784322438565
1511,6.810784322438565
1512,6.810784322438565
1513,6.810784322438565
1514,6.810784322438565
1515,6.810784322438565
1516,6.810784322438565
1517,6.810784322438565
1518,6.810784322438565
1519,6.810784322438565
1520,6.810784322438565
1521,6.810784322438565
1522,6.810784322438565
1523,6.810784322438565
1524,6.810784322438565
1525,6.810784322438565
1526,6.810784322438565
1527,6.810784322438565
1528,6.810784322438565
1529,6.810784322438565
1530,6.810784322438565
1531,6.810784322438565
1532,6.810784322438565
1533,6.810784322438565
1534,6.810784322438565
1535,6.810784322438565
1536,6.810784322438565
1537,6.810784322438565
1538,6.810784322438565
1539,6.810784322438565
1540,6.810784322438565
1541,6.810784322438565
1542,6.810784322438565
1543,6.810784322438565
1544,6.810784322438565
1545,6.810784322438565
1546,6.810784322438565
1547,6.810784322438565
1548,6.810784322438565
1549,6.810784322438565
1550,6.810784322438565
1551,6.810784322438565
1552,6.810784322438565
1553,6.810784322438565
1554,6.810784322438565
1555,6.810784322438565
1556,6.810784322438565
1557,6.810784322438565
1558,6.810784322438565
1559,6.810784322438565
1560,6.810784322438565
1561,6.810784322438565
1562,6.810784322438565
1563,6.810784322438565
1564,6.810784322438565
1565,6.810784322438565
1566,6.810784322438565
1567,6.810784322438565
1568,6.810784322438565
1569,6.810784322438565
1570,6.810784322438565
1571,6.810784322438565
1572,6.810784322438565
1573,6.810784322438565
1574,6.810784322438565
1575,6.810784322438565
1576,6.810784322438565
1577,6.810784322438565
1578,6.810784322438565
1579,6.810784322438565
1580,6.810784322438565
1581,6.810784322438565
1582,6.810784322438565
1583,6.810784322438565
1584,6.810784322438565
1585,6.810784322438565
1586,6.810784322438565
1587,6.810784322438565
1588,6.810784322438565
1589,6.810784322438565
1590,6.810784322438565
1591,6.810784322438565
1592,6.810784322438565
1593,6.810784322438565
1594,6.810784322438565
1595,6.810784322438565
1596,6.810784322438565
1597,6.810784322438565
1598,6.810784322438565
1599,6.810784322438565
1600,6.810784322438565
1601,6.810784322438565
1602,6.810784322438565
1603,6.810784322438565
1604,6.810784322438565
1605,6.810784322438565
1606,6.810784322438565
1607,6.810784322438565
1608,6.810784322438565
1609,6.810784322438565
1610,6.810784322438565
1611,6.810784322438565
1612,6.810784322438565
1613,6.810784322438565
1614,6.810784322438565
1615,6.810784322438565
1616,6.810784322438565
1617,6.810784322438565
1618,6.810784322438565
1619,6.810784322438565
1620,6.810784322438565
1621,6.810784322438565
1622,6.810784322438565
1623,6.810784322438565
1624,6.810784322438565
1625,6.810784322438565
1626,6.810784322438565
1627,6.810784322438565
1628,6.810784322438565
1629,6.810784322438565
1630,6.810784322438565
1631,6.810784322438565
1632,6.810784322438565
1633,6.810784322438565
1634,6.810784322438565
1635,6.810784322438565
1636,6.810784322438565
1637,6.810784322438565
1638,6.810784322438565
1639,6.810784322438565
1640,6.810784322438565
1641,6.810784322438565
1642,6.810784322438565
1643,6.810784322438565
1644,6.810784322438565
1645,6.810784322438565
1646,6.810784322438565
1647,6.810784322438565
1648,6.810784322438565
1649,6.810784322438565
1650,6.810784322438565
1651,6.810784322438565
1652,6.810784322438565
1653,6.810784322438565
1654,6.810784322438565
1655,6.810784322438565
1656,6.810784322438565
1657,6.810784322438565
1658,6.810784322438565
1659,6.810784322438565
1660,6.810784322438565
1661,6.810784322438565
1662,6.810784322438565
1663,6.810784322438565
1664,6.810784322438565
1665,6.810784322438565
1666,6.810784322438565
1667,6.810784322438565
1668,6.810784322438565
1669,6.810784322438565
1670,6.810784322438565
1671,6.810784322438565
1672,6.810784322438565
1673,6.810784322438565
1674,6.810784322438565
1675,6.810784322438565
1676,6.810784322438565
1677,6.810784322438565
1678,6.810784322438565
1679,6.810784322438565
1680,6.810784322438565
1681,6.810784322438565
1682,6.810784322438565
1683,6.810784322438565
1684,6.810784322438565
1685,6.810784322438565
1686,6.810784322438565
1687,6.810784322438565
1688,6.810784322438565
1689,6.810784322438565
1690,6.810784322438565
1691,6.810784322438565
1692,6.810784322438565
1693,6.810784322438565
1694,6.810784322438565
1695,6.810784322438565
1696,6.810784322438565
1697,6.810784322438565
1698,6.810784322438565
1699,6.810784322438565
1700,6.810784322438565
1701,6.810784322438565
1702,6.810784322438565
1703,6.810784322438565
1704,6.810784322438565
1705,6.810784322438565
1706,6.810784322438565
1707,6.810784322438565
1708,6.810784322438565
1709,6.810784322438565
1710,6.810784322438565
1711,6.810784322438565
1712,6.810784322438565
1713,6.810784322438565
1714,6.810784322438565
1715,6.810784322438565
1716,6.810784322438565
1717,6.810784322438565
1718,6.810784322438565
1719,6.810784322438565
1720,6.810784322438565
1721,6.810784322438565
1722,6.810784322438565
1723,6.810784322438565
1724,6.810784322438565
1725,6.810784322438565
1726,6.810784322438565
1727,6.810784322438565
1728,6.810784322438565
1729,6.810784322438565
1730,6.810784322438565
1731,6.810784322438565
1732,6.810784322438565
1733,6.810784322438565
1734,6.810784322438565
1735,6.810784322438565
1736,6.810784322438565
1737,6.810784322438565
1738,6.810784322438565
1739,6.810784322438565
1740,6.810784322438565
1741,6.810784322438565
1742,6.810784322438565
1743,6.810784322438565
1744,6.810784322438565
1745,6.810784322438565
1746,6.810784322438565
1747,6.810784322438565
1748,6.810784322438565
1749,6.810784322438565
1750,6.810784322438565
1751,6.810784322438565
1752,6.810784322438565
1753,6.810784322438565
1754,6.810784322438565
1755,6.810784322438565
1756,6.810784322438565
1757,6.810784322438565
1758,6.810784322438565
1759,6.810784322438565
1760,6.810784322438565
1761,6.810784322438565
1762,6.810784322438565
1763,6.810784322438565
1764,6.810784322438565
1765,6.810784322438565
1766,6.810784322438565
1767,6.810784322438565
1768,6.810784322438565
1769,6.810784322438565
1770,6.810784322438565
1771,6.810784322438565
1772,6.810784322438565
1773,6.810784322438565
1774,6.810784322438565
1775,6.810784322438565
1776,6.810784322438565
1777,6.810784322438565
1778,6.810784322438565
1779,6.810784322438565
1780,6.810784322438565
1781,6.810784322438565
1782,6.810784322438565
1783,6.810784322438565
1784,6.810784322438565
1785,6.810784322438565
1786,6.810784322438565
1787,6.810784322438565
1788,6.810784322438565
1789,6.810784322438565
1790,6.810784322438565
1791,6.810784322438565
1792,6.810784322438565
1793,6.810784322438565
1794,6.810784322438565
1795,6.810784322438565
1796,6.810784322438565
1797,6.810784322438565
1798,6.810784322438565
1799,6.810784322438565
1800,6.810784322438565
1801,6.810784322438565
1802,6.810784322438565
1803,6.810784322438565
1804,6.810784322438565
1805,6.810784322438565
1806,6.810784322438565
1807,6.810784322438565
1808,6.810784322438565
1809,6.810784322438565
1810,6.810784322438565
1811,6.810784322438565
1812,6.810784322438565
1813,6.810784322438565
1814,6.810784322438565
1815,6.810784322438565
1816,6.810784322438565
1817,6.810784322438565
1818,6.810784322438565
1819,6.810784322438565
1820,6.810784322438565
1821,6.810784322438565
1822,6.810784322438565
1823,6.810784322438565
1824,6.810784322438565
1825,6.810784322438565
1826,6.810784322438565
1827,6.810784322438565
1828,6.810784322438565
1829,6.810784322438565
1830,6.810784322438565
1831,6.810784322438565
1832,6.810784322438565
1833,6.810784322438565
1834,6.810784322438565
1835,6.810784322438565
1836,6.810784322438565
1837,6.810784322438565
1838,6.810784322438565
1839,6.810784322438565
1840,6.810784322438565
1841,6.810784322438565
1842,6.810784322438565
1843,6.810784322438565
1844,6.810784322438565
1845,6.810784322438565
1846,6.810784322438565
1847,6.810784322438565
1848,6.810784322438565
1849,6.810784322438565
1850,6.810784322438565
1851,6.810784322438565
1852,6.810784322438565
1853,6.810784322438565
1854,6.810784322438565
1855,6.810784322438565
1856,6.810784322438565
1857,6.810784322438565
1858,6.810784322438565
1859,6.810784322438565
1860,6.810784322438565
1861,6.810784322438565
1862,6.810784322438565
1863,6.810784322438565
1864,6.810784322438565
1865,6.810784322438565
1866,6.810784322438565
1867,6.810784322438565
1868,6.810784322438565
1869,6.810784322438565
1870,6.810784322438565
1871,6.810784322438565
1872,6.810784322438565
1873,6.810784322438565
1874,6.810784322438565
1875,6.810784322438565
1876,6.810784322438565
1877,6.810784322438565
1878,6.810784322438565
1879,6.810784322438565
1880,6.810784322438565
1881,6.810784322438565
1882,6.810784322438565
1883,6.810784322438565
1884,6.810784322438565
1885,6.810784322438565
1886,6.810784322438565
1887,6.810784322438565
1888,6.810784322438565
1889,6.810784322438565
1890,6.810784322438565
1891,6.810784322438565
1892,6.810784322438565
1893,6.810784322438565
1894,6.810784322438565
1895,6.810784322438565
1896,6.810784322438565
1897,6.810784322438565
1898,6.810784322438565
1899,6.810784322438565
1900,6.810784322438565
1901,6.810784322438565
1902,6.810784322438565
1903,6.810784322438565
1904,6.810784322438565
1905,6.810784322438565
1906,6.810784322438565
1907,6.810784322438565
1908,6.810784322438565
1909,6.810784322438565
1910,6.810784322438565
1911,6.810784322438565
1912,6.810784322438565
1913,6.810784322438565
1914,6.810784322438565
1915,6.810784322438565
1916,6.810784322438565
1917,6.810784322438565
1918,6.810784322438565
1919,6.810784322438565
1920,6.810784322438565
1921,6.810784322438565
1922,6.810784322438565
1923,6.810784322438565
1924,6.810784322438565
1925,6.810784322438565
1926,6.810784322438565
1927,6.810784322438565
1928,6.810784322438565
1929,6.810784322438565
1930,6.810784322438565
1931,6.810784322438565
1932,6.810784322438565
1933,6.810784322438565
1934,6.810784322438565
1935,6.810784322438565
1936,6.810784322438565
1937,6.810784322438565
1938,6.810784322438565
1939,6.810784322438565
1940,6.810784322438565
1941,6.810784322438565
1942,6.810784322438565
1943,6.810784322438565
1944,6.810784322438565
1945,6.810784322438565
1946,6.810784322438565
1947,6.810784322438565
1948,6.810784322438565
1949,6.810784322438565
1950,6.810784322438565
1951,6.810784322438565
1952,6.810784322438565
1953,6.810784322438565
1954,6.810784322438565
1955,6.810784322438565
1956,6.810784322438565
1957,6.810784322438565
1958,6.810784322438565
1959,6.810784322438565
1960,6.810784322438565
1961,6.810784322438565
1962,6.810784322438565
1963,6.810784322438565
1964,6.810784322438565
1965,6.810784322438565
1966,6.810784322438565
1967,6.810784322438565
1968,6.810784322438565
1969,6.810784322438565
1970,6.810784322438565
1971,6.810784322438565
1972,6.810784322438565
1973,6.810784322438565
1974,6.810784322438565
1975,6.810784322438565
1976,6.810784322438565
1977,6.810784322438565
1978,6.810784322438565
1979,6.810784322438565
1980,6.810784322438565
1981,6.810784322438565
1982,6.810784322438565
1983,6.810784322438565
1984,6.810784322438565
1985,6.810784322438565
1986,6.810784322438565
1987,6.810784322438565
1988,6.810784322438565
1989,6.810784322438565
1990,6.810784322438565
1991,6.810784322438565
1992,6.810784322438565
1993,6.810784322438565
1994,6.810784322438565
1995,6.810784322438565
1996,6.810784322438565
1997,6.810784322438565
1998,6.810784322438565
1999,6.810784322438565
2000,6.810784322438565
2001,6.810784322438565
2002,6.810784322438565
2003,6.810784322438565
2004,6.810784322438565
2005,6.810784322438565
2006,6.810784322438565
2007,6.810784322438565
2008,6.810784322438565
2009,6.810784322438565
2010,6.810784322438565
2011,6.810784322438565
2012,6.810784322438565
2013,6.810784322438565
2014,6.810784322438565
2015,6.810784322438565
2016,6.810784322438565
2017,6.810784322438565
2018,6.810784322438565
2019,6.810784322438565
2020,6.810784322438565
2021,6.810784322438565
2022,6.810784322438565
2023,6.810784322438565
2024,6.810784322438565
2025,6.810784322438565
2026,6.810784322438565
2027,6.810784322438565
2028,6.810784322438565
2029,6.810784322438565
2030,6.810784322438565
2031,6.810784322438565
2032,6.810784322438565
2033,6.810784322438565
2034,6.810784322438565
2035,6.810784322438565
2036,6.810784322438565
2037,6.810784322438565
2038,6.810784322438565
2039,6.810784322438565
2040,6.810784322438565
2041,6.810784322438565
2042,6.810784322438565
2043,6.810784322438565
2044,6.810784322438565
2045,6.810784322438565
2046,6.810784322438565
2047,6.810784322438565
2048,6.810784322438565
2049,6.810784322438565
2050,6.810784322438565
2051,6.810784322438565
2052,6.810784322438565
2053,6.810784322438565
2054,6.810784322438565
2055,6.810784322438565
2056,6.810784322438565
2057,6.810784322438565
2058,6.810784322438565
2059,6.810784322438565
2060,6.810784322438565
2061,6.810784322438565
2062,6.810784322438565
2063,6.810784322438565
2064,6.810784322438565
2065,6.810784322438565
2066,6.810784322438565
2067,6.810784322438565
2068,6.810784322438565
2069,6.810784322438565
2070,6.810784322438565
2071,6.810784322438565
2072,6.810784322438565
2073,6.810784322438565
2074,6.810784322438565
2075,6.810784322438565
2076,6.810784322438565
2077,6.810784322438565
2078,6.810784322438565
2079,6.810784322438565
2080,6.810784322438565
2081,6.810784322438565
2082,6.810784322438565
2083,6.810784322438565
2084,6.810784322438565
2085,6.810784322438565
2086,6.810784322438565
2087,6.810784322438565
2088,6.810784322438565
2089,6.810784322438565
2090,6.810784322438565
2091,6.810784322438565
2092,6.810784322438565
2093,6.810784322438565
2094,6.810784322438565
2095,6.810784322438565
2096,6.810784322438565
2097,6.810784322438565
2098,6.810784322438565
2099,6.810784322438565
2100,6.810784322438565
2101,6.810784322438565
2102,6.810784322438565
2103,6.810784322438565
2104,6.810784322438565
2105,6.810784322438565
2106,6.810784322438565
2107,6.810784322438565
2108,6.810784322438565
2109,6.810784322438565
2110,6.810784322438565
2111,6.810784322438565
2112,6.810784322438565
2113,6.810784322438565
2114,6.810784322438565
2115,6.810784322438565
2116,6.810784322438565
2117,6.810784322438565
2118,6.810784322438565
2119,6.810784322438565
2120,6.810784322438565
2121,6.810784322438565
2122,6.810784322438565
2123,6.810784322438565
2124,6.810784322438565
2125,6.810784322438565
2126,6.810784322438565
2127,6.810784322438565
2128,6.810784322438565
2129,6.810784322438565
2130,6.810784322438565
2131,6.810784322438565
2132,6.810784322438565
2133,6.810784322438565
2134,6.810784322438565
2135,6.810784322438565
2136,6.810784322438565
2137,6.810784322438565
2138,6.810784322438565
2139,6.810784322438565
2140,6.810784322438565
2141,6.810784322438565
2142,6.810784322438565
2143,6.810784322438565
2144,6.810784322438565
2145,6.810784322438565
2146,6.810784322438565
2147,6.810784322438565
2148,6.810784322438565
2149,6.810784322438565
2150,6.810784322438565
2151,6.810784322438565
2152,6.810784322438565
2153,6.810784322438565
2154,6.810784322438565
2155,6.810784322438565
2156,6.810784322438565
2157,6.810784322438565
2158,6.810784322438565
2159,6.810784322438565
2160,6.810784322438565
2161,6.810784322438565
2162,6.810784322438565
2163,6.810784322438565
2164,6.810784322438565
2165,6.810784322438565
2166,6.810784322438565
2167,6.810784322438565
2168,6.810784322438565
2169,6.810784322438565
2170,6.810784322438565
2171,6.810784322438565
2172,6.810784322438565
2173,6.810784322438565
2174,6.810784322438565
2175,6.810784322438565
2176,6.810784322438565
2177,6.810784322438565
2178,6.810784322438565
2179,6.810784322438565
2180,6.810784322438565
2181,6.810784322438565
2182,6.810784322438565
2183,6.810784322438565
2184,6.810784322438565
2185,6.810784322438565
2186,6.810784322438565
2187,6.810784322438565
2188,6.810784322438565
2189,6.810784322438565
2190,6.810784322438565
2191,6.810784322438565
2192,6.810784322438565
2193,6.810784322438565
2194,6.810784322438565
2195,6.810784322438565
2196,6.810784322438565
2197,6.810784322438565
2198,6.810784322438565
2199,6.810784322438565
2200,6.810784322438565
2201,6.810784322438565
2202,6.810784322438565
2203,6.810784322438565
2204,6.810784322438565
2205,6.810784322438565
2206,6.810784322438565
2207,6.810784322438565
2208,6.810784322438565
2209,6.810784322438565
2210,6.810784322438565
2211,6.810784322438565
2212,6.810784322438565
2213,6.810784322438565
2214,6.810784322438565
2215,6.810784322438565
2216,6.810784322438565
2217,6.810784322438565
2218,6.810784322438565
2219,6.810784322438565
2220,6.810784322438565
2221,6.810784322438565
2222,6.810784322438565
2223,6.810784322438565
2224,6.810784322438565
2225,6.810784322438565
2226,6.810784322438565
2227,6.810784322438565
2228,6.810784322438565
2229,6.810784322438565
2230,6.810784322438565
2231,6.810784322438565
2232,6.810784322438565
2233,6.810784322438565
2234,6.810784322438565
2235,6.810784322438565
2236,6.810784322438565
2237,6.810784322438565
2238,6.810784322438565
2239,6.810784322438565
2240,6.810784322438565
2241,6.810784322438565
2242,6.810784322438565
2243,6.810784322438565
2244,6.810784322438565
2245,6.810784322438565
2246,6.810784322438565
2247,6.810784322438565
2248,6.810784322438565
2249,6.810784322438565
2250,6.810784322438565
2251,6.810784322438565
2252,6.810784322438565
2253,6.810784322438565
2254,6.810784322438565
2255,6.810784322438565
2256,6.810784322438565
2257,6.810784322438565
2258,6.810784322438565
2259,6.810784322438565
2260,6.810784322438565
2261,6.810784322438565
2262,6.810784322438565
2263,6.810784322438565
2264,6.810784322438565
2265,6.810784322438565
2266,6.810784322438565
2267,6.810784322438565
2268,6.810784322438565
2269,6.810784322438565
2270,6.810784322438565
2271,6.810784322438565
2272,6.810784322438565
2273,6.810784322438565
2274,6.810784322438565
2275,6.810784322438565
2276,6.810784322438565
2277,6.810784322438565
2278,6.810784322438565
2279,6.810784322438565
2280,6.810784322438565
2281,6.810784322438565
2282,6.810784322438565
2283,6.810784322438565
2284,6.810784322438565
2285,6.810784322438565
2286,6.810784322438565
2287,6.810784322438565
2288,6.810784322438565
2289,6.810784322438565
2290,6.810784322438565
2291,6.810784322438565
2292,6.810784322438565
2293,6.810784322438565
2294,6.810784322438565
2295,6.810784322438565
2296,6.810784322438565
2297,6.810784322438565
2298,6.810784322438565
2299,6.810784322438565
2300,6.810784322438565
2301,6.810784322438565
2302,6.810784322438565
2303,6.810784322438565
2304,6.810784322438565
2305,6.810784322438565
2306,6.810784322438565
2307,6.810784322438565
2308,6.810784322438565
2309,6.810784322438565
2310,6.810784322438565
2311,6.810784322438565
2312,6.810784322438565
2313,6.810784322438565
2314,6.810784322438565
2315,6.810784322438565
2316,6.810784322438565
2317,6.810784322438565
2318,6.810784322438565
2319,6.810784322438565
2320,6.810784322438565
2321,6.810784322438565
2322,6.810784322438565
2323,6.810784322438565
2324,6.810784322438565
2325,6.810784322438565
2326,6.810784322438565
2327,6.810784322438565
2328,6.810784322438565
2329,6.810784322438565
2330,6.810784322438565
2331,6.810784322438565
2332,6.810784322438565
2333,6.810784322438565
2334,6.810784322438565
2335,6.810784322438565
2336,6.810784322438565
2337,6.810784322438565
2338,6.810784322438565
2339,6.810784322438565
2340,6.810784322438565
2341,6.810784322438565
2342,6.810784322438565
2343,6.810784322438565
2344,6.810784322438565
2345,6.810784322438565
2346,6.810784322438565
2347,6.810784322438565
2348,6.810784322438565
2349,6.810784322438565
2350,6.810784322438565
2351,6.810784322438565
2352,6.810784322438565
2353,6.810784322438565
2354,6.810784322438565
2355,6.810784322438565
2356,6.810784322438565
2357,6.810784322438565
2358,6.810784322438565
2359,6.810784322438565
2360,6.810784322438565
2361,6.810784322438565
2362,6.810784322438565
2363,6.810784322438565
2364,6.810784322438565
2365,6.810784322438565
2366,6.810784322438565
2367,6.810784322438565
2368,6.810784322438565
2369,6.810784322438565
2370,6.810784322438565
2371,6.810784322438565
2372,6.810784322438565
2373,6.810784322438565
2374,6.810784322438565
2375,6.810784322438565
2376,6.810784322438565
2377,6.810784322438565
2378,6.810784322438565
2379,6.810784322438565
2380,6.810784322438565
2381,6.810784322438565
2382,6.810784322438565
2383,6.810784322438565
2384,6.810784322438565
2385,6.810784322438565
2386,6.810784322438565
2387,6.810784322438565
2388,6.810784322438565
2389,6.810784322438565
2390,6.810784322438565
2391,6.810784322438565
2392,6.810784322438565
2393,6.810784322438565
2394,6.810784322438565
2395,6.810784322438565
2396,6.810784322438565
2397,6.810784322438565
2398,6.810784322438565
2399,6.810784322438565
2400,6.810784322438565
2401,6.810784322438565
2402,6.810784322438565
2403,6.810784322438565
2404,6.810784322438565
2405,6.810784322438565
2406,6.810784322438565
2407,6.810784322438565
2408,6.810784322438565
2409,6.810784322438565
2410,6.810784322438565
2411,6.810784322438565
2412,6.810784322438565
2413,6.810784322438565
2414,6.810784322438565
2415,6.810784322438565
2416,6.810784322438565
2417,6.810784322438565
2418,6.810784322438565
2419,6.810784322438565
2420,6.810784322438565
2421,6.810784322438565
2422,6.810784322438565
2423,6.810784322438565
2424,6.810784322438565
2425,6.810784322438565
2426,6.810784322438565
2427,6.810784322438565
2428,6.810784322438565
2429,6.810784322438565
2430,6.810784322438565
2431,6.810784322438565
2432,6.810784322438565
2433,6.810784322438565
2434,6.810784322438565
2435,6.810784322438565
2436,6.810784322438565
2437,6.810784322438565
2438,6.810784322438565
2439,6.810784322438565
2440,6.810784322438565
2441,6.810784322438565
2442,6.810784322438565
2443,6.810784322438565
2444,6.810784322438565
2445,6.810784322438565
2446,6.810784322438565
2447,6.810784322438565
2448,6.810784322438565
2449,6.810784322438565
2450,6.810784322438565
2451,6.810784322438565
2452,6.810784322438565
2453,6.810784322438565
2454,6.810784322438565
2455,6.810784322438565
2456,6.810784322438565
2457,6.810784322438565
2458,6.810784322438565
2459,6.810784322438565
2460,6.810784322438565
2461,6.810784322438565
2462,6.810784322438565
2463,6.810784322438565
2464,6.810784322438565
2465,6.810784322438565
2466,6.810784322438565
2467,6.810784322438565
2468,6.810784322438565
2469,6.810784322438565
2470,6.810784322438565
2471,6.810784322438565
2472,6.810784322438565
2473,6.810784322438565
2474,6.810784322438565
2475,6.810784322438565
2476,6.810784322438565
2477,6.810784322438565
2478,6.810784322438565
2479,6.810784322438565
2480,6.810784322438565
2481,6.810784322438565
2482,6.810784322438565
2483,6.810784322438565
2484,6.810784322438565
2485,6.810784322438565
2486,6.810784322438565
2487,6.810784322438565
2488,6.810784322438565
2489,6.810784322438565
2490,6.810784322438565
2491,6.810784322438565
2492,6.810784322438565
2493,6.810784322438565
2494,6.810784322438565
2495,6.810784322438565
2496,6.810784322438565
2497,6.810784322438565
2498,6.810784322438565
2499,6.810784322438565
2500,6.810784322438565
2501,6.810784322438565
2502,6.810784322438565
2503,6.810784322438565
2504,6.810784322438565
2505,6.810784322438565
2506,6.810784322438565
2507,6.810784322438565
2508,6.810784322438565
2509,6.810784322438565
2510,6.810784322438565
2511,6.810784322438565
2512,6.810784322438565
2513,6.810784322438565
2514,6.810784322438565
2515,6.810784322438565
2516,6.810784322438565
2517,6.810784322438565
2518,6.810784322438565
2519,6.810784322438565
2520,6.810784322438565
2521,6.810784322438565
2522,6.810784322438565
2523,6.810784322438565
2524,6.810784322438565
2525,6.810784322438565
2526,6.810784322438565
2527,6.810784322438565
2528,6.810784322438565
2529,6.810784322438565
2530,6.810784322438565
2531,6.810784322438565
2532,6.810784322438565
2533,6.810784322438565
2534,6.810784322438565
2535,6.810784322438565
2536,6.810784322438565
2537,6.810784322438565
2538,6.810784322438565
2539,6.810784322438565
2540,6.810784322438565
2541,6.810784322438565
2542,6.810784322438565
2543,6.810784322438565
2544,6.810784322438565
2545,6.810784322438565
2546,6.810784322438565
2547,6.810784322438565
2548,6.810784322438565
2549,6.810784322438565
2550,6.810784322438565
2551,6.810784322438565
2552,6.810784322438565
2553,6.810784322438565
2554,6.810784322438565
2555,6.810784322438565
2556,6.810784322438565
2557,6.810784322438565
2558,6.810784322438565
2559,6.810784322438565
2560,6.810784322438565
2561,6.810784322438565
2562,6.810784322438565
2563,6.810784322438565
2564,6.810784322438565
2565,6.810784322438565
2566,6.810784322438565
2567,6.810784322438565
2568,6.810784322438565
2569,6.810784322438565
2570,6.810784322438565
2571,6.810784322438565
2572,6.810784322438565
2573,6.810784322438565
2574,6.810784322438565
2575,6.810784322438565
2576,6.810784322438565
2577,6.810784322438565
2578,6.810784322438565
2579,6.810784322438565
2580,6.810784322438565
2581,6.810784322438565
2582,6.810784322438565
2583,6.810784322438565
2584,6.810784322438565
2585,6.810784322438565
2586,6.810784322438565
2587,6.810784322438565
2588,6.810784322438565
2589,6.810784322438565
2590,6.810784322438565
2591,6.810784322438565
2592,6.810784322438565
2593,6.810784322438565
2594,6.810784322438565
2595,6.810784322438565
2596,6.810784322438565
2597,6.810784322438565
2598,6.810784322438565
2599,6.810784322438565
2600,6.810784322438565
2601,6.810784322438565
2602,6.810784322438565
2603,6.810784322438565
2604,6.810784322438565
2605,6.810784322438565
2606,6.810784322438565
2607,6.810784322438565
2608,6.810784322438565
2609,6.810784322438565
2610,6.810784322438565
2611,6.810784322438565
2612,6.810784322438565
2613,6.810784322438565
2614,6.810784322438565
2615,6.810784322438565
2616,6.810784322438565
2617,6.810784322438565
2618,6.810784322438565
2619,6.810784322438565
2620,6.810784322438565
2621,6.810784322438565
2622,6.810784322438565
2623,6.810784322438565
2624,6.810784322438565
2625,6.810784322438565
2626,6.810784322438565
2627,6.810784322438565
2628,6.810784322438565
2629,6.810784322438565
2630,6.810784322438565
2631,6.810784322438565
2632,6.810784322438565
2633,6.810784322438565
2634,6.810784322438565
2635,6.810784322438565
2636,6.810784322438565
2637,6.552794435956628
2638,6.552794435956628
2639,6.552794435956628
2640,6.552794435956628
2641,6.552794435956628
2642,6.552794435956628
2643,6.552794435956628
2644,6.552794435956628
2645,6.552794435956628
2646,6.552794435956628
2647,6.552794435956628
2648,6.552794435956628
2649,6.552794435956628
2650,6.552794435956628
2651,6.552794435956628
2652,6.552794435956628
2653,6.552794435956628
2654,6.552794435956628
2655,6.552794435956628
2656,6.552794435956628
2657,6.552794435956628
2658,6.552794435956628
2659,6.552794435956628
2660,6.552794435956628
2661,6.552794435956628
2662,6.552794435956628
2663,6.552794435956628
2664,6.552794435956628
2665,6.552794435956628
2666,6.552794435956628
2667,6.552794435956628
2668,6.552794435956628
2669,6.552794435956628
2670,6.552794435956628
2671,6.552794435956628
2672,6.552794435956628
2673,6.552794435956628
2674,6.552794435956628
2675,6.552794435956628
2676,6.552794435956628
2677,6.552794435956628
2678,6.552794435956628
2679,6.552794435956628
2680,6.552794435956628
2681,6.552794435956628
2682,6.552794435956628
2683,6.552794435956628
2684,6.552794435956628
2685,6.552794435956628
2686,6.552794435956628
2687,6.552794435956628
2688,6.552794435956628
2689,6.552794435956628
2690,6.552794435956628
2691,6.552794435956628
2692,6.552794435956628
2693,6.552794435956628
2694,6.552794435956628
2695,6.552794435956628
2696,6.552794435956628
2697,6.552794435956628
2698,6.552794435956628
2699,6.552794435956628
2700,6.552794435956628
2701,6.552794435956628
2702,6.552794435956628
2703,6.552794435956628
2704,6.552794435956628
2705,6.552794435956628
2706,6.552794435956628
2707,6.552794435956628
2708,6.552794435956628
2709,6.444459170393416
2710,6.444459170393416
2711,6.444459170393416
2712,6.444459170393416
2713,6.444459170393416
2714,6.444459170393416
2715,6.444459170393416
2716,6.444459170393416
2717,6.444459170393416
2718,6.444459170393416
2719,6.444459170393416
2720,6.444459170393416
2721,6.444459170393416
2722,6.444459170393416
2723,6.444459170393416
2724,6.444459170393416
2725,6.444459170393416
2726,6.444459170393416
2727,6.444459170393416
2728,6.444459170393416
2729,6.444459170393416
2730,6.444459170393416
2731,6.444459170393416
2732,6.444459170393416
2733,6.444459170393416
2734,6.444459170393416
2735,6.444459170393416
2736,6.444459170393416
2737,6.444459170393416
2738,6.444459170393416
2739,6.444459170393416
2740,6.444459170393416
2741,6.444459170393416
2742,6.444459170393416
2743,6.444459170393416
2744,6.444459170393416
2745,6.444459170393416
2746,6.444459170393416
2747,6.444459170393416
2748,6.444459170393416
2749,6.444459170393416
2750,6.444459170393416
2751,6.444459170393416
2752,6.444459170393416
2753,6.444459170393416
2754,6.444459170393416
2755,6.444459170393416
2756,6.444459170393416
2757,6.444459170393416
2758,6.444459170393416
2759,6.444459170393416
2760,6.444459170393416
2761,6.444459170393416
2762,6.444459170393416
2763,6.444459170393416
2764,6.444459170393416
2765,6.444459170393416
2766,6.444459170393416
2767,6.444459170393416
2768,6.444459170393416
2769,6.444459170393416
2770,6.444459170393416
2771,6.444459170393416
2772,6.444459170393416
2773,6.444459170393416
2774,6.444459170393416
2775,6.444459170393416
2776,6.444459170393416
2777,6.444459170393416
2778,6.444459170393416
2779,6.444459170393416
2780,6.444459170393416
2781,6.444459170393416
2782,6.444459170393416
2783,6.444459170393416
2784,6.444459170393416
2785,6.444459170393416
2786,6.444459170393416
2787,6.444459170393416
2788,6.444459170393416
2789,6.444459170393416
2790,6.444459170393416
2791,6.444459170393416
2792,6.444459170393416
2793,6.444459170393416
2794,6.444459170393416
2795,6.444459170393416
2796,6.444459170393416
2797,6.444459170393416
2798,6.444459170393416
2799,6.444459170393416
2800,6.444459170393416
2801,6.444459170393416
2802,6.444459170393416
2803,6.444459170393416
2804,6.444459170393416
2805,6.444459170393416
2806,6.444459170393416
2807,6.444459170393416
2808,6.444459170393416
2809,6.444459170393416
2810,6.444459170393416
2811,6.444459170393416
2812,6.444459170393416
2813,6.444459170393416
2814,6.444459170393416
2815,6.444459170393416
2816,6.444459170393416
2817,6.444459170393416
2818,6.444459170393416
2819,6.444459170393416
2820,6.444459170393416
2821,6.444459170393416
2822,6.444459170393416
2823,6.444459170393416
2824,6.444459170393416
2825,6.444459170393416
2826,6.444459170393416
2827,6.444459170393416
2828,6.444459170393416
2829,6.444459170393416
2830,6.444459170393416
2831,6.444459170393416
2832,6.444459170393416
2833,6.444459170393416
2834,6.444459170393416
2835,6.444459170393416
2836,6.444459170393416
2837,6.444459170393416
2838,6.444459170393416
2839,6.444459170393416
2840,6.444459170393416
2841,6.444459170393416
2842,6.444459170393416
2843,6.444459170393416
2844,6.444459170393416
2845,6.444459170393416
2846,6.444459170393416
2847,6.444459170393416
2848,6.444459170393416
2849,6.444459170393416
2850,6.444459170393416
2851,6.444459170393416
2852,6.444459170393416
2853,6.444459170393416
2854,6.444459170393416
2855,6.444459170393416
2856,6.444459170393416
2857,6.444459170393416
2858,6.444459170393416
2859,6.444459170393416
2860,6.444459170393416
2861,6.444459170393416
2862,6.444459170393416
2863,6.444459170393416
2864,6.444459170393416
2865,6.444459170393416
2866,6.444459170393416
2867,6.444459170393416
2868,6.444459170393416
2869,6.444459170393416
2870,6.444459170393416
2871,6.444459170393416
2872,6.444459170393416
2873,6.444459170393416
2874,6.444459170393416
2875,6.444459170393416
2876,6.444459170393416
2877,6.444459170393416
2878,6.444459170393416
2879,6.444459170393416
2880,6.444459170393416
2881,6.444459170393416
2882,6.444459170393416
2883,6.444459170393416
2884,6.444459170393416
2885,6.444459170393416
2886,6.444459170393416
2887,6.444459170393416
2888,6.444459170393416
2889,6.444459170393416
2890,6.444459170393416
2891,6.444459170393416
2892,6.444459170393416
2893,6.444459170393416
2894,6.444459170393416
2895,6.444459170393416
2896,6.444459170393416
2897,6.444459170393416
2898,6.444459170393416
2899,6.444459170393416
2900,6.444459170393416
2901,6.444459170393416
2902,6.444459170393416
2903,6.444459170393416
2904,6.444459170393416
2905,6.444459170393416
2906,6.444459170393416
2907,6.444459170393416
2908,6.444459170393416
2909,6.444459170393416
2910,6.444459170393416
2911,6.444459170393416
2912,6.444459170393416
2913,6.444459170393416
2914,6.444459170393416
2915,6.444459170393416
2916,6.444459170393416
2917,6.444459170393416
2918,6.444459170393416
2919,6.444459170393416
2920,6.444459170393416
2921,6.444459170393416
2922,6.444459170393416
2923,6.444459170393416
2924,6.444459170393416
2925,6.444459170393416
2926,6.444459170393416
2927,6.444459170393416
2928,6.444459170393416
2929,6.444459170393416
2930,6.444459170393416
2931,6.444459170393416
2932,6.444459170393416
2933,6.444459170393416
2934,6.444459170393416
2935,6.444459170393416
2936,6.444459170393416
2937,6.444459170393416
2938,6.444459170393416
2939,6.444459170393416
2940,6.444459170393416
2941,6.444459170393416
2942,6.444459170393416
2943,6.444459170393416
2944,6.444459170393416
2945,6.444459170393416
2946,6.444459170393416
2947,6.444459170393416
2948,6.444459170393416
2949,6.444459170393416
2950,6.444459170393416
2951,6.444459170393416
2952,6.444459170393416
2953,6.444459170393416
2954,6.444459170393416
2955,6.444459170393416
2956,6.444459170393416
2957,6.444459170393416
2958,6.444459170393416
2959,6.444459170393416
2960,6.444459170393416
2961,6.444459170393416
2962,6.444459170393416
2963,6.444459170393416
2964,6.444459170393416
2965,6.444459170393416
2966,6.444459170393416
2967,6.444459170393416
2968,6.444459170393416
2969,6.444459170393416
2970,6.444459170393416
2971,6.444459170393416
2972,6.444459170393416
2973,6.444459170393416
2974,6.444459170393416
2975,6.444459170393416
2976,6.444459170393416
2977,6.444459170393416
2978,6.444459170393416
2979,6.444459170393416
2980,6.444459170393416
2981,6.444459170393416
2982,6.444459170393416
2983,6.444459170393416
2984,6.444459170393416
2985,6.444459170393416
2986,6.444459170393416
2987,6.444459170393416
2988,6.444459170393416
2989,6.444459170393416
2990,6.444459170393416
2991,6.444459170393416
2992,6.444459170393416
2993,6.444459170393416
2994,6.444459170393416
2995,6.444459170393416
2996,6.444459170393416
2997,6.444459170393416
2998,6.444459170393416
2999,6.444459170393416
3000,6.444459170393416
3001,6.444459170393416
3002,6.444459170393416
3003,6.444459170393416
3004,6.444459170393416
3005,6.444459170393416
3006,6.444459170393416
3007,6.444459170393416
3008,6.444459170393416
3009,6.444459170393416
3010,6.444459170393416
3011,6.444459170393416
3012,6.444459170393416
3013,6.444459170393416
3014,6.444459170393416
3015,6.444459170393416
3016,6.444459170393416
3017,6.444459170393416
3018,6.444459170393416
3019,6.444459170393416
3020,6.444459170393416
3021,6.444459170393416
3022,6.444459170393416
3023,6.444459170393416
3024,6.444459170393416
3025,6.444459170393416
3026,6.444459170393416
3027,6.444459170393416
3028,6.444459170393416
3029,6.444459170393416
3030,6.444459170393416
3031,6.444459170393416
3032,6.444459170393416
3033,6.444459170393416
3034,6.444459170393416
3035,6.444459170393416
3036,6.444459170393416
3037,6.444459170393416
3038,6.444459170393416
3039,6.444459170393416
3040,6.444459170393416
3041,6.444459170393416
3042,6.444459170393416
3043,6.444459170393416
3044,6.444459170393416
3045,6.444459170393416
3046,6.444459170393416
3047,6.444459170393416
3048,6.444459170393416
3049,6.444459170393416
3050,6.444459170393416
3051,6.444459170393416
3052,6.444459170393416
3053,6.444459170393416
3054,6.444459170393416
3055,6.444459170393416
3056,6.444459170393416
3057,6.444459170393416
3058,6.444459170393416
3059,6.444459170393416
3060,6.444459170393416
3061,6.444459170393416
3062,6.444459170393416
3063,6.444459170393416
3064,6.444459170393416
3065,6.444459170393416
3066,6.444459170393416
3067,6.444459170393416
3068,6.444459170393416
3069,6.444459170393416
3070,6.444459170393416
3071,6.444459170393416
3072,6.444459170393416
3073,6.444459170393416
3074,6.444459170393416
3075,6.444459170393416
3076,6.444459170393416
3077,6.444459170393416
3078,6.444459170393416
3079,6.444459170393416
3080,6.444459170393416
3081,6.444459170393416
3082,6.444459170393416
3083,6.444459170393416
3084,6.444459170393416
3085,6.444459170393416
3086,6.444459170393416
3087,6.444459170393416
3088,6.444459170393416
3089,6.444459170393416
3090,6.444459170393416
3091,6.444459170393416
3092,6.444459170393416
3093,6.444459170393416
3094,6.444459170393416
3095,6.444459170393416
3096,6.444459170393416
3097,6.444459170393416
3098,6.444459170393416
3099,6.444459170393416
3100,6.444459170393416
3101,6.444459170393416
3102,6.444459170393416
3103,6.444459170393416
3104,6.444459170393416
3105,6.444459170393416
3106,6.444459170393416
3107,6.444459170393416
3108,6.444459170393416
3109,6.444459170393416
3110,6.444459170393416
3111,6.444459170393416
3112,6.444459170393416
3113,6.444459170393416
3114,6.444459170393416
3115,6.444459170393416
3116,6.444459170393416
3117,6.444459170393416
3118,6.444459170393416
3119,6.444459170393416
3120,6.444459170393416
3121,6.444459170393416
3122,6.444459170393416
3123,6.444459170393416
3124,6.444459170393416
3125,6.444459170393416
3126,6.444459170393416
3127,6.444459170393416
3128,6.444459170393416
3129,6.444459170393416
3130,6.444459170393416
3131,6.444459170393416
3132,6.444459170393416
3133,6.444459170393416
3134,6.444459170393416
3135,6.444459170393416
3136,6.444459170393416
3137,6.444459170393416
3138,6.444459170393416
3139,6.444459170393416
3140,6.444459170393416
3141,6.444459170393416
3142,6.444459170393416
3143,6.444459170393416
3144,6.444459170393416
3145,6.444459170393416
3146,6.444459170393416
3147,6.444459170393416
3148,6.444459170393416
3149,6.444459170393416
3150,6.444459170393416
3151,6.444459170393416
3152,6.444459170393416
3153,6.444459170393416
3154,6.444459170393416
3155,6.444459170393416
3156,6.444459170393416
3157,6.444459170393416
3158,6.444459170393416
3159,6.444459170393416
3160,6.444459170393416
3161,6.444459170393416
3162,6.444459170393416
3163,6.444459170393416
3164,6.444459170393416
3165,6.444459170393416
3166,6.444459170393416
3167,6.444459170393416
3168,6.444459170393416
3169,6.444459170393416
3170,6.444459170393416
3171,6.444459170393416
3172,6.444459170393416
3173,6.444459170393416
3174,6.444459170393416
3175,6.444459170393416
3176,6.444459170393416
3177,6.444459170393416
3178,6.444459170393416
3179,6.444459170393416
3180,6.444459170393416
3181,6.444459170393416
3182,6.444459170393416
3183,6.444459170393416
3184,6.444459170393416
3185,6.444459170393416
3186,6.444459170393416
3187,6.444459170393416
3188,6.444459170393416
3189,6.444459170393416
3190,6.444459170393416
3191,6.444459170393416
3192,6.444459170393416
3193,6.444459170393416
3194,6.444459170393416
3195,6.444459170393416
3196,6.444459170393416
3197,6.444459170393416
3198,6.444459170393416
3199,6.444459170393416
3200,6.444459170393416
3201,6.444459170393416
3202,6.444459170393416
3203,6.444459170393416
3204,6.444459170393416
3205,6.444459170393416
3206,6.444459170393416
3207,6.444459170393416
3208,6.444459170393416
3209,6.444459170393416
3210,6.444459170393416
3211,6.444459170393416
3212,6.444459170393416
3213,6.444459170393416
3214,6.444459170393416
3215,6.444459170393416
3216,6.444459170393416
3217,6.444459170393416
3218,6.444459170393416
3219,6.444459170393416
3220,6.444459170393416
3221,6.444459170393416
3222,6.444459170393416
3223,6.444459170393416
3224,6.444459170393416
3225,6.444459170393416
3226,6.444459170393416
3227,6.444459170393416
3228,6.444459170393416
3229,6.444459170393416
3230,6.444459170393416
3231,6.444459170393416
3232,6.444459170393416
3233,6.444459170393416
3234,6.444459170393416
3235,6.444459170393416
3236,6.444459170393416
3237,6.444459170393416
3238,6.444459170393416
3239,6.444459170393416
3240,6.444459170393416
3241,6.444459170393416
3242,6.444459170393416
3243,6.444459170393416
3244,6.444459170393416
3245,6.444459170393416
3246,6.444459170393416
3247,6.444459170393416
3248,6.444459170393416
3249,6.444459170393416
3250,6.444459170393416
3251,6.444459170393416
3252,6.444459170393416
3253,6.444459170393416
3254,6.444459170393416
3255,6.444459170393416
3256,6.444459170393416
3257,6.444459170393416
3258,6.444459170393416
3259,6.444459170393416
3260,6.444459170393416
3261,6.444459170393416
3262,6.444459170393416
3263,6.444459170393416
3264,6.444459170393416
3265,6.444459170393416
3266,6.444459170393416
3267,6.444459170393416
3268,6.444459170393416
3269,6.444459170393416
3270,6.444459170393416
3271,6.444459170393416
3272,6.444459170393416
3273,6.444459170393416
3274,6.444459170393416
3275,6.444459170393416
3276,6.444459170393416
3277,6.444459170393416
3278,6.444459170393416
3279,6.444459170393416
3280,6.444459170393416
3281,6.444459170393416
3282,6.444459170393416
3283,6.444459170393416
3284,6.444459170393416
3285,6.444459170393416
3286,6.444459170393416
3287,6.444459170393416
3288,6.444459170393416
3289,6.444459170393416
3290,6.444459170393416
3291,6.444459170393416
3292,6.444459170393416
3293,6.444459170393416
3294,6.444459170393416
3295,6.444459170393416
3296,6.444459170393416
3297,6.444459170393416
3298,6.444459170393416
3299,6.444459170393416
3300,6.444459170393416
3301,6.444459170393416
3302,6.444459170393416
3303,6.444459170393416
3304,6.444459170393416
3305,6.444459170393416
3306,6.444459170393416
3307,6.444459170393416
3308,6.444459170393416
3309,6.444459170393416
3310,6.444459170393416
3311,6.444459170393416
3312,6.444459170393416
3313,6.444459170393416
3314,6.444459170393416
3315,6.444459170393416
3316,6.444459170393416
3317,6.444459170393416
3318,6.444459170393416
3319,6.444459170393416
3320,6.444459170393416
3321,6.444459170393416
3322,6.444459170393416
3323,6.444459170393416
3324,6.444459170393416
3325,6.444459170393416
3326,6.444459170393416
3327,6.444459170393416
3328,6.444459170393416
3329,6.444459170393416
3330,6.444459170393416
3331,6.444459170393416
3332,6.444459170393416
3333,6.444459170393416
3334,6.444459170393416
3335,6.444459170393416
3336,6.444459170393416
3337,6.444459170393416
3338,6.444459170393416
3339,6.444459170393416
3340,6.444459170393416
3341,6.444459170393416
3342,6.444459170393416
3343,6.444459170393416
3344,6.444459170393416
3345,6.444459170393416
3346,6.444459170393416
3347,6.444459170393416
3348,6.444459170393416
3349,6.444459170393416
3350,6.444459170393416
3351,6.444459170393416
3352,6.444459170393416
3353,6.444459170393416
3354,6.444459170393416
3355,6.444459170393416
3356,6.444459170393416
3357,6.444459170393416
3358,6.444459170393416
3359,6.444459170393416
3360,6.444459170393416
3361,6.444459170393416
3362,6.444459170393416
3363,6.444459170393416
3364,6.444459170393416
3365,6.444459170393416
3366,6.444459170393416
3367,6.444459170393416
3368,6.444459170393416
3369,6.444459170393416
3370,6.444459170393416
3371,6.444459170393416
3372,6.444459170393416
3373,6.444459170393416
3374,6.444459170393416
3375,6.444459170393416
3376,6.444459170393416
3377,6.444459170393416
3378,6.444459170393416
3379,6.444459170393416
3380,6.444459170393416
3381,6.444459170393416
3382,6.444459170393416
3383,6.444459170393416
3384,6.444459170393416
3385,6.444459170393416
3386,6.444459170393416
3387,6.444459170393416
3388,6.444459170393416
3389,6.444459170393416
3390,6.444459170393416
3391,6.444459170393416
3392,6.444459170393416
3393,6.444459170393416
3394,6.444459170393416
3395,6.444459170393416
3396,6.444459170393416
3397,6.444459170393416
3398,6.444459170393416
3399,6.444459170393416
3400,6.444459170393416
3401,6.444459170393416
3402,6.444459170393416
3403,6.444459170393416
3404,6.444459170393416
3405,6.444459170393416
3406,6.444459170393416
3407,6.444459170393416
3408,6.444459170393416
3409,6.444459170393416
3410,6.444459170393416
3411,6.444459170393416
3412,6.444459170393416
3413,6.444459170393416
3414,6.444459170393416
3415,6.444459170393416
3416,6.444459170393416
3417,6.444459170393416
3418,6.444459170393416
3419,6.444459170393416
3420,6.444459170393416
3421,6.444459170393416
3422,6.444459170393416
3423,6.444459170393416
3424,6.444459170393416
3425,6.444459170393416
3426,6.444459170393416
3427,6.444459170393416
3428,6.444459170393416
3429,6.444459170393416
3430,6.444459170393416
3431,6.444459170393416
3432,6.444459170393416
3433,6.444459170393416
3434,6.444459170393416
3435,6.444459170393416
3436,6.444459170393416
3437,6.444459170393416
3438,6.444459170393416
3439,6.444459170393416
3440,6.444459170393416
3441,6.444459170393416
3442,6.444459170393416
3443,6.444459170393416
3444,6.444459170393416
3445,6.444459170393416
3446,6.444459170393416
3447,6.444459170393416
3448,6.444459170393416
3449,6.444459170393416
3450,6.444459170393416
3451,6.444459170393416
3452,6.444459170393416
3453,6.444459170393416
3454,6.444459170393416
3455,6.444459170393416
3456,6.444459170393416
3457,6.444459170393416
3458,6.444459170393416
3459,6.444459170393416
3460,6.444459170393416
3461,6.444459170393416
3462,6.444459170393416
3463,6.444459170393416
3464,6.444459170393416
3465,6.444459170393416
3466,6.444459170393416
3467,6.444459170393416
3468,6.444459170393416
3469,6.444459170393416
3470,6.444459170393416
3471,6.444459170393416
3472,6.444459170393416
3473,6.444459170393416
3474,6.444459170393416
3475,6.444459170393416
3476,6.444459170393416
3477,6.444459170393416
3478,6.444459170393416
3479,6.444459170393416
3480,6.444459170393416
3481,6.444459170393416
3482,6.444459170393416
3483,6.444459170393416
3484,6.444459170393416
3485,6.444459170393416
3486,6.444459170393416
3487,6.444459170393416
3488,6.444459170393416
3489,6.444459170393416
3490,6.444459170393416
3491,6.444459170393416
3492,6.444459170393416
3493,6.444459170393416
3494,6.444459170393416
3495,6.444459170393416
3496,6.444459170393416
3497,6.444459170393416
3498,6.444459170393416
3499,6.444459170393416
3500,6.444459170393416
3501,6.444459170393416
3502,6.444459170393416
3503,6.444459170393416
3504,6.444459170393416
3505,6.444459170393416
3506,6.444459170393416
3507,6.444459170393416
3508,6.444459170393416
3509,6.444459170393416
3510,6.444459170393416
3511,6.444459170393416
3512,6.444459170393416
3513,6.444459170393416
3514,6.444459170393416
3515,6.444459170393416
3516,6.444459170393416
3517,6.444459170393416
3518,6.444459170393416
3519,6.444459170393416
3520,6.444459170393416
3521,6.444459170393416
3522,6.444459170393416
3523,6.444459170393416
3524,6.444459170393416
3525,6.444459170393416
3526,6.444459170393416
3527,6.444459170393416
3528,6.444459170393416
3529,6.444459170393416
3530,6.444459170393416
3531,6.444459170393416
3532,6.444459170393416
3533,6.444459170393416
3534,6.444459170393416
3535,6.444459170393416
3536,6.444459170393416
3537,6.444459170393416
3538,6.444459170393416
3539,6.444459170393416
3540,6.444459170393416
3541,6.444459170393416
3542,6.444459170393416
3543,6.444459170393416
3544,6.444459170393416
3545,6.444459170393416
3546,6.444459170393416
3547,6.444459170393416
3548,6.444459170393416
3549,6.444459170393416
3550,6.444459170393416
3551,6.444459170393416
3552,6.444459170393416
3553,6.444459170393416
3554,6.444459170393416
3555,6.444459170393416
3556,6.444459170393416
3557,6.444459170393416
3558,6.444459170393416
3559,6.444459170393416
3560,6.444459170393416
3561,6.444459170393416
3562,6.444459170393416
3563,6.444459170393416
3564,6.444459170393416
3565,6.444459170393416
3566,6.444459170393416
3567,6.444459170393416
3568,6.444459170393416
3569,6.444459170393416
3570,6.444459170393416
3571,6.444459170393416
3572,6.444459170393416
3573,6.444459170393416
3574,6.444459170393416
3575,6.444459170393416
3576,6.444459170393416
3577,6.444459170393416
3578,6.444459170393416
3579,6.444459170393416
3580,6.444459170393416
3581,6.444459170393416
3582,6.444459170393416
3583,6.444459170393416
3584,6.444459170393416
3585,6.444459170393416
3586,6.444459170393416
3587,6.444459170393416
3588,6.444459170393416
3589,6.444459170393416
3590,6.444459170393416
3591,6.444459170393416
3592,6.444459170393416
3593,6.444459170393416
3594,6.444459170393416
3595,6.444459170393416
3596,6.444459170393416
3597,6.444459170393416
3598,6.444459170393416
3599,6.444459170393416
3600,6.444459170393416
3601,6.444459170393416
3602,6.444459170393416
3603,6.444459170393416
3604,6.444459170393416
3605,6.444459170393416
3606,6.444459170393416
3607,6.444459170393416
3608,6.444459170393416
3609,6.444459170393416
3610,6.444459170393416
3611,6.444459170393416
3612,6.444459170393416
3613,6.444459170393416
3614,6.444459170393416
3615,6.444459170393416
3616,6.444459170393416
3617,6.444459170393416
3618,6.444459170393416
3619,6.444459170393416
3620,6.444459170393416
3621,6.444459170393416
3622,6.444459170393416
3623,6.444459170393416
3624,6.444459170393416
3625,6.444459170393416
3626,6.444459170393416
3627,6.444459170393416
3628,6.444459170393416
3629,6.444459170393416
3630,6.444459170393416
3631,6.444459170393416
3632,6.444459170393416
3633,6.444459170393416
3634,6.444459170393416
3635,6.444459170393416
3636,6.444459170393416
3637,6.444459170393416
3638,6.444459170393416
3639,6.444459170393416
3640,6.444459170393416
3641,6.444459170393416
3642,6.444459170393416
3643,6.444459170393416
3644,6.444459170393416
3645,6.444459170393416
3646,6.444459170393416
3647,6.444459170393416
3648,6.444459170393416
3649,6.444459170393416
3650,6.444459170393416
3651,6.444459170393416
3652,6.444459170393416
3653,6.444459170393416
3654,6.444459170393416
3655,6.444459170393416
3656,6.444459170393416
3657,6.444459170393416
3658,6.444459170393416
3659,6.444459170393416
3660,6.444459170393416
3661,6.444459170393416
3662,6.444459170393416
3663,6.444459170393416
3664,6.444459170393416
3665,6.444459170393416
3666,6.444459170393416
3667,6.444459170393416
3668,6.444459170393416
3669,6.444459170393416
3670,6.444459170393416
3671,6.444459170393416
3672,6.444459170393416
3673,6.444459170393416
3674,6.444459170393416
3675,6.444459170393416
3676,6.444459170393416
3677,6.444459170393416
3678,6.444459170393416
3679,6.444459170393416
3680,6.444459170393416
3681,6.444459170393416
3682,6.444459170393416
3683,6.444459170393416
3684,6.444459170393416
3685,6.444459170393416
3686,6.444459170393416
3687,6.444459170393416
3688,6.444459170393416
3689,6.444459170393416
3690,6.444459170393416
3691,6.444459170393416
3692,6.444459170393416
3693,6.444459170393416
3694,6.444459170393416
3695,6.444459170393416
3696,6.444459170393416
3697,6.444459170393416
3698,6.444459170393416
3699,6.444459170393416
3700,6.444459170393416
3701,6.444459170393416
3702,6.444459170393416
3703,6.444459170393416
3704,6.444459170393416
3705,6.444459170393416
3706,6.444459170393416
3707,6.444459170393416
3708,6.444459170393416
3709,6.444459170393416
3710,6.444459170393416
3711,6.444459170393416
3712,6.444459170393416
3713,6.444459170393416
3714,6.444459170393416
3715,6.444459170393416
3716,6.444459170393416
3717,6.444459170393416
3718,6.444459170393416
3719,6.444459170393416
3720,6.444459170393416
3721,6.444459170393416
3722,6.444459170393416
3723,6.444459170393416
3724,6.444459170393416
3725,6.444459170393416
3726,6.444459170393416
3727,6.444459170393416
3728,6.444459170393416
3729,6.444459170393416
3730,6.444459170393416
3731,6.444459170393416
3732,6.444459170393416
3733,6.444459170393416
3734,6.444459170393416
3735,6.444459170393416
3736,6.444459170393416
3737,6.444459170393416
3738,6.444459170393416
3739,6.444459170393416
3740,6.444459170393416
3741,6.444459170393416
3742,6.444459170393416
3743,6.444459170393416
3744,6.444459170393416
3745,6.444459170393416
3746,6.444459170393416
3747,6.444459170393416
3748,6.444459170393416
3749,6.444459170393416
3750,6.444459170393416
3751,6.444459170393416
3752,6.444459170393416
3753,6.444459170393416
3754,6.444459170393416
3755,6.444459170393416
3756,6.444459170393416
3757,6.444459170393416
3758,6.444459170393416
3759,6.444459170393416
3760,6.444459170393416
3761,6.444459170393416
3762,6.444459170393416
3763,6.444459170393416
3764,6.444459170393416
3765,6.444459170393416
3766,6.444459170393416
3767,6.444459170393416
3768,6.444459170393416
3769,6.444459170393416
3770,6.444459170393416
3771,6.444459170393416
3772,6.444459170393416
3773,6.444459170393416
3774,6.444459170393416
3775,6.444459170393416
3776,6.444459170393416
3777,6.444459170393416
3778,6.444459170393416
3779,6.444459170393416
3780,6.444459170393416
3781,6.444459170393416
3782,6.444459170393416
3783,6.444459170393416
3784,6.444459170393416
3785,6.444459170393416
3786,6.444459170393416
3787,6.444459170393416
3788,6.444459170393416
3789,6.444459170393416
3790,6.444459170393416
3791,6.444459170393416
3792,6.444459170393416
3793,6.444459170393416
3794,6.444459170393416
3795,6.444459170393416
3796,6.444459170393416
3797,6.444459170393416
3798,6.444459170393416
3799,6.444459170393416
3800,6.444459170393416
3801,6.444459170393416
3802,6.444459170393416
3803,6.444459170393416
3804,6.444459170393416
3805,6.444459170393416
3806,6.444459170393416
3807,6.444459170393416
3808,6.444459170393416
3809,6.444459170393416
3810,6.444459170393416
3811,6.444459170393416
3812,6.444459170393416
3813,6.444459170393416
3814,6.444459170393416
3815,6.444459170393416
3816,6.444459170393416
3817,6.444459170393416
3818,6.444459170393416
3819,6.444459170393416
3820,6.444459170393416
3821,6.444459170393416
3822,6.444459170393416
3823,6.444459170393416
3824,6.444459170393416
3825,6.444459170393416
3826,6.444459170393416
3827,6.444459170393416
3828,6.444459170393416
3829,6.444459170393416
3830,6.444459170393416
3831,6.444459170393416
3832,6.444459170393416
3833,6.444459170393416
3834,6.444459170393416
3835,6.444459170393416
3836,6.444459170393416
3837,6.444459170393416
3838,6.444459170393416
3839,6.444459170393416
3840,6.444459170393416
3841,6.444459170393416
3842,6.444459170393416
3843,6.444459170393416
3844,6.444459170393416
3845,6.444459170393416
3846,6.444459170393416
3847,6.444459170393416
3848,6.444459170393416
3849,6.444459170393416
3850,6.444459170393416
3851,6.444459170393416
3852,6.444459170393416
3853,6.444459170393416
3854,6.444459170393416
3855,6.444459170393416
3856,6.444459170393416
3857,6.444459170393416
3858,6.444459170393416
3859,6.444459170393416
3860,6.444459170393416
3861,6.444459170393416
3862,6.444459170393416
3863,6.444459170393416
3864,6.444459170393416
3865,6.444459170393416
3866,6.444459170393416
3867,6.444459170393416
3868,6.444459170393416
3869,6.444459170393416
3870,6.444459170393416
3871,6.444459170393416
3872,6.444459170393416
3873,6.444459170393416
3874,6.444459170393416
3875,6.444459170393416
3876,6.444459170393416
3877,6.444459170393416
3878,6.444459170393416
3879,6.444459170393416
3880,6.444459170393416
3881,6.444459170393416
3882,6.444459170393416
3883,6.444459170393416
3884,6.444459170393416
3885,6.444459170393416
3886,6.444459170393416
3887,6.444459170393416
3888,6.444459170393416
3889,6.444459170393416
3890,6.444459170393416
3891,6.444459170393416
3892,6.444459170393416
3893,6.444459170393416
3894,6.444459170393416
3895,6.444459170393416
3896,6.444459170393416
3897,6.444459170393416
3898,6.444459170393416
3899,6.444459170393416
3900,6.444459170393416
3901,6.444459170393416
3902,6.444459170393416
3903,6.444459170393416
3904,6.444459170393416
3905,6.444459170393416
3906,6.444459170393416
3907,6.444459170393416
3908,6.444459170393416
3909,6.444459170393416
3910,6.444459170393416
3911,6.444459170393416
3912,6.444459170393416
3913,6.444459170393416
3914,6.444459170393416
3915,6.444459170393416
3916,6.444459170393416
3917,6.444459170393416
3918,6.444459170393416
3919,6.444459170393416
3920,6.444459170393416
3921,6.444459170393416
3922,6.444459170393416
3923,6.444459170393416
3924,6.444459170393416
3925,6.444459170393416
3926,6.444459170393416
3927,6.444459170393416
3928,6.444459170393416
3929,6.444459170393416
3930,6.444459170393416
3931,6.444459170393416
3932,6.444459170393416
3933,6.444459170393416
3934,6.444459170393416
3935,6.444459170393416
3936,6.444459170393416
3937,6.444459170393416
3938,6.444459170393416
3939,6.444459170393416
3940,6.444459170393416
3941,6.444459170393416
3942,6.444459170393416
3943,6.444459170393416
3944,6.444459170393416
3945,6.444459170393416
3946,6.444459170393416
3947,6.444459170393416
3948,6.444459170393416
3949,6.444459170393416
3950,6.444459170393416
3951,6.444459170393416
3952,6.444459170393416
3953,6.444459170393416
3954,6.444459170393416
3955,6.444459170393416
3956,6.444459170393416
3957,6.444459170393416
3958,6.444459170393416
3959,6.444459170393416
3960,6.444459170393416
3961,6.444459170393416
3962,6.444459170393416
3963,6.444459170393416
3964,6.444459170393416
3965,6.444459170393416
3966,6.444459170393416
3967,6.444459170393416
3968,6.444459170393416
3969,6.444459170393416
3970,6.444459170393416
3971,6.444459170393416
3972,6.444459170393416
3973,6.444459170393416
3974,6.444459170393416
3975,6.444459170393416
3976,6.444459170393416
3977,6.444459170393416
3978,6.444459170393416
3979,6.444459170393416
3980,6.444459170393416
3981,6.444459170393416
3982,6.444459170393416
3983,6.444459170393416
3984,6.444459170393416
3985,6.444459170393416
3986,6.444459170393416
3987,6.444459170393416
3988,6.444459170393416
3989,6.444459170393416
3990,6.444459170393416
3991,6.444459170393416
3992,6.444459170393416
3993,6.444459170393416
3994,6.444459170393416
3995,6.444459170393416
3996,6.444459170393416
3997,6.444459170393416
3998,6.444459170393416
3999,6.444459170393416
4000,6.444459170393416
4001,6.444459170393416
4002,6.444459170393416
4003,6.444459170393416
4004,6.444459170393416
4005,6.444459170393416
4006,6.444459170393416
4007,6.444459170393416
4008,6.444459170393416
4009,6.444459170393416
4010,6.444459170393416
4011,6.444459170393416
4012,6.444459170393416
4013,6.444459170393416
4014,6.444459170393416
4015,6.444459170393416
4016,6.444459170393416
4017,6.444459170393416
4018,6.444459170393416
4019,6.444459170393416
4020,6.444459170393416
4021,6.444459170393416
4022,6.444459170393416
4023,6.444459170393416
4024,6.444459170393416
4025,6.444459170393416
4026,6.444459170393416
4027,6.444459170393416
4028,6.444459170393416
4029,6.444459170393416
4030,6.444459170393416
4031,6.444459170393416
4032,6.444459170393416
4033,6.444459170393416
4034,6.444459170393416
4035,6.444459170393416
4036,6.444459170393416
4037,6.444459170393416
4038,6.444459170393416
4039,6.444459170393416
4040,6.444459170393416
4041,6.444459170393416
4042,6.444459170393416
4043,6.444459170393416
4044,6.444459170393416
4045,6.444459170393416
4046,6.444459170393416
4047,6.444459170393416
4048,6.444459170393416
4049,6.444459170393416
4050,6.444459170393416
4051,6.444459170393416
4052,6.444459170393416
4053,6.444459170393416
4054,6.444459170393416
4055,6.444459170393416
4056,6.444459170393416
4057,6.444459170393416
4058,6.444459170393416
4059,6.444459170393416
4060,6.444459170393416
4061,6.444459170393416
4062,6.444459170393416
4063,6.444459170393416
4064,6.444459170393416
4065,6.444459170393416
4066,6.444459170393416
4067,6.444459170393416
4068,6.444459170393416
4069,6.444459170393416
4070,6.444459170393416
4071,6.444459170393416
4072,6.444459170393416
4073,6.444459170393416
4074,6.444459170393416
4075,6.444459170393416
4076,6.444459170393416
4077,6.444459170393416
4078,6.444459170393416
4079,6.444459170393416
4080,6.444459170393416
4081,6.444459170393416
4082,6.444459170393416
4083,6.444459170393416
4084,6.444459170393416
4085,6.444459170393416
4086,6.444459170393416
4087,6.444459170393416
4088,6.444459170393416
4089,6.444459170393416
4090,6.444459170393416
4091,6.444459170393416
4092,6.444459170393416
4093,6.444459170393416
4094,6.444459170393416
4095,6.444459170393416
4096,6.444459170393416
4097,6.444459170393416
4098,6.444459170393416
4099,6.444459170393416
4100,6.444459170393416
4101,6.444459170393416
4102,6.444459170393416
4103,6.444459170393416
4104,6.444459170393416
4105,6.444459170393416
4106,6.444459170393416
4107,6.444459170393416
4108,6.444459170393416
4109,6.444459170393416
4110,6.444459170393416
4111,6.444459170393416
4112,6.444459170393416
4113,6.444459170393416
4114,6.444459170393416
4115,6.444459170393416
4116,6.444459170393416
4117,6.444459170393416
4118,6.444459170393416
4119,6.444459170393416
4120,6.444459170393416
4121,6.444459170393416
4122,6.444459170393416
4123,6.444459170393416
4124,6.444459170393416
4125,6.444459170393416
4126,6.444459170393416
4127,6.444459170393416
4128,6.444459170393416
4129,6.444459170393416
4130,6.444459170393416
4131,6.444459170393416
4132,6.444459170393416
4133,6.444459170393416
4134,6.444459170393416
4135,6.444459170393416
4136,6.444459170393416
4137,6.444459170393416
4138,6.444459170393416
4139,6.444459170393416
4140,6.444459170393416
4141,6.444459170393416
4142,6.444459170393416
4143,6.444459170393416
4144,6.444459170393416
4145,6.444459170393416
4146,6.444459170393416
4147,6.444459170393416
4148,6.444459170393416
4149,6.444459170393416
4150,6.444459170393416
4151,6.444459170393416
4152,6.444459170393416
4153,6.444459170393416
4154,6.444459170393416
4155,6.444459170393416
4156,6.444459170393416
4157,6.444459170393416
4158,6.444459170393416
4159,6.444459170393416
4160,6.444459170393416
4161,6.444459170393416
4162,6.444459170393416
4163,6.444459170393416
4164,6.444459170393416
4165,6.444459170393416
4166,6.444459170393416
4167,6.444459170393416
4168,6.444459170393416
4169,6.444459170393416
4170,6.444459170393416
4171,6.444459170393416
4172,6.444459170393416
4173,6.444459170393416
4174,6.444459170393416
4175,6.444459170393416
4176,6.444459170393416
4177,6.444459170393416
4178,6.444459170393416
4179,6.444459170393416
4180,6.444459170393416
4181,6.444459170393416
4182,6.444459170393416
4183,6.444459170393416
4184,6.444459170393416
4185,6.444459170393416
4186,6.444459170393416
4187,6.444459170393416
4188,6.444459170393416
4189,6.444459170393416
4190,6.444459170393416
4191,6.444459170393416
4192,6.444459170393416
4193,6.444459170393416
4194,6.444459170393416
4195,6.444459170393416
4196,6.444459170393416
4197,6.444459170393416
4198,6.444459170393416
4199,6.444459170393416
4200,6.444459170393416
4201,6.444459170393416
4202,6.444459170393416
4203,6.444459170393416
4204,6.444459170393416
4205,6.444459170393416
4206,6.444459170393416
4207,6.444459170393416
4208,6.444459170393416
4209,6.444459170393416
4210,6.444459170393416
4211,6.444459170393416
4212,6.444459170393416
4213,6.444459170393416
4214,6.444459170393416
4215,6.444459170393416
4216,6.444459170393416
4217,6.444459170393416
4218,6.444459170393416
4219,6.444459170393416
4220,6.444459170393416
4221,6.444459170393416
4222,6.444459170393416
4223,6.444459170393416
4224,6.444459170393416
4225,6.444459170393416
4226,6.444459170393416
4227,6.444459170393416
4228,6.444459170393416
4229,6.444459170393416
4230,6.444459170393416
4231,6.444459170393416
4232,6.444459170393416
4233,6.444459170393416
4234,6.444459170393416
4235,6.444459170393416
4236,6.444459170393416
4237,6.444459170393416
4238,6.444459170393416
4239,6.444459170393416
4240,6.444459170393416
4241,6.444459170393416
4242,6.444459170393416
4243,6.444459170393416
4244,6.444459170393416
4245,6.444459170393416
4246,6.444459170393416
4247,6.444459170393416
4248,6.444459170393416
4249,6.444459170393416
4250,6.444459170393416
4251,6.444459170393416
4252,6.444459170393416
4253,6.444459170393416
4254,6.444459170393416
4255,6.444459170393416
4256,6.444459170393416
4257,6.444459170393416
4258,6.444459170393416
4259,6.444459170393416
4260,6.444459170393416
4261,6.444459170393416
4262,6.444459170393416
4263,6.444459170393416
4264,6.444459170393416
4265,6.444459170393416
4266,6.444459170393416
4267,6.444459170393416
4268,6.444459170393416
4269,6.444459170393416
4270,6.444459170393416
4271,6.444459170393416
4272,6.444459170393416
4273,6.444459170393416
4274,6.444459170393416
4275,6.444459170393416
4276,6.444459170393416
4277,6.444459170393416
4278,6.444459170393416
4279,6.444459170393416
4280,6.444459170393416
4281,6.444459170393416
4282,6.444459170393416
4283,6.444459170393416
4284,6.444459170393416
4285,6.444459170393416
4286,6.444459170393416
4287,6.444459170393416
4288,6.444459170393416
4289,6.444459170393416
4290,6.444459170393416
4291,6.444459170393416
4292,6.444459170393416
4293,6.444459170393416
4294,6.444459170393416
4295,6.444459170393416
4296,6.444459170393416
4297,6.444459170393416
4298,6.444459170393416
4299,6.444459170393416
4300,6.444459170393416
4301,6.444459170393416
4302,6.444459170393416
4303,6.444459170393416
4304,6.444459170393416
4305,6.444459170393416
4306,6.444459170393416
4307,6.444459170393416
4308,6.444459170393416
4309,6.444459170393416
4310,6.444459170393416
4311,6.444459170393416
4312,6.444459170393416
4313,6.444459170393416
4314,6.444459170393416
4315,6.444459170393416
4316,6.444459170393416
4317,6.444459170393416
4318,6.444459170393416
4319,6.444459170393416
4320,6.444459170393416
4321,6.444459170393416
4322,6.444459170393416
4323,6.444459170393416
4324,6.444459170393416
4325,6.444459170393416
4326,6.444459170393416
4327,6.444459170393416
4328,6.444459170393416
4329,6.444459170393416
4330,6.444459170393416
4331,6.444459170393416
4332,6.444459170393416
4333,6.444459170393416
4334,6.444459170393416
4335,6.444459170393416
4336,6.444459170393416
4337,6.444459170393416
4338,6.444459170393416
4339,6.444459170393416
4340,6.444459170393416
4341,6.444459170393416
4342,6.444459170393416
4343,6.444459170393416
4344,6.444459170393416
4345,6.444459170393416
4346,6.444459170393416
4347,6.444459170393416
4348,6.444459170393416
4349,6.444459170393416
4350,6.444459170393416
4351,6.444459170393416
4352,6.444459170393416
4353,6.444459170393416
4354,6.444459170393416
4355,6.444459170393416
4356,6.444459170393416
4357,6.444459170393416
4358,6.444459170393416
4359,6.444459170393416
4360,6.444459170393416
4361,6.444459170393416
4362,6.444459170393416
4363,6.444459170393416
4364,6.444459170393416
4365,6.444459170393416
4366,6.444459170393416
4367,6.444459170393416
4368,6.444459170393416
4369,6.444459170393416
4370,6.444459170393416
4371,6.444459170393416
4372,6.444459170393416
4373,6.444459170393416
4374,6.444459170393416
4375,6.444459170393416
4376,6.444459170393416
4377,6.444459170393416
4378,6.444459170393416
4379,6.444459170393416
4380,6.444459170393416
4381,6.444459170393416
4382,6.444459170393416
4383,6.444459170393416
4384,6.444459170393416
4385,6.444459170393416
4386,6.444459170393416
4387,6.444459170393416
4388,6.444459170393416
4389,6.444459170393416
4390,6.444459170393416
4391,6.444459170393416
4392,6.444459170393416
4393,6.444459170393416
4394,6.444459170393416
4395,6.444459170393416
4396,6.444459170393416
4397,6.444459170393416
4398,6.444459170393416
4399,6.444459170393416
4400,6.444459170393416
4401,6.444459170393416
4402,6.444459170393416
4403,6.444459170393416
4404,6.444459170393416
4405,6.444459170393416
4406,6.444459170393416
4407,6.444459170393416
4408,6.444459170393416
4409,6.444459170393416
4410,6.444459170393416
4411,6.444459170393416
4412,6.444459170393416
4413,6.444459170393416
4414,6.444459170393416
4415,6.444459170393416
4416,6.444459170393416
4417,6.444459170393416
4418,6.444459170393416
4419,6.444459170393416
4420,6.444459170393416
4421,6.444459170393416
4422,6.444459170393416
4423,6.444459170393416
4424,6.444459170393416
4425,6.444459170393416
4426,6.444459170393416
4427,6.444459170393416
4428,6.444459170393416
4429,6.444459170393416
4430,6.444459170393416
4431,6.444459170393416
4432,6.444459170393416
4433,6.444459170393416
4434,6.444459170393416
4435,6.444459170393416
4436,6.444459170393416
4437,6.444459170393416
4438,6.444459170393416
4439,6.444459170393416
4440,6.444459170393416
4441,6.444459170393416
4442,6.444459170393416
4443,6.444459170393416
4444,6.444459170393416
4445,6.444459170393416
4446,6.444459170393416
4447,6.444459170393416
4448,6.444459170393416
4449,6.444459170393416
4450,6.444459170393416
4451,6.444459170393416
4452,6.444459170393416
4453,6.444459170393416
4454,6.444459170393416
4455,6.444459170393416
4456,6.444459170393416
4457,6.444459170393416
4458,6.444459170393416
4459,6.444459170393416
4460,6.444459170393416
4461,6.444459170393416
4462,6.444459170393416
4463,6.444459170393416
4464,6.444459170393416
4465,6.444459170393416
4466,6.444459170393416
4467,6.444459170393416
4468,6.444459170393416
4469,6.444459170393416
4470,6.444459170393416
4471,6.444459170393416
4472,6.444459170393416
4473,6.444459170393416
4474,6.444459170393416
4475,6.444459170393416
4476,6.444459170393416
4477,6.444459170393416
4478,6.444459170393416
4479,6.444459170393416
4480,6.444459170393416
4481,6.444459170393416
4482,6.444459170393416
4483,6.444459170393416
4484,6.444459170393416
4485,6.444459170393416
4486,6.444459170393416
4487,6.444459170393416
4488,6.444459170393416
4489,6.444459170393416
4490,6.444459170393416
4491,6.444459170393416
4492,6.444459170393416
4493,6.444459170393416
4494,6.444459170393416
4495,6.444459170393416
4496,6.444459170393416
4497,6.444459170393416
4498,6.444459170393416
4499,6.444459170393416
4500,6.444459170393416
4501,6.444459170393416
4502,6.444459170393416
4503,6.444459170393416
4504,6.444459170393416
4505,6.444459170393416
4506,6.444459170393416
4507,6.444459170393416
4508,6.444459170393416
4509,6.444459170393416
4510,6.444459170393416
4511,6.444459170393416
4512,6.444459170393416
4513,6.444459170393416
4514,6.444459170393416
4515,6.444459170393416
4516,6.444459170393416
4517,6.444459170393416
4518,6.444459170393416
4519,6.444459170393416
4520,6.444459170393416
4521,6.444459170393416
4522,6.444459170393416
4523,6.444459170393416
4524,6.444459170393416
4525,6.444459170393416
4526,6.444459170393416
4527,6.444459170393416
4528,6.444459170393416
4529,6.444459170393416
4530,6.444459170393416
4531,6.444459170393416
4532,6.444459170393416
4533,6.444459170393416
4534,6.444459170393416
4535,6.444459170393416
4536,6.444459170393416
4537,6.444459170393416
4538,6.444459170393416
4539,6.444459170393416
4540,6.444459170393416
4541,6.444459170393416
4542,6.444459170393416
4543,6.444459170393416
4544,6.444459170393416
4545,6.444459170393416
4546,6.444459170393416
4547,6.444459170393416
4548,6.444459170393416
4549,6.444459170393416
4550,6.444459170393416
4551,6.444459170393416
4552,6.444459170393416
4553,6.444459170393416
4554,6.444459170393416
4555,6.444459170393416
4556,6.444459170393416
4557,6.444459170393416
4558,6.444459170393416
4559,6.444459170393416
4560,6.444459170393416
4561,6.444459170393416
4562,6.444459170393416
4563,6.444459170393416
4564,6.444459170393416
4565,6.444459170393416
4566,6.444459170393416
4567,6.444459170393416
4568,6.444459170393416
4569,6.444459170393416
4570,6.444459170393416
4571,6.444459170393416
4572,6.444459170393416
4573,6.444459170393416
4574,6.444459170393416
4575,6.444459170393416
4576,6.444459170393416
4577,6.444459170393416
4578,6.444459170393416
4579,6.444459170393416
4580,6.444459170393416
4581,6.444459170393416
4582,6.444459170393416
4583,6.444459170393416
4584,6.444459170393416
4585,6.444459170393416
4586,6.444459170393416
4587,6.444459170393416
4588,6.444459170393416
4589,6.444459170393416
4590,6.444459170393416
4591,6.444459170393416
4592,6.444459170393416
4593,6.444459170393416
4594,6.444459170393416
4595,6.444459170393416
4596,6.444459170393416
4597,6.444459170393416
4598,6.444459170393416
4599,6.444459170393416
4600,6.444459170393416
4601,6.444459170393416
4602,6.444459170393416
4603,6.444459170393416
4604,6.444459170393416
4605,6.444459170393416
4606,6.444459170393416
4607,6.444459170393416
4608,6.444459170393416
4609,6.444459170393416
4610,6.444459170393416
4611,6.444459170393416
4612,6.444459170393416
4613,6.444459170393416
4614,6.444459170393416
4615,6.444459170393416
4616,6.444459170393416
4617,6.444459170393416
4618,6.444459170393416
4619,6.444459170393416
4620,6.444459170393416
4621,6.444459170393416
4622,6.444459170393416
4623,6.444459170393416
4624,6.444459170393416
4625,6.444459170393416
4626,6.444459170393416
4627,6.444459170393416
4628,6.444459170393416
4629,6.444459170393416
4630,6.444459170393416
4631,6.444459170393416
4632,6.444459170393416
4633,6.444459170393416
4634,6.444459170393416
4635,6.444459170393416
4636,6.444459170393416
4637,6.444459170393416
4638,6.444459170393416
4639,6.444459170393416
4640,6.444459170393416
4641,6.444459170393416
4642,6.444459170393416
4643,6.444459170393416
4644,6.444459170393416
4645,6.444459170393416
4646,6.444459170393416
4647,6.444459170393416
4648,6.444459170393416
4649,6.444459170393416
4650,6.444459170393416
4651,6.444459170393416
4652,6.444459170393416
4653,6.444459170393416
4654,6.444459170393416
4655,6.444459170393416
4656,6.444459170393416
4657,6.444459170393416
4658,6.444459170393416
4659,6.444459170393416
4660,6.444459170393416
4661,6.444459170393416
4662,6.444459170393416
4663,6.444459170393416
4664,6.444459170393416
4665,6.444459170393416
4666,6.444459170393416
4667,6.444459170393416
4668,6.444459170393416
4669,6.444459170393416
4670,6.444459170393416
4671,6.444459170393416
4672,6.444459170393416
4673,6.444459170393416
4674,6.444459170393416
4675,6.444459170393416
4676,6.444459170393416
4677,6.444459170393416
4678,6.444459170393416
4679,6.444459170393416
4680,6.444459170393416
4681,6.444459170393416
4682,6.444459170393416
4683,6.444459170393416
4684,6.444459170393416
4685,6.444459170393416
4686,6.444459170393416
4687,6.444459170393416
4688,6.444459170393416
4689,6.444459170393416
4690,6.444459170393416
4691,6.444459170393416
4692,6.444459170393416
4693,6.444459170393416
4694,6.444459170393416
4695,6.444459170393416
4696,6.444459170393416
4697,6.444459170393416
4698,6.444459170393416
4699,6.444459170393416
4700,6.444459170393416
4701,6.444459170393416
4702,6.444459170393416
4703,6.444459170393416
4704,6.444459170393416
4705,6.444459170393416
4706,6.444459170393416
4707,6.444459170393416
4708,6.444459170393416
4709,6.444459170393416
4710,6.444459170393416
4711,6.444459170393416
4712,6.444459170393416
4713,6.444459170393416
4714,6.444459170393416
4715,6.444459170393416
4716,6.444459170393416
4717,6.444459170393416
4718,6.444459170393416
4719,6.444459170393416
4720,6.444459170393416
4721,6.444459170393416
4722,6.444459170393416
4723,6.444459170393416
4724,6.444459170393416
4725,6.444459170393416
4726,6.444459170393416
4727,6.444459170393416
4728,6.444459170393416
4729,6.444459170393416
4730,6.444459170393416
4731,6.444459170393416
4732,6.444459170393416
4733,6.444459170393416
4734,6.444459170393416
4735,6.444459170393416
4736,6.444459170393416
4737,6.444459170393416
4738,6.444459170393416
4739,6.444459170393416
4740,6.444459170393416
4741,6.444459170393416
4742,6.444459170393416
4743,6.444459170393416
4744,6.444459170393416
4745,6.444459170393416
4746,6.444459170393416
4747,6.444459170393416
4748,6.444459170393416
4749,6.444459170393416
4750,6.444459170393416
4751,6.444459170393416
4752,6.444459170393416
4753,6.444459170393416
4754,6.444459170393416
4755,6.444459170393416
4756,6.444459170393416
4757,6.444459170393416
4758,6.444459170393416
4759,6.444459170393416
4760,6.444459170393416
4761,6.444459170393416
4762,6.444459170393416
4763,6.444459170393416
4764,6.444459170393416
4765,6.444459170393416
4766,6.444459170393416
4767,6.444459170393416
4768,6.444459170393416
4769,6.444459170393416
4770,6.444459170393416
4771,6.444459170393416
4772,6.444459170393416
4773,6.444459170393416
4774,6.444459170393416
4775,6.444459170393416
4776,6.444459170393416
4777,6.444459170393416
4778,6.444459170393416
4779,6.444459170393416
4780,6.444459170393416
4781,6.444459170393416
4782,6.444459170393416
4783,6.444459170393416
4784,6.444459170393416
4785,6.444459170393416
4786,6.444459170393416
4787,6.444459170393416
4788,6.444459170393416
4789,6.444459170393416
4790,6.444459170393416
4791,6.444459170393416
4792,6.444459170393416
4793,6.444459170393416
4794,6.444459170393416
4795,6.444459170393416
4796,6.444459170393416
4797,6.444459170393416
4798,6.444459170393416
4799,6.444459170393416
4800,6.444459170393416
4801,6.444459170393416
4802,6.444459170393416
4803,6.444459170393416
4804,6.444459170393416
4805,6.444459170393416
4806,6.444459170393416
4807,6.444459170393416
4808,6.444459170393416
4809,6.444459170393416
4810,6.444459170393416
4811,6.444459170393416
4812,6.444459170393416
4813,6.444459170393416
4814,6.444459170393416
4815,6.444459170393416
4816,6.444459170393416
4817,6.444459170393416
4818,6.444459170393416
4819,6.444459170393416
4820,6.444459170393416
4821,6.444459170393416
4822,6.444459170393416
4823,6.444459170393416
4824,6.444459170393416
4825,6.444459170393416
4826,6.444459170393416
4827,6.444459170393416
4828,6.444459170393416
4829,6.444459170393416
4830,6.444459170393416
4831,6.444459170393416
4832,6.444459170393416
4833,6.444459170393416
4834,6.444459170393416
4835,6.444459170393416
4836,6.444459170393416
4837,6.444459170393416
4838,6.444459170393416
4839,6.444459170393416
4840,6.444459170393416
4841,6.444459170393416
4842,6.444459170393416
4843,6.444459170393416
4844,6.444459170393416
4845,6.444459170393416
4846,6.444459170393416
4847,6.444459170393416
4848,6.444459170393416
4849,6.444459170393416
4850,6.444459170393416
4851,6.444459170393416
4852,6.444459170393416
4853,6.444459170393416
4854,6.444459170393416
4855,6.444459170393416
4856,6.444459170393416
4857,6.444459170393416
4858,6.444459170393416
4859,6.444459170393416
4860,6.444459170393416
4861,6.444459170393416
4862,6.444459170393416
4863,6.444459170393416
4864,6.444459170393416
4865,6.444459170393416
4866,6.444459170393416
4867,6.444459170393416
4868,6.444459170393416
4869,6.444459170393416
4870,6.444459170393416
4871,6.444459170393416
4872,6.444459170393416
4873,6.444459170393416
4874,6.444459170393416
4875,6.444459170393416
4876,6.444459170393416
4877,6.444459170393416
4878,6.444459170393416
4879,6.444459170393416
4880,6.444459170393416
4881,6.444459170393416
4882,6.444459170393416
4883,6.444459170393416
4884,6.444459170393416
4885,6.444459170393416
4886,6.444459170393416
4887,6.444459170393416
4888,6.444459170393416
4889,6.444459170393416
4890,6.444459170393416
4891,6.444459170393416
4892,6.444459170393416
4893,6.444459170393416
4894,6.444459170393416
4895,6.444459170393416
4896,6.444459170393416
4897,6.444459170393416
4898,6.444459170393416
4899,6.444459170393416
4900,6.444459170393416
4901,6.444459170393416
4902,6.444459170393416
4903,6.444459170393416
4904,6.444459170393416
4905,6.444459170393416
4906,6.444459170393416
4907,6.444459170393416
4908,6.444459170393416
4909,6.444459170393416
4910,6.444459170393416
4911,6.444459170393416
4912,6.444459170393416
4913,6.444459170393416
4914,6.444459170393416
4915,6.444459170393416
4916,6.444459170393416
4917,6.444459170393416
4918,6.444459170393416
4919,6.444459170393416
4920,6.444459170393416
4921,6.444459170393416
4922,6.444459170393416
4923,6.444459170393416
4924,6.444459170393416
4925,6.444459170393416
4926,6.444459170393416
4927,6.444459170393416
4928,6.444459170393416
4929,6.444459170393416
4930,6.444459170393416
4931,6.444459170393416
4932,6.444459170393416
4933,6.444459170393416
4934,6.444459170393416
4935,6.444459170393416
4936,6.444459170393416
4937,6.444459170393416
4938,6.444459170393416
4939,6.444459170393416
4940,6.444459170393416
4941,6.444459170393416
4942,6.444459170393416
4943,6.444459170393416
4944,6.444459170393416
4945,6.444459170393416
4946,6.444459170393416
4947,6.444459170393416
4948,6.444459170393416
4949,6.444459170393416
4950,6.444459170393416
4951,6.444459170393416
4952,6.444459170393416
4953,6.444459170393416
4954,6.444459170393416
4955,6.444459170393416
4956,6.444459170393416
4957,6.444459170393416
4958,6.444459170393416
4959,6.444459170393416
4960,6.444459170393416
4961,6.444459170393416
4962,6.444459170393416
4963,6.444459170393416
4964,6.444459170393416
4965,6.444459170393416
4966,6.444459170393416
4967,6.444459170393416
4968,6.444459170393416
4969,6.444459170393416
4970,6.444459170393416
4971,6.444459170393416
4972,6.444459170393416
4973,6.444459170393416
4974,6.444459170393416
4975,6.444459170393416
4976,6.444459170393416
4977,6.444459170393416
4978,6.444459170393416
4979,6.444459170393416
4980,6.444459170393416
4981,6.444459170393416
4982,6.444459170393416
4983,6.444459170393416
4984,6.444459170393416
4985,6.444459170393416
4986,6.444459170393416
4987,6.444459170393416
4988,6.444459170393416
4989,6.444459170393416
4990,6.444459170393416
4991,6.444459170393416
4992,6.444459170393416
4993,6.444459170393416
4994,6.444459170393416
4995,6.444459170393416
4996,6.444459170393416
4997,6.444459170393416
4998,6.444459170393416
4999,6.444459170393416
5000,6.444459170393416
5001,6.444459170393416
5002,6.444459170393416
5003,6.444459170393416
5004,6.444459170393416
5005,6.444459170393416
5006,6.444459170393416
5007,6.444459170393416
5008,6.444459170393416
5009,6.444459170393416
5010,6.444459170393416
5011,6.444459170393416
5012,6.444459170393416
5013,6.444459170393416
5014,6.444459170393416
5015,6.444459170393416
5016,6.444459170393416
5017,6.444459170393416
5018,6.444459170393416
5019,6.444459170393416
5020,6.444459170393416
5021,6.444459170393416
5022,6.444459170393416
5023,6.444459170393416
5024,6.444459170393416
5025,6.444459170393416
5026,6.444459170393416
5027,6.444459170393416
5028,6.444459170393416
5029,6.444459170393416
5030,6.444459170393416
5031,6.444459170393416
5032,6.444459170393416
5033,6.444459170393416
5034,6.444459170393416
5035,6.444459170393416
5036,6.444459170393416
5037,6.444459170393416
5038,6.444459170393416
5039,6.444459170393416
5040,6.444459170393416
5041,6.444459170393416
5042,6.444459170393416
5043,6.444459170393416
5044,6.444459170393416
5045,6.444459170393416
5046,6.444459170393416
5047,6.444459170393416
5048,6.444459170393416
5049,6.444459170393416
5050,6.444459170393416
5051,6.444459170393416
5052,6.444459170393416
5053,6.444459170393416
5054,6.444459170393416
5055,6.444459170393416
5056,6.444459170393416
5057,6.444459170393416
5058,6.444459170393416
5059,6.444459170393416
5060,6.444459170393416
5061,6.444459170393416
5062,6.444459170393416
5063,6.444459170393416
5064,6.444459170393416
5065,6.444459170393416
5066,6.444459170393416
5067,6.444459170393416
5068,6.444459170393416
5069,6.444459170393416
5070,6.444459170393416
5071,6.444459170393416
5072,6.444459170393416
5073,6.444459170393416
5074,6.444459170393416
5075,6.444459170393416
5076,6.444459170393416
5077,6.444459170393416
5078,6.444459170393416
5079,6.444459170393416
5080,6.444459170393416
5081,6.444459170393416
5082,6.444459170393416
5083,6.444459170393416
5084,6.444459170393416
5085,6.444459170393416
5086,6.444459170393416
5087,6.444459170393416
5088,6.444459170393416
5089,6.444459170393416
5090,6.444459170393416
5091,6.444459170393416
5092,6.444459170393416
5093,6.444459170393416
5094,6.444459170393416
5095,6.444459170393416
5096,6.444459170393416
5097,6.444459170393416
5098,6.444459170393416
5099,6.444459170393416
5100,6.444459170393416
5101,6.444459170393416
5102,6.444459170393416
5103,6.444459170393416
5104,6.444459170393416
5105,6.444459170393416
5106,6.444459170393416
5107,6.444459170393416
5108,6.444459170393416
5109,6.444459170393416
5110,6.444459170393416
5111,6.444459170393416
5112,6.444459170393416
5113,6.444459170393416
5114,6.444459170393416
5115,6.444459170393416
5116,6.444459170393416
5117,6.444459170393416
5118,6.444459170393416
5119,6.444459170393416
5120,6.444459170393416
5121,6.444459170393416
5122,6.444459170393416
5123,6.444459170393416
5124,6.444459170393416
5125,6.444459170393416
5126,6.444459170393416
5127,6.444459170393416
5128,6.444459170393416
5129,6.444459170393416
5130,6.444459170393416
5131,6.444459170393416
5132,6.444459170393416
5133,6.444459170393416
5134,6.444459170393416
5135,6.444459170393416
5136,6.444459170393416
5137,6.444459170393416
5138,6.444459170393416
5139,6.444459170393416
5140,6.444459170393416
5141,6.444459170393416
5142,6.444459170393416
5143,6.444459170393416
5144,6.444459170393416
5145,6.444459170393416
5146,6.444459170393416
5147,6.444459170393416
5148,6.444459170393416
5149,6.444459170393416
5150,6.444459170393416
5151,6.444459170393416
5152,6.444459170393416
5153,6.444459170393416
5154,6.444459170393416
5155,6.444459170393416
5156,6.444459170393416
5157,6.444459170393416
5158,6.444459170393416
5159,6.444459170393416
5160,6.444459170393416
5161,6.444459170393416
5162,6.444459170393416
5163,6.444459170393416
5164,6.444459170393416
5165,6.444459170393416
5166,6.444459170393416
5167,6.444459170393416
5168,6.444459170393416
5169,6.444459170393416
5170,6.444459170393416
5171,6.444459170393416
5172,6.444459170393416
5173,6.444459170393416
5174,6.444459170393416
5175,6.444459170393416
5176,6.444459170393416
5177,6.444459170393416
5178,6.444459170393416
5179,6.444459170393416
5180,6.444459170393416
5181,6.444459170393416
5182,6.444459170393416
5183,6.444459170393416
5184,6.444459170393416
5185,6.444459170393416
5186,6.444459170393416
5187,6.444459170393416
5188,6.444459170393416
5189,6.444459170393416
5190,6.444459170393416
5191,6.444459170393416
5192,6.444459170393416
5193,6.444459170393416
5194,6.444459170393416
5195,6.444459170393416
5196,6.444459170393416
5197,6.444459170393416
5198,6.444459170393416
5199,6.444459170393416
5200,6.444459170393416
5201,6.444459170393416
5202,6.444459170393416
5203,6.444459170393416
5204,6.444459170393416
5205,6.444459170393416
5206,6.444459170393416
5207,6.444459170393416
5208,6.444459170393416
5209,6.444459170393416
5210,6.444459170393416
5211,6.444459170393416
5212,6.444459170393416
5213,6.444459170393416
5214,6.444459170393416
5215,6.444459170393416
5216,6.444459170393416
5217,6.444459170393416
5218,6.444459170393416
5219,6.444459170393416
5220,6.444459170393416
5221,6.444459170393416
5222,6.444459170393416
5223,6.444459170393416
5224,6.444459170393416
5225,6.444459170393416
5226,6.444459170393416
5227,6.444459170393416
5228,6.444459170393416
5229,6.444459170393416
5230,6.444459170393416
5231,6.444459170393416
5232,6.444459170393416
5233,6.444459170393416
5234,6.444459170393416
5235,6.444459170393416
5236,6.444459170393416
5237,6.444459170393416
5238,6.444459170393416
5239,6.444459170393416
5240,6.444459170393416
5241,6.444459170393416
5242,6.444459170393416
5243,6.444459170393416
5244,6.444459170393416
5245,6.444459170393416
5246,6.444459170393416
5247,6.444459170393416
5248,6.444459170393416
5249,6.444459170393416
5250,6.444459170393416
5251,6.444459170393416
5252,6.444459170393416
5253,6.444459170393416
5254,6.444459170393416
5255,6.444459170393416
5256,6.444459170393416
5257,6.444459170393416
5258,6.444459170393416
5259,6.444459170393416
5260,6.444459170393416
5261,6.444459170393416
5262,6.444459170393416
5263,6.444459170393416
5264,6.444459170393416
5265,6.444459170393416
5266,6.444459170393416
5267,6.444459170393416
5268,6.444459170393416
5269,6.444459170393416
5270,6.444459170393416
5271,6.444459170393416
5272,6.444459170393416
5273,6.444459170393416
5274,6.444459170393416
5275,6.444459170393416
5276,6.444459170393416
5277,6.444459170393416
5278,6.444459170393416
5279,6.444459170393416
5280,6.444459170393416
5281,6.444459170393416
5282,6.444459170393416
5283,6.444459170393416
5284,6.444459170393416
5285,6.444459170393416
5286,6.444459170393416
5287,6.444459170393416
5288,6.444459170393416
5289,6.444459170393416
5290,6.444459170393416
5291,6.444459170393416
5292,6.444459170393416
5293,6.444459170393416
5294,6.444459170393416
5295,6.444459170393416
5296,6.444459170393416
5297,6.444459170393416
5298,6.444459170393416
5299,6.444459170393416
5300,6.444459170393416
5301,6.444459170393416
5302,6.444459170393416
5303,6.444459170393416
5304,6.444459170393416
5305,6.444459170393416
5306,6.444459170393416
5307,6.444459170393416
5308,6.444459170393416
5309,6.444459170393416
5310,6.444459170393416
5311,6.444459170393416
5312,6.444459170393416
5313,6.444459170393416
5314,6.444459170393416
5315,6.444459170393416
5316,6.444459170393416
5317,6.444459170393416
5318,6.444459170393416
5319,6.444459170393416
5320,6.444459170393416
5321,6.444459170393416
5322,6.444459170393416
5323,6.444459170393416
5324,6.444459170393416
5325,6.444459170393416
5326,6.444459170393416
5327,6.444459170393416
5328,6.444459170393416
5329,6.444459170393416
5330,6.444459170393416
5331,6.444459170393416
5332,6.444459170393416
5333,6.444459170393416
5334,6.444459170393416
5335,6.444459170393416
5336,6.444459170393416
5337,6.444459170393416
5338,6.444459170393416
5339,6.444459170393416
5340,6.444459170393416
5341,6.444459170393416
5342,6.444459170393416
5343,6.444459170393416
5344,6.444459170393416
5345,6.444459170393416
5346,6.444459170393416
5347,6.444459170393416
5348,6.444459170393416
5349,6.444459170393416
5350,6.444459170393416
5351,6.444459170393416
5352,6.444459170393416
5353,6.444459170393416
5354,6.444459170393416
5355,6.444459170393416
5356,6.444459170393416
5357,6.444459170393416
5358,6.444459170393416
5359,6.444459170393416
5360,6.444459170393416
5361,6.444459170393416
5362,6.444459170393416
5363,6.444459170393416
5364,6.444459170393416
5365,6.444459170393416
5366,6.444459170393416
5367,6.444459170393416
5368,6.444459170393416
5369,6.444459170393416
5370,6.444459170393416
5371,6.444459170393416
5372,6.444459170393416
5373,6.444459170393416
5374,6.444459170393416
5375,6.444459170393416
5376,6.444459170393416
5377,6.444459170393416
5378,6.444459170393416
5379,6.444459170393416
5380,6.444459170393416
5381,6.444459170393416
5382,6.444459170393416
5383,6.444459170393416
5384,6.444459170393416
5385,6.444459170393416
5386,6.444459170393416
5387,6.444459170393416
5388,6.444459170393416
5389,6.444459170393416
5390,6.444459170393416
5391,6.444459170393416
5392,6.444459170393416
5393,6.444459170393416
5394,6.444459170393416
5395,6.444459170393416
5396,6.444459170393416
5397,6.444459170393416
5398,6.444459170393416
5399,6.444459170393416
5400,6.444459170393416
5401,6.444459170393416
5402,6.444459170393416
5403,6.444459170393416
5404,6.444459170393416
5405,6.444459170393416
5406,6.444459170393416
5407,6.444459170393416
5408,6.444459170393416
5409,6.444459170393416
5410,6.444459170393416
5411,6.444459170393416
5412,6.444459170393416
5413,6.444459170393416
5414,6.444459170393416
5415,6.444459170393416
5416,6.444459170393416
5417,6.444459170393416
5418,6.444459170393416
5419,6.444459170393416
5420,6.444459170393416
5421,6.444459170393416
5422,6.444459170393416
5423,6.444459170393416
5424,6.444459170393416
5425,6.444459170393416
5426,6.444459170393416
5427,6.444459170393416
5428,6.444459170393416
5429,6.444459170393416
5430,6.3474095362889535
5431,6.3474095362889535
5432,6.3474095362889535
5433,6.3474095362889535
5434,6.3474095362889535
5435,6.3474095362889535
5436,6.3474095362889535
5437,6.3474095362889535
5438,6.3474095362889535
5439,6.3474095362889535
5440,6.3474095362889535
5441,6.3474095362889535
5442,6.3474095362889535
5443,6.3474095362889535
5444,6.3474095362889535
5445,6.3474095362889535
5446,6.3474095362889535
5447,6.3474095362889535
5448,6.3474095362889535
5449,6.3474095362889535
5450,6.3474095362889535
5451,6.3474095362889535
5452,6.3474095362889535
5453,6.3474095362889535
5454,6.3474095362889535
5455,6.3474095362889535
5456,6.3474095362889535
5457,6.3474095362889535
5458,6.3474095362889535
5459,6.3474095362889535
5460,6.3474095362889535
5461,6.3474095362889535
5462,6.3474095362889535
5463,6.3474095362889535
5464,6.3474095362889535
5465,6.3474095362889535
5466,6.3474095362889535
5467,6.3474095362889535
5468,6.3474095362889535
5469,6.3474095362889535
5470,6.3474095362889535
5471,6.3474095362889535
5472,6.3474095362889535
5473,6.3474095362889535
5474,6.3474095362889535
5475,6.3474095362889535
5476,6.3474095362889535
5477,6.3474095362889535
5478,6.3474095362889535
5479,6.3474095362889535
5480,6.3474095362889535
5481,6.3474095362889535
5482,6.3474095362889535
5483,6.3474095362889535
5484,6.3474095362889535
5485,6.3474095362889535
5486,6.3474095362889535
5487,6.3474095362889535
5488,6.3474095362889535
5489,6.3474095362889535
5490,6.3474095362889535
5491,6.3474095362889535
5492,6.3474095362889535
5493,6.3474095362889535
5494,6.3474095362889535
5495,6.3474095362889535
5496,6.3474095362889535
5497,6.3474095362889535
5498,6.3474095362889535
5499,6.3474095362889535
5500,6.3474095362889535
5501,6.3474095362889535
5502,6.3474095362889535
5503,6.3474095362889535
5504,6.3474095362889535
5505,6.3474095362889535
5506,6.3474095362889535
5507,6.3474095362889535
5508,6.3474095362889535
5509,6.3474095362889535
5510,6.3474095362889535
5511,6.3474095362889535
5512,6.3474095362889535
5513,6.3474095362889535
5514,6.3474095362889535
5515,6.3474095362889535
5516,6.3474095362889535
5517,6.3474095362889535
5518,6.3474095362889535
5519,6.3474095362889535
5520,6.3474095362889535
5521,6.3474095362889535
5522,6.3474095362889535
5523,6.3474095362889535
5524,6.3474095362889535
5525,6.3474095362889535
5526,6.3474095362889535
5527,6.3474095362889535
5528,6.3474095362889535
5529,6.3474095362889535
5530,6.3474095362889535
5531,6.3474095362889535
5532,6.3474095362889535
5533,6.3474095362889535
5534,6.3474095362889535
5535,6.3474095362889535
5536,6.3474095362889535
5537,6.3474095362889535
5538,6.3474095362889535
5539,6.3474095362889535
5540,6.3474095362889535
5541,6.3474095362889535
5542,6.3474095362889535
5543,6.3474095362889535
5544,6.3474095362889535
5545,6.3474095362889535
5546,6.3474095362889535
5547,6.3474095362889535
5548,6.3474095362889535
5549,6.3474095362889535
5550,6.3474095362889535
5551,6.3474095362889535
5552,6.3474095362889535
5553,6.3474095362889535
5554,6.3474095362889535
5555,6.3474095362889535
5556,6.3474095362889535
5557,6.3474095362889535
5558,6.3474095362889535
5559,6.3474095362889535
5560,6.3474095362889535
5561,6.3474095362889535
5562,6.3474095362889535
5563,6.3474095362889535
5564,6.3474095362889535
5565,6.3474095362889535
5566,6.3474095362889535
5567,6.3474095362889535
5568,6.3474095362889535
5569,6.3474095362889535
5570,6.3474095362889535
5571,6.3474095362889535
5572,6.3474095362889535
5573,6.3474095362889535
5574,6.3474095362889535
5575,6.3474095362889535
5576,6.3474095362889535
5577,6.3474095362889535
5578,6.3474095362889535
5579,6.3474095362889535
5580,6.3474095362889535
5581,6.3474095362889535
5582,6.3474095362889535
5583,6.3474095362889535
5584,6.3474095362889535
5585,6.3474095362889535
5586,6.3474095362889535
5587,6.3474095362889535
5588,6.3474095362889535
5589,6.3474095362889535
5590,6.3474095362889535
5591,6.3474095362889535
5592,6.3474095362889535
5593,6.3474095362889535
5594,6.3474095362889535
5595,6.3474095362889535
5596,6.3474095362889535
5597,6.3474095362889535
5598,6.3474095362889535
5599,6.3474095362889535
5600,6.3474095362889535
5601,6.3474095362889535
5602,6.3474095362889535
5603,6.3474095362889535
5604,6.3474095362889535
5605,6.3474095362889535
5606,6.3474095362889535
5607,6.3474095362889535
5608,6.3474095362889535
5609,6.3474095362889535
5610,6.3474095362889535
5611,6.3474095362889535
5612,6.3474095362889535
5613,6.3474095362889535
5614,6.3474095362889535
5615,6.3474095362889535
5616,6.3474095362889535
5617,6.3474095362889535
5618,6.3474095362889535
5619,6.3474095362889535
5620,6.3474095362889535
5621,6.3474095362889535
5622,6.3474095362889535
5623,6.3474095362889535
5624,6.3474095362889535
5625,6.3474095362889535
5626,6.3474095362889535
5627,6.3474095362889535
5628,6.3474095362889535
5629,6.3474095362889535
5630,6.3474095362889535
5631,6.3474095362889535
5632,6.3474095362889535
5633,6.3474095362889535
5634,6.3474095362889535
5635,6.3474095362889535
5636,6.3474095362889535
5637,6.3474095362889535
5638,6.3474095362889535
5639,6.3474095362889535
5640,6.3474095362889535
5641,6.3474095362889535
5642,6.3474095362889535
5643,6.3474095362889535
5644,6.3474095362889535
5645,6.3474095362889535
5646,6.3474095362889535
5647,6.3474095362889535
5648,6.3474095362889535
5649,6.3474095362889535
5650,6.3474095362889535
5651,6.3474095362889535
5652,6.3474095362889535
5653,6.3474095362889535
5654,6.3474095362889535
5655,6.3474095362889535
5656,6.3474095362889535
5657,6.3474095362889535
5658,6.3474095362889535
5659,6.3474095362889535
5660,6.3474095362889535
5661,6.3474095362889535
5662,6.3474095362889535
5663,6.3474095362889535
5664,6.3474095362889535
5665,6.3474095362889535
5666,6.3474095362889535
5667,6.3474095362889535
5668,6.3474095362889535
5669,6.3474095362889535
5670,6.3474095362889535
5671,6.3474095362889535
5672,6.3474095362889535
5673,6.3474095362889535
5674,6.3474095362889535
5675,6.3474095362889535
5676,6.3474095362889535
5677,6.3474095362889535
5678,6.3474095362889535
5679,6.3474095362889535
5680,6.3474095362889535
5681,6.3474095362889535
5682,6.3474095362889535
5683,6.3474095362889535
5684,6.3474095362889535
5685,6.3474095362889535
5686,6.3474095362889535
5687,6.3474095362889535
5688,6.3474095362889535
5689,6.3474095362889535
5690,6.3474095362889535
5691,6.3474095362889535
5692,6.3474095362889535
5693,6.3474095362889535
5694,6.3474095362889535
5695,6.3474095362889535
5696,6.3474095362889535
5697,6.3474095362889535
5698,6.3474095362889535
5699,6.3474095362889535
5700,6.3474095362889535
5701,6.3474095362889535
5702,6.3474095362889535
5703,6.3474095362889535
5704,6.3474095362889535
5705,6.3474095362889535
5706,6.3474095362889535
5707,6.3474095362889535
5708,6.3474095362889535
5709,6.3474095362889535
5710,6.3474095362889535
5711,6.3474095362889535
5712,6.3474095362889535
5713,6.3474095362889535
5714,6.3474095362889535
5715,6.3474095362889535
5716,6.3474095362889535
5717,6.3474095362889535
5718,6.3474095362889535
5719,6.3474095362889535
5720,6.3474095362889535
5721,6.3474095362889535
5722,6.3474095362889535
5723,6.3474095362889535
5724,6.3474095362889535
5725,6.3474095362889535
5726,6.3474095362889535
5727,6.3474095362889535
5728,6.3474095362889535
5729,6.3474095362889535
5730,6.3474095362889535
5731,6.3474095362889535
5732,6.3474095362889535
5733,6.3474095362889535
5734,6.3474095362889535
5735,6.3474095362889535
5736,6.3474095362889535
5737,6.3474095362889535
5738,6.3474095362889535
5739,6.3474095362889535
5740,6.3474095362889535
5741,6.3474095362889535
5742,6.3474095362889535
5743,6.3474095362889535
5744,6.3474095362889535
5745,6.3474095362889535
5746,6.3474095362889535
5747,6.3474095362889535
5748,6.3474095362889535
5749,6.3474095362889535
5750,6.3474095362889535
5751,6.3474095362889535
5752,6.3474095362889535
5753,6.3474095362889535
5754,6.3474095362889535
5755,6.3474095362889535
5756,6.3474095362889535
5757,6.3474095362889535
5758,6.3474095362889535
5759,6.3474095362889535
5760,6.3474095362889535
5761,6.3474095362889535
5762,6.3474095362889535
5763,6.3474095362889535
5764,6.3474095362889535
5765,6.3474095362889535
5766,6.3474095362889535
5767,6.3474095362889535
5768,6.3474095362889535
5769,6.3474095362889535
5770,6.3474095362889535
5771,6.3474095362889535
5772,6.3474095362889535
5773,6.3474095362889535
5774,6.3474095362889535
5775,6.3474095362889535
5776,6.3474095362889535
5777,6.3474095362889535
5778,6.3474095362889535
5779,6.3474095362889535
5780,6.3474095362889535
5781,6.3474095362889535
5782,6.3474095362889535
5783,6.3474095362889535
5784,6.3474095362889535
5785,6.3474095362889535
5786,6.3474095362889535
5787,6.3474095362889535
5788,6.3474095362889535
5789,6.3474095362889535
5790,6.3474095362889535
5791,6.3474095362889535
5792,6.3474095362889535
5793,6.3474095362889535
5794,6.3474095362889535
5795,6.3474095362889535
5796,6.3474095362889535
5797,6.3474095362889535
5798,6.3474095362889535
5799,6.3474095362889535
5800,6.3474095362889535
5801,6.3474095362889535
5802,6.3474095362889535
5803,6.3474095362889535
5804,6.3474095362889535
5805,6.3474095362889535
5806,6.3474095362889535
5807,6.3474095362889535
5808,6.3474095362889535
5809,6.3474095362889535
5810,6.3474095362889535
5811,6.3474095362889535
5812,6.3474095362889535
5813,6.3474095362889535
5814,6.3474095362889535
5815,6.3474095362889535
5816,6.3474095362889535
5817,6.3474095362889535
5818,6.3474095362889535
5819,6.3474095362889535
5820,6.3474095362889535
5821,6.3474095362889535
5822,6.3474095362889535
5823,6.3474095362889535
5824,6.3474095362889535
5825,6.3474095362889535
5826,6.3474095362889535
5827,6.3474095362889535
5828,6.3474095362889535
5829,6.3474095362889535
5830,6.3474095362889535
5831,6.3474095362889535
5832,6.3474095362889535
5833,6.3474095362889535
5834,6.3474095362889535
5835,6.3474095362889535
5836,6.3474095362889535
5837,6.3474095362889535
5838,6.3474095362889535
5839,6.3474095362889535
5840,6.3474095362889535
5841,6.3474095362889535
5842,6.3474095362889535
5843,6.3474095362889535
5844,6.3474095362889535
5845,6.3474095362889535
5846,6.3474095362889535
5847,6.3474095362889535
5848,6.3474095362889535
5849,6.3474095362889535
5850,6.3474095362889535
5851,6.3474095362889535
5852,6.3474095362889535
5853,6.3474095362889535
5854,6.3474095362889535
5855,6.3474095362889535
5856,6.3474095362889535
5857,6.3474095362889535
5858,6.3474095362889535
5859,6.3474095362889535
5860,6.3474095362889535
5861,6.3474095362889535
5862,6.3474095362889535
5863,6.3474095362889535
5864,6.3474095362889535
5865,6.3474095362889535
5866,6.3474095362889535
5867,6.3474095362889535
5868,6.3474095362889535
5869,6.3474095362889535
5870,6.3474095362889535
5871,6.3474095362889535
5872,6.3474095362889535
5873,6.3474095362889535
5874,6.3474095362889535
5875,6.3474095362889535
5876,6.3474095362889535
5877,6.3474095362889535
5878,6.3474095362889535
5879,6.3474095362889535
5880,6.3474095362889535
5881,6.3474095362889535
5882,6.3474095362889535
5883,6.3474095362889535
5884,6.3474095362889535
5885,6.3474095362889535
5886,6.3474095362889535
5887,6.3474095362889535
5888,6.3474095362889535
5889,6.3474095362889535
5890,6.3474095362889535
5891,6.3474095362889535
5892,6.3474095362889535
5893,6.3474095362889535
5894,6.3474095362889535
5895,6.3474095362889535
5896,6.3474095362889535
5897,6.3474095362889535
5898,6.3474095362889535
5899,6.3474095362889535
5900,6.3474095362889535
5901,6.3474095362889535
5902,6.3474095362889535
5903,6.3474095362889535
5904,6.3474095362889535
5905,6.3474095362889535
5906,6.3474095362889535
5907,6.3474095362889535
5908,6.3474095362889535
5909,6.3474095362889535
5910,6.3474095362889535
5911,6.3474095362889535
5912,6.3474095362889535
5913,6.3474095362889535
5914,6.3474095362889535
5915,6.3474095362889535
5916,6.3474095362889535
5917,6.3474095362889535
5918,6.3474095362889535
5919,6.3474095362889535
5920,6.3474095362889535
5921,6.3474095362889535
5922,6.3474095362889535
5923,6.3474095362889535
5924,6.3474095362889535
5925,6.3474095362889535
5926,6.3474095362889535
5927,6.3474095362889535
5928,6.3474095362889535
5929,6.3474095362889535
5930,6.3474095362889535
5931,6.3474095362889535
5932,6.3474095362889535
5933,6.3474095362889535
5934,6.3474095362889535
5935,6.3474095362889535
5936,6.3474095362889535
5937,6.3474095362889535
5938,6.3474095362889535
5939,6.3474095362889535
5940,6.3474095362889535
5941,6.3474095362889535
5942,6.3474095362889535
5943,6.3474095362889535
5944,6.3474095362889535
5945,6.3474095362889535
5946,6.3474095362889535
5947,6.3474095362889535
5948,6.3474095362889535
5949,6.3474095362889535
5950,6.3474095362889535
5951,6.3474095362889535
5952,6.3474095362889535
5953,6.3474095362889535
5954,6.3474095362889535
5955,6.3474095362889535
5956,6.3474095362889535
5957,6.3474095362889535
5958,6.3474095362889535
5959,6.3474095362889535
5960,6.3474095362889535
5961,6.3474095362889535
5962,6.3474095362889535
5963,6.3474095362889535
5964,6.3474095362889535
5965,6.3474095362889535
5966,6.3474095362889535
5967,6.3474095362889535
5968,6.3474095362889535
5969,6.3474095362889535
5970,6.3474095362889535
5971,6.3474095362889535
5972,6.3474095362889535
5973,6.3474095362889535
5974,6.3474095362889535
5975,6.3474095362889535
5976,6.3474095362889535
5977,6.3474095362889535
5978,6.3474095362889535
5979,6.3474095362889535
5980,6.3474095362889535
5981,6.3474095362889535
5982,6.3474095362889535
5983,6.3474095362889535
5984,6.3474095362889535
5985,6.3474095362889535
5986,6.3474095362889535
5987,6.3474095362889535
5988,6.3474095362889535
5989,6.3474095362889535
5990,6.3474095362889535
5991,6.3474095362889535
5992,6.3474095362889535
5993,6.3474095362889535
5994,6.3474095362889535
5995,6.3474095362889535
5996,6.3474095362889535
5997,6.3474095362889535
5998,6.3474095362889535
5999,6.3474095362889535
6000,6.3474095362889535
6001,6.3474095362889535
6002,6.3474095362889535
6003,6.3474095362889535
6004,6.3474095362889535
6005,6.3474095362889535
6006,6.3474095362889535
6007,6.3474095362889535
6008,6.3474095362889535
6009,6.3474095362889535
6010,6.3474095362889535
6011,6.3474095362889535
6012,6.3474095362889535
6013,6.3474095362889535
6014,6.3474095362889535
6015,6.3474095362889535
6016,6.3474095362889535
6017,6.3474095362889535
6018,6.3474095362889535
6019,6.3474095362889535
6020,6.3474095362889535
6021,6.3474095362889535
6022,6.3474095362889535
6023,6.3474095362889535
6024,6.3474095362889535
6025,6.3474095362889535
6026,6.3474095362889535
6027,6.3474095362889535
6028,6.3474095362889535
6029,6.3474095362889535
6030,6.3474095362889535
6031,6.3474095362889535
6032,6.3474095362889535
6033,6.3474095362889535
6034,6.3474095362889535
6035,6.3474095362889535
6036,6.3474095362889535
6037,6.3474095362889535
6038,6.3474095362889535
6039,6.3474095362889535
6040,6.3474095362889535
6041,6.3474095362889535
6042,6.3474095362889535
6043,6.3474095362889535
6044,6.3474095362889535
6045,6.3474095362889535
6046,6.3474095362889535
6047,6.3474095362889535
6048,6.3474095362889535
6049,6.3474095362889535
6050,6.3474095362889535
6051,6.3474095362889535
6052,6.3474095362889535
6053,6.3474095362889535
6054,6.3474095362889535
6055,6.3474095362889535
6056,6.3474095362889535
6057,6.3474095362889535
6058,6.3474095362889535
6059,6.3474095362889535
6060,6.3474095362889535
6061,6.3474095362889535
6062,6.3474095362889535
6063,6.3474095362889535
6064,6.3474095362889535
6065,6.3474095362889535
6066,6.3474095362889535
6067,6.3474095362889535
6068,6.3474095362889535
6069,6.3474095362889535
6070,6.3474095362889535
6071,6.3474095362889535
6072,6.3474095362889535
6073,6.3474095362889535
6074,6.3474095362889535
6075,6.3474095362889535
6076,6.3474095362889535
6077,6.3474095362889535
6078,6.3474095362889535
6079,6.3474095362889535
6080,6.3474095362889535
6081,6.3474095362889535
6082,6.3474095362889535
6083,6.3474095362889535
6084,6.3474095362889535
6085,6.3474095362889535
6086,6.3474095362889535
6087,6.3474095362889535
6088,6.3474095362889535
6089,6.3474095362889535
6090,6.3474095362889535
6091,6.3474095362889535
6092,6.3474095362889535
6093,6.3474095362889535
6094,6.3474095362889535
6095,6.3474095362889535
6096,6.3474095362889535
6097,6.3474095362889535
6098,6.3474095362889535
6099,6.3474095362889535
6100,6.3474095362889535
6101,6.3474095362889535
6102,6.3474095362889535
6103,6.3474095362889535
6104,6.3474095362889535
6105,6.3474095362889535
6106,6.3474095362889535
6107,6.3474095362889535
6108,6.3474095362889535
6109,6.3474095362889535
6110,6.3474095362889535
6111,6.3474095362889535
6112,6.3474095362889535
6113,6.3474095362889535
6114,6.3474095362889535
6115,6.3474095362889535
6116,6.3474095362889535
6117,6.3474095362889535
6118,6.3474095362889535
6119,6.3474095362889535
6120,6.3474095362889535
6121,6.3474095362889535
6122,6.3474095362889535
6123,6.3474095362889535
6124,6.3474095362889535
6125,6.3474095362889535
6126,6.3474095362889535
6127,6.3474095362889535
6128,6.3474095362889535
6129,6.3474095362889535
6130,6.3474095362889535
6131,6.3474095362889535
6132,6.3474095362889535
6133,6.3474095362889535
6134,6.3474095362889535
6135,6.3474095362889535
6136,6.3474095362889535
6137,6.3474095362889535
6138,6.3474095362889535
6139,6.3474095362889535
6140,6.3474095362889535
6141,6.3474095362889535
6142,6.3474095362889535
6143,6.3474095362889535
6144,6.3474095362889535
6145,6.3474095362889535
6146,6.3474095362889535
6147,6.3474095362889535
6148,6.3474095362889535
6149,6.3474095362889535
6150,6.3474095362889535
6151,6.3474095362889535
6152,6.3474095362889535
6153,6.3474095362889535
6154,6.3474095362889535
6155,6.3474095362889535
6156,6.3474095362889535
6157,6.3474095362889535
6158,6.3474095362889535
6159,6.3474095362889535
6160,6.3474095362889535
6161,6.3474095362889535
6162,6.3474095362889535
6163,6.3474095362889535
6164,6.3474095362889535
6165,6.3474095362889535
6166,6.3474095362889535
6167,6.3474095362889535
6168,6.3474095362889535
6169,6.3474095362889535
6170,6.3474095362889535
6171,6.3474095362889535
6172,6.3474095362889535
6173,6.3474095362889535
6174,6.3474095362889535
6175,6.3474095362889535
6176,6.3474095362889535
6177,6.3474095362889535
6178,6.3474095362889535
6179,6.3474095362889535
6180,6.3474095362889535
6181,6.3474095362889535
6182,6.3474095362889535
6183,6.3474095362889535
6184,6.3474095362889535
6185,6.3474095362889535
6186,6.3474095362889535
6187,6.3474095362889535
6188,6.3474095362889535
6189,6.3474095362889535
6190,6.3474095362889535
6191,6.3474095362889535
6192,6.3474095362889535
6193,6.3474095362889535
6194,6.3474095362889535
6195,6.3474095362889535
6196,6.3474095362889535
6197,6.3474095362889535
6198,6.3474095362889535
6199,6.3474095362889535
6200,6.3474095362889535
6201,6.3474095362889535
6202,6.3474095362889535
6203,6.3474095362889535
6204,6.3474095362889535
6205,6.3474095362889535
6206,6.3474095362889535
6207,6.3474095362889535
6208,6.3474095362889535
6209,6.3474095362889535
6210,6.3474095362889535
6211,6.3474095362889535
6212,6.3474095362889535
6213,6.3474095362889535
6214,6.3474095362889535
6215,6.3474095362889535
6216,6.3474095362889535
6217,6.3474095362889535
6218,6.3474095362889535
6219,6.3474095362889535
6220,6.3474095362889535
6221,6.3474095362889535
6222,6.3474095362889535
6223,6.3474095362889535
6224,6.3474095362889535
6225,6.3474095362889535
6226,6.3474095362889535
6227,6.3474095362889535
6228,6.3474095362889535
6229,6.3474095362889535
6230,6.3474095362889535
6231,6.3474095362889535
6232,6.3474095362889535
6233,6.3474095362889535
6234,6.3474095362889535
6235,6.3474095362889535
6236,6.3474095362889535
6237,6.3474095362889535
6238,6.3474095362889535
6239,6.3474095362889535
6240,6.3474095362889535
6241,6.3474095362889535
6242,6.3474095362889535
6243,6.3474095362889535
6244,6.3474095362889535
6245,6.3474095362889535
6246,6.3474095362889535
6247,6.3474095362889535
6248,6.3474095362889535
6249,6.3474095362889535
6250,6.3474095362889535
6251,6.3474095362889535
6252,6.3474095362889535
6253,6.3474095362889535
6254,6.3474095362889535
6255,6.3474095362889535
6256,6.3474095362889535
6257,6.3474095362889535
6258,6.3474095362889535
6259,6.3474095362889535
6260,6.3474095362889535
6261,6.3474095362889535
6262,6.3474095362889535
6263,6.3474095362889535
6264,6.3474095362889535
6265,6.3474095362889535
6266,6.3474095362889535
6267,6.3474095362889535
6268,6.3474095362889535
6269,6.3474095362889535
6270,6.3474095362889535
6271,6.3474095362889535
6272,6.3474095362889535
6273,6.3474095362889535
6274,6.3474095362889535
6275,6.3474095362889535
6276,6.3474095362889535
6277,6.3474095362889535
6278,6.3474095362889535
6279,6.3474095362889535
6280,6.3474095362889535
6281,6.3474095362889535
6282,6.3474095362889535
6283,6.3474095362889535
6284,6.3474095362889535
6285,6.3474095362889535
6286,6.3474095362889535
6287,6.3474095362889535
6288,6.3474095362889535
6289,6.3474095362889535
6290,6.3474095362889535
6291,6.3474095362889535
6292,6.3474095362889535
6293,6.3474095362889535
6294,6.3474095362889535
6295,6.3474095362889535
6296,6.3474095362889535
6297,6.3474095362889535
6298,6.3474095362889535
6299,6.3474095362889535
6300,6.3474095362889535
6301,6.3474095362889535
6302,6.3474095362889535
6303,6.3474095362889535
6304,6.3474095362889535
6305,6.3474095362889535
6306,6.3474095362889535
6307,6.3474095362889535
6308,6.3474095362889535
6309,6.3474095362889535
6310,6.3474095362889535
6311,6.3474095362889535
6312,6.3474095362889535
6313,6.3474095362889535
6314,6.3474095362889535
6315,6.3474095362889535
6316,6.3474095362889535
6317,6.3474095362889535
6318,6.3474095362889535
6319,6.3474095362889535
6320,6.3474095362889535
6321,6.3474095362889535
6322,6.3474095362889535
6323,6.3474095362889535
6324,6.3474095362889535
6325,6.3474095362889535
6326,6.3474095362889535
6327,6.3474095362889535
6328,6.3474095362889535
6329,6.3474095362889535
6330,6.3474095362889535
6331,6.3474095362889535
6332,6.3474095362889535
6333,6.3474095362889535
6334,6.3474095362889535
6335,6.3474095362889535
6336,6.3474095362889535
6337,6.3474095362889535
6338,6.3474095362889535
6339,6.3474095362889535
6340,6.3474095362889535
6341,6.3474095362889535
6342,6.3474095362889535
6343,6.3474095362889535
6344,6.3474095362889535
6345,6.3474095362889535
6346,6.3474095362889535
6347,6.3474095362889535
6348,6.3474095362889535
6349,6.3474095362889535
6350,6.3474095362889535
6351,6.3474095362889535
6352,6.3474095362889535
6353,6.3474095362889535
6354,6.3474095362889535
6355,6.3474095362889535
6356,6.3474095362889535
6357,6.3474095362889535
6358,6.3474095362889535
6359,6.3474095362889535
6360,6.3474095362889535
6361,6.3474095362889535
6362,6.3474095362889535
6363,6.3474095362889535
6364,6.3474095362889535
6365,6.3474095362889535
6366,6.3474095362889535
6367,6.3474095362889535
6368,6.3474095362889535
6369,6.3474095362889535
6370,6.3474095362889535
6371,6.3474095362889535
6372,6.3474095362889535
6373,6.3474095362889535
6374,6.3474095362889535
6375,6.3474095362889535
6376,6.3474095362889535
6377,6.3474095362889535
6378,6.3474095362889535
6379,6.3474095362889535
6380,6.3474095362889535
6381,6.3474095362889535
6382,6.3474095362889535
6383,6.3474095362889535
6384,6.3474095362889535
6385,6.3474095362889535
6386,6.3474095362889535
6387,6.3474095362889535
6388,6.3474095362889535
6389,6.3474095362889535
6390,6.3474095362889535
6391,6.3474095362889535
6392,6.3474095362889535
6393,6.3474095362889535
6394,6.3474095362889535
6395,6.3474095362889535
6396,6.3474095362889535
6397,6.3474095362889535
6398,6.3474095362889535
6399,6.3474095362889535
6400,6.3474095362889535
6401,6.3474095362889535
6402,6.3474095362889535
6403,6.3474095362889535
6404,6.3474095362889535
6405,6.3474095362889535
6406,6.3474095362889535
6407,6.3474095362889535
6408,6.3474095362889535
6409,6.3474095362889535
6410,6.3474095362889535
6411,6.3474095362889535
6412,6.3474095362889535
6413,6.3474095362889535
6414,6.3474095362889535
6415,6.3474095362889535
6416,6.3474095362889535
6417,6.3474095362889535
6418,6.3474095362889535
6419,6.3474095362889535
6420,6.3474095362889535
6421,6.3474095362889535
6422,6.3474095362889535
6423,6.3474095362889535
6424,6.3474095362889535
6425,6.3474095362889535
6426,6.3474095362889535
6427,6.3474095362889535
6428,6.3474095362889535
6429,6.3474095362889535
6430,6.3474095362889535
6431,6.3474095362889535
6432,6.3474095362889535
6433,6.3474095362889535
6434,6.3474095362889535
6435,6.3474095362889535
6436,6.3474095362889535
6437,6.3474095362889535
6438,6.3474095362889535
6439,6.3474095362889535
6440,6.3474095362889535
6441,6.3474095362889535
6442,6.3474095362889535
6443,6.3474095362889535
6444,6.3474095362889535
6445,6.3474095362889535
6446,6.3474095362889535
6447,6.3474095362889535
6448,6.3474095362889535
6449,6.3474095362889535
6450,6.3474095362889535
6451,6.3474095362889535
6452,6.3474095362889535
6453,6.3474095362889535
6454,6.3474095362889535
6455,6.3474095362889535
6456,6.3474095362889535
6457,6.3474095362889535
6458,6.3474095362889535
6459,6.3474095362889535
6460,6.3474095362889535
6461,6.3474095362889535
6462,6.3474095362889535
6463,6.3474095362889535
6464,6.3474095362889535
6465,6.3474095362889535
6466,6.3474095362889535
6467,6.3474095362889535
6468,6.3474095362889535
6469,6.3474095362889535
6470,6.3474095362889535
6471,6.3474095362889535
6472,6.3474095362889535
6473,6.3474095362889535
6474,6.3474095362889535
6475,6.3474095362889535
6476,6.3474095362889535
6477,6.3474095362889535
6478,6.3474095362889535
6479,6.3474095362889535
6480,6.3474095362889535
6481,6.3474095362889535
6482,6.3474095362889535
6483,6.3474095362889535
6484,6.3474095362889535
6485,6.3474095362889535
6486,6.3474095362889535
6487,6.3474095362889535
6488,6.3474095362889535
6489,6.3474095362889535
6490,6.3474095362889535
6491,6.3474095362889535
6492,6.3474095362889535
6493,6.3474095362889535
6494,6.3474095362889535
6495,6.3474095362889535
6496,6.3474095362889535
6497,6.3474095362889535
6498,6.3474095362889535
6499,6.3474095362889535
6500,6.3474095362889535
6501,6.3474095362889535
6502,6.3474095362889535
6503,6.3474095362889535
6504,6.3474095362889535
6505,6.3474095362889535
6506,6.3474095362889535
6507,6.3474095362889535
6508,6.3474095362889535
6509,6.3474095362889535
6510,6.3474095362889535
6511,6.3474095362889535
6512,6.3474095362889535
6513,6.3474095362889535
6514,6.3474095362889535
6515,6.3474095362889535
6516,6.3474095362889535
6517,6.3474095362889535
6518,6.3474095362889535
6519,6.3474095362889535
6520,6.3474095362889535
6521,6.3474095362889535
6522,6.3474095362889535
6523,6.3474095362889535
6524,6.3474095362889535
6525,6.3474095362889535
6526,6.3474095362889535
6527,6.3474095362889535
6528,6.3474095362889535
6529,6.3474095362889535
6530,6.3474095362889535
6531,6.3474095362889535
6532,6.3474095362889535
6533,6.3474095362889535
6534,6.3474095362889535
6535,6.3474095362889535
6536,6.3474095362889535
6537,6.3474095362889535
6538,6.3474095362889535
6539,6.3474095362889535
6540,6.3474095362889535
6541,6.3474095362889535
6542,6.3474095362889535
6543,6.3474095362889535
6544,6.3474095362889535
6545,6.3474095362889535
6546,6.3474095362889535
6547,6.3474095362889535
6548,6.3474095362889535
6549,6.3474095362889535
6550,6.3474095362889535
6551,6.3474095362889535
6552,6.3474095362889535
6553,6.3474095362889535
6554,6.3474095362889535
6555,6.3474095362889535
6556,6.3474095362889535
6557,6.3474095362889535
6558,6.3474095362889535
6559,6.3474095362889535
6560,6.3474095362889535
6561,6.3474095362889535
6562,6.3474095362889535
6563,6.3474095362889535
6564,6.3474095362889535
6565,6.3474095362889535
6566,6.3474095362889535
6567,6.3474095362889535
6568,6.3474095362889535
6569,6.3474095362889535
6570,6.3474095362889535
6571,6.3474095362889535
6572,6.3474095362889535
6573,6.3474095362889535
6574,6.3474095362889535
6575,6.3474095362889535
6576,6.3474095362889535
6577,6.3474095362889535
6578,6.3474095362889535
6579,6.3474095362889535
6580,6.3474095362889535
6581,6.3474095362889535
6582,6.3474095362889535
6583,6.3474095362889535
6584,6.3474095362889535
6585,6.3474095362889535
6586,6.3474095362889535
6587,6.3474095362889535
6588,6.3474095362889535
6589,6.3474095362889535
6590,6.3474095362889535
6591,6.3474095362889535
6592,6.3474095362889535
6593,6.3474095362889535
6594,6.3474095362889535
6595,6.3474095362889535
6596,6.3474095362889535
6597,6.3474095362889535
6598,6.3474095362889535
6599,6.3474095362889535
6600,6.3474095362889535
6601,6.3474095362889535
6602,6.3474095362889535
6603,6.3474095362889535
6604,6.3474095362889535
6605,6.3474095362889535
6606,6.3474095362889535
6607,6.3474095362889535
6608,6.3474095362889535
6609,6.3474095362889535
6610,6.3474095362889535
6611,6.3474095362889535
6612,6.3474095362889535
6613,6.3474095362889535
6614,6.3474095362889535
6615,6.3474095362889535
6616,6.3474095362889535
6617,6.3474095362889535
6618,6.3474095362889535
6619,6.3474095362889535
6620,6.3474095362889535
6621,6.3474095362889535
6622,6.3474095362889535
6623,6.3474095362889535
6624,6.3474095362889535
6625,6.3474095362889535
6626,6.3474095362889535
6627,6.3474095362889535
6628,6.3474095362889535
6629,6.3474095362889535
6630,6.3474095362889535
6631,6.3474095362889535
6632,6.3474095362889535
6633,6.3474095362889535
6634,6.3474095362889535
6635,6.3474095362889535
6636,6.3474095362889535
6637,6.3474095362889535
6638,6.3474095362889535
6639,6.3474095362889535
6640,6.3474095362889535
6641,6.3474095362889535
6642,6.3474095362889535
6643,6.3474095362889535
6644,6.3474095362889535
6645,6.3474095362889535
6646,6.3474095362889535
6647,6.3474095362889535
6648,6.3474095362889535
6649,6.3474095362889535
6650,6.3474095362889535
6651,6.3474095362889535
6652,6.3474095362889535
6653,6.3474095362889535
6654,6.3474095362889535
6655,6.3474095362889535
6656,6.3474095362889535
6657,6.3474095362889535
6658,6.3474095362889535
6659,6.3474095362889535
6660,6.3474095362889535
6661,6.3474095362889535
6662,6.3474095362889535
6663,6.3474095362889535
6664,6.3474095362889535
6665,6.3474095362889535
6666,6.3474095362889535
6667,6.3474095362889535
6668,6.3474095362889535
6669,6.3474095362889535
6670,6.3474095362889535
6671,6.3474095362889535
6672,6.3474095362889535
6673,6.3474095362889535
6674,6.3474095362889535
6675,6.3474095362889535
6676,6.3474095362889535
6677,6.3474095362889535
6678,6.3474095362889535
6679,6.3474095362889535
6680,6.3474095362889535
6681,6.3474095362889535
6682,6.3474095362889535
6683,6.3474095362889535
6684,6.3474095362889535
6685,6.3474095362889535
6686,6.3474095362889535
6687,6.3474095362889535
6688,6.3474095362889535
6689,6.3474095362889535
6690,6.3474095362889535
6691,6.3474095362889535
6692,6.3474095362889535
6693,6.3474095362889535
6694,6.3474095362889535
6695,6.3474095362889535
6696,6.3474095362889535
6697,6.3474095362889535
6698,6.3474095362889535
6699,6.3474095362889535
6700,6.3474095362889535
6701,6.3474095362889535
6702,6.3474095362889535
6703,6.3474095362889535
6704,6.3474095362889535
6705,6.3474095362889535
6706,6.3474095362889535
6707,6.3474095362889535
6708,6.3474095362889535
6709,6.3474095362889535
6710,6.3474095362889535
6711,6.3474095362889535
6712,6.3474095362889535
6713,6.3474095362889535
6714,6.3474095362889535
6715,6.3474095362889535
6716,6.3474095362889535
6717,6.3474095362889535
6718,6.3474095362889535
6719,6.3474095362889535
6720,6.3474095362889535
6721,6.3474095362889535
6722,6.3474095362889535
6723,6.3474095362889535
6724,6.3474095362889535
6725,6.3474095362889535
6726,6.3474095362889535
6727,6.3474095362889535
6728,6.3474095362889535
6729,6.3474095362889535
6730,6.3474095362889535
6731,6.3474095362889535
6732,6.3474095362889535
6733,6.3474095362889535
6734,6.3474095362889535
6735,6.3474095362889535
6736,6.3474095362889535
6737,6.3474095362889535
6738,6.3474095362889535
6739,6.3474095362889535
6740,6.3474095362889535
6741,6.3474095362889535
6742,6.3474095362889535
6743,6.3474095362889535
6744,6.3474095362889535
6745,6.3474095362889535
6746,6.3474095362889535
6747,6.3474095362889535
6748,6.3474095362889535
6749,6.3474095362889535
6750,6.3474095362889535
6751,6.3474095362889535
6752,6.3474095362889535
6753,6.3474095362889535
6754,6.3474095362889535
6755,6.3474095362889535
6756,6.3474095362889535
6757,6.3474095362889535
6758,6.3474095362889535
6759,6.3474095362889535
6760,6.3474095362889535
6761,6.3474095362889535
6762,6.3474095362889535
6763,6.3474095362889535
6764,6.3474095362889535
6765,6.3474095362889535
6766,6.3474095362889535
6767,6.3474095362889535
6768,6.3474095362889535
6769,6.3474095362889535
6770,6.3474095362889535
6771,6.3474095362889535
6772,6.3474095362889535
6773,6.3474095362889535
6774,6.3474095362889535
6775,6.3474095362889535
6776,6.3474095362889535
6777,6.3474095362889535
6778,6.3474095362889535
6779,6.3474095362889535
6780,6.3474095362889535
6781,6.3474095362889535
6782,6.3474095362889535
6783,6.3474095362889535
6784,6.3474095362889535
6785,6.3474095362889535
6786,6.3474095362889535
6787,6.3474095362889535
6788,6.3474095362889535
6789,6.3474095362889535
6790,6.3474095362889535
6791,6.3474095362889535
6792,6.3474095362889535
6793,6.3474095362889535
6794,6.3474095362889535
6795,6.3474095362889535
6796,6.3474095362889535
6797,6.3474095362889535
6798,6.3474095362889535
6799,6.3474095362889535
6800,6.3474095362889535
6801,6.3474095362889535
6802,6.3474095362889535
6803,6.3474095362889535
6804,6.3474095362889535
6805,6.3474095362889535
6806,6.3474095362889535
6807,6.3474095362889535
6808,6.3474095362889535
6809,6.3474095362889535
6810,6.3474095362889535
6811,6.3474095362889535
6812,6.3474095362889535
6813,6.3474095362889535
6814,6.3474095362889535
6815,6.3474095362889535
6816,6.3474095362889535
6817,6.3474095362889535
6818,6.3474095362889535
6819,6.3474095362889535
6820,6.3474095362889535
6821,6.3474095362889535
6822,6.3474095362889535
6823,6.3474095362889535
6824,6.3474095362889535
6825,6.3474095362889535
6826,6.3474095362889535
6827,6.3474095362889535
6828,6.3474095362889535
6829,6.3474095362889535
6830,6.3474095362889535
6831,6.3474095362889535
6832,6.3474095362889535
6833,6.3474095362889535
6834,6.3474095362889535
6835,6.3474095362889535
6836,6.3474095362889535
6837,6.3474095362889535
6838,6.3474095362889535
6839,6.3474095362889535
6840,6.3474095362889535
6841,6.3474095362889535
6842,6.3474095362889535
6843,6.3474095362889535
6844,6.3474095362889535
6845,6.3474095362889535
6846,6.3474095362889535
6847,6.3474095362889535
6848,6.3474095362889535
6849,6.3474095362889535
6850,6.3474095362889535
6851,6.3474095362889535
6852,6.3474095362889535
6853,6.3474095362889535
6854,6.3474095362889535
6855,6.3474095362889535
6856,6.3474095362889535
6857,6.3474095362889535
6858,6.3474095362889535
6859,6.3474095362889535
6860,6.3474095362889535
6861,6.3474095362889535
6862,6.3474095362889535
6863,6.3474095362889535
6864,6.3474095362889535
6865,6.3474095362889535
6866,6.3474095362889535
6867,6.3474095362889535
6868,6.3474095362889535
6869,6.3474095362889535
6870,6.3474095362889535
6871,6.3474095362889535
6872,6.3474095362889535
6873,6.3474095362889535
6874,6.3474095362889535
6875,6.3474095362889535
6876,6.3474095362889535
6877,6.3474095362889535
6878,6.3474095362889535
6879,6.3474095362889535
6880,6.3474095362889535
6881,6.3474095362889535
6882,6.3474095362889535
6883,6.3474095362889535
6884,6.3474095362889535
6885,6.3474095362889535
6886,6.3474095362889535
6887,6.3474095362889535
6888,6.3474095362889535
6889,6.3474095362889535
6890,6.3474095362889535
6891,6.3474095362889535
6892,6.3474095362889535
6893,6.3474095362889535
6894,6.3474095362889535
6895,6.3474095362889535
6896,6.3474095362889535
6897,6.3474095362889535
6898,6.3474095362889535
6899,6.3474095362889535
6900,6.3474095362889535
6901,6.3474095362889535
6902,6.3474095362889535
6903,6.3474095362889535
6904,6.3474095362889535
6905,6.3474095362889535
6906,6.3474095362889535
6907,6.3474095362889535
6908,6.3474095362889535
6909,6.3474095362889535
6910,6.3474095362889535
6911,6.3474095362889535
6912,6.3474095362889535
6913,6.3474095362889535
6914,6.3474095362889535
6915,6.3474095362889535
6916,6.3474095362889535
6917,6.3474095362889535
6918,6.3474095362889535
6919,6.3474095362889535
6920,6.3474095362889535
6921,6.3474095362889535
6922,6.3474095362889535
6923,6.3474095362889535
6924,6.3474095362889535
6925,6.3474095362889535
6926,6.3474095362889535
6927,6.3474095362889535
6928,6.3474095362889535
6929,6.3474095362889535
6930,6.3474095362889535
6931,6.3474095362889535
6932,6.3474095362889535
6933,6.3474095362889535
6934,6.3474095362889535
6935,6.3474095362889535
6936,6.3474095362889535
6937,6.3474095362889535
6938,6.3474095362889535
6939,6.3474095362889535
6940,6.3474095362889535
6941,6.3474095362889535
6942,6.3474095362889535
6943,6.3474095362889535
6944,6.3474095362889535
6945,6.3474095362889535
6946,6.3474095362889535
6947,6.3474095362889535
6948,6.3474095362889535
6949,6.3474095362889535
6950,6.3474095362889535
6951,6.3474095362889535
6952,6.3474095362889535
6953,6.3474095362889535
6954,6.3474095362889535
6955,6.3474095362889535
6956,6.3474095362889535
6957,6.3474095362889535
6958,6.3474095362889535
6959,6.3474095362889535
6960,6.3474095362889535
6961,6.3474095362889535
6962,6.3474095362889535
6963,6.3474095362889535
6964,6.3474095362889535
6965,6.3474095362889535
6966,6.3474095362889535
6967,6.3474095362889535
6968,6.3474095362889535
6969,6.3474095362889535
6970,6.3474095362889535
6971,6.3474095362889535
6972,6.3474095362889535
6973,6.3474095362889535
6974,6.3474095362889535
6975,6.3474095362889535
6976,6.3474095362889535
6977,6.3474095362889535
6978,6.3474095362889535
6979,6.3474095362889535
6980,6.3474095362889535
6981,6.3474095362889535
6982,6.3474095362889535
6983,6.3474095362889535
6984,6.3474095362889535
6985,6.3474095362889535
6986,6.3474095362889535
6987,6.3474095362889535
6988,6.3474095362889535
6989,6.3474095362889535
6990,6.3474095362889535
6991,6.3474095362889535
6992,6.3474095362889535
6993,6.3474095362889535
6994,6.3474095362889535
6995,6.3474095362889535
6996,6.3474095362889535
6997,6.3474095362889535
6998,6.3474095362889535
6999,6.3474095362889535
7000,6.3474095362889535
7001,6.3474095362889535
7002,6.3474095362889535
7003,6.3474095362889535
7004,6.3474095362889535
7005,6.3474095362889535
7006,6.3474095362889535
7007,6.3474095362889535
7008,6.3474095362889535
7009,6.3474095362889535
7010,6.3474095362889535
7011,6.3474095362889535
7012,6.3474095362889535
7013,6.3474095362889535
7014,6.3474095362889535
7015,6.3474095362889535
7016,6.3474095362889535
7017,6.3474095362889535
7018,6.3474095362889535
7019,6.3474095362889535
7020,6.3474095362889535
7021,6.3474095362889535
7022,6.3474095362889535
7023,6.3474095362889535
7024,6.3474095362889535
7025,6.3474095362889535
7026,6.3474095362889535
7027,6.3474095362889535
7028,6.3474095362889535
7029,6.3474095362889535
7030,6.3474095362889535
7031,6.3474095362889535
7032,6.3474095362889535
7033,6.3474095362889535
7034,6.3474095362889535
7035,6.3474095362889535
7036,6.3474095362889535
7037,6.3474095362889535
7038,6.3474095362889535
7039,6.3474095362889535
7040,6.3474095362889535
7041,6.3474095362889535
7042,6.3474095362889535
7043,6.3474095362889535
7044,6.3474095362889535
7045,6.3474095362889535
7046,6.3474095362889535
7047,6.3474095362889535
7048,6.3474095362889535
7049,6.3474095362889535
7050,6.3474095362889535
7051,6.3474095362889535
7052,6.3474095362889535
7053,6.3474095362889535
7054,6.3474095362889535
7055,6.3474095362889535
7056,6.3474095362889535
7057,6.3474095362889535
7058,6.3474095362889535
7059,6.3474095362889535
7060,6.3474095362889535
7061,6.3474095362889535
7062,6.3474095362889535
7063,6.3474095362889535
7064,6.3474095362889535
7065,6.3474095362889535
7066,6.3474095362889535
7067,6.3474095362889535
7068,6.3474095362889535
7069,6.3474095362889535
7070,6.3474095362889535
7071,6.3474095362889535
7072,6.3474095362889535
7073,6.3474095362889535
7074,6.3474095362889535
7075,6.3474095362889535
7076,6.3474095362889535
7077,6.3474095362889535
7078,6.3474095362889535
7079,6.3474095362889535
7080,6.3474095362889535
7081,6.3474095362889535
7082,6.3474095362889535
7083,6.3474095362889535
7084,6.3474095362889535
7085,6.3474095362889535
7086,6.3474095362889535
7087,6.3474095362889535
7088,6.3474095362889535
7089,6.3474095362889535
7090,6.3474095362889535
7091,6.3474095362889535
7092,6.3474095362889535
7093,6.3474095362889535
7094,6.3474095362889535
7095,6.3474095362889535
7096,6.3474095362889535
7097,6.3474095362889535
7098,6.3474095362889535
7099,6.3474095362889535
7100,6.3474095362889535
7101,6.3474095362889535
7102,6.3474095362889535
7103,6.3474095362889535
7104,6.3474095362889535
7105,6.3474095362889535
7106,6.3474095362889535
7107,6.3474095362889535
7108,6.3474095362889535
7109,6.3474095362889535
7110,6.3474095362889535
7111,6.3474095362889535
7112,6.3474095362889535
7113,6.3474095362889535
7114,6.3474095362889535
7115,6.3474095362889535
7116,6.3474095362889535
7117,6.3474095362889535
7118,6.3474095362889535
7119,6.3474095362889535
7120,6.3474095362889535
7121,6.3474095362889535
7122,6.3474095362889535
7123,6.3474095362889535
7124,6.3474095362889535
7125,6.3474095362889535
7126,6.3474095362889535
7127,6.3474095362889535
7128,6.3474095362889535
7129,6.3474095362889535
7130,6.3474095362889535
7131,6.3474095362889535
7132,6.3474095362889535
7133,6.3474095362889535
7134,6.3474095362889535
7135,6.3474095362889535
7136,6.3474095362889535
7137,6.3474095362889535
7138,6.3474095362889535
7139,6.3474095362889535
7140,6.3474095362889535
7141,6.3474095362889535
7142,6.3474095362889535
7143,6.3474095362889535
7144,6.3474095362889535
7145,6.3474095362889535
7146,6.3474095362889535
7147,6.3474095362889535
7148,6.3474095362889535
7149,6.3474095362889535
7150,6.3474095362889535
7151,6.3474095362889535
7152,6.3474095362889535
7153,6.3474095362889535
7154,6.3474095362889535
7155,6.3474095362889535
7156,6.3474095362889535
7157,6.3474095362889535
7158,6.3474095362889535
7159,6.3474095362889535
7160,6.3474095362889535
7161,6.3474095362889535
7162,6.3474095362889535
7163,6.3474095362889535
7164,6.3474095362889535
7165,6.3474095362889535
7166,6.3474095362889535
7167,6.3474095362889535
7168,6.3474095362889535
7169,6.3474095362889535
7170,6.3474095362889535
7171,6.3474095362889535
7172,6.3474095362889535
7173,6.3474095362889535
7174,6.3474095362889535
7175,6.3474095362889535
7176,6.3474095362889535
7177,6.3474095362889535
7178,6.3474095362889535
7179,6.3474095362889535
7180,6.3474095362889535
7181,6.3474095362889535
7182,6.3474095362889535
7183,6.3474095362889535
7184,6.3474095362889535
7185,6.3474095362889535
7186,6.3474095362889535
7187,6.3474095362889535
7188,6.3474095362889535
7189,6.3474095362889535
7190,6.3474095362889535
7191,6.3474095362889535
7192,6.3474095362889535
7193,6.3474095362889535
7194,6.3474095362889535
7195,6.3474095362889535
7196,6.3474095362889535
7197,6.3474095362889535
7198,6.3474095362889535
7199,6.3474095362889535
7200,6.3474095362889535
7201,6.3474095362889535
7202,6.3474095362889535
7203,6.3474095362889535
7204,6.3474095362889535
7205,6.3474095362889535
7206,6.3474095362889535
7207,6.3474095362889535
7208,6.3474095362889535
7209,6.3474095362889535
7210,6.3474095362889535
7211,6.3474095362889535
7212,6.3474095362889535
7213,6.3474095362889535
7214,6.3474095362889535
7215,6.3474095362889535
7216,6.3474095362889535
7217,6.3474095362889535
7218,6.3474095362889535
7219,6.3474095362889535
7220,6.3474095362889535
7221,6.3474095362889535
7222,6.3474095362889535
7223,6.3474095362889535
7224,6.3474095362889535
7225,6.3474095362889535
7226,6.3474095362889535
7227,6.3474095362889535
7228,6.3474095362889535
7229,6.3474095362889535
7230,6.3474095362889535
7231,6.3474095362889535
7232,6.3474095362889535
7233,6.3474095362889535
7234,6.3474095362889535
7235,6.3474095362889535
7236,6.3474095362889535
7237,6.3474095362889535
7238,6.3474095362889535
7239,6.3474095362889535
7240,6.3474095362889535
7241,6.3474095362889535
7242,6.3474095362889535
7243,6.3474095362889535
7244,6.3474095362889535
7245,6.3474095362889535
7246,6.3474095362889535
7247,6.3474095362889535
7248,6.3474095362889535
7249,6.3474095362889535
7250,6.3474095362889535
7251,6.3474095362889535
7252,6.3474095362889535
7253,6.3474095362889535
7254,6.3474095362889535
7255,6.3474095362889535
7256,6.3474095362889535
7257,6.3474095362889535
7258,6.3474095362889535
7259,6.3474095362889535
7260,6.3474095362889535
7261,6.3474095362889535
7262,6.3474095362889535
7263,6.3474095362889535
7264,6.3474095362889535
7265,6.3474095362889535
7266,6.3474095362889535
7267,6.3474095362889535
7268,6.3474095362889535
7269,6.3474095362889535
7270,6.3474095362889535
7271,6.3474095362889535
7272,6.3474095362889535
7273,6.3474095362889535
7274,6.3474095362889535
7275,6.3474095362889535
7276,6.3474095362889535
7277,6.3474095362889535
7278,6.3474095362889535
7279,6.3474095362889535
7280,6.3474095362889535
7281,6.3474095362889535
7282,6.3474095362889535
7283,6.3474095362889535
7284,6.3474095362889535
7285,6.3474095362889535
7286,6.3474095362889535
7287,6.3474095362889535
7288,6.3474095362889535
7289,6.3474095362889535
7290,6.3474095362889535
7291,6.3474095362889535
7292,6.3474095362889535
7293,6.3474095362889535
7294,6.3474095362889535
7295,6.3474095362889535
7296,6.3474095362889535
7297,6.3474095362889535
7298,6.3474095362889535
7299,6.3474095362889535
7300,6.3474095362889535
7301,6.3474095362889535
7302,6.3474095362889535
7303,6.3474095362889535
7304,6.3474095362889535
7305,6.3474095362889535
7306,6.3474095362889535
7307,6.3474095362889535
7308,6.3474095362889535
7309,6.3474095362889535
7310,6.3474095362889535
7311,6.3474095362889535
7312,6.3474095362889535
7313,6.3474095362889535
7314,6.3474095362889535
7315,6.3474095362889535
7316,6.3474095362889535
7317,6.3474095362889535
7318,6.3474095362889535
7319,6.3474095362889535
7320,6.3474095362889535
7321,6.3474095362889535
7322,6.3474095362889535
7323,6.3474095362889535
7324,6.3474095362889535
7325,6.3474095362889535
7326,6.3474095362889535
7327,6.3474095362889535
7328,6.3474095362889535
7329,6.3474095362889535
7330,6.3474095362889535
7331,6.3474095362889535
7332,6.3474095362889535
7333,6.3474095362889535
7334,6.3474095362889535
7335,6.3474095362889535
7336,6.3474095362889535
7337,6.3474095362889535
7338,6.3474095362889535
7339,6.3474095362889535
7340,6.3474095362889535
7341,6.3474095362889535
7342,6.3474095362889535
7343,6.3474095362889535
7344,6.3474095362889535
7345,6.3474095362889535
7346,6.3474095362889535
7347,6.3474095362889535
7348,6.3474095362889535
7349,6.3474095362889535
7350,6.3474095362889535
7351,6.3474095362889535
7352,6.3474095362889535
7353,6.3474095362889535
7354,6.3474095362889535
7355,6.3474095362889535
7356,6.3474095362889535
7357,6.3474095362889535
7358,6.3474095362889535
7359,6.3474095362889535
7360,6.3474095362889535
7361,6.3474095362889535
7362,6.3474095362889535
7363,6.3474095362889535
7364,6.3474095362889535
7365,6.3474095362889535
7366,6.3474095362889535
7367,6.3474095362889535
7368,6.3474095362889535
7369,6.3474095362889535
7370,6.3474095362889535
7371,6.3474095362889535
7372,6.3474095362889535
7373,6.3474095362889535
7374,6.3474095362889535
7375,6.3474095362889535
7376,6.3474095362889535
7377,6.3474095362889535
7378,6.3474095362889535
7379,6.3474095362889535
7380,6.3474095362889535
7381,6.3474095362889535
7382,6.3474095362889535
7383,6.3474095362889535
7384,6.3474095362889535
7385,6.3474095362889535
7386,6.3474095362889535
7387,6.3474095362889535
7388,6.3474095362889535
7389,6.3474095362889535
7390,6.3474095362889535
7391,6.3474095362889535
7392,6.3474095362889535
7393,6.3474095362889535
7394,6.3474095362889535
7395,6.3474095362889535
7396,6.3474095362889535
7397,6.3474095362889535
7398,6.3474095362889535
7399,6.3474095362889535
7400,6.3474095362889535
7401,6.3474095362889535
7402,6.3474095362889535
7403,6.3474095362889535
7404,6.3474095362889535
7405,6.3474095362889535
7406,6.3474095362889535
7407,6.3474095362889535
7408,6.3474095362889535
7409,6.3474095362889535
7410,6.3474095362889535
7411,6.3474095362889535
7412,6.3474095362889535
7413,6.3474095362889535
7414,6.3474095362889535
7415,6.3474095362889535
7416,6.3474095362889535
7417,6.3474095362889535
7418,6.3474095362889535
7419,6.3474095362889535
7420,6.3474095362889535
7421,6.3474095362889535
7422,6.3474095362889535
7423,6.3474095362889535
7424,6.3474095362889535
7425,6.3474095362889535
7426,6.3474095362889535
7427,6.3474095362889535
7428,6.3474095362889535
7429,6.3474095362889535
7430,6.3474095362889535
7431,6.3474095362889535
7432,6.3474095362889535
7433,6.3474095362889535
7434,6.3474095362889535
7435,6.3474095362889535
7436,6.3474095362889535
7437,6.3474095362889535
7438,6.3474095362889535
7439,6.3474095362889535
7440,6.3474095362889535
7441,6.3474095362889535
7442,6.3474095362889535
7443,6.3474095362889535
7444,6.3474095362889535
7445,6.3474095362889535
7446,6.3474095362889535
7447,6.3474095362889535
7448,6.3474095362889535
7449,6.3474095362889535
7450,6.3474095362889535
7451,6.3474095362889535
7452,6.3474095362889535
7453,6.3474095362889535
7454,6.3474095362889535
7455,6.3474095362889535
7456,6.3474095362889535
7457,6.3474095362889535
7458,6.3474095362889535
7459,6.3474095362889535
7460,6.3474095362889535
7461,6.3474095362889535
7462,6.3474095362889535
7463,6.3474095362889535
7464,6.3474095362889535
7465,6.3474095362889535
7466,6.3474095362889535
7467,6.3474095362889535
7468,6.3474095362889535
7469,6.3474095362889535
7470,6.3474095362889535
7471,6.3474095362889535
7472,6.3474095362889535
7473,6.3474095362889535
7474,6.3474095362889535
7475,6.3474095362889535
7476,6.3474095362889535
7477,6.3474095362889535
7478,6.3474095362889535
7479,6.3474095362889535
7480,6.3474095362889535
7481,6.3474095362889535
7482,6.3474095362889535
7483,6.3474095362889535
7484,6.3474095362889535
7485,6.3474095362889535
7486,6.3474095362889535
7487,6.3474095362889535
7488,6.3474095362889535
7489,6.3474095362889535
7490,6.3474095362889535
7491,6.3474095362889535
7492,6.3474095362889535
7493,6.3474095362889535
7494,6.3474095362889535
7495,6.3474095362889535
7496,6.3474095362889535
7497,6.3474095362889535
7498,6.3474095362889535
7499,6.3474095362889535
7500,6.3474095362889535
7501,6.3474095362889535
7502,6.3474095362889535
7503,6.3474095362889535
7504,6.3474095362889535
7505,6.3474095362889535
7506,6.3474095362889535
7507,6.3474095362889535
7508,6.3474095362889535
7509,6.3474095362889535
7510,6.3474095362889535
7511,6.3474095362889535
7512,6.3474095362889535
7513,6.3474095362889535
7514,6.3474095362889535
7515,6.3474095362889535
7516,6.3474095362889535
7517,6.3474095362889535
7518,6.3474095362889535
7519,6.3474095362889535
7520,6.3474095362889535
7521,6.3474095362889535
7522,6.3474095362889535
7523,6.3474095362889535
7524,6.3474095362889535
7525,6.3474095362889535
7526,6.3474095362889535
7527,6.3474095362889535
7528,6.3474095362889535
7529,6.3474095362889535
7530,6.3474095362889535
7531,6.3474095362889535
7532,6.3474095362889535
7533,6.3474095362889535
7534,6.3474095362889535
7535,6.3474095362889535
7536,6.3474095362889535
7537,6.3474095362889535
7538,6.3474095362889535
7539,6.3474095362889535
7540,6.3474095362889535
7541,6.3474095362889535
7542,6.3474095362889535
7543,6.3474095362889535
7544,6.3474095362889535
7545,6.3474095362889535
7546,6.3474095362889535
7547,6.3474095362889535
7548,6.3474095362889535
7549,6.3474095362889535
7550,6.3474095362889535
7551,6.3474095362889535
7552,6.3474095362889535
7553,6.3474095362889535
7554,6.3474095362889535
7555,6.3474095362889535
7556,6.3474095362889535
7557,6.3474095362889535
7558,6.3474095362889535
7559,6.3474095362889535
7560,6.3474095362889535
7561,6.3474095362889535
7562,6.3474095362889535
7563,6.3474095362889535
7564,6.3474095362889535
7565,6.3474095362889535
7566,6.3474095362889535
7567,6.3474095362889535
7568,6.3474095362889535
7569,6.3474095362889535
7570,6.3474095362889535
7571,6.3474095362889535
7572,6.3474095362889535
7573,6.3474095362889535
7574,6.3474095362889535
7575,6.3474095362889535
7576,6.3474095362889535
7577,6.3474095362889535
7578,6.3474095362889535
7579,6.3474095362889535
7580,6.3474095362889535
7581,6.3474095362889535
7582,6.3474095362889535
7583,6.3474095362889535
7584,6.3474095362889535
7585,6.3474095362889535
7586,6.3474095362889535
7587,6.3474095362889535
7588,6.3474095362889535
7589,6.3474095362889535
7590,6.3474095362889535
7591,6.3474095362889535
7592,6.3474095362889535
7593,6.3474095362889535
7594,6.3474095362889535
7595,6.3474095362889535
7596,6.3474095362889535
7597,6.3474095362889535
7598,6.3474095362889535
7599,6.3474095362889535
7600,6.3474095362889535
7601,6.3474095362889535
7602,6.3474095362889535
7603,6.3474095362889535
7604,6.3474095362889535
7605,6.3474095362889535
7606,6.3474095362889535
7607,6.3474095362889535
7608,6.3474095362889535
7609,6.3474095362889535
7610,6.3474095362889535
7611,6.3474095362889535
7612,6.3474095362889535
7613,6.3474095362889535
7614,6.3474095362889535
7615,6.3474095362889535
7616,6.3474095362889535
7617,6.3474095362889535
7618,6.3474095362889535
7619,6.3474095362889535
7620,6.3474095362889535
7621,6.3474095362889535
7622,6.3474095362889535
7623,6.3474095362889535
7624,6.3474095362889535
7625,6.3474095362889535
7626,6.3474095362889535
7627,6.3474095362889535
7628,6.3474095362889535
7629,6.3474095362889535
7630,6.3474095362889535
7631,6.3474095362889535
7632,6.3474095362889535
7633,6.3474095362889535
7634,6.3474095362889535
7635,6.3474095362889535
7636,6.3474095362889535
7637,6.3474095362889535
7638,6.3474095362889535
7639,6.3474095362889535
7640,6.3474095362889535
7641,6.3474095362889535
7642,6.3474095362889535
7643,6.3474095362889535
7644,6.3474095362889535
7645,6.3474095362889535
7646,6.3474095362889535
7647,6.3474095362889535
7648,6.3474095362889535
7649,6.3474095362889535
7650,6.3474095362889535
7651,6.3474095362889535
7652,6.3474095362889535
7653,6.3474095362889535
7654,6.3474095362889535
7655,6.3474095362889535
7656,6.3474095362889535
7657,6.3474095362889535
7658,6.3474095362889535
7659,6.3474095362889535
7660,6.3474095362889535
7661,6.3474095362889535
7662,6.3474095362889535
7663,6.3474095362889535
7664,6.3474095362889535
7665,6.3474095362889535
7666,6.3474095362889535
7667,6.3474095362889535
7668,6.3474095362889535
7669,6.3474095362889535
7670,6.3474095362889535
7671,6.3474095362889535
7672,6.3474095362889535
7673,6.3474095362889535
7674,6.3474095362889535
7675,6.3474095362889535
7676,6.3474095362889535
7677,6.3474095362889535
7678,6.3474095362889535
7679,6.3474095362889535
7680,6.3474095362889535
7681,6.3474095362889535
7682,6.3474095362889535
7683,6.3474095362889535
7684,6.3474095362889535
7685,6.3474095362889535
7686,6.3474095362889535
7687,6.3474095362889535
7688,6.3474095362889535
7689,6.3474095362889535
7690,6.3474095362889535
7691,6.3474095362889535
7692,6.3474095362889535
7693,6.3474095362889535
7694,6.3474095362889535
7695,6.3474095362889535
7696,6.3474095362889535
7697,6.3474095362889535
7698,6.3474095362889535
7699,6.3474095362889535
7700,6.3474095362889535
7701,6.3474095362889535
7702,6.3474095362889535
7703,6.3474095362889535
7704,6.3474095362889535
7705,6.3474095362889535
7706,6.3474095362889535
7707,6.3474095362889535
7708,6.3474095362889535
7709,6.3474095362889535
7710,6.3474095362889535
7711,6.3474095362889535
7712,6.3474095362889535
7713,6.3474095362889535
7714,6.3474095362889535
7715,6.3474095362889535
7716,6.3474095362889535
7717,6.3474095362889535
7718,6.3474095362889535
7719,6.3474095362889535
7720,6.3474095362889535
7721,6.3474095362889535
7722,6.3474095362889535
7723,6.3474095362889535
7724,6.3474095362889535
7725,6.3474095362889535
7726,6.3474095362889535
7727,6.3474095362889535
7728,6.3474095362889535
7729,6.3474095362889535
7730,6.3474095362889535
7731,6.3474095362889535
7732,6.3474095362889535
7733,6.3474095362889535
7734,6.3474095362889535
7735,6.3474095362889535
7736,6.3474095362889535
7737,6.3474095362889535
7738,6.3474095362889535
7739,6.3474095362889535
7740,6.3474095362889535
7741,6.3474095362889535
7742,6.3474095362889535
7743,6.3474095362889535
7744,6.3474095362889535
7745,6.3474095362889535
7746,6.3474095362889535
7747,6.3474095362889535
7748,6.3474095362889535
7749,6.3474095362889535
7750,6.3474095362889535
7751,6.3474095362889535
7752,6.3474095362889535
7753,6.3474095362889535
7754,6.3474095362889535
7755,6.3474095362889535
7756,6.3474095362889535
7757,6.3474095362889535
7758,6.3474095362889535
7759,6.3474095362889535
7760,6.3474095362889535
7761,6.3474095362889535
7762,6.3474095362889535
7763,6.3474095362889535
7764,6.3474095362889535
7765,6.3474095362889535
7766,6.3474095362889535
7767,6.3474095362889535
7768,6.3474095362889535
7769,6.3474095362889535
7770,6.3474095362889535
7771,6.3474095362889535
7772,6.3474095362889535
7773,6.3474095362889535
7774,6.3474095362889535
7775,6.3474095362889535
7776,6.3474095362889535
7777,6.3474095362889535
7778,6.3474095362889535
7779,6.3474095362889535
7780,6.3474095362889535
7781,6.3474095362889535
7782,6.3474095362889535
7783,6.3474095362889535
7784,6.3474095362889535
7785,6.3474095362889535
7786,6.3474095362889535
7787,6.3474095362889535
7788,6.3474095362889535
7789,6.3474095362889535
7790,6.3474095362889535
7791,6.3474095362889535
7792,6.3474095362889535
7793,6.3474095362889535
7794,6.3474095362889535
7795,6.3474095362889535
7796,6.3474095362889535
7797,6.3474095362889535
7798,6.3474095362889535
7799,6.3474095362889535
7800,6.3474095362889535
7801,6.3474095362889535
7802,6.3474095362889535
7803,6.3474095362889535
7804,6.3474095362889535
7805,6.3474095362889535
7806,6.3474095362889535
7807,6.3474095362889535
7808,6.3474095362889535
7809,6.3474095362889535
7810,6.3474095362889535
7811,6.3474095362889535
7812,6.3474095362889535
7813,6.3474095362889535
7814,6.3474095362889535
7815,6.3474095362889535
7816,6.3474095362889535
7817,6.3474095362889535
7818,6.3474095362889535
7819,6.3474095362889535
7820,6.3474095362889535
7821,6.3474095362889535
7822,6.3474095362889535
7823,6.3474095362889535
7824,6.3474095362889535
7825,6.3474095362889535
7826,6.3474095362889535
7827,6.3474095362889535
7828,6.3474095362889535
7829,6.3474095362889535
7830,6.3474095362889535
7831,6.3474095362889535
7832,6.3474095362889535
7833,6.3474095362889535
7834,6.3474095362889535
7835,6.3474095362889535
7836,6.3474095362889535
7837,6.3474095362889535
7838,6.3474095362889535
7839,6.3474095362889535
7840,6.3474095362889535
7841,6.3474095362889535
7842,6.3474095362889535
7843,6.3474095362889535
7844,6.3474095362889535
7845,6.3474095362889535
7846,6.3474095362889535
7847,6.3474095362889535
7848,6.3474095362889535
7849,6.3474095362889535
7850,6.3474095362889535
7851,6.3474095362889535
7852,6.3474095362889535
7853,6.3474095362889535
7854,6.3474095362889535
7855,6.3474095362889535
7856,6.3474095362889535
7857,6.3474095362889535
7858,6.3474095362889535
7859,6.3474095362889535
7860,6.3474095362889535
7861,6.3474095362889535
7862,6.3474095362889535
7863,6.3474095362889535
7864,6.3474095362889535
7865,6.3474095362889535
7866,6.3474095362889535
7867,6.3474095362889535
7868,6.3474095362889535
7869,6.3474095362889535
7870,6.3474095362889535
7871,6.3474095362889535
7872,6.3474095362889535
7873,6.3474095362889535
7874,6.3474095362889535
7875,6.3474095362889535
7876,6.3474095362889535
7877,6.3474095362889535
7878,6.3474095362889535
7879,6.3474095362889535
7880,6.3474095362889535
7881,6.3474095362889535
7882,6.3474095362889535
7883,6.3474095362889535
7884,6.3474095362889535
7885,6.3474095362889535
7886,6.3474095362889535
7887,6.3474095362889535
7888,6.3474095362889535
7889,6.3474095362889535
7890,6.3474095362889535
7891,6.3474095362889535
7892,6.3474095362889535
7893,6.3474095362889535
7894,6.3474095362889535
7895,6.3474095362889535
7896,6.3474095362889535
7897,6.3474095362889535
7898,6.3474095362889535
7899,6.3474095362889535
7900,6.3474095362889535
7901,6.3474095362889535
7902,6.3474095362889535
7903,6.3474095362889535
7904,6.3474095362889535
7905,6.3474095362889535
7906,6.3474095362889535
7907,6.3474095362889535
7908,6.3474095362889535
7909,6.3474095362889535
7910,6.3474095362889535
7911,6.3474095362889535
7912,6.3474095362889535
7913,6.3474095362889535
7914,6.3474095362889535
7915,6.3474095362889535
7916,6.3474095362889535
7917,6.3474095362889535
7918,6.3474095362889535
7919,6.3474095362889535
7920,6.3474095362889535
7921,6.3474095362889535
7922,6.3474095362889535
7923,6.3474095362889535
7924,6.3474095362889535
7925,6.3474095362889535
7926,6.3474095362889535
7927,6.3474095362889535
7928,6.3474095362889535
7929,6.3474095362889535
7930,6.3474095362889535
7931,6.3474095362889535
7932,6.3474095362889535
7933,6.3474095362889535
7934,6.3474095362889535
7935,6.3474095362889535
7936,6.3474095362889535
7937,6.3474095362889535
7938,6.3474095362889535
7939,6.3474095362889535
7940,6.3474095362889535
7941,6.3474095362889535
7942,6.3474095362889535
7943,6.3474095362889535
7944,6.3474095362889535
7945,6.3474095362889535
7946,6.3474095362889535
7947,6.3474095362889535
7948,6.3474095362889535
7949,6.3474095362889535
7950,6.3474095362889535
7951,6.3474095362889535
7952,6.3474095362889535
7953,6.3474095362889535
7954,6.3474095362889535
7955,6.3474095362889535
7956,6.3474095362889535
7957,6.3474095362889535
7958,6.3474095362889535
7959,6.3474095362889535
7960,6.3474095362889535
7961,6.3474095362889535
7962,6.3474095362889535
7963,6.3474095362889535
7964,6.3474095362889535
7965,6.3474095362889535
7966,6.3474095362889535
7967,6.3474095362889535
7968,6.3474095362889535
7969,6.3474095362889535
7970,6.3474095362889535
7971,6.3474095362889535
7972,6.3474095362889535
7973,6.3474095362889535
7974,6.3474095362889535
7975,6.3474095362889535
7976,6.3474095362889535
7977,6.3474095362889535
7978,6.3474095362889535
7979,6.3474095362889535
7980,6.3474095362889535
7981,6.3474095362889535
7982,6.3474095362889535
7983,6.3474095362889535
7984,6.3474095362889535
7985,6.3474095362889535
7986,6.3474095362889535
7987,6.3474095362889535
7988,6.3474095362889535
7989,6.3474095362889535
7990,6.3474095362889535
7991,6.3474095362889535
7992,6.3474095362889535
7993,6.3474095362889535
7994,6.3474095362889535
7995,6.3474095362889535
7996,6.3474095362889535
7997,6.3474095362889535
7998,6.3474095362889535
7999,6.3474095362889535
8000,6.3474095362889535
8001,6.3474095362889535
8002,6.3474095362889535
8003,6.3474095362889535
8004,6.3474095362889535
8005,6.3474095362889535
8006,6.3474095362889535
8007,6.3474095362889535
8008,6.3474095362889535
8009,6.3474095362889535
8010,6.3474095362889535
8011,6.3474095362889535
8012,6.3474095362889535
8013,6.3474095362889535
8014,6.3474095362889535
8015,6.3474095362889535
8016,6.3474095362889535
8017,6.3474095362889535
8018,6.3474095362889535
8019,6.3474095362889535
8020,6.3474095362889535
8021,6.3474095362889535
8022,6.3474095362889535
8023,6.3474095362889535
8024,6.3474095362889535
8025,6.3474095362889535
8026,6.3474095362889535
8027,6.3474095362889535
8028,6.3474095362889535
8029,6.3474095362889535
8030,6.3474095362889535
8031,6.3474095362889535
8032,6.3474095362889535
8033,6.3474095362889535
8034,6.3474095362889535
8035,6.3474095362889535
8036,6.3474095362889535
8037,6.3474095362889535
8038,6.3474095362889535
8039,6.3474095362889535
8040,6.3474095362889535
8041,6.3474095362889535
8042,6.3474095362889535
8043,6.3474095362889535
8044,6.3474095362889535
8045,6.3474095362889535
8046,6.3474095362889535
8047,6.3474095362889535
8048,6.3474095362889535
8049,6.3474095362889535
8050,6.3474095362889535
8051,6.3474095362889535
8052,6.3474095362889535
8053,6.3474095362889535
8054,6.3474095362889535
8055,6.3474095362889535
8056,6.3474095362889535
8057,6.3474095362889535
8058,6.3474095362889535
8059,6.3474095362889535
8060,6.3474095362889535
8061,6.3474095362889535
8062,6.3474095362889535
8063,6.3474095362889535
8064,6.3474095362889535
8065,6.3474095362889535
8066,6.3474095362889535
8067,6.3474095362889535
8068,6.3474095362889535
8069,6.3474095362889535
8070,6.3474095362889535
8071,6.3474095362889535
8072,6.3474095362889535
8073,6.3474095362889535
8074,6.3474095362889535
8075,6.3474095362889535
8076,6.3474095362889535
8077,6.3474095362889535
8078,6.3474095362889535
8079,6.3474095362889535
8080,6.3474095362889535
8081,6.3474095362889535
8082,6.3474095362889535
8083,6.3474095362889535
8084,6.3474095362889535
8085,6.3474095362889535
8086,6.3474095362889535
8087,6.3474095362889535
8088,6.3474095362889535
8089,6.3474095362889535
8090,6.3474095362889535
8091,6.3474095362889535
8092,6.3474095362889535
8093,6.3474095362889535
8094,6.3474095362889535
8095,6.3474095362889535
8096,6.3474095362889535
8097,6.3474095362889535
8098,6.3474095362889535
8099,6.3474095362889535
8100,6.3474095362889535
8101,6.3474095362889535
8102,6.3474095362889535
8103,6.3474095362889535
8104,6.3474095362889535
8105,6.3474095362889535
8106,6.3474095362889535
8107,6.3474095362889535
8108,6.3474095362889535
8109,6.3474095362889535
8110,6.3474095362889535
8111,6.3474095362889535
8112,6.3474095362889535
8113,6.3474095362889535
8114,6.3474095362889535
8115,6.3474095362889535
8116,6.3474095362889535
8117,6.3474095362889535
8118,6.3474095362889535
8119,6.3474095362889535
8120,6.3474095362889535
8121,6.3474095362889535
8122,6.3474095362889535
8123,6.3474095362889535
8124,6.3474095362889535
8125,6.3474095362889535
8126,6.3474095362889535
8127,6.3474095362889535
8128,6.3474095362889535
8129,6.3474095362889535
8130,6.3474095362889535
8131,6.3474095362889535
8132,6.3474095362889535
8133,6.3474095362889535
8134,6.3474095362889535
8135,6.3474095362889535
8136,6.3474095362889535
8137,6.3474095362889535
8138,6.3474095362889535
8139,6.3474095362889535
8140,6.3474095362889535
8141,6.3474095362889535
8142,6.3474095362889535
8143,6.3474095362889535
8144,6.3474095362889535
8145,6.3474095362889535
8146,6.3474095362889535
8147,6.3474095362889535
8148,6.3474095362889535
8149,6.3474095362889535
8150,6.3474095362889535
8151,6.3474095362889535
8152,6.3474095362889535
8153,6.3474095362889535
8154,6.3474095362889535
8155,6.3474095362889535
8156,6.3474095362889535
8157,6.3474095362889535
8158,6.3474095362889535
8159,6.3474095362889535
8160,6.3474095362889535
8161,6.3474095362889535
8162,6.3474095362889535
8163,6.3474095362889535
8164,6.3474095362889535
8165,6.3474095362889535
8166,6.3474095362889535
8167,6.3474095362889535
8168,6.3474095362889535
8169,6.3474095362889535
8170,6.3474095362889535
8171,6.3474095362889535
8172,6.3474095362889535
8173,6.3474095362889535
8174,6.3474095362889535
8175,6.3474095362889535
8176,6.3474095362889535
8177,6.3474095362889535
8178,6.3474095362889535
8179,6.3474095362889535
8180,6.3474095362889535
8181,6.3474095362889535
8182,6.3474095362889535
8183,6.3474095362889535
8184,6.3474095362889535
8185,6.3474095362889535
8186,6.3474095362889535
8187,6.3474095362889535
8188,6.3474095362889535
8189,6.3474095362889535
8190,6.3474095362889535
8191,6.3474095362889535
8192,6.3474095362889535
8193,6.3474095362889535
8194,6.3474095362889535
8195,6.3474095362889535
8196,6.3474095362889535
8197,6.3474095362889535
8198,6.3474095362889535
8199,6.3474095362889535
8200,6.3474095362889535
8201,6.3474095362889535
8202,6.3474095362889535
8203,6.3474095362889535
8204,6.3474095362889535
8205,6.3474095362889535
8206,6.3474095362889535
8207,6.3474095362889535
8208,6.3474095362889535
8209,6.3474095362889535
8210,6.3474095362889535
8211,6.3474095362889535
8212,6.3474095362889535
8213,6.3474095362889535
8214,6.3474095362889535
8215,6.3474095362889535
8216,6.3474095362889535
8217,6.3474095362889535
8218,6.3474095362889535
8219,6.3474095362889535
8220,6.3474095362889535
8221,6.3474095362889535
8222,6.3474095362889535
8223,6.3474095362889535
8224,6.3474095362889535
8225,6.3474095362889535
8226,6.3474095362889535
8227,6.3474095362889535
8228,6.3474095362889535
8229,6.3474095362889535
8230,6.3474095362889535
8231,6.3474095362889535
8232,6.3474095362889535
8233,6.3474095362889535
8234,6.3474095362889535
8235,6.3474095362889535
8236,6.3474095362889535
8237,6.3474095362889535
8238,6.3474095362889535
8239,6.3474095362889535
8240,6.3474095362889535
8241,6.3474095362889535
8242,6.3474095362889535
8243,6.3474095362889535
8244,6.3474095362889535
8245,6.3474095362889535
8246,6.3474095362889535
8247,6.3474095362889535
8248,6.3474095362889535
8249,6.3474095362889535
8250,6.3474095362889535
8251,6.3474095362889535
8252,6.3474095362889535
8253,6.3474095362889535
8254,6.3474095362889535
8255,6.3474095362889535
8256,6.3474095362889535
8257,6.3474095362889535
8258,6.3474095362889535
8259,6.3474095362889535
8260,6.3474095362889535
8261,6.3474095362889535
8262,6.3474095362889535
8263,6.3474095362889535
8264,6.3474095362889535
8265,6.3474095362889535
8266,6.3474095362889535
8267,6.3474095362889535
8268,6.3474095362889535
8269,6.3474095362889535
8270,6.3474095362889535
8271,6.3474095362889535
8272,6.3474095362889535
8273,6.3474095362889535
8274,6.3474095362889535
8275,6.3474095362889535
8276,6.3474095362889535
8277,6.3474095362889535
8278,6.3474095362889535
8279,6.3474095362889535
8280,6.3474095362889535
8281,6.3474095362889535
8282,6.3474095362889535
8283,6.3474095362889535
8284,6.3474095362889535
8285,6.3474095362889535
8286,6.3474095362889535
8287,6.3474095362889535
8288,6.3474095362889535
8289,6.3474095362889535
8290,6.3474095362889535
8291,6.3474095362889535
8292,6.3474095362889535
8293,6.3474095362889535
8294,6.3474095362889535
8295,6.3474095362889535
8296,6.3474095362889535
8297,6.3474095362889535
8298,6.3474095362889535
8299,6.3474095362889535
8300,6.3474095362889535
8301,6.3474095362889535
8302,6.3474095362889535
8303,6.3474095362889535
8304,6.3474095362889535
8305,6.3474095362889535
8306,6.3474095362889535
8307,6.3474095362889535
8308,6.3474095362889535
8309,6.3474095362889535
8310,6.3474095362889535
8311,6.3474095362889535
8312,6.3474095362889535
8313,6.3474095362889535
8314,6.3474095362889535
8315,6.3474095362889535
8316,6.3474095362889535
8317,6.3474095362889535
8318,6.3474095362889535
8319,6.3474095362889535
8320,6.3474095362889535
8321,6.3474095362889535
8322,6.3474095362889535
8323,6.3474095362889535
8324,6.3474095362889535
8325,6.3474095362889535
8326,6.3474095362889535
8327,6.3474095362889535
8328,6.3474095362889535
8329,6.3474095362889535
8330,6.3474095362889535
8331,6.3474095362889535
8332,6.3474095362889535
8333,6.3474095362889535
8334,6.3474095362889535
8335,6.3474095362889535
8336,6.3474095362889535
8337,6.3474095362889535
8338,6.3474095362889535
8339,6.3474095362889535
8340,6.3474095362889535
8341,6.3474095362889535
8342,6.3474095362889535
8343,6.3474095362889535
8344,6.3474095362889535
8345,6.3474095362889535
8346,6.3474095362889535
8347,6.3474095362889535
8348,6.3474095362889535
8349,6.3474095362889535
8350,6.3474095362889535
8351,6.3474095362889535
8352,6.3474095362889535
8353,6.3474095362889535
8354,6.3474095362889535
8355,6.3474095362889535
8356,6.3474095362889535
8357,6.3474095362889535
8358,6.3474095362889535
8359,6.3474095362889535
8360,6.3474095362889535
8361,6.3474095362889535
8362,6.3474095362889535
8363,6.3474095362889535
8364,6.3474095362889535
8365,6.3474095362889535
8366,6.3474095362889535
8367,6.3474095362889535
8368,6.3474095362889535
8369,6.3474095362889535
8370,6.3474095362889535
8371,6.3474095362889535
8372,6.3474095362889535
8373,6.3474095362889535
8374,6.3474095362889535
8375,6.3474095362889535
8376,6.3474095362889535
8377,6.3474095362889535
8378,6.3474095362889535
8379,6.3474095362889535
8380,6.3474095362889535
8381,6.3474095362889535
8382,6.3474095362889535
8383,6.3474095362889535
8384,6.3474095362889535
8385,6.3474095362889535
8386,6.3474095362889535
8387,6.3474095362889535
8388,6.3474095362889535
8389,6.3474095362889535
8390,6.3474095362889535
8391,6.3474095362889535
8392,6.3474095362889535
8393,6.3474095362889535
8394,6.3474095362889535
8395,6.3474095362889535
8396,6.3474095362889535
8397,6.3474095362889535
8398,6.3474095362889535
8399,6.3474095362889535
8400,6.3474095362889535
8401,6.3474095362889535
8402,6.3474095362889535
8403,6.3474095362889535
8404,6.3474095362889535
8405,6.3474095362889535
8406,6.3474095362889535
8407,6.3474095362889535
8408,6.3474095362889535
8409,6.3474095362889535
8410,6.3474095362889535
8411,6.3474095362889535
8412,6.3474095362889535
8413,6.3474095362889535
8414,6.3474095362889535
8415,6.3474095362889535
8416,6.3474095362889535
8417,6.3474095362889535
8418,6.3474095362889535
8419,6.3474095362889535
8420,6.3474095362889535
8421,6.3474095362889535
8422,6.3474095362889535
8423,6.3474095362889535
8424,6.3474095362889535
8425,6.3474095362889535
8426,6.3474095362889535
8427,6.3474095362889535
8428,6.3474095362889535
8429,6.3474095362889535
8430,6.3474095362889535
8431,6.3474095362889535
8432,6.3474095362889535
8433,6.3474095362889535
8434,6.3474095362889535
8435,6.3474095362889535
8436,6.3474095362889535
8437,6.3474095362889535
8438,6.3474095362889535
8439,6.3474095362889535
8440,6.3474095362889535
8441,6.3474095362889535
8442,6.3474095362889535
8443,6.3474095362889535
8444,6.3474095362889535
8445,6.3474095362889535
8446,6.3474095362889535
8447,6.3474095362889535
8448,6.3474095362889535
8449,6.3474095362889535
8450,6.3474095362889535
8451,6.3474095362889535
8452,6.3474095362889535
8453,6.3474095362889535
8454,6.3474095362889535
8455,6.3474095362889535
8456,6.3474095362889535
8457,6.3474095362889535
8458,6.3474095362889535
8459,6.3474095362889535
8460,6.3474095362889535
8461,6.3474095362889535
8462,6.3474095362889535
8463,6.3474095362889535
8464,6.3474095362889535
8465,6.3474095362889535
8466,6.3474095362889535
8467,6.3474095362889535
8468,6.3474095362889535
8469,6.3474095362889535
8470,6.3474095362889535
8471,6.3474095362889535
8472,6.3474095362889535
8473,6.3474095362889535
8474,6.3474095362889535
8475,6.3474095362889535
8476,6.3474095362889535
8477,6.3474095362889535
8478,6.3474095362889535
8479,6.3474095362889535
8480,6.3474095362889535
8481,6.3474095362889535
8482,6.3474095362889535
8483,6.3474095362889535
8484,6.3474095362889535
8485,6.3474095362889535
8486,6.3474095362889535
8487,6.3474095362889535
8488,6.3474095362889535
8489,6.3474095362889535
8490,6.3474095362889535
8491,6.3474095362889535
8492,6.3474095362889535
8493,6.3474095362889535
8494,6.3474095362889535
8495,6.3474095362889535
8496,6.3474095362889535
8497,6.3474095362889535
8498,6.3474095362889535
8499,6.3474095362889535
8500,6.3474095362889535
8501,6.3474095362889535
8502,6.3474095362889535
8503,6.3474095362889535
8504,6.3474095362889535
8505,6.3474095362889535
8506,6.3474095362889535
8507,6.3474095362889535
8508,6.3474095362889535
8509,6.3474095362889535
8510,6.3474095362889535
8511,6.3474095362889535
8512,6.3474095362889535
8513,6.3474095362889535
8514,6.3474095362889535
8515,6.3474095362889535
8516,6.3474095362889535
8517,6.3474095362889535
8518,6.3474095362889535
8519,6.3474095362889535
8520,6.3474095362889535
8521,6.3474095362889535
8522,6.3474095362889535
8523,6.3474095362889535
8524,6.3474095362889535
8525,6.3474095362889535
8526,6.3474095362889535
8527,6.3474095362889535
8528,6.3474095362889535
8529,6.3474095362889535
8530,6.3474095362889535
8531,6.3474095362889535
8532,6.3474095362889535
8533,6.3474095362889535
8534,6.3474095362889535
8535,6.3474095362889535
8536,6.3474095362889535
8537,6.3474095362889535
8538,6.3474095362889535
8539,6.3474095362889535
8540,6.3474095362889535
8541,6.3474095362889535
8542,6.3474095362889535
8543,6.3474095362889535
8544,6.3474095362889535
8545,6.3474095362889535
8546,6.3474095362889535
8547,6.3474095362889535
8548,6.3474095362889535
8549,6.3474095362889535
8550,6.3474095362889535
8551,6.3474095362889535
8552,6.3474095362889535
8553,6.3474095362889535
8554,6.3474095362889535
8555,6.3474095362889535
8556,6.3474095362889535
8557,6.3474095362889535
8558,6.3474095362889535
8559,6.3474095362889535
8560,6.3474095362889535
8561,6.3474095362889535
8562,6.3474095362889535
8563,6.3474095362889535
8564,6.3474095362889535
8565,6.3474095362889535
8566,6.3474095362889535
8567,6.3474095362889535
8568,6.3474095362889535
8569,6.3474095362889535
8570,6.3474095362889535
8571,6.3474095362889535
8572,6.3474095362889535
8573,6.3474095362889535
8574,6.3474095362889535
8575,6.3474095362889535
8576,6.3474095362889535
8577,6.3474095362889535
8578,6.3474095362889535
8579,6.3474095362889535
8580,6.3474095362889535
8581,6.3474095362889535
8582,6.3474095362889535
8583,6.3474095362889535
8584,6.3474095362889535
8585,6.3474095362889535
8586,6.3474095362889535
8587,6.3474095362889535
8588,6.3474095362889535
8589,6.3474095362889535
8590,6.3474095362889535
8591,6.3474095362889535
8592,6.3474095362889535
8593,6.3474095362889535
8594,6.3474095362889535
8595,6.3474095362889535
8596,6.3474095362889535
8597,6.3474095362889535
8598,6.3474095362889535
8599,6.3474095362889535
8600,6.3474095362889535
8601,6.3474095362889535
8602,6.3474095362889535
8603,6.3474095362889535
8604,6.3474095362889535
8605,6.3474095362889535
8606,6.3474095362889535
8607,6.3474095362889535
8608,6.3474095362889535
8609,6.3474095362889535
8610,6.3474095362889535
8611,6.3474095362889535
8612,6.3474095362889535
8613,6.3474095362889535
8614,6.3474095362889535
8615,6.3474095362889535
8616,6.3474095362889535
8617,6.3474095362889535
8618,6.3474095362889535
8619,6.3474095362889535
8620,6.3474095362889535
8621,6.3474095362889535
8622,6.3474095362889535
8623,6.3474095362889535
8624,6.3474095362889535
8625,6.3474095362889535
8626,6.3474095362889535
8627,6.3474095362889535
8628,6.3474095362889535
8629,6.3474095362889535
8630,6.3474095362889535
8631,6.3474095362889535
8632,6.3474095362889535
8633,6.3474095362889535
8634,6.3474095362889535
8635,6.3474095362889535
8636,6.3474095362889535
8637,6.3474095362889535
8638,6.3474095362889535
8639,6.3474095362889535
8640,6.3474095362889535
8641,6.3474095362889535
8642,6.3474095362889535
8643,6.3474095362889535
8644,6.3474095362889535
8645,6.3474095362889535
8646,6.3474095362889535
8647,6.3474095362889535
8648,6.3474095362889535
8649,6.3474095362889535
8650,6.3474095362889535
8651,6.3474095362889535
8652,6.3474095362889535
8653,6.3474095362889535
8654,6.3474095362889535
8655,6.3474095362889535
8656,6.3474095362889535
8657,6.3474095362889535
8658,6.3474095362889535
8659,6.3474095362889535
8660,6.3474095362889535
8661,6.3474095362889535
8662,6.3474095362889535
8663,6.3474095362889535
8664,6.3474095362889535
8665,6.3474095362889535
8666,6.3474095362889535
8667,6.3474095362889535
8668,6.3474095362889535
8669,6.3474095362889535
8670,6.3474095362889535
8671,6.3474095362889535
8672,6.3474095362889535
8673,6.3474095362889535
8674,6.3474095362889535
8675,6.3474095362889535
8676,6.3474095362889535
8677,6.3474095362889535
8678,6.3474095362889535
8679,6.3474095362889535
8680,6.3474095362889535
8681,6.3474095362889535
8682,6.3474095362889535
8683,6.3474095362889535
8684,6.3474095362889535
8685,6.3474095362889535
8686,6.3474095362889535
8687,6.3474095362889535
8688,6.3474095362889535
8689,6.3474095362889535
8690,6.3474095362889535
8691,6.3474095362889535
8692,6.3474095362889535
8693,6.3474095362889535
8694,6.3474095362889535
8695,6.3474095362889535
8696,6.3474095362889535
8697,6.3474095362889535
8698,6.3474095362889535
8699,6.3474095362889535
8700,6.3474095362889535
8701,6.3474095362889535
8702,6.3474095362889535
8703,6.3474095362889535
8704,6.3474095362889535
8705,6.3474095362889535
8706,6.3474095362889535
8707,6.3474095362889535
8708,6.3474095362889535
8709,6.3474095362889535
8710,6.3474095362889535
8711,6.3474095362889535
8712,6.3474095362889535
8713,6.3474095362889535
8714,6.3474095362889535
8715,6.3474095362889535
8716,6.3474095362889535
8717,6.3474095362889535
8718,6.3474095362889535
8719,6.3474095362889535
8720,6.3474095362889535
8721,6.3474095362889535
8722,6.3474095362889535
8723,6.3474095362889535
8724,6.3474095362889535
8725,6.3474095362889535
8726,6.3474095362889535
8727,6.3474095362889535
8728,6.3474095362889535
8729,6.3474095362889535
8730,6.3474095362889535
8731,6.3474095362889535
8732,6.3474095362889535
8733,6.3474095362889535
8734,6.3474095362889535
8735,6.3474095362889535
8736,6.3474095362889535
8737,6.3474095362889535
8738,6.3474095362889535
8739,6.3474095362889535
8740,6.3474095362889535
8741,6.3474095362889535
8742,6.3474095362889535
8743,6.3474095362889535
8744,6.3474095362889535
8745,6.3474095362889535
8746,6.3474095362889535
8747,6.3474095362889535
8748,6.3474095362889535
8749,6.3474095362889535
8750,6.3474095362889535
8751,6.3474095362889535
8752,6.3474095362889535
8753,6.3474095362889535
8754,6.3474095362889535
8755,6.3474095362889535
8756,6.3474095362889535
8757,6.3474095362889535
8758,6.3474095362889535
8759,6.3474095362889535
8760,6.3474095362889535
8761,6.3474095362889535
8762,6.3474095362889535
8763,6.3474095362889535
8764,6.3474095362889535
8765,6.3474095362889535
8766,6.3474095362889535
8767,6.3474095362889535
8768,6.3474095362889535
8769,6.3474095362889535
8770,6.3474095362889535
8771,6.3474095362889535
8772,6.3474095362889535
8773,6.3474095362889535
8774,6.3474095362889535
8775,6.3474095362889535
8776,6.3474095362889535
8777,6.3474095362889535
8778,6.3474095362889535
8779,6.3474095362889535
8780,6.3474095362889535
8781,6.3474095362889535
8782,6.3474095362889535
8783,6.3474095362889535
8784,6.3474095362889535
8785,6.3474095362889535
8786,6.3474095362889535
8787,6.3474095362889535
8788,6.3474095362889535
8789,6.3474095362889535
8790,6.3474095362889535
8791,6.3474095362889535
8792,6.3474095362889535
8793,6.3474095362889535
8794,6.3474095362889535
8795,6.3474095362889535
8796,6.3474095362889535
8797,6.3474095362889535
8798,6.3474095362889535
8799,6.3474095362889535
8800,6.3474095362889535
8801,6.3474095362889535
8802,6.3474095362889535
8803,6.3474095362889535
8804,6.3474095362889535
8805,6.3474095362889535
8806,6.3474095362889535
8807,6.3474095362889535
8808,6.3474095362889535
8809,6.3474095362889535
8810,6.3474095362889535
8811,6.3474095362889535
8812,6.3474095362889535
8813,6.3474095362889535
8814,6.3474095362889535
8815,6.3474095362889535
8816,6.3474095362889535
8817,6.3474095362889535
8818,6.3474095362889535
8819,6.3474095362889535
8820,6.3474095362889535
8821,6.3474095362889535
8822,6.3474095362889535
8823,6.3474095362889535
8824,6.3474095362889535
8825,6.3474095362889535
8826,6.3474095362889535
8827,6.3474095362889535
8828,6.3474095362889535
8829,6.3474095362889535
8830,6.3474095362889535
8831,6.3474095362889535
8832,6.3474095362889535
8833,6.3474095362889535
8834,6.3474095362889535
8835,6.3474095362889535
8836,6.3474095362889535
8837,6.3474095362889535
8838,6.3474095362889535
8839,6.3474095362889535
8840,6.3474095362889535
8841,6.3474095362889535
8842,6.3474095362889535
8843,6.3474095362889535
8844,6.3474095362889535
8845,6.3474095362889535
8846,6.3474095362889535
8847,6.3474095362889535
8848,6.3474095362889535
8849,6.3474095362889535
8850,6.3474095362889535
8851,6.3474095362889535
8852,6.3474095362889535
8853,6.3474095362889535
8854,6.3474095362889535
8855,6.3474095362889535
8856,6.3474095362889535
8857,6.3474095362889535
8858,6.3474095362889535
8859,6.3474095362889535
8860,6.3474095362889535
8861,6.3474095362889535
8862,6.3474095362889535
8863,6.3474095362889535
8864,6.3474095362889535
8865,6.3474095362889535
8866,6.3474095362889535
8867,6.3474095362889535
8868,6.3474095362889535
8869,6.3474095362889535
8870,6.3474095362889535
8871,6.3474095362889535
8872,6.3474095362889535
8873,6.3474095362889535
8874,6.3474095362889535
8875,6.3474095362889535
8876,6.3474095362889535
8877,6.3474095362889535
8878,6.3474095362889535
8879,6.3474095362889535
8880,6.3474095362889535
8881,6.3474095362889535
8882,6.3474095362889535
8883,6.3474095362889535
8884,6.3474095362889535
8885,6.3474095362889535
8886,6.3474095362889535
8887,6.3474095362889535
8888,6.3474095362889535
8889,6.3474095362889535
8890,6.3474095362889535
8891,6.3474095362889535
8892,6.3474095362889535
8893,6.3474095362889535
8894,6.3474095362889535
8895,6.3474095362889535
8896,6.3474095362889535
8897,6.3474095362889535
8898,6.3474095362889535
8899,6.3474095362889535
8900,6.3474095362889535
8901,6.3474095362889535
8902,6.3474095362889535
8903,6.3474095362889535
8904,6.3474095362889535
8905,6.3474095362889535
8906,6.3474095362889535
8907,6.3474095362889535
8908,6.3474095362889535
8909,6.3474095362889535
8910,6.3474095362889535
8911,6.3474095362889535
8912,6.3474095362889535
8913,6.3474095362889535
8914,6.3474095362889535
8915,6.3474095362889535
8916,6.3474095362889535
8917,6.3474095362889535
8918,6.3474095362889535
8919,6.3474095362889535
8920,6.3474095362889535
8921,6.3474095362889535
8922,6.3474095362889535
8923,6.3474095362889535
8924,6.3474095362889535
8925,6.3474095362889535
8926,6.3474095362889535
8927,6.3474095362889535
8928,6.3474095362889535
8929,6.3474095362889535
8930,6.3474095362889535
8931,6.3474095362889535
8932,6.3474095362889535
8933,6.3474095362889535
8934,6.3474095362889535
8935,6.3474095362889535
8936,6.3474095362889535
8937,6.3474095362889535
8938,6.3474095362889535
8939,6.3474095362889535
8940,6.3474095362889535
8941,6.3474095362889535
8942,6.3474095362889535
8943,6.3474095362889535
8944,6.3474095362889535
8945,6.3474095362889535
8946,6.3474095362889535
8947,6.3474095362889535
8948,6.3474095362889535
8949,6.3474095362889535
8950,6.3474095362889535
8951,6.3474095362889535
8952,6.3474095362889535
8953,6.3474095362889535
8954,6.3474095362889535
8955,6.3474095362889535
8956,6.3474095362889535
8957,6.3474095362889535
8958,6.3474095362889535
8959,6.3474095362889535
8960,6.3474095362889535
8961,6.3474095362889535
8962,6.3474095362889535
8963,6.3474095362889535
8964,6.3474095362889535
8965,6.3474095362889535
8966,6.3474095362889535
8967,6.3474095362889535
8968,6.3474095362889535
8969,6.3474095362889535
8970,6.3474095362889535
8971,6.3474095362889535
8972,6.3474095362889535
8973,6.3474095362889535
8974,6.3474095362889535
8975,6.3474095362889535
8976,6.3474095362889535
8977,6.3474095362889535
8978,6.3474095362889535
8979,6.3474095362889535
8980,6.3474095362889535
8981,6.3474095362889535
8982,6.3474095362889535
8983,6.3474095362889535
8984,6.3474095362889535
8985,6.3474095362889535
8986,6.3474095362889535
8987,6.3474095362889535
8988,6.3474095362889535
8989,6.3474095362889535
8990,6.3474095362889535
8991,6.3474095362889535
8992,6.3474095362889535
8993,6.3474095362889535
8994,6.3474095362889535
8995,6.3474095362889535
8996,6.3474095362889535
8997,6.3474095362889535
8998,6.3474095362889535
8999,6.3474095362889535
9000,6.3474095362889535
9001,6.3474095362889535
9002,6.3474095362889535
9003,6.3474095362889535
9004,6.3474095362889535
9005,6.3474095362889535
9006,6.3474095362889535
9007,6.3474095362889535
9008,6.3474095362889535
9009,6.3474095362889535
9010,6.3474095362889535
9011,6.3474095362889535
9012,6.3474095362889535
9013,6.3474095362889535
9014,6.3474095362889535
9015,6.3474095362889535
9016,6.3474095362889535
9017,6.3474095362889535
9018,6.3474095362889535
9019,6.3474095362889535
9020,6.3474095362889535
9021,6.3474095362889535
9022,6.3474095362889535
9023,6.3474095362889535
9024,6.3474095362889535
9025,6.3474095362889535
9026,6.3474095362889535
9027,6.3474095362889535
9028,6.3474095362889535
9029,6.3474095362889535
9030,6.3474095362889535
9031,6.3474095362889535
9032,6.3474095362889535
9033,6.3474095362889535
9034,6.3474095362889535
9035,6.3474095362889535
9036,6.3474095362889535
9037,6.3474095362889535
9038,6.3474095362889535
9039,6.3474095362889535
9040,6.3474095362889535
9041,6.3474095362889535
9042,6.3474095362889535
9043,6.3474095362889535
9044,6.3474095362889535
9045,6.3474095362889535
9046,6.3474095362889535
9047,6.3474095362889535
9048,6.3474095362889535
9049,6.3474095362889535
9050,6.3474095362889535
9051,6.3474095362889535
9052,6.3474095362889535
9053,6.3474095362889535
9054,6.3474095362889535
9055,6.3474095362889535
9056,6.3474095362889535
9057,6.3474095362889535
9058,6.3474095362889535
9059,6.3474095362889535
9060,6.3474095362889535
9061,6.3474095362889535
9062,6.3474095362889535
9063,6.3474095362889535
9064,6.3474095362889535
9065,6.3474095362889535
9066,6.3474095362889535
9067,6.3474095362889535
9068,6.3474095362889535
9069,6.3474095362889535
9070,6.3474095362889535
9071,6.3474095362889535
9072,6.3474095362889535
9073,6.3474095362889535
9074,6.3474095362889535
9075,6.3474095362889535
9076,6.3474095362889535
9077,6.3474095362889535
9078,6.3474095362889535
9079,6.3474095362889535
9080,6.3474095362889535
9081,6.3474095362889535
9082,6.3474095362889535
9083,6.3474095362889535
9084,6.3474095362889535
9085,6.3474095362889535
9086,6.3474095362889535
9087,6.3474095362889535
9088,6.3474095362889535
9089,6.3474095362889535
9090,6.3474095362889535
9091,6.3474095362889535
9092,6.3474095362889535
9093,6.3474095362889535
9094,6.3474095362889535
9095,6.3474095362889535
9096,6.3474095362889535
9097,6.3474095362889535
9098,6.3474095362889535
9099,6.3474095362889535
9100,6.3474095362889535
9101,6.3474095362889535
9102,6.3474095362889535
9103,6.3474095362889535
9104,6.3474095362889535
9105,6.3474095362889535
9106,6.3474095362889535
9107,6.3474095362889535
9108,6.3474095362889535
9109,6.3474095362889535
9110,6.3474095362889535
9111,6.3474095362889535
9112,6.3474095362889535
9113,6.3474095362889535
9114,6.3474095362889535
9115,6.3474095362889535
9116,6.3474095362889535
9117,6.3474095362889535
9118,6.3474095362889535
9119,6.3474095362889535
9120,6.3474095362889535
9121,6.3474095362889535
9122,6.3474095362889535
9123,6.3474095362889535
9124,6.3474095362889535
9125,6.3474095362889535
9126,6.3474095362889535
9127,6.3474095362889535
9128,6.3474095362889535
9129,6.3474095362889535
9130,6.3474095362889535
9131,6.3474095362889535
9132,6.3474095362889535
9133,6.3474095362889535
9134,6.3474095362889535
9135,6.3474095362889535
9136,6.3474095362889535
9137,6.3474095362889535
9138,6.3474095362889535
9139,6.3474095362889535
9140,6.3474095362889535
9141,6.3474095362889535
9142,6.3474095362889535
9143,6.3474095362889535
9144,6.3474095362889535
9145,6.3474095362889535
9146,6.3474095362889535
9147,6.3474095362889535
9148,6.3474095362889535
9149,6.3474095362889535
9150,6.3474095362889535
9151,6.3474095362889535
9152,6.3474095362889535
9153,6.3474095362889535
9154,6.3474095362889535
9155,6.3474095362889535
9156,6.3474095362889535
9157,6.3474095362889535
9158,6.3474095362889535
9159,6.3474095362889535
9160,6.3474095362889535
9161,6.3474095362889535
9162,6.3474095362889535
9163,6.3474095362889535
9164,6.3474095362889535
9165,6.3474095362889535
9166,6.3474095362889535
9167,6.3474095362889535
9168,6.3474095362889535
9169,6.3474095362889535
9170,6.3474095362889535
9171,6.3474095362889535
9172,6.3474095362889535
9173,6.3474095362889535
9174,6.3474095362889535
9175,6.3474095362889535
9176,6.3474095362889535
9177,6.3474095362889535
9178,6.3474095362889535
9179,6.3474095362889535
9180,6.3474095362889535
9181,6.3474095362889535
9182,6.3474095362889535
9183,6.3474095362889535
9184,6.3474095362889535
9185,6.3474095362889535
9186,6.3474095362889535
9187,6.3474095362889535
9188,6.3474095362889535
9189,6.3474095362889535
9190,6.3474095362889535
9191,6.3474095362889535
9192,6.3474095362889535
9193,6.3474095362889535
9194,6.3474095362889535
9195,6.3474095362889535
9196,6.3474095362889535
9197,6.3474095362889535
9198,6.3474095362889535
9199,6.3474095362889535
9200,6.3474095362889535
9201,6.3474095362889535
9202,6.3474095362889535
9203,6.3474095362889535
9204,6.3474095362889535
9205,6.3474095362889535
9206,6.3474095362889535
9207,6.3474095362889535
9208,6.3474095362889535
9209,6.3474095362889535
9210,6.3474095362889535
9211,6.3474095362889535
9212,6.3474095362889535
9213,6.3474095362889535
9214,6.3474095362889535
9215,6.3474095362889535
9216,6.3474095362889535
9217,6.3474095362889535
9218,6.3474095362889535
9219,6.3474095362889535
9220,6.3474095362889535
9221,6.3474095362889535
9222,6.3474095362889535
9223,6.3474095362889535
9224,6.3474095362889535
9225,6.3474095362889535
9226,6.3474095362889535
9227,6.3474095362889535
9228,6.3474095362889535
9229,6.3474095362889535
9230,6.3474095362889535
9231,6.3474095362889535
9232,6.3474095362889535
9233,6.3474095362889535
9234,6.3474095362889535
9235,6.3474095362889535
9236,6.3474095362889535
9237,6.3474095362889535
9238,6.3474095362889535
9239,6.3474095362889535
9240,6.3474095362889535
9241,6.3474095362889535
9242,6.3474095362889535
9243,6.3474095362889535
9244,6.3474095362889535
9245,6.3474095362889535
9246,6.3474095362889535
9247,6.3474095362889535
9248,6.3474095362889535
9249,6.3474095362889535
9250,6.3474095362889535
9251,6.3474095362889535
9252,6.3474095362889535
9253,6.3474095362889535
9254,6.3474095362889535
9255,6.3474095362889535
9256,6.3474095362889535
9257,6.3474095362889535
9258,6.3474095362889535
9259,6.3474095362889535
9260,6.3474095362889535
9261,6.3474095362889535
9262,6.3474095362889535
9263,6.3474095362889535
9264,6.3474095362889535
9265,6.3474095362889535
9266,6.3474095362889535
9267,6.3474095362889535
9268,6.3474095362889535
9269,6.3474095362889535
9270,6.3474095362889535
9271,6.3474095362889535
9272,6.3474095362889535
9273,6.3474095362889535
9274,6.3474095362889535
9275,6.3474095362889535
9276,6.3474095362889535
9277,6.3474095362889535
9278,6.3474095362889535
9279,6.3474095362889535
9280,6.3474095362889535
9281,6.3474095362889535
9282,6.3474095362889535
9283,6.3474095362889535
9284,6.3474095362889535
9285,6.3474095362889535
9286,6.3474095362889535
9287,6.3474095362889535
9288,6.3474095362889535
9289,6.3474095362889535
9290,6.3474095362889535
9291,6.3474095362889535
9292,6.3474095362889535
9293,6.3474095362889535
9294,6.3474095362889535
9295,6.3474095362889535
9296,6.3474095362889535
9297,6.3474095362889535
9298,6.3474095362889535
9299,6.3474095362889535
9300,6.3474095362889535
9301,6.3474095362889535
9302,6.3474095362889535
9303,6.3474095362889535
9304,6.3474095362889535
9305,6.3474095362889535
9306,6.3474095362889535
9307,6.3474095362889535
9308,6.3474095362889535
9309,6.3474095362889535
9310,6.3474095362889535
9311,6.3474095362889535
9312,6.3474095362889535
9313,6.3474095362889535
9314,6.3474095362889535
9315,6.3474095362889535
9316,6.3474095362889535
9317,6.3474095362889535
9318,6.3474095362889535
9319,6.3474095362889535
9320,6.3474095362889535
9321,6.3474095362889535
9322,6.3474095362889535
9323,6.3474095362889535
9324,6.3474095362889535
9325,6.3474095362889535
9326,6.3474095362889535
9327,6.3474095362889535
9328,6.3474095362889535
9329,6.3474095362889535
9330,6.3474095362889535
9331,6.3474095362889535
9332,6.3474095362889535
9333,6.3474095362889535
9334,6.3474095362889535
9335,6.3474095362889535
9336,6.3474095362889535
9337,6.3474095362889535
9338,6.3474095362889535
9339,6.3474095362889535
9340,6.3474095362889535
9341,6.3474095362889535
9342,6.3474095362889535
9343,6.3474095362889535
9344,6.3474095362889535
9345,6.3474095362889535
9346,6.3474095362889535
9347,6.3474095362889535
9348,6.3474095362889535
9349,6.3474095362889535
9350,6.3474095362889535
9351,6.3474095362889535
9352,6.3474095362889535
9353,6.3474095362889535
9354,6.3474095362889535
9355,6.3474095362889535
9356,6.3474095362889535
9357,6.3474095362889535
9358,6.3474095362889535
9359,6.3474095362889535
9360,6.3474095362889535
9361,6.3474095362889535
9362,6.3474095362889535
9363,6.3474095362889535
9364,6.3474095362889535
9365,6.3474095362889535
9366,6.3474095362889535
9367,6.3474095362889535
9368,6.3474095362889535
9369,6.3474095362889535
9370,6.3474095362889535
9371,6.3474095362889535
9372,6.3474095362889535
9373,6.3474095362889535
9374,6.3474095362889535
9375,6.3474095362889535
9376,6.3474095362889535
9377,6.3474095362889535
9378,6.3474095362889535
9379,6.3474095362889535
9380,6.3474095362889535
9381,6.3474095362889535
9382,6.3474095362889535
9383,6.3474095362889535
9384,6.3474095362889535
9385,6.3474095362889535
9386,6.3474095362889535
9387,6.3474095362889535
9388,6.3474095362889535
9389,6.3474095362889535
9390,6.3474095362889535
9391,6.3474095362889535
9392,6.3474095362889535
9393,6.3474095362889535
9394,6.3474095362889535
9395,6.3474095362889535
9396,6.3474095362889535
9397,6.3474095362889535
9398,6.3474095362889535
9399,6.3474095362889535
9400,6.3474095362889535
9401,6.3474095362889535
9402,6.3474095362889535
9403,6.3474095362889535
9404,6.3474095362889535
9405,6.3474095362889535
9406,6.3474095362889535
9407,6.3474095362889535
9408,6.3474095362889535
9409,6.3474095362889535
9410,6.3474095362889535
9411,6.3474095362889535
9412,6.3474095362889535
9413,6.3474095362889535
9414,6.3474095362889535
9415,6.3474095362889535
9416,6.3474095362889535
9417,6.3474095362889535
9418,6.3474095362889535
9419,6.3474095362889535
9420,6.3474095362889535
9421,6.3474095362889535
9422,6.3474095362889535
9423,6.3474095362889535
9424,6.3474095362889535
9425,6.3474095362889535
9426,6.3474095362889535
9427,6.3474095362889535
9428,6.3474095362889535
9429,6.3474095362889535
9430,6.3474095362889535
9431,6.3474095362889535
9432,6.3474095362889535
9433,6.3474095362889535
9434,6.3474095362889535
9435,6.3474095362889535
9436,6.3474095362889535
9437,6.3474095362889535
9438,6.3474095362889535
9439,6.3474095362889535
9440,6.3474095362889535
9441,6.3474095362889535
9442,6.3474095362889535
9443,6.3474095362889535
9444,6.3474095362889535
9445,6.3474095362889535
9446,6.3474095362889535
9447,6.3474095362889535
9448,6.3474095362889535
9449,6.3474095362889535
9450,6.3474095362889535
9451,6.3474095362889535
9452,6.3474095362889535
9453,6.3474095362889535
9454,6.3474095362889535
9455,6.3474095362889535
9456,6.3474095362889535
9457,6.3474095362889535
9458,6.3474095362889535
9459,6.3474095362889535
9460,6.3474095362889535
9461,6.3474095362889535
9462,6.3474095362889535
9463,6.3474095362889535
9464,6.3474095362889535
9465,6.3474095362889535
9466,6.3474095362889535
9467,6.3474095362889535
9468,6.3474095362889535
9469,6.3474095362889535
9470,6.3474095362889535
9471,6.3474095362889535
9472,6.3474095362889535
9473,6.3474095362889535
9474,6.3474095362889535
9475,6.3474095362889535
9476,6.3474095362889535
9477,6.3474095362889535
9478,6.3474095362889535
9479,6.3474095362889535
9480,6.3474095362889535
9481,6.3474095362889535
9482,6.3474095362889535
9483,6.3474095362889535
9484,6.3474095362889535
9485,6.3474095362889535
9486,6.3474095362889535
9487,6.3474095362889535
9488,6.3474095362889535
9489,6.3474095362889535
9490,6.3474095362889535
9491,6.3474095362889535
9492,6.3474095362889535
9493,6.3474095362889535
9494,6.3474095362889535
9495,6.3474095362889535
9496,6.3474095362889535
9497,6.3474095362889535
9498,6.3474095362889535
9499,6.3474095362889535
9500,6.3474095362889535
9501,6.3474095362889535
9502,6.3474095362889535
9503,6.3474095362889535
9504,6.3474095362889535
9505,6.3474095362889535
9506,6.3474095362889535
9507,6.3474095362889535
9508,6.3474095362889535
9509,6.3474095362889535
9510,6.3474095362889535
9511,6.3474095362889535
9512,6.3474095362889535
9513,6.3474095362889535
9514,6.3474095362889535
9515,6.3474095362889535
9516,6.3474095362889535
9517,6.3474095362889535
9518,6.3474095362889535
9519,6.3474095362889535
9520,6.3474095362889535
9521,6.3474095362889535
9522,6.3474095362889535
9523,6.3474095362889535
9524,6.3474095362889535
9525,6.3474095362889535
9526,6.3474095362889535
9527,6.3474095362889535
9528,6.3474095362889535
9529,6.3474095362889535
9530,6.3474095362889535
9531,6.3474095362889535
9532,6.3474095362889535
9533,6.3474095362889535
9534,6.3474095362889535
9535,6.3474095362889535
9536,6.3474095362889535
9537,6.3474095362889535
9538,6.3474095362889535
9539,6.3474095362889535
9540,6.3474095362889535
9541,6.3474095362889535
9542,6.3474095362889535
9543,6.3474095362889535
9544,6.3474095362889535
9545,6.3474095362889535
9546,6.3474095362889535
9547,6.3474095362889535
9548,6.3474095362889535
9549,6.3474095362889535
9550,6.3474095362889535
9551,6.3474095362889535
9552,6.3474095362889535
9553,6.3474095362889535
9554,6.3474095362889535
9555,6.3474095362889535
9556,6.3474095362889535
9557,6.3474095362889535
9558,6.3474095362889535
9559,6.3474095362889535
9560,6.3474095362889535
9561,6.3474095362889535
9562,6.3474095362889535
9563,6.3474095362889535
9564,6.3474095362889535
9565,6.3474095362889535
9566,6.3474095362889535
9567,6.3474095362889535
9568,6.3474095362889535
9569,6.3474095362889535
9570,6.3474095362889535
9571,6.3474095362889535
9572,6.3474095362889535
9573,6.3474095362889535
9574,6.3474095362889535
9575,6.3474095362889535
9576,6.3474095362889535
9577,6.3474095362889535
9578,6.3474095362889535
9579,6.3474095362889535
9580,6.3474095362889535
9581,6.3474095362889535
9582,6.3474095362889535
9583,6.3474095362889535
9584,6.3474095362889535
9585,6.3474095362889535
9586,6.3474095362889535
9587,6.3474095362889535
9588,6.3474095362889535
9589,6.3474095362889535
9590,6.3474095362889535
9591,6.3474095362889535
9592,6.3474095362889535
9593,6.3474095362889535
9594,6.3474095362889535
9595,6.3474095362889535
9596,6.3474095362889535
9597,6.3474095362889535
9598,6.3474095362889535
9599,6.3474095362889535
9600,6.3474095362889535
9601,6.3474095362889535
9602,6.3474095362889535
9603,6.3474095362889535
9604,6.3474095362889535
9605,6.3474095362889535
9606,6.3474095362889535
9607,6.3474095362889535
9608,6.3474095362889535
9609,6.3474095362889535
9610,6.3474095362889535
9611,6.3474095362889535
9612,6.3474095362889535
9613,6.3474095362889535
9614,6.3474095362889535
9615,6.3474095362889535
9616,6.3474095362889535
9617,6.3474095362889535
9618,6.3474095362889535
9619,6.3474095362889535
9620,6.3474095362889535
9621,6.3474095362889535
9622,6.3474095362889535
9623,6.3474095362889535
9624,6.3474095362889535
9625,6.3474095362889535
9626,6.3474095362889535
9627,6.3474095362889535
9628,6.3474095362889535
9629,6.3474095362889535
9630,6.3474095362889535
9631,6.3474095362889535
9632,6.3474095362889535
9633,6.3474095362889535
9634,6.3474095362889535
9635,6.3474095362889535
9636,6.3474095362889535
9637,6.3474095362889535
9638,6.3474095362889535
9639,6.3474095362889535
9640,6.3474095362889535
9641,6.3474095362889535
9642,6.3474095362889535
9643,6.3474095362889535
9644,6.3474095362889535
9645,6.3474095362889535
9646,6.3474095362889535
9647,6.3474095362889535
9648,6.3474095362889535
9649,6.3474095362889535
9650,6.3474095362889535
9651,6.3474095362889535
9652,6.3474095362889535
9653,6.3474095362889535
9654,6.3474095362889535
9655,6.3474095362889535
9656,6.3474095362889535
9657,6.3474095362889535
9658,6.3474095362889535
9659,6.3474095362889535
9660,6.3474095362889535
9661,6.3474095362889535
9662,6.3474095362889535
9663,6.3474095362889535
9664,6.3474095362889535
9665,6.3474095362889535
9666,6.3474095362889535
9667,6.3474095362889535
9668,6.3474095362889535
9669,6.3474095362889535
9670,6.3474095362889535
9671,6.3474095362889535
9672,6.3474095362889535
9673,6.3474095362889535
9674,6.3474095362889535
9675,6.3474095362889535
9676,6.3474095362889535
9677,6.3474095362889535
9678,6.3474095362889535
9679,6.3474095362889535
9680,6.3474095362889535
9681,6.3474095362889535
9682,6.3474095362889535
9683,6.3474095362889535
9684,6.3474095362889535
9685,6.3474095362889535
9686,6.3474095362889535
9687,6.3474095362889535
9688,6.3474095362889535
9689,6.3474095362889535
9690,6.3474095362889535
9691,6.3474095362889535
9692,6.3474095362889535
9693,6.3474095362889535
9694,6.3474095362889535
9695,6.3474095362889535
9696,6.3474095362889535
9697,6.3474095362889535
9698,6.3474095362889535
9699,6.3474095362889535
9700,6.3474095362889535
9701,6.3474095362889535
9702,6.3474095362889535
9703,6.3474095362889535
9704,6.3474095362889535
9705,6.3474095362889535
9706,6.3474095362889535
9707,6.3474095362889535
9708,6.3474095362889535
9709,6.3474095362889535
9710,6.3474095362889535
9711,6.3474095362889535
9712,6.3474095362889535
9713,6.3474095362889535
9714,6.3474095362889535
9715,6.3474095362889535
9716,6.3474095362889535
9717,6.3474095362889535
9718,6.3474095362889535
9719,6.3474095362889535
9720,6.3474095362889535
9721,6.3474095362889535
9722,6.3474095362889535
9723,6.3474095362889535
9724,6.3474095362889535
9725,6.3474095362889535
9726,6.3474095362889535
9727,6.3474095362889535
9728,6.3474095362889535
9729,6.3474095362889535
9730,6.3474095362889535
9731,6.3474095362889535
9732,6.3474095362889535
9733,6.3474095362889535
9734,6.3474095362889535
9735,6.3474095362889535
9736,6.3474095362889535
9737,6.3474095362889535
9738,6.3474095362889535
9739,6.3474095362889535
9740,6.3474095362889535
9741,6.3474095362889535
9742,6.3474095362889535
9743,6.3474095362889535
9744,6.3474095362889535
9745,6.3474095362889535
9746,6.3474095362889535
9747,6.3474095362889535
9748,6.3474095362889535
9749,6.3474095362889535
9750,6.3474095362889535
9751,6.3474095362889535
9752,6.3474095362889535
9753,6.3474095362889535
9754,6.3474095362889535
9755,6.3474095362889535
9756,6.3474095362889535
9757,6.3474095362889535
9758,6.3474095362889535
9759,6.3474095362889535
9760,6.3474095362889535
9761,6.3474095362889535
9762,6.3474095362889535
9763,6.3474095362889535
9764,6.3474095362889535
9765,6.3474095362889535
9766,6.3474095362889535
9767,6.3474095362889535
9768,6.3474095362889535
9769,6.3474095362889535
9770,6.3474095362889535
9771,6.3474095362889535
9772,6.3474095362889535
9773,6.3474095362889535
9774,6.3474095362889535
9775,6.3474095362889535
9776,6.3474095362889535
9777,6.3474095362889535
9778,6.3474095362889535
9779,6.3474095362889535
9780,6.3474095362889535
9781,6.3474095362889535
9782,6.3474095362889535
9783,6.3474095362889535
9784,6.3474095362889535
9785,6.3474095362889535
9786,6.3474095362889535
9787,6.3474095362889535
9788,6.3474095362889535
9789,6.3474095362889535
9790,6.3474095362889535
9791,6.3474095362889535
9792,6.3474095362889535
9793,6.3474095362889535
9794,6.3474095362889535
9795,6.3474095362889535
9796,6.3474095362889535
9797,6.3474095362889535
9798,6.3474095362889535
9799,6.3474095362889535
9800,6.3474095362889535
9801,6.3474095362889535
9802,6.3474095362889535
9803,6.3474095362889535
9804,6.3474095362889535
9805,6.3474095362889535
9806,6.3474095362889535
9807,6.3474095362889535
9808,6.3474095362889535
9809,6.3474095362889535
9810,6.3474095362889535
9811,6.3474095362889535
9812,6.3474095362889535
9813,6.3474095362889535
9814,6.3474095362889535
9815,6.3474095362889535
9816,6.3474095362889535
9817,6.3474095362889535
9818,6.3474095362889535
9819,6.3474095362889535
9820,6.3474095362889535
9821,6.3474095362889535
9822,6.3474095362889535
9823,6.3474095362889535
9824,6.3474095362889535
9825,6.3474095362889535
9826,6.3474095362889535
9827,6.3474095362889535
9828,6.3474095362889535
9829,6.3474095362889535
9830,6.3474095362889535
9831,6.3474095362889535
9832,6.3474095362889535
9833,6.3474095362889535
9834,6.3474095362889535
9835,6.3474095362889535
9836,6.3474095362889535
9837,6.3474095362889535
9838,6.3474095362889535
9839,6.3474095362889535
9840,6.3474095362889535
9841,6.3474095362889535
9842,6.3474095362889535
9843,6.3474095362889535
9844,6.3474095362889535
9845,6.3474095362889535
9846,6.3474095362889535
9847,6.3474095362889535
9848,6.3474095362889535
9849,6.3474095362889535
9850,6.3474095362889535
9851,6.3474095362889535
9852,6.3474095362889535
9853,6.3474095362889535
9854,6.3474095362889535
9855,6.3474095362889535
9856,6.3474095362889535
9857,6.3474095362889535
9858,6.3474095362889535
9859,6.3474095362889535
9860,6.3474095362889535
9861,6.3474095362889535
9862,6.3474095362889535
9863,6.3474095362889535
9864,6.3474095362889535
9865,6.3474095362889535
9866,6.3474095362889535
9867,6.3474095362889535
9868,6.3474095362889535
9869,6.3474095362889535
9870,6.3474095362889535
9871,6.3474095362889535
9872,6.3474095362889535
9873,6.3474095362889535
9874,6.3474095362889535
9875,6.3474095362889535
9876,6.3474095362889535
9877,6.3474095362889535
9878,6.3474095362889535
9879,6.3474095362889535
9880,6.3474095362889535
9881,6.3474095362889535
9882,6.3474095362889535
9883,6.3474095362889535
9884,6.3474095362889535
9885,6.3474095362889535
9886,6.3474095362889535
9887,6.3474095362889535
9888,6.3474095362889535
9889,6.3474095362889535
9890,6.3474095362889535
9891,6.3474095362889535
9892,6.3474095362889535
9893,6.3474095362889535
9894,6.3474095362889535
9895,6.3474095362889535
9896,6.3474095362889535
9897,6.3474095362889535
9898,6.3474095362889535
9899,6.3474095362889535
9900,6.3474095362889535
9901,6.3474095362889535
9902,6.3474095362889535
9903,6.3474095362889535
9904,6.3474095362889535
9905,6.3474095362889535
9906,6.3474095362889535
9907,6.3474095362889535
9908,6.3474095362889535
9909,6.3474095362889535
9910,6.3474095362889535
9911,6.3474095362889535
9912,6.3474095362889535
9913,6.3474095362889535
9914,6.3474095362889535
9915,6.3474095362889535
9916,6.3474095362889535
9917,6.3474095362889535
9918,6.3474095362889535
9919,6.3474095362889535
9920,6.3474095362889535
9921,6.3474095362889535
9922,6.3474095362889535
9923,6.3474095362889535
9924,6.3474095362889535
9925,6.3474095362889535
9926,6.3474095362889535
9927,6.3474095362889535
9928,6.3474095362889535
9929,6.3474095362889535
9930,6.3474095362889535
9931,6.3474095362889535
9932,6.3474095362889535
9933,6.3474095362889535
9934,6.3474095362889535
9935,6.3474095362889535
9936,6.3474095362889535
9937,6.3474095362889535
9938,6.3474095362889535
9939,6.3474095362889535
9940,6.3474095362889535
9941,6.3474095362889535
9942,6.3474095362889535
9943,6.3474095362889535
9944,6.3474095362889535
9945,6.3474095362889535
9946,6.3474095362889535
9947,6.3474095362889535
9948,6.3474095362889535
9949,6.3474095362889535
9950,6.3474095362889535
9951,6.3474095362889535
9952,6.3474095362889535
9953,6.3474095362889535
9954,6.3474095362889535
9955,6.3474095362889535
9956,6.3474095362889535
9957,6.3474095362889535
9958,6.3474095362889535
9959,6.3474095362889535
9960,6.3474095362889535
9961,6.3474095362889535
9962,6.3474095362889535
9963,6.3474095362889535
9964,6.3474095362889535
9965,6.3474095362889535
9966,6.3474095362889535
9967,6.3474095362889535
9968,6.3474095362889535
9969,6.3474095362889535
9970,6.3474095362889535
9971,6.3474095362889535
9972,6.3474095362889535
9973,6.3474095362889535
9974,6.3474095362889535
9975,6.3474095362889535
9976,6.3474095362889535
9977,6.3474095362889535
9978,6.3474095362889535
9979,6.3474095362889535
9980,6.3474095362889535
9981,6.3474095362889535
9982,6.3474095362889535
9983,6.3474095362889535
9984,6.3474095362889535
9985,6.3474095362889535
9986,6.3474095362889535
9987,6.3474095362889535
9988,6.3474095362889535
9989,6.3474095362889535
9990,6.3474095362889535
9991,6.3474095362889535
9992,6.3474095362889535
9993,6.3474095362889535
9994,6.3474095362889535
9995,6.3474095362889535
9996,6.3474095362889535
9997,6.3474095362889535
9998,6.3474095362889535
9999,6.3474095362889535
10000,6.3474095362889535
