iteration,best_loss
0,93.59754375762037
1,93.59754375762037
2,93.59754375762037
3,93.59754375762037
4,93.59754375762037
5,93.59754375762037
6,93.59754375762037
7,93.59754375762037
8,93.59754375762037
9,58.88584966438591
10,58.88584966438591
11,58.88584966438591
12,58.88584966438591
13,58.88584966438591
14,58.88584966438591
15,58.88584966438591
16,58.88584966438591
17,58.88584966438591
18,58.88584966438591
19,15.809056656960628
20,15.809056656960628
21,15.809056656960628
22,15.809056656960628
23,15.809056656960628
24,15.809056656960628
25,15.809056656960628
26,15.809056656960628
27,15.809056656960628
28,15.809056656960628
29,15.809056656960628
30,15.809056656960628
31,13.37550871105807
32,13.37550871105807
33,13.37550871105807
34,13.37550871105807
35,13.37550871105807
36,13.37550871105807
37,13.37550871105807
38,13.37550871105807
39,13.37550871105807
40,13.37550871105807
41,13.37550871105807
42,13.37550871105807
43,13.37550871105807
44,13.37550871105807
45,13.37550871105807
46,13.37550871105807
47,12.96023988379093
48,12.96023988379093
49,12.96023988379093
50,12.96023988379093
51,12.96023988379093
52,12.96023988379093
53,12.96023988379093
54,12.96023988379093
55,12.96023988379093
56,12.96023988379093
57,12.96023988379093
58,12.96023988379093
59,12.96023988379093
60,12.96023988379093
61,12.96023988379093
62,12.96023988379093
63,12.96023988379093
64,12.96023988379093
65,12.96023988379093
66,12.96023988379093
67,12.96023988379093
68,12.96023988379093
69,12.96023988379093
70,12.96023988379093
71,12.96023988379093
72,12.05200536412011
73,12.05200536412011
74,12.05200536412011
75,12.05200536412011
76,12.05200536412011
77,12.05200536412011
78,12.05200536412011
79,12.05200536412011
80,12.05200536412011
81,12.05200536412011
82,12.05200536412011
83,12.05200536412011
84,12.05200536412011
85,12.05200536412011
86,12.05200536412011
87,12.05200536412011
88,12.05200536412011
89,12.05200536412011
90,12.05200536412011
91,12.05200536412011
92,12.05200536412011
93,12.05200536412011
94,12.05200536412011
95,12.05200536412011
96,12.05200536412011
97,12.05200536412011
98,12.05200536412011
99,12.05200536412011
100,12.05200536412011
101,12.05200536412011
102,12.05200536412011
103,12.05200536412011
104,12.05200536412011
105,12.05200536412011
106,12.05200536412011
107,12.05200536412011
108,12.05200536412011
109,12.05200536412011
110,12.05200536412011
111,12.05200536412011
112,12.05200536412011
113,12.05200536412011
114,12.05200536412011
115,11.996586601461017
116,11.996586601461017
117,11.996586601461017
118,11.996586601461017
119,11.996586601461017
120,11.996586601461017
121,11.996586601461017
122,11.996586601461017
123,11.996586601461017
124,11.996586601461017
125,11.996586601461017
126,11.996586601461017
127,11.996586601461017
128,11.996586601461017
129,11.996586601461017
130,11.996586601461017
131,11.996586601461017
132,11.996586601461017
133,11.996586601461017
134,11.996586601461017
135,11.996586601461017
136,11.996586601461017
137,11.996586601461017
138,11.996586601461017
139,11.996586601461017
140,11.996586601461017
141,11.996586601461017
142,11.996586601461017
143,11.996586601461017
144,11.996586601461017
145,11.996586601461017
146,11.996586601461017
147,11.996586601461017
148,11.996586601461017
149,11.996586601461017
150,11.996586601461017
151,11.996586601461017
152,11.996586601461017
153,11.996586601461017
154,11.996586601461017
155,11.996586601461017
156,11.996586601461017
157,11.996586601461017
158,11.996586601461017
159,11.118468104246633
160,11.118468104246633
161,11.118468104246633
162,11.118468104246633
163,11.118468104246633
164,11.118468104246633
165,11.118468104246633
166,11.118468104246633
167,11.118468104246633
168,11.118468104246633
169,11.118468104246633
170,11.118468104246633
171,11.118468104246633
172,11.118468104246633
173,11.118468104246633
174,11.118468104246633
175,11.118468104246633
176,11.118468104246633
177,11.118468104246633
178,11.118468104246633
179,11.118468104246633
180,11.118468104246633
181,11.118468104246633
182,11.118468104246633
183,11.118468104246633
184,11.118468104246633
185,11.118468104246633
186,11.118468104246633
187,11.118468104246633
188,11.118468104246633
189,11.118468104246633
190,11.118468104246633
191,11.118468104246633
192,11.118468104246633
193,11.118468104246633
194,11.118468104246633
195,11.118468104246633
196,11.118468104246633
197,11.118468104246633
198,11.118468104246633
199,11.118468104246633
200,11.118468104246633
201,11.118468104246633
202,11.118468104246633
203,11.118468104246633
204,11.118468104246633
205,11.118468104246633
206,11.118468104246633
207,11.118468104246633
208,11.118468104246633
209,11.118468104246633
210,11.118468104246633
211,11.118468104246633
212,11.118468104246633
213,11.118468104246633
214,11.118468104246633
215,11.118468104246633
216,11.118468104246633
217,11.118468104246633
218,11.118468104246633
219,11.118468104246633
220,11.118468104246633
221,11.118468104246633
222,11.118468104246633
223,11.118468104246633
224,11.118468104246633
225,11.118468104246633
226,11.118468104246633
227,11.118468104246633
228,11.118468104246633
229,11.118468104246633
230,11.118468104246633
231,11.118468104246633
232,11.118468104246633
233,11.118468104246633
234,11.118468104246633
235,11.118468104246633
236,11.118468104246633
237,11.118468104246633
238,11.118468104246633
239,11.118468104246633
240,11.118468104246633
241,11.118468104246633
242,11.118468104246633
243,11.118468104246633
244,11.118468104246633
245,11.118468104246633
246,11.118468104246633
247,11.118468104246633
248,11.118468104246633
249,11.118468104246633
250,11.118468104246633
251,11.118468104246633
252,11.118468104246633
253,11.118468104246633
254,11.118468104246633
255,11.118468104246633
256,11.118468104246633
257,11.118468104246633
258,11.118468104246633
259,11.118468104246633
260,11.118468104246633
261,11.118468104246633
262,11.118468104246633
263,11.118468104246633
264,11.118468104246633
265,11.118468104246633
266,11.118468104246633
267,11.118468104246633
268,11.118468104246633
269,11.118468104246633
270,11.118468104246633
271,11.118468104246633
272,11.118468104246633
273,11.118468104246633
274,11.118468104246633
275,11.118468104246633
276,11.118468104246633
277,11.118468104246633
278,11.118468104246633
279,11.118468104246633
280,11.118468104246633
281,11.118468104246633
282,11.118468104246633
283,11.118468104246633
284,11.118468104246633
285,11.118468104246633
286,11.118468104246633
287,11.118468104246633
288,11.118468104246633
289,11.118468104246633
290,11.118468104246633
291,11.118468104246633
292,11.118468104246633
293,11.118468104246633
294,11.118468104246633
295,11.118468104246633
296,11.118468104246633
297,11.118468104246633
298,11.118468104246633
299,11.118468104246633
300,11.118468104246633
301,11.118468104246633
302,10.590559432110945
303,10.590559432110945
304,10.590559432110945
305,10.590559432110945
306,10.590559432110945
307,9.457041615501275
308,9.457041615501275
309,9.457041615501275
310,9.457041615501275
311,9.457041615501275
312,9.457041615501275
313,9.457041615501275
314,9.457041615501275
315,9.457041615501275
316,9.457041615501275
317,9.457041615501275
318,9.457041615501275
319,9.457041615501275
320,9.457041615501275
321,9.457041615501275
322,9.457041615501275
323,9.457041615501275
324,9.457041615501275
325,9.457041615501275
326,9.457041615501275
327,9.457041615501275
328,9.457041615501275
329,9.457041615501275
330,9.457041615501275
331,9.457041615501275
332,9.457041615501275
333,9.457041615501275
334,9.457041615501275
335,9.457041615501275
336,9.457041615501275
337,9.457041615501275
338,9.457041615501275
339,9.457041615501275
340,9.457041615501275
341,9.457041615501275
342,9.457041615501275
343,9.457041615501275
344,9.457041615501275
345,9.457041615501275
346,9.457041615501275
347,9.457041615501275
348,9.457041615501275
349,9.457041615501275
350,9.457041615501275
351,9.457041615501275
352,9.457041615501275
353,9.457041615501275
354,9.457041615501275
355,9.457041615501275
356,9.457041615501275
357,9.457041615501275
358,9.457041615501275
359,9.457041615501275
360,9.457041615501275
361,9.457041615501275
362,9.457041615501275
363,8.923389846020612
364,8.923389846020612
365,8.923389846020612
366,8.923389846020612
367,8.923389846020612
368,8.923389846020612
369,8.923389846020612
370,8.923389846020612
371,8.923389846020612
372,8.923389846020612
373,8.923389846020612
374,8.923389846020612
375,8.923389846020612
376,8.923389846020612
377,8.923389846020612
378,8.923389846020612
379,8.923389846020612
380,8.923389846020612
381,8.923389846020612
382,8.923389846020612
383,8.923389846020612
384,8.923389846020612
385,8.923389846020612
386,8.923389846020612
387,8.923389846020612
388,8.923389846020612
389,8.923389846020612
390,8.923389846020612
391,8.923389846020612
392,8.923389846020612
393,8.923389846020612
394,8.923389846020612
395,8.923389846020612
396,8.923389846020612
397,8.923389846020612
398,8.923389846020612
399,8.923389846020612
400,8.923389846020612
401,8.923389846020612
402,8.923389846020612
403,8.923389846020612
404,8.923389846020612
405,8.923389846020612
406,8.923389846020612
407,8.923389846020612
408,8.923389846020612
409,8.923389846020612
410,8.923389846020612
411,8.923389846020612
412,8.923389846020612
413,8.923389846020612
414,8.923389846020612
415,8.923389846020612
416,8.923389846020612
417,8.923389846020612
418,8.923389846020612
419,8.923389846020612
420,8.923389846020612
421,8.923389846020612
422,8.923389846020612
423,8.923389846020612
424,8.923389846020612
425,8.923389846020612
426,8.923389846020612
427,8.923389846020612
428,8.923389846020612
429,8.923389846020612
430,8.923389846020612
431,8.923389846020612
432,8.923389846020612
433,8.923389846020612
434,8.923389846020612
435,8.923389846020612
436,8.923389846020612
437,8.923389846020612
438,8.923389846020612
439,8.923389846020612
440,8.923389846020612
441,8.923389846020612
442,8.923389846020612
443,8.923389846020612
444,8.923389846020612
445,8.923389846020612
446,8.923389846020612
447,8.923389846020612
448,8.923389846020612
449,8.923389846020612
450,8.923389846020612
451,8.923389846020612
452,8.923389846020612
453,8.923389846020612
454,8.923389846020612
455,8.923389846020612
456,8.923389846020612
457,8.923389846020612
458,8.923389846020612
459,8.923389846020612
460,8.923389846020612
461,8.923389846020612
462,8.923389846020612
463,8.923389846020612
464,8.923389846020612
465,8.923389846020612
466,8.923389846020612
467,8.923389846020612
468,8.923389846020612
469,8.923389846020612
470,8.923389846020612
471,8.923389846020612
472,8.923389846020612
473,8.923389846020612
474,8.923389846020612
475,8.923389846020612
476,8.923389846020612
477,8.923389846020612
478,8.923389846020612
479,8.923389846020612
480,8.923389846020612
481,8.923389846020612
482,8.923389846020612
483,8.923389846020612
484,8.923389846020612
485,8.923389846020612
486,8.923389846020612
487,8.923389846020612
488,8.923389846020612
489,8.923389846020612
490,8.923389846020612
491,8.923389846020612
492,8.923389846020612
493,8.923389846020612
494,8.923389846020612
495,8.923389846020612
496,8.923389846020612
497,8.923389846020612
498,8.923389846020612
499,8.923389846020612
500,8.923389846020612
501,8.923389846020612
502,8.923389846020612
503,8.923389846020612
504,8.923389846020612
505,8.923389846020612
506,8.923389846020612
507,8.923389846020612
508,8.923389846020612
509,8.923389846020612
510,8.923389846020612
511,8.923389846020612
512,8.923389846020612
513,8.923389846020612
514,8.923389846020612
515,8.923389846020612
516,8.923389846020612
517,8.923389846020612
518,8.923389846020612
519,8.923389846020612
520,8.923389846020612
521,8.923389846020612
522,8.923389846020612
523,8.923389846020612
524,8.923389846020612
525,8.923389846020612
526,8.923389846020612
527,8.923389846020612
528,8.923389846020612
529,8.923389846020612
530,8.923389846020612
531,8.923389846020612
532,8.923389846020612
533,8.923389846020612
534,8.923389846020612
535,8.923389846020612
536,8.923389846020612
537,8.923389846020612
538,8.923389846020612
539,8.923389846020612
540,8.923389846020612
541,8.923389846020612
542,8.923389846020612
543,8.923389846020612
544,8.923389846020612
545,8.923389846020612
546,8.923389846020612
547,8.923389846020612
548,8.923389846020612
549,8.923389846020612
550,8.923389846020612
551,8.923389846020612
552,8.923389846020612
553,8.923389846020612
554,8.923389846020612
555,8.923389846020612
556,8.923389846020612
557,8.923389846020612
558,8.923389846020612
559,8.923389846020612
560,8.923389846020612
561,8.923389846020612
562,8.923389846020612
563,8.923389846020612
564,8.923389846020612
565,8.923389846020612
566,8.923389846020612
567,8.923389846020612
568,8.923389846020612
569,8.923389846020612
570,8.923389846020612
571,8.923389846020612
572,8.923389846020612
573,8.923389846020612
574,8.923389846020612
575,8.923389846020612
576,8.923389846020612
577,8.923389846020612
578,8.923389846020612
579,8.923389846020612
580,8.923389846020612
581,8.923389846020612
582,8.923389846020612
583,8.923389846020612
584,8.923389846020612
585,8.923389846020612
586,8.923389846020612
587,8.923389846020612
588,8.923389846020612
589,8.923389846020612
590,8.923389846020612
591,8.923389846020612
592,8.923389846020612
593,8.923389846020612
594,8.923389846020612
595,8.923389846020612
596,8.923389846020612
597,8.923389846020612
598,8.923389846020612
599,8.923389846020612
600,8.923389846020612
601,8.923389846020612
602,8.923389846020612
603,8.923389846020612
604,8.923389846020612
605,8.923389846020612
606,8.923389846020612
607,8.923389846020612
608,8.923389846020612
609,8.923389846020612
610,8.923389846020612
611,8.923389846020612
612,8.923389846020612
613,8.923389846020612
614,8.923389846020612
615,8.923389846020612
616,8.923389846020612
617,8.923389846020612
618,8.923389846020612
619,8.923389846020612
620,8.923389846020612
621,8.923389846020612
622,8.923389846020612
623,8.923389846020612
624,8.923389846020612
625,8.923389846020612
626,8.923389846020612
627,8.923389846020612
628,8.923389846020612
629,8.923389846020612
630,8.923389846020612
631,8.923389846020612
632,8.658113023554451
633,8.658113023554451
634,8.010774254828824
635,8.010774254828824
636,7.735926578938072
637,7.735926578938072
638,7.735926578938072
639,7.735926578938072
640,7.735926578938072
641,7.735926578938072
642,7.735926578938072
643,7.735926578938072
644,7.735926578938072
645,7.735926578938072
646,7.735926578938072
647,7.735926578938072
648,7.735926578938072
649,7.735926578938072
650,7.735926578938072
651,7.735926578938072
652,7.735926578938072
653,7.735926578938072
654,7.735926578938072
655,7.735926578938072
656,7.735926578938072
657,7.735926578938072
658,7.735926578938072
659,7.735926578938072
660,7.735926578938072
661,7.735926578938072
662,7.735926578938072
663,7.735926578938072
664,7.735926578938072
665,7.735926578938072
666,7.735926578938072
667,7.735926578938072
668,7.735926578938072
669,7.735926578938072
670,7.735926578938072
671,7.735926578938072
672,7.735926578938072
673,7.735926578938072
674,7.735926578938072
675,7.735926578938072
676,7.735926578938072
677,7.735926578938072
678,7.735926578938072
679,7.735926578938072
680,7.735926578938072
681,7.735926578938072
682,7.735926578938072
683,7.735926578938072
684,7.735926578938072
685,7.735926578938072
686,7.735926578938072
687,7.735926578938072
688,7.735926578938072
689,7.735926578938072
690,7.735926578938072
691,7.735926578938072
692,7.735926578938072
693,7.735926578938072
694,7.735926578938072
695,7.735926578938072
696,7.735926578938072
697,7.735926578938072
698,7.735926578938072
699,7.735926578938072
700,7.735926578938072
701,7.735926578938072
702,7.735926578938072
703,7.735926578938072
704,7.735926578938072
705,7.735926578938072
706,7.735926578938072
707,7.735926578938072
708,7.735926578938072
709,7.735926578938072
710,7.735926578938072
711,7.735926578938072
712,7.735926578938072
713,7.735926578938072
714,7.735926578938072
715,7.735926578938072
716,7.735926578938072
717,7.735926578938072
718,7.735926578938072
719,7.735926578938072
720,7.735926578938072
721,7.735926578938072
722,7.735926578938072
723,7.735926578938072
724,7.735926578938072
725,7.735926578938072
726,7.735926578938072
727,7.735926578938072
728,7.735926578938072
729,7.735926578938072
730,7.735926578938072
731,7.735926578938072
732,7.735926578938072
733,7.735926578938072
734,7.735926578938072
735,7.735926578938072
736,7.735926578938072
737,7.735926578938072
738,7.735926578938072
739,7.735926578938072
740,7.735926578938072
741,7.735926578938072
742,7.735926578938072
743,7.735926578938072
744,7.735926578938072
745,7.735926578938072
746,7.735926578938072
747,7.735926578938072
748,7.735926578938072
749,7.735926578938072
750,7.735926578938072
751,7.735926578938072
752,7.735926578938072
753,7.735926578938072
754,7.735926578938072
755,7.735926578938072
756,7.735926578938072
757,7.735926578938072
758,7.735926578938072
759,7.735926578938072
760,7.735926578938072
761,7.735926578938072
762,7.735926578938072
763,7.735926578938072
764,7.735926578938072
765,7.735926578938072
766,7.735926578938072
767,7.735926578938072
768,7.735926578938072
769,7.735926578938072
770,7.735926578938072
771,7.735926578938072
772,7.735926578938072
773,7.735926578938072
774,7.735926578938072
775,7.735926578938072
776,7.735926578938072
777,7.735926578938072
778,7.735926578938072
779,7.735926578938072
780,7.735926578938072
781,7.735926578938072
782,7.735926578938072
783,7.735926578938072
784,7.735926578938072
785,7.735926578938072
786,7.735926578938072
787,7.735926578938072
788,7.735926578938072
789,7.735926578938072
790,7.735926578938072
791,7.735926578938072
792,7.735926578938072
793,7.735926578938072
794,7.735926578938072
795,7.735926578938072
796,7.735926578938072
797,7.735926578938072
798,7.735926578938072
799,7.735926578938072
800,7.735926578938072
801,7.735926578938072
802,7.735926578938072
803,7.735926578938072
804,7.735926578938072
805,7.735926578938072
806,7.735926578938072
807,7.735926578938072
808,7.735926578938072
809,7.735926578938072
810,7.735926578938072
811,7.735926578938072
812,7.735926578938072
813,7.735926578938072
814,7.735926578938072
815,7.735926578938072
816,7.735926578938072
817,7.735926578938072
818,7.735926578938072
819,7.735926578938072
820,7.735926578938072
821,7.735926578938072
822,7.735926578938072
823,7.735926578938072
824,7.735926578938072
825,7.735926578938072
826,7.735926578938072
827,7.735926578938072
828,7.735926578938072
829,7.735926578938072
830,7.735926578938072
831,7.735926578938072
832,7.735926578938072
833,7.735926578938072
834,7.735926578938072
835,7.735926578938072
836,7.735926578938072
837,7.735926578938072
838,7.735926578938072
839,7.735926578938072
840,7.735926578938072
841,7.735926578938072
842,7.735926578938072
843,7.735926578938072
844,7.735926578938072
845,7.735926578938072
846,7.735926578938072
847,7.735926578938072
848,7.735926578938072
849,7.735926578938072
850,7.735926578938072
851,7.735926578938072
852,7.735926578938072
853,7.735926578938072
854,7.735926578938072
855,7.735926578938072
856,7.735926578938072
857,7.735926578938072
858,7.735926578938072
859,7.735926578938072
860,7.735926578938072
861,7.735926578938072
862,7.735926578938072
863,7.735926578938072
864,7.735926578938072
865,7.735926578938072
866,7.735926578938072
867,7.735926578938072
868,7.735926578938072
869,7.735926578938072
870,7.735926578938072
871,7.735926578938072
872,7.735926578938072
873,7.735926578938072
874,7.735926578938072
875,7.735926578938072
876,7.735926578938072
877,7.735926578938072
878,7.735926578938072
879,7.735926578938072
880,7.735926578938072
881,7.735926578938072
882,7.735926578938072
883,7.735926578938072
884,7.735926578938072
885,7.735926578938072
886,7.735926578938072
887,7.735926578938072
888,7.735926578938072
889,7.735926578938072
890,7.735926578938072
891,7.735926578938072
892,7.735926578938072
893,7.735926578938072
894,7.735926578938072
895,7.735926578938072
896,7.735926578938072
897,7.735926578938072
898,7.735926578938072
899,7.735926578938072
900,7.735926578938072
901,7.735926578938072
902,7.735926578938072
903,7.735926578938072
904,7.735926578938072
905,7.735926578938072
906,7.735926578938072
907,7.735926578938072
908,7.735926578938072
909,7.735926578938072
910,7.735926578938072
911,7.735926578938072
912,7.735926578938072
913,7.735926578938072
914,7.735926578938072
915,7.735926578938072
916,7.735926578938072
917,7.735926578938072
918,7.735926578938072
919,7.735926578938072
920,7.735926578938072
921,7.735926578938072
922,7.735926578938072
923,7.735926578938072
924,7.735926578938072
925,7.735926578938072
926,7.735926578938072
927,7.735926578938072
928,7.735926578938072
929,7.735926578938072
930,7.735926578938072
931,7.735926578938072
932,7.735926578938072
933,7.735926578938072
934,7.735926578938072
935,7.735926578938072
936,7.735926578938072
937,7.735926578938072
938,7.735926578938072
939,7.735926578938072
940,7.735926578938072
941,7.735926578938072
942,7.735926578938072
943,7.735926578938072
944,7.735926578938072
945,7.735926578938072
946,7.735926578938072
947,7.735926578938072
948,7.735926578938072
949,7.735926578938072
950,7.735926578938072
951,7.735926578938072
952,7.735926578938072
953,7.735926578938072
954,7.735926578938072
955,7.735926578938072
956,7.735926578938072
957,7.735926578938072
958,7.735926578938072
959,7.735926578938072
960,7.735926578938072
961,7.735926578938072
962,7.735926578938072
963,7.735926578938072
964,7.735926578938072
965,7.735926578938072
966,7.735926578938072
967,7.735926578938072
968,7.735926578938072
969,7.735926578938072
970,7.735926578938072
971,7.735926578938072
972,7.735926578938072
973,7.735926578938072
974,7.735926578938072
975,7.735926578938072
976,7.735926578938072
977,7.735926578938072
978,7.735926578938072
979,7.735926578938072
980,7.735926578938072
981,7.735926578938072
982,7.735926578938072
983,7.735926578938072
984,7.735926578938072
985,7.735926578938072
986,7.735926578938072
987,7.735926578938072
988,7.735926578938072
989,7.735926578938072
990,7.735926578938072
991,7.735926578938072
992,7.735926578938072
993,7.735926578938072
994,7.735926578938072
995,7.735926578938072
996,7.735926578938072
997,7.735926578938072
998,7.735926578938072
999,7.735926578938072
1000,7.735926578938072
1001,7.735926578938072
1002,7.735926578938072
1003,7.735926578938072
1004,7.735926578938072
1005,7.735926578938072
1006,7.735926578938072
1007,7.735926578938072
1008,7.735926578938072
1009,7.735926578938072
1010,7.735926578938072
1011,7.735926578938072
1012,7.735926578938072
1013,7.735926578938072
1014,7.735926578938072
1015,7.735926578938072
1016,7.735926578938072
1017,7.735926578938072
1018,7.735926578938072
1019,7.735926578938072
1020,7.735926578938072
1021,7.735926578938072
1022,7.735926578938072
1023,7.735926578938072
1024,7.735926578938072
1025,7.735926578938072
1026,7.735926578938072
1027,7.735926578938072
1028,7.735926578938072
1029,7.735926578938072
1030,7.735926578938072
1031,7.735926578938072
1032,7.735926578938072
1033,7.735926578938072
1034,7.735926578938072
1035,7.735926578938072
1036,7.735926578938072
1037,7.735926578938072
1038,7.735926578938072
1039,7.735926578938072
1040,7.735926578938072
1041,7.735926578938072
1042,7.735926578938072
1043,7.735926578938072
1044,7.735926578938072
1045,7.735926578938072
1046,7.735926578938072
1047,7.735926578938072
1048,7.735926578938072
1049,7.735926578938072
1050,7.735926578938072
1051,7.735926578938072
1052,7.735926578938072
1053,7.735926578938072
1054,7.735926578938072
1055,7.735926578938072
1056,7.735926578938072
1057,7.735926578938072
1058,7.735926578938072
1059,7.735926578938072
1060,7.735926578938072
1061,7.735926578938072
1062,7.735926578938072
1063,7.735926578938072
1064,7.735926578938072
1065,7.735926578938072
1066,7.735926578938072
1067,7.735926578938072
1068,7.735926578938072
1069,7.735926578938072
1070,7.735926578938072
1071,7.735926578938072
1072,7.735926578938072
1073,7.735926578938072
1074,7.735926578938072
1075,7.735926578938072
1076,7.735926578938072
1077,7.735926578938072
1078,7.735926578938072
1079,7.735926578938072
1080,7.735926578938072
1081,7.735926578938072
1082,7.735926578938072
1083,7.735926578938072
1084,7.735926578938072
1085,7.735926578938072
1086,7.735926578938072
1087,7.735926578938072
1088,7.735926578938072
1089,7.735926578938072
1090,7.735926578938072
1091,7.735926578938072
1092,7.735926578938072
1093,7.735926578938072
1094,7.735926578938072
1095,7.735926578938072
1096,7.735926578938072
1097,7.735926578938072
1098,7.735926578938072
1099,7.735926578938072
1100,7.735926578938072
1101,7.735926578938072
1102,7.735926578938072
1103,7.735926578938072
1104,7.735926578938072
1105,7.735926578938072
1106,7.735926578938072
1107,7.735926578938072
1108,7.735926578938072
1109,7.735926578938072
1110,7.735926578938072
1111,7.735926578938072
1112,7.735926578938072
1113,7.735926578938072
1114,7.735926578938072
1115,7.735926578938072
1116,7.735926578938072
1117,7.735926578938072
1118,7.735926578938072
1119,7.735926578938072
1120,7.735926578938072
1121,7.735926578938072
1122,7.735926578938072
1123,7.735926578938072
1124,7.735926578938072
1125,7.735926578938072
1126,7.735926578938072
1127,7.735926578938072
1128,7.735926578938072
1129,7.735926578938072
1130,7.735926578938072
1131,7.735926578938072
1132,7.735926578938072
1133,7.735926578938072
1134,7.735926578938072
1135,7.735926578938072
1136,7.735926578938072
1137,7.735926578938072
1138,7.735926578938072
1139,7.735926578938072
1140,7.735926578938072
1141,7.735926578938072
1142,7.735926578938072
1143,7.735926578938072
1144,7.735926578938072
1145,7.735926578938072
1146,7.735926578938072
1147,7.735926578938072
1148,7.735926578938072
1149,7.735926578938072
1150,7.735926578938072
1151,7.735926578938072
1152,7.735926578938072
1153,7.735926578938072
1154,7.735926578938072
1155,7.735926578938072
1156,7.735926578938072
1157,7.735926578938072
1158,7.735926578938072
1159,7.735926578938072
1160,7.735926578938072
1161,7.735926578938072
1162,7.735926578938072
1163,7.735926578938072
1164,7.735926578938072
1165,7.735926578938072
1166,7.735926578938072
1167,7.735926578938072
1168,7.735926578938072
1169,7.735926578938072
1170,7.735926578938072
1171,7.735926578938072
1172,7.735926578938072
1173,7.735926578938072
1174,7.735926578938072
1175,7.735926578938072
1176,7.735926578938072
1177,7.735926578938072
1178,7.735926578938072
1179,7.735926578938072
1180,7.735926578938072
1181,7.735926578938072
1182,7.735926578938072
1183,7.735926578938072
1184,7.735926578938072
1185,7.735926578938072
1186,7.735926578938072
1187,7.735926578938072
1188,7.735926578938072
1189,7.735926578938072
1190,7.735926578938072
1191,7.735926578938072
1192,7.735926578938072
1193,7.735926578938072
1194,7.735926578938072
1195,7.735926578938072
1196,7.735926578938072
1197,7.735926578938072
1198,7.735926578938072
1199,7.735926578938072
1200,7.735926578938072
1201,7.735926578938072
1202,7.735926578938072
1203,7.735926578938072
1204,7.735926578938072
1205,7.735926578938072
1206,7.735926578938072
1207,7.735926578938072
1208,7.735926578938072
1209,7.735926578938072
1210,7.735926578938072
1211,7.735926578938072
1212,7.735926578938072
1213,7.735926578938072
1214,7.735926578938072
1215,7.735926578938072
1216,7.735926578938072
1217,7.735926578938072
1218,7.735926578938072
1219,7.735926578938072
1220,7.735926578938072
1221,7.735926578938072
1222,7.735926578938072
1223,7.735926578938072
1224,7.735926578938072
1225,7.735926578938072
1226,7.735926578938072
1227,7.735926578938072
1228,7.735926578938072
1229,7.735926578938072
1230,7.735926578938072
1231,7.735926578938072
1232,7.735926578938072
1233,7.735926578938072
1234,7.735926578938072
1235,7.735926578938072
1236,7.735926578938072
1237,7.735926578938072
1238,7.735926578938072
1239,7.735926578938072
1240,7.735926578938072
1241,7.735926578938072
1242,7.735926578938072
1243,7.735926578938072
1244,7.735926578938072
1245,7.735926578938072
1246,7.735926578938072
1247,7.735926578938072
1248,7.735926578938072
1249,7.735926578938072
1250,7.735926578938072
1251,7.735926578938072
1252,7.735926578938072
1253,7.735926578938072
1254,7.735926578938072
1255,7.735926578938072
1256,7.735926578938072
1257,7.735926578938072
1258,7.735926578938072
1259,7.735926578938072
1260,7.735926578938072
1261,7.735926578938072
1262,7.735926578938072
1263,7.735926578938072
1264,7.735926578938072
1265,7.735926578938072
1266,7.735926578938072
1267,7.735926578938072
1268,7.735926578938072
1269,7.735926578938072
1270,7.735926578938072
1271,7.735926578938072
1272,7.735926578938072
1273,7.735926578938072
1274,7.735926578938072
1275,7.735926578938072
1276,7.735926578938072
1277,7.735926578938072
1278,7.735926578938072
1279,7.735926578938072
1280,7.735926578938072
1281,7.735926578938072
1282,7.735926578938072
1283,7.735926578938072
1284,7.735926578938072
1285,7.735926578938072
1286,7.735926578938072
1287,7.735926578938072
1288,7.735926578938072
1289,7.735926578938072
1290,7.735926578938072
1291,7.735926578938072
1292,7.735926578938072
1293,7.735926578938072
1294,7.735926578938072
1295,7.735926578938072
1296,7.735926578938072
1297,7.735926578938072
1298,7.735926578938072
1299,7.735926578938072
1300,7.735926578938072
1301,7.735926578938072
1302,7.735926578938072
1303,7.735926578938072
1304,7.735926578938072
1305,7.735926578938072
1306,7.735926578938072
1307,7.735926578938072
1308,7.735926578938072
1309,7.735926578938072
1310,7.735926578938072
1311,7.735926578938072
1312,7.735926578938072
1313,7.735926578938072
1314,7.735926578938072
1315,7.735926578938072
1316,7.735926578938072
1317,7.735926578938072
1318,7.735926578938072
1319,7.735926578938072
1320,7.735926578938072
1321,7.735926578938072
1322,7.735926578938072
1323,7.735926578938072
1324,7.735926578938072
1325,7.735926578938072
1326,7.735926578938072
1327,7.735926578938072
1328,7.735926578938072
1329,7.735926578938072
1330,7.735926578938072
1331,7.735926578938072
1332,7.735926578938072
1333,7.735926578938072
1334,7.735926578938072
1335,7.735926578938072
1336,7.735926578938072
1337,7.735926578938072
1338,7.735926578938072
1339,7.735926578938072
1340,7.735926578938072
1341,7.735926578938072
1342,7.735926578938072
1343,7.735926578938072
1344,7.735926578938072
1345,7.735926578938072
1346,7.735926578938072
1347,7.735926578938072
1348,7.735926578938072
1349,7.735926578938072
1350,7.735926578938072
1351,7.735926578938072
1352,7.735926578938072
1353,7.735926578938072
1354,7.735926578938072
1355,7.735926578938072
1356,7.735926578938072
1357,7.735926578938072
1358,7.735926578938072
1359,7.735926578938072
1360,7.735926578938072
1361,7.735926578938072
1362,7.735926578938072
1363,7.735926578938072
1364,7.735926578938072
1365,7.735926578938072
1366,7.735926578938072
1367,7.735926578938072
1368,7.735926578938072
1369,7.735926578938072
1370,7.735926578938072
1371,7.735926578938072
1372,7.735926578938072
1373,7.735926578938072
1374,7.735926578938072
1375,7.735926578938072
1376,7.735926578938072
1377,7.735926578938072
1378,7.735926578938072
1379,7.735926578938072
1380,7.735926578938072
1381,7.735926578938072
1382,7.735926578938072
1383,7.735926578938072
1384,7.735926578938072
1385,7.735926578938072
1386,7.735926578938072
1387,7.735926578938072
1388,7.735926578938072
1389,7.735926578938072
1390,7.735926578938072
1391,7.735926578938072
1392,7.735926578938072
1393,7.735926578938072
1394,7.735926578938072
1395,7.735926578938072
1396,7.735926578938072
1397,7.735926578938072
1398,7.735926578938072
1399,7.735926578938072
1400,7.735926578938072
1401,7.735926578938072
1402,7.735926578938072
1403,7.735926578938072
1404,7.735926578938072
1405,7.735926578938072
1406,7.735926578938072
1407,7.735926578938072
1408,7.735926578938072
1409,7.735926578938072
1410,7.735926578938072
1411,7.735926578938072
1412,7.735926578938072
1413,7.735926578938072
1414,7.735926578938072
1415,7.735926578938072
1416,7.735926578938072
1417,7.735926578938072
1418,7.735926578938072
1419,7.735926578938072
1420,7.735926578938072
1421,7.735926578938072
1422,7.735926578938072
1423,7.735926578938072
1424,7.735926578938072
1425,7.735926578938072
1426,7.735926578938072
1427,7.735926578938072
1428,7.735926578938072
1429,7.735926578938072
1430,7.735926578938072
1431,7.735926578938072
1432,7.735926578938072
1433,7.735926578938072
1434,7.735926578938072
1435,7.735926578938072
1436,7.735926578938072
1437,7.735926578938072
1438,7.735926578938072
1439,7.735926578938072
1440,7.735926578938072
1441,7.735926578938072
1442,7.735926578938072
1443,7.735926578938072
1444,7.735926578938072
1445,7.735926578938072
1446,7.735926578938072
1447,7.735926578938072
1448,7.735926578938072
1449,7.735926578938072
1450,7.735926578938072
1451,7.735926578938072
1452,7.735926578938072
1453,7.735926578938072
1454,7.735926578938072
1455,7.735926578938072
1456,7.735926578938072
1457,7.735926578938072
1458,7.735926578938072
1459,7.735926578938072
1460,7.735926578938072
1461,7.735926578938072
1462,7.735926578938072
1463,7.735926578938072
1464,7.735926578938072
1465,7.735926578938072
1466,7.735926578938072
1467,7.735926578938072
1468,7.735926578938072
1469,7.735926578938072
1470,7.735926578938072
1471,7.735926578938072
1472,7.735926578938072
1473,7.735926578938072
1474,7.735926578938072
1475,7.735926578938072
1476,7.735926578938072
1477,7.735926578938072
1478,7.735926578938072
1479,7.735926578938072
1480,7.735926578938072
1481,7.735926578938072
1482,7.735926578938072
1483,7.735926578938072
1484,7.735926578938072
1485,7.735926578938072
1486,7.735926578938072
1487,7.735926578938072
1488,7.735926578938072
1489,7.735926578938072
1490,7.735926578938072
1491,7.735926578938072
1492,7.735926578938072
1493,7.735926578938072
1494,7.735926578938072
1495,7.735926578938072
1496,7.735926578938072
1497,7.735926578938072
1498,7.735926578938072
1499,7.735926578938072
1500,7.735926578938072
1501,7.735926578938072
1502,7.735926578938072
1503,7.735926578938072
1504,7.735926578938072
1505,7.735926578938072
1506,7.735926578938072
1507,7.735926578938072
1508,7.735926578938072
1509,7.735926578938072
1510,7.735926578938072
1511,7.735926578938072
1512,7.735926578938072
1513,7.735926578938072
1514,7.735926578938072
1515,7.735926578938072
1516,7.735926578938072
1517,7.735926578938072
1518,7.735926578938072
1519,7.735926578938072
1520,7.735926578938072
1521,7.735926578938072
1522,7.735926578938072
1523,7.735926578938072
1524,7.735926578938072
1525,7.735926578938072
1526,7.735926578938072
1527,7.735926578938072
1528,7.735926578938072
1529,7.735926578938072
1530,7.735926578938072
1531,7.735926578938072
1532,7.735926578938072
1533,7.735926578938072
1534,7.735926578938072
1535,7.735926578938072
1536,7.735926578938072
1537,7.735926578938072
1538,7.735926578938072
1539,7.735926578938072
1540,7.735926578938072
1541,7.735926578938072
1542,7.735926578938072
1543,7.735926578938072
1544,7.735926578938072
1545,7.735926578938072
1546,7.735926578938072
1547,7.735926578938072
1548,7.735926578938072
1549,7.735926578938072
1550,7.735926578938072
1551,7.735926578938072
1552,7.735926578938072
1553,7.735926578938072
1554,7.735926578938072
1555,7.735926578938072
1556,7.735926578938072
1557,7.735926578938072
1558,7.735926578938072
1559,7.735926578938072
1560,7.735926578938072
1561,7.735926578938072
1562,7.735926578938072
1563,7.735926578938072
1564,7.735926578938072
1565,7.735926578938072
1566,7.735926578938072
1567,7.735926578938072
1568,7.735926578938072
1569,7.735926578938072
1570,7.735926578938072
1571,7.735926578938072
1572,7.735926578938072
1573,7.735926578938072
1574,7.735926578938072
1575,7.735926578938072
1576,7.735926578938072
1577,7.735926578938072
1578,7.735926578938072
1579,7.735926578938072
1580,7.735926578938072
1581,7.735926578938072
1582,7.735926578938072
1583,7.735926578938072
1584,7.735926578938072
1585,7.735926578938072
1586,7.735926578938072
1587,7.735926578938072
1588,7.735926578938072
1589,7.735926578938072
1590,7.735926578938072
1591,7.735926578938072
1592,7.735926578938072
1593,7.735926578938072
1594,7.735926578938072
1595,7.735926578938072
1596,7.735926578938072
1597,7.735926578938072
1598,7.735926578938072
1599,7.735926578938072
1600,7.735926578938072
1601,7.735926578938072
1602,7.735926578938072
1603,7.735926578938072
1604,7.735926578938072
1605,7.735926578938072
1606,7.735926578938072
1607,7.735926578938072
1608,7.735926578938072
1609,7.735926578938072
1610,7.735926578938072
1611,7.735926578938072
1612,7.735926578938072
1613,7.735926578938072
1614,7.735926578938072
1615,7.735926578938072
1616,7.735926578938072
1617,7.735926578938072
1618,7.735926578938072
1619,7.735926578938072
1620,7.735926578938072
1621,7.735926578938072
1622,7.735926578938072
1623,7.735926578938072
1624,7.735926578938072
1625,7.735926578938072
1626,7.735926578938072
1627,7.735926578938072
1628,7.735926578938072
1629,7.735926578938072
1630,7.735926578938072
1631,7.735926578938072
1632,7.735926578938072
1633,7.735926578938072
1634,7.735926578938072
1635,7.735926578938072
1636,7.735926578938072
1637,7.735926578938072
1638,7.735926578938072
1639,7.735926578938072
1640,7.735926578938072
1641,7.735926578938072
1642,7.735926578938072
1643,7.735926578938072
1644,7.735926578938072
1645,7.735926578938072
1646,7.735926578938072
1647,7.735926578938072
1648,7.735926578938072
1649,7.735926578938072
1650,7.735926578938072
1651,7.735926578938072
1652,7.735926578938072
1653,7.735926578938072
1654,7.735926578938072
1655,7.735926578938072
1656,7.735926578938072
1657,7.735926578938072
1658,7.735926578938072
1659,7.735926578938072
1660,7.735926578938072
1661,7.735926578938072
1662,7.735926578938072
1663,7.735926578938072
1664,7.735926578938072
1665,7.735926578938072
1666,7.735926578938072
1667,7.735926578938072
1668,7.735926578938072
1669,7.735926578938072
1670,7.735926578938072
1671,7.735926578938072
1672,7.735926578938072
1673,7.735926578938072
1674,7.735926578938072
1675,7.735926578938072
1676,7.735926578938072
1677,7.735926578938072
1678,7.735926578938072
1679,7.735926578938072
1680,7.735926578938072
1681,7.735926578938072
1682,7.735926578938072
1683,7.735926578938072
1684,7.735926578938072
1685,7.735926578938072
1686,7.735926578938072
1687,7.735926578938072
1688,7.735926578938072
1689,7.735926578938072
1690,7.735926578938072
1691,7.735926578938072
1692,7.735926578938072
1693,7.735926578938072
1694,7.735926578938072
1695,7.735926578938072
1696,7.735926578938072
1697,7.735926578938072
1698,7.735926578938072
1699,7.735926578938072
1700,7.735926578938072
1701,7.735926578938072
1702,7.735926578938072
1703,7.735926578938072
1704,7.735926578938072
1705,7.735926578938072
1706,7.735926578938072
1707,7.735926578938072
1708,7.735926578938072
1709,7.735926578938072
1710,7.735926578938072
1711,7.735926578938072
1712,7.735926578938072
1713,7.735926578938072
1714,7.735926578938072
1715,7.735926578938072
1716,7.735926578938072
1717,7.735926578938072
1718,7.735926578938072
1719,7.735926578938072
1720,7.735926578938072
1721,7.735926578938072
1722,7.735926578938072
1723,7.735926578938072
1724,7.735926578938072
1725,7.735926578938072
1726,7.735926578938072
1727,7.735926578938072
1728,7.735926578938072
1729,7.735926578938072
1730,7.735926578938072
1731,7.735926578938072
1732,7.735926578938072
1733,7.735926578938072
1734,7.735926578938072
1735,7.735926578938072
1736,7.735926578938072
1737,7.735926578938072
1738,7.735926578938072
1739,7.735926578938072
1740,7.735926578938072
1741,7.735926578938072
1742,7.735926578938072
1743,7.735926578938072
1744,7.735926578938072
1745,7.735926578938072
1746,7.735926578938072
1747,7.735926578938072
1748,7.735926578938072
1749,7.735926578938072
1750,7.735926578938072
1751,7.735926578938072
1752,7.735926578938072
1753,7.735926578938072
1754,7.735926578938072
1755,7.735926578938072
1756,7.735926578938072
1757,7.735926578938072
1758,7.735926578938072
1759,7.735926578938072
1760,7.735926578938072
1761,7.735926578938072
1762,7.735926578938072
1763,7.735926578938072
1764,7.735926578938072
1765,7.735926578938072
1766,7.735926578938072
1767,7.735926578938072
1768,7.735926578938072
1769,7.735926578938072
1770,7.735926578938072
1771,7.735926578938072
1772,7.735926578938072
1773,7.735926578938072
1774,7.735926578938072
1775,7.735926578938072
1776,7.735926578938072
1777,7.735926578938072
1778,7.735926578938072
1779,7.735926578938072
1780,7.735926578938072
1781,7.735926578938072
1782,7.735926578938072
1783,7.735926578938072
1784,7.735926578938072
1785,7.735926578938072
1786,7.735926578938072
1787,7.735926578938072
1788,7.735926578938072
1789,7.735926578938072
1790,7.735926578938072
1791,7.735926578938072
1792,7.735926578938072
1793,7.735926578938072
1794,7.735926578938072
1795,7.735926578938072
1796,7.735926578938072
1797,7.735926578938072
1798,7.735926578938072
1799,7.735926578938072
1800,7.735926578938072
1801,7.735926578938072
1802,7.735926578938072
1803,7.735926578938072
1804,7.735926578938072
1805,7.735926578938072
1806,7.735926578938072
1807,7.735926578938072
1808,7.735926578938072
1809,7.735926578938072
1810,7.735926578938072
1811,7.735926578938072
1812,7.735926578938072
1813,7.735926578938072
1814,7.735926578938072
1815,7.735926578938072
1816,7.735926578938072
1817,7.735926578938072
1818,7.735926578938072
1819,7.735926578938072
1820,7.735926578938072
1821,7.735926578938072
1822,7.735926578938072
1823,7.735926578938072
1824,7.735926578938072
1825,7.735926578938072
1826,7.735926578938072
1827,7.735926578938072
1828,7.735926578938072
1829,7.735926578938072
1830,7.735926578938072
1831,7.735926578938072
1832,7.735926578938072
1833,7.735926578938072
1834,7.735926578938072
1835,7.735926578938072
1836,7.735926578938072
1837,7.735926578938072
1838,7.735926578938072
1839,7.735926578938072
1840,7.735926578938072
1841,7.735926578938072
1842,7.735926578938072
1843,7.735926578938072
1844,7.735926578938072
1845,7.735926578938072
1846,7.735926578938072
1847,7.735926578938072
1848,7.735926578938072
1849,7.735926578938072
1850,7.735926578938072
1851,7.735926578938072
1852,7.735926578938072
1853,7.735926578938072
1854,7.735926578938072
1855,7.735926578938072
1856,7.735926578938072
1857,7.735926578938072
1858,7.735926578938072
1859,7.735926578938072
1860,7.735926578938072
1861,7.735926578938072
1862,7.735926578938072
1863,7.735926578938072
1864,7.735926578938072
1865,7.735926578938072
1866,7.735926578938072
1867,7.735926578938072
1868,7.735926578938072
1869,7.735926578938072
1870,7.735926578938072
1871,7.735926578938072
1872,7.735926578938072
1873,7.735926578938072
1874,7.735926578938072
1875,7.735926578938072
1876,7.735926578938072
1877,7.735926578938072
1878,7.735926578938072
1879,7.735926578938072
1880,7.735926578938072
1881,7.735926578938072
1882,7.735926578938072
1883,7.735926578938072
1884,7.735926578938072
1885,7.735926578938072
1886,7.735926578938072
1887,7.735926578938072
1888,7.735926578938072
1889,7.735926578938072
1890,7.735926578938072
1891,7.735926578938072
1892,7.735926578938072
1893,7.735926578938072
1894,7.735926578938072
1895,7.735926578938072
1896,7.735926578938072
1897,7.735926578938072
1898,7.735926578938072
1899,7.735926578938072
1900,7.735926578938072
1901,7.735926578938072
1902,7.735926578938072
1903,7.735926578938072
1904,7.735926578938072
1905,7.735926578938072
1906,7.735926578938072
1907,7.735926578938072
1908,7.735926578938072
1909,7.735926578938072
1910,7.735926578938072
1911,7.735926578938072
1912,7.735926578938072
1913,7.735926578938072
1914,7.735926578938072
1915,7.735926578938072
1916,7.735926578938072
1917,7.735926578938072
1918,7.735926578938072
1919,7.735926578938072
1920,7.735926578938072
1921,7.735926578938072
1922,7.735926578938072
1923,7.735926578938072
1924,7.735926578938072
1925,7.735926578938072
1926,7.735926578938072
1927,7.735926578938072
1928,7.735926578938072
1929,7.735926578938072
1930,7.735926578938072
1931,7.735926578938072
1932,7.735926578938072
1933,7.735926578938072
1934,7.735926578938072
1935,7.735926578938072
1936,7.735926578938072
1937,7.735926578938072
1938,7.735926578938072
1939,7.735926578938072
1940,7.735926578938072
1941,7.735926578938072
1942,7.735926578938072
1943,7.735926578938072
1944,7.735926578938072
1945,7.735926578938072
1946,7.735926578938072
1947,7.735926578938072
1948,7.735926578938072
1949,7.735926578938072
1950,7.735926578938072
1951,7.735926578938072
1952,7.735926578938072
1953,7.735926578938072
1954,7.735926578938072
1955,7.735926578938072
1956,7.735926578938072
1957,7.735926578938072
1958,7.735926578938072
1959,7.735926578938072
1960,7.735926578938072
1961,7.735926578938072
1962,7.735926578938072
1963,7.735926578938072
1964,7.735926578938072
1965,7.735926578938072
1966,7.735926578938072
1967,7.735926578938072
1968,7.735926578938072
1969,7.735926578938072
1970,7.735926578938072
1971,7.735926578938072
1972,7.735926578938072
1973,7.735926578938072
1974,7.735926578938072
1975,7.735926578938072
1976,7.735926578938072
1977,7.735926578938072
1978,7.735926578938072
1979,7.735926578938072
1980,7.735926578938072
1981,7.735926578938072
1982,7.735926578938072
1983,7.735926578938072
1984,7.735926578938072
1985,7.735926578938072
1986,7.735926578938072
1987,7.735926578938072
1988,7.735926578938072
1989,7.735926578938072
1990,7.735926578938072
1991,7.735926578938072
1992,7.735926578938072
1993,7.735926578938072
1994,7.735926578938072
1995,7.735926578938072
1996,7.735926578938072
1997,7.735926578938072
1998,7.735926578938072
1999,7.735926578938072
2000,7.735926578938072
2001,7.735926578938072
2002,7.735926578938072
2003,7.735926578938072
2004,7.735926578938072
2005,7.735926578938072
2006,7.735926578938072
2007,7.735926578938072
2008,7.735926578938072
2009,7.735926578938072
2010,7.735926578938072
2011,7.735926578938072
2012,7.735926578938072
2013,7.735926578938072
2014,7.735926578938072
2015,7.735926578938072
2016,7.735926578938072
2017,7.735926578938072
2018,7.735926578938072
2019,7.735926578938072
2020,7.735926578938072
2021,7.735926578938072
2022,7.735926578938072
2023,7.735926578938072
2024,7.735926578938072
2025,7.735926578938072
2026,7.735926578938072
2027,7.735926578938072
2028,7.735926578938072
2029,7.735926578938072
2030,7.735926578938072
2031,7.735926578938072
2032,7.735926578938072
2033,7.735926578938072
2034,7.735926578938072
2035,7.735926578938072
2036,7.735926578938072
2037,7.735926578938072
2038,7.735926578938072
2039,7.735926578938072
2040,7.735926578938072
2041,7.735926578938072
2042,7.735926578938072
2043,7.735926578938072
2044,7.735926578938072
2045,7.735926578938072
2046,7.735926578938072
2047,7.735926578938072
2048,7.735926578938072
2049,7.735926578938072
2050,7.735926578938072
2051,7.735926578938072
2052,7.735926578938072
2053,7.735926578938072
2054,7.735926578938072
2055,7.735926578938072
2056,7.735926578938072
2057,7.735926578938072
2058,7.735926578938072
2059,7.735926578938072
2060,7.735926578938072
2061,7.735926578938072
2062,7.735926578938072
2063,7.735926578938072
2064,7.735926578938072
2065,7.735926578938072
2066,7.735926578938072
2067,7.735926578938072
2068,7.735926578938072
2069,7.735926578938072
2070,7.735926578938072
2071,7.735926578938072
2072,7.735926578938072
2073,7.735926578938072
2074,7.735926578938072
2075,7.735926578938072
2076,7.735926578938072
2077,7.735926578938072
2078,7.735926578938072
2079,7.735926578938072
2080,7.735926578938072
2081,7.735926578938072
2082,7.735926578938072
2083,7.735926578938072
2084,7.735926578938072
2085,7.735926578938072
2086,7.735926578938072
2087,7.735926578938072
2088,7.735926578938072
2089,7.735926578938072
2090,7.735926578938072
2091,7.735926578938072
2092,7.735926578938072
2093,7.735926578938072
2094,7.735926578938072
2095,7.735926578938072
2096,7.735926578938072
2097,7.735926578938072
2098,7.735926578938072
2099,7.735926578938072
2100,7.735926578938072
2101,7.735926578938072
2102,7.735926578938072
2103,7.735926578938072
2104,7.735926578938072
2105,7.735926578938072
2106,7.735926578938072
2107,7.735926578938072
2108,7.735926578938072
2109,7.735926578938072
2110,7.735926578938072
2111,7.735926578938072
2112,7.735926578938072
2113,7.735926578938072
2114,7.735926578938072
2115,7.735926578938072
2116,7.735926578938072
2117,7.735926578938072
2118,7.735926578938072
2119,7.735926578938072
2120,7.735926578938072
2121,7.735926578938072
2122,7.735926578938072
2123,7.735926578938072
2124,7.735926578938072
2125,7.735926578938072
2126,7.735926578938072
2127,7.735926578938072
2128,7.735926578938072
2129,7.735926578938072
2130,7.735926578938072
2131,7.735926578938072
2132,7.735926578938072
2133,7.735926578938072
2134,7.735926578938072
2135,7.735926578938072
2136,7.735926578938072
2137,7.735926578938072
2138,7.735926578938072
2139,7.735926578938072
2140,7.735926578938072
2141,7.735926578938072
2142,7.735926578938072
2143,7.735926578938072
2144,7.735926578938072
2145,7.735926578938072
2146,7.735926578938072
2147,7.735926578938072
2148,7.735926578938072
2149,7.735926578938072
2150,7.735926578938072
2151,7.735926578938072
2152,7.735926578938072
2153,7.735926578938072
2154,7.735926578938072
2155,7.735926578938072
2156,7.735926578938072
2157,7.735926578938072
2158,7.735926578938072
2159,7.735926578938072
2160,7.735926578938072
2161,7.735926578938072
2162,7.735926578938072
2163,7.735926578938072
2164,7.735926578938072
2165,7.735926578938072
2166,7.735926578938072
2167,7.735926578938072
2168,7.735926578938072
2169,7.735926578938072
2170,7.735926578938072
2171,7.735926578938072
2172,7.735926578938072
2173,7.735926578938072
2174,7.735926578938072
2175,7.735926578938072
2176,7.735926578938072
2177,7.735926578938072
2178,7.735926578938072
2179,7.735926578938072
2180,7.735926578938072
2181,7.735926578938072
2182,7.735926578938072
2183,7.735926578938072
2184,7.735926578938072
2185,7.735926578938072
2186,7.735926578938072
2187,7.735926578938072
2188,7.735926578938072
2189,7.735926578938072
2190,7.735926578938072
2191,7.735926578938072
2192,7.735926578938072
2193,7.735926578938072
2194,7.735926578938072
2195,7.735926578938072
2196,7.735926578938072
2197,7.735926578938072
2198,7.735926578938072
2199,7.735926578938072
2200,7.735926578938072
2201,7.735926578938072
2202,7.735926578938072
2203,7.735926578938072
2204,7.735926578938072
2205,7.735926578938072
2206,7.735926578938072
2207,7.735926578938072
2208,7.735926578938072
2209,7.735926578938072
2210,7.735926578938072
2211,7.735926578938072
2212,7.735926578938072
2213,7.735926578938072
2214,7.735926578938072
2215,7.735926578938072
2216,7.735926578938072
2217,7.735926578938072
2218,7.735926578938072
2219,7.735926578938072
2220,7.735926578938072
2221,7.735926578938072
2222,7.735926578938072
2223,7.735926578938072
2224,7.735926578938072
2225,7.735926578938072
2226,7.735926578938072
2227,7.735926578938072
2228,7.735926578938072
2229,7.735926578938072
2230,7.735926578938072
2231,7.735926578938072
2232,7.735926578938072
2233,7.735926578938072
2234,7.735926578938072
2235,7.735926578938072
2236,7.735926578938072
2237,7.735926578938072
2238,7.735926578938072
2239,7.735926578938072
2240,7.735926578938072
2241,7.735926578938072
2242,7.735926578938072
2243,7.735926578938072
2244,7.735926578938072
2245,7.735926578938072
2246,7.735926578938072
2247,7.735926578938072
2248,7.735926578938072
2249,7.735926578938072
2250,7.735926578938072
2251,7.735926578938072
2252,7.735926578938072
2253,7.735926578938072
2254,7.735926578938072
2255,7.735926578938072
2256,7.735926578938072
2257,7.735926578938072
2258,7.735926578938072
2259,7.735926578938072
2260,7.735926578938072
2261,7.735926578938072
2262,7.735926578938072
2263,7.735926578938072
2264,7.735926578938072
2265,7.735926578938072
2266,7.735926578938072
2267,7.735926578938072
2268,7.735926578938072
2269,7.735926578938072
2270,7.735926578938072
2271,7.735926578938072
2272,7.735926578938072
2273,7.735926578938072
2274,7.735926578938072
2275,7.735926578938072
2276,7.735926578938072
2277,7.735926578938072
2278,7.735926578938072
2279,7.735926578938072
2280,7.735926578938072
2281,7.735926578938072
2282,7.735926578938072
2283,7.735926578938072
2284,7.735926578938072
2285,7.735926578938072
2286,7.735926578938072
2287,7.735926578938072
2288,7.735926578938072
2289,7.735926578938072
2290,7.735926578938072
2291,7.735926578938072
2292,7.735926578938072
2293,7.735926578938072
2294,7.735926578938072
2295,7.735926578938072
2296,7.735926578938072
2297,7.735926578938072
2298,7.735926578938072
2299,7.735926578938072
2300,7.735926578938072
2301,7.735926578938072
2302,7.735926578938072
2303,7.735926578938072
2304,7.735926578938072
2305,7.735926578938072
2306,7.735926578938072
2307,7.735926578938072
2308,7.735926578938072
2309,7.735926578938072
2310,7.735926578938072
2311,7.735926578938072
2312,7.735926578938072
2313,7.735926578938072
2314,7.735926578938072
2315,7.735926578938072
2316,7.735926578938072
2317,7.735926578938072
2318,7.735926578938072
2319,7.735926578938072
2320,7.735926578938072
2321,7.735926578938072
2322,7.735926578938072
2323,7.735926578938072
2324,7.735926578938072
2325,7.735926578938072
2326,7.735926578938072
2327,7.735926578938072
2328,7.735926578938072
2329,7.735926578938072
2330,7.735926578938072
2331,7.735926578938072
2332,7.735926578938072
2333,7.735926578938072
2334,7.735926578938072
2335,7.735926578938072
2336,7.735926578938072
2337,7.735926578938072
2338,7.735926578938072
2339,7.735926578938072
2340,7.735926578938072
2341,7.735926578938072
2342,7.735926578938072
2343,7.735926578938072
2344,7.735926578938072
2345,7.735926578938072
2346,7.735926578938072
2347,7.735926578938072
2348,7.735926578938072
2349,7.735926578938072
2350,7.735926578938072
2351,7.735926578938072
2352,7.735926578938072
2353,7.735926578938072
2354,7.735926578938072
2355,7.735926578938072
2356,7.735926578938072
2357,7.735926578938072
2358,7.735926578938072
2359,7.735926578938072
2360,7.735926578938072
2361,7.735926578938072
2362,7.735926578938072
2363,7.735926578938072
2364,7.735926578938072
2365,7.735926578938072
2366,7.735926578938072
2367,7.735926578938072
2368,7.735926578938072
2369,7.735926578938072
2370,7.735926578938072
2371,7.735926578938072
2372,7.735926578938072
2373,7.735926578938072
2374,7.735926578938072
2375,7.735926578938072
2376,7.735926578938072
2377,7.735926578938072
2378,7.735926578938072
2379,7.735926578938072
2380,7.735926578938072
2381,7.735926578938072
2382,7.735926578938072
2383,7.735926578938072
2384,7.735926578938072
2385,7.735926578938072
2386,7.735926578938072
2387,7.735926578938072
2388,7.735926578938072
2389,7.735926578938072
2390,7.735926578938072
2391,7.735926578938072
2392,7.735926578938072
2393,7.735926578938072
2394,7.735926578938072
2395,7.735926578938072
2396,7.735926578938072
2397,7.735926578938072
2398,7.735926578938072
2399,7.735926578938072
2400,7.735926578938072
2401,7.735926578938072
2402,7.735926578938072
2403,7.735926578938072
2404,7.735926578938072
2405,7.735926578938072
2406,7.735926578938072
2407,7.735926578938072
2408,7.735926578938072
2409,7.735926578938072
2410,7.735926578938072
2411,7.735926578938072
2412,7.735926578938072
2413,7.735926578938072
2414,7.735926578938072
2415,7.735926578938072
2416,7.735926578938072
2417,7.735926578938072
2418,7.735926578938072
2419,7.735926578938072
2420,7.735926578938072
2421,7.735926578938072
2422,7.735926578938072
2423,7.735926578938072
2424,7.735926578938072
2425,7.735926578938072
2426,7.735926578938072
2427,7.735926578938072
2428,7.735926578938072
2429,7.735926578938072
2430,7.735926578938072
2431,7.735926578938072
2432,7.735926578938072
2433,7.735926578938072
2434,7.735926578938072
2435,7.735926578938072
2436,7.735926578938072
2437,7.735926578938072
2438,7.735926578938072
2439,7.735926578938072
2440,7.45215118081904
2441,7.45215118081904
2442,7.45215118081904
2443,7.45215118081904
2444,7.45215118081904
2445,7.45215118081904
2446,7.45215118081904
2447,7.45215118081904
2448,7.45215118081904
2449,7.45215118081904
2450,7.45215118081904
2451,7.45215118081904
2452,7.45215118081904
2453,7.45215118081904
2454,7.45215118081904
2455,7.45215118081904
2456,7.45215118081904
2457,7.45215118081904
2458,7.45215118081904
2459,7.45215118081904
2460,7.45215118081904
2461,7.45215118081904
2462,7.45215118081904
2463,7.45215118081904
2464,7.45215118081904
2465,7.45215118081904
2466,7.45215118081904
2467,7.45215118081904
2468,7.45215118081904
2469,7.45215118081904
2470,7.45215118081904
2471,7.45215118081904
2472,7.45215118081904
2473,7.45215118081904
2474,7.45215118081904
2475,7.45215118081904
2476,7.45215118081904
2477,7.45215118081904
2478,7.45215118081904
2479,7.45215118081904
2480,7.45215118081904
2481,7.45215118081904
2482,7.45215118081904
2483,7.45215118081904
2484,7.45215118081904
2485,7.45215118081904
2486,7.45215118081904
2487,7.45215118081904
2488,7.45215118081904
2489,7.45215118081904
2490,7.45215118081904
2491,7.45215118081904
2492,7.45215118081904
2493,7.45215118081904
2494,7.45215118081904
2495,7.45215118081904
2496,7.45215118081904
2497,7.45215118081904
2498,7.45215118081904
2499,7.45215118081904
2500,7.45215118081904
2501,7.45215118081904
2502,7.45215118081904
2503,7.45215118081904
2504,7.45215118081904
2505,7.45215118081904
2506,7.45215118081904
2507,7.45215118081904
2508,7.45215118081904
2509,7.45215118081904
2510,7.45215118081904
2511,7.45215118081904
2512,7.45215118081904
2513,7.45215118081904
2514,7.45215118081904
2515,7.45215118081904
2516,7.45215118081904
2517,7.45215118081904
2518,7.45215118081904
2519,7.45215118081904
2520,7.45215118081904
2521,7.45215118081904
2522,7.45215118081904
2523,7.45215118081904
2524,7.45215118081904
2525,7.45215118081904
2526,7.45215118081904
2527,7.45215118081904
2528,7.45215118081904
2529,7.45215118081904
2530,7.45215118081904
2531,7.45215118081904
2532,7.45215118081904
2533,7.45215118081904
2534,7.45215118081904
2535,7.45215118081904
2536,7.45215118081904
2537,7.45215118081904
2538,7.45215118081904
2539,7.45215118081904
2540,7.45215118081904
2541,7.45215118081904
2542,7.45215118081904
2543,7.45215118081904
2544,7.45215118081904
2545,7.45215118081904
2546,7.45215118081904
2547,7.45215118081904
2548,7.45215118081904
2549,7.45215118081904
2550,7.45215118081904
2551,7.45215118081904
2552,7.45215118081904
2553,7.45215118081904
2554,7.45215118081904
2555,7.45215118081904
2556,7.45215118081904
2557,7.45215118081904
2558,7.45215118081904
2559,7.45215118081904
2560,7.45215118081904
2561,7.45215118081904
2562,7.45215118081904
2563,7.45215118081904
2564,7.45215118081904
2565,7.45215118081904
2566,7.45215118081904
2567,7.45215118081904
2568,7.45215118081904
2569,7.45215118081904
2570,7.45215118081904
2571,7.45215118081904
2572,7.45215118081904
2573,7.45215118081904
2574,7.45215118081904
2575,7.45215118081904
2576,7.45215118081904
2577,7.45215118081904
2578,7.45215118081904
2579,7.45215118081904
2580,7.45215118081904
2581,7.45215118081904
2582,7.45215118081904
2583,7.45215118081904
2584,7.45215118081904
2585,7.45215118081904
2586,7.45215118081904
2587,7.45215118081904
2588,7.45215118081904
2589,7.45215118081904
2590,7.45215118081904
2591,7.45215118081904
2592,7.45215118081904
2593,7.45215118081904
2594,7.45215118081904
2595,7.45215118081904
2596,7.45215118081904
2597,7.45215118081904
2598,7.45215118081904
2599,7.45215118081904
2600,7.45215118081904
2601,7.45215118081904
2602,7.45215118081904
2603,7.45215118081904
2604,7.45215118081904
2605,7.45215118081904
2606,7.45215118081904
2607,7.45215118081904
2608,7.45215118081904
2609,7.45215118081904
2610,7.45215118081904
2611,7.45215118081904
2612,7.45215118081904
2613,7.45215118081904
2614,7.45215118081904
2615,7.45215118081904
2616,7.45215118081904
2617,7.45215118081904
2618,7.45215118081904
2619,7.45215118081904
2620,7.45215118081904
2621,7.45215118081904
2622,7.45215118081904
2623,7.45215118081904
2624,7.45215118081904
2625,7.45215118081904
2626,7.45215118081904
2627,7.45215118081904
2628,7.45215118081904
2629,7.45215118081904
2630,7.45215118081904
2631,7.45215118081904
2632,7.45215118081904
2633,7.45215118081904
2634,7.45215118081904
2635,7.45215118081904
2636,7.45215118081904
2637,7.45215118081904
2638,7.45215118081904
2639,7.45215118081904
2640,7.45215118081904
2641,7.45215118081904
2642,7.45215118081904
2643,7.45215118081904
2644,7.45215118081904
2645,7.45215118081904
2646,7.45215118081904
2647,7.45215118081904
2648,7.45215118081904
2649,7.45215118081904
2650,7.45215118081904
2651,7.45215118081904
2652,7.45215118081904
2653,7.45215118081904
2654,7.45215118081904
2655,7.45215118081904
2656,7.45215118081904
2657,7.45215118081904
2658,7.45215118081904
2659,7.45215118081904
2660,7.45215118081904
2661,7.45215118081904
2662,7.45215118081904
2663,7.45215118081904
2664,7.45215118081904
2665,7.45215118081904
2666,7.45215118081904
2667,7.45215118081904
2668,7.45215118081904
2669,7.45215118081904
2670,7.45215118081904
2671,7.45215118081904
2672,7.45215118081904
2673,7.45215118081904
2674,7.45215118081904
2675,7.45215118081904
2676,7.45215118081904
2677,7.45215118081904
2678,7.45215118081904
2679,7.45215118081904
2680,7.45215118081904
2681,7.45215118081904
2682,7.45215118081904
2683,7.45215118081904
2684,7.45215118081904
2685,7.45215118081904
2686,7.45215118081904
2687,7.45215118081904
2688,7.45215118081904
2689,7.45215118081904
2690,7.45215118081904
2691,7.45215118081904
2692,7.45215118081904
2693,7.45215118081904
2694,7.45215118081904
2695,7.45215118081904
2696,7.45215118081904
2697,7.45215118081904
2698,7.45215118081904
2699,7.45215118081904
2700,7.45215118081904
2701,7.45215118081904
2702,7.45215118081904
2703,7.45215118081904
2704,7.45215118081904
2705,7.45215118081904
2706,7.45215118081904
2707,7.45215118081904
2708,7.45215118081904
2709,7.45215118081904
2710,7.45215118081904
2711,7.45215118081904
2712,7.45215118081904
2713,7.45215118081904
2714,7.45215118081904
2715,7.45215118081904
2716,7.45215118081904
2717,7.45215118081904
2718,7.45215118081904
2719,7.45215118081904
2720,7.45215118081904
2721,7.45215118081904
2722,7.45215118081904
2723,7.45215118081904
2724,7.45215118081904
2725,7.45215118081904
2726,7.45215118081904
2727,7.45215118081904
2728,7.45215118081904
2729,7.45215118081904
2730,7.45215118081904
2731,7.45215118081904
2732,7.45215118081904
2733,7.45215118081904
2734,7.45215118081904
2735,7.45215118081904
2736,7.45215118081904
2737,7.45215118081904
2738,7.45215118081904
2739,7.45215118081904
2740,7.45215118081904
2741,7.45215118081904
2742,7.45215118081904
2743,7.45215118081904
2744,7.45215118081904
2745,7.45215118081904
2746,7.45215118081904
2747,7.45215118081904
2748,7.45215118081904
2749,7.45215118081904
2750,7.45215118081904
2751,7.45215118081904
2752,7.45215118081904
2753,7.45215118081904
2754,7.45215118081904
2755,7.45215118081904
2756,7.45215118081904
2757,7.45215118081904
2758,7.45215118081904
2759,7.45215118081904
2760,7.45215118081904
2761,7.45215118081904
2762,7.45215118081904
2763,7.45215118081904
2764,7.45215118081904
2765,7.45215118081904
2766,7.45215118081904
2767,7.45215118081904
2768,7.45215118081904
2769,7.45215118081904
2770,7.45215118081904
2771,7.45215118081904
2772,7.45215118081904
2773,7.45215118081904
2774,7.45215118081904
2775,7.45215118081904
2776,7.45215118081904
2777,7.45215118081904
2778,7.45215118081904
2779,7.45215118081904
2780,7.45215118081904
2781,7.45215118081904
2782,7.45215118081904
2783,7.45215118081904
2784,7.45215118081904
2785,7.45215118081904
2786,7.45215118081904
2787,7.45215118081904
2788,7.45215118081904
2789,7.45215118081904
2790,7.45215118081904
2791,7.45215118081904
2792,7.45215118081904
2793,7.45215118081904
2794,7.45215118081904
2795,7.45215118081904
2796,7.45215118081904
2797,7.45215118081904
2798,7.45215118081904
2799,7.45215118081904
2800,7.45215118081904
2801,7.45215118081904
2802,7.45215118081904
2803,7.45215118081904
2804,7.45215118081904
2805,7.45215118081904
2806,7.45215118081904
2807,7.45215118081904
2808,7.45215118081904
2809,7.45215118081904
2810,7.45215118081904
2811,7.45215118081904
2812,7.45215118081904
2813,7.45215118081904
2814,7.45215118081904
2815,7.45215118081904
2816,7.45215118081904
2817,7.45215118081904
2818,7.45215118081904
2819,7.45215118081904
2820,7.45215118081904
2821,7.45215118081904
2822,7.45215118081904
2823,7.45215118081904
2824,7.45215118081904
2825,7.45215118081904
2826,7.45215118081904
2827,7.45215118081904
2828,7.45215118081904
2829,7.45215118081904
2830,7.45215118081904
2831,7.45215118081904
2832,7.45215118081904
2833,7.45215118081904
2834,7.45215118081904
2835,7.45215118081904
2836,7.45215118081904
2837,7.45215118081904
2838,7.45215118081904
2839,7.45215118081904
2840,7.45215118081904
2841,7.45215118081904
2842,7.45215118081904
2843,7.45215118081904
2844,7.45215118081904
2845,7.45215118081904
2846,7.45215118081904
2847,7.45215118081904
2848,7.45215118081904
2849,7.45215118081904
2850,7.45215118081904
2851,7.45215118081904
2852,7.45215118081904
2853,7.45215118081904
2854,7.45215118081904
2855,7.45215118081904
2856,7.45215118081904
2857,7.45215118081904
2858,7.45215118081904
2859,7.45215118081904
2860,7.45215118081904
2861,7.45215118081904
2862,7.45215118081904
2863,7.45215118081904
2864,7.45215118081904
2865,7.45215118081904
2866,7.45215118081904
2867,7.45215118081904
2868,7.45215118081904
2869,7.45215118081904
2870,7.45215118081904
2871,7.45215118081904
2872,7.45215118081904
2873,7.45215118081904
2874,7.45215118081904
2875,7.45215118081904
2876,7.45215118081904
2877,7.45215118081904
2878,7.45215118081904
2879,7.45215118081904
2880,7.45215118081904
2881,7.45215118081904
2882,7.45215118081904
2883,7.45215118081904
2884,7.45215118081904
2885,7.45215118081904
2886,7.45215118081904
2887,7.45215118081904
2888,7.45215118081904
2889,7.45215118081904
2890,7.45215118081904
2891,7.45215118081904
2892,7.45215118081904
2893,7.45215118081904
2894,7.45215118081904
2895,7.45215118081904
2896,7.45215118081904
2897,7.45215118081904
2898,7.45215118081904
2899,7.45215118081904
2900,7.45215118081904
2901,7.45215118081904
2902,7.45215118081904
2903,7.45215118081904
2904,7.45215118081904
2905,7.45215118081904
2906,7.45215118081904
2907,7.45215118081904
2908,7.45215118081904
2909,7.45215118081904
2910,7.45215118081904
2911,7.45215118081904
2912,7.45215118081904
2913,7.45215118081904
2914,7.45215118081904
2915,7.45215118081904
2916,7.45215118081904
2917,7.45215118081904
2918,7.45215118081904
2919,7.45215118081904
2920,7.45215118081904
2921,7.45215118081904
2922,7.45215118081904
2923,7.45215118081904
2924,7.45215118081904
2925,7.45215118081904
2926,7.45215118081904
2927,7.45215118081904
2928,7.45215118081904
2929,7.45215118081904
2930,7.45215118081904
2931,7.45215118081904
2932,7.45215118081904
2933,7.45215118081904
2934,7.45215118081904
2935,7.45215118081904
2936,7.45215118081904
2937,7.45215118081904
2938,7.45215118081904
2939,7.45215118081904
2940,7.45215118081904
2941,7.45215118081904
2942,7.45215118081904
2943,7.45215118081904
2944,7.45215118081904
2945,7.45215118081904
2946,7.45215118081904
2947,7.45215118081904
2948,7.45215118081904
2949,7.45215118081904
2950,7.45215118081904
2951,7.45215118081904
2952,7.45215118081904
2953,7.45215118081904
2954,7.45215118081904
2955,7.45215118081904
2956,7.45215118081904
2957,7.45215118081904
2958,7.45215118081904
2959,7.45215118081904
2960,7.45215118081904
2961,7.45215118081904
2962,7.45215118081904
2963,7.45215118081904
2964,7.45215118081904
2965,7.45215118081904
2966,7.45215118081904
2967,7.45215118081904
2968,7.45215118081904
2969,7.45215118081904
2970,7.45215118081904
2971,7.45215118081904
2972,7.45215118081904
2973,7.45215118081904
2974,7.45215118081904
2975,7.45215118081904
2976,7.45215118081904
2977,7.45215118081904
2978,7.45215118081904
2979,7.45215118081904
2980,7.45215118081904
2981,7.45215118081904
2982,7.45215118081904
2983,7.45215118081904
2984,7.45215118081904
2985,7.45215118081904
2986,7.45215118081904
2987,7.45215118081904
2988,7.45215118081904
2989,7.45215118081904
2990,7.45215118081904
2991,7.45215118081904
2992,7.45215118081904
2993,7.45215118081904
2994,7.45215118081904
2995,7.45215118081904
2996,7.45215118081904
2997,7.45215118081904
2998,7.45215118081904
2999,7.45215118081904
3000,7.45215118081904
3001,7.45215118081904
3002,7.45215118081904
3003,7.45215118081904
3004,7.45215118081904
3005,7.45215118081904
3006,7.45215118081904
3007,7.45215118081904
3008,7.45215118081904
3009,7.45215118081904
3010,7.45215118081904
3011,7.45215118081904
3012,7.45215118081904
3013,7.45215118081904
3014,7.45215118081904
3015,7.45215118081904
3016,7.45215118081904
3017,7.45215118081904
3018,7.45215118081904
3019,7.45215118081904
3020,7.45215118081904
3021,7.45215118081904
3022,7.45215118081904
3023,7.45215118081904
3024,7.45215118081904
3025,7.45215118081904
3026,7.45215118081904
3027,7.45215118081904
3028,7.45215118081904
3029,7.45215118081904
3030,7.45215118081904
3031,7.45215118081904
3032,7.45215118081904
3033,7.45215118081904
3034,7.45215118081904
3035,7.45215118081904
3036,7.45215118081904
3037,7.45215118081904
3038,7.45215118081904
3039,7.45215118081904
3040,7.45215118081904
3041,7.45215118081904
3042,7.45215118081904
3043,7.45215118081904
3044,7.45215118081904
3045,7.45215118081904
3046,7.45215118081904
3047,7.45215118081904
3048,7.45215118081904
3049,7.45215118081904
3050,7.45215118081904
3051,7.45215118081904
3052,7.45215118081904
3053,7.45215118081904
3054,7.45215118081904
3055,7.45215118081904
3056,7.45215118081904
3057,7.45215118081904
3058,7.45215118081904
3059,7.45215118081904
3060,7.45215118081904
3061,7.45215118081904
3062,7.45215118081904
3063,7.45215118081904
3064,7.45215118081904
3065,7.45215118081904
3066,7.45215118081904
3067,7.45215118081904
3068,7.45215118081904
3069,7.45215118081904
3070,7.45215118081904
3071,7.45215118081904
3072,7.45215118081904
3073,7.45215118081904
3074,7.45215118081904
3075,7.45215118081904
3076,7.45215118081904
3077,7.45215118081904
3078,7.45215118081904
3079,7.45215118081904
3080,7.45215118081904
3081,7.45215118081904
3082,7.45215118081904
3083,7.45215118081904
3084,7.45215118081904
3085,7.45215118081904
3086,7.45215118081904
3087,7.45215118081904
3088,7.45215118081904
3089,7.45215118081904
3090,7.45215118081904
3091,7.45215118081904
3092,7.45215118081904
3093,7.45215118081904
3094,7.45215118081904
3095,7.45215118081904
3096,7.45215118081904
3097,7.45215118081904
3098,7.45215118081904
3099,7.45215118081904
3100,7.45215118081904
3101,7.45215118081904
3102,7.45215118081904
3103,7.45215118081904
3104,7.45215118081904
3105,7.45215118081904
3106,7.45215118081904
3107,7.45215118081904
3108,7.45215118081904
3109,7.45215118081904
3110,7.45215118081904
3111,7.45215118081904
3112,7.45215118081904
3113,7.45215118081904
3114,7.45215118081904
3115,7.45215118081904
3116,7.45215118081904
3117,7.45215118081904
3118,7.45215118081904
3119,7.45215118081904
3120,7.45215118081904
3121,7.45215118081904
3122,7.45215118081904
3123,7.45215118081904
3124,7.45215118081904
3125,7.45215118081904
3126,7.45215118081904
3127,7.45215118081904
3128,7.45215118081904
3129,7.45215118081904
3130,7.45215118081904
3131,7.45215118081904
3132,7.45215118081904
3133,7.45215118081904
3134,7.45215118081904
3135,7.45215118081904
3136,7.45215118081904
3137,7.45215118081904
3138,7.45215118081904
3139,7.45215118081904
3140,7.45215118081904
3141,7.45215118081904
3142,7.45215118081904
3143,7.45215118081904
3144,7.45215118081904
3145,7.45215118081904
3146,7.45215118081904
3147,7.45215118081904
3148,7.45215118081904
3149,7.45215118081904
3150,7.45215118081904
3151,7.45215118081904
3152,7.45215118081904
3153,7.45215118081904
3154,7.45215118081904
3155,7.45215118081904
3156,7.45215118081904
3157,7.45215118081904
3158,7.45215118081904
3159,7.45215118081904
3160,7.45215118081904
3161,7.45215118081904
3162,7.45215118081904
3163,7.45215118081904
3164,7.45215118081904
3165,7.45215118081904
3166,7.45215118081904
3167,7.45215118081904
3168,7.45215118081904
3169,7.45215118081904
3170,7.45215118081904
3171,7.45215118081904
3172,7.45215118081904
3173,7.45215118081904
3174,7.45215118081904
3175,7.45215118081904
3176,7.45215118081904
3177,7.45215118081904
3178,7.45215118081904
3179,7.45215118081904
3180,7.45215118081904
3181,7.45215118081904
3182,7.45215118081904
3183,7.45215118081904
3184,7.45215118081904
3185,7.45215118081904
3186,7.45215118081904
3187,7.45215118081904
3188,7.45215118081904
3189,7.45215118081904
3190,7.45215118081904
3191,7.45215118081904
3192,7.45215118081904
3193,7.45215118081904
3194,7.45215118081904
3195,7.45215118081904
3196,7.45215118081904
3197,7.45215118081904
3198,7.45215118081904
3199,7.45215118081904
3200,7.45215118081904
3201,7.45215118081904
3202,7.45215118081904
3203,7.45215118081904
3204,7.45215118081904
3205,7.45215118081904
3206,7.45215118081904
3207,7.45215118081904
3208,7.45215118081904
3209,7.45215118081904
3210,7.45215118081904
3211,7.45215118081904
3212,7.45215118081904
3213,7.45215118081904
3214,7.45215118081904
3215,7.45215118081904
3216,7.45215118081904
3217,7.45215118081904
3218,7.45215118081904
3219,7.45215118081904
3220,7.45215118081904
3221,7.45215118081904
3222,7.45215118081904
3223,7.45215118081904
3224,7.45215118081904
3225,7.45215118081904
3226,7.45215118081904
3227,7.45215118081904
3228,7.45215118081904
3229,7.45215118081904
3230,7.45215118081904
3231,7.45215118081904
3232,7.45215118081904
3233,7.45215118081904
3234,7.45215118081904
3235,7.45215118081904
3236,7.45215118081904
3237,7.45215118081904
3238,7.45215118081904
3239,7.45215118081904
3240,7.45215118081904
3241,7.45215118081904
3242,7.45215118081904
3243,7.45215118081904
3244,7.45215118081904
3245,7.45215118081904
3246,7.45215118081904
3247,7.45215118081904
3248,7.45215118081904
3249,7.45215118081904
3250,7.45215118081904
3251,7.45215118081904
3252,7.45215118081904
3253,7.45215118081904
3254,7.45215118081904
3255,7.45215118081904
3256,7.45215118081904
3257,7.45215118081904
3258,7.45215118081904
3259,7.45215118081904
3260,7.45215118081904
3261,7.45215118081904
3262,7.45215118081904
3263,7.45215118081904
3264,7.45215118081904
3265,7.45215118081904
3266,7.45215118081904
3267,7.45215118081904
3268,7.45215118081904
3269,7.45215118081904
3270,7.45215118081904
3271,7.45215118081904
3272,7.45215118081904
3273,7.45215118081904
3274,7.45215118081904
3275,7.45215118081904
3276,7.45215118081904
3277,7.45215118081904
3278,7.45215118081904
3279,7.45215118081904
3280,7.45215118081904
3281,7.45215118081904
3282,7.45215118081904
3283,7.45215118081904
3284,7.45215118081904
3285,7.45215118081904
3286,7.45215118081904
3287,7.45215118081904
3288,7.45215118081904
3289,7.45215118081904
3290,7.45215118081904
3291,7.45215118081904
3292,7.45215118081904
3293,7.45215118081904
3294,7.45215118081904
3295,7.45215118081904
3296,7.45215118081904
3297,7.45215118081904
3298,7.45215118081904
3299,7.45215118081904
3300,7.45215118081904
3301,7.45215118081904
3302,7.45215118081904
3303,7.45215118081904
3304,7.45215118081904
3305,7.45215118081904
3306,7.45215118081904
3307,7.45215118081904
3308,7.45215118081904
3309,7.45215118081904
3310,7.45215118081904
3311,7.45215118081904
3312,7.45215118081904
3313,7.45215118081904
3314,7.45215118081904
3315,7.45215118081904
3316,7.45215118081904
3317,7.45215118081904
3318,7.45215118081904
3319,7.45215118081904
3320,7.45215118081904
3321,7.45215118081904
3322,7.45215118081904
3323,7.45215118081904
3324,7.45215118081904
3325,7.45215118081904
3326,7.45215118081904
3327,7.45215118081904
3328,7.45215118081904
3329,7.45215118081904
3330,7.45215118081904
3331,7.45215118081904
3332,7.45215118081904
3333,7.45215118081904
3334,7.45215118081904
3335,7.45215118081904
3336,7.45215118081904
3337,7.45215118081904
3338,7.45215118081904
3339,7.45215118081904
3340,7.45215118081904
3341,7.45215118081904
3342,7.45215118081904
3343,7.45215118081904
3344,7.45215118081904
3345,7.45215118081904
3346,7.45215118081904
3347,7.45215118081904
3348,7.45215118081904
3349,7.45215118081904
3350,7.45215118081904
3351,7.45215118081904
3352,7.45215118081904
3353,7.45215118081904
3354,7.45215118081904
3355,7.45215118081904
3356,7.45215118081904
3357,7.45215118081904
3358,7.45215118081904
3359,7.45215118081904
3360,7.45215118081904
3361,7.45215118081904
3362,7.45215118081904
3363,7.45215118081904
3364,7.45215118081904
3365,7.45215118081904
3366,7.45215118081904
3367,7.45215118081904
3368,7.45215118081904
3369,7.45215118081904
3370,7.45215118081904
3371,7.45215118081904
3372,7.45215118081904
3373,7.45215118081904
3374,7.45215118081904
3375,7.45215118081904
3376,7.45215118081904
3377,7.45215118081904
3378,7.45215118081904
3379,7.45215118081904
3380,7.45215118081904
3381,7.45215118081904
3382,7.45215118081904
3383,7.45215118081904
3384,7.45215118081904
3385,7.45215118081904
3386,7.45215118081904
3387,7.45215118081904
3388,7.45215118081904
3389,7.45215118081904
3390,7.45215118081904
3391,7.45215118081904
3392,7.45215118081904
3393,7.45215118081904
3394,7.45215118081904
3395,7.45215118081904
3396,7.45215118081904
3397,7.45215118081904
3398,7.45215118081904
3399,7.45215118081904
3400,7.45215118081904
3401,7.45215118081904
3402,7.45215118081904
3403,7.45215118081904
3404,7.45215118081904
3405,7.45215118081904
3406,7.45215118081904
3407,7.45215118081904
3408,7.45215118081904
3409,7.45215118081904
3410,7.45215118081904
3411,7.45215118081904
3412,7.45215118081904
3413,7.45215118081904
3414,7.45215118081904
3415,7.45215118081904
3416,7.45215118081904
3417,7.45215118081904
3418,7.45215118081904
3419,7.45215118081904
3420,7.45215118081904
3421,7.45215118081904
3422,7.45215118081904
3423,7.45215118081904
3424,7.45215118081904
3425,7.45215118081904
3426,7.45215118081904
3427,7.45215118081904
3428,7.45215118081904
3429,7.45215118081904
3430,7.45215118081904
3431,7.45215118081904
3432,7.45215118081904
3433,7.45215118081904
3434,7.45215118081904
3435,7.45215118081904
3436,7.45215118081904
3437,7.45215118081904
3438,7.45215118081904
3439,7.45215118081904
3440,7.45215118081904
3441,7.45215118081904
3442,7.45215118081904
3443,7.45215118081904
3444,7.45215118081904
3445,7.45215118081904
3446,7.45215118081904
3447,7.45215118081904
3448,7.45215118081904
3449,7.45215118081904
3450,7.45215118081904
3451,7.45215118081904
3452,7.45215118081904
3453,7.45215118081904
3454,7.45215118081904
3455,7.45215118081904
3456,7.45215118081904
3457,7.45215118081904
3458,7.45215118081904
3459,7.45215118081904
3460,7.45215118081904
3461,7.45215118081904
3462,7.45215118081904
3463,7.45215118081904
3464,7.45215118081904
3465,7.45215118081904
3466,7.45215118081904
3467,7.45215118081904
3468,7.45215118081904
3469,7.45215118081904
3470,7.45215118081904
3471,7.45215118081904
3472,7.45215118081904
3473,7.45215118081904
3474,7.45215118081904
3475,7.45215118081904
3476,7.45215118081904
3477,7.45215118081904
3478,7.45215118081904
3479,7.45215118081904
3480,7.45215118081904
3481,7.45215118081904
3482,7.45215118081904
3483,7.45215118081904
3484,7.45215118081904
3485,7.45215118081904
3486,7.45215118081904
3487,7.45215118081904
3488,7.45215118081904
3489,7.45215118081904
3490,7.45215118081904
3491,7.45215118081904
3492,7.45215118081904
3493,7.45215118081904
3494,7.45215118081904
3495,7.45215118081904
3496,7.45215118081904
3497,7.45215118081904
3498,7.45215118081904
3499,7.45215118081904
3500,7.45215118081904
3501,7.45215118081904
3502,7.45215118081904
3503,7.45215118081904
3504,7.45215118081904
3505,7.45215118081904
3506,7.45215118081904
3507,7.45215118081904
3508,7.45215118081904
3509,7.45215118081904
3510,7.45215118081904
3511,7.45215118081904
3512,7.45215118081904
3513,7.45215118081904
3514,7.45215118081904
3515,7.45215118081904
3516,7.45215118081904
3517,7.45215118081904
3518,7.45215118081904
3519,7.45215118081904
3520,7.45215118081904
3521,7.45215118081904
3522,7.45215118081904
3523,7.45215118081904
3524,7.45215118081904
3525,7.45215118081904
3526,7.45215118081904
3527,7.45215118081904
3528,7.45215118081904
3529,7.45215118081904
3530,7.45215118081904
3531,7.45215118081904
3532,7.45215118081904
3533,7.45215118081904
3534,7.45215118081904
3535,7.45215118081904
3536,7.45215118081904
3537,7.45215118081904
3538,7.45215118081904
3539,7.45215118081904
3540,7.45215118081904
3541,7.45215118081904
3542,7.45215118081904
3543,7.45215118081904
3544,7.45215118081904
3545,7.45215118081904
3546,7.45215118081904
3547,7.45215118081904
3548,7.45215118081904
3549,7.45215118081904
3550,7.45215118081904
3551,7.45215118081904
3552,7.45215118081904
3553,7.45215118081904
3554,7.45215118081904
3555,7.45215118081904
3556,7.45215118081904
3557,7.45215118081904
3558,7.45215118081904
3559,7.45215118081904
3560,7.45215118081904
3561,7.45215118081904
3562,7.45215118081904
3563,7.45215118081904
3564,7.45215118081904
3565,7.45215118081904
3566,7.45215118081904
3567,7.45215118081904
3568,7.45215118081904
3569,7.45215118081904
3570,7.45215118081904
3571,7.45215118081904
3572,7.45215118081904
3573,7.45215118081904
3574,7.45215118081904
3575,7.45215118081904
3576,7.45215118081904
3577,7.45215118081904
3578,7.45215118081904
3579,7.45215118081904
3580,7.45215118081904
3581,7.45215118081904
3582,7.45215118081904
3583,7.45215118081904
3584,7.45215118081904
3585,7.45215118081904
3586,7.45215118081904
3587,7.45215118081904
3588,7.45215118081904
3589,7.45215118081904
3590,7.45215118081904
3591,7.45215118081904
3592,7.45215118081904
3593,7.45215118081904
3594,7.45215118081904
3595,7.45215118081904
3596,7.45215118081904
3597,7.45215118081904
3598,7.45215118081904
3599,7.45215118081904
3600,7.45215118081904
3601,7.45215118081904
3602,7.45215118081904
3603,7.45215118081904
3604,7.45215118081904
3605,7.45215118081904
3606,7.45215118081904
3607,7.45215118081904
3608,7.45215118081904
3609,7.45215118081904
3610,7.45215118081904
3611,7.45215118081904
3612,7.45215118081904
3613,7.45215118081904
3614,7.45215118081904
3615,7.45215118081904
3616,7.45215118081904
3617,7.45215118081904
3618,7.45215118081904
3619,7.45215118081904
3620,7.45215118081904
3621,7.45215118081904
3622,7.45215118081904
3623,7.45215118081904
3624,7.45215118081904
3625,7.45215118081904
3626,7.45215118081904
3627,7.45215118081904
3628,7.45215118081904
3629,7.45215118081904
3630,7.45215118081904
3631,7.45215118081904
3632,7.45215118081904
3633,7.45215118081904
3634,7.45215118081904
3635,7.45215118081904
3636,7.45215118081904
3637,7.45215118081904
3638,7.45215118081904
3639,7.45215118081904
3640,7.45215118081904
3641,7.45215118081904
3642,7.45215118081904
3643,7.45215118081904
3644,7.45215118081904
3645,7.45215118081904
3646,7.45215118081904
3647,7.45215118081904
3648,7.45215118081904
3649,7.45215118081904
3650,7.45215118081904
3651,7.45215118081904
3652,7.45215118081904
3653,7.45215118081904
3654,7.45215118081904
3655,7.45215118081904
3656,7.45215118081904
3657,7.45215118081904
3658,7.45215118081904
3659,7.45215118081904
3660,7.45215118081904
3661,7.45215118081904
3662,7.45215118081904
3663,7.45215118081904
3664,7.45215118081904
3665,7.45215118081904
3666,7.45215118081904
3667,7.45215118081904
3668,7.45215118081904
3669,7.45215118081904
3670,7.45215118081904
3671,7.45215118081904
3672,7.45215118081904
3673,7.45215118081904
3674,7.45215118081904
3675,7.45215118081904
3676,7.45215118081904
3677,7.45215118081904
3678,7.45215118081904
3679,7.45215118081904
3680,7.45215118081904
3681,7.45215118081904
3682,7.45215118081904
3683,7.45215118081904
3684,7.45215118081904
3685,7.45215118081904
3686,7.45215118081904
3687,7.45215118081904
3688,7.45215118081904
3689,7.45215118081904
3690,7.45215118081904
3691,7.45215118081904
3692,7.45215118081904
3693,7.45215118081904
3694,7.45215118081904
3695,7.45215118081904
3696,7.45215118081904
3697,7.45215118081904
3698,7.45215118081904
3699,7.45215118081904
3700,7.45215118081904
3701,7.45215118081904
3702,7.45215118081904
3703,7.45215118081904
3704,7.45215118081904
3705,7.45215118081904
3706,7.45215118081904
3707,7.45215118081904
3708,7.45215118081904
3709,7.45215118081904
3710,7.45215118081904
3711,7.45215118081904
3712,7.45215118081904
3713,7.45215118081904
3714,7.45215118081904
3715,7.45215118081904
3716,7.45215118081904
3717,7.45215118081904
3718,7.45215118081904
3719,7.45215118081904
3720,7.45215118081904
3721,7.45215118081904
3722,7.45215118081904
3723,7.45215118081904
3724,7.45215118081904
3725,7.45215118081904
3726,7.45215118081904
3727,7.45215118081904
3728,7.45215118081904
3729,7.45215118081904
3730,7.45215118081904
3731,7.45215118081904
3732,7.45215118081904
3733,7.45215118081904
3734,7.45215118081904
3735,7.45215118081904
3736,7.45215118081904
3737,7.45215118081904
3738,7.45215118081904
3739,7.45215118081904
3740,7.45215118081904
3741,7.45215118081904
3742,7.45215118081904
3743,7.45215118081904
3744,7.45215118081904
3745,7.45215118081904
3746,7.45215118081904
3747,7.45215118081904
3748,7.45215118081904
3749,7.45215118081904
3750,7.45215118081904
3751,7.45215118081904
3752,7.45215118081904
3753,7.45215118081904
3754,7.45215118081904
3755,7.45215118081904
3756,7.45215118081904
3757,7.45215118081904
3758,7.45215118081904
3759,7.45215118081904
3760,7.45215118081904
3761,7.45215118081904
3762,7.45215118081904
3763,7.45215118081904
3764,7.45215118081904
3765,7.45215118081904
3766,7.45215118081904
3767,7.45215118081904
3768,7.45215118081904
3769,7.45215118081904
3770,7.45215118081904
3771,7.45215118081904
3772,7.45215118081904
3773,7.45215118081904
3774,7.45215118081904
3775,7.45215118081904
3776,7.45215118081904
3777,7.45215118081904
3778,7.45215118081904
3779,7.45215118081904
3780,7.45215118081904
3781,7.45215118081904
3782,7.45215118081904
3783,7.45215118081904
3784,7.45215118081904
3785,7.45215118081904
3786,7.45215118081904
3787,7.45215118081904
3788,7.45215118081904
3789,7.45215118081904
3790,7.45215118081904
3791,7.45215118081904
3792,7.45215118081904
3793,7.45215118081904
3794,7.45215118081904
3795,7.45215118081904
3796,7.45215118081904
3797,7.45215118081904
3798,7.45215118081904
3799,7.45215118081904
3800,7.45215118081904
3801,7.45215118081904
3802,7.45215118081904
3803,7.45215118081904
3804,7.45215118081904
3805,7.45215118081904
3806,7.45215118081904
3807,7.45215118081904
3808,7.45215118081904
3809,7.45215118081904
3810,7.45215118081904
3811,7.45215118081904
3812,7.45215118081904
3813,7.45215118081904
3814,7.45215118081904
3815,7.45215118081904
3816,7.45215118081904
3817,7.45215118081904
3818,7.45215118081904
3819,7.45215118081904
3820,7.45215118081904
3821,7.45215118081904
3822,7.45215118081904
3823,7.45215118081904
3824,7.45215118081904
3825,7.45215118081904
3826,7.45215118081904
3827,7.45215118081904
3828,7.45215118081904
3829,7.45215118081904
3830,7.45215118081904
3831,7.45215118081904
3832,7.45215118081904
3833,7.45215118081904
3834,7.45215118081904
3835,7.45215118081904
3836,7.45215118081904
3837,7.45215118081904
3838,7.45215118081904
3839,7.45215118081904
3840,7.45215118081904
3841,7.45215118081904
3842,7.45215118081904
3843,7.45215118081904
3844,7.45215118081904
3845,7.45215118081904
3846,7.45215118081904
3847,7.45215118081904
3848,7.45215118081904
3849,7.45215118081904
3850,7.45215118081904
3851,7.45215118081904
3852,7.45215118081904
3853,7.45215118081904
3854,7.45215118081904
3855,7.45215118081904
3856,7.45215118081904
3857,7.45215118081904
3858,7.45215118081904
3859,7.45215118081904
3860,7.45215118081904
3861,7.45215118081904
3862,7.45215118081904
3863,7.45215118081904
3864,7.45215118081904
3865,7.45215118081904
3866,7.45215118081904
3867,7.45215118081904
3868,7.45215118081904
3869,7.45215118081904
3870,7.45215118081904
3871,7.45215118081904
3872,7.45215118081904
3873,7.45215118081904
3874,7.45215118081904
3875,7.45215118081904
3876,7.45215118081904
3877,7.45215118081904
3878,7.45215118081904
3879,7.45215118081904
3880,7.45215118081904
3881,7.45215118081904
3882,7.45215118081904
3883,7.45215118081904
3884,7.45215118081904
3885,7.45215118081904
3886,7.45215118081904
3887,7.45215118081904
3888,7.45215118081904
3889,7.45215118081904
3890,7.45215118081904
3891,7.45215118081904
3892,7.45215118081904
3893,7.45215118081904
3894,7.45215118081904
3895,7.45215118081904
3896,7.45215118081904
3897,7.45215118081904
3898,7.45215118081904
3899,7.45215118081904
3900,7.45215118081904
3901,7.45215118081904
3902,7.45215118081904
3903,7.45215118081904
3904,7.45215118081904
3905,7.45215118081904
3906,7.45215118081904
3907,7.45215118081904
3908,7.45215118081904
3909,7.45215118081904
3910,7.45215118081904
3911,7.45215118081904
3912,7.45215118081904
3913,7.45215118081904
3914,7.45215118081904
3915,7.45215118081904
3916,7.45215118081904
3917,7.45215118081904
3918,7.45215118081904
3919,7.45215118081904
3920,7.45215118081904
3921,7.45215118081904
3922,7.45215118081904
3923,7.45215118081904
3924,7.45215118081904
3925,7.45215118081904
3926,7.45215118081904
3927,7.45215118081904
3928,7.45215118081904
3929,7.45215118081904
3930,7.45215118081904
3931,7.45215118081904
3932,7.45215118081904
3933,7.45215118081904
3934,7.45215118081904
3935,7.45215118081904
3936,7.45215118081904
3937,7.45215118081904
3938,7.45215118081904
3939,7.45215118081904
3940,7.45215118081904
3941,7.45215118081904
3942,7.45215118081904
3943,7.45215118081904
3944,7.45215118081904
3945,7.45215118081904
3946,7.45215118081904
3947,7.45215118081904
3948,7.45215118081904
3949,7.45215118081904
3950,7.45215118081904
3951,7.45215118081904
3952,7.45215118081904
3953,7.45215118081904
3954,7.45215118081904
3955,7.45215118081904
3956,7.45215118081904
3957,7.45215118081904
3958,7.45215118081904
3959,7.45215118081904
3960,7.45215118081904
3961,7.45215118081904
3962,7.45215118081904
3963,7.45215118081904
3964,7.45215118081904
3965,7.45215118081904
3966,7.45215118081904
3967,7.45215118081904
3968,7.45215118081904
3969,7.45215118081904
3970,7.45215118081904
3971,7.45215118081904
3972,7.45215118081904
3973,7.45215118081904
3974,7.45215118081904
3975,7.45215118081904
3976,7.45215118081904
3977,7.45215118081904
3978,7.45215118081904
3979,7.45215118081904
3980,7.45215118081904
3981,7.45215118081904
3982,7.45215118081904
3983,7.45215118081904
3984,7.45215118081904
3985,7.45215118081904
3986,7.45215118081904
3987,7.45215118081904
3988,7.45215118081904
3989,7.45215118081904
3990,7.45215118081904
3991,7.45215118081904
3992,7.45215118081904
3993,7.45215118081904
3994,7.45215118081904
3995,7.45215118081904
3996,7.45215118081904
3997,7.45215118081904
3998,7.45215118081904
3999,7.45215118081904
4000,7.45215118081904
4001,7.45215118081904
4002,7.45215118081904
4003,7.45215118081904
4004,7.45215118081904
4005,7.45215118081904
4006,7.45215118081904
4007,7.45215118081904
4008,7.45215118081904
4009,7.45215118081904
4010,7.45215118081904
4011,7.45215118081904
4012,7.45215118081904
4013,7.45215118081904
4014,7.45215118081904
4015,7.45215118081904
4016,7.45215118081904
4017,7.45215118081904
4018,7.45215118081904
4019,7.45215118081904
4020,7.45215118081904
4021,7.45215118081904
4022,7.45215118081904
4023,7.45215118081904
4024,7.45215118081904
4025,7.45215118081904
4026,7.45215118081904
4027,7.45215118081904
4028,7.45215118081904
4029,7.45215118081904
4030,7.45215118081904
4031,7.45215118081904
4032,7.45215118081904
4033,7.45215118081904
4034,7.45215118081904
4035,7.45215118081904
4036,7.45215118081904
4037,7.45215118081904
4038,7.45215118081904
4039,7.45215118081904
4040,7.45215118081904
4041,7.45215118081904
4042,7.45215118081904
4043,7.45215118081904
4044,7.45215118081904
4045,7.45215118081904
4046,7.45215118081904
4047,7.45215118081904
4048,7.45215118081904
4049,7.45215118081904
4050,7.45215118081904
4051,7.45215118081904
4052,7.45215118081904
4053,7.45215118081904
4054,7.45215118081904
4055,7.45215118081904
4056,7.45215118081904
4057,7.45215118081904
4058,7.45215118081904
4059,7.45215118081904
4060,7.45215118081904
4061,7.45215118081904
4062,7.45215118081904
4063,7.45215118081904
4064,7.45215118081904
4065,7.45215118081904
4066,7.45215118081904
4067,7.45215118081904
4068,7.45215118081904
4069,7.45215118081904
4070,7.45215118081904
4071,7.45215118081904
4072,7.45215118081904
4073,7.45215118081904
4074,7.45215118081904
4075,7.45215118081904
4076,7.45215118081904
4077,7.45215118081904
4078,7.45215118081904
4079,7.45215118081904
4080,7.45215118081904
4081,7.45215118081904
4082,7.45215118081904
4083,7.45215118081904
4084,7.45215118081904
4085,7.45215118081904
4086,7.45215118081904
4087,7.45215118081904
4088,7.45215118081904
4089,7.45215118081904
4090,7.45215118081904
4091,7.45215118081904
4092,7.45215118081904
4093,7.45215118081904
4094,7.45215118081904
4095,7.45215118081904
4096,7.45215118081904
4097,7.45215118081904
4098,7.45215118081904
4099,7.45215118081904
4100,7.45215118081904
4101,7.45215118081904
4102,7.45215118081904
4103,7.45215118081904
4104,7.45215118081904
4105,7.45215118081904
4106,7.45215118081904
4107,7.45215118081904
4108,7.45215118081904
4109,7.45215118081904
4110,7.45215118081904
4111,7.45215118081904
4112,7.45215118081904
4113,7.45215118081904
4114,7.45215118081904
4115,7.45215118081904
4116,7.45215118081904
4117,7.45215118081904
4118,7.45215118081904
4119,7.45215118081904
4120,7.45215118081904
4121,7.45215118081904
4122,7.45215118081904
4123,7.45215118081904
4124,7.45215118081904
4125,7.45215118081904
4126,7.45215118081904
4127,7.45215118081904
4128,7.45215118081904
4129,7.45215118081904
4130,7.45215118081904
4131,7.45215118081904
4132,7.45215118081904
4133,7.45215118081904
4134,7.45215118081904
4135,7.45215118081904
4136,7.45215118081904
4137,7.45215118081904
4138,7.45215118081904
4139,7.45215118081904
4140,7.45215118081904
4141,7.45215118081904
4142,7.45215118081904
4143,7.45215118081904
4144,7.45215118081904
4145,7.45215118081904
4146,7.45215118081904
4147,7.45215118081904
4148,7.45215118081904
4149,7.45215118081904
4150,7.45215118081904
4151,7.45215118081904
4152,7.45215118081904
4153,7.45215118081904
4154,7.45215118081904
4155,7.45215118081904
4156,7.45215118081904
4157,7.45215118081904
4158,7.45215118081904
4159,7.45215118081904
4160,7.45215118081904
4161,7.45215118081904
4162,7.45215118081904
4163,7.45215118081904
4164,7.45215118081904
4165,7.45215118081904
4166,7.45215118081904
4167,7.45215118081904
4168,7.45215118081904
4169,7.45215118081904
4170,7.45215118081904
4171,7.45215118081904
4172,7.45215118081904
4173,7.45215118081904
4174,7.45215118081904
4175,7.45215118081904
4176,7.45215118081904
4177,7.45215118081904
4178,7.45215118081904
4179,7.45215118081904
4180,7.45215118081904
4181,7.45215118081904
4182,7.45215118081904
4183,7.45215118081904
4184,7.45215118081904
4185,7.45215118081904
4186,7.45215118081904
4187,7.45215118081904
4188,7.45215118081904
4189,7.45215118081904
4190,7.45215118081904
4191,7.45215118081904
4192,7.45215118081904
4193,7.45215118081904
4194,7.45215118081904
4195,7.45215118081904
4196,7.45215118081904
4197,7.45215118081904
4198,7.45215118081904
4199,7.45215118081904
4200,7.45215118081904
4201,7.45215118081904
4202,7.45215118081904
4203,7.45215118081904
4204,7.45215118081904
4205,7.45215118081904
4206,7.45215118081904
4207,7.45215118081904
4208,7.45215118081904
4209,7.45215118081904
4210,7.45215118081904
4211,7.45215118081904
4212,7.45215118081904
4213,7.45215118081904
4214,7.45215118081904
4215,7.45215118081904
4216,7.45215118081904
4217,7.45215118081904
4218,7.45215118081904
4219,7.45215118081904
4220,7.45215118081904
4221,7.45215118081904
4222,7.45215118081904
4223,7.45215118081904
4224,7.45215118081904
4225,7.45215118081904
4226,7.45215118081904
4227,7.45215118081904
4228,7.45215118081904
4229,7.45215118081904
4230,7.45215118081904
4231,7.45215118081904
4232,7.45215118081904
4233,7.45215118081904
4234,7.45215118081904
4235,7.45215118081904
4236,7.45215118081904
4237,7.45215118081904
4238,7.45215118081904
4239,7.45215118081904
4240,7.45215118081904
4241,7.45215118081904
4242,7.45215118081904
4243,7.45215118081904
4244,7.45215118081904
4245,7.45215118081904
4246,7.45215118081904
4247,7.45215118081904
4248,7.45215118081904
4249,7.45215118081904
4250,7.45215118081904
4251,7.45215118081904
4252,7.45215118081904
4253,7.45215118081904
4254,7.45215118081904
4255,7.45215118081904
4256,7.45215118081904
4257,7.45215118081904
4258,7.45215118081904
4259,7.45215118081904
4260,7.45215118081904
4261,7.45215118081904
4262,7.45215118081904
4263,7.45215118081904
4264,7.45215118081904
4265,7.45215118081904
4266,7.45215118081904
4267,7.45215118081904
4268,7.45215118081904
4269,7.45215118081904
4270,7.45215118081904
4271,7.45215118081904
4272,7.45215118081904
4273,7.45215118081904
4274,7.45215118081904
4275,7.45215118081904
4276,7.45215118081904
4277,7.45215118081904
4278,7.45215118081904
4279,7.45215118081904
4280,7.45215118081904
4281,7.45215118081904
4282,7.45215118081904
4283,7.45215118081904
4284,7.45215118081904
4285,7.45215118081904
4286,7.45215118081904
4287,7.45215118081904
4288,7.45215118081904
4289,7.45215118081904
4290,7.45215118081904
4291,7.45215118081904
4292,7.45215118081904
4293,7.45215118081904
4294,7.45215118081904
4295,7.45215118081904
4296,7.45215118081904
4297,7.45215118081904
4298,7.45215118081904
4299,7.45215118081904
4300,7.45215118081904
4301,7.45215118081904
4302,7.45215118081904
4303,7.45215118081904
4304,7.45215118081904
4305,7.45215118081904
4306,7.45215118081904
4307,7.45215118081904
4308,7.45215118081904
4309,7.45215118081904
4310,7.45215118081904
4311,7.45215118081904
4312,7.45215118081904
4313,7.45215118081904
4314,7.45215118081904
4315,7.45215118081904
4316,7.45215118081904
4317,7.45215118081904
4318,7.45215118081904
4319,7.45215118081904
4320,7.45215118081904
4321,7.45215118081904
4322,7.45215118081904
4323,7.45215118081904
4324,7.45215118081904
4325,7.45215118081904
4326,7.45215118081904
4327,7.45215118081904
4328,7.45215118081904
4329,7.45215118081904
4330,7.45215118081904
4331,7.45215118081904
4332,7.45215118081904
4333,7.45215118081904
4334,7.45215118081904
4335,7.45215118081904
4336,7.45215118081904
4337,7.45215118081904
4338,7.45215118081904
4339,7.45215118081904
4340,7.45215118081904
4341,7.45215118081904
4342,7.45215118081904
4343,7.45215118081904
4344,7.45215118081904
4345,7.45215118081904
4346,7.45215118081904
4347,7.45215118081904
4348,7.45215118081904
4349,7.45215118081904
4350,7.45215118081904
4351,7.45215118081904
4352,7.45215118081904
4353,7.45215118081904
4354,7.45215118081904
4355,7.45215118081904
4356,7.45215118081904
4357,7.45215118081904
4358,7.45215118081904
4359,7.45215118081904
4360,7.45215118081904
4361,7.45215118081904
4362,7.45215118081904
4363,7.45215118081904
4364,7.45215118081904
4365,7.45215118081904
4366,7.45215118081904
4367,7.45215118081904
4368,7.45215118081904
4369,7.45215118081904
4370,7.45215118081904
4371,7.45215118081904
4372,7.45215118081904
4373,7.45215118081904
4374,7.45215118081904
4375,7.45215118081904
4376,7.45215118081904
4377,7.45215118081904
4378,7.45215118081904
4379,7.45215118081904
4380,7.45215118081904
4381,7.45215118081904
4382,7.45215118081904
4383,7.45215118081904
4384,7.45215118081904
4385,7.45215118081904
4386,7.45215118081904
4387,7.45215118081904
4388,7.45215118081904
4389,7.45215118081904
4390,7.45215118081904
4391,7.45215118081904
4392,7.45215118081904
4393,7.45215118081904
4394,7.45215118081904
4395,7.45215118081904
4396,7.45215118081904
4397,7.45215118081904
4398,7.45215118081904
4399,7.45215118081904
4400,7.45215118081904
4401,7.45215118081904
4402,7.45215118081904
4403,7.45215118081904
4404,7.45215118081904
4405,7.45215118081904
4406,7.45215118081904
4407,7.45215118081904
4408,7.45215118081904
4409,7.45215118081904
4410,7.45215118081904
4411,7.45215118081904
4412,7.45215118081904
4413,7.45215118081904
4414,7.45215118081904
4415,7.45215118081904
4416,7.45215118081904
4417,7.45215118081904
4418,7.45215118081904
4419,7.45215118081904
4420,7.45215118081904
4421,7.45215118081904
4422,7.45215118081904
4423,7.45215118081904
4424,7.45215118081904
4425,7.45215118081904
4426,7.45215118081904
4427,7.45215118081904
4428,7.45215118081904
4429,7.45215118081904
4430,7.45215118081904
4431,7.45215118081904
4432,7.45215118081904
4433,7.45215118081904
4434,7.45215118081904
4435,7.45215118081904
4436,7.45215118081904
4437,7.45215118081904
4438,7.45215118081904
4439,7.45215118081904
4440,7.45215118081904
4441,7.45215118081904
4442,7.45215118081904
4443,7.45215118081904
4444,7.45215118081904
4445,7.45215118081904
4446,7.45215118081904
4447,7.45215118081904
4448,7.45215118081904
4449,7.45215118081904
4450,7.45215118081904
4451,7.45215118081904
4452,7.45215118081904
4453,7.45215118081904
4454,7.45215118081904
4455,7.45215118081904
4456,7.45215118081904
4457,7.45215118081904
4458,7.45215118081904
4459,7.45215118081904
4460,7.45215118081904
4461,7.45215118081904
4462,7.45215118081904
4463,7.45215118081904
4464,7.45215118081904
4465,7.45215118081904
4466,7.45215118081904
4467,7.45215118081904
4468,7.45215118081904
4469,7.45215118081904
4470,7.45215118081904
4471,7.45215118081904
4472,7.45215118081904
4473,7.45215118081904
4474,7.45215118081904
4475,7.45215118081904
4476,7.45215118081904
4477,7.45215118081904
4478,7.45215118081904
4479,7.45215118081904
4480,7.45215118081904
4481,7.45215118081904
4482,7.45215118081904
4483,7.45215118081904
4484,7.45215118081904
4485,7.45215118081904
4486,7.45215118081904
4487,7.45215118081904
4488,7.45215118081904
4489,7.45215118081904
4490,7.45215118081904
4491,7.45215118081904
4492,7.45215118081904
4493,7.45215118081904
4494,7.45215118081904
4495,7.45215118081904
4496,7.45215118081904
4497,7.45215118081904
4498,7.45215118081904
4499,7.45215118081904
4500,7.45215118081904
4501,7.45215118081904
4502,7.45215118081904
4503,7.45215118081904
4504,7.45215118081904
4505,7.45215118081904
4506,7.45215118081904
4507,7.45215118081904
4508,7.45215118081904
4509,7.45215118081904
4510,7.45215118081904
4511,7.45215118081904
4512,7.45215118081904
4513,7.45215118081904
4514,7.45215118081904
4515,7.45215118081904
4516,7.45215118081904
4517,7.45215118081904
4518,7.45215118081904
4519,7.45215118081904
4520,7.45215118081904
4521,7.45215118081904
4522,7.45215118081904
4523,7.45215118081904
4524,7.45215118081904
4525,7.45215118081904
4526,7.45215118081904
4527,7.45215118081904
4528,7.45215118081904
4529,7.45215118081904
4530,7.45215118081904
4531,7.45215118081904
4532,7.45215118081904
4533,7.45215118081904
4534,7.45215118081904
4535,7.45215118081904
4536,7.45215118081904
4537,7.45215118081904
4538,7.45215118081904
4539,7.45215118081904
4540,7.45215118081904
4541,7.45215118081904
4542,7.45215118081904
4543,7.45215118081904
4544,7.45215118081904
4545,7.45215118081904
4546,7.45215118081904
4547,7.45215118081904
4548,7.45215118081904
4549,7.45215118081904
4550,7.45215118081904
4551,7.45215118081904
4552,7.45215118081904
4553,7.45215118081904
4554,7.45215118081904
4555,7.45215118081904
4556,7.45215118081904
4557,7.45215118081904
4558,7.45215118081904
4559,7.45215118081904
4560,7.45215118081904
4561,7.45215118081904
4562,7.45215118081904
4563,7.45215118081904
4564,7.45215118081904
4565,7.45215118081904
4566,7.45215118081904
4567,7.45215118081904
4568,7.45215118081904
4569,7.45215118081904
4570,7.45215118081904
4571,7.45215118081904
4572,7.45215118081904
4573,7.45215118081904
4574,7.45215118081904
4575,7.45215118081904
4576,7.45215118081904
4577,7.45215118081904
4578,7.45215118081904
4579,7.45215118081904
4580,7.45215118081904
4581,7.45215118081904
4582,7.45215118081904
4583,7.45215118081904
4584,7.45215118081904
4585,7.45215118081904
4586,7.45215118081904
4587,7.45215118081904
4588,7.45215118081904
4589,7.45215118081904
4590,7.45215118081904
4591,7.45215118081904
4592,7.45215118081904
4593,7.45215118081904
4594,7.45215118081904
4595,7.45215118081904
4596,7.45215118081904
4597,7.45215118081904
4598,7.45215118081904
4599,7.45215118081904
4600,7.45215118081904
4601,7.45215118081904
4602,7.45215118081904
4603,7.45215118081904
4604,7.45215118081904
4605,7.45215118081904
4606,7.45215118081904
4607,7.45215118081904
4608,7.45215118081904
4609,7.45215118081904
4610,7.45215118081904
4611,7.45215118081904
4612,7.45215118081904
4613,7.45215118081904
4614,7.45215118081904
4615,7.45215118081904
4616,7.45215118081904
4617,7.45215118081904
4618,7.45215118081904
4619,7.45215118081904
4620,7.45215118081904
4621,7.45215118081904
4622,7.45215118081904
4623,7.45215118081904
4624,7.45215118081904
4625,7.45215118081904
4626,7.45215118081904
4627,7.45215118081904
4628,7.45215118081904
4629,7.45215118081904
4630,7.45215118081904
4631,7.45215118081904
4632,7.45215118081904
4633,7.45215118081904
4634,7.45215118081904
4635,7.45215118081904
4636,7.45215118081904
4637,7.45215118081904
4638,7.45215118081904
4639,7.45215118081904
4640,7.45215118081904
4641,7.45215118081904
4642,7.45215118081904
4643,7.45215118081904
4644,7.45215118081904
4645,7.45215118081904
4646,7.45215118081904
4647,7.45215118081904
4648,7.45215118081904
4649,7.45215118081904
4650,7.45215118081904
4651,7.45215118081904
4652,7.45215118081904
4653,7.45215118081904
4654,7.45215118081904
4655,7.45215118081904
4656,7.45215118081904
4657,7.45215118081904
4658,7.45215118081904
4659,7.45215118081904
4660,7.45215118081904
4661,7.45215118081904
4662,7.45215118081904
4663,7.45215118081904
4664,7.45215118081904
4665,7.45215118081904
4666,7.45215118081904
4667,7.45215118081904
4668,7.45215118081904
4669,7.45215118081904
4670,7.45215118081904
4671,7.45215118081904
4672,7.45215118081904
4673,7.45215118081904
4674,7.45215118081904
4675,7.45215118081904
4676,7.45215118081904
4677,7.45215118081904
4678,7.45215118081904
4679,7.45215118081904
4680,7.45215118081904
4681,7.45215118081904
4682,7.45215118081904
4683,7.45215118081904
4684,7.45215118081904
4685,7.45215118081904
4686,7.45215118081904
4687,7.45215118081904
4688,7.45215118081904
4689,7.45215118081904
4690,7.45215118081904
4691,7.45215118081904
4692,7.45215118081904
4693,7.45215118081904
4694,7.45215118081904
4695,7.45215118081904
4696,7.45215118081904
4697,7.45215118081904
4698,7.45215118081904
4699,7.45215118081904
4700,7.45215118081904
4701,7.45215118081904
4702,7.45215118081904
4703,7.45215118081904
4704,7.45215118081904
4705,7.45215118081904
4706,7.45215118081904
4707,7.45215118081904
4708,7.45215118081904
4709,7.45215118081904
4710,7.45215118081904
4711,7.45215118081904
4712,7.45215118081904
4713,7.45215118081904
4714,7.45215118081904
4715,7.45215118081904
4716,7.45215118081904
4717,7.45215118081904
4718,7.45215118081904
4719,7.45215118081904
4720,7.45215118081904
4721,7.45215118081904
4722,7.45215118081904
4723,7.45215118081904
4724,7.45215118081904
4725,7.45215118081904
4726,7.45215118081904
4727,7.45215118081904
4728,7.45215118081904
4729,7.45215118081904
4730,7.45215118081904
4731,7.45215118081904
4732,7.45215118081904
4733,7.45215118081904
4734,7.45215118081904
4735,7.45215118081904
4736,7.45215118081904
4737,7.45215118081904
4738,7.45215118081904
4739,7.45215118081904
4740,7.45215118081904
4741,7.45215118081904
4742,7.45215118081904
4743,7.45215118081904
4744,7.45215118081904
4745,7.45215118081904
4746,7.45215118081904
4747,7.45215118081904
4748,7.45215118081904
4749,7.45215118081904
4750,7.45215118081904
4751,7.45215118081904
4752,7.45215118081904
4753,7.45215118081904
4754,7.45215118081904
4755,7.45215118081904
4756,7.45215118081904
4757,7.45215118081904
4758,7.45215118081904
4759,7.45215118081904
4760,7.45215118081904
4761,7.45215118081904
4762,7.45215118081904
4763,7.45215118081904
4764,7.45215118081904
4765,7.45215118081904
4766,7.45215118081904
4767,7.45215118081904
4768,7.45215118081904
4769,7.45215118081904
4770,7.45215118081904
4771,7.45215118081904
4772,7.45215118081904
4773,7.45215118081904
4774,7.45215118081904
4775,7.45215118081904
4776,7.45215118081904
4777,7.45215118081904
4778,7.45215118081904
4779,7.45215118081904
4780,7.45215118081904
4781,7.45215118081904
4782,7.45215118081904
4783,7.45215118081904
4784,7.45215118081904
4785,7.45215118081904
4786,7.45215118081904
4787,7.45215118081904
4788,7.45215118081904
4789,7.45215118081904
4790,7.45215118081904
4791,7.45215118081904
4792,7.45215118081904
4793,7.45215118081904
4794,7.45215118081904
4795,7.45215118081904
4796,7.45215118081904
4797,7.45215118081904
4798,7.45215118081904
4799,7.45215118081904
4800,7.45215118081904
4801,7.45215118081904
4802,7.45215118081904
4803,7.45215118081904
4804,7.45215118081904
4805,7.45215118081904
4806,7.45215118081904
4807,7.45215118081904
4808,7.45215118081904
4809,7.45215118081904
4810,7.45215118081904
4811,7.45215118081904
4812,7.45215118081904
4813,7.45215118081904
4814,7.45215118081904
4815,7.45215118081904
4816,7.45215118081904
4817,7.45215118081904
4818,7.45215118081904
4819,7.45215118081904
4820,7.45215118081904
4821,7.45215118081904
4822,7.45215118081904
4823,7.45215118081904
4824,7.45215118081904
4825,7.45215118081904
4826,7.45215118081904
4827,7.45215118081904
4828,7.45215118081904
4829,7.45215118081904
4830,7.45215118081904
4831,7.45215118081904
4832,7.45215118081904
4833,7.45215118081904
4834,7.45215118081904
4835,7.45215118081904
4836,7.45215118081904
4837,7.45215118081904
4838,7.45215118081904
4839,7.45215118081904
4840,7.45215118081904
4841,7.45215118081904
4842,7.45215118081904
4843,7.45215118081904
4844,7.45215118081904
4845,7.45215118081904
4846,7.45215118081904
4847,7.45215118081904
4848,7.45215118081904
4849,7.45215118081904
4850,7.45215118081904
4851,7.45215118081904
4852,7.45215118081904
4853,7.45215118081904
4854,7.45215118081904
4855,7.45215118081904
4856,7.45215118081904
4857,7.45215118081904
4858,7.45215118081904
4859,7.45215118081904
4860,7.45215118081904
4861,7.45215118081904
4862,7.45215118081904
4863,7.45215118081904
4864,7.45215118081904
4865,7.45215118081904
4866,7.45215118081904
4867,7.45215118081904
4868,7.45215118081904
4869,7.45215118081904
4870,7.45215118081904
4871,7.45215118081904
4872,7.45215118081904
4873,7.45215118081904
4874,7.45215118081904
4875,7.45215118081904
4876,7.45215118081904
4877,7.45215118081904
4878,7.45215118081904
4879,7.45215118081904
4880,7.45215118081904
4881,7.45215118081904
4882,7.45215118081904
4883,7.45215118081904
4884,7.45215118081904
4885,7.45215118081904
4886,7.45215118081904
4887,7.45215118081904
4888,7.45215118081904
4889,7.45215118081904
4890,7.45215118081904
4891,7.45215118081904
4892,7.45215118081904
4893,7.45215118081904
4894,7.45215118081904
4895,7.45215118081904
4896,7.45215118081904
4897,7.45215118081904
4898,7.45215118081904
4899,7.45215118081904
4900,7.45215118081904
4901,7.45215118081904
4902,7.45215118081904
4903,7.45215118081904
4904,7.45215118081904
4905,7.45215118081904
4906,7.45215118081904
4907,7.45215118081904
4908,7.45215118081904
4909,7.45215118081904
4910,7.45215118081904
4911,7.45215118081904
4912,7.45215118081904
4913,7.45215118081904
4914,7.45215118081904
4915,7.45215118081904
4916,7.45215118081904
4917,7.45215118081904
4918,7.45215118081904
4919,7.45215118081904
4920,7.45215118081904
4921,7.45215118081904
4922,7.45215118081904
4923,7.45215118081904
4924,7.45215118081904
4925,7.45215118081904
4926,7.45215118081904
4927,7.45215118081904
4928,7.45215118081904
4929,7.45215118081904
4930,7.45215118081904
4931,7.45215118081904
4932,7.45215118081904
4933,7.45215118081904
4934,7.45215118081904
4935,7.45215118081904
4936,7.45215118081904
4937,7.45215118081904
4938,7.45215118081904
4939,7.45215118081904
4940,7.45215118081904
4941,7.45215118081904
4942,7.45215118081904
4943,7.45215118081904
4944,7.45215118081904
4945,7.45215118081904
4946,7.45215118081904
4947,7.45215118081904
4948,7.45215118081904
4949,7.45215118081904
4950,7.45215118081904
4951,7.45215118081904
4952,7.45215118081904
4953,7.45215118081904
4954,7.45215118081904
4955,7.45215118081904
4956,7.45215118081904
4957,7.45215118081904
4958,7.45215118081904
4959,7.45215118081904
4960,7.45215118081904
4961,7.45215118081904
4962,7.45215118081904
4963,7.45215118081904
4964,7.45215118081904
4965,7.45215118081904
4966,7.45215118081904
4967,7.45215118081904
4968,7.45215118081904
4969,7.45215118081904
4970,7.45215118081904
4971,7.45215118081904
4972,7.45215118081904
4973,7.45215118081904
4974,7.45215118081904
4975,7.45215118081904
4976,7.45215118081904
4977,7.45215118081904
4978,7.45215118081904
4979,7.45215118081904
4980,7.45215118081904
4981,7.45215118081904
4982,7.45215118081904
4983,7.45215118081904
4984,7.45215118081904
4985,7.45215118081904
4986,7.45215118081904
4987,7.45215118081904
4988,7.45215118081904
4989,7.45215118081904
4990,7.45215118081904
4991,7.45215118081904
4992,7.45215118081904
4993,7.45215118081904
4994,7.45215118081904
4995,7.45215118081904
4996,7.45215118081904
4997,7.45215118081904
4998,7.45215118081904
4999,7.45215118081904
5000,7.45215118081904
5001,7.45215118081904
5002,7.45215118081904
5003,7.45215118081904
5004,7.45215118081904
5005,7.45215118081904
5006,7.45215118081904
5007,7.45215118081904
5008,7.45215118081904
5009,7.45215118081904
5010,7.45215118081904
5011,7.45215118081904
5012,7.45215118081904
5013,7.45215118081904
5014,7.45215118081904
5015,7.45215118081904
5016,7.45215118081904
5017,7.45215118081904
5018,7.45215118081904
5019,7.45215118081904
5020,7.45215118081904
5021,7.45215118081904
5022,7.45215118081904
5023,7.45215118081904
5024,7.45215118081904
5025,7.45215118081904
5026,7.45215118081904
5027,7.45215118081904
5028,7.45215118081904
5029,7.45215118081904
5030,7.45215118081904
5031,7.45215118081904
5032,7.45215118081904
5033,7.45215118081904
5034,7.45215118081904
5035,7.45215118081904
5036,7.45215118081904
5037,7.45215118081904
5038,7.45215118081904
5039,7.45215118081904
5040,7.45215118081904
5041,7.45215118081904
5042,7.45215118081904
5043,7.45215118081904
5044,7.45215118081904
5045,7.45215118081904
5046,7.45215118081904
5047,7.45215118081904
5048,7.45215118081904
5049,7.45215118081904
5050,7.45215118081904
5051,7.45215118081904
5052,7.45215118081904
5053,7.45215118081904
5054,7.45215118081904
5055,7.45215118081904
5056,7.45215118081904
5057,7.45215118081904
5058,7.45215118081904
5059,7.45215118081904
5060,7.45215118081904
5061,7.45215118081904
5062,7.45215118081904
5063,7.45215118081904
5064,7.45215118081904
5065,7.45215118081904
5066,7.45215118081904
5067,7.45215118081904
5068,7.45215118081904
5069,7.45215118081904
5070,7.45215118081904
5071,7.45215118081904
5072,7.45215118081904
5073,7.45215118081904
5074,7.45215118081904
5075,7.45215118081904
5076,7.45215118081904
5077,7.45215118081904
5078,7.45215118081904
5079,7.45215118081904
5080,7.45215118081904
5081,7.45215118081904
5082,7.45215118081904
5083,7.45215118081904
5084,7.45215118081904
5085,7.45215118081904
5086,7.45215118081904
5087,7.45215118081904
5088,7.45215118081904
5089,7.45215118081904
5090,7.45215118081904
5091,7.45215118081904
5092,7.45215118081904
5093,7.45215118081904
5094,7.45215118081904
5095,7.45215118081904
5096,7.45215118081904
5097,7.45215118081904
5098,7.45215118081904
5099,7.45215118081904
5100,7.45215118081904
5101,7.45215118081904
5102,7.45215118081904
5103,7.45215118081904
5104,7.45215118081904
5105,7.45215118081904
5106,7.45215118081904
5107,7.45215118081904
5108,7.45215118081904
5109,7.45215118081904
5110,7.45215118081904
5111,7.45215118081904
5112,7.45215118081904
5113,7.45215118081904
5114,7.45215118081904
5115,7.45215118081904
5116,7.45215118081904
5117,7.45215118081904
5118,7.45215118081904
5119,7.45215118081904
5120,7.45215118081904
5121,7.45215118081904
5122,7.45215118081904
5123,7.45215118081904
5124,7.45215118081904
5125,7.45215118081904
5126,7.45215118081904
5127,7.45215118081904
5128,7.45215118081904
5129,7.45215118081904
5130,7.45215118081904
5131,7.45215118081904
5132,7.45215118081904
5133,7.45215118081904
5134,7.45215118081904
5135,7.45215118081904
5136,7.45215118081904
5137,7.45215118081904
5138,7.45215118081904
5139,7.45215118081904
5140,7.45215118081904
5141,7.45215118081904
5142,7.45215118081904
5143,7.45215118081904
5144,7.45215118081904
5145,7.45215118081904
5146,7.45215118081904
5147,7.45215118081904
5148,7.45215118081904
5149,7.45215118081904
5150,7.45215118081904
5151,7.45215118081904
5152,7.45215118081904
5153,7.45215118081904
5154,7.45215118081904
5155,7.45215118081904
5156,7.45215118081904
5157,7.45215118081904
5158,7.45215118081904
5159,7.45215118081904
5160,7.45215118081904
5161,7.45215118081904
5162,7.45215118081904
5163,7.45215118081904
5164,7.45215118081904
5165,7.45215118081904
5166,7.45215118081904
5167,7.45215118081904
5168,7.45215118081904
5169,7.45215118081904
5170,7.45215118081904
5171,7.45215118081904
5172,7.45215118081904
5173,7.45215118081904
5174,7.45215118081904
5175,7.45215118081904
5176,7.45215118081904
5177,7.45215118081904
5178,7.45215118081904
5179,7.45215118081904
5180,7.45215118081904
5181,7.45215118081904
5182,7.45215118081904
5183,7.45215118081904
5184,7.45215118081904
5185,7.45215118081904
5186,7.45215118081904
5187,7.45215118081904
5188,7.45215118081904
5189,7.45215118081904
5190,7.45215118081904
5191,7.45215118081904
5192,7.45215118081904
5193,7.45215118081904
5194,7.45215118081904
5195,7.45215118081904
5196,7.45215118081904
5197,7.45215118081904
5198,7.45215118081904
5199,7.45215118081904
5200,7.45215118081904
5201,7.45215118081904
5202,7.45215118081904
5203,7.45215118081904
5204,7.45215118081904
5205,7.45215118081904
5206,7.45215118081904
5207,7.45215118081904
5208,7.45215118081904
5209,7.45215118081904
5210,7.45215118081904
5211,7.45215118081904
5212,7.45215118081904
5213,7.45215118081904
5214,7.45215118081904
5215,7.45215118081904
5216,7.45215118081904
5217,7.45215118081904
5218,7.45215118081904
5219,7.45215118081904
5220,7.45215118081904
5221,7.45215118081904
5222,7.45215118081904
5223,7.45215118081904
5224,7.45215118081904
5225,7.45215118081904
5226,7.45215118081904
5227,7.45215118081904
5228,7.45215118081904
5229,7.45215118081904
5230,7.45215118081904
5231,7.45215118081904
5232,7.45215118081904
5233,7.45215118081904
5234,7.45215118081904
5235,7.45215118081904
5236,7.45215118081904
5237,7.45215118081904
5238,7.45215118081904
5239,7.45215118081904
5240,7.45215118081904
5241,7.45215118081904
5242,7.45215118081904
5243,7.45215118081904
5244,7.45215118081904
5245,7.45215118081904
5246,7.45215118081904
5247,7.45215118081904
5248,7.45215118081904
5249,7.45215118081904
5250,7.45215118081904
5251,7.45215118081904
5252,7.45215118081904
5253,7.45215118081904
5254,7.45215118081904
5255,7.45215118081904
5256,7.45215118081904
5257,7.45215118081904
5258,7.45215118081904
5259,7.45215118081904
5260,7.45215118081904
5261,7.45215118081904
5262,7.45215118081904
5263,7.45215118081904
5264,7.45215118081904
5265,7.45215118081904
5266,7.45215118081904
5267,7.45215118081904
5268,7.45215118081904
5269,7.45215118081904
5270,7.45215118081904
5271,7.45215118081904
5272,7.45215118081904
5273,7.45215118081904
5274,7.45215118081904
5275,7.45215118081904
5276,7.45215118081904
5277,7.45215118081904
5278,7.45215118081904
5279,7.45215118081904
5280,7.45215118081904
5281,7.45215118081904
5282,7.45215118081904
5283,7.45215118081904
5284,7.45215118081904
5285,7.45215118081904
5286,7.45215118081904
5287,7.45215118081904
5288,7.45215118081904
5289,7.45215118081904
5290,7.45215118081904
5291,7.45215118081904
5292,7.45215118081904
5293,7.45215118081904
5294,7.45215118081904
5295,7.45215118081904
5296,7.45215118081904
5297,7.45215118081904
5298,7.45215118081904
5299,7.45215118081904
5300,7.45215118081904
5301,7.45215118081904
5302,7.45215118081904
5303,7.45215118081904
5304,7.45215118081904
5305,7.45215118081904
5306,7.45215118081904
5307,7.45215118081904
5308,7.45215118081904
5309,7.45215118081904
5310,7.45215118081904
5311,7.45215118081904
5312,7.45215118081904
5313,7.45215118081904
5314,7.45215118081904
5315,7.45215118081904
5316,7.45215118081904
5317,7.45215118081904
5318,7.45215118081904
5319,7.45215118081904
5320,7.45215118081904
5321,7.45215118081904
5322,7.45215118081904
5323,7.45215118081904
5324,7.45215118081904
5325,7.45215118081904
5326,7.45215118081904
5327,7.45215118081904
5328,7.45215118081904
5329,7.45215118081904
5330,7.45215118081904
5331,7.45215118081904
5332,7.45215118081904
5333,7.45215118081904
5334,7.45215118081904
5335,7.45215118081904
5336,7.45215118081904
5337,7.45215118081904
5338,7.45215118081904
5339,7.45215118081904
5340,7.45215118081904
5341,7.45215118081904
5342,7.45215118081904
5343,7.45215118081904
5344,7.45215118081904
5345,7.45215118081904
5346,7.45215118081904
5347,7.45215118081904
5348,7.45215118081904
5349,7.45215118081904
5350,7.45215118081904
5351,7.45215118081904
5352,7.45215118081904
5353,7.45215118081904
5354,7.45215118081904
5355,7.45215118081904
5356,7.45215118081904
5357,7.45215118081904
5358,7.45215118081904
5359,7.45215118081904
5360,7.45215118081904
5361,7.45215118081904
5362,7.45215118081904
5363,7.45215118081904
5364,7.45215118081904
5365,7.45215118081904
5366,7.45215118081904
5367,7.45215118081904
5368,7.45215118081904
5369,7.45215118081904
5370,7.45215118081904
5371,7.45215118081904
5372,7.45215118081904
5373,7.45215118081904
5374,7.45215118081904
5375,7.45215118081904
5376,7.45215118081904
5377,7.45215118081904
5378,7.45215118081904
5379,7.45215118081904
5380,7.45215118081904
5381,7.45215118081904
5382,7.45215118081904
5383,7.45215118081904
5384,7.45215118081904
5385,7.45215118081904
5386,7.45215118081904
5387,7.45215118081904
5388,7.45215118081904
5389,7.45215118081904
5390,7.45215118081904
5391,7.45215118081904
5392,7.45215118081904
5393,7.45215118081904
5394,7.45215118081904
5395,7.45215118081904
5396,7.45215118081904
5397,7.45215118081904
5398,7.45215118081904
5399,7.45215118081904
5400,7.45215118081904
5401,7.45215118081904
5402,7.45215118081904
5403,7.45215118081904
5404,7.45215118081904
5405,7.45215118081904
5406,7.45215118081904
5407,7.45215118081904
5408,7.45215118081904
5409,7.45215118081904
5410,7.45215118081904
5411,7.45215118081904
5412,7.45215118081904
5413,7.45215118081904
5414,7.45215118081904
5415,7.45215118081904
5416,7.45215118081904
5417,7.45215118081904
5418,7.45215118081904
5419,7.45215118081904
5420,7.45215118081904
5421,7.45215118081904
5422,7.45215118081904
5423,7.45215118081904
5424,7.45215118081904
5425,7.45215118081904
5426,7.45215118081904
5427,7.45215118081904
5428,7.45215118081904
5429,7.45215118081904
5430,7.45215118081904
5431,7.45215118081904
5432,7.45215118081904
5433,7.45215118081904
5434,7.45215118081904
5435,7.45215118081904
5436,7.45215118081904
5437,7.45215118081904
5438,7.45215118081904
5439,7.45215118081904
5440,7.45215118081904
5441,7.45215118081904
5442,7.45215118081904
5443,7.45215118081904
5444,7.45215118081904
5445,7.45215118081904
5446,7.45215118081904
5447,7.45215118081904
5448,7.45215118081904
5449,7.45215118081904
5450,7.45215118081904
5451,7.45215118081904
5452,7.45215118081904
5453,7.45215118081904
5454,7.45215118081904
5455,7.45215118081904
5456,7.45215118081904
5457,7.45215118081904
5458,7.45215118081904
5459,7.45215118081904
5460,7.45215118081904
5461,7.45215118081904
5462,7.45215118081904
5463,7.45215118081904
5464,7.45215118081904
5465,7.45215118081904
5466,7.45215118081904
5467,7.45215118081904
5468,7.45215118081904
5469,7.45215118081904
5470,7.45215118081904
5471,7.45215118081904
5472,7.45215118081904
5473,7.45215118081904
5474,7.45215118081904
5475,7.45215118081904
5476,7.45215118081904
5477,7.45215118081904
5478,7.45215118081904
5479,7.45215118081904
5480,7.45215118081904
5481,7.45215118081904
5482,7.45215118081904
5483,7.45215118081904
5484,7.45215118081904
5485,7.45215118081904
5486,7.45215118081904
5487,7.45215118081904
5488,7.45215118081904
5489,7.45215118081904
5490,7.45215118081904
5491,7.45215118081904
5492,7.45215118081904
5493,7.45215118081904
5494,7.45215118081904
5495,7.45215118081904
5496,7.45215118081904
5497,7.45215118081904
5498,7.45215118081904
5499,7.45215118081904
5500,7.45215118081904
5501,7.45215118081904
5502,7.45215118081904
5503,7.45215118081904
5504,7.45215118081904
5505,7.45215118081904
5506,7.45215118081904
5507,7.45215118081904
5508,7.45215118081904
5509,7.45215118081904
5510,7.45215118081904
5511,7.45215118081904
5512,7.45215118081904
5513,7.45215118081904
5514,7.45215118081904
5515,7.45215118081904
5516,7.45215118081904
5517,7.45215118081904
5518,7.45215118081904
5519,7.45215118081904
5520,7.45215118081904
5521,7.45215118081904
5522,7.45215118081904
5523,7.45215118081904
5524,7.45215118081904
5525,7.45215118081904
5526,7.45215118081904
5527,7.45215118081904
5528,7.45215118081904
5529,7.45215118081904
5530,7.45215118081904
5531,7.45215118081904
5532,7.45215118081904
5533,7.45215118081904
5534,7.45215118081904
5535,7.45215118081904
5536,7.45215118081904
5537,7.45215118081904
5538,7.45215118081904
5539,7.45215118081904
5540,7.45215118081904
5541,7.45215118081904
5542,7.45215118081904
5543,7.45215118081904
5544,7.45215118081904
5545,7.45215118081904
5546,7.45215118081904
5547,7.45215118081904
5548,7.45215118081904
5549,7.45215118081904
5550,7.45215118081904
5551,7.45215118081904
5552,7.45215118081904
5553,7.45215118081904
5554,7.45215118081904
5555,7.45215118081904
5556,7.45215118081904
5557,7.45215118081904
5558,7.45215118081904
5559,7.45215118081904
5560,7.45215118081904
5561,7.45215118081904
5562,7.45215118081904
5563,7.45215118081904
5564,7.45215118081904
5565,7.45215118081904
5566,7.45215118081904
5567,7.45215118081904
5568,7.45215118081904
5569,7.45215118081904
5570,7.45215118081904
5571,7.45215118081904
5572,7.45215118081904
5573,7.45215118081904
5574,7.45215118081904
5575,7.45215118081904
5576,7.45215118081904
5577,7.45215118081904
5578,7.45215118081904
5579,7.45215118081904
5580,7.45215118081904
5581,7.45215118081904
5582,7.45215118081904
5583,7.45215118081904
5584,7.45215118081904
5585,7.45215118081904
5586,7.45215118081904
5587,7.45215118081904
5588,7.45215118081904
5589,7.45215118081904
5590,7.45215118081904
5591,7.45215118081904
5592,7.45215118081904
5593,7.45215118081904
5594,7.45215118081904
5595,7.45215118081904
5596,7.45215118081904
5597,7.45215118081904
5598,7.45215118081904
5599,7.45215118081904
5600,7.45215118081904
5601,7.45215118081904
5602,7.45215118081904
5603,7.45215118081904
5604,7.45215118081904
5605,7.45215118081904
5606,7.45215118081904
5607,7.45215118081904
5608,7.45215118081904
5609,7.45215118081904
5610,7.45215118081904
5611,7.45215118081904
5612,7.45215118081904
5613,7.45215118081904
5614,7.45215118081904
5615,7.45215118081904
5616,7.45215118081904
5617,7.45215118081904
5618,7.45215118081904
5619,7.45215118081904
5620,7.45215118081904
5621,7.45215118081904
5622,7.45215118081904
5623,7.45215118081904
5624,7.45215118081904
5625,7.45215118081904
5626,7.45215118081904
5627,7.45215118081904
5628,7.45215118081904
5629,7.45215118081904
5630,7.45215118081904
5631,7.45215118081904
5632,7.45215118081904
5633,7.45215118081904
5634,7.45215118081904
5635,7.45215118081904
5636,7.45215118081904
5637,7.45215118081904
5638,7.45215118081904
5639,7.45215118081904
5640,7.45215118081904
5641,7.45215118081904
5642,7.45215118081904
5643,7.45215118081904
5644,7.45215118081904
5645,7.45215118081904
5646,7.45215118081904
5647,7.45215118081904
5648,7.45215118081904
5649,7.45215118081904
5650,7.45215118081904
5651,7.45215118081904
5652,7.45215118081904
5653,7.45215118081904
5654,7.45215118081904
5655,7.45215118081904
5656,7.45215118081904
5657,7.45215118081904
5658,7.45215118081904
5659,7.45215118081904
5660,7.45215118081904
5661,7.45215118081904
5662,7.45215118081904
5663,7.45215118081904
5664,7.45215118081904
5665,7.45215118081904
5666,7.45215118081904
5667,7.45215118081904
5668,7.45215118081904
5669,7.45215118081904
5670,7.45215118081904
5671,7.45215118081904
5672,7.45215118081904
5673,7.45215118081904
5674,7.45215118081904
5675,7.45215118081904
5676,7.45215118081904
5677,7.45215118081904
5678,7.45215118081904
5679,7.45215118081904
5680,7.45215118081904
5681,7.45215118081904
5682,7.45215118081904
5683,7.45215118081904
5684,7.45215118081904
5685,7.45215118081904
5686,7.45215118081904
5687,7.45215118081904
5688,7.45215118081904
5689,7.45215118081904
5690,7.45215118081904
5691,7.45215118081904
5692,7.45215118081904
5693,7.45215118081904
5694,7.45215118081904
5695,7.45215118081904
5696,7.45215118081904
5697,7.45215118081904
5698,7.45215118081904
5699,7.45215118081904
5700,7.45215118081904
5701,7.45215118081904
5702,7.45215118081904
5703,7.45215118081904
5704,7.45215118081904
5705,7.45215118081904
5706,7.45215118081904
5707,7.45215118081904
5708,7.45215118081904
5709,7.45215118081904
5710,7.45215118081904
5711,7.45215118081904
5712,7.45215118081904
5713,7.45215118081904
5714,7.45215118081904
5715,7.45215118081904
5716,7.45215118081904
5717,7.45215118081904
5718,7.45215118081904
5719,7.45215118081904
5720,7.45215118081904
5721,7.45215118081904
5722,7.45215118081904
5723,7.45215118081904
5724,7.45215118081904
5725,7.45215118081904
5726,7.45215118081904
5727,7.45215118081904
5728,7.45215118081904
5729,7.45215118081904
5730,7.45215118081904
5731,7.45215118081904
5732,7.45215118081904
5733,7.45215118081904
5734,7.45215118081904
5735,7.45215118081904
5736,7.45215118081904
5737,7.45215118081904
5738,7.45215118081904
5739,7.45215118081904
5740,7.45215118081904
5741,7.45215118081904
5742,7.45215118081904
5743,7.45215118081904
5744,7.45215118081904
5745,7.45215118081904
5746,7.45215118081904
5747,7.45215118081904
5748,7.45215118081904
5749,7.45215118081904
5750,7.45215118081904
5751,7.45215118081904
5752,7.45215118081904
5753,7.45215118081904
5754,7.45215118081904
5755,7.45215118081904
5756,7.45215118081904
5757,7.45215118081904
5758,7.45215118081904
5759,7.45215118081904
5760,7.45215118081904
5761,7.45215118081904
5762,7.45215118081904
5763,7.45215118081904
5764,7.45215118081904
5765,7.45215118081904
5766,7.45215118081904
5767,7.45215118081904
5768,7.45215118081904
5769,7.45215118081904
5770,7.45215118081904
5771,7.45215118081904
5772,7.45215118081904
5773,7.45215118081904
5774,7.45215118081904
5775,7.45215118081904
5776,7.45215118081904
5777,7.45215118081904
5778,7.45215118081904
5779,7.45215118081904
5780,7.45215118081904
5781,7.45215118081904
5782,7.45215118081904
5783,7.45215118081904
5784,7.45215118081904
5785,7.45215118081904
5786,7.45215118081904
5787,7.45215118081904
5788,7.45215118081904
5789,7.45215118081904
5790,7.45215118081904
5791,7.45215118081904
5792,7.45215118081904
5793,7.45215118081904
5794,7.45215118081904
5795,7.45215118081904
5796,7.45215118081904
5797,7.45215118081904
5798,7.45215118081904
5799,7.45215118081904
5800,7.45215118081904
5801,7.45215118081904
5802,7.45215118081904
5803,7.45215118081904
5804,7.45215118081904
5805,7.45215118081904
5806,7.45215118081904
5807,7.45215118081904
5808,7.45215118081904
5809,7.45215118081904
5810,7.45215118081904
5811,7.45215118081904
5812,7.45215118081904
5813,7.45215118081904
5814,7.45215118081904
5815,7.45215118081904
5816,7.45215118081904
5817,7.45215118081904
5818,7.45215118081904
5819,7.45215118081904
5820,7.45215118081904
5821,7.45215118081904
5822,7.45215118081904
5823,7.45215118081904
5824,7.45215118081904
5825,7.45215118081904
5826,7.45215118081904
5827,7.45215118081904
5828,7.45215118081904
5829,7.45215118081904
5830,7.45215118081904
5831,7.45215118081904
5832,7.45215118081904
5833,7.45215118081904
5834,7.45215118081904
5835,7.45215118081904
5836,7.45215118081904
5837,7.45215118081904
5838,7.45215118081904
5839,7.45215118081904
5840,7.45215118081904
5841,7.45215118081904
5842,7.45215118081904
5843,7.45215118081904
5844,7.45215118081904
5845,7.45215118081904
5846,7.45215118081904
5847,7.45215118081904
5848,7.45215118081904
5849,7.45215118081904
5850,7.45215118081904
5851,7.45215118081904
5852,7.45215118081904
5853,7.45215118081904
5854,7.45215118081904
5855,7.45215118081904
5856,7.45215118081904
5857,7.45215118081904
5858,7.45215118081904
5859,7.45215118081904
5860,7.45215118081904
5861,7.45215118081904
5862,7.45215118081904
5863,7.45215118081904
5864,7.45215118081904
5865,7.45215118081904
5866,7.45215118081904
5867,7.45215118081904
5868,7.45215118081904
5869,7.45215118081904
5870,7.45215118081904
5871,7.45215118081904
5872,7.45215118081904
5873,7.45215118081904
5874,7.45215118081904
5875,7.45215118081904
5876,7.45215118081904
5877,7.45215118081904
5878,7.45215118081904
5879,7.45215118081904
5880,7.45215118081904
5881,7.45215118081904
5882,7.45215118081904
5883,7.45215118081904
5884,7.45215118081904
5885,7.45215118081904
5886,7.45215118081904
5887,7.45215118081904
5888,7.45215118081904
5889,7.45215118081904
5890,7.45215118081904
5891,7.45215118081904
5892,7.45215118081904
5893,7.45215118081904
5894,7.45215118081904
5895,7.45215118081904
5896,7.45215118081904
5897,7.45215118081904
5898,7.45215118081904
5899,7.45215118081904
5900,7.45215118081904
5901,7.45215118081904
5902,7.45215118081904
5903,7.45215118081904
5904,7.45215118081904
5905,7.45215118081904
5906,7.45215118081904
5907,7.45215118081904
5908,7.45215118081904
5909,7.45215118081904
5910,7.45215118081904
5911,7.45215118081904
5912,7.45215118081904
5913,7.45215118081904
5914,7.45215118081904
5915,7.45215118081904
5916,7.45215118081904
5917,7.45215118081904
5918,7.45215118081904
5919,7.45215118081904
5920,7.45215118081904
5921,7.45215118081904
5922,7.45215118081904
5923,7.45215118081904
5924,7.45215118081904
5925,7.45215118081904
5926,7.45215118081904
5927,7.45215118081904
5928,7.45215118081904
5929,7.45215118081904
5930,7.45215118081904
5931,7.45215118081904
5932,7.45215118081904
5933,7.45215118081904
5934,7.45215118081904
5935,7.45215118081904
5936,7.45215118081904
5937,7.45215118081904
5938,7.45215118081904
5939,7.45215118081904
5940,7.45215118081904
5941,7.45215118081904
5942,7.45215118081904
5943,7.45215118081904
5944,7.45215118081904
5945,7.45215118081904
5946,7.45215118081904
5947,7.45215118081904
5948,7.45215118081904
5949,7.45215118081904
5950,7.45215118081904
5951,7.45215118081904
5952,7.45215118081904
5953,7.45215118081904
5954,7.45215118081904
5955,7.45215118081904
5956,7.45215118081904
5957,7.45215118081904
5958,7.45215118081904
5959,7.45215118081904
5960,7.45215118081904
5961,7.45215118081904
5962,7.45215118081904
5963,7.45215118081904
5964,7.45215118081904
5965,7.45215118081904
5966,7.45215118081904
5967,7.45215118081904
5968,7.45215118081904
5969,7.45215118081904
5970,7.45215118081904
5971,7.45215118081904
5972,7.45215118081904
5973,7.45215118081904
5974,7.45215118081904
5975,7.45215118081904
5976,7.45215118081904
5977,7.45215118081904
5978,7.45215118081904
5979,7.45215118081904
5980,7.45215118081904
5981,7.45215118081904
5982,7.45215118081904
5983,7.45215118081904
5984,7.45215118081904
5985,7.45215118081904
5986,7.45215118081904
5987,7.45215118081904
5988,7.45215118081904
5989,7.45215118081904
5990,7.45215118081904
5991,7.45215118081904
5992,7.45215118081904
5993,7.45215118081904
5994,7.45215118081904
5995,7.45215118081904
5996,7.45215118081904
5997,7.45215118081904
5998,7.45215118081904
5999,7.45215118081904
6000,7.45215118081904
6001,7.45215118081904
6002,7.45215118081904
6003,7.45215118081904
6004,7.45215118081904
6005,7.45215118081904
6006,7.45215118081904
6007,7.45215118081904
6008,7.45215118081904
6009,7.45215118081904
6010,7.45215118081904
6011,7.45215118081904
6012,7.45215118081904
6013,7.45215118081904
6014,7.45215118081904
6015,7.45215118081904
6016,7.45215118081904
6017,7.45215118081904
6018,7.45215118081904
6019,7.45215118081904
6020,7.45215118081904
6021,7.45215118081904
6022,7.45215118081904
6023,7.45215118081904
6024,7.45215118081904
6025,7.45215118081904
6026,7.45215118081904
6027,7.45215118081904
6028,7.45215118081904
6029,7.45215118081904
6030,7.45215118081904
6031,7.45215118081904
6032,7.45215118081904
6033,7.45215118081904
6034,7.45215118081904
6035,7.45215118081904
6036,7.45215118081904
6037,7.45215118081904
6038,7.45215118081904
6039,7.45215118081904
6040,7.45215118081904
6041,7.45215118081904
6042,7.45215118081904
6043,7.45215118081904
6044,7.45215118081904
6045,7.45215118081904
6046,7.45215118081904
6047,7.45215118081904
6048,7.45215118081904
6049,7.45215118081904
6050,7.45215118081904
6051,7.45215118081904
6052,7.45215118081904
6053,7.45215118081904
6054,7.45215118081904
6055,7.45215118081904
6056,7.45215118081904
6057,7.45215118081904
6058,7.45215118081904
6059,7.45215118081904
6060,7.45215118081904
6061,7.45215118081904
6062,7.45215118081904
6063,7.45215118081904
6064,7.45215118081904
6065,7.45215118081904
6066,7.45215118081904
6067,7.45215118081904
6068,7.45215118081904
6069,7.45215118081904
6070,7.45215118081904
6071,7.45215118081904
6072,7.45215118081904
6073,7.45215118081904
6074,7.45215118081904
6075,7.45215118081904
6076,7.45215118081904
6077,7.45215118081904
6078,7.45215118081904
6079,7.45215118081904
6080,7.45215118081904
6081,7.45215118081904
6082,7.45215118081904
6083,7.45215118081904
6084,7.45215118081904
6085,7.45215118081904
6086,7.45215118081904
6087,7.45215118081904
6088,7.45215118081904
6089,7.45215118081904
6090,7.45215118081904
6091,7.45215118081904
6092,7.45215118081904
6093,7.45215118081904
6094,7.45215118081904
6095,7.45215118081904
6096,7.45215118081904
6097,7.45215118081904
6098,7.45215118081904
6099,7.45215118081904
6100,7.45215118081904
6101,7.45215118081904
6102,7.45215118081904
6103,7.45215118081904
6104,7.45215118081904
6105,7.45215118081904
6106,7.45215118081904
6107,7.45215118081904
6108,7.45215118081904
6109,7.45215118081904
6110,7.45215118081904
6111,7.45215118081904
6112,7.45215118081904
6113,7.45215118081904
6114,7.45215118081904
6115,7.45215118081904
6116,7.45215118081904
6117,7.45215118081904
6118,7.45215118081904
6119,7.45215118081904
6120,7.45215118081904
6121,7.45215118081904
6122,7.45215118081904
6123,7.45215118081904
6124,7.45215118081904
6125,7.45215118081904
6126,7.45215118081904
6127,7.45215118081904
6128,7.45215118081904
6129,7.45215118081904
6130,7.45215118081904
6131,7.45215118081904
6132,7.45215118081904
6133,7.45215118081904
6134,7.45215118081904
6135,7.45215118081904
6136,7.45215118081904
6137,7.45215118081904
6138,7.45215118081904
6139,7.45215118081904
6140,7.45215118081904
6141,7.45215118081904
6142,7.45215118081904
6143,7.45215118081904
6144,7.45215118081904
6145,7.45215118081904
6146,7.45215118081904
6147,7.45215118081904
6148,7.45215118081904
6149,7.45215118081904
6150,7.45215118081904
6151,7.45215118081904
6152,7.45215118081904
6153,7.45215118081904
6154,7.45215118081904
6155,7.45215118081904
6156,7.45215118081904
6157,7.45215118081904
6158,7.45215118081904
6159,7.45215118081904
6160,7.45215118081904
6161,7.45215118081904
6162,7.45215118081904
6163,7.45215118081904
6164,7.45215118081904
6165,7.45215118081904
6166,7.45215118081904
6167,7.45215118081904
6168,7.45215118081904
6169,7.45215118081904
6170,7.45215118081904
6171,7.45215118081904
6172,7.45215118081904
6173,7.45215118081904
6174,7.45215118081904
6175,7.45215118081904
6176,7.45215118081904
6177,7.45215118081904
6178,7.45215118081904
6179,7.45215118081904
6180,7.45215118081904
6181,7.45215118081904
6182,7.45215118081904
6183,7.45215118081904
6184,7.45215118081904
6185,7.45215118081904
6186,7.45215118081904
6187,7.45215118081904
6188,7.45215118081904
6189,7.45215118081904
6190,7.45215118081904
6191,7.45215118081904
6192,7.45215118081904
6193,7.45215118081904
6194,7.45215118081904
6195,7.45215118081904
6196,7.45215118081904
6197,7.45215118081904
6198,7.45215118081904
6199,7.45215118081904
6200,7.45215118081904
6201,7.45215118081904
6202,7.45215118081904
6203,7.45215118081904
6204,7.45215118081904
6205,7.45215118081904
6206,7.45215118081904
6207,7.45215118081904
6208,7.45215118081904
6209,7.45215118081904
6210,7.45215118081904
6211,7.45215118081904
6212,7.45215118081904
6213,7.45215118081904
6214,7.45215118081904
6215,7.45215118081904
6216,7.45215118081904
6217,7.45215118081904
6218,7.45215118081904
6219,7.45215118081904
6220,7.45215118081904
6221,7.45215118081904
6222,7.45215118081904
6223,7.45215118081904
6224,7.45215118081904
6225,7.45215118081904
6226,7.45215118081904
6227,7.45215118081904
6228,7.45215118081904
6229,7.45215118081904
6230,7.45215118081904
6231,7.45215118081904
6232,7.45215118081904
6233,7.45215118081904
6234,7.45215118081904
6235,7.45215118081904
6236,7.45215118081904
6237,7.45215118081904
6238,7.45215118081904
6239,7.45215118081904
6240,7.45215118081904
6241,7.45215118081904
6242,7.45215118081904
6243,7.45215118081904
6244,7.45215118081904
6245,7.45215118081904
6246,7.45215118081904
6247,7.45215118081904
6248,7.45215118081904
6249,7.45215118081904
6250,7.45215118081904
6251,7.45215118081904
6252,7.45215118081904
6253,7.45215118081904
6254,7.45215118081904
6255,7.45215118081904
6256,7.45215118081904
6257,7.45215118081904
6258,7.45215118081904
6259,7.45215118081904
6260,7.45215118081904
6261,7.45215118081904
6262,7.45215118081904
6263,7.45215118081904
6264,7.45215118081904
6265,7.45215118081904
6266,7.45215118081904
6267,7.45215118081904
6268,7.45215118081904
6269,7.45215118081904
6270,7.45215118081904
6271,7.45215118081904
6272,7.45215118081904
6273,7.45215118081904
6274,7.45215118081904
6275,7.45215118081904
6276,7.45215118081904
6277,7.45215118081904
6278,7.45215118081904
6279,7.45215118081904
6280,7.45215118081904
6281,7.45215118081904
6282,7.45215118081904
6283,7.45215118081904
6284,7.45215118081904
6285,7.45215118081904
6286,7.45215118081904
6287,7.45215118081904
6288,7.45215118081904
6289,7.45215118081904
6290,7.45215118081904
6291,7.45215118081904
6292,7.45215118081904
6293,7.45215118081904
6294,7.45215118081904
6295,7.45215118081904
6296,7.45215118081904
6297,7.45215118081904
6298,7.45215118081904
6299,7.45215118081904
6300,7.45215118081904
6301,7.45215118081904
6302,7.45215118081904
6303,7.45215118081904
6304,7.45215118081904
6305,7.45215118081904
6306,7.45215118081904
6307,7.45215118081904
6308,7.45215118081904
6309,7.45215118081904
6310,7.45215118081904
6311,7.45215118081904
6312,7.45215118081904
6313,7.45215118081904
6314,7.45215118081904
6315,7.45215118081904
6316,7.45215118081904
6317,7.45215118081904
6318,7.45215118081904
6319,7.45215118081904
6320,7.45215118081904
6321,7.45215118081904
6322,7.45215118081904
6323,7.45215118081904
6324,7.45215118081904
6325,7.45215118081904
6326,7.45215118081904
6327,7.45215118081904
6328,7.45215118081904
6329,7.45215118081904
6330,7.45215118081904
6331,7.45215118081904
6332,7.45215118081904
6333,7.45215118081904
6334,7.45215118081904
6335,7.45215118081904
6336,7.45215118081904
6337,7.45215118081904
6338,7.45215118081904
6339,7.45215118081904
6340,7.45215118081904
6341,7.45215118081904
6342,7.45215118081904
6343,7.45215118081904
6344,7.45215118081904
6345,7.45215118081904
6346,7.45215118081904
6347,7.45215118081904
6348,7.45215118081904
6349,7.45215118081904
6350,7.45215118081904
6351,7.45215118081904
6352,7.45215118081904
6353,7.45215118081904
6354,7.45215118081904
6355,7.45215118081904
6356,7.45215118081904
6357,7.45215118081904
6358,7.45215118081904
6359,7.45215118081904
6360,7.45215118081904
6361,7.45215118081904
6362,7.45215118081904
6363,7.45215118081904
6364,7.45215118081904
6365,7.45215118081904
6366,7.45215118081904
6367,7.45215118081904
6368,7.45215118081904
6369,7.45215118081904
6370,7.45215118081904
6371,7.45215118081904
6372,7.45215118081904
6373,7.45215118081904
6374,7.45215118081904
6375,7.45215118081904
6376,7.45215118081904
6377,7.45215118081904
6378,7.45215118081904
6379,7.45215118081904
6380,7.45215118081904
6381,7.45215118081904
6382,7.45215118081904
6383,7.45215118081904
6384,7.45215118081904
6385,7.45215118081904
6386,7.45215118081904
6387,7.45215118081904
6388,7.45215118081904
6389,7.45215118081904
6390,7.45215118081904
6391,7.45215118081904
6392,7.45215118081904
6393,7.45215118081904
6394,7.45215118081904
6395,7.45215118081904
6396,7.45215118081904
6397,7.45215118081904
6398,7.45215118081904
6399,7.45215118081904
6400,7.45215118081904
6401,7.45215118081904
6402,7.45215118081904
6403,7.45215118081904
6404,7.45215118081904
6405,7.45215118081904
6406,7.45215118081904
6407,7.45215118081904
6408,7.45215118081904
6409,7.45215118081904
6410,7.45215118081904
6411,7.45215118081904
6412,7.45215118081904
6413,7.45215118081904
6414,7.45215118081904
6415,7.45215118081904
6416,7.45215118081904
6417,7.45215118081904
6418,7.45215118081904
6419,7.45215118081904
6420,7.45215118081904
6421,7.45215118081904
6422,7.45215118081904
6423,7.45215118081904
6424,7.45215118081904
6425,7.45215118081904
6426,7.45215118081904
6427,7.45215118081904
6428,7.45215118081904
6429,7.45215118081904
6430,7.45215118081904
6431,7.45215118081904
6432,7.45215118081904
6433,7.45215118081904
6434,7.45215118081904
6435,7.45215118081904
6436,7.45215118081904
6437,7.45215118081904
6438,7.45215118081904
6439,7.45215118081904
6440,7.45215118081904
6441,7.45215118081904
6442,7.45215118081904
6443,7.45215118081904
6444,7.45215118081904
6445,7.45215118081904
6446,7.45215118081904
6447,7.45215118081904
6448,7.45215118081904
6449,7.45215118081904
6450,7.45215118081904
6451,7.45215118081904
6452,7.45215118081904
6453,7.45215118081904
6454,7.45215118081904
6455,7.45215118081904
6456,7.45215118081904
6457,7.45215118081904
6458,7.45215118081904
6459,7.45215118081904
6460,7.45215118081904
6461,7.45215118081904
6462,7.45215118081904
6463,7.45215118081904
6464,7.45215118081904
6465,7.45215118081904
6466,7.45215118081904
6467,7.45215118081904
6468,7.45215118081904
6469,7.45215118081904
6470,7.45215118081904
6471,7.45215118081904
6472,7.45215118081904
6473,7.45215118081904
6474,7.45215118081904
6475,7.45215118081904
6476,7.45215118081904
6477,7.45215118081904
6478,7.45215118081904
6479,7.45215118081904
6480,7.45215118081904
6481,7.45215118081904
6482,7.45215118081904
6483,7.45215118081904
6484,7.45215118081904
6485,7.45215118081904
6486,7.45215118081904
6487,7.45215118081904
6488,7.45215118081904
6489,7.45215118081904
6490,7.45215118081904
6491,7.45215118081904
6492,7.45215118081904
6493,7.45215118081904
6494,7.45215118081904
6495,7.45215118081904
6496,7.45215118081904
6497,7.45215118081904
6498,7.45215118081904
6499,7.45215118081904
6500,7.45215118081904
6501,7.45215118081904
6502,7.45215118081904
6503,7.45215118081904
6504,7.45215118081904
6505,7.45215118081904
6506,7.45215118081904
6507,7.45215118081904
6508,7.45215118081904
6509,7.45215118081904
6510,7.45215118081904
6511,7.45215118081904
6512,7.45215118081904
6513,7.45215118081904
6514,7.45215118081904
6515,7.45215118081904
6516,7.45215118081904
6517,7.45215118081904
6518,7.45215118081904
6519,7.45215118081904
6520,7.45215118081904
6521,7.45215118081904
6522,7.45215118081904
6523,7.45215118081904
6524,7.45215118081904
6525,7.45215118081904
6526,7.45215118081904
6527,7.45215118081904
6528,7.45215118081904
6529,7.45215118081904
6530,7.45215118081904
6531,7.45215118081904
6532,7.45215118081904
6533,7.45215118081904
6534,7.45215118081904
6535,7.45215118081904
6536,7.45215118081904
6537,7.45215118081904
6538,7.45215118081904
6539,7.45215118081904
6540,7.45215118081904
6541,7.45215118081904
6542,7.45215118081904
6543,7.45215118081904
6544,7.45215118081904
6545,7.45215118081904
6546,7.45215118081904
6547,7.45215118081904
6548,7.45215118081904
6549,7.45215118081904
6550,7.45215118081904
6551,7.45215118081904
6552,7.45215118081904
6553,7.45215118081904
6554,7.45215118081904
6555,7.45215118081904
6556,7.45215118081904
6557,7.45215118081904
6558,7.45215118081904
6559,7.45215118081904
6560,7.45215118081904
6561,7.45215118081904
6562,7.45215118081904
6563,7.45215118081904
6564,7.45215118081904
6565,7.45215118081904
6566,7.45215118081904
6567,7.45215118081904
6568,7.45215118081904
6569,7.45215118081904
6570,7.45215118081904
6571,7.45215118081904
6572,7.45215118081904
6573,7.45215118081904
6574,7.45215118081904
6575,7.45215118081904
6576,7.45215118081904
6577,7.45215118081904
6578,7.45215118081904
6579,7.45215118081904
6580,7.45215118081904
6581,7.45215118081904
6582,7.45215118081904
6583,7.45215118081904
6584,7.45215118081904
6585,7.45215118081904
6586,7.45215118081904
6587,7.45215118081904
6588,7.45215118081904
6589,7.45215118081904
6590,7.45215118081904
6591,7.45215118081904
6592,7.45215118081904
6593,7.45215118081904
6594,7.45215118081904
6595,7.45215118081904
6596,7.45215118081904
6597,7.45215118081904
6598,7.45215118081904
6599,7.45215118081904
6600,7.45215118081904
6601,7.45215118081904
6602,7.45215118081904
6603,7.45215118081904
6604,7.45215118081904
6605,7.45215118081904
6606,7.45215118081904
6607,7.45215118081904
6608,7.45215118081904
6609,7.45215118081904
6610,7.45215118081904
6611,7.45215118081904
6612,7.45215118081904
6613,7.45215118081904
6614,7.45215118081904
6615,7.45215118081904
6616,7.45215118081904
6617,7.45215118081904
6618,7.45215118081904
6619,7.45215118081904
6620,7.45215118081904
6621,7.45215118081904
6622,7.45215118081904
6623,7.45215118081904
6624,7.45215118081904
6625,7.45215118081904
6626,7.45215118081904
6627,7.45215118081904
6628,7.45215118081904
6629,7.45215118081904
6630,7.45215118081904
6631,7.45215118081904
6632,7.45215118081904
6633,7.45215118081904
6634,7.45215118081904
6635,7.45215118081904
6636,7.45215118081904
6637,7.45215118081904
6638,7.45215118081904
6639,7.45215118081904
6640,7.45215118081904
6641,7.45215118081904
6642,7.45215118081904
6643,7.45215118081904
6644,7.45215118081904
6645,7.45215118081904
6646,7.45215118081904
6647,7.45215118081904
6648,7.45215118081904
6649,7.45215118081904
6650,7.45215118081904
6651,7.45215118081904
6652,7.45215118081904
6653,7.45215118081904
6654,7.45215118081904
6655,7.45215118081904
6656,7.45215118081904
6657,7.45215118081904
6658,7.45215118081904
6659,7.45215118081904
6660,7.45215118081904
6661,7.45215118081904
6662,7.45215118081904
6663,7.45215118081904
6664,7.45215118081904
6665,7.45215118081904
6666,7.45215118081904
6667,7.45215118081904
6668,7.45215118081904
6669,7.45215118081904
6670,7.45215118081904
6671,7.45215118081904
6672,7.45215118081904
6673,7.45215118081904
6674,7.45215118081904
6675,7.45215118081904
6676,7.45215118081904
6677,7.45215118081904
6678,7.45215118081904
6679,7.45215118081904
6680,7.45215118081904
6681,7.45215118081904
6682,7.45215118081904
6683,7.45215118081904
6684,7.45215118081904
6685,7.45215118081904
6686,7.45215118081904
6687,7.45215118081904
6688,7.45215118081904
6689,7.45215118081904
6690,7.45215118081904
6691,7.45215118081904
6692,7.45215118081904
6693,7.45215118081904
6694,7.45215118081904
6695,7.45215118081904
6696,7.45215118081904
6697,7.45215118081904
6698,7.45215118081904
6699,7.45215118081904
6700,7.45215118081904
6701,7.45215118081904
6702,7.45215118081904
6703,7.45215118081904
6704,7.45215118081904
6705,7.45215118081904
6706,7.45215118081904
6707,7.45215118081904
6708,7.45215118081904
6709,7.45215118081904
6710,7.45215118081904
6711,7.45215118081904
6712,7.45215118081904
6713,7.45215118081904
6714,7.45215118081904
6715,7.45215118081904
6716,7.45215118081904
6717,7.45215118081904
6718,7.45215118081904
6719,7.45215118081904
6720,7.45215118081904
6721,7.45215118081904
6722,7.45215118081904
6723,7.45215118081904
6724,7.45215118081904
6725,7.45215118081904
6726,7.45215118081904
6727,7.45215118081904
6728,7.45215118081904
6729,7.45215118081904
6730,7.45215118081904
6731,7.45215118081904
6732,7.45215118081904
6733,7.45215118081904
6734,7.45215118081904
6735,7.45215118081904
6736,7.45215118081904
6737,7.45215118081904
6738,7.45215118081904
6739,7.45215118081904
6740,7.45215118081904
6741,7.45215118081904
6742,7.45215118081904
6743,7.45215118081904
6744,7.45215118081904
6745,7.45215118081904
6746,7.45215118081904
6747,7.45215118081904
6748,7.45215118081904
6749,7.45215118081904
6750,7.45215118081904
6751,7.45215118081904
6752,7.45215118081904
6753,7.45215118081904
6754,7.45215118081904
6755,7.45215118081904
6756,7.45215118081904
6757,7.45215118081904
6758,7.45215118081904
6759,7.45215118081904
6760,7.45215118081904
6761,7.45215118081904
6762,7.45215118081904
6763,7.45215118081904
6764,7.45215118081904
6765,7.45215118081904
6766,7.45215118081904
6767,7.45215118081904
6768,7.45215118081904
6769,7.45215118081904
6770,7.45215118081904
6771,7.45215118081904
6772,7.45215118081904
6773,7.45215118081904
6774,7.45215118081904
6775,7.45215118081904
6776,7.45215118081904
6777,7.45215118081904
6778,7.45215118081904
6779,7.45215118081904
6780,7.45215118081904
6781,7.45215118081904
6782,7.45215118081904
6783,7.45215118081904
6784,7.45215118081904
6785,7.45215118081904
6786,7.45215118081904
6787,7.45215118081904
6788,7.45215118081904
6789,7.45215118081904
6790,7.45215118081904
6791,7.45215118081904
6792,7.45215118081904
6793,7.45215118081904
6794,7.45215118081904
6795,7.45215118081904
6796,7.45215118081904
6797,7.45215118081904
6798,7.45215118081904
6799,7.45215118081904
6800,7.45215118081904
6801,7.45215118081904
6802,7.45215118081904
6803,7.45215118081904
6804,7.45215118081904
6805,7.45215118081904
6806,7.45215118081904
6807,7.45215118081904
6808,7.45215118081904
6809,7.45215118081904
6810,7.45215118081904
6811,7.45215118081904
6812,7.45215118081904
6813,7.45215118081904
6814,7.45215118081904
6815,7.45215118081904
6816,7.45215118081904
6817,7.45215118081904
6818,7.45215118081904
6819,7.45215118081904
6820,7.45215118081904
6821,7.45215118081904
6822,7.45215118081904
6823,7.45215118081904
6824,7.45215118081904
6825,7.45215118081904
6826,7.45215118081904
6827,7.45215118081904
6828,7.45215118081904
6829,7.45215118081904
6830,7.45215118081904
6831,7.45215118081904
6832,7.45215118081904
6833,7.45215118081904
6834,7.45215118081904
6835,7.45215118081904
6836,7.45215118081904
6837,7.45215118081904
6838,7.45215118081904
6839,7.45215118081904
6840,7.45215118081904
6841,7.45215118081904
6842,7.45215118081904
6843,7.45215118081904
6844,7.45215118081904
6845,7.45215118081904
6846,7.45215118081904
6847,7.45215118081904
6848,7.45215118081904
6849,7.45215118081904
6850,7.45215118081904
6851,7.45215118081904
6852,7.45215118081904
6853,7.45215118081904
6854,7.45215118081904
6855,7.45215118081904
6856,7.45215118081904
6857,7.45215118081904
6858,7.45215118081904
6859,7.45215118081904
6860,7.45215118081904
6861,7.45215118081904
6862,7.45215118081904
6863,7.45215118081904
6864,7.45215118081904
6865,7.45215118081904
6866,7.45215118081904
6867,7.45215118081904
6868,7.45215118081904
6869,7.45215118081904
6870,7.45215118081904
6871,7.45215118081904
6872,7.45215118081904
6873,7.45215118081904
6874,7.45215118081904
6875,7.45215118081904
6876,7.45215118081904
6877,7.45215118081904
6878,7.45215118081904
6879,7.45215118081904
6880,7.45215118081904
6881,7.45215118081904
6882,7.45215118081904
6883,7.45215118081904
6884,7.45215118081904
6885,7.45215118081904
6886,7.45215118081904
6887,7.45215118081904
6888,7.45215118081904
6889,7.45215118081904
6890,7.45215118081904
6891,7.45215118081904
6892,7.45215118081904
6893,7.45215118081904
6894,7.45215118081904
6895,7.45215118081904
6896,7.45215118081904
6897,7.45215118081904
6898,7.45215118081904
6899,7.45215118081904
6900,7.45215118081904
6901,7.45215118081904
6902,7.45215118081904
6903,7.45215118081904
6904,7.45215118081904
6905,7.45215118081904
6906,7.45215118081904
6907,7.45215118081904
6908,7.45215118081904
6909,7.45215118081904
6910,7.45215118081904
6911,7.45215118081904
6912,7.45215118081904
6913,7.45215118081904
6914,7.45215118081904
6915,7.45215118081904
6916,7.45215118081904
6917,7.45215118081904
6918,7.45215118081904
6919,7.45215118081904
6920,7.45215118081904
6921,7.45215118081904
6922,7.45215118081904
6923,7.45215118081904
6924,7.45215118081904
6925,7.45215118081904
6926,7.45215118081904
6927,7.45215118081904
6928,7.45215118081904
6929,7.45215118081904
6930,7.45215118081904
6931,7.45215118081904
6932,7.45215118081904
6933,7.45215118081904
6934,7.45215118081904
6935,7.45215118081904
6936,7.45215118081904
6937,7.45215118081904
6938,7.45215118081904
6939,7.45215118081904
6940,7.45215118081904
6941,7.45215118081904
6942,7.45215118081904
6943,7.45215118081904
6944,7.45215118081904
6945,7.45215118081904
6946,7.45215118081904
6947,7.45215118081904
6948,7.45215118081904
6949,7.45215118081904
6950,7.45215118081904
6951,7.45215118081904
6952,7.45215118081904
6953,7.45215118081904
6954,7.45215118081904
6955,7.45215118081904
6956,7.45215118081904
6957,7.45215118081904
6958,7.45215118081904
6959,7.45215118081904
6960,7.45215118081904
6961,7.45215118081904
6962,7.45215118081904
6963,7.45215118081904
6964,7.45215118081904
6965,7.45215118081904
6966,7.45215118081904
6967,7.45215118081904
6968,7.45215118081904
6969,7.45215118081904
6970,7.45215118081904
6971,7.45215118081904
6972,7.45215118081904
6973,7.45215118081904
6974,7.45215118081904
6975,7.45215118081904
6976,7.45215118081904
6977,7.45215118081904
6978,7.45215118081904
6979,7.45215118081904
6980,7.45215118081904
6981,7.45215118081904
6982,7.45215118081904
6983,7.45215118081904
6984,7.45215118081904
6985,7.45215118081904
6986,7.45215118081904
6987,7.45215118081904
6988,7.45215118081904
6989,7.45215118081904
6990,7.45215118081904
6991,7.45215118081904
6992,7.45215118081904
6993,7.45215118081904
6994,7.45215118081904
6995,7.45215118081904
6996,7.45215118081904
6997,7.45215118081904
6998,7.45215118081904
6999,7.45215118081904
7000,7.45215118081904
7001,7.45215118081904
7002,7.45215118081904
7003,7.45215118081904
7004,7.45215118081904
7005,7.45215118081904
7006,7.45215118081904
7007,7.45215118081904
7008,7.45215118081904
7009,7.45215118081904
7010,7.45215118081904
7011,7.45215118081904
7012,7.45215118081904
7013,7.45215118081904
7014,7.45215118081904
7015,7.45215118081904
7016,7.45215118081904
7017,7.45215118081904
7018,7.45215118081904
7019,7.45215118081904
7020,7.45215118081904
7021,7.45215118081904
7022,7.45215118081904
7023,7.45215118081904
7024,7.45215118081904
7025,7.45215118081904
7026,7.45215118081904
7027,7.45215118081904
7028,7.45215118081904
7029,7.45215118081904
7030,7.45215118081904
7031,7.45215118081904
7032,7.45215118081904
7033,7.45215118081904
7034,7.45215118081904
7035,7.45215118081904
7036,7.45215118081904
7037,7.45215118081904
7038,7.45215118081904
7039,7.45215118081904
7040,7.45215118081904
7041,7.45215118081904
7042,7.45215118081904
7043,7.45215118081904
7044,7.45215118081904
7045,7.45215118081904
7046,7.45215118081904
7047,7.45215118081904
7048,7.45215118081904
7049,7.45215118081904
7050,7.45215118081904
7051,7.45215118081904
7052,7.45215118081904
7053,7.45215118081904
7054,7.45215118081904
7055,7.45215118081904
7056,7.45215118081904
7057,7.45215118081904
7058,7.45215118081904
7059,7.45215118081904
7060,7.45215118081904
7061,7.45215118081904
7062,7.45215118081904
7063,7.45215118081904
7064,7.45215118081904
7065,7.45215118081904
7066,7.45215118081904
7067,7.45215118081904
7068,7.45215118081904
7069,7.45215118081904
7070,7.45215118081904
7071,7.45215118081904
7072,7.45215118081904
7073,7.45215118081904
7074,7.45215118081904
7075,7.45215118081904
7076,7.45215118081904
7077,7.45215118081904
7078,7.45215118081904
7079,7.45215118081904
7080,7.45215118081904
7081,7.45215118081904
7082,7.45215118081904
7083,7.45215118081904
7084,7.45215118081904
7085,7.45215118081904
7086,7.45215118081904
7087,7.45215118081904
7088,7.45215118081904
7089,7.45215118081904
7090,7.45215118081904
7091,7.45215118081904
7092,7.45215118081904
7093,7.45215118081904
7094,7.45215118081904
7095,7.45215118081904
7096,7.45215118081904
7097,7.45215118081904
7098,7.45215118081904
7099,7.45215118081904
7100,7.45215118081904
7101,7.45215118081904
7102,7.45215118081904
7103,7.45215118081904
7104,7.45215118081904
7105,7.45215118081904
7106,7.45215118081904
7107,7.45215118081904
7108,7.45215118081904
7109,7.45215118081904
7110,7.45215118081904
7111,7.45215118081904
7112,7.45215118081904
7113,7.45215118081904
7114,7.45215118081904
7115,7.45215118081904
7116,7.45215118081904
7117,7.45215118081904
7118,7.45215118081904
7119,7.45215118081904
7120,7.45215118081904
7121,7.45215118081904
7122,7.45215118081904
7123,7.45215118081904
7124,7.45215118081904
7125,7.45215118081904
7126,7.45215118081904
7127,7.45215118081904
7128,7.45215118081904
7129,7.45215118081904
7130,7.45215118081904
7131,7.45215118081904
7132,7.45215118081904
7133,7.45215118081904
7134,7.45215118081904
7135,7.45215118081904
7136,7.45215118081904
7137,7.45215118081904
7138,7.45215118081904
7139,7.45215118081904
7140,7.45215118081904
7141,7.45215118081904
7142,7.45215118081904
7143,7.45215118081904
7144,7.45215118081904
7145,7.45215118081904
7146,7.45215118081904
7147,7.45215118081904
7148,7.45215118081904
7149,7.45215118081904
7150,7.45215118081904
7151,7.45215118081904
7152,7.45215118081904
7153,7.45215118081904
7154,7.45215118081904
7155,7.45215118081904
7156,7.45215118081904
7157,7.45215118081904
7158,7.45215118081904
7159,7.45215118081904
7160,7.45215118081904
7161,7.45215118081904
7162,7.45215118081904
7163,7.45215118081904
7164,7.45215118081904
7165,7.45215118081904
7166,7.45215118081904
7167,7.45215118081904
7168,7.45215118081904
7169,7.45215118081904
7170,7.45215118081904
7171,7.45215118081904
7172,7.45215118081904
7173,7.45215118081904
7174,7.45215118081904
7175,7.45215118081904
7176,7.45215118081904
7177,7.45215118081904
7178,7.45215118081904
7179,7.45215118081904
7180,7.45215118081904
7181,7.45215118081904
7182,7.45215118081904
7183,7.45215118081904
7184,7.45215118081904
7185,7.45215118081904
7186,7.45215118081904
7187,7.45215118081904
7188,7.45215118081904
7189,7.45215118081904
7190,7.45215118081904
7191,7.45215118081904
7192,7.45215118081904
7193,7.45215118081904
7194,7.45215118081904
7195,7.45215118081904
7196,7.45215118081904
7197,7.45215118081904
7198,7.45215118081904
7199,7.45215118081904
7200,7.45215118081904
7201,7.45215118081904
7202,7.45215118081904
7203,7.45215118081904
7204,7.45215118081904
7205,7.45215118081904
7206,7.45215118081904
7207,7.45215118081904
7208,7.45215118081904
7209,7.45215118081904
7210,7.45215118081904
7211,7.45215118081904
7212,7.45215118081904
7213,7.45215118081904
7214,7.45215118081904
7215,7.45215118081904
7216,7.45215118081904
7217,7.45215118081904
7218,7.45215118081904
7219,7.45215118081904
7220,7.45215118081904
7221,7.45215118081904
7222,7.45215118081904
7223,7.45215118081904
7224,7.45215118081904
7225,7.45215118081904
7226,7.45215118081904
7227,7.45215118081904
7228,7.45215118081904
7229,7.45215118081904
7230,7.45215118081904
7231,7.45215118081904
7232,7.45215118081904
7233,7.45215118081904
7234,7.45215118081904
7235,7.45215118081904
7236,7.45215118081904
7237,7.45215118081904
7238,7.45215118081904
7239,7.45215118081904
7240,7.45215118081904
7241,7.45215118081904
7242,7.45215118081904
7243,7.45215118081904
7244,7.45215118081904
7245,7.45215118081904
7246,7.45215118081904
7247,7.45215118081904
7248,7.45215118081904
7249,7.45215118081904
7250,7.45215118081904
7251,7.45215118081904
7252,7.45215118081904
7253,7.45215118081904
7254,7.45215118081904
7255,7.45215118081904
7256,7.45215118081904
7257,7.45215118081904
7258,7.45215118081904
7259,7.45215118081904
7260,7.45215118081904
7261,7.45215118081904
7262,7.45215118081904
7263,7.45215118081904
7264,7.45215118081904
7265,7.45215118081904
7266,7.45215118081904
7267,7.45215118081904
7268,7.45215118081904
7269,7.45215118081904
7270,7.45215118081904
7271,7.45215118081904
7272,7.45215118081904
7273,7.45215118081904
7274,7.45215118081904
7275,7.45215118081904
7276,7.45215118081904
7277,7.45215118081904
7278,7.45215118081904
7279,7.45215118081904
7280,7.45215118081904
7281,7.45215118081904
7282,7.45215118081904
7283,7.45215118081904
7284,7.45215118081904
7285,7.45215118081904
7286,7.45215118081904
7287,7.45215118081904
7288,7.45215118081904
7289,7.45215118081904
7290,7.45215118081904
7291,7.45215118081904
7292,7.45215118081904
7293,7.45215118081904
7294,7.45215118081904
7295,7.45215118081904
7296,7.45215118081904
7297,7.45215118081904
7298,7.45215118081904
7299,7.45215118081904
7300,7.45215118081904
7301,7.45215118081904
7302,7.45215118081904
7303,7.45215118081904
7304,7.45215118081904
7305,7.45215118081904
7306,7.45215118081904
7307,7.45215118081904
7308,7.45215118081904
7309,7.45215118081904
7310,7.45215118081904
7311,7.45215118081904
7312,7.45215118081904
7313,7.45215118081904
7314,7.45215118081904
7315,7.45215118081904
7316,7.45215118081904
7317,7.45215118081904
7318,7.45215118081904
7319,7.45215118081904
7320,7.45215118081904
7321,7.45215118081904
7322,7.45215118081904
7323,7.45215118081904
7324,7.45215118081904
7325,7.45215118081904
7326,7.45215118081904
7327,7.45215118081904
7328,7.45215118081904
7329,7.45215118081904
7330,7.45215118081904
7331,7.45215118081904
7332,7.45215118081904
7333,7.45215118081904
7334,7.45215118081904
7335,7.45215118081904
7336,7.45215118081904
7337,7.45215118081904
7338,7.45215118081904
7339,7.45215118081904
7340,7.45215118081904
7341,7.45215118081904
7342,7.45215118081904
7343,7.45215118081904
7344,7.45215118081904
7345,7.45215118081904
7346,7.45215118081904
7347,7.45215118081904
7348,7.45215118081904
7349,7.45215118081904
7350,7.45215118081904
7351,7.45215118081904
7352,7.45215118081904
7353,7.45215118081904
7354,7.45215118081904
7355,7.45215118081904
7356,7.45215118081904
7357,7.45215118081904
7358,7.45215118081904
7359,7.45215118081904
7360,7.45215118081904
7361,7.45215118081904
7362,7.45215118081904
7363,7.45215118081904
7364,7.45215118081904
7365,7.45215118081904
7366,7.45215118081904
7367,7.45215118081904
7368,7.45215118081904
7369,7.45215118081904
7370,7.45215118081904
7371,7.45215118081904
7372,7.45215118081904
7373,7.45215118081904
7374,7.45215118081904
7375,7.45215118081904
7376,7.45215118081904
7377,7.45215118081904
7378,7.45215118081904
7379,7.45215118081904
7380,7.45215118081904
7381,7.45215118081904
7382,7.45215118081904
7383,7.45215118081904
7384,7.45215118081904
7385,7.45215118081904
7386,7.45215118081904
7387,7.45215118081904
7388,7.45215118081904
7389,7.45215118081904
7390,7.45215118081904
7391,7.45215118081904
7392,7.45215118081904
7393,7.45215118081904
7394,7.45215118081904
7395,7.45215118081904
7396,7.45215118081904
7397,7.45215118081904
7398,7.45215118081904
7399,7.45215118081904
7400,7.45215118081904
7401,7.45215118081904
7402,7.45215118081904
7403,7.45215118081904
7404,7.45215118081904
7405,7.45215118081904
7406,7.45215118081904
7407,7.45215118081904
7408,7.45215118081904
7409,7.45215118081904
7410,7.45215118081904
7411,7.45215118081904
7412,7.45215118081904
7413,7.45215118081904
7414,7.45215118081904
7415,7.45215118081904
7416,7.45215118081904
7417,7.45215118081904
7418,7.45215118081904
7419,7.45215118081904
7420,7.45215118081904
7421,7.45215118081904
7422,7.45215118081904
7423,7.45215118081904
7424,7.45215118081904
7425,7.45215118081904
7426,7.45215118081904
7427,7.45215118081904
7428,7.45215118081904
7429,7.45215118081904
7430,7.45215118081904
7431,7.45215118081904
7432,7.45215118081904
7433,7.45215118081904
7434,7.45215118081904
7435,7.45215118081904
7436,7.45215118081904
7437,7.45215118081904
7438,7.45215118081904
7439,7.45215118081904
7440,7.45215118081904
7441,7.45215118081904
7442,7.45215118081904
7443,7.45215118081904
7444,7.45215118081904
7445,7.45215118081904
7446,7.45215118081904
7447,7.45215118081904
7448,7.45215118081904
7449,7.45215118081904
7450,7.45215118081904
7451,7.45215118081904
7452,7.45215118081904
7453,7.45215118081904
7454,7.45215118081904
7455,7.45215118081904
7456,7.45215118081904
7457,7.45215118081904
7458,7.45215118081904
7459,7.45215118081904
7460,7.45215118081904
7461,7.45215118081904
7462,7.45215118081904
7463,7.45215118081904
7464,7.45215118081904
7465,7.45215118081904
7466,7.45215118081904
7467,7.45215118081904
7468,7.45215118081904
7469,7.45215118081904
7470,7.45215118081904
7471,7.45215118081904
7472,7.45215118081904
7473,7.45215118081904
7474,7.45215118081904
7475,7.45215118081904
7476,7.45215118081904
7477,7.45215118081904
7478,7.45215118081904
7479,7.45215118081904
7480,7.45215118081904
7481,7.45215118081904
7482,7.45215118081904
7483,7.45215118081904
7484,7.45215118081904
7485,7.45215118081904
7486,7.45215118081904
7487,7.45215118081904
7488,7.45215118081904
7489,7.45215118081904
7490,7.45215118081904
7491,7.45215118081904
7492,7.45215118081904
7493,7.45215118081904
7494,7.45215118081904
7495,7.45215118081904
7496,7.45215118081904
7497,7.45215118081904
7498,7.45215118081904
7499,7.45215118081904
7500,7.45215118081904
7501,7.45215118081904
7502,7.45215118081904
7503,7.45215118081904
7504,7.45215118081904
7505,7.45215118081904
7506,7.45215118081904
7507,7.45215118081904
7508,7.45215118081904
7509,7.45215118081904
7510,7.45215118081904
7511,7.45215118081904
7512,7.45215118081904
7513,7.45215118081904
7514,7.45215118081904
7515,7.45215118081904
7516,7.45215118081904
7517,7.45215118081904
7518,7.45215118081904
7519,7.45215118081904
7520,7.45215118081904
7521,7.45215118081904
7522,7.45215118081904
7523,7.45215118081904
7524,7.45215118081904
7525,7.45215118081904
7526,7.45215118081904
7527,7.45215118081904
7528,7.45215118081904
7529,7.45215118081904
7530,7.45215118081904
7531,7.45215118081904
7532,7.45215118081904
7533,7.45215118081904
7534,7.45215118081904
7535,7.45215118081904
7536,7.45215118081904
7537,7.45215118081904
7538,7.45215118081904
7539,7.45215118081904
7540,7.45215118081904
7541,7.45215118081904
7542,7.45215118081904
7543,7.45215118081904
7544,7.45215118081904
7545,7.45215118081904
7546,7.45215118081904
7547,7.45215118081904
7548,7.45215118081904
7549,7.45215118081904
7550,7.45215118081904
7551,7.45215118081904
7552,7.45215118081904
7553,7.45215118081904
7554,7.45215118081904
7555,7.45215118081904
7556,7.45215118081904
7557,7.45215118081904
7558,7.45215118081904
7559,7.45215118081904
7560,7.45215118081904
7561,7.45215118081904
7562,7.45215118081904
7563,7.45215118081904
7564,7.45215118081904
7565,7.45215118081904
7566,7.45215118081904
7567,7.45215118081904
7568,7.45215118081904
7569,7.45215118081904
7570,7.45215118081904
7571,7.45215118081904
7572,7.45215118081904
7573,7.45215118081904
7574,7.45215118081904
7575,7.45215118081904
7576,7.45215118081904
7577,7.45215118081904
7578,7.45215118081904
7579,7.45215118081904
7580,7.45215118081904
7581,7.45215118081904
7582,7.45215118081904
7583,7.45215118081904
7584,7.45215118081904
7585,7.45215118081904
7586,7.45215118081904
7587,7.45215118081904
7588,7.45215118081904
7589,7.45215118081904
7590,7.45215118081904
7591,7.45215118081904
7592,7.45215118081904
7593,7.45215118081904
7594,7.45215118081904
7595,7.45215118081904
7596,7.45215118081904
7597,7.45215118081904
7598,7.45215118081904
7599,7.45215118081904
7600,7.45215118081904
7601,7.45215118081904
7602,7.45215118081904
7603,7.45215118081904
7604,7.45215118081904
7605,7.45215118081904
7606,7.45215118081904
7607,7.45215118081904
7608,7.45215118081904
7609,7.45215118081904
7610,7.45215118081904
7611,7.45215118081904
7612,7.45215118081904
7613,7.45215118081904
7614,7.45215118081904
7615,7.45215118081904
7616,7.45215118081904
7617,7.45215118081904
7618,7.45215118081904
7619,7.45215118081904
7620,7.45215118081904
7621,7.45215118081904
7622,7.45215118081904
7623,7.45215118081904
7624,7.45215118081904
7625,7.45215118081904
7626,7.45215118081904
7627,7.45215118081904
7628,7.45215118081904
7629,7.45215118081904
7630,7.45215118081904
7631,7.45215118081904
7632,7.45215118081904
7633,7.45215118081904
7634,7.45215118081904
7635,7.45215118081904
7636,7.45215118081904
7637,7.45215118081904
7638,7.45215118081904
7639,7.45215118081904
7640,7.45215118081904
7641,7.45215118081904
7642,7.45215118081904
7643,7.45215118081904
7644,7.45215118081904
7645,7.45215118081904
7646,7.45215118081904
7647,7.45215118081904
7648,7.45215118081904
7649,7.45215118081904
7650,7.45215118081904
7651,7.45215118081904
7652,7.45215118081904
7653,7.45215118081904
7654,7.45215118081904
7655,7.45215118081904
7656,7.45215118081904
7657,7.45215118081904
7658,7.45215118081904
7659,7.45215118081904
7660,7.45215118081904
7661,7.45215118081904
7662,7.45215118081904
7663,7.45215118081904
7664,7.45215118081904
7665,7.45215118081904
7666,7.45215118081904
7667,7.45215118081904
7668,7.45215118081904
7669,7.45215118081904
7670,7.45215118081904
7671,7.45215118081904
7672,7.45215118081904
7673,7.45215118081904
7674,7.45215118081904
7675,7.45215118081904
7676,7.45215118081904
7677,7.45215118081904
7678,7.45215118081904
7679,7.45215118081904
7680,7.45215118081904
7681,7.45215118081904
7682,7.45215118081904
7683,7.45215118081904
7684,7.45215118081904
7685,7.45215118081904
7686,7.45215118081904
7687,7.45215118081904
7688,7.45215118081904
7689,7.45215118081904
7690,7.45215118081904
7691,7.45215118081904
7692,7.45215118081904
7693,7.45215118081904
7694,7.45215118081904
7695,7.45215118081904
7696,7.45215118081904
7697,7.45215118081904
7698,7.45215118081904
7699,7.45215118081904
7700,7.45215118081904
7701,7.45215118081904
7702,7.45215118081904
7703,7.45215118081904
7704,7.45215118081904
7705,7.45215118081904
7706,7.45215118081904
7707,7.45215118081904
7708,7.45215118081904
7709,7.45215118081904
7710,7.45215118081904
7711,7.45215118081904
7712,7.45215118081904
7713,7.45215118081904
7714,7.45215118081904
7715,7.45215118081904
7716,7.45215118081904
7717,7.45215118081904
7718,7.45215118081904
7719,7.45215118081904
7720,7.45215118081904
7721,7.45215118081904
7722,7.45215118081904
7723,7.45215118081904
7724,7.45215118081904
7725,7.45215118081904
7726,7.45215118081904
7727,7.45215118081904
7728,7.45215118081904
7729,7.45215118081904
7730,7.45215118081904
7731,7.45215118081904
7732,7.45215118081904
7733,7.45215118081904
7734,7.45215118081904
7735,7.45215118081904
7736,7.45215118081904
7737,7.45215118081904
7738,7.45215118081904
7739,7.45215118081904
7740,7.45215118081904
7741,7.45215118081904
7742,7.45215118081904
7743,7.45215118081904
7744,7.45215118081904
7745,7.45215118081904
7746,7.45215118081904
7747,7.45215118081904
7748,7.45215118081904
7749,7.45215118081904
7750,7.45215118081904
7751,7.45215118081904
7752,7.45215118081904
7753,7.45215118081904
7754,7.45215118081904
7755,7.45215118081904
7756,7.45215118081904
7757,7.45215118081904
7758,7.45215118081904
7759,7.45215118081904
7760,7.45215118081904
7761,7.45215118081904
7762,7.45215118081904
7763,7.45215118081904
7764,7.45215118081904
7765,7.45215118081904
7766,7.45215118081904
7767,7.45215118081904
7768,7.45215118081904
7769,7.45215118081904
7770,7.45215118081904
7771,7.45215118081904
7772,7.45215118081904
7773,7.45215118081904
7774,7.45215118081904
7775,7.45215118081904
7776,7.45215118081904
7777,7.45215118081904
7778,7.45215118081904
7779,7.45215118081904
7780,7.45215118081904
7781,7.45215118081904
7782,7.45215118081904
7783,7.45215118081904
7784,7.45215118081904
7785,7.45215118081904
7786,7.45215118081904
7787,7.45215118081904
7788,7.45215118081904
7789,7.45215118081904
7790,7.45215118081904
7791,7.45215118081904
7792,7.45215118081904
7793,7.45215118081904
7794,7.45215118081904
7795,7.45215118081904
7796,7.45215118081904
7797,7.45215118081904
7798,7.45215118081904
7799,7.45215118081904
7800,7.45215118081904
7801,7.45215118081904
7802,7.45215118081904
7803,7.45215118081904
7804,7.45215118081904
7805,7.45215118081904
7806,7.45215118081904
7807,7.45215118081904
7808,7.45215118081904
7809,7.45215118081904
7810,7.45215118081904
7811,7.45215118081904
7812,7.45215118081904
7813,7.45215118081904
7814,7.45215118081904
7815,7.45215118081904
7816,7.45215118081904
7817,7.45215118081904
7818,7.45215118081904
7819,7.45215118081904
7820,7.45215118081904
7821,7.45215118081904
7822,7.45215118081904
7823,7.45215118081904
7824,7.45215118081904
7825,7.45215118081904
7826,7.45215118081904
7827,7.45215118081904
7828,7.45215118081904
7829,7.45215118081904
7830,7.45215118081904
7831,7.45215118081904
7832,7.45215118081904
7833,7.45215118081904
7834,7.45215118081904
7835,7.45215118081904
7836,7.45215118081904
7837,7.45215118081904
7838,7.45215118081904
7839,7.45215118081904
7840,7.45215118081904
7841,7.45215118081904
7842,7.45215118081904
7843,7.45215118081904
7844,7.45215118081904
7845,7.45215118081904
7846,7.45215118081904
7847,7.45215118081904
7848,7.45215118081904
7849,7.45215118081904
7850,7.45215118081904
7851,7.45215118081904
7852,7.45215118081904
7853,7.45215118081904
7854,7.45215118081904
7855,7.45215118081904
7856,7.45215118081904
7857,7.45215118081904
7858,7.45215118081904
7859,7.45215118081904
7860,7.45215118081904
7861,7.45215118081904
7862,7.45215118081904
7863,7.45215118081904
7864,7.45215118081904
7865,7.45215118081904
7866,7.45215118081904
7867,7.45215118081904
7868,7.45215118081904
7869,7.45215118081904
7870,7.45215118081904
7871,7.45215118081904
7872,7.45215118081904
7873,7.45215118081904
7874,7.45215118081904
7875,7.45215118081904
7876,7.45215118081904
7877,7.45215118081904
7878,7.45215118081904
7879,7.45215118081904
7880,7.45215118081904
7881,7.45215118081904
7882,7.45215118081904
7883,7.45215118081904
7884,7.45215118081904
7885,7.45215118081904
7886,7.45215118081904
7887,7.45215118081904
7888,7.45215118081904
7889,7.45215118081904
7890,7.45215118081904
7891,7.45215118081904
7892,7.45215118081904
7893,7.45215118081904
7894,7.45215118081904
7895,7.45215118081904
7896,7.45215118081904
7897,7.45215118081904
7898,7.45215118081904
7899,7.45215118081904
7900,7.45215118081904
7901,7.45215118081904
7902,7.45215118081904
7903,7.45215118081904
7904,7.45215118081904
7905,7.45215118081904
7906,7.45215118081904
7907,7.45215118081904
7908,7.45215118081904
7909,7.45215118081904
7910,7.45215118081904
7911,7.45215118081904
7912,7.45215118081904
7913,7.45215118081904
7914,7.45215118081904
7915,7.45215118081904
7916,7.45215118081904
7917,7.45215118081904
7918,7.45215118081904
7919,7.45215118081904
7920,7.45215118081904
7921,7.45215118081904
7922,7.45215118081904
7923,7.45215118081904
7924,7.45215118081904
7925,7.45215118081904
7926,7.45215118081904
7927,7.45215118081904
7928,7.45215118081904
7929,7.45215118081904
7930,7.45215118081904
7931,7.45215118081904
7932,7.45215118081904
7933,7.45215118081904
7934,7.45215118081904
7935,7.45215118081904
7936,7.45215118081904
7937,7.45215118081904
7938,7.45215118081904
7939,7.45215118081904
7940,7.45215118081904
7941,7.45215118081904
7942,7.45215118081904
7943,7.45215118081904
7944,7.45215118081904
7945,7.45215118081904
7946,7.45215118081904
7947,7.45215118081904
7948,7.45215118081904
7949,7.45215118081904
7950,7.45215118081904
7951,7.45215118081904
7952,7.45215118081904
7953,7.45215118081904
7954,7.45215118081904
7955,7.45215118081904
7956,7.45215118081904
7957,7.45215118081904
7958,7.45215118081904
7959,7.45215118081904
7960,7.45215118081904
7961,7.45215118081904
7962,7.45215118081904
7963,7.45215118081904
7964,7.45215118081904
7965,7.45215118081904
7966,7.45215118081904
7967,7.45215118081904
7968,7.45215118081904
7969,7.45215118081904
7970,7.45215118081904
7971,7.45215118081904
7972,7.45215118081904
7973,7.45215118081904
7974,7.45215118081904
7975,7.45215118081904
7976,7.45215118081904
7977,7.45215118081904
7978,7.45215118081904
7979,7.45215118081904
7980,7.45215118081904
7981,7.45215118081904
7982,7.45215118081904
7983,7.45215118081904
7984,7.45215118081904
7985,7.45215118081904
7986,7.45215118081904
7987,7.45215118081904
7988,7.45215118081904
7989,7.45215118081904
7990,7.45215118081904
7991,7.45215118081904
7992,7.45215118081904
7993,7.45215118081904
7994,7.45215118081904
7995,7.45215118081904
7996,7.45215118081904
7997,7.45215118081904
7998,7.45215118081904
7999,7.45215118081904
8000,7.45215118081904
8001,7.45215118081904
8002,7.45215118081904
8003,7.45215118081904
8004,7.45215118081904
8005,7.45215118081904
8006,7.45215118081904
8007,7.45215118081904
8008,7.45215118081904
8009,7.45215118081904
8010,7.45215118081904
8011,7.45215118081904
8012,7.45215118081904
8013,7.45215118081904
8014,7.45215118081904
8015,7.45215118081904
8016,7.45215118081904
8017,7.45215118081904
8018,7.45215118081904
8019,7.45215118081904
8020,7.45215118081904
8021,7.45215118081904
8022,7.45215118081904
8023,7.45215118081904
8024,7.45215118081904
8025,7.45215118081904
8026,7.45215118081904
8027,7.45215118081904
8028,7.45215118081904
8029,7.45215118081904
8030,7.45215118081904
8031,7.45215118081904
8032,7.45215118081904
8033,7.45215118081904
8034,7.45215118081904
8035,7.45215118081904
8036,7.45215118081904
8037,7.45215118081904
8038,7.45215118081904
8039,7.45215118081904
8040,7.45215118081904
8041,7.45215118081904
8042,7.45215118081904
8043,7.45215118081904
8044,7.45215118081904
8045,7.45215118081904
8046,7.45215118081904
8047,7.45215118081904
8048,7.45215118081904
8049,7.45215118081904
8050,7.45215118081904
8051,7.45215118081904
8052,7.45215118081904
8053,7.45215118081904
8054,7.45215118081904
8055,7.45215118081904
8056,7.45215118081904
8057,7.45215118081904
8058,7.45215118081904
8059,7.45215118081904
8060,7.45215118081904
8061,7.45215118081904
8062,7.45215118081904
8063,7.45215118081904
8064,7.45215118081904
8065,7.45215118081904
8066,7.45215118081904
8067,7.45215118081904
8068,7.45215118081904
8069,7.45215118081904
8070,7.45215118081904
8071,7.45215118081904
8072,7.45215118081904
8073,7.45215118081904
8074,7.45215118081904
8075,7.45215118081904
8076,7.45215118081904
8077,7.45215118081904
8078,7.45215118081904
8079,7.45215118081904
8080,7.45215118081904
8081,7.45215118081904
8082,7.45215118081904
8083,7.45215118081904
8084,7.45215118081904
8085,7.45215118081904
8086,7.45215118081904
8087,7.45215118081904
8088,7.45215118081904
8089,7.45215118081904
8090,7.45215118081904
8091,7.45215118081904
8092,7.45215118081904
8093,7.45215118081904
8094,7.45215118081904
8095,7.45215118081904
8096,7.45215118081904
8097,7.45215118081904
8098,7.45215118081904
8099,7.45215118081904
8100,7.45215118081904
8101,7.45215118081904
8102,7.45215118081904
8103,7.45215118081904
8104,7.45215118081904
8105,7.45215118081904
8106,7.45215118081904
8107,7.45215118081904
8108,7.45215118081904
8109,7.45215118081904
8110,7.45215118081904
8111,7.45215118081904
8112,7.45215118081904
8113,7.45215118081904
8114,7.45215118081904
8115,7.45215118081904
8116,7.45215118081904
8117,7.45215118081904
8118,7.45215118081904
8119,7.45215118081904
8120,7.45215118081904
8121,7.45215118081904
8122,7.45215118081904
8123,7.45215118081904
8124,7.45215118081904
8125,7.45215118081904
8126,7.45215118081904
8127,7.45215118081904
8128,7.45215118081904
8129,7.45215118081904
8130,7.45215118081904
8131,7.45215118081904
8132,7.45215118081904
8133,7.45215118081904
8134,7.45215118081904
8135,7.45215118081904
8136,7.45215118081904
8137,7.45215118081904
8138,7.45215118081904
8139,7.45215118081904
8140,7.45215118081904
8141,7.45215118081904
8142,7.45215118081904
8143,7.45215118081904
8144,7.45215118081904
8145,7.45215118081904
8146,7.45215118081904
8147,7.45215118081904
8148,7.45215118081904
8149,7.45215118081904
8150,7.45215118081904
8151,7.45215118081904
8152,7.45215118081904
8153,7.45215118081904
8154,7.45215118081904
8155,7.45215118081904
8156,7.45215118081904
8157,7.45215118081904
8158,7.45215118081904
8159,7.45215118081904
8160,7.45215118081904
8161,7.45215118081904
8162,7.45215118081904
8163,7.45215118081904
8164,7.45215118081904
8165,7.45215118081904
8166,7.45215118081904
8167,7.45215118081904
8168,7.45215118081904
8169,7.45215118081904
8170,7.45215118081904
8171,7.45215118081904
8172,7.45215118081904
8173,7.45215118081904
8174,7.45215118081904
8175,7.45215118081904
8176,7.45215118081904
8177,7.45215118081904
8178,7.45215118081904
8179,7.45215118081904
8180,7.45215118081904
8181,7.45215118081904
8182,7.45215118081904
8183,7.45215118081904
8184,7.45215118081904
8185,7.45215118081904
8186,7.45215118081904
8187,7.45215118081904
8188,7.45215118081904
8189,7.45215118081904
8190,7.45215118081904
8191,7.45215118081904
8192,7.45215118081904
8193,7.45215118081904
8194,7.45215118081904
8195,7.45215118081904
8196,7.45215118081904
8197,7.45215118081904
8198,7.45215118081904
8199,7.45215118081904
8200,7.45215118081904
8201,7.45215118081904
8202,7.45215118081904
8203,7.45215118081904
8204,7.45215118081904
8205,7.45215118081904
8206,7.45215118081904
8207,7.45215118081904
8208,7.45215118081904
8209,7.45215118081904
8210,7.45215118081904
8211,7.45215118081904
8212,7.45215118081904
8213,7.45215118081904
8214,7.45215118081904
8215,7.45215118081904
8216,7.45215118081904
8217,7.45215118081904
8218,7.45215118081904
8219,7.45215118081904
8220,7.45215118081904
8221,7.45215118081904
8222,7.45215118081904
8223,7.45215118081904
8224,7.45215118081904
8225,7.45215118081904
8226,7.45215118081904
8227,7.45215118081904
8228,7.45215118081904
8229,7.45215118081904
8230,7.45215118081904
8231,7.45215118081904
8232,7.45215118081904
8233,7.45215118081904
8234,7.45215118081904
8235,7.45215118081904
8236,7.45215118081904
8237,7.45215118081904
8238,7.45215118081904
8239,7.45215118081904
8240,7.45215118081904
8241,7.45215118081904
8242,7.45215118081904
8243,7.45215118081904
8244,7.45215118081904
8245,7.45215118081904
8246,7.45215118081904
8247,7.45215118081904
8248,7.45215118081904
8249,7.45215118081904
8250,7.45215118081904
8251,7.45215118081904
8252,7.45215118081904
8253,7.45215118081904
8254,7.45215118081904
8255,7.45215118081904
8256,7.45215118081904
8257,7.45215118081904
8258,7.45215118081904
8259,7.45215118081904
8260,7.45215118081904
8261,7.45215118081904
8262,7.45215118081904
8263,7.45215118081904
8264,7.45215118081904
8265,7.45215118081904
8266,7.45215118081904
8267,7.45215118081904
8268,7.45215118081904
8269,7.45215118081904
8270,7.45215118081904
8271,7.45215118081904
8272,7.45215118081904
8273,7.45215118081904
8274,7.45215118081904
8275,7.45215118081904
8276,7.45215118081904
8277,7.45215118081904
8278,7.45215118081904
8279,7.45215118081904
8280,7.45215118081904
8281,7.45215118081904
8282,7.45215118081904
8283,7.45215118081904
8284,7.45215118081904
8285,7.45215118081904
8286,7.45215118081904
8287,7.45215118081904
8288,7.45215118081904
8289,7.45215118081904
8290,7.45215118081904
8291,7.45215118081904
8292,7.45215118081904
8293,7.45215118081904
8294,7.45215118081904
8295,7.45215118081904
8296,7.45215118081904
8297,7.45215118081904
8298,7.45215118081904
8299,7.45215118081904
8300,7.45215118081904
8301,7.45215118081904
8302,7.45215118081904
8303,7.45215118081904
8304,7.45215118081904
8305,7.45215118081904
8306,7.45215118081904
8307,7.45215118081904
8308,7.45215118081904
8309,7.45215118081904
8310,7.45215118081904
8311,7.45215118081904
8312,7.45215118081904
8313,7.45215118081904
8314,7.45215118081904
8315,7.45215118081904
8316,7.45215118081904
8317,7.45215118081904
8318,7.45215118081904
8319,7.45215118081904
8320,7.45215118081904
8321,7.45215118081904
8322,7.45215118081904
8323,7.45215118081904
8324,7.45215118081904
8325,7.45215118081904
8326,7.45215118081904
8327,7.45215118081904
8328,7.45215118081904
8329,7.45215118081904
8330,7.45215118081904
8331,7.45215118081904
8332,7.45215118081904
8333,7.45215118081904
8334,7.45215118081904
8335,7.45215118081904
8336,7.45215118081904
8337,7.45215118081904
8338,7.45215118081904
8339,7.45215118081904
8340,7.45215118081904
8341,7.45215118081904
8342,7.45215118081904
8343,7.45215118081904
8344,7.45215118081904
8345,7.45215118081904
8346,7.45215118081904
8347,7.45215118081904
8348,7.45215118081904
8349,7.45215118081904
8350,7.45215118081904
8351,7.45215118081904
8352,7.45215118081904
8353,7.45215118081904
8354,7.45215118081904
8355,7.45215118081904
8356,7.45215118081904
8357,7.45215118081904
8358,7.45215118081904
8359,7.45215118081904
8360,7.45215118081904
8361,7.45215118081904
8362,7.45215118081904
8363,7.45215118081904
8364,7.45215118081904
8365,7.45215118081904
8366,7.45215118081904
8367,7.45215118081904
8368,7.45215118081904
8369,7.45215118081904
8370,7.45215118081904
8371,7.45215118081904
8372,7.45215118081904
8373,7.45215118081904
8374,7.45215118081904
8375,7.45215118081904
8376,7.45215118081904
8377,7.45215118081904
8378,7.45215118081904
8379,7.45215118081904
8380,7.45215118081904
8381,7.45215118081904
8382,7.45215118081904
8383,7.45215118081904
8384,7.45215118081904
8385,7.45215118081904
8386,7.45215118081904
8387,7.45215118081904
8388,7.45215118081904
8389,7.45215118081904
8390,7.45215118081904
8391,7.45215118081904
8392,7.45215118081904
8393,7.45215118081904
8394,7.45215118081904
8395,7.45215118081904
8396,7.45215118081904
8397,7.45215118081904
8398,7.45215118081904
8399,7.45215118081904
8400,7.45215118081904
8401,7.45215118081904
8402,7.45215118081904
8403,7.45215118081904
8404,7.45215118081904
8405,7.45215118081904
8406,7.45215118081904
8407,7.45215118081904
8408,7.45215118081904
8409,7.45215118081904
8410,7.45215118081904
8411,7.45215118081904
8412,7.45215118081904
8413,7.45215118081904
8414,7.45215118081904
8415,7.45215118081904
8416,7.45215118081904
8417,7.45215118081904
8418,7.45215118081904
8419,7.45215118081904
8420,7.45215118081904
8421,7.45215118081904
8422,7.45215118081904
8423,7.45215118081904
8424,7.45215118081904
8425,7.45215118081904
8426,7.45215118081904
8427,7.45215118081904
8428,7.45215118081904
8429,7.45215118081904
8430,7.45215118081904
8431,7.45215118081904
8432,7.45215118081904
8433,7.45215118081904
8434,7.45215118081904
8435,7.45215118081904
8436,7.45215118081904
8437,7.45215118081904
8438,7.45215118081904
8439,7.45215118081904
8440,7.45215118081904
8441,7.45215118081904
8442,7.45215118081904
8443,7.45215118081904
8444,7.45215118081904
8445,7.45215118081904
8446,7.45215118081904
8447,7.45215118081904
8448,7.45215118081904
8449,7.45215118081904
8450,7.45215118081904
8451,7.45215118081904
8452,7.45215118081904
8453,7.45215118081904
8454,7.45215118081904
8455,7.45215118081904
8456,7.45215118081904
8457,7.45215118081904
8458,7.45215118081904
8459,7.45215118081904
8460,7.45215118081904
8461,7.45215118081904
8462,7.45215118081904
8463,7.45215118081904
8464,7.45215118081904
8465,7.45215118081904
8466,7.45215118081904
8467,7.45215118081904
8468,7.45215118081904
8469,7.45215118081904
8470,7.45215118081904
8471,7.45215118081904
8472,7.45215118081904
8473,7.45215118081904
8474,7.45215118081904
8475,7.45215118081904
8476,7.45215118081904
8477,7.45215118081904
8478,7.45215118081904
8479,7.45215118081904
8480,7.45215118081904
8481,7.45215118081904
8482,7.45215118081904
8483,7.45215118081904
8484,7.45215118081904
8485,7.45215118081904
8486,7.45215118081904
8487,7.45215118081904
8488,7.45215118081904
8489,7.45215118081904
8490,7.45215118081904
8491,7.45215118081904
8492,7.45215118081904
8493,7.45215118081904
8494,7.45215118081904
8495,7.45215118081904
8496,7.45215118081904
8497,7.45215118081904
8498,7.45215118081904
8499,7.45215118081904
8500,7.45215118081904
8501,7.45215118081904
8502,7.45215118081904
8503,7.45215118081904
8504,7.45215118081904
8505,7.45215118081904
8506,7.45215118081904
8507,7.45215118081904
8508,7.45215118081904
8509,7.45215118081904
8510,7.45215118081904
8511,7.45215118081904
8512,7.45215118081904
8513,7.45215118081904
8514,7.45215118081904
8515,7.45215118081904
8516,7.45215118081904
8517,7.45215118081904
8518,7.45215118081904
8519,7.45215118081904
8520,7.45215118081904
8521,7.45215118081904
8522,7.45215118081904
8523,7.45215118081904
8524,7.45215118081904
8525,7.45215118081904
8526,7.45215118081904
8527,7.45215118081904
8528,7.45215118081904
8529,7.45215118081904
8530,7.45215118081904
8531,7.45215118081904
8532,7.45215118081904
8533,7.45215118081904
8534,7.45215118081904
8535,7.45215118081904
8536,7.45215118081904
8537,7.45215118081904
8538,7.45215118081904
8539,7.45215118081904
8540,7.45215118081904
8541,7.45215118081904
8542,7.45215118081904
8543,7.45215118081904
8544,7.45215118081904
8545,7.45215118081904
8546,7.45215118081904
8547,7.45215118081904
8548,7.45215118081904
8549,7.45215118081904
8550,7.45215118081904
8551,7.45215118081904
8552,7.45215118081904
8553,7.45215118081904
8554,7.45215118081904
8555,7.45215118081904
8556,7.45215118081904
8557,7.45215118081904
8558,7.45215118081904
8559,7.45215118081904
8560,7.45215118081904
8561,7.45215118081904
8562,7.45215118081904
8563,7.45215118081904
8564,7.45215118081904
8565,7.45215118081904
8566,7.45215118081904
8567,7.45215118081904
8568,7.45215118081904
8569,7.45215118081904
8570,7.45215118081904
8571,7.45215118081904
8572,7.45215118081904
8573,7.45215118081904
8574,7.45215118081904
8575,7.45215118081904
8576,7.45215118081904
8577,7.45215118081904
8578,7.45215118081904
8579,7.45215118081904
8580,7.45215118081904
8581,7.45215118081904
8582,7.45215118081904
8583,7.45215118081904
8584,7.45215118081904
8585,7.45215118081904
8586,7.45215118081904
8587,7.45215118081904
8588,7.45215118081904
8589,7.45215118081904
8590,7.45215118081904
8591,7.45215118081904
8592,7.45215118081904
8593,7.45215118081904
8594,7.45215118081904
8595,7.45215118081904
8596,7.45215118081904
8597,7.45215118081904
8598,7.45215118081904
8599,7.45215118081904
8600,7.45215118081904
8601,7.45215118081904
8602,7.45215118081904
8603,7.45215118081904
8604,7.45215118081904
8605,7.45215118081904
8606,7.45215118081904
8607,7.45215118081904
8608,7.45215118081904
8609,7.45215118081904
8610,7.45215118081904
8611,7.45215118081904
8612,7.45215118081904
8613,7.45215118081904
8614,7.45215118081904
8615,7.45215118081904
8616,7.45215118081904
8617,7.45215118081904
8618,7.45215118081904
8619,7.45215118081904
8620,7.45215118081904
8621,7.45215118081904
8622,7.45215118081904
8623,7.45215118081904
8624,7.45215118081904
8625,7.45215118081904
8626,7.45215118081904
8627,7.45215118081904
8628,7.45215118081904
8629,7.45215118081904
8630,7.45215118081904
8631,7.45215118081904
8632,7.45215118081904
8633,7.45215118081904
8634,7.45215118081904
8635,7.45215118081904
8636,7.45215118081904
8637,7.45215118081904
8638,7.45215118081904
8639,7.45215118081904
8640,7.45215118081904
8641,7.45215118081904
8642,7.45215118081904
8643,7.45215118081904
8644,7.45215118081904
8645,7.45215118081904
8646,7.45215118081904
8647,7.45215118081904
8648,7.45215118081904
8649,7.45215118081904
8650,7.45215118081904
8651,7.45215118081904
8652,7.45215118081904
8653,7.45215118081904
8654,7.45215118081904
8655,7.45215118081904
8656,7.45215118081904
8657,7.45215118081904
8658,7.45215118081904
8659,7.45215118081904
8660,7.45215118081904
8661,7.45215118081904
8662,7.45215118081904
8663,7.45215118081904
8664,7.45215118081904
8665,7.45215118081904
8666,7.45215118081904
8667,7.45215118081904
8668,7.45215118081904
8669,7.45215118081904
8670,7.45215118081904
8671,7.45215118081904
8672,7.45215118081904
8673,7.45215118081904
8674,7.45215118081904
8675,7.45215118081904
8676,7.45215118081904
8677,7.45215118081904
8678,7.45215118081904
8679,7.45215118081904
8680,7.45215118081904
8681,7.45215118081904
8682,7.45215118081904
8683,7.45215118081904
8684,7.45215118081904
8685,7.45215118081904
8686,7.45215118081904
8687,7.45215118081904
8688,7.45215118081904
8689,7.45215118081904
8690,7.45215118081904
8691,7.45215118081904
8692,7.45215118081904
8693,7.45215118081904
8694,7.45215118081904
8695,7.45215118081904
8696,7.45215118081904
8697,7.45215118081904
8698,7.45215118081904
8699,7.45215118081904
8700,7.45215118081904
8701,7.45215118081904
8702,7.45215118081904
8703,7.45215118081904
8704,7.45215118081904
8705,7.45215118081904
8706,7.45215118081904
8707,7.45215118081904
8708,7.45215118081904
8709,7.45215118081904
8710,7.45215118081904
8711,7.45215118081904
8712,7.45215118081904
8713,7.45215118081904
8714,7.45215118081904
8715,7.45215118081904
8716,7.45215118081904
8717,7.45215118081904
8718,7.45215118081904
8719,7.45215118081904
8720,7.45215118081904
8721,7.45215118081904
8722,7.45215118081904
8723,7.45215118081904
8724,7.45215118081904
8725,7.45215118081904
8726,7.45215118081904
8727,7.45215118081904
8728,7.45215118081904
8729,7.45215118081904
8730,7.45215118081904
8731,7.45215118081904
8732,7.45215118081904
8733,7.45215118081904
8734,7.45215118081904
8735,7.45215118081904
8736,7.45215118081904
8737,7.45215118081904
8738,7.45215118081904
8739,7.45215118081904
8740,7.45215118081904
8741,7.45215118081904
8742,7.45215118081904
8743,7.45215118081904
8744,7.45215118081904
8745,7.45215118081904
8746,7.45215118081904
8747,7.45215118081904
8748,7.45215118081904
8749,7.45215118081904
8750,7.45215118081904
8751,7.45215118081904
8752,7.45215118081904
8753,7.45215118081904
8754,7.45215118081904
8755,7.45215118081904
8756,7.45215118081904
8757,7.45215118081904
8758,7.45215118081904
8759,7.45215118081904
8760,7.45215118081904
8761,7.45215118081904
8762,7.45215118081904
8763,7.45215118081904
8764,7.45215118081904
8765,7.45215118081904
8766,7.45215118081904
8767,7.45215118081904
8768,7.45215118081904
8769,7.45215118081904
8770,7.45215118081904
8771,7.45215118081904
8772,7.45215118081904
8773,7.45215118081904
8774,7.45215118081904
8775,7.45215118081904
8776,7.45215118081904
8777,7.45215118081904
8778,7.45215118081904
8779,7.45215118081904
8780,7.45215118081904
8781,7.45215118081904
8782,7.45215118081904
8783,7.45215118081904
8784,7.45215118081904
8785,7.45215118081904
8786,7.45215118081904
8787,7.45215118081904
8788,7.45215118081904
8789,7.45215118081904
8790,7.45215118081904
8791,7.45215118081904
8792,7.45215118081904
8793,7.45215118081904
8794,7.45215118081904
8795,7.45215118081904
8796,7.45215118081904
8797,7.45215118081904
8798,7.45215118081904
8799,7.45215118081904
8800,7.45215118081904
8801,7.45215118081904
8802,7.45215118081904
8803,7.45215118081904
8804,7.45215118081904
8805,7.45215118081904
8806,7.45215118081904
8807,7.45215118081904
8808,7.45215118081904
8809,7.45215118081904
8810,7.45215118081904
8811,7.45215118081904
8812,7.45215118081904
8813,7.45215118081904
8814,7.45215118081904
8815,7.45215118081904
8816,7.45215118081904
8817,7.45215118081904
8818,7.45215118081904
8819,7.45215118081904
8820,7.45215118081904
8821,7.45215118081904
8822,7.45215118081904
8823,7.45215118081904
8824,7.45215118081904
8825,7.45215118081904
8826,7.45215118081904
8827,7.45215118081904
8828,7.45215118081904
8829,7.45215118081904
8830,7.45215118081904
8831,7.45215118081904
8832,7.45215118081904
8833,7.45215118081904
8834,7.45215118081904
8835,7.45215118081904
8836,7.45215118081904
8837,7.45215118081904
8838,7.45215118081904
8839,7.45215118081904
8840,7.45215118081904
8841,7.45215118081904
8842,7.45215118081904
8843,7.45215118081904
8844,7.45215118081904
8845,7.45215118081904
8846,7.45215118081904
8847,7.45215118081904
8848,7.45215118081904
8849,7.45215118081904
8850,7.45215118081904
8851,7.45215118081904
8852,7.45215118081904
8853,7.45215118081904
8854,7.45215118081904
8855,7.45215118081904
8856,7.45215118081904
8857,7.45215118081904
8858,7.45215118081904
8859,7.45215118081904
8860,7.45215118081904
8861,7.45215118081904
8862,7.45215118081904
8863,7.45215118081904
8864,7.45215118081904
8865,7.45215118081904
8866,7.45215118081904
8867,7.45215118081904
8868,7.45215118081904
8869,7.45215118081904
8870,7.45215118081904
8871,7.45215118081904
8872,7.45215118081904
8873,7.45215118081904
8874,7.45215118081904
8875,7.45215118081904
8876,7.45215118081904
8877,7.45215118081904
8878,7.45215118081904
8879,7.45215118081904
8880,7.45215118081904
8881,7.45215118081904
8882,7.45215118081904
8883,7.45215118081904
8884,7.45215118081904
8885,7.45215118081904
8886,7.45215118081904
8887,7.45215118081904
8888,7.45215118081904
8889,7.45215118081904
8890,7.45215118081904
8891,7.45215118081904
8892,7.45215118081904
8893,7.45215118081904
8894,7.45215118081904
8895,7.45215118081904
8896,7.45215118081904
8897,7.45215118081904
8898,7.45215118081904
8899,7.45215118081904
8900,7.45215118081904
8901,7.45215118081904
8902,7.45215118081904
8903,7.45215118081904
8904,7.45215118081904
8905,7.45215118081904
8906,7.45215118081904
8907,7.45215118081904
8908,7.45215118081904
8909,7.45215118081904
8910,7.45215118081904
8911,7.45215118081904
8912,7.45215118081904
8913,7.45215118081904
8914,7.45215118081904
8915,7.45215118081904
8916,7.45215118081904
8917,7.45215118081904
8918,7.45215118081904
8919,7.45215118081904
8920,7.45215118081904
8921,7.45215118081904
8922,7.45215118081904
8923,7.45215118081904
8924,7.45215118081904
8925,7.45215118081904
8926,7.45215118081904
8927,7.45215118081904
8928,7.45215118081904
8929,7.45215118081904
8930,7.45215118081904
8931,7.45215118081904
8932,7.45215118081904
8933,7.45215118081904
8934,7.45215118081904
8935,7.45215118081904
8936,7.45215118081904
8937,7.45215118081904
8938,7.45215118081904
8939,7.45215118081904
8940,7.45215118081904
8941,7.45215118081904
8942,7.45215118081904
8943,7.45215118081904
8944,7.45215118081904
8945,7.45215118081904
8946,7.45215118081904
8947,7.45215118081904
8948,7.45215118081904
8949,7.45215118081904
8950,7.45215118081904
8951,7.45215118081904
8952,7.45215118081904
8953,7.45215118081904
8954,7.45215118081904
8955,7.45215118081904
8956,7.45215118081904
8957,7.45215118081904
8958,7.45215118081904
8959,7.45215118081904
8960,7.45215118081904
8961,7.45215118081904
8962,7.45215118081904
8963,7.45215118081904
8964,7.45215118081904
8965,7.45215118081904
8966,7.45215118081904
8967,7.45215118081904
8968,7.45215118081904
8969,7.45215118081904
8970,7.45215118081904
8971,7.45215118081904
8972,7.45215118081904
8973,7.45215118081904
8974,7.45215118081904
8975,7.45215118081904
8976,7.45215118081904
8977,7.45215118081904
8978,7.45215118081904
8979,7.45215118081904
8980,7.45215118081904
8981,7.45215118081904
8982,7.45215118081904
8983,7.45215118081904
8984,7.45215118081904
8985,7.45215118081904
8986,7.45215118081904
8987,7.45215118081904
8988,7.45215118081904
8989,7.45215118081904
8990,7.45215118081904
8991,7.45215118081904
8992,7.45215118081904
8993,7.45215118081904
8994,7.45215118081904
8995,7.45215118081904
8996,7.45215118081904
8997,7.45215118081904
8998,7.45215118081904
8999,7.45215118081904
9000,7.45215118081904
9001,7.45215118081904
9002,7.45215118081904
9003,7.45215118081904
9004,7.45215118081904
9005,7.45215118081904
9006,7.45215118081904
9007,7.45215118081904
9008,7.45215118081904
9009,7.45215118081904
9010,7.45215118081904
9011,7.45215118081904
9012,7.45215118081904
9013,7.45215118081904
9014,7.45215118081904
9015,7.45215118081904
9016,7.45215118081904
9017,7.45215118081904
9018,7.45215118081904
9019,7.45215118081904
9020,7.45215118081904
9021,7.45215118081904
9022,7.45215118081904
9023,7.45215118081904
9024,7.45215118081904
9025,7.45215118081904
9026,7.45215118081904
9027,7.45215118081904
9028,7.45215118081904
9029,7.45215118081904
9030,7.45215118081904
9031,7.45215118081904
9032,7.45215118081904
9033,7.45215118081904
9034,7.45215118081904
9035,7.45215118081904
9036,7.45215118081904
9037,7.45215118081904
9038,7.45215118081904
9039,7.45215118081904
9040,7.45215118081904
9041,7.45215118081904
9042,7.45215118081904
9043,7.45215118081904
9044,7.45215118081904
9045,7.45215118081904
9046,7.45215118081904
9047,7.45215118081904
9048,7.45215118081904
9049,7.45215118081904
9050,7.45215118081904
9051,7.45215118081904
9052,7.45215118081904
9053,7.45215118081904
9054,7.45215118081904
9055,7.45215118081904
9056,7.45215118081904
9057,7.45215118081904
9058,7.45215118081904
9059,7.45215118081904
9060,7.45215118081904
9061,7.45215118081904
9062,7.45215118081904
9063,7.45215118081904
9064,7.45215118081904
9065,7.45215118081904
9066,7.45215118081904
9067,7.45215118081904
9068,7.45215118081904
9069,7.45215118081904
9070,7.45215118081904
9071,7.45215118081904
9072,7.45215118081904
9073,7.45215118081904
9074,7.45215118081904
9075,7.45215118081904
9076,7.45215118081904
9077,7.45215118081904
9078,7.45215118081904
9079,7.45215118081904
9080,7.45215118081904
9081,7.45215118081904
9082,7.45215118081904
9083,7.45215118081904
9084,7.45215118081904
9085,7.45215118081904
9086,7.45215118081904
9087,7.45215118081904
9088,7.45215118081904
9089,7.45215118081904
9090,7.45215118081904
9091,7.45215118081904
9092,7.45215118081904
9093,7.45215118081904
9094,7.45215118081904
9095,7.45215118081904
9096,7.45215118081904
9097,7.45215118081904
9098,7.45215118081904
9099,7.45215118081904
9100,7.45215118081904
9101,7.45215118081904
9102,7.45215118081904
9103,7.45215118081904
9104,7.45215118081904
9105,7.45215118081904
9106,7.45215118081904
9107,7.45215118081904
9108,7.45215118081904
9109,7.45215118081904
9110,7.45215118081904
9111,7.45215118081904
9112,7.45215118081904
9113,7.45215118081904
9114,7.45215118081904
9115,7.45215118081904
9116,7.45215118081904
9117,7.45215118081904
9118,7.45215118081904
9119,7.45215118081904
9120,7.45215118081904
9121,7.45215118081904
9122,7.45215118081904
9123,7.45215118081904
9124,7.45215118081904
9125,7.45215118081904
9126,7.45215118081904
9127,7.45215118081904
9128,7.45215118081904
9129,7.45215118081904
9130,7.45215118081904
9131,7.45215118081904
9132,7.45215118081904
9133,7.45215118081904
9134,7.45215118081904
9135,7.45215118081904
9136,7.45215118081904
9137,7.45215118081904
9138,7.45215118081904
9139,7.45215118081904
9140,7.45215118081904
9141,7.45215118081904
9142,7.45215118081904
9143,7.45215118081904
9144,7.45215118081904
9145,7.45215118081904
9146,7.45215118081904
9147,7.45215118081904
9148,7.45215118081904
9149,7.45215118081904
9150,7.45215118081904
9151,7.45215118081904
9152,7.45215118081904
9153,7.45215118081904
9154,7.45215118081904
9155,7.45215118081904
9156,7.45215118081904
9157,7.45215118081904
9158,7.45215118081904
9159,7.45215118081904
9160,7.45215118081904
9161,7.45215118081904
9162,7.45215118081904
9163,7.45215118081904
9164,7.45215118081904
9165,7.45215118081904
9166,7.45215118081904
9167,7.45215118081904
9168,7.45215118081904
9169,7.45215118081904
9170,7.45215118081904
9171,7.45215118081904
9172,7.45215118081904
9173,7.45215118081904
9174,7.45215118081904
9175,7.45215118081904
9176,7.45215118081904
9177,7.45215118081904
9178,7.45215118081904
9179,7.45215118081904
9180,7.45215118081904
9181,7.45215118081904
9182,7.45215118081904
9183,7.45215118081904
9184,7.45215118081904
9185,7.45215118081904
9186,7.45215118081904
9187,7.45215118081904
9188,7.45215118081904
9189,7.45215118081904
9190,7.45215118081904
9191,7.45215118081904
9192,7.45215118081904
9193,7.45215118081904
9194,7.45215118081904
9195,7.45215118081904
9196,7.45215118081904
9197,7.45215118081904
9198,7.45215118081904
9199,7.45215118081904
9200,7.45215118081904
9201,7.45215118081904
9202,7.45215118081904
9203,7.45215118081904
9204,7.45215118081904
9205,7.45215118081904
9206,7.45215118081904
9207,7.45215118081904
9208,7.45215118081904
9209,7.45215118081904
9210,7.45215118081904
9211,7.45215118081904
9212,7.45215118081904
9213,7.45215118081904
9214,7.45215118081904
9215,7.45215118081904
9216,7.45215118081904
9217,7.45215118081904
9218,7.45215118081904
9219,7.45215118081904
9220,7.45215118081904
9221,7.45215118081904
9222,7.45215118081904
9223,7.45215118081904
9224,7.45215118081904
9225,7.45215118081904
9226,7.45215118081904
9227,7.45215118081904
9228,7.45215118081904
9229,7.45215118081904
9230,7.45215118081904
9231,7.45215118081904
9232,7.45215118081904
9233,7.45215118081904
9234,7.45215118081904
9235,7.45215118081904
9236,7.45215118081904
9237,7.45215118081904
9238,7.45215118081904
9239,7.45215118081904
9240,7.45215118081904
9241,7.45215118081904
9242,7.45215118081904
9243,7.45215118081904
9244,7.45215118081904
9245,7.45215118081904
9246,7.45215118081904
9247,7.45215118081904
9248,7.45215118081904
9249,7.45215118081904
9250,7.45215118081904
9251,7.45215118081904
9252,7.45215118081904
9253,7.45215118081904
9254,7.45215118081904
9255,7.45215118081904
9256,7.45215118081904
9257,7.45215118081904
9258,7.45215118081904
9259,7.45215118081904
9260,7.45215118081904
9261,7.45215118081904
9262,7.45215118081904
9263,7.45215118081904
9264,7.45215118081904
9265,7.45215118081904
9266,7.45215118081904
9267,7.45215118081904
9268,7.45215118081904
9269,7.45215118081904
9270,7.45215118081904
9271,7.45215118081904
9272,7.45215118081904
9273,7.45215118081904
9274,7.45215118081904
9275,7.45215118081904
9276,7.45215118081904
9277,7.45215118081904
9278,7.45215118081904
9279,7.45215118081904
9280,7.45215118081904
9281,7.45215118081904
9282,7.45215118081904
9283,7.45215118081904
9284,7.45215118081904
9285,7.45215118081904
9286,7.45215118081904
9287,7.45215118081904
9288,7.45215118081904
9289,7.45215118081904
9290,7.45215118081904
9291,7.45215118081904
9292,7.45215118081904
9293,7.45215118081904
9294,7.45215118081904
9295,7.45215118081904
9296,7.45215118081904
9297,7.45215118081904
9298,7.45215118081904
9299,7.45215118081904
9300,7.45215118081904
9301,7.45215118081904
9302,7.45215118081904
9303,7.45215118081904
9304,7.45215118081904
9305,7.45215118081904
9306,7.45215118081904
9307,7.45215118081904
9308,7.45215118081904
9309,7.45215118081904
9310,7.45215118081904
9311,7.45215118081904
9312,7.45215118081904
9313,7.45215118081904
9314,7.45215118081904
9315,7.45215118081904
9316,7.45215118081904
9317,7.45215118081904
9318,7.45215118081904
9319,7.45215118081904
9320,7.45215118081904
9321,7.45215118081904
9322,7.45215118081904
9323,7.45215118081904
9324,7.45215118081904
9325,7.45215118081904
9326,7.45215118081904
9327,7.45215118081904
9328,7.45215118081904
9329,7.45215118081904
9330,7.45215118081904
9331,7.45215118081904
9332,7.45215118081904
9333,7.45215118081904
9334,7.45215118081904
9335,7.45215118081904
9336,7.45215118081904
9337,7.45215118081904
9338,7.45215118081904
9339,7.45215118081904
9340,7.45215118081904
9341,7.45215118081904
9342,7.45215118081904
9343,7.45215118081904
9344,7.45215118081904
9345,7.45215118081904
9346,7.45215118081904
9347,7.45215118081904
9348,7.45215118081904
9349,7.45215118081904
9350,7.45215118081904
9351,7.45215118081904
9352,7.45215118081904
9353,7.45215118081904
9354,7.45215118081904
9355,7.45215118081904
9356,7.45215118081904
9357,7.45215118081904
9358,7.45215118081904
9359,7.45215118081904
9360,7.45215118081904
9361,7.45215118081904
9362,7.45215118081904
9363,7.45215118081904
9364,7.45215118081904
9365,7.45215118081904
9366,7.45215118081904
9367,7.45215118081904
9368,7.45215118081904
9369,7.45215118081904
9370,7.45215118081904
9371,7.45215118081904
9372,7.45215118081904
9373,7.45215118081904
9374,7.45215118081904
9375,7.45215118081904
9376,7.45215118081904
9377,7.45215118081904
9378,7.45215118081904
9379,7.45215118081904
9380,7.45215118081904
9381,7.45215118081904
9382,7.45215118081904
9383,7.45215118081904
9384,7.45215118081904
9385,7.45215118081904
9386,7.45215118081904
9387,7.45215118081904
9388,7.45215118081904
9389,7.45215118081904
9390,7.45215118081904
9391,7.45215118081904
9392,7.45215118081904
9393,7.45215118081904
9394,7.45215118081904
9395,7.45215118081904
9396,7.45215118081904
9397,7.45215118081904
9398,7.45215118081904
9399,7.45215118081904
9400,7.45215118081904
9401,7.45215118081904
9402,7.45215118081904
9403,7.45215118081904
9404,7.45215118081904
9405,7.45215118081904
9406,7.45215118081904
9407,7.45215118081904
9408,7.45215118081904
9409,7.45215118081904
9410,7.45215118081904
9411,7.45215118081904
9412,7.45215118081904
9413,7.45215118081904
9414,7.45215118081904
9415,7.45215118081904
9416,7.45215118081904
9417,7.45215118081904
9418,7.45215118081904
9419,7.45215118081904
9420,7.45215118081904
9421,7.45215118081904
9422,7.45215118081904
9423,7.45215118081904
9424,7.45215118081904
9425,7.45215118081904
9426,7.45215118081904
9427,7.45215118081904
9428,7.45215118081904
9429,7.45215118081904
9430,7.45215118081904
9431,7.45215118081904
9432,7.45215118081904
9433,7.45215118081904
9434,7.45215118081904
9435,7.45215118081904
9436,7.45215118081904
9437,7.45215118081904
9438,7.45215118081904
9439,7.45215118081904
9440,7.45215118081904
9441,7.45215118081904
9442,7.45215118081904
9443,7.45215118081904
9444,7.45215118081904
9445,7.45215118081904
9446,7.45215118081904
9447,7.45215118081904
9448,7.45215118081904
9449,7.45215118081904
9450,7.45215118081904
9451,7.45215118081904
9452,7.45215118081904
9453,7.45215118081904
9454,7.45215118081904
9455,7.45215118081904
9456,7.45215118081904
9457,7.45215118081904
9458,7.45215118081904
9459,7.45215118081904
9460,7.45215118081904
9461,7.45215118081904
9462,7.45215118081904
9463,7.45215118081904
9464,7.45215118081904
9465,7.45215118081904
9466,7.45215118081904
9467,7.45215118081904
9468,7.45215118081904
9469,7.45215118081904
9470,7.45215118081904
9471,7.45215118081904
9472,7.45215118081904
9473,7.45215118081904
9474,7.45215118081904
9475,7.45215118081904
9476,7.45215118081904
9477,7.45215118081904
9478,7.45215118081904
9479,7.45215118081904
9480,7.45215118081904
9481,7.45215118081904
9482,7.45215118081904
9483,7.45215118081904
9484,7.45215118081904
9485,7.45215118081904
9486,7.45215118081904
9487,7.45215118081904
9488,7.45215118081904
9489,7.45215118081904
9490,7.45215118081904
9491,7.45215118081904
9492,7.45215118081904
9493,7.45215118081904
9494,7.45215118081904
9495,7.45215118081904
9496,7.45215118081904
9497,7.45215118081904
9498,7.45215118081904
9499,7.45215118081904
9500,7.45215118081904
9501,7.45215118081904
9502,7.45215118081904
9503,7.45215118081904
9504,7.45215118081904
9505,7.45215118081904
9506,7.45215118081904
9507,7.45215118081904
9508,7.45215118081904
9509,7.45215118081904
9510,7.45215118081904
9511,7.45215118081904
9512,7.45215118081904
9513,7.45215118081904
9514,7.45215118081904
9515,7.45215118081904
9516,7.45215118081904
9517,7.45215118081904
9518,7.45215118081904
9519,7.45215118081904
9520,7.45215118081904
9521,7.45215118081904
9522,7.45215118081904
9523,7.45215118081904
9524,7.45215118081904
9525,7.45215118081904
9526,7.45215118081904
9527,7.45215118081904
9528,7.45215118081904
9529,7.45215118081904
9530,7.45215118081904
9531,7.45215118081904
9532,7.45215118081904
9533,7.45215118081904
9534,7.45215118081904
9535,7.45215118081904
9536,7.45215118081904
9537,7.45215118081904
9538,7.45215118081904
9539,7.45215118081904
9540,7.45215118081904
9541,7.45215118081904
9542,7.45215118081904
9543,7.45215118081904
9544,7.45215118081904
9545,7.45215118081904
9546,7.45215118081904
9547,7.45215118081904
9548,7.45215118081904
9549,7.45215118081904
9550,7.45215118081904
9551,7.45215118081904
9552,7.45215118081904
9553,7.45215118081904
9554,7.45215118081904
9555,7.45215118081904
9556,7.45215118081904
9557,7.45215118081904
9558,7.45215118081904
9559,7.45215118081904
9560,7.45215118081904
9561,7.45215118081904
9562,7.45215118081904
9563,7.45215118081904
9564,7.45215118081904
9565,7.45215118081904
9566,7.45215118081904
9567,7.45215118081904
9568,7.45215118081904
9569,7.45215118081904
9570,7.45215118081904
9571,7.45215118081904
9572,7.45215118081904
9573,7.45215118081904
9574,7.45215118081904
9575,7.45215118081904
9576,7.45215118081904
9577,7.45215118081904
9578,7.45215118081904
9579,7.45215118081904
9580,7.45215118081904
9581,7.45215118081904
9582,7.45215118081904
9583,7.45215118081904
9584,7.45215118081904
9585,7.45215118081904
9586,7.45215118081904
9587,7.45215118081904
9588,7.45215118081904
9589,7.45215118081904
9590,7.45215118081904
9591,7.45215118081904
9592,7.45215118081904
9593,7.45215118081904
9594,7.45215118081904
9595,7.45215118081904
9596,7.45215118081904
9597,7.45215118081904
9598,7.45215118081904
9599,7.45215118081904
9600,7.45215118081904
9601,7.45215118081904
9602,7.45215118081904
9603,7.45215118081904
9604,7.45215118081904
9605,7.45215118081904
9606,7.45215118081904
9607,7.45215118081904
9608,7.45215118081904
9609,7.45215118081904
9610,7.45215118081904
9611,7.45215118081904
9612,7.45215118081904
9613,7.45215118081904
9614,7.45215118081904
9615,7.45215118081904
9616,7.45215118081904
9617,7.45215118081904
9618,7.45215118081904
9619,7.45215118081904
9620,7.45215118081904
9621,7.45215118081904
9622,7.45215118081904
9623,7.45215118081904
9624,7.45215118081904
9625,7.45215118081904
9626,7.45215118081904
9627,7.45215118081904
9628,7.45215118081904
9629,7.45215118081904
9630,7.45215118081904
9631,7.45215118081904
9632,7.45215118081904
9633,7.45215118081904
9634,7.45215118081904
9635,7.45215118081904
9636,7.45215118081904
9637,7.45215118081904
9638,7.45215118081904
9639,7.45215118081904
9640,7.45215118081904
9641,7.45215118081904
9642,7.45215118081904
9643,7.45215118081904
9644,7.45215118081904
9645,7.45215118081904
9646,7.45215118081904
9647,7.45215118081904
9648,7.45215118081904
9649,7.45215118081904
9650,7.45215118081904
9651,7.45215118081904
9652,7.45215118081904
9653,7.45215118081904
9654,7.45215118081904
9655,7.45215118081904
9656,7.45215118081904
9657,7.45215118081904
9658,7.45215118081904
9659,7.45215118081904
9660,7.45215118081904
9661,7.45215118081904
9662,7.45215118081904
9663,7.45215118081904
9664,7.45215118081904
9665,7.45215118081904
9666,7.45215118081904
9667,7.45215118081904
9668,7.45215118081904
9669,7.45215118081904
9670,7.45215118081904
9671,7.45215118081904
9672,7.45215118081904
9673,7.45215118081904
9674,7.45215118081904
9675,7.45215118081904
9676,7.45215118081904
9677,7.45215118081904
9678,7.45215118081904
9679,7.45215118081904
9680,7.45215118081904
9681,7.45215118081904
9682,7.45215118081904
9683,7.45215118081904
9684,7.45215118081904
9685,7.45215118081904
9686,7.45215118081904
9687,7.45215118081904
9688,7.45215118081904
9689,7.45215118081904
9690,7.45215118081904
9691,7.45215118081904
9692,7.45215118081904
9693,7.45215118081904
9694,7.45215118081904
9695,7.45215118081904
9696,7.45215118081904
9697,7.45215118081904
9698,7.45215118081904
9699,7.45215118081904
9700,7.45215118081904
9701,7.45215118081904
9702,7.45215118081904
9703,7.45215118081904
9704,7.45215118081904
9705,7.45215118081904
9706,7.45215118081904
9707,7.45215118081904
9708,7.45215118081904
9709,7.45215118081904
9710,7.45215118081904
9711,7.45215118081904
9712,7.45215118081904
9713,7.45215118081904
9714,7.45215118081904
9715,7.45215118081904
9716,7.45215118081904
9717,7.45215118081904
9718,7.45215118081904
9719,7.45215118081904
9720,7.45215118081904
9721,7.45215118081904
9722,7.45215118081904
9723,7.45215118081904
9724,7.45215118081904
9725,7.45215118081904
9726,7.45215118081904
9727,7.45215118081904
9728,7.45215118081904
9729,7.45215118081904
9730,7.45215118081904
9731,7.45215118081904
9732,7.45215118081904
9733,7.45215118081904
9734,7.45215118081904
9735,7.45215118081904
9736,7.45215118081904
9737,7.45215118081904
9738,7.45215118081904
9739,7.45215118081904
9740,7.45215118081904
9741,7.45215118081904
9742,7.45215118081904
9743,7.45215118081904
9744,7.45215118081904
9745,7.45215118081904
9746,7.45215118081904
9747,7.45215118081904
9748,7.45215118081904
9749,7.45215118081904
9750,7.45215118081904
9751,7.45215118081904
9752,7.45215118081904
9753,7.45215118081904
9754,7.45215118081904
9755,7.45215118081904
9756,7.45215118081904
9757,7.45215118081904
9758,7.45215118081904
9759,7.45215118081904
9760,7.45215118081904
9761,7.45215118081904
9762,7.45215118081904
9763,7.45215118081904
9764,7.45215118081904
9765,7.45215118081904
9766,7.45215118081904
9767,7.45215118081904
9768,7.45215118081904
9769,7.45215118081904
9770,7.45215118081904
9771,7.45215118081904
9772,7.45215118081904
9773,7.45215118081904
9774,7.45215118081904
9775,7.45215118081904
9776,7.45215118081904
9777,7.45215118081904
9778,7.45215118081904
9779,7.45215118081904
9780,7.45215118081904
9781,7.45215118081904
9782,7.45215118081904
9783,7.45215118081904
9784,7.45215118081904
9785,7.45215118081904
9786,7.45215118081904
9787,7.45215118081904
9788,7.45215118081904
9789,7.45215118081904
9790,7.45215118081904
9791,7.45215118081904
9792,7.45215118081904
9793,7.45215118081904
9794,7.45215118081904
9795,7.45215118081904
9796,7.45215118081904
9797,7.45215118081904
9798,7.45215118081904
9799,7.45215118081904
9800,7.45215118081904
9801,7.45215118081904
9802,7.45215118081904
9803,7.45215118081904
9804,7.45215118081904
9805,7.45215118081904
9806,7.45215118081904
9807,7.45215118081904
9808,7.45215118081904
9809,7.45215118081904
9810,7.45215118081904
9811,7.45215118081904
9812,7.45215118081904
9813,7.45215118081904
9814,7.45215118081904
9815,7.45215118081904
9816,7.45215118081904
9817,7.45215118081904
9818,7.45215118081904
9819,7.45215118081904
9820,7.45215118081904
9821,7.45215118081904
9822,7.45215118081904
9823,7.45215118081904
9824,7.45215118081904
9825,7.45215118081904
9826,7.45215118081904
9827,7.45215118081904
9828,7.45215118081904
9829,7.45215118081904
9830,7.45215118081904
9831,7.45215118081904
9832,7.45215118081904
9833,7.45215118081904
9834,7.45215118081904
9835,7.45215118081904
9836,7.45215118081904
9837,7.45215118081904
9838,7.45215118081904
9839,7.45215118081904
9840,7.45215118081904
9841,7.45215118081904
9842,7.45215118081904
9843,7.45215118081904
9844,7.45215118081904
9845,7.45215118081904
9846,7.45215118081904
9847,7.45215118081904
9848,7.45215118081904
9849,7.45215118081904
9850,7.45215118081904
9851,7.45215118081904
9852,7.45215118081904
9853,7.45215118081904
9854,7.45215118081904
9855,7.45215118081904
9856,7.45215118081904
9857,7.45215118081904
9858,7.45215118081904
9859,7.45215118081904
9860,7.45215118081904
9861,7.45215118081904
9862,7.45215118081904
9863,7.45215118081904
9864,7.45215118081904
9865,7.45215118081904
9866,7.45215118081904
9867,7.45215118081904
9868,7.45215118081904
9869,7.45215118081904
9870,7.45215118081904
9871,7.45215118081904
9872,7.45215118081904
9873,7.45215118081904
9874,7.45215118081904
9875,7.45215118081904
9876,7.45215118081904
9877,7.45215118081904
9878,7.45215118081904
9879,7.45215118081904
9880,7.45215118081904
9881,7.45215118081904
9882,7.45215118081904
9883,7.45215118081904
9884,7.45215118081904
9885,7.45215118081904
9886,7.45215118081904
9887,7.45215118081904
9888,7.45215118081904
9889,7.45215118081904
9890,7.45215118081904
9891,7.45215118081904
9892,7.45215118081904
9893,7.45215118081904
9894,7.45215118081904
9895,7.45215118081904
9896,7.45215118081904
9897,7.45215118081904
9898,7.45215118081904
9899,7.45215118081904
9900,7.45215118081904
9901,7.45215118081904
9902,7.45215118081904
9903,7.45215118081904
9904,7.45215118081904
9905,7.45215118081904
9906,7.45215118081904
9907,7.45215118081904
9908,7.45215118081904
9909,7.45215118081904
9910,7.45215118081904
9911,7.45215118081904
9912,7.45215118081904
9913,7.45215118081904
9914,7.45215118081904
9915,7.45215118081904
9916,7.45215118081904
9917,7.45215118081904
9918,7.45215118081904
9919,7.45215118081904
9920,7.45215118081904
9921,7.45215118081904
9922,7.45215118081904
9923,7.45215118081904
9924,7.45215118081904
9925,7.45215118081904
9926,7.45215118081904
9927,7.45215118081904
9928,7.45215118081904
9929,7.45215118081904
9930,7.45215118081904
9931,7.45215118081904
9932,7.45215118081904
9933,7.45215118081904
9934,7.45215118081904
9935,7.45215118081904
9936,7.45215118081904
9937,7.45215118081904
9938,7.45215118081904
9939,7.45215118081904
9940,7.45215118081904
9941,7.45215118081904
9942,7.45215118081904
9943,7.45215118081904
9944,7.45215118081904
9945,7.45215118081904
9946,7.45215118081904
9947,7.45215118081904
9948,7.45215118081904
9949,7.45215118081904
9950,7.45215118081904
9951,7.45215118081904
9952,7.45215118081904
9953,7.45215118081904
9954,7.45215118081904
9955,7.45215118081904
9956,7.45215118081904
9957,7.45215118081904
9958,7.45215118081904
9959,7.45215118081904
9960,7.45215118081904
9961,7.45215118081904
9962,7.45215118081904
9963,7.45215118081904
9964,7.45215118081904
9965,7.45215118081904
9966,7.45215118081904
9967,7.45215118081904
9968,7.45215118081904
9969,7.45215118081904
9970,7.45215118081904
9971,7.45215118081904
9972,7.45215118081904
9973,7.45215118081904
9974,7.45215118081904
9975,7.45215118081904
9976,7.45215118081904
9977,7.45215118081904
9978,7.45215118081904
9979,7.45215118081904
9980,7.45215118081904
9981,7.45215118081904
9982,7.45215118081904
9983,7.45215118081904
9984,7.45215118081904
9985,7.45215118081904
9986,7.45215118081904
9987,7.45215118081904
9988,7.45215118081904
9989,7.45215118081904
9990,7.45215118081904
9991,7.45215118081904
9992,7.45215118081904
9993,7.45215118081904
9994,7.45215118081904
9995,7.45215118081904
9996,7.45215118081904
9997,7.45215118081904
9998,7.45215118081904
9999,7.45215118081904
10000,7.45215118081904
