iteration,best_loss
0,60.347015085477906
1,60.347015085477906
2,60.347015085477906
3,60.347015085477906
4,60.347015085477906
5,58.59198009162236
6,58.59198009162236
7,58.59198009162236
8,30.91505520689103
9,30.91505520689103
10,30.91505520689103
11,30.91505520689103
12,27.253179779009223
13,23.08914039917403
14,23.08914039917403
15,23.08914039917403
16,23.08914039917403
17,23.08914039917403
18,23.08914039917403
19,23.08914039917403
20,20.739186297396415
21,20.739186297396415
22,20.739186297396415
23,20.739186297396415
24,20.739186297396415
25,20.739186297396415
26,20.739186297396415
27,20.739186297396415
28,20.739186297396415
29,20.739186297396415
30,20.739186297396415
31,20.739186297396415
32,20.739186297396415
33,20.739186297396415
34,20.739186297396415
35,20.739186297396415
36,20.739186297396415
37,20.739186297396415
38,20.739186297396415
39,20.739186297396415
40,20.739186297396415
41,20.739186297396415
42,20.739186297396415
43,20.739186297396415
44,20.739186297396415
45,17.222831670697317
46,17.222831670697317
47,17.222831670697317
48,17.222831670697317
49,17.222831670697317
50,17.222831670697317
51,17.222831670697317
52,17.222831670697317
53,17.222831670697317
54,17.222831670697317
55,17.222831670697317
56,17.222831670697317
57,17.222831670697317
58,17.222831670697317
59,17.222831670697317
60,17.222831670697317
61,17.222831670697317
62,16.916718913861157
63,16.916718913861157
64,16.916718913861157
65,16.916718913861157
66,16.916718913861157
67,11.263461734272516
68,11.263461734272516
69,11.263461734272516
70,11.263461734272516
71,11.263461734272516
72,11.263461734272516
73,10.802914789221171
74,10.802914789221171
75,10.802914789221171
76,10.802914789221171
77,10.802914789221171
78,10.802914789221171
79,10.802914789221171
80,10.802914789221171
81,10.802914789221171
82,10.802914789221171
83,9.982770385504017
84,9.982770385504017
85,9.982770385504017
86,9.982770385504017
87,9.982770385504017
88,9.982770385504017
89,9.982770385504017
90,9.982770385504017
91,9.982770385504017
92,9.982770385504017
93,9.982770385504017
94,9.982770385504017
95,9.982770385504017
96,9.982770385504017
97,9.982770385504017
98,9.982770385504017
99,9.982770385504017
100,9.982770385504017
101,9.982770385504017
102,9.982770385504017
103,9.982770385504017
104,9.982770385504017
105,9.982770385504017
106,9.982770385504017
107,9.982770385504017
108,9.982770385504017
109,9.982770385504017
110,9.982770385504017
111,9.982770385504017
112,9.982770385504017
113,9.982770385504017
114,9.982770385504017
115,9.982770385504017
116,9.982770385504017
117,9.982770385504017
118,9.982770385504017
119,9.982770385504017
120,9.982770385504017
121,9.982770385504017
122,9.982770385504017
123,9.982770385504017
124,9.982770385504017
125,9.982770385504017
126,9.982770385504017
127,9.982770385504017
128,9.982770385504017
129,9.982770385504017
130,9.982770385504017
131,9.982770385504017
132,9.982770385504017
133,9.982770385504017
134,9.982770385504017
135,9.982770385504017
136,9.982770385504017
137,9.982770385504017
138,9.982770385504017
139,9.982770385504017
140,9.982770385504017
141,9.982770385504017
142,9.982770385504017
143,9.982770385504017
144,9.982770385504017
145,9.982770385504017
146,9.982770385504017
147,9.982770385504017
148,9.982770385504017
149,9.982770385504017
150,9.982770385504017
151,9.982770385504017
152,9.982770385504017
153,9.982770385504017
154,9.982770385504017
155,9.982770385504017
156,9.982770385504017
157,9.982770385504017
158,9.982770385504017
159,9.982770385504017
160,9.982770385504017
161,9.982770385504017
162,9.982770385504017
163,9.982770385504017
164,9.982770385504017
165,9.982770385504017
166,9.982770385504017
167,9.982770385504017
168,9.982770385504017
169,9.982770385504017
170,9.982770385504017
171,9.982770385504017
172,9.982770385504017
173,9.982770385504017
174,9.982770385504017
175,9.982770385504017
176,9.982770385504017
177,9.982770385504017
178,9.982770385504017
179,9.982770385504017
180,9.982770385504017
181,9.982770385504017
182,9.982770385504017
183,9.982770385504017
184,9.982770385504017
185,9.982770385504017
186,9.982770385504017
187,9.982770385504017
188,9.982770385504017
189,9.982770385504017
190,9.982770385504017
191,9.982770385504017
192,9.982770385504017
193,9.982770385504017
194,9.982770385504017
195,9.982770385504017
196,9.982770385504017
197,9.982770385504017
198,9.982770385504017
199,9.982770385504017
200,9.982770385504017
201,9.982770385504017
202,9.982770385504017
203,9.982770385504017
204,9.982770385504017
205,9.982770385504017
206,9.982770385504017
207,9.982770385504017
208,9.982770385504017
209,9.982770385504017
210,9.982770385504017
211,9.982770385504017
212,9.982770385504017
213,9.982770385504017
214,9.982770385504017
215,9.982770385504017
216,9.982770385504017
217,9.982770385504017
218,9.982770385504017
219,9.982770385504017
220,9.982770385504017
221,9.982770385504017
222,9.982770385504017
223,9.982770385504017
224,9.982770385504017
225,9.982770385504017
226,9.982770385504017
227,9.982770385504017
228,9.982770385504017
229,9.982770385504017
230,9.982770385504017
231,9.982770385504017
232,9.982770385504017
233,9.982770385504017
234,9.982770385504017
235,9.982770385504017
236,9.982770385504017
237,9.982770385504017
238,9.982770385504017
239,9.982770385504017
240,9.982770385504017
241,9.982770385504017
242,9.982770385504017
243,9.982770385504017
244,9.982770385504017
245,9.982770385504017
246,9.982770385504017
247,9.982770385504017
248,9.982770385504017
249,9.982770385504017
250,9.982770385504017
251,9.982770385504017
252,9.982770385504017
253,9.982770385504017
254,9.982770385504017
255,9.982770385504017
256,9.982770385504017
257,9.982770385504017
258,9.982770385504017
259,9.982770385504017
260,9.982770385504017
261,9.982770385504017
262,9.982770385504017
263,9.982770385504017
264,9.982770385504017
265,9.982770385504017
266,9.982770385504017
267,9.982770385504017
268,9.982770385504017
269,9.982770385504017
270,9.982770385504017
271,9.982770385504017
272,9.982770385504017
273,9.982770385504017
274,9.982770385504017
275,9.982770385504017
276,9.982770385504017
277,9.982770385504017
278,9.982770385504017
279,9.982770385504017
280,9.982770385504017
281,9.982770385504017
282,9.982770385504017
283,9.982770385504017
284,9.982770385504017
285,9.982770385504017
286,9.982770385504017
287,9.982770385504017
288,9.982770385504017
289,9.982770385504017
290,9.982770385504017
291,9.982770385504017
292,9.982770385504017
293,9.982770385504017
294,9.982770385504017
295,9.982770385504017
296,9.982770385504017
297,9.982770385504017
298,9.982770385504017
299,9.982770385504017
300,9.982770385504017
301,9.982770385504017
302,9.982770385504017
303,9.982770385504017
304,9.982770385504017
305,9.982770385504017
306,9.982770385504017
307,9.982770385504017
308,9.982770385504017
309,9.982770385504017
310,9.982770385504017
311,9.982770385504017
312,9.982770385504017
313,9.982770385504017
314,9.982770385504017
315,9.982770385504017
316,9.982770385504017
317,9.982770385504017
318,9.982770385504017
319,9.982770385504017
320,9.982770385504017
321,9.982770385504017
322,9.982770385504017
323,9.982770385504017
324,9.982770385504017
325,9.982770385504017
326,9.982770385504017
327,9.982770385504017
328,9.982770385504017
329,9.982770385504017
330,9.982770385504017
331,9.982770385504017
332,9.982770385504017
333,9.982770385504017
334,9.982770385504017
335,9.982770385504017
336,9.982770385504017
337,9.982770385504017
338,9.982770385504017
339,9.982770385504017
340,9.982770385504017
341,9.982770385504017
342,9.982770385504017
343,9.982770385504017
344,9.982770385504017
345,9.982770385504017
346,9.982770385504017
347,9.982770385504017
348,9.982770385504017
349,9.982770385504017
350,9.982770385504017
351,9.982770385504017
352,9.982770385504017
353,9.982770385504017
354,9.982770385504017
355,9.982770385504017
356,9.982770385504017
357,9.982770385504017
358,9.982770385504017
359,9.982770385504017
360,9.982770385504017
361,9.982770385504017
362,9.982770385504017
363,9.982770385504017
364,9.982770385504017
365,9.982770385504017
366,9.982770385504017
367,9.982770385504017
368,9.982770385504017
369,9.982770385504017
370,9.982770385504017
371,9.982770385504017
372,9.982770385504017
373,9.982770385504017
374,9.982770385504017
375,9.982770385504017
376,9.982770385504017
377,9.982770385504017
378,9.982770385504017
379,9.982770385504017
380,9.982770385504017
381,9.982770385504017
382,9.982770385504017
383,9.982770385504017
384,9.982770385504017
385,9.982770385504017
386,9.982770385504017
387,9.982770385504017
388,9.982770385504017
389,9.982770385504017
390,9.982770385504017
391,9.982770385504017
392,9.982770385504017
393,9.982770385504017
394,9.982770385504017
395,9.982770385504017
396,9.982770385504017
397,9.982770385504017
398,9.982770385504017
399,9.982770385504017
400,9.982770385504017
401,9.982770385504017
402,9.982770385504017
403,9.982770385504017
404,9.982770385504017
405,9.982770385504017
406,9.982770385504017
407,9.461766372967356
408,9.461766372967356
409,9.461766372967356
410,9.461766372967356
411,9.461766372967356
412,9.461766372967356
413,9.461766372967356
414,9.461766372967356
415,9.461766372967356
416,9.461766372967356
417,9.461766372967356
418,9.461766372967356
419,9.461766372967356
420,9.461766372967356
421,9.461766372967356
422,9.461766372967356
423,9.461766372967356
424,9.461766372967356
425,9.461766372967356
426,9.461766372967356
427,9.461766372967356
428,9.461766372967356
429,9.461766372967356
430,9.461766372967356
431,9.461766372967356
432,9.461766372967356
433,9.461766372967356
434,9.461766372967356
435,9.461766372967356
436,9.461766372967356
437,9.461766372967356
438,9.461766372967356
439,9.461766372967356
440,9.461766372967356
441,9.461766372967356
442,9.461766372967356
443,9.461766372967356
444,9.461766372967356
445,9.461766372967356
446,9.461766372967356
447,9.461766372967356
448,9.461766372967356
449,9.461766372967356
450,9.461766372967356
451,9.461766372967356
452,9.461766372967356
453,9.461766372967356
454,9.461766372967356
455,9.461766372967356
456,9.461766372967356
457,9.461766372967356
458,9.461766372967356
459,9.461766372967356
460,9.461766372967356
461,9.461766372967356
462,9.461766372967356
463,9.461766372967356
464,9.461766372967356
465,9.461766372967356
466,9.461766372967356
467,9.461766372967356
468,9.461766372967356
469,9.461766372967356
470,9.461766372967356
471,9.461766372967356
472,9.461766372967356
473,9.461766372967356
474,9.461766372967356
475,9.461766372967356
476,9.461766372967356
477,9.461766372967356
478,9.461766372967356
479,9.461766372967356
480,9.461766372967356
481,9.461766372967356
482,9.461766372967356
483,9.461766372967356
484,9.461766372967356
485,9.461766372967356
486,9.461766372967356
487,9.461766372967356
488,9.461766372967356
489,9.461766372967356
490,9.461766372967356
491,9.461766372967356
492,9.461766372967356
493,9.461766372967356
494,9.461766372967356
495,9.461766372967356
496,9.461766372967356
497,9.461766372967356
498,9.461766372967356
499,9.461766372967356
500,9.461766372967356
501,9.461766372967356
502,9.461766372967356
503,9.461766372967356
504,9.461766372967356
505,9.461766372967356
506,9.461766372967356
507,9.461766372967356
508,9.461766372967356
509,9.461766372967356
510,9.461766372967356
511,9.461766372967356
512,9.461766372967356
513,9.461766372967356
514,9.461766372967356
515,9.461766372967356
516,9.461766372967356
517,9.461766372967356
518,9.461766372967356
519,9.461766372967356
520,9.461766372967356
521,9.461766372967356
522,9.461766372967356
523,9.461766372967356
524,9.461766372967356
525,9.461766372967356
526,9.461766372967356
527,9.461766372967356
528,9.461766372967356
529,9.461766372967356
530,9.461766372967356
531,9.461766372967356
532,9.461766372967356
533,9.461766372967356
534,9.461766372967356
535,9.461766372967356
536,9.461766372967356
537,9.461766372967356
538,9.461766372967356
539,9.461766372967356
540,9.461766372967356
541,9.461766372967356
542,9.461766372967356
543,9.461766372967356
544,9.461766372967356
545,9.461766372967356
546,9.461766372967356
547,9.461766372967356
548,9.461766372967356
549,9.461766372967356
550,9.461766372967356
551,9.461766372967356
552,9.461766372967356
553,9.461766372967356
554,9.461766372967356
555,9.461766372967356
556,9.461766372967356
557,9.461766372967356
558,9.461766372967356
559,9.461766372967356
560,9.461766372967356
561,9.461766372967356
562,9.461766372967356
563,9.461766372967356
564,9.461766372967356
565,9.461766372967356
566,9.461766372967356
567,9.461766372967356
568,9.461766372967356
569,9.461766372967356
570,9.461766372967356
571,9.461766372967356
572,9.461766372967356
573,9.461766372967356
574,9.461766372967356
575,9.461766372967356
576,9.461766372967356
577,9.461766372967356
578,9.461766372967356
579,9.461766372967356
580,9.461766372967356
581,9.461766372967356
582,9.461766372967356
583,9.461766372967356
584,9.461766372967356
585,9.461766372967356
586,9.461766372967356
587,9.461766372967356
588,9.461766372967356
589,9.461766372967356
590,9.461766372967356
591,9.461766372967356
592,9.461766372967356
593,9.461766372967356
594,9.461766372967356
595,9.461766372967356
596,9.461766372967356
597,9.461766372967356
598,9.461766372967356
599,9.461766372967356
600,9.461766372967356
601,9.461766372967356
602,9.461766372967356
603,9.461766372967356
604,9.461766372967356
605,9.461766372967356
606,9.461766372967356
607,9.461766372967356
608,9.461766372967356
609,9.461766372967356
610,9.461766372967356
611,9.461766372967356
612,9.461766372967356
613,9.461766372967356
614,9.461766372967356
615,9.461766372967356
616,9.461766372967356
617,9.461766372967356
618,9.461766372967356
619,9.461766372967356
620,9.461766372967356
621,9.461766372967356
622,9.461766372967356
623,9.461766372967356
624,9.461766372967356
625,9.461766372967356
626,9.461766372967356
627,9.461766372967356
628,9.461766372967356
629,9.461766372967356
630,9.461766372967356
631,9.461766372967356
632,9.461766372967356
633,9.461766372967356
634,9.461766372967356
635,9.461766372967356
636,9.461766372967356
637,9.461766372967356
638,9.461766372967356
639,9.461766372967356
640,9.461766372967356
641,9.461766372967356
642,9.461766372967356
643,9.461766372967356
644,9.461766372967356
645,9.461766372967356
646,9.461766372967356
647,9.461766372967356
648,9.461766372967356
649,9.461766372967356
650,9.461766372967356
651,9.461766372967356
652,9.461766372967356
653,9.461766372967356
654,9.461766372967356
655,9.461766372967356
656,9.461766372967356
657,9.461766372967356
658,9.461766372967356
659,9.461766372967356
660,9.461766372967356
661,9.461766372967356
662,9.461766372967356
663,9.461766372967356
664,9.461766372967356
665,9.461766372967356
666,9.461766372967356
667,9.461766372967356
668,9.461766372967356
669,9.461766372967356
670,9.461766372967356
671,9.461766372967356
672,9.461766372967356
673,9.461766372967356
674,9.461766372967356
675,9.461766372967356
676,9.461766372967356
677,8.50040821598173
678,8.50040821598173
679,8.50040821598173
680,8.50040821598173
681,8.50040821598173
682,8.50040821598173
683,8.50040821598173
684,8.50040821598173
685,8.50040821598173
686,8.50040821598173
687,8.50040821598173
688,8.50040821598173
689,8.50040821598173
690,8.50040821598173
691,8.50040821598173
692,8.50040821598173
693,8.50040821598173
694,8.50040821598173
695,8.50040821598173
696,8.50040821598173
697,8.50040821598173
698,8.50040821598173
699,8.50040821598173
700,8.50040821598173
701,8.50040821598173
702,8.50040821598173
703,8.50040821598173
704,8.50040821598173
705,8.50040821598173
706,8.50040821598173
707,8.50040821598173
708,8.50040821598173
709,8.50040821598173
710,8.50040821598173
711,8.50040821598173
712,8.50040821598173
713,8.50040821598173
714,8.50040821598173
715,8.50040821598173
716,8.50040821598173
717,8.50040821598173
718,8.50040821598173
719,8.50040821598173
720,8.039441309141534
721,8.039441309141534
722,8.039441309141534
723,8.039441309141534
724,8.039441309141534
725,8.039441309141534
726,8.039441309141534
727,8.039441309141534
728,8.039441309141534
729,8.039441309141534
730,8.039441309141534
731,8.039441309141534
732,8.039441309141534
733,8.039441309141534
734,8.039441309141534
735,8.039441309141534
736,8.039441309141534
737,8.039441309141534
738,8.039441309141534
739,8.039441309141534
740,8.039441309141534
741,8.039441309141534
742,8.039441309141534
743,8.039441309141534
744,8.039441309141534
745,8.039441309141534
746,8.039441309141534
747,8.039441309141534
748,8.039441309141534
749,8.039441309141534
750,8.039441309141534
751,8.039441309141534
752,8.039441309141534
753,8.039441309141534
754,8.039441309141534
755,8.039441309141534
756,8.039441309141534
757,8.039441309141534
758,8.039441309141534
759,8.039441309141534
760,8.039441309141534
761,8.039441309141534
762,8.039441309141534
763,8.039441309141534
764,8.039441309141534
765,8.039441309141534
766,8.039441309141534
767,8.039441309141534
768,8.039441309141534
769,8.039441309141534
770,8.039441309141534
771,8.039441309141534
772,8.039441309141534
773,8.039441309141534
774,8.039441309141534
775,8.039441309141534
776,8.039441309141534
777,8.039441309141534
778,8.039441309141534
779,8.039441309141534
780,8.039441309141534
781,7.659909187139237
782,7.659909187139237
783,7.659909187139237
784,7.659909187139237
785,7.659909187139237
786,7.659909187139237
787,7.659909187139237
788,7.659909187139237
789,7.659909187139237
790,7.659909187139237
791,7.659909187139237
792,7.659909187139237
793,7.659909187139237
794,7.20086223245022
795,7.20086223245022
796,7.20086223245022
797,7.20086223245022
798,7.20086223245022
799,7.20086223245022
800,7.20086223245022
801,7.20086223245022
802,7.20086223245022
803,7.20086223245022
804,7.20086223245022
805,7.20086223245022
806,7.20086223245022
807,7.20086223245022
808,7.20086223245022
809,7.20086223245022
810,7.20086223245022
811,7.20086223245022
812,7.20086223245022
813,7.20086223245022
814,7.20086223245022
815,7.20086223245022
816,7.20086223245022
817,7.20086223245022
818,7.20086223245022
819,7.20086223245022
820,7.20086223245022
821,7.20086223245022
822,7.20086223245022
823,7.20086223245022
824,7.20086223245022
825,7.20086223245022
826,7.20086223245022
827,7.20086223245022
828,7.20086223245022
829,7.20086223245022
830,7.20086223245022
831,7.20086223245022
832,7.20086223245022
833,7.20086223245022
834,7.20086223245022
835,7.20086223245022
836,7.20086223245022
837,7.20086223245022
838,7.20086223245022
839,7.20086223245022
840,7.20086223245022
841,7.20086223245022
842,7.20086223245022
843,7.20086223245022
844,7.20086223245022
845,7.20086223245022
846,7.20086223245022
847,7.20086223245022
848,7.20086223245022
849,7.20086223245022
850,7.20086223245022
851,7.20086223245022
852,7.20086223245022
853,7.20086223245022
854,7.20086223245022
855,7.20086223245022
856,7.20086223245022
857,7.20086223245022
858,7.20086223245022
859,7.20086223245022
860,7.20086223245022
861,7.20086223245022
862,7.20086223245022
863,7.20086223245022
864,7.20086223245022
865,7.20086223245022
866,7.20086223245022
867,7.20086223245022
868,7.20086223245022
869,7.20086223245022
870,7.20086223245022
871,7.20086223245022
872,7.20086223245022
873,7.20086223245022
874,7.20086223245022
875,7.20086223245022
876,7.20086223245022
877,7.20086223245022
878,7.20086223245022
879,7.20086223245022
880,7.20086223245022
881,7.20086223245022
882,7.20086223245022
883,7.20086223245022
884,7.20086223245022
885,7.20086223245022
886,7.20086223245022
887,7.20086223245022
888,7.20086223245022
889,7.20086223245022
890,7.20086223245022
891,7.20086223245022
892,7.20086223245022
893,7.20086223245022
894,7.20086223245022
895,7.20086223245022
896,7.20086223245022
897,7.20086223245022
898,7.20086223245022
899,7.20086223245022
900,7.20086223245022
901,7.20086223245022
902,7.20086223245022
903,7.20086223245022
904,7.20086223245022
905,7.20086223245022
906,7.20086223245022
907,7.20086223245022
908,7.20086223245022
909,7.20086223245022
910,7.20086223245022
911,7.20086223245022
912,7.20086223245022
913,7.20086223245022
914,7.20086223245022
915,7.20086223245022
916,7.20086223245022
917,7.20086223245022
918,7.20086223245022
919,7.20086223245022
920,7.20086223245022
921,7.20086223245022
922,7.20086223245022
923,7.20086223245022
924,7.20086223245022
925,7.20086223245022
926,7.20086223245022
927,7.20086223245022
928,7.20086223245022
929,7.20086223245022
930,7.20086223245022
931,7.20086223245022
932,7.20086223245022
933,7.20086223245022
934,7.20086223245022
935,7.20086223245022
936,7.20086223245022
937,7.20086223245022
938,7.20086223245022
939,7.20086223245022
940,7.20086223245022
941,7.20086223245022
942,7.20086223245022
943,7.20086223245022
944,7.20086223245022
945,7.20086223245022
946,7.20086223245022
947,7.20086223245022
948,7.20086223245022
949,7.20086223245022
950,7.20086223245022
951,7.20086223245022
952,7.20086223245022
953,7.20086223245022
954,7.20086223245022
955,7.20086223245022
956,7.20086223245022
957,7.20086223245022
958,7.20086223245022
959,7.20086223245022
960,7.20086223245022
961,7.20086223245022
962,7.20086223245022
963,7.20086223245022
964,7.20086223245022
965,7.20086223245022
966,7.20086223245022
967,7.20086223245022
968,7.20086223245022
969,7.20086223245022
970,7.20086223245022
971,7.20086223245022
972,7.20086223245022
973,7.20086223245022
974,7.20086223245022
975,7.20086223245022
976,7.20086223245022
977,7.20086223245022
978,7.20086223245022
979,7.20086223245022
980,7.20086223245022
981,7.20086223245022
982,7.20086223245022
983,7.20086223245022
984,7.20086223245022
985,7.20086223245022
986,7.20086223245022
987,7.20086223245022
988,7.20086223245022
989,7.20086223245022
990,7.20086223245022
991,7.20086223245022
992,7.20086223245022
993,7.20086223245022
994,7.20086223245022
995,7.20086223245022
996,7.20086223245022
997,7.20086223245022
998,7.20086223245022
999,7.20086223245022
1000,7.20086223245022
1001,7.20086223245022
1002,7.20086223245022
1003,7.20086223245022
1004,7.20086223245022
1005,7.20086223245022
1006,7.20086223245022
1007,7.20086223245022
1008,7.20086223245022
1009,7.20086223245022
1010,7.20086223245022
1011,7.20086223245022
1012,7.20086223245022
1013,7.20086223245022
1014,7.20086223245022
1015,7.20086223245022
1016,7.20086223245022
1017,7.20086223245022
1018,7.20086223245022
1019,7.20086223245022
1020,7.20086223245022
1021,7.20086223245022
1022,7.20086223245022
1023,7.20086223245022
1024,7.20086223245022
1025,7.20086223245022
1026,7.20086223245022
1027,7.20086223245022
1028,7.20086223245022
1029,7.20086223245022
1030,7.20086223245022
1031,7.20086223245022
1032,7.20086223245022
1033,7.20086223245022
1034,7.20086223245022
1035,7.20086223245022
1036,7.20086223245022
1037,7.20086223245022
1038,7.20086223245022
1039,7.20086223245022
1040,7.20086223245022
1041,7.20086223245022
1042,7.20086223245022
1043,7.20086223245022
1044,7.20086223245022
1045,7.20086223245022
1046,7.20086223245022
1047,7.20086223245022
1048,7.20086223245022
1049,7.20086223245022
1050,7.20086223245022
1051,7.20086223245022
1052,7.20086223245022
1053,7.20086223245022
1054,7.20086223245022
1055,7.20086223245022
1056,7.20086223245022
1057,7.20086223245022
1058,7.20086223245022
1059,7.20086223245022
1060,7.20086223245022
1061,7.20086223245022
1062,7.20086223245022
1063,7.20086223245022
1064,7.20086223245022
1065,7.20086223245022
1066,7.20086223245022
1067,7.20086223245022
1068,7.20086223245022
1069,7.20086223245022
1070,7.20086223245022
1071,7.20086223245022
1072,7.20086223245022
1073,7.20086223245022
1074,7.20086223245022
1075,7.20086223245022
1076,7.20086223245022
1077,7.20086223245022
1078,7.20086223245022
1079,7.20086223245022
1080,7.20086223245022
1081,7.20086223245022
1082,7.20086223245022
1083,7.20086223245022
1084,7.20086223245022
1085,7.20086223245022
1086,7.20086223245022
1087,7.20086223245022
1088,7.20086223245022
1089,7.20086223245022
1090,7.20086223245022
1091,7.20086223245022
1092,7.20086223245022
1093,7.20086223245022
1094,7.20086223245022
1095,7.20086223245022
1096,7.20086223245022
1097,7.20086223245022
1098,7.20086223245022
1099,7.20086223245022
1100,7.20086223245022
1101,7.20086223245022
1102,7.20086223245022
1103,7.20086223245022
1104,7.20086223245022
1105,7.20086223245022
1106,7.20086223245022
1107,7.20086223245022
1108,7.20086223245022
1109,7.20086223245022
1110,7.20086223245022
1111,7.20086223245022
1112,7.20086223245022
1113,7.20086223245022
1114,7.20086223245022
1115,7.20086223245022
1116,7.20086223245022
1117,7.20086223245022
1118,7.20086223245022
1119,7.20086223245022
1120,7.20086223245022
1121,7.20086223245022
1122,7.20086223245022
1123,7.20086223245022
1124,7.20086223245022
1125,7.20086223245022
1126,7.20086223245022
1127,7.20086223245022
1128,7.20086223245022
1129,7.20086223245022
1130,7.20086223245022
1131,7.20086223245022
1132,7.20086223245022
1133,7.20086223245022
1134,7.20086223245022
1135,7.20086223245022
1136,7.20086223245022
1137,7.20086223245022
1138,7.20086223245022
1139,7.20086223245022
1140,7.20086223245022
1141,7.20086223245022
1142,7.20086223245022
1143,7.20086223245022
1144,7.20086223245022
1145,7.20086223245022
1146,7.20086223245022
1147,7.20086223245022
1148,7.20086223245022
1149,7.20086223245022
1150,7.20086223245022
1151,7.20086223245022
1152,7.20086223245022
1153,7.20086223245022
1154,7.20086223245022
1155,7.20086223245022
1156,7.20086223245022
1157,7.20086223245022
1158,7.20086223245022
1159,7.20086223245022
1160,7.20086223245022
1161,7.20086223245022
1162,7.20086223245022
1163,7.20086223245022
1164,7.20086223245022
1165,7.20086223245022
1166,7.20086223245022
1167,7.20086223245022
1168,7.20086223245022
1169,7.20086223245022
1170,7.20086223245022
1171,7.20086223245022
1172,7.20086223245022
1173,7.20086223245022
1174,7.20086223245022
1175,7.20086223245022
1176,7.20086223245022
1177,7.20086223245022
1178,7.20086223245022
1179,7.20086223245022
1180,7.20086223245022
1181,7.20086223245022
1182,7.20086223245022
1183,7.20086223245022
1184,7.20086223245022
1185,7.20086223245022
1186,7.20086223245022
1187,7.20086223245022
1188,7.20086223245022
1189,7.20086223245022
1190,7.20086223245022
1191,7.20086223245022
1192,7.20086223245022
1193,7.20086223245022
1194,7.20086223245022
1195,7.20086223245022
1196,7.20086223245022
1197,7.20086223245022
1198,7.20086223245022
1199,7.20086223245022
1200,7.20086223245022
1201,7.20086223245022
1202,7.20086223245022
1203,7.20086223245022
1204,7.20086223245022
1205,7.20086223245022
1206,7.20086223245022
1207,7.20086223245022
1208,7.20086223245022
1209,7.20086223245022
1210,7.20086223245022
1211,7.20086223245022
1212,7.20086223245022
1213,7.20086223245022
1214,7.20086223245022
1215,7.20086223245022
1216,7.20086223245022
1217,7.20086223245022
1218,7.20086223245022
1219,7.20086223245022
1220,7.20086223245022
1221,7.20086223245022
1222,7.20086223245022
1223,7.20086223245022
1224,7.20086223245022
1225,7.20086223245022
1226,7.20086223245022
1227,7.20086223245022
1228,7.20086223245022
1229,7.20086223245022
1230,7.20086223245022
1231,7.20086223245022
1232,7.20086223245022
1233,7.20086223245022
1234,7.20086223245022
1235,7.20086223245022
1236,7.20086223245022
1237,7.20086223245022
1238,7.20086223245022
1239,7.20086223245022
1240,7.20086223245022
1241,7.20086223245022
1242,7.20086223245022
1243,7.20086223245022
1244,7.20086223245022
1245,7.20086223245022
1246,7.20086223245022
1247,7.20086223245022
1248,7.20086223245022
1249,7.20086223245022
1250,7.20086223245022
1251,7.20086223245022
1252,7.20086223245022
1253,7.20086223245022
1254,7.20086223245022
1255,7.20086223245022
1256,7.20086223245022
1257,7.20086223245022
1258,7.20086223245022
1259,7.20086223245022
1260,7.20086223245022
1261,7.20086223245022
1262,7.20086223245022
1263,7.20086223245022
1264,7.20086223245022
1265,7.20086223245022
1266,7.20086223245022
1267,7.20086223245022
1268,7.20086223245022
1269,7.20086223245022
1270,7.20086223245022
1271,7.20086223245022
1272,7.20086223245022
1273,7.20086223245022
1274,7.20086223245022
1275,7.20086223245022
1276,7.20086223245022
1277,7.20086223245022
1278,7.20086223245022
1279,7.20086223245022
1280,7.20086223245022
1281,7.20086223245022
1282,7.20086223245022
1283,7.20086223245022
1284,7.20086223245022
1285,7.20086223245022
1286,7.20086223245022
1287,7.20086223245022
1288,7.20086223245022
1289,7.20086223245022
1290,7.20086223245022
1291,7.20086223245022
1292,7.20086223245022
1293,7.20086223245022
1294,7.20086223245022
1295,7.20086223245022
1296,7.20086223245022
1297,7.20086223245022
1298,7.20086223245022
1299,7.20086223245022
1300,7.20086223245022
1301,7.20086223245022
1302,7.20086223245022
1303,7.20086223245022
1304,7.20086223245022
1305,7.20086223245022
1306,7.20086223245022
1307,7.20086223245022
1308,7.20086223245022
1309,7.20086223245022
1310,7.20086223245022
1311,7.20086223245022
1312,7.20086223245022
1313,7.20086223245022
1314,7.20086223245022
1315,7.20086223245022
1316,7.20086223245022
1317,7.20086223245022
1318,7.20086223245022
1319,7.20086223245022
1320,7.20086223245022
1321,7.20086223245022
1322,7.20086223245022
1323,7.20086223245022
1324,7.20086223245022
1325,7.20086223245022
1326,7.20086223245022
1327,7.20086223245022
1328,7.20086223245022
1329,7.20086223245022
1330,7.20086223245022
1331,7.20086223245022
1332,7.20086223245022
1333,7.20086223245022
1334,7.20086223245022
1335,7.20086223245022
1336,7.20086223245022
1337,7.20086223245022
1338,7.20086223245022
1339,7.20086223245022
1340,7.20086223245022
1341,7.20086223245022
1342,7.20086223245022
1343,7.20086223245022
1344,7.20086223245022
1345,7.20086223245022
1346,7.20086223245022
1347,7.20086223245022
1348,7.20086223245022
1349,7.20086223245022
1350,7.20086223245022
1351,7.20086223245022
1352,7.20086223245022
1353,7.20086223245022
1354,7.20086223245022
1355,7.20086223245022
1356,7.20086223245022
1357,7.20086223245022
1358,7.20086223245022
1359,7.20086223245022
1360,7.20086223245022
1361,7.20086223245022
1362,7.20086223245022
1363,7.20086223245022
1364,7.20086223245022
1365,7.20086223245022
1366,7.20086223245022
1367,7.20086223245022
1368,7.20086223245022
1369,7.20086223245022
1370,7.20086223245022
1371,7.20086223245022
1372,7.20086223245022
1373,7.20086223245022
1374,7.20086223245022
1375,7.20086223245022
1376,7.20086223245022
1377,7.20086223245022
1378,7.20086223245022
1379,7.20086223245022
1380,7.20086223245022
1381,7.20086223245022
1382,7.20086223245022
1383,7.20086223245022
1384,7.20086223245022
1385,7.20086223245022
1386,7.20086223245022
1387,7.20086223245022
1388,7.20086223245022
1389,7.20086223245022
1390,7.20086223245022
1391,7.20086223245022
1392,7.20086223245022
1393,7.20086223245022
1394,7.20086223245022
1395,7.20086223245022
1396,7.20086223245022
1397,7.20086223245022
1398,7.20086223245022
1399,7.20086223245022
1400,7.20086223245022
1401,7.20086223245022
1402,7.20086223245022
1403,7.20086223245022
1404,7.20086223245022
1405,7.20086223245022
1406,7.20086223245022
1407,7.20086223245022
1408,7.20086223245022
1409,7.20086223245022
1410,7.20086223245022
1411,7.20086223245022
1412,7.20086223245022
1413,7.20086223245022
1414,7.20086223245022
1415,7.20086223245022
1416,7.20086223245022
1417,7.20086223245022
1418,7.20086223245022
1419,7.20086223245022
1420,7.20086223245022
1421,7.20086223245022
1422,7.20086223245022
1423,7.20086223245022
1424,7.20086223245022
1425,7.20086223245022
1426,7.20086223245022
1427,7.20086223245022
1428,7.20086223245022
1429,7.20086223245022
1430,7.20086223245022
1431,7.20086223245022
1432,7.20086223245022
1433,7.20086223245022
1434,7.20086223245022
1435,7.20086223245022
1436,7.20086223245022
1437,7.20086223245022
1438,7.20086223245022
1439,7.20086223245022
1440,7.20086223245022
1441,7.20086223245022
1442,7.20086223245022
1443,7.20086223245022
1444,7.20086223245022
1445,7.20086223245022
1446,7.20086223245022
1447,7.20086223245022
1448,7.20086223245022
1449,7.20086223245022
1450,7.20086223245022
1451,7.20086223245022
1452,7.20086223245022
1453,7.20086223245022
1454,7.20086223245022
1455,7.20086223245022
1456,7.20086223245022
1457,7.20086223245022
1458,7.20086223245022
1459,7.20086223245022
1460,7.20086223245022
1461,7.20086223245022
1462,7.20086223245022
1463,7.20086223245022
1464,7.20086223245022
1465,7.20086223245022
1466,7.20086223245022
1467,7.20086223245022
1468,7.20086223245022
1469,7.20086223245022
1470,7.20086223245022
1471,7.20086223245022
1472,7.20086223245022
1473,7.20086223245022
1474,7.20086223245022
1475,7.20086223245022
1476,7.20086223245022
1477,7.20086223245022
1478,7.20086223245022
1479,7.20086223245022
1480,7.20086223245022
1481,7.20086223245022
1482,7.20086223245022
1483,7.20086223245022
1484,7.20086223245022
1485,7.20086223245022
1486,7.20086223245022
1487,7.20086223245022
1488,7.20086223245022
1489,7.20086223245022
1490,7.20086223245022
1491,7.20086223245022
1492,7.20086223245022
1493,7.20086223245022
1494,7.20086223245022
1495,7.20086223245022
1496,7.20086223245022
1497,7.20086223245022
1498,7.20086223245022
1499,7.20086223245022
1500,7.20086223245022
1501,7.20086223245022
1502,7.20086223245022
1503,7.20086223245022
1504,7.20086223245022
1505,7.20086223245022
1506,7.20086223245022
1507,7.20086223245022
1508,7.20086223245022
1509,7.20086223245022
1510,7.20086223245022
1511,7.20086223245022
1512,7.20086223245022
1513,7.20086223245022
1514,7.20086223245022
1515,7.20086223245022
1516,7.20086223245022
1517,7.20086223245022
1518,7.20086223245022
1519,7.20086223245022
1520,7.20086223245022
1521,7.20086223245022
1522,7.20086223245022
1523,7.20086223245022
1524,7.20086223245022
1525,7.20086223245022
1526,7.20086223245022
1527,7.20086223245022
1528,7.20086223245022
1529,7.20086223245022
1530,7.20086223245022
1531,7.20086223245022
1532,7.20086223245022
1533,7.20086223245022
1534,7.20086223245022
1535,7.20086223245022
1536,7.20086223245022
1537,7.20086223245022
1538,7.20086223245022
1539,7.20086223245022
1540,7.20086223245022
1541,7.20086223245022
1542,7.20086223245022
1543,7.20086223245022
1544,7.20086223245022
1545,7.20086223245022
1546,7.20086223245022
1547,7.20086223245022
1548,7.20086223245022
1549,7.20086223245022
1550,7.20086223245022
1551,7.20086223245022
1552,7.20086223245022
1553,7.20086223245022
1554,7.20086223245022
1555,7.20086223245022
1556,7.20086223245022
1557,7.20086223245022
1558,7.20086223245022
1559,7.20086223245022
1560,7.20086223245022
1561,7.20086223245022
1562,7.20086223245022
1563,7.20086223245022
1564,7.20086223245022
1565,7.20086223245022
1566,7.20086223245022
1567,7.20086223245022
1568,7.20086223245022
1569,7.20086223245022
1570,7.20086223245022
1571,7.20086223245022
1572,7.20086223245022
1573,7.20086223245022
1574,7.20086223245022
1575,7.20086223245022
1576,7.20086223245022
1577,7.20086223245022
1578,7.20086223245022
1579,7.20086223245022
1580,7.20086223245022
1581,7.20086223245022
1582,7.20086223245022
1583,7.20086223245022
1584,7.20086223245022
1585,7.20086223245022
1586,7.20086223245022
1587,7.20086223245022
1588,7.20086223245022
1589,7.20086223245022
1590,7.20086223245022
1591,7.20086223245022
1592,7.20086223245022
1593,7.20086223245022
1594,7.20086223245022
1595,7.20086223245022
1596,7.20086223245022
1597,7.20086223245022
1598,7.20086223245022
1599,7.20086223245022
1600,7.20086223245022
1601,7.20086223245022
1602,7.20086223245022
1603,7.20086223245022
1604,7.20086223245022
1605,7.20086223245022
1606,7.20086223245022
1607,7.20086223245022
1608,7.20086223245022
1609,7.20086223245022
1610,7.20086223245022
1611,7.20086223245022
1612,7.20086223245022
1613,7.20086223245022
1614,7.20086223245022
1615,7.20086223245022
1616,7.20086223245022
1617,7.20086223245022
1618,7.20086223245022
1619,7.20086223245022
1620,7.20086223245022
1621,7.20086223245022
1622,7.20086223245022
1623,7.20086223245022
1624,7.20086223245022
1625,7.20086223245022
1626,7.20086223245022
1627,7.20086223245022
1628,7.20086223245022
1629,7.20086223245022
1630,7.20086223245022
1631,7.20086223245022
1632,7.20086223245022
1633,7.20086223245022
1634,7.20086223245022
1635,7.20086223245022
1636,7.20086223245022
1637,7.20086223245022
1638,7.20086223245022
1639,7.20086223245022
1640,7.20086223245022
1641,7.20086223245022
1642,7.20086223245022
1643,7.20086223245022
1644,7.20086223245022
1645,7.20086223245022
1646,7.20086223245022
1647,7.20086223245022
1648,7.20086223245022
1649,7.20086223245022
1650,7.20086223245022
1651,7.20086223245022
1652,7.20086223245022
1653,7.20086223245022
1654,7.20086223245022
1655,7.20086223245022
1656,7.20086223245022
1657,7.20086223245022
1658,7.20086223245022
1659,7.20086223245022
1660,7.20086223245022
1661,7.20086223245022
1662,7.20086223245022
1663,7.20086223245022
1664,7.20086223245022
1665,7.20086223245022
1666,7.20086223245022
1667,7.20086223245022
1668,7.20086223245022
1669,7.20086223245022
1670,7.20086223245022
1671,7.20086223245022
1672,7.20086223245022
1673,7.20086223245022
1674,7.20086223245022
1675,7.20086223245022
1676,7.20086223245022
1677,7.20086223245022
1678,7.20086223245022
1679,7.20086223245022
1680,7.20086223245022
1681,7.20086223245022
1682,7.20086223245022
1683,7.20086223245022
1684,7.20086223245022
1685,7.20086223245022
1686,7.20086223245022
1687,7.20086223245022
1688,7.20086223245022
1689,7.20086223245022
1690,7.20086223245022
1691,7.20086223245022
1692,7.20086223245022
1693,7.20086223245022
1694,7.20086223245022
1695,7.20086223245022
1696,7.20086223245022
1697,7.20086223245022
1698,7.20086223245022
1699,7.20086223245022
1700,7.20086223245022
1701,7.20086223245022
1702,7.20086223245022
1703,7.20086223245022
1704,7.20086223245022
1705,7.20086223245022
1706,7.20086223245022
1707,7.20086223245022
1708,7.20086223245022
1709,7.20086223245022
1710,7.20086223245022
1711,7.20086223245022
1712,7.20086223245022
1713,7.20086223245022
1714,7.20086223245022
1715,7.20086223245022
1716,7.20086223245022
1717,7.20086223245022
1718,7.20086223245022
1719,7.20086223245022
1720,7.20086223245022
1721,7.20086223245022
1722,7.20086223245022
1723,7.20086223245022
1724,7.20086223245022
1725,7.20086223245022
1726,7.20086223245022
1727,7.20086223245022
1728,7.20086223245022
1729,7.20086223245022
1730,7.20086223245022
1731,7.20086223245022
1732,7.20086223245022
1733,7.20086223245022
1734,7.20086223245022
1735,7.20086223245022
1736,7.20086223245022
1737,7.20086223245022
1738,7.20086223245022
1739,7.20086223245022
1740,7.20086223245022
1741,7.20086223245022
1742,7.20086223245022
1743,7.20086223245022
1744,7.20086223245022
1745,7.20086223245022
1746,7.20086223245022
1747,7.20086223245022
1748,7.20086223245022
1749,7.20086223245022
1750,7.20086223245022
1751,7.20086223245022
1752,7.20086223245022
1753,7.20086223245022
1754,7.20086223245022
1755,7.20086223245022
1756,7.20086223245022
1757,7.20086223245022
1758,7.20086223245022
1759,7.20086223245022
1760,7.20086223245022
1761,7.20086223245022
1762,7.20086223245022
1763,7.20086223245022
1764,7.20086223245022
1765,7.20086223245022
1766,7.20086223245022
1767,7.20086223245022
1768,7.20086223245022
1769,7.20086223245022
1770,7.20086223245022
1771,7.20086223245022
1772,7.20086223245022
1773,7.20086223245022
1774,7.20086223245022
1775,7.20086223245022
1776,7.20086223245022
1777,7.20086223245022
1778,7.20086223245022
1779,7.20086223245022
1780,7.20086223245022
1781,7.20086223245022
1782,7.20086223245022
1783,7.20086223245022
1784,7.20086223245022
1785,7.20086223245022
1786,7.20086223245022
1787,7.20086223245022
1788,7.20086223245022
1789,7.20086223245022
1790,7.20086223245022
1791,7.20086223245022
1792,7.20086223245022
1793,7.20086223245022
1794,7.20086223245022
1795,7.20086223245022
1796,7.20086223245022
1797,7.20086223245022
1798,7.20086223245022
1799,7.20086223245022
1800,7.20086223245022
1801,7.20086223245022
1802,7.20086223245022
1803,7.20086223245022
1804,7.20086223245022
1805,7.20086223245022
1806,7.20086223245022
1807,7.20086223245022
1808,7.20086223245022
1809,7.20086223245022
1810,7.20086223245022
1811,7.20086223245022
1812,7.20086223245022
1813,7.20086223245022
1814,7.20086223245022
1815,7.20086223245022
1816,7.20086223245022
1817,7.20086223245022
1818,7.20086223245022
1819,7.20086223245022
1820,7.20086223245022
1821,7.20086223245022
1822,7.20086223245022
1823,7.20086223245022
1824,7.20086223245022
1825,7.20086223245022
1826,7.20086223245022
1827,7.20086223245022
1828,7.20086223245022
1829,7.20086223245022
1830,7.20086223245022
1831,7.20086223245022
1832,7.20086223245022
1833,7.20086223245022
1834,7.20086223245022
1835,7.20086223245022
1836,7.20086223245022
1837,7.20086223245022
1838,7.20086223245022
1839,7.20086223245022
1840,7.20086223245022
1841,7.20086223245022
1842,7.20086223245022
1843,7.20086223245022
1844,7.20086223245022
1845,7.20086223245022
1846,7.20086223245022
1847,7.20086223245022
1848,7.20086223245022
1849,7.20086223245022
1850,7.20086223245022
1851,7.20086223245022
1852,7.20086223245022
1853,7.20086223245022
1854,7.20086223245022
1855,7.20086223245022
1856,7.20086223245022
1857,7.20086223245022
1858,7.20086223245022
1859,7.20086223245022
1860,7.20086223245022
1861,7.20086223245022
1862,7.20086223245022
1863,7.20086223245022
1864,7.20086223245022
1865,7.20086223245022
1866,7.20086223245022
1867,7.20086223245022
1868,7.20086223245022
1869,7.20086223245022
1870,7.20086223245022
1871,7.20086223245022
1872,7.20086223245022
1873,7.20086223245022
1874,7.20086223245022
1875,7.20086223245022
1876,7.20086223245022
1877,7.20086223245022
1878,7.20086223245022
1879,7.20086223245022
1880,7.20086223245022
1881,7.20086223245022
1882,7.20086223245022
1883,7.20086223245022
1884,7.20086223245022
1885,7.20086223245022
1886,7.20086223245022
1887,7.20086223245022
1888,7.20086223245022
1889,7.20086223245022
1890,7.20086223245022
1891,7.20086223245022
1892,7.20086223245022
1893,7.20086223245022
1894,7.20086223245022
1895,7.20086223245022
1896,7.20086223245022
1897,7.20086223245022
1898,7.20086223245022
1899,7.20086223245022
1900,7.20086223245022
1901,7.20086223245022
1902,7.20086223245022
1903,7.20086223245022
1904,7.20086223245022
1905,7.20086223245022
1906,7.20086223245022
1907,7.20086223245022
1908,7.20086223245022
1909,7.20086223245022
1910,7.20086223245022
1911,7.20086223245022
1912,7.20086223245022
1913,7.20086223245022
1914,7.20086223245022
1915,7.20086223245022
1916,7.20086223245022
1917,7.20086223245022
1918,7.20086223245022
1919,7.20086223245022
1920,7.20086223245022
1921,7.20086223245022
1922,7.20086223245022
1923,7.20086223245022
1924,7.20086223245022
1925,7.20086223245022
1926,7.20086223245022
1927,7.20086223245022
1928,7.20086223245022
1929,7.20086223245022
1930,7.20086223245022
1931,7.20086223245022
1932,7.20086223245022
1933,7.20086223245022
1934,7.20086223245022
1935,7.20086223245022
1936,7.20086223245022
1937,7.20086223245022
1938,7.20086223245022
1939,7.20086223245022
1940,7.20086223245022
1941,7.20086223245022
1942,7.20086223245022
1943,7.20086223245022
1944,7.20086223245022
1945,7.20086223245022
1946,7.20086223245022
1947,7.20086223245022
1948,7.20086223245022
1949,7.20086223245022
1950,7.20086223245022
1951,7.20086223245022
1952,7.20086223245022
1953,7.20086223245022
1954,7.20086223245022
1955,7.20086223245022
1956,7.20086223245022
1957,7.20086223245022
1958,7.20086223245022
1959,7.20086223245022
1960,7.20086223245022
1961,7.20086223245022
1962,7.20086223245022
1963,7.20086223245022
1964,7.20086223245022
1965,7.20086223245022
1966,7.20086223245022
1967,7.20086223245022
1968,7.20086223245022
1969,7.20086223245022
1970,7.20086223245022
1971,7.20086223245022
1972,7.20086223245022
1973,7.20086223245022
1974,7.20086223245022
1975,7.20086223245022
1976,7.20086223245022
1977,7.20086223245022
1978,7.20086223245022
1979,7.20086223245022
1980,7.20086223245022
1981,7.20086223245022
1982,7.20086223245022
1983,7.20086223245022
1984,7.20086223245022
1985,7.20086223245022
1986,7.20086223245022
1987,7.20086223245022
1988,7.20086223245022
1989,7.20086223245022
1990,7.20086223245022
1991,7.20086223245022
1992,7.20086223245022
1993,7.20086223245022
1994,7.20086223245022
1995,7.20086223245022
1996,7.20086223245022
1997,7.20086223245022
1998,7.20086223245022
1999,7.20086223245022
2000,7.20086223245022
2001,7.20086223245022
2002,7.20086223245022
2003,7.20086223245022
2004,7.20086223245022
2005,7.20086223245022
2006,7.20086223245022
2007,7.20086223245022
2008,7.20086223245022
2009,7.20086223245022
2010,7.20086223245022
2011,7.20086223245022
2012,7.20086223245022
2013,7.20086223245022
2014,7.20086223245022
2015,7.20086223245022
2016,7.20086223245022
2017,7.20086223245022
2018,7.20086223245022
2019,7.20086223245022
2020,7.20086223245022
2021,7.20086223245022
2022,7.20086223245022
2023,7.20086223245022
2024,7.20086223245022
2025,7.20086223245022
2026,7.20086223245022
2027,7.20086223245022
2028,7.20086223245022
2029,7.20086223245022
2030,7.20086223245022
2031,7.20086223245022
2032,7.20086223245022
2033,7.20086223245022
2034,7.20086223245022
2035,7.20086223245022
2036,7.20086223245022
2037,7.20086223245022
2038,7.20086223245022
2039,7.20086223245022
2040,7.20086223245022
2041,7.20086223245022
2042,7.20086223245022
2043,7.20086223245022
2044,7.20086223245022
2045,7.20086223245022
2046,7.20086223245022
2047,7.20086223245022
2048,7.20086223245022
2049,7.20086223245022
2050,7.20086223245022
2051,7.20086223245022
2052,7.20086223245022
2053,7.20086223245022
2054,7.20086223245022
2055,7.20086223245022
2056,7.20086223245022
2057,7.20086223245022
2058,7.20086223245022
2059,7.20086223245022
2060,7.20086223245022
2061,7.20086223245022
2062,7.20086223245022
2063,7.20086223245022
2064,7.20086223245022
2065,7.20086223245022
2066,7.20086223245022
2067,7.20086223245022
2068,7.20086223245022
2069,7.20086223245022
2070,7.20086223245022
2071,7.20086223245022
2072,7.20086223245022
2073,7.20086223245022
2074,7.20086223245022
2075,7.20086223245022
2076,7.20086223245022
2077,7.20086223245022
2078,7.20086223245022
2079,7.20086223245022
2080,7.20086223245022
2081,7.20086223245022
2082,7.20086223245022
2083,7.20086223245022
2084,7.20086223245022
2085,7.20086223245022
2086,7.20086223245022
2087,7.20086223245022
2088,7.20086223245022
2089,7.20086223245022
2090,7.20086223245022
2091,7.20086223245022
2092,7.20086223245022
2093,7.20086223245022
2094,7.20086223245022
2095,7.20086223245022
2096,7.20086223245022
2097,7.20086223245022
2098,7.20086223245022
2099,7.20086223245022
2100,7.20086223245022
2101,7.20086223245022
2102,7.20086223245022
2103,7.20086223245022
2104,7.20086223245022
2105,7.20086223245022
2106,7.20086223245022
2107,7.20086223245022
2108,7.20086223245022
2109,7.20086223245022
2110,7.20086223245022
2111,7.20086223245022
2112,7.20086223245022
2113,7.20086223245022
2114,7.20086223245022
2115,7.20086223245022
2116,7.20086223245022
2117,7.20086223245022
2118,7.20086223245022
2119,7.20086223245022
2120,7.20086223245022
2121,7.20086223245022
2122,7.20086223245022
2123,7.20086223245022
2124,7.20086223245022
2125,7.20086223245022
2126,7.20086223245022
2127,7.20086223245022
2128,7.20086223245022
2129,7.20086223245022
2130,7.20086223245022
2131,7.20086223245022
2132,7.20086223245022
2133,7.20086223245022
2134,7.20086223245022
2135,7.20086223245022
2136,7.20086223245022
2137,7.20086223245022
2138,7.20086223245022
2139,7.20086223245022
2140,7.20086223245022
2141,7.20086223245022
2142,7.20086223245022
2143,7.20086223245022
2144,7.20086223245022
2145,7.20086223245022
2146,7.20086223245022
2147,7.20086223245022
2148,7.20086223245022
2149,7.20086223245022
2150,7.20086223245022
2151,7.20086223245022
2152,7.20086223245022
2153,7.20086223245022
2154,7.20086223245022
2155,7.20086223245022
2156,7.20086223245022
2157,7.20086223245022
2158,7.20086223245022
2159,7.20086223245022
2160,7.20086223245022
2161,7.20086223245022
2162,7.20086223245022
2163,7.20086223245022
2164,7.20086223245022
2165,7.20086223245022
2166,7.20086223245022
2167,7.20086223245022
2168,7.20086223245022
2169,7.20086223245022
2170,7.20086223245022
2171,7.20086223245022
2172,7.20086223245022
2173,7.20086223245022
2174,7.20086223245022
2175,7.20086223245022
2176,7.20086223245022
2177,7.20086223245022
2178,7.20086223245022
2179,7.20086223245022
2180,7.20086223245022
2181,7.20086223245022
2182,7.20086223245022
2183,7.20086223245022
2184,7.20086223245022
2185,7.20086223245022
2186,7.20086223245022
2187,7.20086223245022
2188,7.20086223245022
2189,7.20086223245022
2190,7.20086223245022
2191,7.20086223245022
2192,7.20086223245022
2193,7.20086223245022
2194,7.20086223245022
2195,7.20086223245022
2196,7.20086223245022
2197,7.20086223245022
2198,7.20086223245022
2199,7.20086223245022
2200,7.20086223245022
2201,7.20086223245022
2202,7.20086223245022
2203,7.20086223245022
2204,7.20086223245022
2205,7.20086223245022
2206,7.20086223245022
2207,7.20086223245022
2208,7.20086223245022
2209,7.20086223245022
2210,7.20086223245022
2211,7.20086223245022
2212,7.20086223245022
2213,7.20086223245022
2214,7.20086223245022
2215,7.20086223245022
2216,7.20086223245022
2217,7.20086223245022
2218,7.20086223245022
2219,7.20086223245022
2220,7.20086223245022
2221,7.20086223245022
2222,7.20086223245022
2223,7.20086223245022
2224,7.20086223245022
2225,7.20086223245022
2226,7.20086223245022
2227,7.20086223245022
2228,7.20086223245022
2229,7.20086223245022
2230,7.20086223245022
2231,7.20086223245022
2232,7.20086223245022
2233,7.20086223245022
2234,7.20086223245022
2235,7.20086223245022
2236,7.20086223245022
2237,7.20086223245022
2238,7.20086223245022
2239,7.20086223245022
2240,7.20086223245022
2241,7.20086223245022
2242,7.20086223245022
2243,7.20086223245022
2244,7.20086223245022
2245,7.20086223245022
2246,7.20086223245022
2247,7.20086223245022
2248,7.20086223245022
2249,7.20086223245022
2250,7.20086223245022
2251,7.20086223245022
2252,7.20086223245022
2253,7.20086223245022
2254,7.20086223245022
2255,7.20086223245022
2256,7.20086223245022
2257,7.20086223245022
2258,7.20086223245022
2259,7.20086223245022
2260,7.20086223245022
2261,7.20086223245022
2262,7.20086223245022
2263,7.20086223245022
2264,7.20086223245022
2265,7.20086223245022
2266,7.20086223245022
2267,7.20086223245022
2268,7.20086223245022
2269,7.20086223245022
2270,7.20086223245022
2271,7.20086223245022
2272,7.20086223245022
2273,7.20086223245022
2274,7.20086223245022
2275,7.20086223245022
2276,7.20086223245022
2277,7.20086223245022
2278,7.20086223245022
2279,7.20086223245022
2280,7.20086223245022
2281,7.20086223245022
2282,7.20086223245022
2283,7.20086223245022
2284,7.20086223245022
2285,7.20086223245022
2286,7.20086223245022
2287,7.20086223245022
2288,7.20086223245022
2289,7.20086223245022
2290,7.20086223245022
2291,7.20086223245022
2292,7.20086223245022
2293,7.20086223245022
2294,7.20086223245022
2295,7.20086223245022
2296,7.20086223245022
2297,7.20086223245022
2298,7.20086223245022
2299,7.20086223245022
2300,7.20086223245022
2301,7.20086223245022
2302,7.20086223245022
2303,7.20086223245022
2304,7.20086223245022
2305,7.20086223245022
2306,7.20086223245022
2307,7.20086223245022
2308,7.20086223245022
2309,7.20086223245022
2310,7.20086223245022
2311,7.20086223245022
2312,7.20086223245022
2313,7.20086223245022
2314,7.20086223245022
2315,7.20086223245022
2316,7.20086223245022
2317,7.20086223245022
2318,7.20086223245022
2319,7.20086223245022
2320,7.20086223245022
2321,7.20086223245022
2322,7.20086223245022
2323,7.20086223245022
2324,7.20086223245022
2325,7.20086223245022
2326,7.20086223245022
2327,7.20086223245022
2328,7.20086223245022
2329,7.20086223245022
2330,7.20086223245022
2331,7.20086223245022
2332,7.20086223245022
2333,7.20086223245022
2334,7.20086223245022
2335,7.20086223245022
2336,7.20086223245022
2337,7.20086223245022
2338,7.20086223245022
2339,7.20086223245022
2340,7.20086223245022
2341,7.20086223245022
2342,7.20086223245022
2343,7.20086223245022
2344,7.20086223245022
2345,7.20086223245022
2346,7.20086223245022
2347,7.20086223245022
2348,7.20086223245022
2349,7.20086223245022
2350,7.20086223245022
2351,7.20086223245022
2352,7.20086223245022
2353,7.20086223245022
2354,7.20086223245022
2355,7.20086223245022
2356,7.20086223245022
2357,7.20086223245022
2358,7.20086223245022
2359,7.20086223245022
2360,7.20086223245022
2361,7.20086223245022
2362,7.20086223245022
2363,7.20086223245022
2364,7.20086223245022
2365,7.20086223245022
2366,7.20086223245022
2367,7.20086223245022
2368,7.20086223245022
2369,7.20086223245022
2370,7.20086223245022
2371,7.20086223245022
2372,7.20086223245022
2373,7.20086223245022
2374,7.20086223245022
2375,7.20086223245022
2376,7.20086223245022
2377,7.20086223245022
2378,7.20086223245022
2379,7.20086223245022
2380,7.20086223245022
2381,7.20086223245022
2382,7.20086223245022
2383,7.20086223245022
2384,7.20086223245022
2385,7.20086223245022
2386,7.20086223245022
2387,7.20086223245022
2388,7.20086223245022
2389,7.20086223245022
2390,7.20086223245022
2391,7.20086223245022
2392,7.20086223245022
2393,7.20086223245022
2394,7.20086223245022
2395,7.20086223245022
2396,7.20086223245022
2397,7.20086223245022
2398,7.20086223245022
2399,7.20086223245022
2400,7.20086223245022
2401,7.20086223245022
2402,7.20086223245022
2403,7.20086223245022
2404,7.20086223245022
2405,7.20086223245022
2406,7.20086223245022
2407,7.20086223245022
2408,7.20086223245022
2409,7.20086223245022
2410,7.20086223245022
2411,7.20086223245022
2412,7.20086223245022
2413,7.20086223245022
2414,7.20086223245022
2415,7.20086223245022
2416,7.20086223245022
2417,7.20086223245022
2418,7.20086223245022
2419,7.20086223245022
2420,7.20086223245022
2421,7.20086223245022
2422,7.20086223245022
2423,7.20086223245022
2424,7.20086223245022
2425,7.20086223245022
2426,7.20086223245022
2427,7.20086223245022
2428,7.20086223245022
2429,7.20086223245022
2430,7.20086223245022
2431,7.20086223245022
2432,7.20086223245022
2433,7.20086223245022
2434,7.20086223245022
2435,7.20086223245022
2436,7.20086223245022
2437,7.20086223245022
2438,7.20086223245022
2439,7.20086223245022
2440,7.20086223245022
2441,7.20086223245022
2442,7.20086223245022
2443,7.20086223245022
2444,7.20086223245022
2445,7.20086223245022
2446,7.20086223245022
2447,7.20086223245022
2448,7.20086223245022
2449,7.20086223245022
2450,7.20086223245022
2451,7.20086223245022
2452,7.20086223245022
2453,7.20086223245022
2454,7.20086223245022
2455,7.20086223245022
2456,7.20086223245022
2457,7.20086223245022
2458,7.20086223245022
2459,7.20086223245022
2460,7.20086223245022
2461,7.20086223245022
2462,7.20086223245022
2463,7.20086223245022
2464,7.20086223245022
2465,7.20086223245022
2466,7.20086223245022
2467,7.20086223245022
2468,7.20086223245022
2469,7.20086223245022
2470,7.20086223245022
2471,7.20086223245022
2472,7.20086223245022
2473,7.20086223245022
2474,7.20086223245022
2475,7.20086223245022
2476,7.20086223245022
2477,7.20086223245022
2478,7.20086223245022
2479,7.20086223245022
2480,7.20086223245022
2481,7.20086223245022
2482,7.20086223245022
2483,7.20086223245022
2484,7.20086223245022
2485,7.20086223245022
2486,7.20086223245022
2487,7.20086223245022
2488,7.20086223245022
2489,7.20086223245022
2490,7.20086223245022
2491,7.20086223245022
2492,7.20086223245022
2493,7.20086223245022
2494,7.20086223245022
2495,7.20086223245022
2496,7.20086223245022
2497,7.20086223245022
2498,7.20086223245022
2499,7.20086223245022
2500,7.20086223245022
2501,7.20086223245022
2502,7.20086223245022
2503,7.20086223245022
2504,7.20086223245022
2505,7.20086223245022
2506,7.20086223245022
2507,7.20086223245022
2508,7.20086223245022
2509,7.20086223245022
2510,7.20086223245022
2511,7.20086223245022
2512,7.20086223245022
2513,7.20086223245022
2514,7.20086223245022
2515,7.20086223245022
2516,7.20086223245022
2517,7.20086223245022
2518,7.20086223245022
2519,7.20086223245022
2520,7.20086223245022
2521,7.20086223245022
2522,7.20086223245022
2523,7.20086223245022
2524,7.20086223245022
2525,7.20086223245022
2526,7.20086223245022
2527,7.20086223245022
2528,7.20086223245022
2529,7.20086223245022
2530,7.20086223245022
2531,7.20086223245022
2532,7.20086223245022
2533,7.20086223245022
2534,7.20086223245022
2535,7.20086223245022
2536,7.20086223245022
2537,7.20086223245022
2538,7.20086223245022
2539,7.20086223245022
2540,7.20086223245022
2541,7.20086223245022
2542,7.20086223245022
2543,7.20086223245022
2544,7.20086223245022
2545,7.20086223245022
2546,7.20086223245022
2547,7.20086223245022
2548,7.20086223245022
2549,7.20086223245022
2550,7.20086223245022
2551,7.20086223245022
2552,7.20086223245022
2553,7.20086223245022
2554,7.20086223245022
2555,7.20086223245022
2556,7.20086223245022
2557,7.20086223245022
2558,7.20086223245022
2559,7.20086223245022
2560,7.20086223245022
2561,7.20086223245022
2562,7.20086223245022
2563,7.20086223245022
2564,7.20086223245022
2565,7.20086223245022
2566,7.20086223245022
2567,7.20086223245022
2568,7.20086223245022
2569,7.20086223245022
2570,7.20086223245022
2571,7.20086223245022
2572,7.20086223245022
2573,7.20086223245022
2574,7.20086223245022
2575,7.20086223245022
2576,7.20086223245022
2577,7.20086223245022
2578,7.20086223245022
2579,7.20086223245022
2580,7.20086223245022
2581,7.20086223245022
2582,7.20086223245022
2583,7.20086223245022
2584,7.20086223245022
2585,7.20086223245022
2586,7.20086223245022
2587,7.20086223245022
2588,7.20086223245022
2589,7.20086223245022
2590,7.20086223245022
2591,7.20086223245022
2592,7.20086223245022
2593,7.20086223245022
2594,7.20086223245022
2595,7.20086223245022
2596,7.20086223245022
2597,7.20086223245022
2598,7.20086223245022
2599,7.20086223245022
2600,7.20086223245022
2601,7.20086223245022
2602,7.20086223245022
2603,7.20086223245022
2604,7.20086223245022
2605,7.20086223245022
2606,7.20086223245022
2607,7.20086223245022
2608,7.20086223245022
2609,7.20086223245022
2610,7.20086223245022
2611,7.20086223245022
2612,7.20086223245022
2613,7.20086223245022
2614,7.20086223245022
2615,7.20086223245022
2616,7.20086223245022
2617,7.20086223245022
2618,7.20086223245022
2619,7.20086223245022
2620,7.20086223245022
2621,7.20086223245022
2622,7.20086223245022
2623,7.20086223245022
2624,7.20086223245022
2625,7.20086223245022
2626,7.20086223245022
2627,7.20086223245022
2628,7.20086223245022
2629,7.20086223245022
2630,7.20086223245022
2631,7.20086223245022
2632,7.20086223245022
2633,7.20086223245022
2634,7.20086223245022
2635,7.20086223245022
2636,7.20086223245022
2637,7.20086223245022
2638,7.20086223245022
2639,7.20086223245022
2640,7.20086223245022
2641,7.20086223245022
2642,7.20086223245022
2643,7.20086223245022
2644,7.20086223245022
2645,7.20086223245022
2646,7.20086223245022
2647,7.20086223245022
2648,7.20086223245022
2649,7.20086223245022
2650,7.20086223245022
2651,7.20086223245022
2652,7.20086223245022
2653,7.20086223245022
2654,7.20086223245022
2655,7.20086223245022
2656,7.20086223245022
2657,7.20086223245022
2658,7.20086223245022
2659,7.20086223245022
2660,7.20086223245022
2661,7.20086223245022
2662,7.20086223245022
2663,7.20086223245022
2664,7.20086223245022
2665,7.20086223245022
2666,7.20086223245022
2667,7.20086223245022
2668,7.20086223245022
2669,7.20086223245022
2670,7.20086223245022
2671,7.20086223245022
2672,7.20086223245022
2673,7.20086223245022
2674,7.20086223245022
2675,7.20086223245022
2676,7.20086223245022
2677,7.20086223245022
2678,7.20086223245022
2679,7.20086223245022
2680,7.20086223245022
2681,7.20086223245022
2682,7.20086223245022
2683,7.20086223245022
2684,7.20086223245022
2685,7.20086223245022
2686,7.20086223245022
2687,7.20086223245022
2688,7.20086223245022
2689,7.20086223245022
2690,7.20086223245022
2691,7.20086223245022
2692,7.20086223245022
2693,7.20086223245022
2694,7.20086223245022
2695,7.20086223245022
2696,7.20086223245022
2697,7.20086223245022
2698,7.20086223245022
2699,7.20086223245022
2700,7.20086223245022
2701,7.20086223245022
2702,7.20086223245022
2703,7.20086223245022
2704,7.20086223245022
2705,7.20086223245022
2706,7.20086223245022
2707,7.20086223245022
2708,7.20086223245022
2709,7.20086223245022
2710,7.20086223245022
2711,7.20086223245022
2712,7.20086223245022
2713,7.20086223245022
2714,7.20086223245022
2715,7.20086223245022
2716,7.20086223245022
2717,7.20086223245022
2718,7.20086223245022
2719,7.20086223245022
2720,7.20086223245022
2721,7.20086223245022
2722,7.20086223245022
2723,7.20086223245022
2724,7.20086223245022
2725,7.20086223245022
2726,7.20086223245022
2727,7.20086223245022
2728,7.20086223245022
2729,7.20086223245022
2730,7.20086223245022
2731,7.20086223245022
2732,7.20086223245022
2733,7.20086223245022
2734,7.20086223245022
2735,7.20086223245022
2736,7.20086223245022
2737,7.20086223245022
2738,7.20086223245022
2739,7.20086223245022
2740,7.20086223245022
2741,7.20086223245022
2742,7.20086223245022
2743,7.20086223245022
2744,7.20086223245022
2745,7.20086223245022
2746,7.20086223245022
2747,7.20086223245022
2748,7.20086223245022
2749,7.20086223245022
2750,7.20086223245022
2751,7.20086223245022
2752,7.20086223245022
2753,7.20086223245022
2754,7.20086223245022
2755,7.20086223245022
2756,7.20086223245022
2757,7.20086223245022
2758,7.20086223245022
2759,7.20086223245022
2760,7.20086223245022
2761,7.20086223245022
2762,7.20086223245022
2763,7.20086223245022
2764,7.20086223245022
2765,7.20086223245022
2766,7.20086223245022
2767,7.20086223245022
2768,7.20086223245022
2769,7.20086223245022
2770,7.20086223245022
2771,7.20086223245022
2772,7.20086223245022
2773,7.20086223245022
2774,7.20086223245022
2775,7.20086223245022
2776,7.20086223245022
2777,7.20086223245022
2778,7.20086223245022
2779,7.20086223245022
2780,7.20086223245022
2781,7.20086223245022
2782,7.20086223245022
2783,7.20086223245022
2784,7.20086223245022
2785,7.20086223245022
2786,7.20086223245022
2787,7.20086223245022
2788,7.20086223245022
2789,7.20086223245022
2790,7.20086223245022
2791,7.20086223245022
2792,7.20086223245022
2793,7.20086223245022
2794,7.20086223245022
2795,7.20086223245022
2796,7.20086223245022
2797,7.20086223245022
2798,7.20086223245022
2799,7.20086223245022
2800,7.20086223245022
2801,7.20086223245022
2802,7.20086223245022
2803,7.20086223245022
2804,7.20086223245022
2805,7.20086223245022
2806,7.20086223245022
2807,7.20086223245022
2808,7.20086223245022
2809,7.20086223245022
2810,7.20086223245022
2811,7.20086223245022
2812,7.20086223245022
2813,7.20086223245022
2814,7.20086223245022
2815,7.20086223245022
2816,7.20086223245022
2817,7.20086223245022
2818,7.20086223245022
2819,7.20086223245022
2820,7.20086223245022
2821,7.20086223245022
2822,7.20086223245022
2823,7.20086223245022
2824,7.20086223245022
2825,7.20086223245022
2826,7.20086223245022
2827,7.20086223245022
2828,7.20086223245022
2829,7.20086223245022
2830,7.20086223245022
2831,7.20086223245022
2832,7.20086223245022
2833,7.20086223245022
2834,7.20086223245022
2835,7.20086223245022
2836,7.20086223245022
2837,7.20086223245022
2838,7.20086223245022
2839,7.20086223245022
2840,7.20086223245022
2841,7.20086223245022
2842,7.20086223245022
2843,7.20086223245022
2844,7.20086223245022
2845,7.20086223245022
2846,7.20086223245022
2847,7.20086223245022
2848,7.20086223245022
2849,7.20086223245022
2850,7.20086223245022
2851,7.20086223245022
2852,7.20086223245022
2853,7.20086223245022
2854,7.20086223245022
2855,7.20086223245022
2856,7.20086223245022
2857,7.20086223245022
2858,7.20086223245022
2859,7.20086223245022
2860,7.20086223245022
2861,7.20086223245022
2862,7.20086223245022
2863,7.20086223245022
2864,7.20086223245022
2865,7.20086223245022
2866,7.20086223245022
2867,7.20086223245022
2868,7.20086223245022
2869,7.20086223245022
2870,7.20086223245022
2871,7.20086223245022
2872,7.20086223245022
2873,7.20086223245022
2874,7.20086223245022
2875,7.20086223245022
2876,7.20086223245022
2877,7.20086223245022
2878,7.20086223245022
2879,7.20086223245022
2880,7.20086223245022
2881,7.20086223245022
2882,7.20086223245022
2883,7.20086223245022
2884,7.20086223245022
2885,7.20086223245022
2886,7.20086223245022
2887,7.20086223245022
2888,7.20086223245022
2889,7.20086223245022
2890,7.20086223245022
2891,7.20086223245022
2892,7.20086223245022
2893,7.20086223245022
2894,7.20086223245022
2895,7.20086223245022
2896,7.20086223245022
2897,7.20086223245022
2898,7.20086223245022
2899,7.20086223245022
2900,7.20086223245022
2901,7.20086223245022
2902,7.20086223245022
2903,7.20086223245022
2904,7.20086223245022
2905,7.20086223245022
2906,7.20086223245022
2907,7.20086223245022
2908,7.20086223245022
2909,7.20086223245022
2910,7.20086223245022
2911,7.20086223245022
2912,7.20086223245022
2913,7.20086223245022
2914,7.20086223245022
2915,7.20086223245022
2916,7.20086223245022
2917,7.20086223245022
2918,7.20086223245022
2919,7.20086223245022
2920,7.20086223245022
2921,7.20086223245022
2922,7.20086223245022
2923,7.20086223245022
2924,7.20086223245022
2925,7.20086223245022
2926,7.20086223245022
2927,7.20086223245022
2928,7.20086223245022
2929,7.20086223245022
2930,7.20086223245022
2931,7.20086223245022
2932,7.20086223245022
2933,7.20086223245022
2934,7.20086223245022
2935,7.20086223245022
2936,7.20086223245022
2937,7.20086223245022
2938,7.20086223245022
2939,7.20086223245022
2940,7.20086223245022
2941,7.20086223245022
2942,7.20086223245022
2943,7.20086223245022
2944,7.20086223245022
2945,7.20086223245022
2946,7.20086223245022
2947,7.20086223245022
2948,7.20086223245022
2949,7.20086223245022
2950,7.20086223245022
2951,7.20086223245022
2952,7.20086223245022
2953,7.20086223245022
2954,7.20086223245022
2955,7.20086223245022
2956,7.20086223245022
2957,7.20086223245022
2958,7.20086223245022
2959,7.20086223245022
2960,7.20086223245022
2961,7.20086223245022
2962,7.20086223245022
2963,7.20086223245022
2964,7.20086223245022
2965,7.20086223245022
2966,7.20086223245022
2967,7.20086223245022
2968,7.20086223245022
2969,7.20086223245022
2970,7.20086223245022
2971,7.20086223245022
2972,7.20086223245022
2973,7.20086223245022
2974,7.20086223245022
2975,7.20086223245022
2976,7.20086223245022
2977,7.20086223245022
2978,7.20086223245022
2979,7.20086223245022
2980,7.20086223245022
2981,7.20086223245022
2982,7.20086223245022
2983,7.20086223245022
2984,7.20086223245022
2985,7.20086223245022
2986,7.20086223245022
2987,7.20086223245022
2988,7.20086223245022
2989,7.20086223245022
2990,7.20086223245022
2991,7.20086223245022
2992,7.20086223245022
2993,7.20086223245022
2994,7.20086223245022
2995,7.20086223245022
2996,7.20086223245022
2997,7.20086223245022
2998,7.20086223245022
2999,7.20086223245022
3000,7.20086223245022
3001,7.20086223245022
3002,7.20086223245022
3003,7.20086223245022
3004,7.20086223245022
3005,7.20086223245022
3006,7.20086223245022
3007,7.20086223245022
3008,7.20086223245022
3009,7.20086223245022
3010,7.20086223245022
3011,7.20086223245022
3012,7.20086223245022
3013,7.20086223245022
3014,7.20086223245022
3015,7.20086223245022
3016,7.20086223245022
3017,7.20086223245022
3018,7.20086223245022
3019,7.20086223245022
3020,7.20086223245022
3021,7.20086223245022
3022,7.20086223245022
3023,7.20086223245022
3024,7.20086223245022
3025,7.20086223245022
3026,7.20086223245022
3027,7.20086223245022
3028,7.20086223245022
3029,7.20086223245022
3030,7.20086223245022
3031,7.20086223245022
3032,7.20086223245022
3033,7.20086223245022
3034,7.20086223245022
3035,7.20086223245022
3036,7.20086223245022
3037,7.20086223245022
3038,7.20086223245022
3039,7.20086223245022
3040,7.20086223245022
3041,7.20086223245022
3042,7.20086223245022
3043,7.20086223245022
3044,7.20086223245022
3045,7.20086223245022
3046,7.20086223245022
3047,7.20086223245022
3048,7.20086223245022
3049,7.20086223245022
3050,7.20086223245022
3051,7.20086223245022
3052,7.20086223245022
3053,7.20086223245022
3054,7.20086223245022
3055,7.20086223245022
3056,7.20086223245022
3057,7.20086223245022
3058,7.20086223245022
3059,7.20086223245022
3060,7.20086223245022
3061,7.20086223245022
3062,7.20086223245022
3063,7.20086223245022
3064,7.20086223245022
3065,7.20086223245022
3066,7.20086223245022
3067,7.20086223245022
3068,7.20086223245022
3069,7.20086223245022
3070,7.20086223245022
3071,7.20086223245022
3072,7.20086223245022
3073,7.20086223245022
3074,7.20086223245022
3075,7.20086223245022
3076,7.20086223245022
3077,7.20086223245022
3078,7.20086223245022
3079,7.20086223245022
3080,7.20086223245022
3081,7.20086223245022
3082,7.20086223245022
3083,7.20086223245022
3084,7.20086223245022
3085,7.20086223245022
3086,7.20086223245022
3087,7.20086223245022
3088,7.20086223245022
3089,7.20086223245022
3090,7.20086223245022
3091,7.20086223245022
3092,7.20086223245022
3093,7.20086223245022
3094,7.20086223245022
3095,7.20086223245022
3096,7.20086223245022
3097,7.20086223245022
3098,7.20086223245022
3099,7.20086223245022
3100,7.20086223245022
3101,7.20086223245022
3102,7.20086223245022
3103,7.20086223245022
3104,7.20086223245022
3105,7.20086223245022
3106,7.20086223245022
3107,7.20086223245022
3108,7.20086223245022
3109,7.20086223245022
3110,7.20086223245022
3111,7.20086223245022
3112,7.20086223245022
3113,7.20086223245022
3114,7.20086223245022
3115,7.20086223245022
3116,7.20086223245022
3117,7.20086223245022
3118,7.20086223245022
3119,7.20086223245022
3120,7.20086223245022
3121,7.20086223245022
3122,7.20086223245022
3123,7.20086223245022
3124,7.20086223245022
3125,7.20086223245022
3126,7.20086223245022
3127,7.20086223245022
3128,7.20086223245022
3129,7.20086223245022
3130,7.20086223245022
3131,7.20086223245022
3132,7.20086223245022
3133,7.20086223245022
3134,7.20086223245022
3135,7.20086223245022
3136,7.20086223245022
3137,7.20086223245022
3138,7.20086223245022
3139,7.20086223245022
3140,7.20086223245022
3141,7.20086223245022
3142,7.20086223245022
3143,7.20086223245022
3144,7.20086223245022
3145,7.20086223245022
3146,7.20086223245022
3147,7.20086223245022
3148,7.20086223245022
3149,7.20086223245022
3150,7.20086223245022
3151,7.20086223245022
3152,7.20086223245022
3153,7.20086223245022
3154,7.20086223245022
3155,7.20086223245022
3156,7.20086223245022
3157,7.20086223245022
3158,7.20086223245022
3159,7.20086223245022
3160,7.20086223245022
3161,7.20086223245022
3162,7.20086223245022
3163,7.20086223245022
3164,7.20086223245022
3165,7.20086223245022
3166,7.20086223245022
3167,7.20086223245022
3168,7.20086223245022
3169,7.20086223245022
3170,7.20086223245022
3171,7.20086223245022
3172,7.20086223245022
3173,7.20086223245022
3174,7.20086223245022
3175,7.20086223245022
3176,7.20086223245022
3177,7.20086223245022
3178,7.20086223245022
3179,7.20086223245022
3180,7.20086223245022
3181,7.20086223245022
3182,7.20086223245022
3183,7.20086223245022
3184,7.20086223245022
3185,7.20086223245022
3186,7.20086223245022
3187,7.20086223245022
3188,7.20086223245022
3189,7.20086223245022
3190,7.20086223245022
3191,7.20086223245022
3192,7.20086223245022
3193,7.20086223245022
3194,7.20086223245022
3195,7.20086223245022
3196,7.20086223245022
3197,7.20086223245022
3198,7.20086223245022
3199,7.20086223245022
3200,7.20086223245022
3201,7.20086223245022
3202,7.20086223245022
3203,7.20086223245022
3204,7.20086223245022
3205,7.20086223245022
3206,7.20086223245022
3207,7.20086223245022
3208,7.20086223245022
3209,7.20086223245022
3210,7.20086223245022
3211,7.20086223245022
3212,7.20086223245022
3213,7.20086223245022
3214,7.20086223245022
3215,7.20086223245022
3216,7.20086223245022
3217,7.20086223245022
3218,7.20086223245022
3219,7.20086223245022
3220,7.20086223245022
3221,7.20086223245022
3222,7.20086223245022
3223,7.20086223245022
3224,7.20086223245022
3225,7.20086223245022
3226,7.20086223245022
3227,7.20086223245022
3228,7.20086223245022
3229,7.20086223245022
3230,7.20086223245022
3231,7.20086223245022
3232,7.20086223245022
3233,7.20086223245022
3234,7.20086223245022
3235,7.20086223245022
3236,7.20086223245022
3237,7.20086223245022
3238,7.20086223245022
3239,7.20086223245022
3240,7.20086223245022
3241,7.20086223245022
3242,7.20086223245022
3243,7.20086223245022
3244,7.20086223245022
3245,7.20086223245022
3246,7.20086223245022
3247,7.20086223245022
3248,7.20086223245022
3249,7.20086223245022
3250,7.20086223245022
3251,7.20086223245022
3252,7.20086223245022
3253,7.20086223245022
3254,7.20086223245022
3255,7.20086223245022
3256,7.20086223245022
3257,7.20086223245022
3258,7.20086223245022
3259,7.20086223245022
3260,7.20086223245022
3261,7.20086223245022
3262,7.20086223245022
3263,7.20086223245022
3264,7.20086223245022
3265,7.20086223245022
3266,7.20086223245022
3267,7.20086223245022
3268,7.20086223245022
3269,7.20086223245022
3270,7.20086223245022
3271,7.20086223245022
3272,7.20086223245022
3273,7.20086223245022
3274,7.20086223245022
3275,7.20086223245022
3276,7.20086223245022
3277,7.20086223245022
3278,7.20086223245022
3279,7.20086223245022
3280,7.20086223245022
3281,7.20086223245022
3282,7.20086223245022
3283,7.20086223245022
3284,7.20086223245022
3285,7.20086223245022
3286,7.20086223245022
3287,7.20086223245022
3288,7.20086223245022
3289,7.20086223245022
3290,7.20086223245022
3291,7.20086223245022
3292,7.20086223245022
3293,7.20086223245022
3294,7.20086223245022
3295,7.20086223245022
3296,7.20086223245022
3297,7.20086223245022
3298,7.20086223245022
3299,7.20086223245022
3300,7.20086223245022
3301,7.20086223245022
3302,7.20086223245022
3303,7.20086223245022
3304,7.20086223245022
3305,7.20086223245022
3306,7.20086223245022
3307,7.20086223245022
3308,7.20086223245022
3309,7.20086223245022
3310,7.20086223245022
3311,7.20086223245022
3312,7.20086223245022
3313,7.20086223245022
3314,7.20086223245022
3315,7.20086223245022
3316,7.20086223245022
3317,7.20086223245022
3318,7.20086223245022
3319,7.20086223245022
3320,7.20086223245022
3321,7.20086223245022
3322,7.20086223245022
3323,7.20086223245022
3324,7.20086223245022
3325,7.20086223245022
3326,7.20086223245022
3327,7.20086223245022
3328,7.20086223245022
3329,7.20086223245022
3330,7.20086223245022
3331,7.20086223245022
3332,7.20086223245022
3333,7.20086223245022
3334,7.20086223245022
3335,7.20086223245022
3336,7.20086223245022
3337,7.20086223245022
3338,7.20086223245022
3339,7.20086223245022
3340,7.20086223245022
3341,7.20086223245022
3342,7.20086223245022
3343,7.20086223245022
3344,7.20086223245022
3345,7.20086223245022
3346,7.20086223245022
3347,7.20086223245022
3348,7.20086223245022
3349,7.20086223245022
3350,7.20086223245022
3351,7.20086223245022
3352,7.20086223245022
3353,7.20086223245022
3354,7.20086223245022
3355,7.20086223245022
3356,7.20086223245022
3357,7.20086223245022
3358,7.20086223245022
3359,7.20086223245022
3360,7.20086223245022
3361,7.20086223245022
3362,7.20086223245022
3363,7.20086223245022
3364,7.20086223245022
3365,7.20086223245022
3366,7.20086223245022
3367,7.20086223245022
3368,7.20086223245022
3369,7.20086223245022
3370,7.20086223245022
3371,7.20086223245022
3372,7.20086223245022
3373,7.20086223245022
3374,7.20086223245022
3375,7.20086223245022
3376,7.20086223245022
3377,7.20086223245022
3378,7.20086223245022
3379,7.20086223245022
3380,7.20086223245022
3381,7.20086223245022
3382,7.20086223245022
3383,7.20086223245022
3384,7.20086223245022
3385,7.20086223245022
3386,7.20086223245022
3387,7.20086223245022
3388,7.20086223245022
3389,7.20086223245022
3390,7.20086223245022
3391,7.20086223245022
3392,7.20086223245022
3393,7.20086223245022
3394,7.20086223245022
3395,7.20086223245022
3396,7.20086223245022
3397,7.20086223245022
3398,7.20086223245022
3399,7.20086223245022
3400,7.20086223245022
3401,7.20086223245022
3402,7.20086223245022
3403,7.20086223245022
3404,7.20086223245022
3405,7.20086223245022
3406,7.20086223245022
3407,7.20086223245022
3408,7.20086223245022
3409,7.20086223245022
3410,7.20086223245022
3411,7.20086223245022
3412,7.20086223245022
3413,7.20086223245022
3414,7.20086223245022
3415,7.20086223245022
3416,7.20086223245022
3417,7.20086223245022
3418,7.20086223245022
3419,7.20086223245022
3420,7.20086223245022
3421,7.20086223245022
3422,7.20086223245022
3423,7.20086223245022
3424,7.20086223245022
3425,7.20086223245022
3426,7.20086223245022
3427,7.20086223245022
3428,7.20086223245022
3429,7.20086223245022
3430,7.20086223245022
3431,7.20086223245022
3432,7.20086223245022
3433,7.20086223245022
3434,7.20086223245022
3435,7.20086223245022
3436,7.20086223245022
3437,7.20086223245022
3438,7.20086223245022
3439,7.20086223245022
3440,7.20086223245022
3441,7.20086223245022
3442,7.20086223245022
3443,7.20086223245022
3444,7.20086223245022
3445,7.20086223245022
3446,7.20086223245022
3447,7.20086223245022
3448,7.20086223245022
3449,7.20086223245022
3450,7.20086223245022
3451,7.20086223245022
3452,7.20086223245022
3453,7.20086223245022
3454,7.20086223245022
3455,7.20086223245022
3456,7.20086223245022
3457,7.20086223245022
3458,7.20086223245022
3459,7.20086223245022
3460,7.20086223245022
3461,7.20086223245022
3462,7.20086223245022
3463,7.20086223245022
3464,7.20086223245022
3465,7.20086223245022
3466,7.20086223245022
3467,7.20086223245022
3468,7.20086223245022
3469,7.20086223245022
3470,7.20086223245022
3471,7.20086223245022
3472,7.20086223245022
3473,7.20086223245022
3474,7.20086223245022
3475,7.20086223245022
3476,7.20086223245022
3477,7.20086223245022
3478,7.20086223245022
3479,7.20086223245022
3480,7.20086223245022
3481,7.20086223245022
3482,7.20086223245022
3483,7.20086223245022
3484,7.20086223245022
3485,7.20086223245022
3486,7.20086223245022
3487,7.20086223245022
3488,7.20086223245022
3489,7.20086223245022
3490,7.20086223245022
3491,7.20086223245022
3492,7.20086223245022
3493,7.20086223245022
3494,7.20086223245022
3495,7.20086223245022
3496,7.20086223245022
3497,7.20086223245022
3498,7.20086223245022
3499,7.20086223245022
3500,7.20086223245022
3501,7.20086223245022
3502,7.20086223245022
3503,7.20086223245022
3504,7.20086223245022
3505,7.20086223245022
3506,7.20086223245022
3507,7.20086223245022
3508,7.20086223245022
3509,7.20086223245022
3510,7.20086223245022
3511,7.20086223245022
3512,7.20086223245022
3513,7.20086223245022
3514,7.20086223245022
3515,7.20086223245022
3516,7.20086223245022
3517,7.20086223245022
3518,7.20086223245022
3519,7.20086223245022
3520,7.20086223245022
3521,7.20086223245022
3522,7.20086223245022
3523,7.20086223245022
3524,7.20086223245022
3525,7.20086223245022
3526,7.20086223245022
3527,7.20086223245022
3528,7.20086223245022
3529,7.20086223245022
3530,7.20086223245022
3531,7.20086223245022
3532,7.20086223245022
3533,7.20086223245022
3534,7.20086223245022
3535,7.20086223245022
3536,7.20086223245022
3537,7.20086223245022
3538,7.20086223245022
3539,7.20086223245022
3540,7.20086223245022
3541,7.20086223245022
3542,7.20086223245022
3543,7.20086223245022
3544,7.20086223245022
3545,7.20086223245022
3546,7.20086223245022
3547,7.20086223245022
3548,7.20086223245022
3549,7.20086223245022
3550,7.20086223245022
3551,7.20086223245022
3552,7.20086223245022
3553,7.20086223245022
3554,7.20086223245022
3555,7.20086223245022
3556,7.20086223245022
3557,7.20086223245022
3558,7.20086223245022
3559,7.20086223245022
3560,7.20086223245022
3561,7.20086223245022
3562,7.20086223245022
3563,7.20086223245022
3564,7.20086223245022
3565,7.20086223245022
3566,7.20086223245022
3567,7.20086223245022
3568,7.20086223245022
3569,7.20086223245022
3570,7.20086223245022
3571,7.20086223245022
3572,7.20086223245022
3573,7.20086223245022
3574,7.20086223245022
3575,7.20086223245022
3576,7.20086223245022
3577,7.20086223245022
3578,7.20086223245022
3579,7.20086223245022
3580,7.20086223245022
3581,7.20086223245022
3582,7.20086223245022
3583,7.20086223245022
3584,7.20086223245022
3585,7.20086223245022
3586,7.20086223245022
3587,7.20086223245022
3588,7.20086223245022
3589,7.20086223245022
3590,7.20086223245022
3591,7.20086223245022
3592,7.20086223245022
3593,7.20086223245022
3594,7.20086223245022
3595,7.20086223245022
3596,7.20086223245022
3597,7.20086223245022
3598,7.20086223245022
3599,7.20086223245022
3600,7.20086223245022
3601,7.20086223245022
3602,7.20086223245022
3603,7.20086223245022
3604,7.20086223245022
3605,7.20086223245022
3606,7.20086223245022
3607,7.20086223245022
3608,7.20086223245022
3609,7.20086223245022
3610,7.20086223245022
3611,7.20086223245022
3612,7.20086223245022
3613,7.20086223245022
3614,7.20086223245022
3615,7.20086223245022
3616,7.20086223245022
3617,7.20086223245022
3618,7.20086223245022
3619,7.20086223245022
3620,7.20086223245022
3621,7.20086223245022
3622,7.20086223245022
3623,7.20086223245022
3624,7.20086223245022
3625,7.20086223245022
3626,7.20086223245022
3627,7.20086223245022
3628,7.20086223245022
3629,7.20086223245022
3630,7.20086223245022
3631,7.20086223245022
3632,7.20086223245022
3633,7.20086223245022
3634,7.20086223245022
3635,7.20086223245022
3636,7.20086223245022
3637,7.20086223245022
3638,7.20086223245022
3639,7.20086223245022
3640,7.20086223245022
3641,7.20086223245022
3642,7.20086223245022
3643,7.20086223245022
3644,7.20086223245022
3645,7.20086223245022
3646,7.20086223245022
3647,7.20086223245022
3648,7.20086223245022
3649,7.20086223245022
3650,7.20086223245022
3651,7.20086223245022
3652,7.20086223245022
3653,7.20086223245022
3654,7.20086223245022
3655,7.20086223245022
3656,7.20086223245022
3657,7.20086223245022
3658,7.20086223245022
3659,7.20086223245022
3660,7.20086223245022
3661,7.20086223245022
3662,7.20086223245022
3663,7.20086223245022
3664,7.20086223245022
3665,7.20086223245022
3666,7.20086223245022
3667,7.20086223245022
3668,7.20086223245022
3669,7.20086223245022
3670,7.20086223245022
3671,7.20086223245022
3672,7.20086223245022
3673,7.20086223245022
3674,7.20086223245022
3675,7.20086223245022
3676,7.20086223245022
3677,7.20086223245022
3678,7.20086223245022
3679,7.20086223245022
3680,7.20086223245022
3681,7.20086223245022
3682,7.20086223245022
3683,7.20086223245022
3684,7.20086223245022
3685,7.20086223245022
3686,7.20086223245022
3687,7.20086223245022
3688,7.20086223245022
3689,7.20086223245022
3690,7.20086223245022
3691,7.20086223245022
3692,7.20086223245022
3693,7.20086223245022
3694,7.20086223245022
3695,7.20086223245022
3696,7.20086223245022
3697,7.20086223245022
3698,7.20086223245022
3699,7.20086223245022
3700,7.20086223245022
3701,7.20086223245022
3702,7.20086223245022
3703,7.20086223245022
3704,7.20086223245022
3705,7.20086223245022
3706,7.20086223245022
3707,7.20086223245022
3708,7.20086223245022
3709,7.20086223245022
3710,7.20086223245022
3711,7.20086223245022
3712,7.20086223245022
3713,7.20086223245022
3714,7.20086223245022
3715,7.20086223245022
3716,7.20086223245022
3717,7.20086223245022
3718,7.20086223245022
3719,7.20086223245022
3720,7.20086223245022
3721,7.20086223245022
3722,7.20086223245022
3723,7.20086223245022
3724,7.20086223245022
3725,7.20086223245022
3726,7.20086223245022
3727,7.20086223245022
3728,7.20086223245022
3729,7.20086223245022
3730,7.20086223245022
3731,7.20086223245022
3732,7.20086223245022
3733,7.20086223245022
3734,7.20086223245022
3735,7.20086223245022
3736,7.20086223245022
3737,7.20086223245022
3738,7.20086223245022
3739,7.20086223245022
3740,7.20086223245022
3741,7.20086223245022
3742,7.20086223245022
3743,7.20086223245022
3744,7.20086223245022
3745,7.20086223245022
3746,7.20086223245022
3747,7.20086223245022
3748,7.20086223245022
3749,7.20086223245022
3750,7.20086223245022
3751,7.20086223245022
3752,7.20086223245022
3753,7.20086223245022
3754,7.20086223245022
3755,7.20086223245022
3756,7.20086223245022
3757,7.20086223245022
3758,7.20086223245022
3759,7.20086223245022
3760,7.20086223245022
3761,7.20086223245022
3762,7.20086223245022
3763,7.20086223245022
3764,7.20086223245022
3765,7.20086223245022
3766,7.20086223245022
3767,7.20086223245022
3768,7.20086223245022
3769,7.20086223245022
3770,7.20086223245022
3771,7.20086223245022
3772,7.20086223245022
3773,7.20086223245022
3774,7.20086223245022
3775,7.20086223245022
3776,7.20086223245022
3777,7.20086223245022
3778,7.20086223245022
3779,7.20086223245022
3780,7.20086223245022
3781,7.20086223245022
3782,7.20086223245022
3783,7.20086223245022
3784,7.20086223245022
3785,7.20086223245022
3786,7.20086223245022
3787,7.20086223245022
3788,7.20086223245022
3789,7.20086223245022
3790,7.20086223245022
3791,7.20086223245022
3792,7.20086223245022
3793,7.20086223245022
3794,7.20086223245022
3795,7.20086223245022
3796,7.20086223245022
3797,7.20086223245022
3798,7.20086223245022
3799,7.20086223245022
3800,7.20086223245022
3801,7.20086223245022
3802,7.20086223245022
3803,7.20086223245022
3804,7.20086223245022
3805,7.20086223245022
3806,7.20086223245022
3807,7.20086223245022
3808,7.20086223245022
3809,7.20086223245022
3810,7.20086223245022
3811,7.20086223245022
3812,7.20086223245022
3813,7.20086223245022
3814,7.20086223245022
3815,7.20086223245022
3816,7.20086223245022
3817,7.20086223245022
3818,7.20086223245022
3819,7.20086223245022
3820,7.20086223245022
3821,7.20086223245022
3822,7.20086223245022
3823,7.20086223245022
3824,7.20086223245022
3825,7.20086223245022
3826,7.20086223245022
3827,7.20086223245022
3828,7.20086223245022
3829,7.20086223245022
3830,7.20086223245022
3831,7.20086223245022
3832,7.20086223245022
3833,7.20086223245022
3834,7.20086223245022
3835,7.20086223245022
3836,7.20086223245022
3837,7.20086223245022
3838,7.20086223245022
3839,7.20086223245022
3840,7.20086223245022
3841,7.20086223245022
3842,7.20086223245022
3843,7.20086223245022
3844,7.20086223245022
3845,7.20086223245022
3846,7.20086223245022
3847,7.20086223245022
3848,7.20086223245022
3849,7.20086223245022
3850,7.20086223245022
3851,7.20086223245022
3852,7.20086223245022
3853,7.20086223245022
3854,7.20086223245022
3855,7.20086223245022
3856,7.20086223245022
3857,7.20086223245022
3858,7.20086223245022
3859,7.20086223245022
3860,7.20086223245022
3861,7.20086223245022
3862,7.20086223245022
3863,7.20086223245022
3864,7.20086223245022
3865,7.20086223245022
3866,7.20086223245022
3867,7.20086223245022
3868,7.20086223245022
3869,7.20086223245022
3870,7.20086223245022
3871,7.20086223245022
3872,7.20086223245022
3873,7.20086223245022
3874,7.20086223245022
3875,7.20086223245022
3876,7.20086223245022
3877,7.20086223245022
3878,7.20086223245022
3879,7.20086223245022
3880,7.20086223245022
3881,7.20086223245022
3882,7.20086223245022
3883,7.20086223245022
3884,7.20086223245022
3885,7.20086223245022
3886,7.20086223245022
3887,7.20086223245022
3888,7.20086223245022
3889,7.20086223245022
3890,7.20086223245022
3891,7.20086223245022
3892,7.20086223245022
3893,7.20086223245022
3894,7.20086223245022
3895,7.20086223245022
3896,7.20086223245022
3897,7.20086223245022
3898,7.20086223245022
3899,7.20086223245022
3900,7.20086223245022
3901,7.20086223245022
3902,7.20086223245022
3903,7.20086223245022
3904,7.20086223245022
3905,7.20086223245022
3906,7.20086223245022
3907,7.20086223245022
3908,7.20086223245022
3909,7.20086223245022
3910,7.20086223245022
3911,7.20086223245022
3912,7.20086223245022
3913,7.20086223245022
3914,7.20086223245022
3915,7.20086223245022
3916,7.20086223245022
3917,7.20086223245022
3918,7.20086223245022
3919,7.20086223245022
3920,7.20086223245022
3921,7.20086223245022
3922,7.20086223245022
3923,7.20086223245022
3924,7.20086223245022
3925,7.20086223245022
3926,7.20086223245022
3927,7.20086223245022
3928,7.20086223245022
3929,7.20086223245022
3930,7.20086223245022
3931,7.20086223245022
3932,7.20086223245022
3933,7.20086223245022
3934,7.20086223245022
3935,7.20086223245022
3936,7.20086223245022
3937,7.20086223245022
3938,7.20086223245022
3939,7.20086223245022
3940,7.20086223245022
3941,7.20086223245022
3942,7.20086223245022
3943,7.20086223245022
3944,7.20086223245022
3945,7.20086223245022
3946,7.20086223245022
3947,7.20086223245022
3948,7.20086223245022
3949,7.20086223245022
3950,7.20086223245022
3951,7.20086223245022
3952,7.20086223245022
3953,7.20086223245022
3954,7.20086223245022
3955,7.20086223245022
3956,7.20086223245022
3957,7.20086223245022
3958,7.20086223245022
3959,7.20086223245022
3960,7.20086223245022
3961,7.20086223245022
3962,7.20086223245022
3963,7.20086223245022
3964,7.20086223245022
3965,7.20086223245022
3966,7.20086223245022
3967,7.20086223245022
3968,7.20086223245022
3969,7.20086223245022
3970,7.20086223245022
3971,7.20086223245022
3972,7.20086223245022
3973,7.20086223245022
3974,7.20086223245022
3975,7.20086223245022
3976,7.20086223245022
3977,7.20086223245022
3978,7.20086223245022
3979,7.20086223245022
3980,7.20086223245022
3981,7.20086223245022
3982,7.20086223245022
3983,7.20086223245022
3984,7.20086223245022
3985,7.20086223245022
3986,7.20086223245022
3987,7.20086223245022
3988,7.20086223245022
3989,7.20086223245022
3990,7.20086223245022
3991,7.20086223245022
3992,7.20086223245022
3993,7.20086223245022
3994,7.20086223245022
3995,7.20086223245022
3996,7.20086223245022
3997,7.20086223245022
3998,7.20086223245022
3999,7.20086223245022
4000,7.20086223245022
4001,7.20086223245022
4002,7.20086223245022
4003,7.20086223245022
4004,7.20086223245022
4005,7.20086223245022
4006,7.20086223245022
4007,7.20086223245022
4008,7.20086223245022
4009,7.20086223245022
4010,7.20086223245022
4011,7.20086223245022
4012,7.20086223245022
4013,7.20086223245022
4014,7.20086223245022
4015,7.20086223245022
4016,7.20086223245022
4017,7.20086223245022
4018,7.20086223245022
4019,7.20086223245022
4020,7.20086223245022
4021,7.20086223245022
4022,7.20086223245022
4023,7.20086223245022
4024,7.20086223245022
4025,7.20086223245022
4026,7.20086223245022
4027,7.20086223245022
4028,7.20086223245022
4029,7.20086223245022
4030,7.20086223245022
4031,7.20086223245022
4032,7.20086223245022
4033,7.20086223245022
4034,7.20086223245022
4035,7.20086223245022
4036,7.20086223245022
4037,7.20086223245022
4038,7.20086223245022
4039,7.20086223245022
4040,7.20086223245022
4041,7.20086223245022
4042,7.20086223245022
4043,7.20086223245022
4044,7.20086223245022
4045,7.20086223245022
4046,7.20086223245022
4047,7.20086223245022
4048,7.20086223245022
4049,7.20086223245022
4050,7.20086223245022
4051,7.20086223245022
4052,7.20086223245022
4053,7.20086223245022
4054,7.20086223245022
4055,7.20086223245022
4056,7.20086223245022
4057,7.20086223245022
4058,7.20086223245022
4059,7.20086223245022
4060,7.20086223245022
4061,7.20086223245022
4062,7.20086223245022
4063,7.20086223245022
4064,7.20086223245022
4065,7.20086223245022
4066,7.20086223245022
4067,7.20086223245022
4068,7.20086223245022
4069,7.20086223245022
4070,7.20086223245022
4071,7.20086223245022
4072,7.20086223245022
4073,7.20086223245022
4074,7.20086223245022
4075,7.20086223245022
4076,7.20086223245022
4077,7.20086223245022
4078,7.20086223245022
4079,7.20086223245022
4080,6.82372882450753
4081,6.82372882450753
4082,6.82372882450753
4083,6.82372882450753
4084,6.82372882450753
4085,6.82372882450753
4086,6.82372882450753
4087,6.82372882450753
4088,6.82372882450753
4089,6.82372882450753
4090,6.82372882450753
4091,6.82372882450753
4092,6.82372882450753
4093,6.82372882450753
4094,6.82372882450753
4095,6.82372882450753
4096,6.82372882450753
4097,6.82372882450753
4098,6.82372882450753
4099,6.82372882450753
4100,6.82372882450753
4101,6.82372882450753
4102,6.82372882450753
4103,6.82372882450753
4104,6.82372882450753
4105,6.82372882450753
4106,6.82372882450753
4107,6.82372882450753
4108,6.82372882450753
4109,6.82372882450753
4110,6.82372882450753
4111,6.82372882450753
4112,6.82372882450753
4113,6.82372882450753
4114,6.82372882450753
4115,6.82372882450753
4116,6.82372882450753
4117,6.82372882450753
4118,6.82372882450753
4119,6.82372882450753
4120,6.82372882450753
4121,6.82372882450753
4122,6.82372882450753
4123,6.82372882450753
4124,6.82372882450753
4125,6.82372882450753
4126,6.82372882450753
4127,6.82372882450753
4128,6.82372882450753
4129,6.82372882450753
4130,6.82372882450753
4131,6.82372882450753
4132,6.82372882450753
4133,6.82372882450753
4134,6.82372882450753
4135,6.82372882450753
4136,6.82372882450753
4137,6.82372882450753
4138,6.82372882450753
4139,6.82372882450753
4140,6.82372882450753
4141,6.82372882450753
4142,6.82372882450753
4143,6.82372882450753
4144,6.82372882450753
4145,6.82372882450753
4146,6.82372882450753
4147,6.82372882450753
4148,6.82372882450753
4149,6.82372882450753
4150,6.82372882450753
4151,6.82372882450753
4152,6.82372882450753
4153,6.82372882450753
4154,6.82372882450753
4155,6.82372882450753
4156,6.82372882450753
4157,6.82372882450753
4158,6.82372882450753
4159,6.82372882450753
4160,6.82372882450753
4161,6.82372882450753
4162,6.82372882450753
4163,6.82372882450753
4164,6.82372882450753
4165,6.82372882450753
4166,6.82372882450753
4167,6.82372882450753
4168,6.82372882450753
4169,6.82372882450753
4170,6.82372882450753
4171,6.82372882450753
4172,6.82372882450753
4173,6.82372882450753
4174,6.82372882450753
4175,6.82372882450753
4176,6.82372882450753
4177,6.82372882450753
4178,6.82372882450753
4179,6.82372882450753
4180,6.82372882450753
4181,6.82372882450753
4182,6.82372882450753
4183,6.82372882450753
4184,6.82372882450753
4185,6.82372882450753
4186,6.82372882450753
4187,6.82372882450753
4188,6.82372882450753
4189,6.82372882450753
4190,6.82372882450753
4191,6.82372882450753
4192,6.82372882450753
4193,6.82372882450753
4194,6.82372882450753
4195,6.82372882450753
4196,6.82372882450753
4197,6.82372882450753
4198,6.82372882450753
4199,6.82372882450753
4200,6.82372882450753
4201,6.82372882450753
4202,6.82372882450753
4203,6.82372882450753
4204,6.82372882450753
4205,6.82372882450753
4206,6.82372882450753
4207,6.82372882450753
4208,6.82372882450753
4209,6.82372882450753
4210,6.82372882450753
4211,6.82372882450753
4212,6.82372882450753
4213,6.82372882450753
4214,6.82372882450753
4215,6.82372882450753
4216,6.82372882450753
4217,6.82372882450753
4218,6.82372882450753
4219,6.82372882450753
4220,6.82372882450753
4221,6.82372882450753
4222,6.82372882450753
4223,6.82372882450753
4224,6.82372882450753
4225,6.82372882450753
4226,6.82372882450753
4227,6.82372882450753
4228,6.82372882450753
4229,6.82372882450753
4230,6.82372882450753
4231,6.82372882450753
4232,6.82372882450753
4233,6.82372882450753
4234,6.82372882450753
4235,6.82372882450753
4236,6.82372882450753
4237,6.82372882450753
4238,6.82372882450753
4239,6.82372882450753
4240,6.82372882450753
4241,6.82372882450753
4242,6.82372882450753
4243,6.82372882450753
4244,6.82372882450753
4245,6.82372882450753
4246,6.82372882450753
4247,6.82372882450753
4248,6.82372882450753
4249,6.82372882450753
4250,6.82372882450753
4251,6.82372882450753
4252,6.82372882450753
4253,6.82372882450753
4254,6.82372882450753
4255,6.82372882450753
4256,6.82372882450753
4257,6.82372882450753
4258,6.82372882450753
4259,6.82372882450753
4260,6.82372882450753
4261,6.82372882450753
4262,6.82372882450753
4263,6.82372882450753
4264,6.82372882450753
4265,6.82372882450753
4266,6.82372882450753
4267,6.82372882450753
4268,6.82372882450753
4269,6.82372882450753
4270,6.82372882450753
4271,6.82372882450753
4272,6.82372882450753
4273,6.82372882450753
4274,6.82372882450753
4275,6.82372882450753
4276,6.82372882450753
4277,6.82372882450753
4278,6.82372882450753
4279,6.82372882450753
4280,6.82372882450753
4281,6.82372882450753
4282,6.82372882450753
4283,6.82372882450753
4284,6.82372882450753
4285,6.82372882450753
4286,6.82372882450753
4287,6.82372882450753
4288,6.82372882450753
4289,6.82372882450753
4290,6.82372882450753
4291,6.82372882450753
4292,6.82372882450753
4293,6.82372882450753
4294,6.82372882450753
4295,6.82372882450753
4296,6.82372882450753
4297,6.82372882450753
4298,6.82372882450753
4299,6.82372882450753
4300,6.82372882450753
4301,6.82372882450753
4302,6.82372882450753
4303,6.82372882450753
4304,6.82372882450753
4305,6.82372882450753
4306,6.82372882450753
4307,6.82372882450753
4308,6.82372882450753
4309,6.82372882450753
4310,6.82372882450753
4311,6.82372882450753
4312,6.82372882450753
4313,6.82372882450753
4314,6.82372882450753
4315,6.82372882450753
4316,6.82372882450753
4317,6.82372882450753
4318,6.82372882450753
4319,6.82372882450753
4320,6.82372882450753
4321,6.82372882450753
4322,6.82372882450753
4323,6.82372882450753
4324,6.82372882450753
4325,6.82372882450753
4326,6.82372882450753
4327,6.82372882450753
4328,6.82372882450753
4329,6.82372882450753
4330,6.82372882450753
4331,6.82372882450753
4332,6.82372882450753
4333,6.82372882450753
4334,6.82372882450753
4335,6.82372882450753
4336,6.82372882450753
4337,6.82372882450753
4338,6.82372882450753
4339,6.82372882450753
4340,6.82372882450753
4341,6.82372882450753
4342,6.82372882450753
4343,6.82372882450753
4344,6.82372882450753
4345,6.82372882450753
4346,6.82372882450753
4347,6.82372882450753
4348,6.82372882450753
4349,6.82372882450753
4350,6.82372882450753
4351,6.82372882450753
4352,6.82372882450753
4353,6.82372882450753
4354,6.82372882450753
4355,6.82372882450753
4356,6.82372882450753
4357,6.82372882450753
4358,6.82372882450753
4359,6.82372882450753
4360,6.82372882450753
4361,6.82372882450753
4362,6.82372882450753
4363,6.82372882450753
4364,6.82372882450753
4365,6.82372882450753
4366,6.82372882450753
4367,6.82372882450753
4368,6.82372882450753
4369,6.82372882450753
4370,6.82372882450753
4371,6.82372882450753
4372,6.82372882450753
4373,6.82372882450753
4374,6.82372882450753
4375,6.82372882450753
4376,6.82372882450753
4377,6.82372882450753
4378,6.82372882450753
4379,6.82372882450753
4380,6.82372882450753
4381,6.82372882450753
4382,6.82372882450753
4383,6.82372882450753
4384,6.82372882450753
4385,6.82372882450753
4386,6.82372882450753
4387,6.82372882450753
4388,6.82372882450753
4389,6.82372882450753
4390,6.82372882450753
4391,6.82372882450753
4392,6.82372882450753
4393,6.82372882450753
4394,6.82372882450753
4395,6.82372882450753
4396,6.82372882450753
4397,6.82372882450753
4398,6.82372882450753
4399,6.82372882450753
4400,6.82372882450753
4401,6.82372882450753
4402,6.82372882450753
4403,6.82372882450753
4404,6.82372882450753
4405,6.82372882450753
4406,6.82372882450753
4407,6.82372882450753
4408,6.82372882450753
4409,6.82372882450753
4410,6.82372882450753
4411,6.82372882450753
4412,6.82372882450753
4413,6.82372882450753
4414,6.82372882450753
4415,6.82372882450753
4416,6.82372882450753
4417,6.82372882450753
4418,6.82372882450753
4419,6.82372882450753
4420,6.82372882450753
4421,6.82372882450753
4422,6.82372882450753
4423,6.82372882450753
4424,6.82372882450753
4425,6.82372882450753
4426,6.82372882450753
4427,6.82372882450753
4428,6.82372882450753
4429,6.82372882450753
4430,6.82372882450753
4431,6.82372882450753
4432,6.82372882450753
4433,6.82372882450753
4434,6.82372882450753
4435,6.82372882450753
4436,6.82372882450753
4437,6.82372882450753
4438,6.82372882450753
4439,6.82372882450753
4440,6.82372882450753
4441,6.82372882450753
4442,6.82372882450753
4443,6.82372882450753
4444,6.82372882450753
4445,6.82372882450753
4446,6.82372882450753
4447,6.82372882450753
4448,6.82372882450753
4449,6.82372882450753
4450,6.82372882450753
4451,6.82372882450753
4452,6.82372882450753
4453,6.82372882450753
4454,6.82372882450753
4455,6.82372882450753
4456,6.82372882450753
4457,6.82372882450753
4458,6.82372882450753
4459,6.82372882450753
4460,6.82372882450753
4461,6.82372882450753
4462,6.82372882450753
4463,6.82372882450753
4464,6.82372882450753
4465,6.82372882450753
4466,6.82372882450753
4467,6.82372882450753
4468,6.82372882450753
4469,6.82372882450753
4470,6.82372882450753
4471,6.82372882450753
4472,6.82372882450753
4473,6.82372882450753
4474,6.82372882450753
4475,6.82372882450753
4476,6.82372882450753
4477,6.82372882450753
4478,6.82372882450753
4479,6.82372882450753
4480,6.82372882450753
4481,6.82372882450753
4482,6.82372882450753
4483,6.82372882450753
4484,6.82372882450753
4485,6.82372882450753
4486,6.82372882450753
4487,6.82372882450753
4488,6.82372882450753
4489,6.82372882450753
4490,6.82372882450753
4491,6.82372882450753
4492,6.82372882450753
4493,6.82372882450753
4494,6.82372882450753
4495,6.82372882450753
4496,6.82372882450753
4497,6.82372882450753
4498,6.82372882450753
4499,6.82372882450753
4500,6.82372882450753
4501,6.82372882450753
4502,6.82372882450753
4503,6.82372882450753
4504,6.82372882450753
4505,6.82372882450753
4506,6.82372882450753
4507,6.82372882450753
4508,6.82372882450753
4509,6.82372882450753
4510,6.82372882450753
4511,6.82372882450753
4512,6.82372882450753
4513,6.82372882450753
4514,6.82372882450753
4515,6.82372882450753
4516,6.82372882450753
4517,6.82372882450753
4518,6.82372882450753
4519,6.82372882450753
4520,6.82372882450753
4521,6.82372882450753
4522,6.82372882450753
4523,6.82372882450753
4524,6.82372882450753
4525,6.82372882450753
4526,6.82372882450753
4527,6.82372882450753
4528,6.82372882450753
4529,6.82372882450753
4530,6.82372882450753
4531,6.82372882450753
4532,6.82372882450753
4533,6.82372882450753
4534,6.82372882450753
4535,6.82372882450753
4536,6.82372882450753
4537,6.82372882450753
4538,6.82372882450753
4539,6.82372882450753
4540,6.82372882450753
4541,6.82372882450753
4542,6.82372882450753
4543,6.82372882450753
4544,6.82372882450753
4545,6.82372882450753
4546,6.82372882450753
4547,6.82372882450753
4548,6.82372882450753
4549,6.82372882450753
4550,6.82372882450753
4551,6.82372882450753
4552,6.82372882450753
4553,6.82372882450753
4554,6.82372882450753
4555,6.82372882450753
4556,6.82372882450753
4557,6.82372882450753
4558,6.82372882450753
4559,6.82372882450753
4560,6.82372882450753
4561,6.82372882450753
4562,6.82372882450753
4563,6.82372882450753
4564,6.82372882450753
4565,6.82372882450753
4566,6.82372882450753
4567,6.82372882450753
4568,6.82372882450753
4569,6.82372882450753
4570,6.82372882450753
4571,6.82372882450753
4572,6.82372882450753
4573,6.82372882450753
4574,6.82372882450753
4575,6.82372882450753
4576,6.82372882450753
4577,6.82372882450753
4578,6.82372882450753
4579,6.82372882450753
4580,6.82372882450753
4581,6.82372882450753
4582,6.82372882450753
4583,6.82372882450753
4584,6.82372882450753
4585,6.82372882450753
4586,6.82372882450753
4587,6.82372882450753
4588,6.82372882450753
4589,6.82372882450753
4590,6.82372882450753
4591,6.82372882450753
4592,6.82372882450753
4593,6.82372882450753
4594,6.82372882450753
4595,6.82372882450753
4596,6.82372882450753
4597,6.82372882450753
4598,6.82372882450753
4599,6.82372882450753
4600,6.82372882450753
4601,6.82372882450753
4602,6.82372882450753
4603,6.82372882450753
4604,6.82372882450753
4605,6.82372882450753
4606,6.82372882450753
4607,6.82372882450753
4608,6.82372882450753
4609,6.82372882450753
4610,6.82372882450753
4611,6.82372882450753
4612,6.82372882450753
4613,6.82372882450753
4614,6.82372882450753
4615,6.82372882450753
4616,6.82372882450753
4617,6.82372882450753
4618,6.82372882450753
4619,6.82372882450753
4620,6.82372882450753
4621,6.82372882450753
4622,6.82372882450753
4623,6.82372882450753
4624,6.82372882450753
4625,6.82372882450753
4626,6.82372882450753
4627,6.82372882450753
4628,6.82372882450753
4629,6.82372882450753
4630,6.82372882450753
4631,6.82372882450753
4632,6.82372882450753
4633,6.82372882450753
4634,6.82372882450753
4635,6.82372882450753
4636,6.82372882450753
4637,6.82372882450753
4638,6.82372882450753
4639,6.82372882450753
4640,6.82372882450753
4641,6.82372882450753
4642,6.82372882450753
4643,6.82372882450753
4644,6.82372882450753
4645,6.82372882450753
4646,6.82372882450753
4647,6.82372882450753
4648,6.82372882450753
4649,6.82372882450753
4650,6.82372882450753
4651,6.82372882450753
4652,6.82372882450753
4653,6.82372882450753
4654,6.82372882450753
4655,6.82372882450753
4656,6.82372882450753
4657,6.82372882450753
4658,6.82372882450753
4659,6.82372882450753
4660,6.82372882450753
4661,6.82372882450753
4662,6.82372882450753
4663,6.82372882450753
4664,6.82372882450753
4665,6.82372882450753
4666,6.82372882450753
4667,6.82372882450753
4668,6.82372882450753
4669,6.82372882450753
4670,6.82372882450753
4671,6.82372882450753
4672,6.82372882450753
4673,6.82372882450753
4674,6.82372882450753
4675,6.82372882450753
4676,6.82372882450753
4677,6.82372882450753
4678,6.82372882450753
4679,6.82372882450753
4680,6.82372882450753
4681,6.82372882450753
4682,6.82372882450753
4683,6.82372882450753
4684,6.82372882450753
4685,6.82372882450753
4686,6.82372882450753
4687,6.82372882450753
4688,6.82372882450753
4689,6.82372882450753
4690,6.82372882450753
4691,6.82372882450753
4692,6.82372882450753
4693,6.82372882450753
4694,6.82372882450753
4695,6.82372882450753
4696,6.82372882450753
4697,6.82372882450753
4698,6.82372882450753
4699,6.82372882450753
4700,6.82372882450753
4701,6.82372882450753
4702,6.82372882450753
4703,6.82372882450753
4704,6.82372882450753
4705,6.82372882450753
4706,6.82372882450753
4707,6.82372882450753
4708,6.82372882450753
4709,6.82372882450753
4710,6.82372882450753
4711,6.82372882450753
4712,6.82372882450753
4713,6.82372882450753
4714,6.82372882450753
4715,6.82372882450753
4716,6.82372882450753
4717,6.82372882450753
4718,6.82372882450753
4719,6.82372882450753
4720,6.82372882450753
4721,6.82372882450753
4722,6.82372882450753
4723,6.82372882450753
4724,6.82372882450753
4725,6.82372882450753
4726,6.82372882450753
4727,6.82372882450753
4728,6.82372882450753
4729,6.82372882450753
4730,6.82372882450753
4731,6.82372882450753
4732,6.82372882450753
4733,6.82372882450753
4734,6.82372882450753
4735,6.82372882450753
4736,6.82372882450753
4737,6.82372882450753
4738,6.82372882450753
4739,6.82372882450753
4740,6.82372882450753
4741,6.82372882450753
4742,6.82372882450753
4743,6.82372882450753
4744,6.82372882450753
4745,6.82372882450753
4746,6.82372882450753
4747,6.82372882450753
4748,6.82372882450753
4749,6.82372882450753
4750,6.82372882450753
4751,6.82372882450753
4752,6.82372882450753
4753,6.82372882450753
4754,6.82372882450753
4755,6.82372882450753
4756,6.82372882450753
4757,6.82372882450753
4758,6.82372882450753
4759,6.82372882450753
4760,6.82372882450753
4761,6.82372882450753
4762,6.82372882450753
4763,6.82372882450753
4764,6.82372882450753
4765,6.82372882450753
4766,6.82372882450753
4767,6.82372882450753
4768,6.82372882450753
4769,6.82372882450753
4770,6.82372882450753
4771,6.82372882450753
4772,6.82372882450753
4773,6.82372882450753
4774,6.82372882450753
4775,6.82372882450753
4776,6.82372882450753
4777,6.82372882450753
4778,6.82372882450753
4779,6.82372882450753
4780,6.82372882450753
4781,6.82372882450753
4782,6.82372882450753
4783,6.82372882450753
4784,6.82372882450753
4785,6.82372882450753
4786,6.82372882450753
4787,6.82372882450753
4788,6.82372882450753
4789,6.82372882450753
4790,6.82372882450753
4791,6.82372882450753
4792,6.82372882450753
4793,6.82372882450753
4794,6.82372882450753
4795,6.82372882450753
4796,6.82372882450753
4797,6.82372882450753
4798,6.82372882450753
4799,6.82372882450753
4800,6.82372882450753
4801,6.82372882450753
4802,6.82372882450753
4803,6.82372882450753
4804,6.82372882450753
4805,6.82372882450753
4806,6.82372882450753
4807,6.82372882450753
4808,6.82372882450753
4809,6.82372882450753
4810,6.82372882450753
4811,6.82372882450753
4812,6.82372882450753
4813,6.82372882450753
4814,6.82372882450753
4815,6.82372882450753
4816,6.82372882450753
4817,6.82372882450753
4818,6.82372882450753
4819,6.82372882450753
4820,6.82372882450753
4821,6.82372882450753
4822,6.82372882450753
4823,6.82372882450753
4824,6.82372882450753
4825,6.82372882450753
4826,6.82372882450753
4827,6.82372882450753
4828,6.82372882450753
4829,6.82372882450753
4830,6.82372882450753
4831,6.82372882450753
4832,6.82372882450753
4833,6.82372882450753
4834,6.82372882450753
4835,6.82372882450753
4836,6.82372882450753
4837,6.82372882450753
4838,6.82372882450753
4839,6.82372882450753
4840,6.82372882450753
4841,6.82372882450753
4842,6.82372882450753
4843,6.82372882450753
4844,6.82372882450753
4845,6.82372882450753
4846,6.82372882450753
4847,6.82372882450753
4848,6.82372882450753
4849,6.82372882450753
4850,6.82372882450753
4851,6.82372882450753
4852,6.82372882450753
4853,6.82372882450753
4854,6.82372882450753
4855,6.82372882450753
4856,6.82372882450753
4857,6.82372882450753
4858,6.82372882450753
4859,6.82372882450753
4860,6.82372882450753
4861,6.82372882450753
4862,6.82372882450753
4863,6.82372882450753
4864,6.82372882450753
4865,6.82372882450753
4866,6.82372882450753
4867,6.82372882450753
4868,6.82372882450753
4869,6.82372882450753
4870,6.82372882450753
4871,6.82372882450753
4872,6.82372882450753
4873,6.82372882450753
4874,6.82372882450753
4875,6.82372882450753
4876,6.82372882450753
4877,6.82372882450753
4878,6.82372882450753
4879,6.82372882450753
4880,6.82372882450753
4881,6.82372882450753
4882,6.82372882450753
4883,6.82372882450753
4884,6.82372882450753
4885,6.82372882450753
4886,6.82372882450753
4887,6.82372882450753
4888,6.82372882450753
4889,6.82372882450753
4890,6.82372882450753
4891,6.82372882450753
4892,6.82372882450753
4893,6.82372882450753
4894,6.82372882450753
4895,6.82372882450753
4896,6.82372882450753
4897,6.82372882450753
4898,6.82372882450753
4899,6.82372882450753
4900,6.82372882450753
4901,6.82372882450753
4902,6.82372882450753
4903,6.82372882450753
4904,6.82372882450753
4905,6.82372882450753
4906,6.82372882450753
4907,6.82372882450753
4908,6.82372882450753
4909,6.82372882450753
4910,6.82372882450753
4911,6.82372882450753
4912,6.82372882450753
4913,6.82372882450753
4914,6.82372882450753
4915,6.82372882450753
4916,6.82372882450753
4917,6.82372882450753
4918,6.82372882450753
4919,6.82372882450753
4920,6.82372882450753
4921,6.82372882450753
4922,6.82372882450753
4923,6.82372882450753
4924,6.82372882450753
4925,6.82372882450753
4926,6.82372882450753
4927,6.82372882450753
4928,6.82372882450753
4929,6.82372882450753
4930,6.82372882450753
4931,6.82372882450753
4932,6.82372882450753
4933,6.82372882450753
4934,6.82372882450753
4935,6.82372882450753
4936,6.82372882450753
4937,6.82372882450753
4938,6.82372882450753
4939,6.82372882450753
4940,6.82372882450753
4941,6.82372882450753
4942,6.82372882450753
4943,6.82372882450753
4944,6.82372882450753
4945,6.82372882450753
4946,6.82372882450753
4947,6.82372882450753
4948,6.82372882450753
4949,6.82372882450753
4950,6.82372882450753
4951,6.82372882450753
4952,6.82372882450753
4953,6.82372882450753
4954,6.82372882450753
4955,6.82372882450753
4956,6.82372882450753
4957,6.82372882450753
4958,6.82372882450753
4959,6.82372882450753
4960,6.82372882450753
4961,6.82372882450753
4962,6.82372882450753
4963,6.82372882450753
4964,6.82372882450753
4965,6.82372882450753
4966,6.82372882450753
4967,6.82372882450753
4968,6.82372882450753
4969,6.82372882450753
4970,6.82372882450753
4971,6.82372882450753
4972,6.82372882450753
4973,6.82372882450753
4974,6.82372882450753
4975,6.82372882450753
4976,6.82372882450753
4977,6.82372882450753
4978,6.82372882450753
4979,6.82372882450753
4980,6.82372882450753
4981,6.82372882450753
4982,6.82372882450753
4983,6.82372882450753
4984,6.82372882450753
4985,6.82372882450753
4986,6.82372882450753
4987,6.82372882450753
4988,6.82372882450753
4989,6.82372882450753
4990,6.82372882450753
4991,6.82372882450753
4992,6.82372882450753
4993,6.82372882450753
4994,6.82372882450753
4995,6.82372882450753
4996,6.82372882450753
4997,6.82372882450753
4998,6.82372882450753
4999,6.82372882450753
5000,6.82372882450753
5001,6.82372882450753
5002,6.82372882450753
5003,6.82372882450753
5004,6.82372882450753
5005,6.82372882450753
5006,6.82372882450753
5007,6.82372882450753
5008,6.82372882450753
5009,6.82372882450753
5010,6.82372882450753
5011,6.82372882450753
5012,6.82372882450753
5013,6.82372882450753
5014,6.82372882450753
5015,6.82372882450753
5016,6.82372882450753
5017,6.82372882450753
5018,6.82372882450753
5019,6.82372882450753
5020,6.82372882450753
5021,6.82372882450753
5022,6.82372882450753
5023,6.82372882450753
5024,6.82372882450753
5025,6.82372882450753
5026,6.82372882450753
5027,6.82372882450753
5028,6.82372882450753
5029,6.82372882450753
5030,6.82372882450753
5031,6.82372882450753
5032,6.82372882450753
5033,6.82372882450753
5034,6.82372882450753
5035,6.82372882450753
5036,6.82372882450753
5037,6.82372882450753
5038,6.82372882450753
5039,6.82372882450753
5040,6.82372882450753
5041,6.82372882450753
5042,6.82372882450753
5043,6.82372882450753
5044,6.82372882450753
5045,6.82372882450753
5046,6.82372882450753
5047,6.82372882450753
5048,6.82372882450753
5049,6.82372882450753
5050,6.82372882450753
5051,6.82372882450753
5052,6.82372882450753
5053,6.82372882450753
5054,6.82372882450753
5055,6.82372882450753
5056,6.82372882450753
5057,6.82372882450753
5058,6.82372882450753
5059,6.82372882450753
5060,6.82372882450753
5061,6.82372882450753
5062,6.82372882450753
5063,6.82372882450753
5064,6.82372882450753
5065,6.82372882450753
5066,6.82372882450753
5067,6.82372882450753
5068,6.82372882450753
5069,6.82372882450753
5070,6.82372882450753
5071,6.82372882450753
5072,6.82372882450753
5073,6.82372882450753
5074,6.82372882450753
5075,6.82372882450753
5076,6.82372882450753
5077,6.82372882450753
5078,6.82372882450753
5079,6.82372882450753
5080,6.82372882450753
5081,6.82372882450753
5082,6.82372882450753
5083,6.82372882450753
5084,6.82372882450753
5085,6.82372882450753
5086,6.82372882450753
5087,6.82372882450753
5088,6.82372882450753
5089,6.82372882450753
5090,6.82372882450753
5091,6.82372882450753
5092,6.82372882450753
5093,6.82372882450753
5094,6.82372882450753
5095,6.82372882450753
5096,6.82372882450753
5097,6.82372882450753
5098,6.82372882450753
5099,6.82372882450753
5100,6.82372882450753
5101,6.82372882450753
5102,6.82372882450753
5103,6.82372882450753
5104,6.82372882450753
5105,6.82372882450753
5106,6.82372882450753
5107,6.82372882450753
5108,6.82372882450753
5109,6.82372882450753
5110,6.82372882450753
5111,6.82372882450753
5112,6.82372882450753
5113,6.82372882450753
5114,6.82372882450753
5115,6.82372882450753
5116,6.82372882450753
5117,6.82372882450753
5118,6.82372882450753
5119,6.82372882450753
5120,6.82372882450753
5121,6.82372882450753
5122,6.82372882450753
5123,6.82372882450753
5124,6.82372882450753
5125,6.82372882450753
5126,6.82372882450753
5127,6.82372882450753
5128,6.82372882450753
5129,6.82372882450753
5130,6.82372882450753
5131,6.82372882450753
5132,6.82372882450753
5133,6.82372882450753
5134,6.82372882450753
5135,6.82372882450753
5136,6.82372882450753
5137,6.82372882450753
5138,6.82372882450753
5139,6.82372882450753
5140,6.82372882450753
5141,6.82372882450753
5142,6.82372882450753
5143,6.82372882450753
5144,6.82372882450753
5145,6.82372882450753
5146,6.82372882450753
5147,6.82372882450753
5148,6.82372882450753
5149,6.82372882450753
5150,6.82372882450753
5151,6.82372882450753
5152,6.82372882450753
5153,6.82372882450753
5154,6.82372882450753
5155,6.82372882450753
5156,6.82372882450753
5157,6.82372882450753
5158,6.82372882450753
5159,6.82372882450753
5160,6.82372882450753
5161,6.82372882450753
5162,6.82372882450753
5163,6.82372882450753
5164,6.82372882450753
5165,6.82372882450753
5166,6.82372882450753
5167,6.82372882450753
5168,6.82372882450753
5169,6.82372882450753
5170,6.82372882450753
5171,6.82372882450753
5172,6.82372882450753
5173,6.82372882450753
5174,6.82372882450753
5175,6.82372882450753
5176,6.82372882450753
5177,6.82372882450753
5178,6.82372882450753
5179,6.82372882450753
5180,6.82372882450753
5181,6.82372882450753
5182,6.82372882450753
5183,6.82372882450753
5184,6.82372882450753
5185,6.82372882450753
5186,6.82372882450753
5187,6.82372882450753
5188,6.82372882450753
5189,6.82372882450753
5190,6.82372882450753
5191,6.82372882450753
5192,6.82372882450753
5193,6.82372882450753
5194,6.82372882450753
5195,6.82372882450753
5196,6.82372882450753
5197,6.82372882450753
5198,6.82372882450753
5199,6.82372882450753
5200,6.82372882450753
5201,6.82372882450753
5202,6.82372882450753
5203,6.82372882450753
5204,6.82372882450753
5205,6.82372882450753
5206,6.82372882450753
5207,6.82372882450753
5208,6.82372882450753
5209,6.82372882450753
5210,6.82372882450753
5211,6.82372882450753
5212,6.82372882450753
5213,6.82372882450753
5214,6.82372882450753
5215,6.82372882450753
5216,6.82372882450753
5217,6.82372882450753
5218,6.82372882450753
5219,6.82372882450753
5220,6.82372882450753
5221,6.82372882450753
5222,6.82372882450753
5223,6.82372882450753
5224,6.82372882450753
5225,6.82372882450753
5226,6.82372882450753
5227,6.82372882450753
5228,6.82372882450753
5229,6.82372882450753
5230,6.82372882450753
5231,6.82372882450753
5232,6.82372882450753
5233,6.82372882450753
5234,6.82372882450753
5235,6.82372882450753
5236,6.82372882450753
5237,6.82372882450753
5238,6.82372882450753
5239,6.82372882450753
5240,6.82372882450753
5241,6.82372882450753
5242,6.82372882450753
5243,6.82372882450753
5244,6.82372882450753
5245,6.82372882450753
5246,6.82372882450753
5247,6.82372882450753
5248,6.82372882450753
5249,6.82372882450753
5250,6.82372882450753
5251,6.82372882450753
5252,6.82372882450753
5253,6.82372882450753
5254,6.82372882450753
5255,6.82372882450753
5256,6.82372882450753
5257,6.82372882450753
5258,6.82372882450753
5259,6.82372882450753
5260,6.82372882450753
5261,6.82372882450753
5262,6.82372882450753
5263,6.82372882450753
5264,6.82372882450753
5265,6.82372882450753
5266,6.82372882450753
5267,6.82372882450753
5268,6.82372882450753
5269,6.82372882450753
5270,6.82372882450753
5271,6.82372882450753
5272,6.82372882450753
5273,6.82372882450753
5274,6.82372882450753
5275,6.82372882450753
5276,6.82372882450753
5277,6.82372882450753
5278,6.82372882450753
5279,6.82372882450753
5280,6.82372882450753
5281,6.82372882450753
5282,6.82372882450753
5283,6.82372882450753
5284,6.82372882450753
5285,6.82372882450753
5286,6.82372882450753
5287,6.82372882450753
5288,6.82372882450753
5289,6.82372882450753
5290,6.82372882450753
5291,6.82372882450753
5292,6.82372882450753
5293,6.82372882450753
5294,6.82372882450753
5295,6.82372882450753
5296,6.82372882450753
5297,6.82372882450753
5298,6.82372882450753
5299,6.0128488595336105
5300,6.0128488595336105
5301,6.0128488595336105
5302,6.0128488595336105
5303,6.0128488595336105
5304,6.0128488595336105
5305,6.0128488595336105
5306,6.0128488595336105
5307,6.0128488595336105
5308,6.0128488595336105
5309,6.0128488595336105
5310,6.0128488595336105
5311,6.0128488595336105
5312,6.0128488595336105
5313,6.0128488595336105
5314,6.0128488595336105
5315,6.0128488595336105
5316,6.0128488595336105
5317,6.0128488595336105
5318,6.0128488595336105
5319,6.0128488595336105
5320,6.0128488595336105
5321,6.0128488595336105
5322,6.0128488595336105
5323,6.0128488595336105
5324,6.0128488595336105
5325,6.0128488595336105
5326,6.0128488595336105
5327,6.0128488595336105
5328,6.0128488595336105
5329,6.0128488595336105
5330,6.0128488595336105
5331,6.0128488595336105
5332,6.0128488595336105
5333,6.0128488595336105
5334,6.0128488595336105
5335,6.0128488595336105
5336,6.0128488595336105
5337,6.0128488595336105
5338,6.0128488595336105
5339,6.0128488595336105
5340,6.0128488595336105
5341,6.0128488595336105
5342,6.0128488595336105
5343,6.0128488595336105
5344,6.0128488595336105
5345,6.0128488595336105
5346,6.0128488595336105
5347,6.0128488595336105
5348,6.0128488595336105
5349,6.0128488595336105
5350,6.0128488595336105
5351,6.0128488595336105
5352,6.0128488595336105
5353,6.0128488595336105
5354,6.0128488595336105
5355,6.0128488595336105
5356,6.0128488595336105
5357,6.0128488595336105
5358,6.0128488595336105
5359,6.0128488595336105
5360,6.0128488595336105
5361,6.0128488595336105
5362,6.0128488595336105
5363,6.0128488595336105
5364,6.0128488595336105
5365,6.0128488595336105
5366,6.0128488595336105
5367,6.0128488595336105
5368,6.0128488595336105
5369,6.0128488595336105
5370,6.0128488595336105
5371,6.0128488595336105
5372,6.0128488595336105
5373,6.0128488595336105
5374,6.0128488595336105
5375,6.0128488595336105
5376,6.0128488595336105
5377,6.0128488595336105
5378,6.0128488595336105
5379,6.0128488595336105
5380,6.0128488595336105
5381,6.0128488595336105
5382,6.0128488595336105
5383,6.0128488595336105
5384,6.0128488595336105
5385,6.0128488595336105
5386,6.0128488595336105
5387,6.0128488595336105
5388,6.0128488595336105
5389,6.0128488595336105
5390,6.0128488595336105
5391,6.0128488595336105
5392,6.0128488595336105
5393,6.0128488595336105
5394,6.0128488595336105
5395,6.0128488595336105
5396,6.0128488595336105
5397,6.0128488595336105
5398,6.0128488595336105
5399,6.0128488595336105
5400,6.0128488595336105
5401,6.0128488595336105
5402,6.0128488595336105
5403,6.0128488595336105
5404,6.0128488595336105
5405,6.0128488595336105
5406,6.0128488595336105
5407,6.0128488595336105
5408,6.0128488595336105
5409,6.0128488595336105
5410,6.0128488595336105
5411,6.0128488595336105
5412,6.0128488595336105
5413,6.0128488595336105
5414,6.0128488595336105
5415,6.0128488595336105
5416,6.0128488595336105
5417,6.0128488595336105
5418,6.0128488595336105
5419,6.0128488595336105
5420,6.0128488595336105
5421,6.0128488595336105
5422,6.0128488595336105
5423,6.0128488595336105
5424,6.0128488595336105
5425,6.0128488595336105
5426,6.0128488595336105
5427,6.0128488595336105
5428,6.0128488595336105
5429,6.0128488595336105
5430,6.0128488595336105
5431,6.0128488595336105
5432,6.0128488595336105
5433,6.0128488595336105
5434,6.0128488595336105
5435,6.0128488595336105
5436,6.0128488595336105
5437,6.0128488595336105
5438,6.0128488595336105
5439,6.0128488595336105
5440,6.0128488595336105
5441,6.0128488595336105
5442,6.0128488595336105
5443,6.0128488595336105
5444,6.0128488595336105
5445,6.0128488595336105
5446,6.0128488595336105
5447,6.0128488595336105
5448,6.0128488595336105
5449,6.0128488595336105
5450,6.0128488595336105
5451,6.0128488595336105
5452,6.0128488595336105
5453,6.0128488595336105
5454,6.0128488595336105
5455,6.0128488595336105
5456,6.0128488595336105
5457,6.0128488595336105
5458,6.0128488595336105
5459,6.0128488595336105
5460,6.0128488595336105
5461,6.0128488595336105
5462,6.0128488595336105
5463,6.0128488595336105
5464,6.0128488595336105
5465,6.0128488595336105
5466,6.0128488595336105
5467,6.0128488595336105
5468,6.0128488595336105
5469,6.0128488595336105
5470,6.0128488595336105
5471,6.0128488595336105
5472,6.0128488595336105
5473,6.0128488595336105
5474,6.0128488595336105
5475,6.0128488595336105
5476,6.0128488595336105
5477,6.0128488595336105
5478,6.0128488595336105
5479,6.0128488595336105
5480,6.0128488595336105
5481,6.0128488595336105
5482,6.0128488595336105
5483,6.0128488595336105
5484,6.0128488595336105
5485,6.0128488595336105
5486,6.0128488595336105
5487,6.0128488595336105
5488,6.0128488595336105
5489,6.0128488595336105
5490,6.0128488595336105
5491,6.0128488595336105
5492,6.0128488595336105
5493,6.0128488595336105
5494,6.0128488595336105
5495,6.0128488595336105
5496,6.0128488595336105
5497,6.0128488595336105
5498,6.0128488595336105
5499,6.0128488595336105
5500,6.0128488595336105
5501,6.0128488595336105
5502,6.0128488595336105
5503,6.0128488595336105
5504,6.0128488595336105
5505,6.0128488595336105
5506,6.0128488595336105
5507,6.0128488595336105
5508,6.0128488595336105
5509,6.0128488595336105
5510,6.0128488595336105
5511,6.0128488595336105
5512,6.0128488595336105
5513,6.0128488595336105
5514,6.0128488595336105
5515,6.0128488595336105
5516,6.0128488595336105
5517,6.0128488595336105
5518,6.0128488595336105
5519,6.0128488595336105
5520,6.0128488595336105
5521,6.0128488595336105
5522,6.0128488595336105
5523,6.0128488595336105
5524,6.0128488595336105
5525,6.0128488595336105
5526,6.0128488595336105
5527,6.0128488595336105
5528,6.0128488595336105
5529,6.0128488595336105
5530,6.0128488595336105
5531,6.0128488595336105
5532,6.0128488595336105
5533,6.0128488595336105
5534,6.0128488595336105
5535,6.0128488595336105
5536,6.0128488595336105
5537,6.0128488595336105
5538,6.0128488595336105
5539,6.0128488595336105
5540,6.0128488595336105
5541,6.0128488595336105
5542,6.0128488595336105
5543,6.0128488595336105
5544,6.0128488595336105
5545,6.0128488595336105
5546,6.0128488595336105
5547,6.0128488595336105
5548,6.0128488595336105
5549,6.0128488595336105
5550,6.0128488595336105
5551,6.0128488595336105
5552,6.0128488595336105
5553,6.0128488595336105
5554,6.0128488595336105
5555,6.0128488595336105
5556,6.0128488595336105
5557,6.0128488595336105
5558,6.0128488595336105
5559,6.0128488595336105
5560,6.0128488595336105
5561,6.0128488595336105
5562,6.0128488595336105
5563,6.0128488595336105
5564,6.0128488595336105
5565,6.0128488595336105
5566,6.0128488595336105
5567,6.0128488595336105
5568,6.0128488595336105
5569,6.0128488595336105
5570,6.0128488595336105
5571,6.0128488595336105
5572,6.0128488595336105
5573,6.0128488595336105
5574,6.0128488595336105
5575,6.0128488595336105
5576,6.0128488595336105
5577,6.0128488595336105
5578,6.0128488595336105
5579,6.0128488595336105
5580,6.0128488595336105
5581,6.0128488595336105
5582,6.0128488595336105
5583,6.0128488595336105
5584,6.0128488595336105
5585,6.0128488595336105
5586,6.0128488595336105
5587,6.0128488595336105
5588,6.0128488595336105
5589,6.0128488595336105
5590,6.0128488595336105
5591,6.0128488595336105
5592,6.0128488595336105
5593,6.0128488595336105
5594,6.0128488595336105
5595,6.0128488595336105
5596,6.0128488595336105
5597,6.0128488595336105
5598,6.0128488595336105
5599,6.0128488595336105
5600,6.0128488595336105
5601,6.0128488595336105
5602,6.0128488595336105
5603,6.0128488595336105
5604,6.0128488595336105
5605,6.0128488595336105
5606,6.0128488595336105
5607,6.0128488595336105
5608,6.0128488595336105
5609,6.0128488595336105
5610,6.0128488595336105
5611,6.0128488595336105
5612,6.0128488595336105
5613,6.0128488595336105
5614,6.0128488595336105
5615,6.0128488595336105
5616,6.0128488595336105
5617,6.0128488595336105
5618,6.0128488595336105
5619,6.0128488595336105
5620,6.0128488595336105
5621,6.0128488595336105
5622,6.0128488595336105
5623,6.0128488595336105
5624,6.0128488595336105
5625,6.0128488595336105
5626,6.0128488595336105
5627,6.0128488595336105
5628,6.0128488595336105
5629,6.0128488595336105
5630,6.0128488595336105
5631,6.0128488595336105
5632,6.0128488595336105
5633,6.0128488595336105
5634,6.0128488595336105
5635,6.0128488595336105
5636,6.0128488595336105
5637,6.0128488595336105
5638,6.0128488595336105
5639,6.0128488595336105
5640,6.0128488595336105
5641,6.0128488595336105
5642,6.0128488595336105
5643,6.0128488595336105
5644,6.0128488595336105
5645,6.0128488595336105
5646,6.0128488595336105
5647,6.0128488595336105
5648,6.0128488595336105
5649,6.0128488595336105
5650,6.0128488595336105
5651,6.0128488595336105
5652,6.0128488595336105
5653,6.0128488595336105
5654,6.0128488595336105
5655,6.0128488595336105
5656,6.0128488595336105
5657,6.0128488595336105
5658,6.0128488595336105
5659,6.0128488595336105
5660,6.0128488595336105
5661,6.0128488595336105
5662,6.0128488595336105
5663,6.0128488595336105
5664,6.0128488595336105
5665,6.0128488595336105
5666,6.0128488595336105
5667,6.0128488595336105
5668,6.0128488595336105
5669,6.0128488595336105
5670,6.0128488595336105
5671,6.0128488595336105
5672,6.0128488595336105
5673,6.0128488595336105
5674,6.0128488595336105
5675,6.0128488595336105
5676,6.0128488595336105
5677,6.0128488595336105
5678,6.0128488595336105
5679,6.0128488595336105
5680,6.0128488595336105
5681,6.0128488595336105
5682,6.0128488595336105
5683,6.0128488595336105
5684,6.0128488595336105
5685,6.0128488595336105
5686,6.0128488595336105
5687,6.0128488595336105
5688,6.0128488595336105
5689,6.0128488595336105
5690,6.0128488595336105
5691,6.0128488595336105
5692,6.0128488595336105
5693,6.0128488595336105
5694,6.0128488595336105
5695,6.0128488595336105
5696,6.0128488595336105
5697,6.0128488595336105
5698,6.0128488595336105
5699,6.0128488595336105
5700,6.0128488595336105
5701,6.0128488595336105
5702,6.0128488595336105
5703,6.0128488595336105
5704,6.0128488595336105
5705,6.0128488595336105
5706,6.0128488595336105
5707,6.0128488595336105
5708,6.0128488595336105
5709,6.0128488595336105
5710,6.0128488595336105
5711,6.0128488595336105
5712,6.0128488595336105
5713,6.0128488595336105
5714,6.0128488595336105
5715,6.0128488595336105
5716,6.0128488595336105
5717,6.0128488595336105
5718,6.0128488595336105
5719,6.0128488595336105
5720,6.0128488595336105
5721,6.0128488595336105
5722,6.0128488595336105
5723,6.0128488595336105
5724,6.0128488595336105
5725,6.0128488595336105
5726,6.0128488595336105
5727,6.0128488595336105
5728,6.0128488595336105
5729,6.0128488595336105
5730,6.0128488595336105
5731,6.0128488595336105
5732,6.0128488595336105
5733,6.0128488595336105
5734,6.0128488595336105
5735,6.0128488595336105
5736,6.0128488595336105
5737,6.0128488595336105
5738,6.0128488595336105
5739,6.0128488595336105
5740,6.0128488595336105
5741,6.0128488595336105
5742,6.0128488595336105
5743,6.0128488595336105
5744,6.0128488595336105
5745,6.0128488595336105
5746,6.0128488595336105
5747,6.0128488595336105
5748,6.0128488595336105
5749,6.0128488595336105
5750,6.0128488595336105
5751,6.0128488595336105
5752,6.0128488595336105
5753,6.0128488595336105
5754,6.0128488595336105
5755,6.0128488595336105
5756,6.0128488595336105
5757,6.0128488595336105
5758,6.0128488595336105
5759,6.0128488595336105
5760,6.0128488595336105
5761,6.0128488595336105
5762,6.0128488595336105
5763,6.0128488595336105
5764,6.0128488595336105
5765,6.0128488595336105
5766,6.0128488595336105
5767,6.0128488595336105
5768,6.0128488595336105
5769,6.0128488595336105
5770,6.0128488595336105
5771,6.0128488595336105
5772,6.0128488595336105
5773,6.0128488595336105
5774,6.0128488595336105
5775,6.0128488595336105
5776,6.0128488595336105
5777,6.0128488595336105
5778,6.0128488595336105
5779,6.0128488595336105
5780,6.0128488595336105
5781,6.0128488595336105
5782,6.0128488595336105
5783,6.0128488595336105
5784,6.0128488595336105
5785,6.0128488595336105
5786,6.0128488595336105
5787,6.0128488595336105
5788,6.0128488595336105
5789,6.0128488595336105
5790,6.0128488595336105
5791,6.0128488595336105
5792,6.0128488595336105
5793,6.0128488595336105
5794,6.0128488595336105
5795,6.0128488595336105
5796,6.0128488595336105
5797,6.0128488595336105
5798,6.0128488595336105
5799,6.0128488595336105
5800,6.0128488595336105
5801,6.0128488595336105
5802,6.0128488595336105
5803,6.0128488595336105
5804,6.0128488595336105
5805,6.0128488595336105
5806,6.0128488595336105
5807,6.0128488595336105
5808,6.0128488595336105
5809,6.0128488595336105
5810,6.0128488595336105
5811,6.0128488595336105
5812,6.0128488595336105
5813,6.0128488595336105
5814,6.0128488595336105
5815,6.0128488595336105
5816,6.0128488595336105
5817,6.0128488595336105
5818,6.0128488595336105
5819,6.0128488595336105
5820,6.0128488595336105
5821,6.0128488595336105
5822,6.0128488595336105
5823,6.0128488595336105
5824,6.0128488595336105
5825,6.0128488595336105
5826,6.0128488595336105
5827,6.0128488595336105
5828,6.0128488595336105
5829,6.0128488595336105
5830,6.0128488595336105
5831,6.0128488595336105
5832,6.0128488595336105
5833,6.0128488595336105
5834,6.0128488595336105
5835,6.0128488595336105
5836,6.0128488595336105
5837,6.0128488595336105
5838,6.0128488595336105
5839,6.0128488595336105
5840,6.0128488595336105
5841,6.0128488595336105
5842,6.0128488595336105
5843,6.0128488595336105
5844,6.0128488595336105
5845,6.0128488595336105
5846,6.0128488595336105
5847,6.0128488595336105
5848,6.0128488595336105
5849,6.0128488595336105
5850,6.0128488595336105
5851,6.0128488595336105
5852,6.0128488595336105
5853,6.0128488595336105
5854,6.0128488595336105
5855,6.0128488595336105
5856,6.0128488595336105
5857,6.0128488595336105
5858,6.0128488595336105
5859,6.0128488595336105
5860,6.0128488595336105
5861,6.0128488595336105
5862,6.0128488595336105
5863,6.0128488595336105
5864,6.0128488595336105
5865,6.0128488595336105
5866,6.0128488595336105
5867,6.0128488595336105
5868,6.0128488595336105
5869,6.0128488595336105
5870,6.0128488595336105
5871,6.0128488595336105
5872,6.0128488595336105
5873,6.0128488595336105
5874,6.0128488595336105
5875,6.0128488595336105
5876,6.0128488595336105
5877,6.0128488595336105
5878,6.0128488595336105
5879,6.0128488595336105
5880,6.0128488595336105
5881,6.0128488595336105
5882,6.0128488595336105
5883,6.0128488595336105
5884,6.0128488595336105
5885,6.0128488595336105
5886,6.0128488595336105
5887,6.0128488595336105
5888,6.0128488595336105
5889,6.0128488595336105
5890,6.0128488595336105
5891,6.0128488595336105
5892,6.0128488595336105
5893,6.0128488595336105
5894,6.0128488595336105
5895,6.0128488595336105
5896,6.0128488595336105
5897,6.0128488595336105
5898,6.0128488595336105
5899,6.0128488595336105
5900,6.0128488595336105
5901,6.0128488595336105
5902,6.0128488595336105
5903,6.0128488595336105
5904,6.0128488595336105
5905,6.0128488595336105
5906,6.0128488595336105
5907,6.0128488595336105
5908,6.0128488595336105
5909,6.0128488595336105
5910,6.0128488595336105
5911,6.0128488595336105
5912,6.0128488595336105
5913,6.0128488595336105
5914,6.0128488595336105
5915,6.0128488595336105
5916,6.0128488595336105
5917,6.0128488595336105
5918,6.0128488595336105
5919,6.0128488595336105
5920,6.0128488595336105
5921,6.0128488595336105
5922,6.0128488595336105
5923,6.0128488595336105
5924,6.0128488595336105
5925,6.0128488595336105
5926,6.0128488595336105
5927,6.0128488595336105
5928,6.0128488595336105
5929,6.0128488595336105
5930,6.0128488595336105
5931,6.0128488595336105
5932,6.0128488595336105
5933,6.0128488595336105
5934,6.0128488595336105
5935,6.0128488595336105
5936,6.0128488595336105
5937,6.0128488595336105
5938,6.0128488595336105
5939,6.0128488595336105
5940,6.0128488595336105
5941,6.0128488595336105
5942,6.0128488595336105
5943,6.0128488595336105
5944,6.0128488595336105
5945,6.0128488595336105
5946,6.0128488595336105
5947,6.0128488595336105
5948,6.0128488595336105
5949,6.0128488595336105
5950,6.0128488595336105
5951,6.0128488595336105
5952,6.0128488595336105
5953,6.0128488595336105
5954,6.0128488595336105
5955,6.0128488595336105
5956,6.0128488595336105
5957,6.0128488595336105
5958,6.0128488595336105
5959,6.0128488595336105
5960,6.0128488595336105
5961,6.0128488595336105
5962,6.0128488595336105
5963,6.0128488595336105
5964,6.0128488595336105
5965,6.0128488595336105
5966,6.0128488595336105
5967,6.0128488595336105
5968,6.0128488595336105
5969,6.0128488595336105
5970,6.0128488595336105
5971,6.0128488595336105
5972,6.0128488595336105
5973,6.0128488595336105
5974,6.0128488595336105
5975,6.0128488595336105
5976,6.0128488595336105
5977,6.0128488595336105
5978,6.0128488595336105
5979,6.0128488595336105
5980,6.0128488595336105
5981,6.0128488595336105
5982,6.0128488595336105
5983,6.0128488595336105
5984,6.0128488595336105
5985,6.0128488595336105
5986,6.0128488595336105
5987,6.0128488595336105
5988,6.0128488595336105
5989,6.0128488595336105
5990,6.0128488595336105
5991,6.0128488595336105
5992,6.0128488595336105
5993,6.0128488595336105
5994,6.0128488595336105
5995,6.0128488595336105
5996,6.0128488595336105
5997,6.0128488595336105
5998,6.0128488595336105
5999,6.0128488595336105
6000,6.0128488595336105
6001,6.0128488595336105
6002,6.0128488595336105
6003,6.0128488595336105
6004,6.0128488595336105
6005,6.0128488595336105
6006,6.0128488595336105
6007,6.0128488595336105
6008,6.0128488595336105
6009,6.0128488595336105
6010,6.0128488595336105
6011,6.0128488595336105
6012,6.0128488595336105
6013,6.0128488595336105
6014,6.0128488595336105
6015,6.0128488595336105
6016,6.0128488595336105
6017,6.0128488595336105
6018,6.0128488595336105
6019,6.0128488595336105
6020,6.0128488595336105
6021,6.0128488595336105
6022,6.0128488595336105
6023,6.0128488595336105
6024,6.0128488595336105
6025,6.0128488595336105
6026,6.0128488595336105
6027,6.0128488595336105
6028,6.0128488595336105
6029,6.0128488595336105
6030,6.0128488595336105
6031,6.0128488595336105
6032,6.0128488595336105
6033,6.0128488595336105
6034,6.0128488595336105
6035,6.0128488595336105
6036,6.0128488595336105
6037,6.0128488595336105
6038,6.0128488595336105
6039,6.0128488595336105
6040,6.0128488595336105
6041,6.0128488595336105
6042,6.0128488595336105
6043,6.0128488595336105
6044,6.0128488595336105
6045,6.0128488595336105
6046,6.0128488595336105
6047,6.0128488595336105
6048,6.0128488595336105
6049,6.0128488595336105
6050,6.0128488595336105
6051,6.0128488595336105
6052,6.0128488595336105
6053,6.0128488595336105
6054,6.0128488595336105
6055,6.0128488595336105
6056,6.0128488595336105
6057,6.0128488595336105
6058,6.0128488595336105
6059,6.0128488595336105
6060,6.0128488595336105
6061,6.0128488595336105
6062,6.0128488595336105
6063,6.0128488595336105
6064,6.0128488595336105
6065,6.0128488595336105
6066,6.0128488595336105
6067,6.0128488595336105
6068,6.0128488595336105
6069,6.0128488595336105
6070,6.0128488595336105
6071,6.0128488595336105
6072,6.0128488595336105
6073,6.0128488595336105
6074,6.0128488595336105
6075,6.0128488595336105
6076,6.0128488595336105
6077,6.0128488595336105
6078,6.0128488595336105
6079,6.0128488595336105
6080,6.0128488595336105
6081,6.0128488595336105
6082,6.0128488595336105
6083,6.0128488595336105
6084,6.0128488595336105
6085,6.0128488595336105
6086,6.0128488595336105
6087,6.0128488595336105
6088,6.0128488595336105
6089,6.0128488595336105
6090,6.0128488595336105
6091,6.0128488595336105
6092,6.0128488595336105
6093,6.0128488595336105
6094,6.0128488595336105
6095,6.0128488595336105
6096,6.0128488595336105
6097,6.0128488595336105
6098,6.0128488595336105
6099,6.0128488595336105
6100,6.0128488595336105
6101,6.0128488595336105
6102,6.0128488595336105
6103,6.0128488595336105
6104,6.0128488595336105
6105,6.0128488595336105
6106,6.0128488595336105
6107,6.0128488595336105
6108,6.0128488595336105
6109,6.0128488595336105
6110,6.0128488595336105
6111,6.0128488595336105
6112,6.0128488595336105
6113,6.0128488595336105
6114,6.0128488595336105
6115,6.0128488595336105
6116,6.0128488595336105
6117,6.0128488595336105
6118,6.0128488595336105
6119,6.0128488595336105
6120,6.0128488595336105
6121,6.0128488595336105
6122,6.0128488595336105
6123,6.0128488595336105
6124,6.0128488595336105
6125,6.0128488595336105
6126,6.0128488595336105
6127,6.0128488595336105
6128,6.0128488595336105
6129,6.0128488595336105
6130,6.0128488595336105
6131,6.0128488595336105
6132,6.0128488595336105
6133,6.0128488595336105
6134,6.0128488595336105
6135,6.0128488595336105
6136,6.0128488595336105
6137,6.0128488595336105
6138,6.0128488595336105
6139,6.0128488595336105
6140,6.0128488595336105
6141,6.0128488595336105
6142,6.0128488595336105
6143,6.0128488595336105
6144,6.0128488595336105
6145,6.0128488595336105
6146,6.0128488595336105
6147,6.0128488595336105
6148,6.0128488595336105
6149,6.0128488595336105
6150,6.0128488595336105
6151,6.0128488595336105
6152,6.0128488595336105
6153,6.0128488595336105
6154,6.0128488595336105
6155,6.0128488595336105
6156,6.0128488595336105
6157,6.0128488595336105
6158,6.0128488595336105
6159,6.0128488595336105
6160,6.0128488595336105
6161,6.0128488595336105
6162,6.0128488595336105
6163,6.0128488595336105
6164,6.0128488595336105
6165,6.0128488595336105
6166,6.0128488595336105
6167,6.0128488595336105
6168,6.0128488595336105
6169,6.0128488595336105
6170,6.0128488595336105
6171,6.0128488595336105
6172,6.0128488595336105
6173,6.0128488595336105
6174,6.0128488595336105
6175,6.0128488595336105
6176,6.0128488595336105
6177,6.0128488595336105
6178,6.0128488595336105
6179,6.0128488595336105
6180,6.0128488595336105
6181,6.0128488595336105
6182,6.0128488595336105
6183,6.0128488595336105
6184,6.0128488595336105
6185,6.0128488595336105
6186,6.0128488595336105
6187,6.0128488595336105
6188,6.0128488595336105
6189,6.0128488595336105
6190,6.0128488595336105
6191,6.0128488595336105
6192,6.0128488595336105
6193,6.0128488595336105
6194,6.0128488595336105
6195,6.0128488595336105
6196,6.0128488595336105
6197,6.0128488595336105
6198,6.0128488595336105
6199,6.0128488595336105
6200,6.0128488595336105
6201,6.0128488595336105
6202,6.0128488595336105
6203,6.0128488595336105
6204,6.0128488595336105
6205,6.0128488595336105
6206,6.0128488595336105
6207,6.0128488595336105
6208,6.0128488595336105
6209,6.0128488595336105
6210,6.0128488595336105
6211,6.0128488595336105
6212,6.0128488595336105
6213,6.0128488595336105
6214,6.0128488595336105
6215,6.0128488595336105
6216,6.0128488595336105
6217,6.0128488595336105
6218,6.0128488595336105
6219,6.0128488595336105
6220,6.0128488595336105
6221,6.0128488595336105
6222,6.0128488595336105
6223,6.0128488595336105
6224,6.0128488595336105
6225,6.0128488595336105
6226,6.0128488595336105
6227,6.0128488595336105
6228,6.0128488595336105
6229,6.0128488595336105
6230,6.0128488595336105
6231,6.0128488595336105
6232,6.0128488595336105
6233,6.0128488595336105
6234,6.0128488595336105
6235,6.0128488595336105
6236,6.0128488595336105
6237,6.0128488595336105
6238,6.0128488595336105
6239,6.0128488595336105
6240,6.0128488595336105
6241,6.0128488595336105
6242,6.0128488595336105
6243,6.0128488595336105
6244,6.0128488595336105
6245,6.0128488595336105
6246,6.0128488595336105
6247,6.0128488595336105
6248,6.0128488595336105
6249,6.0128488595336105
6250,6.0128488595336105
6251,6.0128488595336105
6252,6.0128488595336105
6253,6.0128488595336105
6254,6.0128488595336105
6255,6.0128488595336105
6256,6.0128488595336105
6257,6.0128488595336105
6258,6.0128488595336105
6259,6.0128488595336105
6260,6.0128488595336105
6261,6.0128488595336105
6262,6.0128488595336105
6263,6.0128488595336105
6264,6.0128488595336105
6265,6.0128488595336105
6266,6.0128488595336105
6267,6.0128488595336105
6268,6.0128488595336105
6269,6.0128488595336105
6270,6.0128488595336105
6271,6.0128488595336105
6272,6.0128488595336105
6273,6.0128488595336105
6274,6.0128488595336105
6275,6.0128488595336105
6276,6.0128488595336105
6277,6.0128488595336105
6278,6.0128488595336105
6279,6.0128488595336105
6280,6.0128488595336105
6281,6.0128488595336105
6282,6.0128488595336105
6283,6.0128488595336105
6284,6.0128488595336105
6285,6.0128488595336105
6286,6.0128488595336105
6287,6.0128488595336105
6288,6.0128488595336105
6289,6.0128488595336105
6290,6.0128488595336105
6291,6.0128488595336105
6292,6.0128488595336105
6293,6.0128488595336105
6294,6.0128488595336105
6295,6.0128488595336105
6296,6.0128488595336105
6297,6.0128488595336105
6298,6.0128488595336105
6299,6.0128488595336105
6300,6.0128488595336105
6301,6.0128488595336105
6302,6.0128488595336105
6303,6.0128488595336105
6304,6.0128488595336105
6305,6.0128488595336105
6306,6.0128488595336105
6307,6.0128488595336105
6308,6.0128488595336105
6309,6.0128488595336105
6310,6.0128488595336105
6311,6.0128488595336105
6312,6.0128488595336105
6313,6.0128488595336105
6314,6.0128488595336105
6315,6.0128488595336105
6316,6.0128488595336105
6317,6.0128488595336105
6318,6.0128488595336105
6319,6.0128488595336105
6320,6.0128488595336105
6321,6.0128488595336105
6322,6.0128488595336105
6323,6.0128488595336105
6324,6.0128488595336105
6325,6.0128488595336105
6326,6.0128488595336105
6327,6.0128488595336105
6328,6.0128488595336105
6329,6.0128488595336105
6330,6.0128488595336105
6331,6.0128488595336105
6332,6.0128488595336105
6333,6.0128488595336105
6334,6.0128488595336105
6335,6.0128488595336105
6336,6.0128488595336105
6337,6.0128488595336105
6338,6.0128488595336105
6339,6.0128488595336105
6340,6.0128488595336105
6341,6.0128488595336105
6342,6.0128488595336105
6343,6.0128488595336105
6344,6.0128488595336105
6345,6.0128488595336105
6346,6.0128488595336105
6347,6.0128488595336105
6348,6.0128488595336105
6349,6.0128488595336105
6350,6.0128488595336105
6351,6.0128488595336105
6352,6.0128488595336105
6353,6.0128488595336105
6354,6.0128488595336105
6355,6.0128488595336105
6356,6.0128488595336105
6357,6.0128488595336105
6358,6.0128488595336105
6359,6.0128488595336105
6360,6.0128488595336105
6361,6.0128488595336105
6362,6.0128488595336105
6363,6.0128488595336105
6364,6.0128488595336105
6365,6.0128488595336105
6366,6.0128488595336105
6367,6.0128488595336105
6368,6.0128488595336105
6369,6.0128488595336105
6370,6.0128488595336105
6371,6.0128488595336105
6372,6.0128488595336105
6373,6.0128488595336105
6374,6.0128488595336105
6375,6.0128488595336105
6376,6.0128488595336105
6377,6.0128488595336105
6378,6.0128488595336105
6379,6.0128488595336105
6380,6.0128488595336105
6381,6.0128488595336105
6382,6.0128488595336105
6383,6.0128488595336105
6384,6.0128488595336105
6385,6.0128488595336105
6386,6.0128488595336105
6387,6.0128488595336105
6388,6.0128488595336105
6389,6.0128488595336105
6390,6.0128488595336105
6391,6.0128488595336105
6392,6.0128488595336105
6393,6.0128488595336105
6394,6.0128488595336105
6395,6.0128488595336105
6396,6.0128488595336105
6397,6.0128488595336105
6398,6.0128488595336105
6399,6.0128488595336105
6400,6.0128488595336105
6401,6.0128488595336105
6402,6.0128488595336105
6403,6.0128488595336105
6404,6.0128488595336105
6405,6.0128488595336105
6406,6.0128488595336105
6407,6.0128488595336105
6408,6.0128488595336105
6409,6.0128488595336105
6410,6.0128488595336105
6411,6.0128488595336105
6412,6.0128488595336105
6413,6.0128488595336105
6414,6.0128488595336105
6415,6.0128488595336105
6416,6.0128488595336105
6417,6.0128488595336105
6418,6.0128488595336105
6419,6.0128488595336105
6420,6.0128488595336105
6421,6.0128488595336105
6422,6.0128488595336105
6423,6.0128488595336105
6424,6.0128488595336105
6425,6.0128488595336105
6426,6.0128488595336105
6427,6.0128488595336105
6428,6.0128488595336105
6429,6.0128488595336105
6430,6.0128488595336105
6431,6.0128488595336105
6432,6.0128488595336105
6433,6.0128488595336105
6434,6.0128488595336105
6435,6.0128488595336105
6436,6.0128488595336105
6437,6.0128488595336105
6438,6.0128488595336105
6439,6.0128488595336105
6440,6.0128488595336105
6441,6.0128488595336105
6442,6.0128488595336105
6443,6.0128488595336105
6444,6.0128488595336105
6445,6.0128488595336105
6446,6.0128488595336105
6447,6.0128488595336105
6448,6.0128488595336105
6449,6.0128488595336105
6450,6.0128488595336105
6451,6.0128488595336105
6452,6.0128488595336105
6453,6.0128488595336105
6454,6.0128488595336105
6455,6.0128488595336105
6456,6.0128488595336105
6457,6.0128488595336105
6458,6.0128488595336105
6459,6.0128488595336105
6460,6.0128488595336105
6461,6.0128488595336105
6462,6.0128488595336105
6463,6.0128488595336105
6464,6.0128488595336105
6465,6.0128488595336105
6466,6.0128488595336105
6467,6.0128488595336105
6468,6.0128488595336105
6469,6.0128488595336105
6470,6.0128488595336105
6471,6.0128488595336105
6472,6.0128488595336105
6473,6.0128488595336105
6474,6.0128488595336105
6475,6.0128488595336105
6476,6.0128488595336105
6477,6.0128488595336105
6478,6.0128488595336105
6479,6.0128488595336105
6480,6.0128488595336105
6481,6.0128488595336105
6482,6.0128488595336105
6483,6.0128488595336105
6484,6.0128488595336105
6485,6.0128488595336105
6486,6.0128488595336105
6487,6.0128488595336105
6488,6.0128488595336105
6489,6.0128488595336105
6490,6.0128488595336105
6491,6.0128488595336105
6492,6.0128488595336105
6493,6.0128488595336105
6494,6.0128488595336105
6495,6.0128488595336105
6496,6.0128488595336105
6497,6.0128488595336105
6498,6.0128488595336105
6499,6.0128488595336105
6500,6.0128488595336105
6501,6.0128488595336105
6502,6.0128488595336105
6503,6.0128488595336105
6504,6.0128488595336105
6505,6.0128488595336105
6506,6.0128488595336105
6507,6.0128488595336105
6508,6.0128488595336105
6509,6.0128488595336105
6510,6.0128488595336105
6511,6.0128488595336105
6512,6.0128488595336105
6513,6.0128488595336105
6514,6.0128488595336105
6515,6.0128488595336105
6516,6.0128488595336105
6517,6.0128488595336105
6518,6.0128488595336105
6519,6.0128488595336105
6520,6.0128488595336105
6521,6.0128488595336105
6522,6.0128488595336105
6523,6.0128488595336105
6524,6.0128488595336105
6525,6.0128488595336105
6526,6.0128488595336105
6527,6.0128488595336105
6528,6.0128488595336105
6529,6.0128488595336105
6530,6.0128488595336105
6531,6.0128488595336105
6532,6.0128488595336105
6533,6.0128488595336105
6534,6.0128488595336105
6535,6.0128488595336105
6536,6.0128488595336105
6537,6.0128488595336105
6538,6.0128488595336105
6539,6.0128488595336105
6540,6.0128488595336105
6541,6.0128488595336105
6542,6.0128488595336105
6543,6.0128488595336105
6544,6.0128488595336105
6545,6.0128488595336105
6546,6.0128488595336105
6547,6.0128488595336105
6548,6.0128488595336105
6549,6.0128488595336105
6550,6.0128488595336105
6551,6.0128488595336105
6552,6.0128488595336105
6553,6.0128488595336105
6554,6.0128488595336105
6555,6.0128488595336105
6556,6.0128488595336105
6557,6.0128488595336105
6558,6.0128488595336105
6559,6.0128488595336105
6560,6.0128488595336105
6561,6.0128488595336105
6562,6.0128488595336105
6563,6.0128488595336105
6564,6.0128488595336105
6565,6.0128488595336105
6566,6.0128488595336105
6567,6.0128488595336105
6568,6.0128488595336105
6569,6.0128488595336105
6570,6.0128488595336105
6571,6.0128488595336105
6572,6.0128488595336105
6573,6.0128488595336105
6574,6.0128488595336105
6575,6.0128488595336105
6576,6.0128488595336105
6577,6.0128488595336105
6578,6.0128488595336105
6579,6.0128488595336105
6580,6.0128488595336105
6581,6.0128488595336105
6582,6.0128488595336105
6583,6.0128488595336105
6584,6.0128488595336105
6585,6.0128488595336105
6586,6.0128488595336105
6587,6.0128488595336105
6588,6.0128488595336105
6589,6.0128488595336105
6590,6.0128488595336105
6591,6.0128488595336105
6592,6.0128488595336105
6593,6.0128488595336105
6594,6.0128488595336105
6595,6.0128488595336105
6596,6.0128488595336105
6597,6.0128488595336105
6598,6.0128488595336105
6599,6.0128488595336105
6600,6.0128488595336105
6601,6.0128488595336105
6602,6.0128488595336105
6603,6.0128488595336105
6604,6.0128488595336105
6605,6.0128488595336105
6606,6.0128488595336105
6607,6.0128488595336105
6608,6.0128488595336105
6609,6.0128488595336105
6610,6.0128488595336105
6611,6.0128488595336105
6612,6.0128488595336105
6613,6.0128488595336105
6614,6.0128488595336105
6615,6.0128488595336105
6616,6.0128488595336105
6617,6.0128488595336105
6618,6.0128488595336105
6619,6.0128488595336105
6620,6.0128488595336105
6621,6.0128488595336105
6622,6.0128488595336105
6623,6.0128488595336105
6624,6.0128488595336105
6625,6.0128488595336105
6626,6.0128488595336105
6627,6.0128488595336105
6628,6.0128488595336105
6629,6.0128488595336105
6630,6.0128488595336105
6631,6.0128488595336105
6632,6.0128488595336105
6633,6.0128488595336105
6634,6.0128488595336105
6635,6.0128488595336105
6636,6.0128488595336105
6637,6.0128488595336105
6638,6.0128488595336105
6639,6.0128488595336105
6640,6.0128488595336105
6641,6.0128488595336105
6642,6.0128488595336105
6643,6.0128488595336105
6644,6.0128488595336105
6645,6.0128488595336105
6646,6.0128488595336105
6647,6.0128488595336105
6648,6.0128488595336105
6649,6.0128488595336105
6650,6.0128488595336105
6651,6.0128488595336105
6652,6.0128488595336105
6653,6.0128488595336105
6654,6.0128488595336105
6655,6.0128488595336105
6656,6.0128488595336105
6657,6.0128488595336105
6658,6.0128488595336105
6659,6.0128488595336105
6660,6.0128488595336105
6661,6.0128488595336105
6662,6.0128488595336105
6663,6.0128488595336105
6664,6.0128488595336105
6665,6.0128488595336105
6666,6.0128488595336105
6667,6.0128488595336105
6668,6.0128488595336105
6669,6.0128488595336105
6670,6.0128488595336105
6671,6.0128488595336105
6672,6.0128488595336105
6673,6.0128488595336105
6674,6.0128488595336105
6675,6.0128488595336105
6676,6.0128488595336105
6677,6.0128488595336105
6678,6.0128488595336105
6679,6.0128488595336105
6680,6.0128488595336105
6681,6.0128488595336105
6682,6.0128488595336105
6683,6.0128488595336105
6684,6.0128488595336105
6685,6.0128488595336105
6686,6.0128488595336105
6687,6.0128488595336105
6688,6.0128488595336105
6689,6.0128488595336105
6690,6.0128488595336105
6691,6.0128488595336105
6692,6.0128488595336105
6693,6.0128488595336105
6694,6.0128488595336105
6695,6.0128488595336105
6696,6.0128488595336105
6697,6.0128488595336105
6698,6.0128488595336105
6699,6.0128488595336105
6700,6.0128488595336105
6701,6.0128488595336105
6702,6.0128488595336105
6703,6.0128488595336105
6704,6.0128488595336105
6705,6.0128488595336105
6706,6.0128488595336105
6707,6.0128488595336105
6708,6.0128488595336105
6709,6.0128488595336105
6710,6.0128488595336105
6711,6.0128488595336105
6712,6.0128488595336105
6713,6.0128488595336105
6714,6.0128488595336105
6715,6.0128488595336105
6716,6.0128488595336105
6717,6.0128488595336105
6718,6.0128488595336105
6719,6.0128488595336105
6720,6.0128488595336105
6721,6.0128488595336105
6722,6.0128488595336105
6723,6.0128488595336105
6724,6.0128488595336105
6725,6.0128488595336105
6726,6.0128488595336105
6727,6.0128488595336105
6728,6.0128488595336105
6729,6.0128488595336105
6730,6.0128488595336105
6731,6.0128488595336105
6732,6.0128488595336105
6733,6.0128488595336105
6734,6.0128488595336105
6735,6.0128488595336105
6736,6.0128488595336105
6737,6.0128488595336105
6738,6.0128488595336105
6739,6.0128488595336105
6740,6.0128488595336105
6741,6.0128488595336105
6742,6.0128488595336105
6743,6.0128488595336105
6744,6.0128488595336105
6745,6.0128488595336105
6746,6.0128488595336105
6747,6.0128488595336105
6748,6.0128488595336105
6749,6.0128488595336105
6750,6.0128488595336105
6751,6.0128488595336105
6752,6.0128488595336105
6753,6.0128488595336105
6754,6.0128488595336105
6755,6.0128488595336105
6756,6.0128488595336105
6757,6.0128488595336105
6758,6.0128488595336105
6759,6.0128488595336105
6760,6.0128488595336105
6761,6.0128488595336105
6762,6.0128488595336105
6763,6.0128488595336105
6764,6.0128488595336105
6765,6.0128488595336105
6766,6.0128488595336105
6767,6.0128488595336105
6768,6.0128488595336105
6769,6.0128488595336105
6770,6.0128488595336105
6771,6.0128488595336105
6772,6.0128488595336105
6773,6.0128488595336105
6774,6.0128488595336105
6775,6.0128488595336105
6776,6.0128488595336105
6777,6.0128488595336105
6778,6.0128488595336105
6779,6.0128488595336105
6780,6.0128488595336105
6781,6.0128488595336105
6782,6.0128488595336105
6783,6.0128488595336105
6784,6.0128488595336105
6785,6.0128488595336105
6786,6.0128488595336105
6787,6.0128488595336105
6788,6.0128488595336105
6789,6.0128488595336105
6790,6.0128488595336105
6791,6.0128488595336105
6792,6.0128488595336105
6793,6.0128488595336105
6794,6.0128488595336105
6795,6.0128488595336105
6796,6.0128488595336105
6797,6.0128488595336105
6798,6.0128488595336105
6799,6.0128488595336105
6800,6.0128488595336105
6801,6.0128488595336105
6802,6.0128488595336105
6803,6.0128488595336105
6804,6.0128488595336105
6805,6.0128488595336105
6806,6.0128488595336105
6807,6.0128488595336105
6808,6.0128488595336105
6809,6.0128488595336105
6810,6.0128488595336105
6811,6.0128488595336105
6812,6.0128488595336105
6813,6.0128488595336105
6814,6.0128488595336105
6815,6.0128488595336105
6816,6.0128488595336105
6817,6.0128488595336105
6818,6.0128488595336105
6819,6.0128488595336105
6820,6.0128488595336105
6821,6.0128488595336105
6822,6.0128488595336105
6823,6.0128488595336105
6824,6.0128488595336105
6825,6.0128488595336105
6826,6.0128488595336105
6827,6.0128488595336105
6828,6.0128488595336105
6829,6.0128488595336105
6830,6.0128488595336105
6831,6.0128488595336105
6832,6.0128488595336105
6833,6.0128488595336105
6834,6.0128488595336105
6835,6.0128488595336105
6836,6.0128488595336105
6837,6.0128488595336105
6838,6.0128488595336105
6839,6.0128488595336105
6840,6.0128488595336105
6841,6.0128488595336105
6842,6.0128488595336105
6843,6.0128488595336105
6844,6.0128488595336105
6845,6.0128488595336105
6846,6.0128488595336105
6847,6.0128488595336105
6848,6.0128488595336105
6849,6.0128488595336105
6850,6.0128488595336105
6851,6.0128488595336105
6852,6.0128488595336105
6853,6.0128488595336105
6854,6.0128488595336105
6855,6.0128488595336105
6856,6.0128488595336105
6857,6.0128488595336105
6858,6.0128488595336105
6859,6.0128488595336105
6860,6.0128488595336105
6861,6.0128488595336105
6862,6.0128488595336105
6863,6.0128488595336105
6864,6.0128488595336105
6865,6.0128488595336105
6866,6.0128488595336105
6867,6.0128488595336105
6868,6.0128488595336105
6869,6.0128488595336105
6870,6.0128488595336105
6871,6.0128488595336105
6872,6.0128488595336105
6873,6.0128488595336105
6874,6.0128488595336105
6875,6.0128488595336105
6876,6.0128488595336105
6877,6.0128488595336105
6878,6.0128488595336105
6879,6.0128488595336105
6880,6.0128488595336105
6881,6.0128488595336105
6882,6.0128488595336105
6883,6.0128488595336105
6884,6.0128488595336105
6885,6.0128488595336105
6886,6.0128488595336105
6887,6.0128488595336105
6888,6.0128488595336105
6889,6.0128488595336105
6890,6.0128488595336105
6891,6.0128488595336105
6892,6.0128488595336105
6893,6.0128488595336105
6894,6.0128488595336105
6895,6.0128488595336105
6896,6.0128488595336105
6897,6.0128488595336105
6898,6.0128488595336105
6899,6.0128488595336105
6900,6.0128488595336105
6901,6.0128488595336105
6902,6.0128488595336105
6903,6.0128488595336105
6904,6.0128488595336105
6905,6.0128488595336105
6906,6.0128488595336105
6907,6.0128488595336105
6908,6.0128488595336105
6909,6.0128488595336105
6910,6.0128488595336105
6911,6.0128488595336105
6912,6.0128488595336105
6913,6.0128488595336105
6914,6.0128488595336105
6915,6.0128488595336105
6916,6.0128488595336105
6917,6.0128488595336105
6918,6.0128488595336105
6919,6.0128488595336105
6920,6.0128488595336105
6921,6.0128488595336105
6922,6.0128488595336105
6923,6.0128488595336105
6924,6.0128488595336105
6925,6.0128488595336105
6926,6.0128488595336105
6927,6.0128488595336105
6928,6.0128488595336105
6929,6.0128488595336105
6930,6.0128488595336105
6931,6.0128488595336105
6932,6.0128488595336105
6933,6.0128488595336105
6934,6.0128488595336105
6935,6.0128488595336105
6936,6.0128488595336105
6937,6.0128488595336105
6938,6.0128488595336105
6939,6.0128488595336105
6940,6.0128488595336105
6941,6.0128488595336105
6942,6.0128488595336105
6943,6.0128488595336105
6944,6.0128488595336105
6945,6.0128488595336105
6946,6.0128488595336105
6947,6.0128488595336105
6948,6.0128488595336105
6949,6.0128488595336105
6950,6.0128488595336105
6951,6.0128488595336105
6952,6.0128488595336105
6953,6.0128488595336105
6954,6.0128488595336105
6955,6.0128488595336105
6956,6.0128488595336105
6957,6.0128488595336105
6958,6.0128488595336105
6959,6.0128488595336105
6960,6.0128488595336105
6961,6.0128488595336105
6962,6.0128488595336105
6963,6.0128488595336105
6964,6.0128488595336105
6965,6.0128488595336105
6966,6.0128488595336105
6967,6.0128488595336105
6968,6.0128488595336105
6969,6.0128488595336105
6970,6.0128488595336105
6971,6.0128488595336105
6972,6.0128488595336105
6973,6.0128488595336105
6974,6.0128488595336105
6975,6.0128488595336105
6976,6.0128488595336105
6977,6.0128488595336105
6978,6.0128488595336105
6979,6.0128488595336105
6980,6.0128488595336105
6981,6.0128488595336105
6982,6.0128488595336105
6983,6.0128488595336105
6984,6.0128488595336105
6985,6.0128488595336105
6986,6.0128488595336105
6987,6.0128488595336105
6988,6.0128488595336105
6989,6.0128488595336105
6990,6.0128488595336105
6991,6.0128488595336105
6992,6.0128488595336105
6993,6.0128488595336105
6994,6.0128488595336105
6995,6.0128488595336105
6996,6.0128488595336105
6997,6.0128488595336105
6998,6.0128488595336105
6999,6.0128488595336105
7000,6.0128488595336105
7001,6.0128488595336105
7002,6.0128488595336105
7003,6.0128488595336105
7004,6.0128488595336105
7005,6.0128488595336105
7006,6.0128488595336105
7007,6.0128488595336105
7008,6.0128488595336105
7009,6.0128488595336105
7010,6.0128488595336105
7011,6.0128488595336105
7012,6.0128488595336105
7013,6.0128488595336105
7014,6.0128488595336105
7015,6.0128488595336105
7016,6.0128488595336105
7017,6.0128488595336105
7018,6.0128488595336105
7019,6.0128488595336105
7020,6.0128488595336105
7021,6.0128488595336105
7022,6.0128488595336105
7023,6.0128488595336105
7024,6.0128488595336105
7025,6.0128488595336105
7026,6.0128488595336105
7027,6.0128488595336105
7028,6.0128488595336105
7029,6.0128488595336105
7030,6.0128488595336105
7031,6.0128488595336105
7032,6.0128488595336105
7033,6.0128488595336105
7034,6.0128488595336105
7035,6.0128488595336105
7036,6.0128488595336105
7037,6.0128488595336105
7038,6.0128488595336105
7039,6.0128488595336105
7040,6.0128488595336105
7041,6.0128488595336105
7042,6.0128488595336105
7043,6.0128488595336105
7044,6.0128488595336105
7045,6.0128488595336105
7046,6.0128488595336105
7047,6.0128488595336105
7048,6.0128488595336105
7049,6.0128488595336105
7050,6.0128488595336105
7051,6.0128488595336105
7052,6.0128488595336105
7053,6.0128488595336105
7054,6.0128488595336105
7055,6.0128488595336105
7056,6.0128488595336105
7057,6.0128488595336105
7058,6.0128488595336105
7059,6.0128488595336105
7060,6.0128488595336105
7061,6.0128488595336105
7062,6.0128488595336105
7063,6.0128488595336105
7064,6.0128488595336105
7065,6.0128488595336105
7066,6.0128488595336105
7067,6.0128488595336105
7068,6.0128488595336105
7069,6.0128488595336105
7070,6.0128488595336105
7071,6.0128488595336105
7072,6.0128488595336105
7073,6.0128488595336105
7074,6.0128488595336105
7075,6.0128488595336105
7076,6.0128488595336105
7077,6.0128488595336105
7078,6.0128488595336105
7079,6.0128488595336105
7080,6.0128488595336105
7081,6.0128488595336105
7082,6.0128488595336105
7083,6.0128488595336105
7084,6.0128488595336105
7085,6.0128488595336105
7086,6.0128488595336105
7087,6.0128488595336105
7088,6.0128488595336105
7089,6.0128488595336105
7090,6.0128488595336105
7091,6.0128488595336105
7092,6.0128488595336105
7093,6.0128488595336105
7094,6.0128488595336105
7095,6.0128488595336105
7096,6.0128488595336105
7097,6.0128488595336105
7098,6.0128488595336105
7099,6.0128488595336105
7100,6.0128488595336105
7101,6.0128488595336105
7102,6.0128488595336105
7103,6.0128488595336105
7104,6.0128488595336105
7105,6.0128488595336105
7106,6.0128488595336105
7107,6.0128488595336105
7108,6.0128488595336105
7109,6.0128488595336105
7110,6.0128488595336105
7111,6.0128488595336105
7112,6.0128488595336105
7113,6.0128488595336105
7114,6.0128488595336105
7115,6.0128488595336105
7116,6.0128488595336105
7117,6.0128488595336105
7118,6.0128488595336105
7119,6.0128488595336105
7120,6.0128488595336105
7121,6.0128488595336105
7122,6.0128488595336105
7123,6.0128488595336105
7124,6.0128488595336105
7125,6.0128488595336105
7126,6.0128488595336105
7127,6.0128488595336105
7128,6.0128488595336105
7129,6.0128488595336105
7130,6.0128488595336105
7131,6.0128488595336105
7132,6.0128488595336105
7133,6.0128488595336105
7134,6.0128488595336105
7135,6.0128488595336105
7136,6.0128488595336105
7137,6.0128488595336105
7138,6.0128488595336105
7139,6.0128488595336105
7140,6.0128488595336105
7141,6.0128488595336105
7142,6.0128488595336105
7143,6.0128488595336105
7144,6.0128488595336105
7145,6.0128488595336105
7146,6.0128488595336105
7147,6.0128488595336105
7148,6.0128488595336105
7149,6.0128488595336105
7150,6.0128488595336105
7151,6.0128488595336105
7152,6.0128488595336105
7153,6.0128488595336105
7154,6.0128488595336105
7155,6.0128488595336105
7156,6.0128488595336105
7157,6.0128488595336105
7158,6.0128488595336105
7159,6.0128488595336105
7160,6.0128488595336105
7161,6.0128488595336105
7162,6.0128488595336105
7163,6.0128488595336105
7164,6.0128488595336105
7165,6.0128488595336105
7166,6.0128488595336105
7167,6.0128488595336105
7168,6.0128488595336105
7169,6.0128488595336105
7170,6.0128488595336105
7171,6.0128488595336105
7172,6.0128488595336105
7173,6.0128488595336105
7174,6.0128488595336105
7175,6.0128488595336105
7176,6.0128488595336105
7177,6.0128488595336105
7178,6.0128488595336105
7179,6.0128488595336105
7180,6.0128488595336105
7181,6.0128488595336105
7182,6.0128488595336105
7183,6.0128488595336105
7184,6.0128488595336105
7185,6.0128488595336105
7186,6.0128488595336105
7187,6.0128488595336105
7188,6.0128488595336105
7189,6.0128488595336105
7190,6.0128488595336105
7191,6.0128488595336105
7192,6.0128488595336105
7193,6.0128488595336105
7194,6.0128488595336105
7195,6.0128488595336105
7196,6.0128488595336105
7197,6.0128488595336105
7198,6.0128488595336105
7199,6.0128488595336105
7200,6.0128488595336105
7201,6.0128488595336105
7202,6.0128488595336105
7203,6.0128488595336105
7204,6.0128488595336105
7205,6.0128488595336105
7206,6.0128488595336105
7207,6.0128488595336105
7208,6.0128488595336105
7209,6.0128488595336105
7210,6.0128488595336105
7211,6.0128488595336105
7212,6.0128488595336105
7213,6.0128488595336105
7214,6.0128488595336105
7215,6.0128488595336105
7216,6.0128488595336105
7217,6.0128488595336105
7218,6.0128488595336105
7219,6.0128488595336105
7220,6.0128488595336105
7221,6.0128488595336105
7222,6.0128488595336105
7223,6.0128488595336105
7224,6.0128488595336105
7225,6.0128488595336105
7226,6.0128488595336105
7227,6.0128488595336105
7228,6.0128488595336105
7229,6.0128488595336105
7230,6.0128488595336105
7231,6.0128488595336105
7232,6.0128488595336105
7233,6.0128488595336105
7234,6.0128488595336105
7235,6.0128488595336105
7236,6.0128488595336105
7237,6.0128488595336105
7238,6.0128488595336105
7239,6.0128488595336105
7240,6.0128488595336105
7241,6.0128488595336105
7242,6.0128488595336105
7243,6.0128488595336105
7244,6.0128488595336105
7245,6.0128488595336105
7246,6.0128488595336105
7247,6.0128488595336105
7248,6.0128488595336105
7249,6.0128488595336105
7250,6.0128488595336105
7251,6.0128488595336105
7252,6.0128488595336105
7253,6.0128488595336105
7254,6.0128488595336105
7255,6.0128488595336105
7256,6.0128488595336105
7257,6.0128488595336105
7258,6.0128488595336105
7259,6.0128488595336105
7260,6.0128488595336105
7261,6.0128488595336105
7262,6.0128488595336105
7263,6.0128488595336105
7264,6.0128488595336105
7265,6.0128488595336105
7266,6.0128488595336105
7267,6.0128488595336105
7268,6.0128488595336105
7269,6.0128488595336105
7270,6.0128488595336105
7271,6.0128488595336105
7272,6.0128488595336105
7273,6.0128488595336105
7274,6.0128488595336105
7275,6.0128488595336105
7276,6.0128488595336105
7277,6.0128488595336105
7278,6.0128488595336105
7279,6.0128488595336105
7280,6.0128488595336105
7281,6.0128488595336105
7282,6.0128488595336105
7283,6.0128488595336105
7284,6.0128488595336105
7285,6.0128488595336105
7286,6.0128488595336105
7287,6.0128488595336105
7288,6.0128488595336105
7289,6.0128488595336105
7290,6.0128488595336105
7291,6.0128488595336105
7292,6.0128488595336105
7293,6.0128488595336105
7294,6.0128488595336105
7295,6.0128488595336105
7296,6.0128488595336105
7297,6.0128488595336105
7298,6.0128488595336105
7299,6.0128488595336105
7300,6.0128488595336105
7301,6.0128488595336105
7302,6.0128488595336105
7303,6.0128488595336105
7304,6.0128488595336105
7305,6.0128488595336105
7306,6.0128488595336105
7307,6.0128488595336105
7308,6.0128488595336105
7309,6.0128488595336105
7310,6.0128488595336105
7311,6.0128488595336105
7312,6.0128488595336105
7313,6.0128488595336105
7314,6.0128488595336105
7315,6.0128488595336105
7316,6.0128488595336105
7317,6.0128488595336105
7318,6.0128488595336105
7319,6.0128488595336105
7320,6.0128488595336105
7321,6.0128488595336105
7322,6.0128488595336105
7323,6.0128488595336105
7324,6.0128488595336105
7325,6.0128488595336105
7326,6.0128488595336105
7327,6.0128488595336105
7328,6.0128488595336105
7329,6.0128488595336105
7330,6.0128488595336105
7331,6.0128488595336105
7332,6.0128488595336105
7333,6.0128488595336105
7334,6.0128488595336105
7335,6.0128488595336105
7336,6.0128488595336105
7337,6.0128488595336105
7338,6.0128488595336105
7339,6.0128488595336105
7340,6.0128488595336105
7341,6.0128488595336105
7342,6.0128488595336105
7343,6.0128488595336105
7344,6.0128488595336105
7345,6.0128488595336105
7346,6.0128488595336105
7347,6.0128488595336105
7348,6.0128488595336105
7349,6.0128488595336105
7350,6.0128488595336105
7351,6.0128488595336105
7352,6.0128488595336105
7353,6.0128488595336105
7354,6.0128488595336105
7355,6.0128488595336105
7356,6.0128488595336105
7357,6.0128488595336105
7358,6.0128488595336105
7359,6.0128488595336105
7360,6.0128488595336105
7361,6.0128488595336105
7362,6.0128488595336105
7363,6.0128488595336105
7364,6.0128488595336105
7365,6.0128488595336105
7366,6.0128488595336105
7367,6.0128488595336105
7368,6.0128488595336105
7369,6.0128488595336105
7370,6.0128488595336105
7371,6.0128488595336105
7372,6.0128488595336105
7373,6.0128488595336105
7374,6.0128488595336105
7375,6.0128488595336105
7376,6.0128488595336105
7377,6.0128488595336105
7378,6.0128488595336105
7379,6.0128488595336105
7380,6.0128488595336105
7381,6.0128488595336105
7382,6.0128488595336105
7383,6.0128488595336105
7384,6.0128488595336105
7385,6.0128488595336105
7386,6.0128488595336105
7387,6.0128488595336105
7388,6.0128488595336105
7389,6.0128488595336105
7390,6.0128488595336105
7391,6.0128488595336105
7392,6.0128488595336105
7393,6.0128488595336105
7394,6.0128488595336105
7395,6.0128488595336105
7396,6.0128488595336105
7397,6.0128488595336105
7398,6.0128488595336105
7399,6.0128488595336105
7400,6.0128488595336105
7401,6.0128488595336105
7402,6.0128488595336105
7403,6.0128488595336105
7404,6.0128488595336105
7405,6.0128488595336105
7406,6.0128488595336105
7407,6.0128488595336105
7408,6.0128488595336105
7409,6.0128488595336105
7410,6.0128488595336105
7411,6.0128488595336105
7412,6.0128488595336105
7413,6.0128488595336105
7414,6.0128488595336105
7415,6.0128488595336105
7416,6.0128488595336105
7417,6.0128488595336105
7418,6.0128488595336105
7419,6.0128488595336105
7420,6.0128488595336105
7421,6.0128488595336105
7422,6.0128488595336105
7423,6.0128488595336105
7424,6.0128488595336105
7425,6.0128488595336105
7426,6.0128488595336105
7427,6.0128488595336105
7428,6.0128488595336105
7429,6.0128488595336105
7430,6.0128488595336105
7431,6.0128488595336105
7432,6.0128488595336105
7433,6.0128488595336105
7434,6.0128488595336105
7435,6.0128488595336105
7436,6.0128488595336105
7437,6.0128488595336105
7438,6.0128488595336105
7439,6.0128488595336105
7440,6.0128488595336105
7441,6.0128488595336105
7442,6.0128488595336105
7443,6.0128488595336105
7444,6.0128488595336105
7445,6.0128488595336105
7446,6.0128488595336105
7447,6.0128488595336105
7448,6.0128488595336105
7449,6.0128488595336105
7450,6.0128488595336105
7451,6.0128488595336105
7452,6.0128488595336105
7453,6.0128488595336105
7454,6.0128488595336105
7455,6.0128488595336105
7456,6.0128488595336105
7457,6.0128488595336105
7458,6.0128488595336105
7459,6.0128488595336105
7460,6.0128488595336105
7461,6.0128488595336105
7462,6.0128488595336105
7463,6.0128488595336105
7464,6.0128488595336105
7465,6.0128488595336105
7466,6.0128488595336105
7467,6.0128488595336105
7468,6.0128488595336105
7469,6.0128488595336105
7470,6.0128488595336105
7471,6.0128488595336105
7472,6.0128488595336105
7473,6.0128488595336105
7474,6.0128488595336105
7475,6.0128488595336105
7476,6.0128488595336105
7477,6.0128488595336105
7478,6.0128488595336105
7479,6.0128488595336105
7480,6.0128488595336105
7481,6.0128488595336105
7482,6.0128488595336105
7483,6.0128488595336105
7484,6.0128488595336105
7485,6.0128488595336105
7486,6.0128488595336105
7487,6.0128488595336105
7488,6.0128488595336105
7489,6.0128488595336105
7490,6.0128488595336105
7491,6.0128488595336105
7492,6.0128488595336105
7493,6.0128488595336105
7494,6.0128488595336105
7495,6.0128488595336105
7496,6.0128488595336105
7497,6.0128488595336105
7498,6.0128488595336105
7499,6.0128488595336105
7500,6.0128488595336105
7501,6.0128488595336105
7502,6.0128488595336105
7503,6.0128488595336105
7504,6.0128488595336105
7505,6.0128488595336105
7506,6.0128488595336105
7507,6.0128488595336105
7508,6.0128488595336105
7509,6.0128488595336105
7510,6.0128488595336105
7511,6.0128488595336105
7512,6.0128488595336105
7513,6.0128488595336105
7514,6.0128488595336105
7515,6.0128488595336105
7516,6.0128488595336105
7517,6.0128488595336105
7518,6.0128488595336105
7519,6.0128488595336105
7520,6.0128488595336105
7521,6.0128488595336105
7522,6.0128488595336105
7523,6.0128488595336105
7524,6.0128488595336105
7525,6.0128488595336105
7526,6.0128488595336105
7527,6.0128488595336105
7528,6.0128488595336105
7529,6.0128488595336105
7530,6.0128488595336105
7531,6.0128488595336105
7532,6.0128488595336105
7533,6.0128488595336105
7534,6.0128488595336105
7535,6.0128488595336105
7536,6.0128488595336105
7537,6.0128488595336105
7538,6.0128488595336105
7539,6.0128488595336105
7540,6.0128488595336105
7541,6.0128488595336105
7542,6.0128488595336105
7543,6.0128488595336105
7544,6.0128488595336105
7545,6.0128488595336105
7546,6.0128488595336105
7547,6.0128488595336105
7548,6.0128488595336105
7549,6.0128488595336105
7550,6.0128488595336105
7551,6.0128488595336105
7552,6.0128488595336105
7553,6.0128488595336105
7554,6.0128488595336105
7555,6.0128488595336105
7556,6.0128488595336105
7557,6.0128488595336105
7558,6.0128488595336105
7559,6.0128488595336105
7560,6.0128488595336105
7561,6.0128488595336105
7562,6.0128488595336105
7563,6.0128488595336105
7564,6.0128488595336105
7565,6.0128488595336105
7566,6.0128488595336105
7567,6.0128488595336105
7568,6.0128488595336105
7569,6.0128488595336105
7570,6.0128488595336105
7571,6.0128488595336105
7572,6.0128488595336105
7573,6.0128488595336105
7574,6.0128488595336105
7575,6.0128488595336105
7576,6.0128488595336105
7577,6.0128488595336105
7578,6.0128488595336105
7579,6.0128488595336105
7580,6.0128488595336105
7581,6.0128488595336105
7582,6.0128488595336105
7583,6.0128488595336105
7584,6.0128488595336105
7585,6.0128488595336105
7586,6.0128488595336105
7587,6.0128488595336105
7588,6.0128488595336105
7589,6.0128488595336105
7590,6.0128488595336105
7591,6.0128488595336105
7592,6.0128488595336105
7593,6.0128488595336105
7594,6.0128488595336105
7595,6.0128488595336105
7596,6.0128488595336105
7597,6.0128488595336105
7598,6.0128488595336105
7599,6.0128488595336105
7600,6.0128488595336105
7601,6.0128488595336105
7602,6.0128488595336105
7603,6.0128488595336105
7604,6.0128488595336105
7605,6.0128488595336105
7606,6.0128488595336105
7607,6.0128488595336105
7608,6.0128488595336105
7609,6.0128488595336105
7610,6.0128488595336105
7611,6.0128488595336105
7612,6.0128488595336105
7613,6.0128488595336105
7614,6.0128488595336105
7615,6.0128488595336105
7616,6.0128488595336105
7617,6.0128488595336105
7618,6.0128488595336105
7619,6.0128488595336105
7620,6.0128488595336105
7621,6.0128488595336105
7622,6.0128488595336105
7623,6.0128488595336105
7624,6.0128488595336105
7625,6.0128488595336105
7626,6.0128488595336105
7627,6.0128488595336105
7628,6.0128488595336105
7629,6.0128488595336105
7630,6.0128488595336105
7631,6.0128488595336105
7632,6.0128488595336105
7633,6.0128488595336105
7634,6.0128488595336105
7635,6.0128488595336105
7636,6.0128488595336105
7637,6.0128488595336105
7638,6.0128488595336105
7639,6.0128488595336105
7640,6.0128488595336105
7641,6.0128488595336105
7642,6.0128488595336105
7643,6.0128488595336105
7644,6.0128488595336105
7645,6.0128488595336105
7646,6.0128488595336105
7647,6.0128488595336105
7648,6.0128488595336105
7649,6.0128488595336105
7650,6.0128488595336105
7651,6.0128488595336105
7652,6.0128488595336105
7653,6.0128488595336105
7654,6.0128488595336105
7655,6.0128488595336105
7656,6.0128488595336105
7657,6.0128488595336105
7658,6.0128488595336105
7659,6.0128488595336105
7660,6.0128488595336105
7661,6.0128488595336105
7662,6.0128488595336105
7663,6.0128488595336105
7664,6.0128488595336105
7665,6.0128488595336105
7666,6.0128488595336105
7667,6.0128488595336105
7668,6.0128488595336105
7669,6.0128488595336105
7670,6.0128488595336105
7671,6.0128488595336105
7672,6.0128488595336105
7673,6.0128488595336105
7674,6.0128488595336105
7675,6.0128488595336105
7676,6.0128488595336105
7677,6.0128488595336105
7678,6.0128488595336105
7679,6.0128488595336105
7680,6.0128488595336105
7681,6.0128488595336105
7682,6.0128488595336105
7683,6.0128488595336105
7684,6.0128488595336105
7685,6.0128488595336105
7686,6.0128488595336105
7687,6.0128488595336105
7688,6.0128488595336105
7689,6.0128488595336105
7690,6.0128488595336105
7691,6.0128488595336105
7692,6.0128488595336105
7693,6.0128488595336105
7694,6.0128488595336105
7695,6.0128488595336105
7696,6.0128488595336105
7697,6.0128488595336105
7698,6.0128488595336105
7699,6.0128488595336105
7700,6.0128488595336105
7701,6.0128488595336105
7702,6.0128488595336105
7703,6.0128488595336105
7704,6.0128488595336105
7705,6.0128488595336105
7706,6.0128488595336105
7707,6.0128488595336105
7708,6.0128488595336105
7709,6.0128488595336105
7710,6.0128488595336105
7711,6.0128488595336105
7712,6.0128488595336105
7713,6.0128488595336105
7714,6.0128488595336105
7715,6.0128488595336105
7716,6.0128488595336105
7717,6.0128488595336105
7718,6.0128488595336105
7719,6.0128488595336105
7720,6.0128488595336105
7721,6.0128488595336105
7722,6.0128488595336105
7723,6.0128488595336105
7724,6.0128488595336105
7725,6.0128488595336105
7726,6.0128488595336105
7727,6.0128488595336105
7728,6.0128488595336105
7729,6.0128488595336105
7730,6.0128488595336105
7731,6.0128488595336105
7732,6.0128488595336105
7733,6.0128488595336105
7734,6.0128488595336105
7735,6.0128488595336105
7736,6.0128488595336105
7737,6.0128488595336105
7738,6.0128488595336105
7739,6.0128488595336105
7740,6.0128488595336105
7741,6.0128488595336105
7742,6.0128488595336105
7743,6.0128488595336105
7744,6.0128488595336105
7745,6.0128488595336105
7746,6.0128488595336105
7747,6.0128488595336105
7748,6.0128488595336105
7749,6.0128488595336105
7750,6.0128488595336105
7751,6.0128488595336105
7752,6.0128488595336105
7753,6.0128488595336105
7754,6.0128488595336105
7755,6.0128488595336105
7756,6.0128488595336105
7757,6.0128488595336105
7758,6.0128488595336105
7759,6.0128488595336105
7760,6.0128488595336105
7761,6.0128488595336105
7762,6.0128488595336105
7763,6.0128488595336105
7764,6.0128488595336105
7765,6.0128488595336105
7766,6.0128488595336105
7767,6.0128488595336105
7768,6.0128488595336105
7769,6.0128488595336105
7770,6.0128488595336105
7771,6.0128488595336105
7772,6.0128488595336105
7773,6.0128488595336105
7774,6.0128488595336105
7775,6.0128488595336105
7776,6.0128488595336105
7777,6.0128488595336105
7778,6.0128488595336105
7779,6.0128488595336105
7780,6.0128488595336105
7781,6.0128488595336105
7782,6.0128488595336105
7783,6.0128488595336105
7784,6.0128488595336105
7785,6.0128488595336105
7786,6.0128488595336105
7787,6.0128488595336105
7788,6.0128488595336105
7789,6.0128488595336105
7790,6.0128488595336105
7791,6.0128488595336105
7792,6.0128488595336105
7793,6.0128488595336105
7794,6.0128488595336105
7795,6.0128488595336105
7796,6.0128488595336105
7797,6.0128488595336105
7798,6.0128488595336105
7799,6.0128488595336105
7800,6.0128488595336105
7801,6.0128488595336105
7802,6.0128488595336105
7803,6.0128488595336105
7804,6.0128488595336105
7805,6.0128488595336105
7806,6.0128488595336105
7807,6.0128488595336105
7808,6.0128488595336105
7809,6.0128488595336105
7810,6.0128488595336105
7811,6.0128488595336105
7812,6.0128488595336105
7813,6.0128488595336105
7814,6.0128488595336105
7815,6.0128488595336105
7816,6.0128488595336105
7817,6.0128488595336105
7818,6.0128488595336105
7819,6.0128488595336105
7820,6.0128488595336105
7821,6.0128488595336105
7822,6.0128488595336105
7823,6.0128488595336105
7824,6.0128488595336105
7825,6.0128488595336105
7826,6.0128488595336105
7827,6.0128488595336105
7828,6.0128488595336105
7829,6.0128488595336105
7830,6.0128488595336105
7831,6.0128488595336105
7832,6.0128488595336105
7833,6.0128488595336105
7834,6.0128488595336105
7835,6.0128488595336105
7836,6.0128488595336105
7837,6.0128488595336105
7838,6.0128488595336105
7839,6.0128488595336105
7840,6.0128488595336105
7841,6.0128488595336105
7842,6.0128488595336105
7843,6.0128488595336105
7844,6.0128488595336105
7845,6.0128488595336105
7846,6.0128488595336105
7847,6.0128488595336105
7848,6.0128488595336105
7849,6.0128488595336105
7850,6.0128488595336105
7851,6.0128488595336105
7852,6.0128488595336105
7853,6.0128488595336105
7854,6.0128488595336105
7855,6.0128488595336105
7856,6.0128488595336105
7857,6.0128488595336105
7858,6.0128488595336105
7859,6.0128488595336105
7860,6.0128488595336105
7861,6.0128488595336105
7862,6.0128488595336105
7863,6.0128488595336105
7864,6.0128488595336105
7865,6.0128488595336105
7866,6.0128488595336105
7867,6.0128488595336105
7868,6.0128488595336105
7869,6.0128488595336105
7870,6.0128488595336105
7871,6.0128488595336105
7872,6.0128488595336105
7873,6.0128488595336105
7874,6.0128488595336105
7875,6.0128488595336105
7876,6.0128488595336105
7877,6.0128488595336105
7878,6.0128488595336105
7879,6.0128488595336105
7880,6.0128488595336105
7881,6.0128488595336105
7882,6.0128488595336105
7883,6.0128488595336105
7884,6.0128488595336105
7885,6.0128488595336105
7886,6.0128488595336105
7887,6.0128488595336105
7888,6.0128488595336105
7889,6.0128488595336105
7890,6.0128488595336105
7891,6.0128488595336105
7892,6.0128488595336105
7893,6.0128488595336105
7894,6.0128488595336105
7895,6.0128488595336105
7896,6.0128488595336105
7897,6.0128488595336105
7898,6.0128488595336105
7899,6.0128488595336105
7900,6.0128488595336105
7901,6.0128488595336105
7902,6.0128488595336105
7903,6.0128488595336105
7904,6.0128488595336105
7905,6.0128488595336105
7906,6.0128488595336105
7907,6.0128488595336105
7908,6.0128488595336105
7909,6.0128488595336105
7910,6.0128488595336105
7911,6.0128488595336105
7912,6.0128488595336105
7913,6.0128488595336105
7914,6.0128488595336105
7915,6.0128488595336105
7916,6.0128488595336105
7917,6.0128488595336105
7918,6.0128488595336105
7919,6.0128488595336105
7920,6.0128488595336105
7921,6.0128488595336105
7922,6.0128488595336105
7923,6.0128488595336105
7924,6.0128488595336105
7925,6.0128488595336105
7926,6.0128488595336105
7927,6.0128488595336105
7928,6.0128488595336105
7929,6.0128488595336105
7930,6.0128488595336105
7931,6.0128488595336105
7932,6.0128488595336105
7933,6.0128488595336105
7934,6.0128488595336105
7935,6.0128488595336105
7936,6.0128488595336105
7937,6.0128488595336105
7938,6.0128488595336105
7939,6.0128488595336105
7940,6.0128488595336105
7941,6.0128488595336105
7942,6.0128488595336105
7943,6.0128488595336105
7944,6.0128488595336105
7945,6.0128488595336105
7946,6.0128488595336105
7947,6.0128488595336105
7948,6.0128488595336105
7949,6.0128488595336105
7950,6.0128488595336105
7951,6.0128488595336105
7952,6.0128488595336105
7953,6.0128488595336105
7954,6.0128488595336105
7955,6.0128488595336105
7956,6.0128488595336105
7957,6.0128488595336105
7958,6.0128488595336105
7959,6.0128488595336105
7960,6.0128488595336105
7961,6.0128488595336105
7962,6.0128488595336105
7963,6.0128488595336105
7964,6.0128488595336105
7965,6.0128488595336105
7966,6.0128488595336105
7967,6.0128488595336105
7968,6.0128488595336105
7969,6.0128488595336105
7970,6.0128488595336105
7971,6.0128488595336105
7972,6.0128488595336105
7973,6.0128488595336105
7974,6.0128488595336105
7975,6.0128488595336105
7976,6.0128488595336105
7977,6.0128488595336105
7978,6.0128488595336105
7979,6.0128488595336105
7980,6.0128488595336105
7981,6.0128488595336105
7982,6.0128488595336105
7983,6.0128488595336105
7984,6.0128488595336105
7985,6.0128488595336105
7986,6.0128488595336105
7987,6.0128488595336105
7988,6.0128488595336105
7989,6.0128488595336105
7990,6.0128488595336105
7991,6.0128488595336105
7992,6.0128488595336105
7993,6.0128488595336105
7994,6.0128488595336105
7995,6.0128488595336105
7996,6.0128488595336105
7997,6.0128488595336105
7998,6.0128488595336105
7999,6.0128488595336105
8000,6.0128488595336105
8001,6.0128488595336105
8002,6.0128488595336105
8003,6.0128488595336105
8004,6.0128488595336105
8005,6.0128488595336105
8006,6.0128488595336105
8007,6.0128488595336105
8008,6.0128488595336105
8009,6.0128488595336105
8010,6.0128488595336105
8011,6.0128488595336105
8012,6.0128488595336105
8013,6.0128488595336105
8014,6.0128488595336105
8015,6.0128488595336105
8016,6.0128488595336105
8017,6.0128488595336105
8018,6.0128488595336105
8019,6.0128488595336105
8020,6.0128488595336105
8021,6.0128488595336105
8022,6.0128488595336105
8023,6.0128488595336105
8024,6.0128488595336105
8025,6.0128488595336105
8026,6.0128488595336105
8027,6.0128488595336105
8028,6.0128488595336105
8029,6.0128488595336105
8030,6.0128488595336105
8031,6.0128488595336105
8032,6.0128488595336105
8033,6.0128488595336105
8034,6.0128488595336105
8035,6.0128488595336105
8036,6.0128488595336105
8037,6.0128488595336105
8038,6.0128488595336105
8039,6.0128488595336105
8040,6.0128488595336105
8041,6.0128488595336105
8042,6.0128488595336105
8043,6.0128488595336105
8044,6.0128488595336105
8045,6.0128488595336105
8046,6.0128488595336105
8047,6.0128488595336105
8048,6.0128488595336105
8049,6.0128488595336105
8050,6.0128488595336105
8051,6.0128488595336105
8052,6.0128488595336105
8053,6.0128488595336105
8054,6.0128488595336105
8055,6.0128488595336105
8056,6.0128488595336105
8057,6.0128488595336105
8058,6.0128488595336105
8059,6.0128488595336105
8060,6.0128488595336105
8061,6.0128488595336105
8062,6.0128488595336105
8063,6.0128488595336105
8064,6.0128488595336105
8065,6.0128488595336105
8066,6.0128488595336105
8067,6.0128488595336105
8068,6.0128488595336105
8069,6.0128488595336105
8070,6.0128488595336105
8071,6.0128488595336105
8072,6.0128488595336105
8073,6.0128488595336105
8074,6.0128488595336105
8075,6.0128488595336105
8076,6.0128488595336105
8077,6.0128488595336105
8078,6.0128488595336105
8079,6.0128488595336105
8080,6.0128488595336105
8081,6.0128488595336105
8082,6.0128488595336105
8083,6.0128488595336105
8084,6.0128488595336105
8085,6.0128488595336105
8086,6.0128488595336105
8087,6.0128488595336105
8088,6.0128488595336105
8089,6.0128488595336105
8090,6.0128488595336105
8091,6.0128488595336105
8092,6.0128488595336105
8093,6.0128488595336105
8094,6.0128488595336105
8095,6.0128488595336105
8096,6.0128488595336105
8097,6.0128488595336105
8098,6.0128488595336105
8099,6.0128488595336105
8100,6.0128488595336105
8101,6.0128488595336105
8102,6.0128488595336105
8103,6.0128488595336105
8104,6.0128488595336105
8105,6.0128488595336105
8106,6.0128488595336105
8107,6.0128488595336105
8108,6.0128488595336105
8109,6.0128488595336105
8110,6.0128488595336105
8111,6.0128488595336105
8112,6.0128488595336105
8113,6.0128488595336105
8114,6.0128488595336105
8115,6.0128488595336105
8116,6.0128488595336105
8117,6.0128488595336105
8118,6.0128488595336105
8119,6.0128488595336105
8120,6.0128488595336105
8121,6.0128488595336105
8122,6.0128488595336105
8123,6.0128488595336105
8124,6.0128488595336105
8125,6.0128488595336105
8126,6.0128488595336105
8127,6.0128488595336105
8128,6.0128488595336105
8129,6.0128488595336105
8130,6.0128488595336105
8131,6.0128488595336105
8132,6.0128488595336105
8133,6.0128488595336105
8134,6.0128488595336105
8135,6.0128488595336105
8136,6.0128488595336105
8137,6.0128488595336105
8138,6.0128488595336105
8139,6.0128488595336105
8140,6.0128488595336105
8141,6.0128488595336105
8142,6.0128488595336105
8143,6.0128488595336105
8144,6.0128488595336105
8145,6.0128488595336105
8146,6.0128488595336105
8147,6.0128488595336105
8148,6.0128488595336105
8149,6.0128488595336105
8150,6.0128488595336105
8151,6.0128488595336105
8152,6.0128488595336105
8153,6.0128488595336105
8154,6.0128488595336105
8155,6.0128488595336105
8156,6.0128488595336105
8157,6.0128488595336105
8158,6.0128488595336105
8159,6.0128488595336105
8160,6.0128488595336105
8161,6.0128488595336105
8162,6.0128488595336105
8163,6.0128488595336105
8164,6.0128488595336105
8165,6.0128488595336105
8166,6.0128488595336105
8167,6.0128488595336105
8168,6.0128488595336105
8169,6.0128488595336105
8170,6.0128488595336105
8171,6.0128488595336105
8172,6.0128488595336105
8173,6.0128488595336105
8174,6.0128488595336105
8175,6.0128488595336105
8176,6.0128488595336105
8177,6.0128488595336105
8178,6.0128488595336105
8179,6.0128488595336105
8180,6.0128488595336105
8181,6.0128488595336105
8182,6.0128488595336105
8183,6.0128488595336105
8184,6.0128488595336105
8185,6.0128488595336105
8186,6.0128488595336105
8187,6.0128488595336105
8188,6.0128488595336105
8189,6.0128488595336105
8190,6.0128488595336105
8191,6.0128488595336105
8192,6.0128488595336105
8193,6.0128488595336105
8194,6.0128488595336105
8195,6.0128488595336105
8196,6.0128488595336105
8197,6.0128488595336105
8198,6.0128488595336105
8199,6.0128488595336105
8200,6.0128488595336105
8201,6.0128488595336105
8202,6.0128488595336105
8203,6.0128488595336105
8204,6.0128488595336105
8205,6.0128488595336105
8206,6.0128488595336105
8207,6.0128488595336105
8208,6.0128488595336105
8209,6.0128488595336105
8210,6.0128488595336105
8211,6.0128488595336105
8212,6.0128488595336105
8213,6.0128488595336105
8214,6.0128488595336105
8215,6.0128488595336105
8216,6.0128488595336105
8217,6.0128488595336105
8218,6.0128488595336105
8219,6.0128488595336105
8220,6.0128488595336105
8221,6.0128488595336105
8222,6.0128488595336105
8223,6.0128488595336105
8224,6.0128488595336105
8225,6.0128488595336105
8226,6.0128488595336105
8227,6.0128488595336105
8228,6.0128488595336105
8229,6.0128488595336105
8230,6.0128488595336105
8231,6.0128488595336105
8232,6.0128488595336105
8233,6.0128488595336105
8234,6.0128488595336105
8235,6.0128488595336105
8236,6.0128488595336105
8237,6.0128488595336105
8238,6.0128488595336105
8239,6.0128488595336105
8240,6.0128488595336105
8241,6.0128488595336105
8242,6.0128488595336105
8243,6.0128488595336105
8244,6.0128488595336105
8245,6.0128488595336105
8246,6.0128488595336105
8247,6.0128488595336105
8248,6.0128488595336105
8249,6.0128488595336105
8250,6.0128488595336105
8251,6.0128488595336105
8252,6.0128488595336105
8253,6.0128488595336105
8254,6.0128488595336105
8255,6.0128488595336105
8256,6.0128488595336105
8257,6.0128488595336105
8258,6.0128488595336105
8259,6.0128488595336105
8260,6.0128488595336105
8261,6.0128488595336105
8262,6.0128488595336105
8263,6.0128488595336105
8264,6.0128488595336105
8265,6.0128488595336105
8266,6.0128488595336105
8267,6.0128488595336105
8268,6.0128488595336105
8269,6.0128488595336105
8270,6.0128488595336105
8271,6.0128488595336105
8272,6.0128488595336105
8273,6.0128488595336105
8274,6.0128488595336105
8275,6.0128488595336105
8276,6.0128488595336105
8277,6.0128488595336105
8278,6.0128488595336105
8279,6.0128488595336105
8280,6.0128488595336105
8281,6.0128488595336105
8282,6.0128488595336105
8283,6.0128488595336105
8284,6.0128488595336105
8285,6.0128488595336105
8286,6.0128488595336105
8287,6.0128488595336105
8288,6.0128488595336105
8289,6.0128488595336105
8290,6.0128488595336105
8291,6.0128488595336105
8292,6.0128488595336105
8293,6.0128488595336105
8294,6.0128488595336105
8295,6.0128488595336105
8296,6.0128488595336105
8297,6.0128488595336105
8298,6.0128488595336105
8299,6.0128488595336105
8300,6.0128488595336105
8301,6.0128488595336105
8302,6.0128488595336105
8303,6.0128488595336105
8304,6.0128488595336105
8305,6.0128488595336105
8306,6.0128488595336105
8307,6.0128488595336105
8308,6.0128488595336105
8309,6.0128488595336105
8310,6.0128488595336105
8311,6.0128488595336105
8312,6.0128488595336105
8313,6.0128488595336105
8314,6.0128488595336105
8315,6.0128488595336105
8316,6.0128488595336105
8317,6.0128488595336105
8318,6.0128488595336105
8319,6.0128488595336105
8320,6.0128488595336105
8321,6.0128488595336105
8322,6.0128488595336105
8323,6.0128488595336105
8324,6.0128488595336105
8325,6.0128488595336105
8326,6.0128488595336105
8327,6.0128488595336105
8328,6.0128488595336105
8329,6.0128488595336105
8330,6.0128488595336105
8331,6.0128488595336105
8332,6.0128488595336105
8333,6.0128488595336105
8334,6.0128488595336105
8335,6.0128488595336105
8336,6.0128488595336105
8337,6.0128488595336105
8338,6.0128488595336105
8339,6.0128488595336105
8340,6.0128488595336105
8341,6.0128488595336105
8342,6.0128488595336105
8343,6.0128488595336105
8344,6.0128488595336105
8345,6.0128488595336105
8346,6.0128488595336105
8347,6.0128488595336105
8348,6.0128488595336105
8349,6.0128488595336105
8350,6.0128488595336105
8351,6.0128488595336105
8352,6.0128488595336105
8353,6.0128488595336105
8354,6.0128488595336105
8355,6.0128488595336105
8356,6.0128488595336105
8357,6.0128488595336105
8358,6.0128488595336105
8359,6.0128488595336105
8360,6.0128488595336105
8361,6.0128488595336105
8362,6.0128488595336105
8363,6.0128488595336105
8364,6.0128488595336105
8365,6.0128488595336105
8366,6.0128488595336105
8367,6.0128488595336105
8368,6.0128488595336105
8369,6.0128488595336105
8370,6.0128488595336105
8371,6.0128488595336105
8372,6.0128488595336105
8373,6.0128488595336105
8374,6.0128488595336105
8375,6.0128488595336105
8376,6.0128488595336105
8377,6.0128488595336105
8378,6.0128488595336105
8379,6.0128488595336105
8380,6.0128488595336105
8381,6.0128488595336105
8382,6.0128488595336105
8383,6.0128488595336105
8384,6.0128488595336105
8385,6.0128488595336105
8386,6.0128488595336105
8387,6.0128488595336105
8388,6.0128488595336105
8389,6.0128488595336105
8390,6.0128488595336105
8391,6.0128488595336105
8392,6.0128488595336105
8393,6.0128488595336105
8394,6.0128488595336105
8395,6.0128488595336105
8396,6.0128488595336105
8397,6.0128488595336105
8398,6.0128488595336105
8399,6.0128488595336105
8400,6.0128488595336105
8401,6.0128488595336105
8402,6.0128488595336105
8403,6.0128488595336105
8404,6.0128488595336105
8405,6.0128488595336105
8406,6.0128488595336105
8407,6.0128488595336105
8408,6.0128488595336105
8409,6.0128488595336105
8410,6.0128488595336105
8411,6.0128488595336105
8412,6.0128488595336105
8413,6.0128488595336105
8414,6.0128488595336105
8415,6.0128488595336105
8416,6.0128488595336105
8417,6.0128488595336105
8418,6.0128488595336105
8419,6.0128488595336105
8420,6.0128488595336105
8421,6.0128488595336105
8422,6.0128488595336105
8423,6.0128488595336105
8424,6.0128488595336105
8425,6.0128488595336105
8426,6.0128488595336105
8427,6.0128488595336105
8428,6.0128488595336105
8429,6.0128488595336105
8430,6.0128488595336105
8431,6.0128488595336105
8432,6.0128488595336105
8433,6.0128488595336105
8434,6.0128488595336105
8435,6.0128488595336105
8436,6.0128488595336105
8437,6.0128488595336105
8438,6.0128488595336105
8439,6.0128488595336105
8440,6.0128488595336105
8441,6.0128488595336105
8442,6.0128488595336105
8443,6.0128488595336105
8444,6.0128488595336105
8445,6.0128488595336105
8446,6.0128488595336105
8447,6.0128488595336105
8448,6.0128488595336105
8449,6.0128488595336105
8450,6.0128488595336105
8451,6.0128488595336105
8452,6.0128488595336105
8453,6.0128488595336105
8454,6.0128488595336105
8455,6.0128488595336105
8456,6.0128488595336105
8457,6.0128488595336105
8458,6.0128488595336105
8459,6.0128488595336105
8460,6.0128488595336105
8461,6.0128488595336105
8462,6.0128488595336105
8463,6.0128488595336105
8464,6.0128488595336105
8465,6.0128488595336105
8466,6.0128488595336105
8467,6.0128488595336105
8468,6.0128488595336105
8469,6.0128488595336105
8470,6.0128488595336105
8471,6.0128488595336105
8472,6.0128488595336105
8473,6.0128488595336105
8474,6.0128488595336105
8475,6.0128488595336105
8476,6.0128488595336105
8477,6.0128488595336105
8478,6.0128488595336105
8479,6.0128488595336105
8480,6.0128488595336105
8481,6.0128488595336105
8482,6.0128488595336105
8483,6.0128488595336105
8484,6.0128488595336105
8485,6.0128488595336105
8486,6.0128488595336105
8487,6.0128488595336105
8488,6.0128488595336105
8489,6.0128488595336105
8490,6.0128488595336105
8491,6.0128488595336105
8492,6.0128488595336105
8493,6.0128488595336105
8494,6.0128488595336105
8495,6.0128488595336105
8496,6.0128488595336105
8497,6.0128488595336105
8498,6.0128488595336105
8499,6.0128488595336105
8500,6.0128488595336105
8501,6.0128488595336105
8502,6.0128488595336105
8503,6.0128488595336105
8504,6.0128488595336105
8505,6.0128488595336105
8506,6.0128488595336105
8507,6.0128488595336105
8508,6.0128488595336105
8509,6.0128488595336105
8510,6.0128488595336105
8511,6.0128488595336105
8512,6.0128488595336105
8513,6.0128488595336105
8514,6.0128488595336105
8515,6.0128488595336105
8516,6.0128488595336105
8517,6.0128488595336105
8518,6.0128488595336105
8519,6.0128488595336105
8520,6.0128488595336105
8521,6.0128488595336105
8522,6.0128488595336105
8523,6.0128488595336105
8524,6.0128488595336105
8525,6.0128488595336105
8526,6.0128488595336105
8527,6.0128488595336105
8528,6.0128488595336105
8529,6.0128488595336105
8530,6.0128488595336105
8531,6.0128488595336105
8532,6.0128488595336105
8533,6.0128488595336105
8534,6.0128488595336105
8535,6.0128488595336105
8536,6.0128488595336105
8537,6.0128488595336105
8538,6.0128488595336105
8539,6.0128488595336105
8540,6.0128488595336105
8541,6.0128488595336105
8542,6.0128488595336105
8543,6.0128488595336105
8544,6.0128488595336105
8545,6.0128488595336105
8546,6.0128488595336105
8547,6.0128488595336105
8548,6.0128488595336105
8549,6.0128488595336105
8550,6.0128488595336105
8551,6.0128488595336105
8552,6.0128488595336105
8553,6.0128488595336105
8554,6.0128488595336105
8555,6.0128488595336105
8556,6.0128488595336105
8557,6.0128488595336105
8558,6.0128488595336105
8559,6.0128488595336105
8560,6.0128488595336105
8561,6.0128488595336105
8562,6.0128488595336105
8563,6.0128488595336105
8564,6.0128488595336105
8565,6.0128488595336105
8566,6.0128488595336105
8567,6.0128488595336105
8568,6.0128488595336105
8569,6.0128488595336105
8570,6.0128488595336105
8571,6.0128488595336105
8572,6.0128488595336105
8573,6.0128488595336105
8574,6.0128488595336105
8575,6.0128488595336105
8576,6.0128488595336105
8577,6.0128488595336105
8578,6.0128488595336105
8579,6.0128488595336105
8580,6.0128488595336105
8581,6.0128488595336105
8582,6.0128488595336105
8583,6.0128488595336105
8584,6.0128488595336105
8585,6.0128488595336105
8586,6.0128488595336105
8587,6.0128488595336105
8588,6.0128488595336105
8589,6.0128488595336105
8590,6.0128488595336105
8591,6.0128488595336105
8592,6.0128488595336105
8593,6.0128488595336105
8594,6.0128488595336105
8595,6.0128488595336105
8596,6.0128488595336105
8597,6.0128488595336105
8598,6.0128488595336105
8599,6.0128488595336105
8600,6.0128488595336105
8601,6.0128488595336105
8602,6.0128488595336105
8603,6.0128488595336105
8604,6.0128488595336105
8605,6.0128488595336105
8606,6.0128488595336105
8607,6.0128488595336105
8608,6.0128488595336105
8609,6.0128488595336105
8610,6.0128488595336105
8611,6.0128488595336105
8612,6.0128488595336105
8613,6.0128488595336105
8614,6.0128488595336105
8615,6.0128488595336105
8616,6.0128488595336105
8617,6.0128488595336105
8618,6.0128488595336105
8619,6.0128488595336105
8620,6.0128488595336105
8621,6.0128488595336105
8622,6.0128488595336105
8623,6.0128488595336105
8624,6.0128488595336105
8625,6.0128488595336105
8626,6.0128488595336105
8627,6.0128488595336105
8628,6.0128488595336105
8629,6.0128488595336105
8630,6.0128488595336105
8631,6.0128488595336105
8632,6.0128488595336105
8633,6.0128488595336105
8634,6.0128488595336105
8635,6.0128488595336105
8636,6.0128488595336105
8637,6.0128488595336105
8638,6.0128488595336105
8639,6.0128488595336105
8640,6.0128488595336105
8641,6.0128488595336105
8642,6.0128488595336105
8643,6.0128488595336105
8644,6.0128488595336105
8645,6.0128488595336105
8646,6.0128488595336105
8647,6.0128488595336105
8648,6.0128488595336105
8649,6.0128488595336105
8650,6.0128488595336105
8651,6.0128488595336105
8652,6.0128488595336105
8653,6.0128488595336105
8654,6.0128488595336105
8655,6.0128488595336105
8656,6.0128488595336105
8657,6.0128488595336105
8658,6.0128488595336105
8659,6.0128488595336105
8660,6.0128488595336105
8661,6.0128488595336105
8662,6.0128488595336105
8663,6.0128488595336105
8664,6.0128488595336105
8665,6.0128488595336105
8666,6.0128488595336105
8667,6.0128488595336105
8668,6.0128488595336105
8669,6.0128488595336105
8670,6.0128488595336105
8671,6.0128488595336105
8672,6.0128488595336105
8673,6.0128488595336105
8674,6.0128488595336105
8675,6.0128488595336105
8676,6.0128488595336105
8677,6.0128488595336105
8678,6.0128488595336105
8679,6.0128488595336105
8680,6.0128488595336105
8681,6.0128488595336105
8682,6.0128488595336105
8683,6.0128488595336105
8684,6.0128488595336105
8685,6.0128488595336105
8686,6.0128488595336105
8687,6.0128488595336105
8688,6.0128488595336105
8689,6.0128488595336105
8690,6.0128488595336105
8691,6.0128488595336105
8692,6.0128488595336105
8693,6.0128488595336105
8694,6.0128488595336105
8695,6.0128488595336105
8696,6.0128488595336105
8697,6.0128488595336105
8698,6.0128488595336105
8699,6.0128488595336105
8700,6.0128488595336105
8701,6.0128488595336105
8702,6.0128488595336105
8703,6.0128488595336105
8704,6.0128488595336105
8705,6.0128488595336105
8706,6.0128488595336105
8707,6.0128488595336105
8708,6.0128488595336105
8709,6.0128488595336105
8710,6.0128488595336105
8711,6.0128488595336105
8712,6.0128488595336105
8713,5.62033164058304
8714,5.62033164058304
8715,5.62033164058304
8716,5.62033164058304
8717,5.62033164058304
8718,5.62033164058304
8719,5.62033164058304
8720,5.62033164058304
8721,5.62033164058304
8722,5.62033164058304
8723,5.62033164058304
8724,5.62033164058304
8725,5.62033164058304
8726,5.62033164058304
8727,5.62033164058304
8728,5.62033164058304
8729,5.62033164058304
8730,5.62033164058304
8731,5.62033164058304
8732,5.62033164058304
8733,5.62033164058304
8734,5.62033164058304
8735,5.62033164058304
8736,5.62033164058304
8737,5.62033164058304
8738,5.62033164058304
8739,5.62033164058304
8740,5.62033164058304
8741,5.62033164058304
8742,5.62033164058304
8743,5.62033164058304
8744,5.62033164058304
8745,5.62033164058304
8746,5.62033164058304
8747,5.62033164058304
8748,5.62033164058304
8749,5.62033164058304
8750,5.62033164058304
8751,5.62033164058304
8752,5.62033164058304
8753,5.62033164058304
8754,5.62033164058304
8755,5.62033164058304
8756,5.62033164058304
8757,5.62033164058304
8758,5.62033164058304
8759,5.62033164058304
8760,5.62033164058304
8761,5.62033164058304
8762,5.62033164058304
8763,5.62033164058304
8764,5.62033164058304
8765,5.62033164058304
8766,5.62033164058304
8767,5.62033164058304
8768,5.62033164058304
8769,5.62033164058304
8770,5.62033164058304
8771,5.62033164058304
8772,5.62033164058304
8773,5.62033164058304
8774,5.62033164058304
8775,5.62033164058304
8776,5.62033164058304
8777,5.62033164058304
8778,5.62033164058304
8779,5.62033164058304
8780,5.62033164058304
8781,5.62033164058304
8782,5.62033164058304
8783,5.62033164058304
8784,5.62033164058304
8785,5.62033164058304
8786,5.62033164058304
8787,5.62033164058304
8788,5.62033164058304
8789,5.62033164058304
8790,5.62033164058304
8791,5.62033164058304
8792,5.62033164058304
8793,5.62033164058304
8794,5.62033164058304
8795,5.62033164058304
8796,5.62033164058304
8797,5.62033164058304
8798,5.62033164058304
8799,5.62033164058304
8800,5.62033164058304
8801,5.62033164058304
8802,5.62033164058304
8803,5.62033164058304
8804,5.62033164058304
8805,5.62033164058304
8806,5.62033164058304
8807,5.62033164058304
8808,5.62033164058304
8809,5.62033164058304
8810,5.62033164058304
8811,5.62033164058304
8812,5.62033164058304
8813,5.62033164058304
8814,5.62033164058304
8815,5.62033164058304
8816,5.62033164058304
8817,5.62033164058304
8818,5.62033164058304
8819,5.62033164058304
8820,5.62033164058304
8821,5.62033164058304
8822,5.62033164058304
8823,5.62033164058304
8824,5.62033164058304
8825,5.62033164058304
8826,5.62033164058304
8827,5.62033164058304
8828,5.62033164058304
8829,5.62033164058304
8830,5.62033164058304
8831,5.62033164058304
8832,5.62033164058304
8833,5.62033164058304
8834,5.62033164058304
8835,5.62033164058304
8836,5.62033164058304
8837,5.62033164058304
8838,5.62033164058304
8839,5.62033164058304
8840,5.62033164058304
8841,5.62033164058304
8842,5.62033164058304
8843,5.62033164058304
8844,5.62033164058304
8845,5.62033164058304
8846,5.62033164058304
8847,5.62033164058304
8848,5.62033164058304
8849,5.62033164058304
8850,5.62033164058304
8851,5.62033164058304
8852,5.62033164058304
8853,5.62033164058304
8854,5.62033164058304
8855,5.62033164058304
8856,5.62033164058304
8857,5.62033164058304
8858,5.62033164058304
8859,5.62033164058304
8860,5.62033164058304
8861,5.62033164058304
8862,5.62033164058304
8863,5.62033164058304
8864,5.62033164058304
8865,5.62033164058304
8866,5.62033164058304
8867,5.62033164058304
8868,5.62033164058304
8869,5.62033164058304
8870,5.62033164058304
8871,5.62033164058304
8872,5.62033164058304
8873,5.62033164058304
8874,5.62033164058304
8875,5.62033164058304
8876,5.62033164058304
8877,5.62033164058304
8878,5.62033164058304
8879,5.62033164058304
8880,5.62033164058304
8881,5.62033164058304
8882,5.62033164058304
8883,5.62033164058304
8884,5.62033164058304
8885,5.62033164058304
8886,5.62033164058304
8887,5.62033164058304
8888,5.62033164058304
8889,5.62033164058304
8890,5.62033164058304
8891,5.62033164058304
8892,5.62033164058304
8893,5.62033164058304
8894,5.62033164058304
8895,5.62033164058304
8896,5.62033164058304
8897,5.62033164058304
8898,5.62033164058304
8899,5.62033164058304
8900,5.62033164058304
8901,5.62033164058304
8902,5.62033164058304
8903,5.62033164058304
8904,5.62033164058304
8905,5.62033164058304
8906,5.62033164058304
8907,5.62033164058304
8908,5.62033164058304
8909,5.62033164058304
8910,5.62033164058304
8911,5.62033164058304
8912,5.62033164058304
8913,5.62033164058304
8914,5.62033164058304
8915,5.62033164058304
8916,5.62033164058304
8917,5.62033164058304
8918,5.62033164058304
8919,5.62033164058304
8920,5.62033164058304
8921,5.62033164058304
8922,5.62033164058304
8923,5.62033164058304
8924,5.62033164058304
8925,5.62033164058304
8926,5.62033164058304
8927,5.62033164058304
8928,5.62033164058304
8929,5.62033164058304
8930,5.62033164058304
8931,5.62033164058304
8932,5.62033164058304
8933,5.62033164058304
8934,5.62033164058304
8935,5.62033164058304
8936,5.62033164058304
8937,5.62033164058304
8938,5.62033164058304
8939,5.62033164058304
8940,5.62033164058304
8941,5.62033164058304
8942,5.62033164058304
8943,5.62033164058304
8944,5.62033164058304
8945,5.62033164058304
8946,5.62033164058304
8947,5.62033164058304
8948,5.62033164058304
8949,5.62033164058304
8950,5.62033164058304
8951,5.62033164058304
8952,5.62033164058304
8953,5.62033164058304
8954,5.62033164058304
8955,5.62033164058304
8956,5.62033164058304
8957,5.62033164058304
8958,5.62033164058304
8959,5.62033164058304
8960,5.62033164058304
8961,5.62033164058304
8962,5.62033164058304
8963,5.62033164058304
8964,5.62033164058304
8965,5.62033164058304
8966,5.62033164058304
8967,5.62033164058304
8968,5.62033164058304
8969,5.62033164058304
8970,5.62033164058304
8971,5.62033164058304
8972,5.62033164058304
8973,5.62033164058304
8974,5.62033164058304
8975,5.62033164058304
8976,5.62033164058304
8977,5.62033164058304
8978,5.62033164058304
8979,5.62033164058304
8980,5.62033164058304
8981,5.62033164058304
8982,5.62033164058304
8983,5.62033164058304
8984,5.62033164058304
8985,5.62033164058304
8986,5.62033164058304
8987,5.62033164058304
8988,5.62033164058304
8989,5.62033164058304
8990,5.62033164058304
8991,5.62033164058304
8992,5.62033164058304
8993,5.62033164058304
8994,5.62033164058304
8995,5.62033164058304
8996,5.62033164058304
8997,5.62033164058304
8998,5.62033164058304
8999,5.62033164058304
9000,5.62033164058304
9001,5.62033164058304
9002,5.62033164058304
9003,5.62033164058304
9004,5.62033164058304
9005,5.62033164058304
9006,5.62033164058304
9007,5.62033164058304
9008,5.62033164058304
9009,5.62033164058304
9010,5.62033164058304
9011,5.62033164058304
9012,5.62033164058304
9013,5.62033164058304
9014,5.62033164058304
9015,5.62033164058304
9016,5.62033164058304
9017,5.62033164058304
9018,5.62033164058304
9019,5.62033164058304
9020,5.62033164058304
9021,5.62033164058304
9022,5.62033164058304
9023,5.62033164058304
9024,5.62033164058304
9025,5.62033164058304
9026,5.62033164058304
9027,5.62033164058304
9028,5.62033164058304
9029,5.62033164058304
9030,5.62033164058304
9031,5.62033164058304
9032,5.62033164058304
9033,5.62033164058304
9034,5.62033164058304
9035,5.62033164058304
9036,5.62033164058304
9037,5.62033164058304
9038,5.62033164058304
9039,5.62033164058304
9040,5.62033164058304
9041,5.62033164058304
9042,5.62033164058304
9043,5.62033164058304
9044,5.62033164058304
9045,5.62033164058304
9046,5.62033164058304
9047,5.62033164058304
9048,5.62033164058304
9049,5.62033164058304
9050,5.62033164058304
9051,5.62033164058304
9052,5.62033164058304
9053,5.62033164058304
9054,5.398561565815621
9055,5.398561565815621
9056,5.398561565815621
9057,5.398561565815621
9058,5.398561565815621
9059,5.398561565815621
9060,5.398561565815621
9061,5.398561565815621
9062,5.398561565815621
9063,5.398561565815621
9064,5.398561565815621
9065,5.398561565815621
9066,5.398561565815621
9067,5.398561565815621
9068,5.398561565815621
9069,5.398561565815621
9070,5.398561565815621
9071,5.398561565815621
9072,5.398561565815621
9073,5.398561565815621
9074,5.398561565815621
9075,5.398561565815621
9076,5.398561565815621
9077,5.398561565815621
9078,5.398561565815621
9079,5.398561565815621
9080,5.398561565815621
9081,5.398561565815621
9082,5.398561565815621
9083,5.398561565815621
9084,5.398561565815621
9085,5.398561565815621
9086,5.398561565815621
9087,5.398561565815621
9088,5.398561565815621
9089,5.398561565815621
9090,5.398561565815621
9091,5.398561565815621
9092,5.398561565815621
9093,5.398561565815621
9094,5.398561565815621
9095,5.398561565815621
9096,5.398561565815621
9097,5.398561565815621
9098,5.398561565815621
9099,5.398561565815621
9100,5.398561565815621
9101,5.398561565815621
9102,5.398561565815621
9103,5.398561565815621
9104,5.398561565815621
9105,5.398561565815621
9106,5.398561565815621
9107,5.398561565815621
9108,5.398561565815621
9109,5.398561565815621
9110,5.398561565815621
9111,5.398561565815621
9112,5.398561565815621
9113,5.398561565815621
9114,5.398561565815621
9115,5.398561565815621
9116,5.398561565815621
9117,5.398561565815621
9118,5.398561565815621
9119,5.398561565815621
9120,5.398561565815621
9121,5.398561565815621
9122,5.398561565815621
9123,5.398561565815621
9124,5.398561565815621
9125,5.398561565815621
9126,5.398561565815621
9127,5.398561565815621
9128,5.398561565815621
9129,5.398561565815621
9130,5.398561565815621
9131,5.398561565815621
9132,5.398561565815621
9133,5.398561565815621
9134,5.398561565815621
9135,5.398561565815621
9136,5.398561565815621
9137,5.398561565815621
9138,5.398561565815621
9139,5.398561565815621
9140,5.398561565815621
9141,5.398561565815621
9142,5.398561565815621
9143,5.398561565815621
9144,5.398561565815621
9145,5.398561565815621
9146,5.398561565815621
9147,5.398561565815621
9148,5.398561565815621
9149,5.398561565815621
9150,5.398561565815621
9151,5.398561565815621
9152,5.398561565815621
9153,5.398561565815621
9154,5.398561565815621
9155,5.398561565815621
9156,5.398561565815621
9157,5.398561565815621
9158,5.398561565815621
9159,5.398561565815621
9160,5.398561565815621
9161,5.398561565815621
9162,5.398561565815621
9163,5.398561565815621
9164,5.398561565815621
9165,5.398561565815621
9166,5.398561565815621
9167,5.398561565815621
9168,5.398561565815621
9169,5.398561565815621
9170,5.398561565815621
9171,5.398561565815621
9172,5.398561565815621
9173,5.398561565815621
9174,5.398561565815621
9175,5.398561565815621
9176,5.398561565815621
9177,5.398561565815621
9178,5.398561565815621
9179,5.398561565815621
9180,5.398561565815621
9181,5.398561565815621
9182,5.398561565815621
9183,5.398561565815621
9184,5.398561565815621
9185,5.398561565815621
9186,5.398561565815621
9187,5.398561565815621
9188,5.398561565815621
9189,5.398561565815621
9190,5.398561565815621
9191,5.398561565815621
9192,5.398561565815621
9193,5.398561565815621
9194,5.398561565815621
9195,5.398561565815621
9196,5.398561565815621
9197,5.398561565815621
9198,5.398561565815621
9199,5.398561565815621
9200,5.398561565815621
9201,5.398561565815621
9202,5.398561565815621
9203,5.398561565815621
9204,5.398561565815621
9205,5.398561565815621
9206,5.398561565815621
9207,5.398561565815621
9208,5.398561565815621
9209,5.398561565815621
9210,5.398561565815621
9211,5.398561565815621
9212,5.398561565815621
9213,5.398561565815621
9214,5.398561565815621
9215,5.398561565815621
9216,5.398561565815621
9217,5.398561565815621
9218,5.398561565815621
9219,5.398561565815621
9220,5.398561565815621
9221,5.398561565815621
9222,5.398561565815621
9223,5.398561565815621
9224,5.398561565815621
9225,5.398561565815621
9226,5.398561565815621
9227,5.398561565815621
9228,5.398561565815621
9229,5.398561565815621
9230,5.398561565815621
9231,5.398561565815621
9232,5.398561565815621
9233,5.398561565815621
9234,5.398561565815621
9235,5.398561565815621
9236,5.398561565815621
9237,5.398561565815621
9238,5.398561565815621
9239,5.398561565815621
9240,5.398561565815621
9241,5.398561565815621
9242,5.398561565815621
9243,5.398561565815621
9244,5.398561565815621
9245,5.398561565815621
9246,5.398561565815621
9247,5.398561565815621
9248,5.398561565815621
9249,5.398561565815621
9250,5.398561565815621
9251,5.398561565815621
9252,5.398561565815621
9253,5.398561565815621
9254,5.398561565815621
9255,5.398561565815621
9256,5.398561565815621
9257,5.398561565815621
9258,5.398561565815621
9259,5.398561565815621
9260,5.398561565815621
9261,5.398561565815621
9262,5.398561565815621
9263,5.398561565815621
9264,5.398561565815621
9265,5.398561565815621
9266,5.398561565815621
9267,5.398561565815621
9268,5.398561565815621
9269,5.398561565815621
9270,5.398561565815621
9271,5.398561565815621
9272,5.398561565815621
9273,5.398561565815621
9274,5.398561565815621
9275,5.398561565815621
9276,5.398561565815621
9277,5.398561565815621
9278,5.398561565815621
9279,5.398561565815621
9280,5.398561565815621
9281,5.398561565815621
9282,5.398561565815621
9283,5.398561565815621
9284,5.398561565815621
9285,5.398561565815621
9286,5.398561565815621
9287,5.398561565815621
9288,5.398561565815621
9289,5.398561565815621
9290,5.398561565815621
9291,5.398561565815621
9292,5.398561565815621
9293,5.398561565815621
9294,5.398561565815621
9295,5.398561565815621
9296,5.398561565815621
9297,5.398561565815621
9298,5.398561565815621
9299,5.398561565815621
9300,5.398561565815621
9301,5.398561565815621
9302,5.398561565815621
9303,5.398561565815621
9304,5.398561565815621
9305,5.398561565815621
9306,5.398561565815621
9307,5.398561565815621
9308,5.398561565815621
9309,5.398561565815621
9310,5.398561565815621
9311,5.398561565815621
9312,5.398561565815621
9313,5.398561565815621
9314,5.398561565815621
9315,5.398561565815621
9316,5.398561565815621
9317,5.398561565815621
9318,5.398561565815621
9319,5.398561565815621
9320,5.398561565815621
9321,5.398561565815621
9322,5.398561565815621
9323,5.398561565815621
9324,5.398561565815621
9325,5.398561565815621
9326,5.398561565815621
9327,5.398561565815621
9328,5.398561565815621
9329,5.398561565815621
9330,5.398561565815621
9331,5.398561565815621
9332,5.398561565815621
9333,5.398561565815621
9334,5.398561565815621
9335,5.398561565815621
9336,5.398561565815621
9337,5.398561565815621
9338,5.398561565815621
9339,5.398561565815621
9340,5.398561565815621
9341,5.398561565815621
9342,5.398561565815621
9343,5.398561565815621
9344,5.398561565815621
9345,5.398561565815621
9346,5.398561565815621
9347,5.398561565815621
9348,5.398561565815621
9349,5.398561565815621
9350,5.398561565815621
9351,5.398561565815621
9352,5.398561565815621
9353,5.398561565815621
9354,5.398561565815621
9355,5.398561565815621
9356,5.398561565815621
9357,5.398561565815621
9358,5.398561565815621
9359,5.398561565815621
9360,5.398561565815621
9361,5.398561565815621
9362,5.398561565815621
9363,5.398561565815621
9364,5.398561565815621
9365,5.398561565815621
9366,5.398561565815621
9367,5.398561565815621
9368,5.398561565815621
9369,5.398561565815621
9370,5.398561565815621
9371,5.398561565815621
9372,5.398561565815621
9373,5.398561565815621
9374,5.398561565815621
9375,5.398561565815621
9376,5.398561565815621
9377,5.398561565815621
9378,5.398561565815621
9379,5.398561565815621
9380,5.398561565815621
9381,5.398561565815621
9382,5.398561565815621
9383,5.398561565815621
9384,5.398561565815621
9385,5.398561565815621
9386,5.398561565815621
9387,5.398561565815621
9388,5.398561565815621
9389,5.398561565815621
9390,5.398561565815621
9391,5.398561565815621
9392,5.398561565815621
9393,5.398561565815621
9394,5.398561565815621
9395,5.398561565815621
9396,5.398561565815621
9397,5.398561565815621
9398,5.398561565815621
9399,5.398561565815621
9400,5.398561565815621
9401,5.398561565815621
9402,5.398561565815621
9403,5.398561565815621
9404,5.398561565815621
9405,5.398561565815621
9406,5.398561565815621
9407,5.398561565815621
9408,5.398561565815621
9409,5.398561565815621
9410,5.398561565815621
9411,5.398561565815621
9412,5.398561565815621
9413,5.398561565815621
9414,5.398561565815621
9415,5.398561565815621
9416,5.398561565815621
9417,5.398561565815621
9418,5.398561565815621
9419,5.398561565815621
9420,5.398561565815621
9421,5.398561565815621
9422,5.398561565815621
9423,5.398561565815621
9424,5.398561565815621
9425,5.398561565815621
9426,5.398561565815621
9427,5.398561565815621
9428,5.398561565815621
9429,5.398561565815621
9430,5.398561565815621
9431,5.398561565815621
9432,5.398561565815621
9433,5.398561565815621
9434,5.398561565815621
9435,5.398561565815621
9436,5.398561565815621
9437,5.398561565815621
9438,5.398561565815621
9439,5.398561565815621
9440,5.398561565815621
9441,5.398561565815621
9442,5.398561565815621
9443,5.398561565815621
9444,5.398561565815621
9445,5.398561565815621
9446,5.398561565815621
9447,5.398561565815621
9448,5.398561565815621
9449,5.398561565815621
9450,5.398561565815621
9451,5.398561565815621
9452,5.398561565815621
9453,5.398561565815621
9454,5.398561565815621
9455,5.398561565815621
9456,5.398561565815621
9457,5.398561565815621
9458,5.398561565815621
9459,5.398561565815621
9460,5.398561565815621
9461,5.398561565815621
9462,5.398561565815621
9463,5.398561565815621
9464,5.398561565815621
9465,5.398561565815621
9466,5.398561565815621
9467,5.398561565815621
9468,5.398561565815621
9469,5.398561565815621
9470,5.398561565815621
9471,5.398561565815621
9472,5.398561565815621
9473,5.398561565815621
9474,5.398561565815621
9475,5.398561565815621
9476,5.398561565815621
9477,5.398561565815621
9478,5.398561565815621
9479,5.398561565815621
9480,5.398561565815621
9481,5.398561565815621
9482,5.398561565815621
9483,5.398561565815621
9484,5.398561565815621
9485,5.398561565815621
9486,5.398561565815621
9487,5.398561565815621
9488,5.398561565815621
9489,5.398561565815621
9490,5.398561565815621
9491,5.398561565815621
9492,5.398561565815621
9493,5.398561565815621
9494,5.398561565815621
9495,5.398561565815621
9496,5.398561565815621
9497,5.398561565815621
9498,5.398561565815621
9499,5.398561565815621
9500,5.398561565815621
9501,5.398561565815621
9502,5.398561565815621
9503,5.398561565815621
9504,5.398561565815621
9505,5.398561565815621
9506,5.398561565815621
9507,5.398561565815621
9508,5.398561565815621
9509,5.398561565815621
9510,5.398561565815621
9511,5.398561565815621
9512,5.398561565815621
9513,5.398561565815621
9514,5.398561565815621
9515,5.398561565815621
9516,5.398561565815621
9517,5.398561565815621
9518,5.398561565815621
9519,5.398561565815621
9520,5.398561565815621
9521,5.398561565815621
9522,5.398561565815621
9523,5.398561565815621
9524,5.398561565815621
9525,5.398561565815621
9526,5.398561565815621
9527,5.398561565815621
9528,5.398561565815621
9529,5.398561565815621
9530,5.398561565815621
9531,5.398561565815621
9532,5.398561565815621
9533,5.398561565815621
9534,5.398561565815621
9535,5.398561565815621
9536,5.398561565815621
9537,5.398561565815621
9538,5.398561565815621
9539,5.398561565815621
9540,5.398561565815621
9541,5.398561565815621
9542,5.398561565815621
9543,5.398561565815621
9544,5.398561565815621
9545,5.398561565815621
9546,5.398561565815621
9547,5.398561565815621
9548,5.398561565815621
9549,5.398561565815621
9550,5.398561565815621
9551,5.398561565815621
9552,5.398561565815621
9553,5.398561565815621
9554,5.398561565815621
9555,5.398561565815621
9556,5.398561565815621
9557,5.398561565815621
9558,5.398561565815621
9559,5.398561565815621
9560,5.398561565815621
9561,5.398561565815621
9562,5.398561565815621
9563,5.398561565815621
9564,5.398561565815621
9565,5.398561565815621
9566,5.398561565815621
9567,5.398561565815621
9568,5.398561565815621
9569,5.398561565815621
9570,5.398561565815621
9571,5.398561565815621
9572,5.398561565815621
9573,5.398561565815621
9574,5.398561565815621
9575,5.398561565815621
9576,5.398561565815621
9577,5.398561565815621
9578,5.398561565815621
9579,5.398561565815621
9580,5.398561565815621
9581,5.398561565815621
9582,5.398561565815621
9583,5.398561565815621
9584,5.398561565815621
9585,5.398561565815621
9586,5.398561565815621
9587,5.398561565815621
9588,5.398561565815621
9589,5.398561565815621
9590,5.398561565815621
9591,5.398561565815621
9592,5.398561565815621
9593,5.398561565815621
9594,5.398561565815621
9595,5.398561565815621
9596,5.398561565815621
9597,5.398561565815621
9598,5.398561565815621
9599,5.398561565815621
9600,5.398561565815621
9601,5.398561565815621
9602,5.398561565815621
9603,5.398561565815621
9604,5.398561565815621
9605,5.398561565815621
9606,5.398561565815621
9607,5.398561565815621
9608,5.398561565815621
9609,5.398561565815621
9610,5.398561565815621
9611,5.398561565815621
9612,5.398561565815621
9613,5.398561565815621
9614,5.398561565815621
9615,5.398561565815621
9616,5.398561565815621
9617,5.398561565815621
9618,5.398561565815621
9619,5.398561565815621
9620,5.398561565815621
9621,5.398561565815621
9622,5.398561565815621
9623,5.398561565815621
9624,5.398561565815621
9625,5.398561565815621
9626,5.398561565815621
9627,5.398561565815621
9628,5.398561565815621
9629,5.398561565815621
9630,5.398561565815621
9631,5.398561565815621
9632,5.398561565815621
9633,5.398561565815621
9634,5.398561565815621
9635,5.398561565815621
9636,5.398561565815621
9637,5.398561565815621
9638,5.398561565815621
9639,5.398561565815621
9640,5.398561565815621
9641,5.398561565815621
9642,5.398561565815621
9643,5.398561565815621
9644,5.398561565815621
9645,5.398561565815621
9646,5.398561565815621
9647,5.398561565815621
9648,5.398561565815621
9649,5.398561565815621
9650,5.398561565815621
9651,5.398561565815621
9652,5.398561565815621
9653,5.398561565815621
9654,5.398561565815621
9655,5.398561565815621
9656,5.398561565815621
9657,5.398561565815621
9658,5.398561565815621
9659,5.398561565815621
9660,5.398561565815621
9661,5.398561565815621
9662,5.398561565815621
9663,5.398561565815621
9664,5.398561565815621
9665,5.398561565815621
9666,5.398561565815621
9667,5.398561565815621
9668,5.398561565815621
9669,5.398561565815621
9670,5.398561565815621
9671,5.398561565815621
9672,5.398561565815621
9673,5.398561565815621
9674,5.398561565815621
9675,5.398561565815621
9676,5.398561565815621
9677,5.398561565815621
9678,5.398561565815621
9679,5.398561565815621
9680,5.398561565815621
9681,5.398561565815621
9682,5.398561565815621
9683,5.398561565815621
9684,5.398561565815621
9685,5.398561565815621
9686,5.398561565815621
9687,5.398561565815621
9688,5.398561565815621
9689,5.398561565815621
9690,5.398561565815621
9691,5.398561565815621
9692,5.398561565815621
9693,5.398561565815621
9694,5.398561565815621
9695,5.398561565815621
9696,5.398561565815621
9697,5.398561565815621
9698,5.398561565815621
9699,5.398561565815621
9700,5.398561565815621
9701,5.398561565815621
9702,5.398561565815621
9703,5.398561565815621
9704,5.398561565815621
9705,5.398561565815621
9706,5.398561565815621
9707,5.398561565815621
9708,5.398561565815621
9709,5.398561565815621
9710,5.398561565815621
9711,5.398561565815621
9712,5.398561565815621
9713,5.398561565815621
9714,5.398561565815621
9715,5.398561565815621
9716,5.398561565815621
9717,5.398561565815621
9718,5.398561565815621
9719,5.398561565815621
9720,5.398561565815621
9721,5.398561565815621
9722,5.398561565815621
9723,5.398561565815621
9724,5.398561565815621
9725,5.398561565815621
9726,5.398561565815621
9727,5.398561565815621
9728,5.398561565815621
9729,5.398561565815621
9730,5.398561565815621
9731,5.398561565815621
9732,5.398561565815621
9733,5.398561565815621
9734,5.398561565815621
9735,5.398561565815621
9736,5.398561565815621
9737,5.398561565815621
9738,5.398561565815621
9739,5.398561565815621
9740,5.398561565815621
9741,5.398561565815621
9742,5.398561565815621
9743,5.398561565815621
9744,5.398561565815621
9745,5.398561565815621
9746,5.398561565815621
9747,5.398561565815621
9748,5.398561565815621
9749,5.398561565815621
9750,5.398561565815621
9751,5.398561565815621
9752,5.398561565815621
9753,5.398561565815621
9754,5.398561565815621
9755,5.398561565815621
9756,5.398561565815621
9757,5.398561565815621
9758,5.398561565815621
9759,5.398561565815621
9760,5.398561565815621
9761,5.398561565815621
9762,5.398561565815621
9763,5.398561565815621
9764,5.398561565815621
9765,5.398561565815621
9766,5.398561565815621
9767,5.398561565815621
9768,5.398561565815621
9769,5.398561565815621
9770,5.398561565815621
9771,5.398561565815621
9772,5.398561565815621
9773,5.398561565815621
9774,5.398561565815621
9775,5.398561565815621
9776,5.398561565815621
9777,5.398561565815621
9778,5.398561565815621
9779,5.398561565815621
9780,5.398561565815621
9781,5.398561565815621
9782,5.398561565815621
9783,5.398561565815621
9784,5.398561565815621
9785,5.398561565815621
9786,5.398561565815621
9787,5.398561565815621
9788,5.398561565815621
9789,5.398561565815621
9790,5.398561565815621
9791,5.398561565815621
9792,5.398561565815621
9793,5.398561565815621
9794,5.398561565815621
9795,5.398561565815621
9796,5.398561565815621
9797,5.398561565815621
9798,5.398561565815621
9799,5.398561565815621
9800,5.398561565815621
9801,5.398561565815621
9802,5.398561565815621
9803,5.398561565815621
9804,5.398561565815621
9805,5.398561565815621
9806,5.398561565815621
9807,5.398561565815621
9808,5.398561565815621
9809,5.398561565815621
9810,5.398561565815621
9811,5.398561565815621
9812,5.398561565815621
9813,5.398561565815621
9814,5.398561565815621
9815,5.398561565815621
9816,5.398561565815621
9817,5.398561565815621
9818,5.398561565815621
9819,5.398561565815621
9820,5.398561565815621
9821,5.398561565815621
9822,5.398561565815621
9823,5.398561565815621
9824,5.398561565815621
9825,5.398561565815621
9826,5.398561565815621
9827,5.398561565815621
9828,5.398561565815621
9829,5.398561565815621
9830,5.398561565815621
9831,5.398561565815621
9832,5.398561565815621
9833,5.398561565815621
9834,5.398561565815621
9835,5.398561565815621
9836,5.398561565815621
9837,5.398561565815621
9838,5.398561565815621
9839,5.398561565815621
9840,5.398561565815621
9841,5.398561565815621
9842,5.398561565815621
9843,5.398561565815621
9844,5.398561565815621
9845,5.398561565815621
9846,5.398561565815621
9847,5.398561565815621
9848,5.398561565815621
9849,5.398561565815621
9850,5.398561565815621
9851,5.398561565815621
9852,5.398561565815621
9853,5.398561565815621
9854,5.398561565815621
9855,5.398561565815621
9856,5.398561565815621
9857,5.398561565815621
9858,5.398561565815621
9859,5.398561565815621
9860,5.398561565815621
9861,5.398561565815621
9862,5.398561565815621
9863,5.398561565815621
9864,5.398561565815621
9865,5.398561565815621
9866,5.398561565815621
9867,5.398561565815621
9868,5.398561565815621
9869,5.398561565815621
9870,5.398561565815621
9871,5.398561565815621
9872,5.398561565815621
9873,5.398561565815621
9874,5.398561565815621
9875,5.398561565815621
9876,5.398561565815621
9877,5.398561565815621
9878,5.398561565815621
9879,5.398561565815621
9880,5.398561565815621
9881,5.398561565815621
9882,5.398561565815621
9883,5.398561565815621
9884,5.398561565815621
9885,5.398561565815621
9886,5.398561565815621
9887,5.398561565815621
9888,5.398561565815621
9889,5.398561565815621
9890,5.398561565815621
9891,5.398561565815621
9892,5.398561565815621
9893,5.398561565815621
9894,5.398561565815621
9895,5.398561565815621
9896,5.398561565815621
9897,5.398561565815621
9898,5.398561565815621
9899,5.398561565815621
9900,5.398561565815621
9901,5.398561565815621
9902,5.398561565815621
9903,5.398561565815621
9904,5.398561565815621
9905,5.398561565815621
9906,5.398561565815621
9907,5.398561565815621
9908,5.398561565815621
9909,5.398561565815621
9910,5.398561565815621
9911,5.398561565815621
9912,5.398561565815621
9913,5.398561565815621
9914,5.398561565815621
9915,5.398561565815621
9916,5.398561565815621
9917,5.398561565815621
9918,5.398561565815621
9919,5.398561565815621
9920,5.398561565815621
9921,5.398561565815621
9922,5.398561565815621
9923,5.398561565815621
9924,5.398561565815621
9925,5.398561565815621
9926,5.398561565815621
9927,5.398561565815621
9928,5.398561565815621
9929,5.398561565815621
9930,5.398561565815621
9931,5.398561565815621
9932,5.398561565815621
9933,5.398561565815621
9934,5.398561565815621
9935,5.398561565815621
9936,5.398561565815621
9937,5.398561565815621
9938,5.398561565815621
9939,5.398561565815621
9940,5.398561565815621
9941,5.398561565815621
9942,5.398561565815621
9943,5.398561565815621
9944,5.398561565815621
9945,5.398561565815621
9946,5.398561565815621
9947,5.398561565815621
9948,5.398561565815621
9949,5.398561565815621
9950,5.398561565815621
9951,5.398561565815621
9952,5.398561565815621
9953,5.398561565815621
9954,5.398561565815621
9955,5.398561565815621
9956,5.398561565815621
9957,5.398561565815621
9958,5.398561565815621
9959,5.398561565815621
9960,5.398561565815621
9961,5.398561565815621
9962,5.398561565815621
9963,5.398561565815621
9964,5.398561565815621
9965,5.398561565815621
9966,5.398561565815621
9967,5.398561565815621
9968,5.398561565815621
9969,5.398561565815621
9970,5.398561565815621
9971,5.398561565815621
9972,5.398561565815621
9973,5.398561565815621
9974,5.398561565815621
9975,5.398561565815621
9976,5.398561565815621
9977,5.398561565815621
9978,5.398561565815621
9979,5.398561565815621
9980,5.398561565815621
9981,5.398561565815621
9982,5.398561565815621
9983,5.398561565815621
9984,5.398561565815621
9985,5.398561565815621
9986,5.398561565815621
9987,5.398561565815621
9988,5.398561565815621
9989,5.398561565815621
9990,5.398561565815621
9991,5.398561565815621
9992,5.398561565815621
9993,5.398561565815621
9994,5.398561565815621
9995,5.398561565815621
9996,5.398561565815621
9997,5.398561565815621
9998,5.398561565815621
9999,5.398561565815621
10000,5.398561565815621
