iteration,best_loss
0,66.40907948595049
1,66.40907948595049
2,66.40907948595049
3,66.40907948595049
4,66.40907948595049
5,66.40907948595049
6,25.51405761641549
7,25.51405761641549
8,25.51405761641549
9,25.51405761641549
10,25.51405761641549
11,25.01846016577662
12,25.01846016577662
13,25.01846016577662
14,25.01846016577662
15,25.01846016577662
16,25.01846016577662
17,25.01846016577662
18,25.01846016577662
19,25.01846016577662
20,25.01846016577662
21,21.80818518961412
22,21.80818518961412
23,21.80818518961412
24,21.80818518961412
25,21.80818518961412
26,21.80818518961412
27,21.80818518961412
28,21.80818518961412
29,21.80818518961412
30,21.80818518961412
31,21.80818518961412
32,21.80818518961412
33,21.80818518961412
34,21.80818518961412
35,21.80818518961412
36,21.80818518961412
37,21.80818518961412
38,21.80818518961412
39,21.80818518961412
40,21.80818518961412
41,21.80818518961412
42,21.80818518961412
43,21.80818518961412
44,21.80818518961412
45,21.80818518961412
46,21.80818518961412
47,21.80818518961412
48,21.80818518961412
49,21.80818518961412
50,21.80818518961412
51,21.80818518961412
52,21.80818518961412
53,21.80818518961412
54,21.80818518961412
55,21.80818518961412
56,21.80818518961412
57,21.80818518961412
58,21.80818518961412
59,21.80818518961412
60,21.80818518961412
61,21.80818518961412
62,21.80818518961412
63,21.80818518961412
64,21.80818518961412
65,21.80818518961412
66,21.80818518961412
67,21.80818518961412
68,21.80818518961412
69,21.80818518961412
70,21.80818518961412
71,21.80818518961412
72,21.80818518961412
73,21.80818518961412
74,21.80818518961412
75,21.80818518961412
76,21.80818518961412
77,21.80818518961412
78,21.80818518961412
79,21.80818518961412
80,21.80818518961412
81,21.80818518961412
82,21.80818518961412
83,19.44526414721155
84,19.44526414721155
85,19.44526414721155
86,19.44526414721155
87,19.44526414721155
88,19.44526414721155
89,15.675021221942304
90,15.675021221942304
91,15.675021221942304
92,15.675021221942304
93,15.675021221942304
94,15.675021221942304
95,15.675021221942304
96,15.675021221942304
97,15.675021221942304
98,15.675021221942304
99,15.675021221942304
100,15.675021221942304
101,15.675021221942304
102,15.675021221942304
103,15.675021221942304
104,15.675021221942304
105,15.534837714296899
106,15.534837714296899
107,15.534837714296899
108,15.534837714296899
109,15.534837714296899
110,15.534837714296899
111,15.534837714296899
112,15.534837714296899
113,15.534837714296899
114,15.534837714296899
115,15.534837714296899
116,15.534837714296899
117,15.534837714296899
118,15.534837714296899
119,15.534837714296899
120,15.534837714296899
121,15.534837714296899
122,15.534837714296899
123,15.534837714296899
124,15.534837714296899
125,15.534837714296899
126,15.534837714296899
127,15.534837714296899
128,15.534837714296899
129,15.534837714296899
130,15.534837714296899
131,15.534837714296899
132,15.534837714296899
133,15.534837714296899
134,15.534837714296899
135,15.534837714296899
136,15.534837714296899
137,15.534837714296899
138,15.534837714296899
139,15.534837714296899
140,15.534837714296899
141,15.534837714296899
142,15.534837714296899
143,15.534837714296899
144,15.534837714296899
145,15.534837714296899
146,15.534837714296899
147,15.534837714296899
148,15.534837714296899
149,15.534837714296899
150,15.534837714296899
151,15.534837714296899
152,15.534837714296899
153,15.534837714296899
154,15.534837714296899
155,15.534837714296899
156,15.534837714296899
157,15.534837714296899
158,15.534837714296899
159,15.534837714296899
160,15.534837714296899
161,15.534837714296899
162,15.534837714296899
163,15.534837714296899
164,15.534837714296899
165,15.534837714296899
166,15.534837714296899
167,15.534837714296899
168,15.534837714296899
169,15.534837714296899
170,15.534837714296899
171,15.534837714296899
172,14.385576486295323
173,14.385576486295323
174,14.385576486295323
175,14.385576486295323
176,14.385576486295323
177,14.385576486295323
178,14.385576486295323
179,14.385576486295323
180,14.385576486295323
181,14.385576486295323
182,14.385576486295323
183,14.385576486295323
184,14.385576486295323
185,14.385576486295323
186,14.385576486295323
187,14.385576486295323
188,13.612543885205065
189,13.612543885205065
190,13.612543885205065
191,13.612543885205065
192,13.612543885205065
193,13.612543885205065
194,13.612543885205065
195,13.612543885205065
196,13.612543885205065
197,13.612543885205065
198,13.612543885205065
199,13.612543885205065
200,13.612543885205065
201,13.612543885205065
202,13.612543885205065
203,13.488196245622557
204,13.488196245622557
205,11.714147571190397
206,11.714147571190397
207,11.714147571190397
208,11.714147571190397
209,11.714147571190397
210,11.714147571190397
211,11.714147571190397
212,11.714147571190397
213,11.714147571190397
214,11.714147571190397
215,11.714147571190397
216,11.714147571190397
217,11.714147571190397
218,11.714147571190397
219,11.714147571190397
220,11.714147571190397
221,11.714147571190397
222,11.714147571190397
223,11.714147571190397
224,11.714147571190397
225,11.714147571190397
226,10.089725949193117
227,10.089725949193117
228,10.089725949193117
229,10.089725949193117
230,10.089725949193117
231,10.089725949193117
232,10.089725949193117
233,10.089725949193117
234,10.089725949193117
235,10.089725949193117
236,10.089725949193117
237,10.089725949193117
238,10.089725949193117
239,10.089725949193117
240,10.089725949193117
241,10.089725949193117
242,10.089725949193117
243,10.089725949193117
244,10.089725949193117
245,10.089725949193117
246,10.089725949193117
247,10.089725949193117
248,10.089725949193117
249,10.089725949193117
250,10.089725949193117
251,10.089725949193117
252,10.089725949193117
253,10.089725949193117
254,10.089725949193117
255,10.089725949193117
256,10.089725949193117
257,10.089725949193117
258,10.089725949193117
259,10.089725949193117
260,10.089725949193117
261,10.089725949193117
262,10.089725949193117
263,10.089725949193117
264,10.089725949193117
265,10.089725949193117
266,10.089725949193117
267,10.089725949193117
268,10.089725949193117
269,10.089725949193117
270,10.089725949193117
271,10.089725949193117
272,10.089725949193117
273,10.089725949193117
274,10.089725949193117
275,10.089725949193117
276,10.089725949193117
277,10.089725949193117
278,10.089725949193117
279,10.089725949193117
280,10.089725949193117
281,10.089725949193117
282,10.089725949193117
283,10.089725949193117
284,10.089725949193117
285,10.089725949193117
286,10.089725949193117
287,10.089725949193117
288,10.089725949193117
289,10.089725949193117
290,10.089725949193117
291,10.089725949193117
292,10.089725949193117
293,10.089725949193117
294,10.089725949193117
295,10.089725949193117
296,10.089725949193117
297,10.089725949193117
298,10.089725949193117
299,10.089725949193117
300,10.089725949193117
301,10.089725949193117
302,10.089725949193117
303,10.089725949193117
304,10.089725949193117
305,10.089725949193117
306,10.089725949193117
307,10.089725949193117
308,10.089725949193117
309,10.089725949193117
310,10.089725949193117
311,10.089725949193117
312,10.089725949193117
313,10.089725949193117
314,10.089725949193117
315,10.089725949193117
316,10.089725949193117
317,10.089725949193117
318,10.089725949193117
319,10.089725949193117
320,10.089725949193117
321,10.089725949193117
322,10.089725949193117
323,10.089725949193117
324,10.089725949193117
325,10.089725949193117
326,10.089725949193117
327,10.089725949193117
328,10.089725949193117
329,10.089725949193117
330,10.089725949193117
331,10.089725949193117
332,10.089725949193117
333,10.089725949193117
334,10.089725949193117
335,10.089725949193117
336,10.089725949193117
337,10.089725949193117
338,10.089725949193117
339,10.089725949193117
340,10.089725949193117
341,10.089725949193117
342,10.089725949193117
343,10.089725949193117
344,10.089725949193117
345,10.089725949193117
346,10.089725949193117
347,10.089725949193117
348,10.089725949193117
349,10.089725949193117
350,10.089725949193117
351,10.089725949193117
352,10.089725949193117
353,10.089725949193117
354,10.089725949193117
355,10.089725949193117
356,10.089725949193117
357,10.089725949193117
358,10.089725949193117
359,10.089725949193117
360,10.089725949193117
361,10.089725949193117
362,10.089725949193117
363,10.089725949193117
364,10.089725949193117
365,10.089725949193117
366,10.089725949193117
367,10.089725949193117
368,10.089725949193117
369,10.089725949193117
370,10.089725949193117
371,10.089725949193117
372,10.089725949193117
373,10.089725949193117
374,10.089725949193117
375,10.089725949193117
376,10.089725949193117
377,10.089725949193117
378,10.089725949193117
379,10.089725949193117
380,10.089725949193117
381,10.089725949193117
382,10.089725949193117
383,10.089725949193117
384,10.089725949193117
385,10.089725949193117
386,10.089725949193117
387,10.089725949193117
388,10.089725949193117
389,10.089725949193117
390,10.089725949193117
391,10.089725949193117
392,10.089725949193117
393,10.089725949193117
394,10.089725949193117
395,10.089725949193117
396,10.089725949193117
397,10.089725949193117
398,10.089725949193117
399,10.089725949193117
400,10.089725949193117
401,10.089725949193117
402,10.089725949193117
403,10.089725949193117
404,10.089725949193117
405,10.089725949193117
406,10.089725949193117
407,10.089725949193117
408,10.089725949193117
409,10.089725949193117
410,10.089725949193117
411,10.089725949193117
412,10.089725949193117
413,10.089725949193117
414,10.089725949193117
415,10.089725949193117
416,10.089725949193117
417,10.089725949193117
418,10.089725949193117
419,10.089725949193117
420,10.089725949193117
421,10.089725949193117
422,10.089725949193117
423,10.089725949193117
424,10.089725949193117
425,10.089725949193117
426,10.089725949193117
427,10.089725949193117
428,10.089725949193117
429,10.089725949193117
430,10.089725949193117
431,10.089725949193117
432,10.089725949193117
433,10.089725949193117
434,10.089725949193117
435,10.089725949193117
436,10.089725949193117
437,10.089725949193117
438,10.089725949193117
439,10.089725949193117
440,10.089725949193117
441,10.089725949193117
442,10.089725949193117
443,10.089725949193117
444,10.089725949193117
445,10.089725949193117
446,10.089725949193117
447,10.089725949193117
448,10.089725949193117
449,10.089725949193117
450,10.089725949193117
451,10.089725949193117
452,10.089725949193117
453,10.089725949193117
454,10.089725949193117
455,10.089725949193117
456,10.089725949193117
457,10.089725949193117
458,10.089725949193117
459,10.089725949193117
460,10.089725949193117
461,10.089725949193117
462,10.089725949193117
463,10.089725949193117
464,10.089725949193117
465,10.089725949193117
466,10.089725949193117
467,10.089725949193117
468,10.089725949193117
469,10.089725949193117
470,10.089725949193117
471,10.089725949193117
472,10.089725949193117
473,10.089725949193117
474,10.089725949193117
475,10.089725949193117
476,10.089725949193117
477,10.089725949193117
478,10.089725949193117
479,10.089725949193117
480,10.089725949193117
481,10.089725949193117
482,10.089725949193117
483,10.089725949193117
484,10.089725949193117
485,10.089725949193117
486,10.089725949193117
487,10.089725949193117
488,10.089725949193117
489,10.089725949193117
490,10.089725949193117
491,10.089725949193117
492,10.089725949193117
493,10.089725949193117
494,10.089725949193117
495,10.089725949193117
496,10.089725949193117
497,10.089725949193117
498,10.089725949193117
499,10.089725949193117
500,10.089725949193117
501,10.089725949193117
502,10.089725949193117
503,10.089725949193117
504,10.089725949193117
505,10.089725949193117
506,10.089725949193117
507,10.089725949193117
508,10.089725949193117
509,10.089725949193117
510,10.089725949193117
511,10.089725949193117
512,10.089725949193117
513,10.089725949193117
514,10.089725949193117
515,10.089725949193117
516,10.089725949193117
517,10.089725949193117
518,10.089725949193117
519,10.089725949193117
520,10.089725949193117
521,10.089725949193117
522,10.089725949193117
523,10.089725949193117
524,10.089725949193117
525,10.089725949193117
526,10.089725949193117
527,10.089725949193117
528,10.089725949193117
529,10.089725949193117
530,10.089725949193117
531,10.089725949193117
532,10.089725949193117
533,10.089725949193117
534,10.089725949193117
535,10.089725949193117
536,10.089725949193117
537,10.089725949193117
538,10.089725949193117
539,10.089725949193117
540,10.089725949193117
541,10.089725949193117
542,10.089725949193117
543,10.089725949193117
544,10.089725949193117
545,10.089725949193117
546,10.089725949193117
547,10.089725949193117
548,10.089725949193117
549,10.089725949193117
550,10.089725949193117
551,10.089725949193117
552,10.089725949193117
553,10.089725949193117
554,10.089725949193117
555,10.089725949193117
556,10.089725949193117
557,10.089725949193117
558,10.089725949193117
559,10.089725949193117
560,10.089725949193117
561,10.089725949193117
562,10.089725949193117
563,10.089725949193117
564,10.089725949193117
565,10.089725949193117
566,10.089725949193117
567,9.493802694837733
568,9.493802694837733
569,9.493802694837733
570,9.493802694837733
571,9.493802694837733
572,9.493802694837733
573,9.493802694837733
574,9.493802694837733
575,9.493802694837733
576,9.493802694837733
577,9.493802694837733
578,9.493802694837733
579,9.493802694837733
580,9.493802694837733
581,9.493802694837733
582,9.493802694837733
583,9.493802694837733
584,9.493802694837733
585,9.493802694837733
586,9.493802694837733
587,9.493802694837733
588,9.200585518265308
589,9.200585518265308
590,7.832123153197337
591,7.832123153197337
592,7.832123153197337
593,7.832123153197337
594,7.832123153197337
595,7.832123153197337
596,7.832123153197337
597,7.832123153197337
598,7.832123153197337
599,7.832123153197337
600,7.832123153197337
601,7.832123153197337
602,7.832123153197337
603,7.832123153197337
604,7.832123153197337
605,7.832123153197337
606,7.832123153197337
607,7.832123153197337
608,7.832123153197337
609,7.832123153197337
610,7.832123153197337
611,7.832123153197337
612,7.832123153197337
613,7.832123153197337
614,7.832123153197337
615,7.832123153197337
616,7.832123153197337
617,7.832123153197337
618,7.832123153197337
619,7.832123153197337
620,7.832123153197337
621,7.832123153197337
622,7.832123153197337
623,7.832123153197337
624,7.832123153197337
625,7.832123153197337
626,7.832123153197337
627,7.832123153197337
628,7.832123153197337
629,7.832123153197337
630,7.832123153197337
631,7.832123153197337
632,7.832123153197337
633,7.832123153197337
634,7.832123153197337
635,7.832123153197337
636,7.832123153197337
637,7.832123153197337
638,7.832123153197337
639,7.832123153197337
640,7.832123153197337
641,7.832123153197337
642,7.832123153197337
643,7.832123153197337
644,7.832123153197337
645,7.832123153197337
646,7.832123153197337
647,7.832123153197337
648,7.832123153197337
649,7.832123153197337
650,7.832123153197337
651,7.832123153197337
652,7.832123153197337
653,7.832123153197337
654,7.689254575376899
655,7.689254575376899
656,7.689254575376899
657,7.689254575376899
658,7.689254575376899
659,7.689254575376899
660,7.689254575376899
661,7.689254575376899
662,7.689254575376899
663,7.689254575376899
664,7.689254575376899
665,7.689254575376899
666,7.689254575376899
667,7.689254575376899
668,7.689254575376899
669,7.689254575376899
670,7.689254575376899
671,7.689254575376899
672,7.689254575376899
673,7.689254575376899
674,7.689254575376899
675,7.689254575376899
676,7.689254575376899
677,7.689254575376899
678,7.689254575376899
679,7.689254575376899
680,7.689254575376899
681,7.689254575376899
682,7.689254575376899
683,7.689254575376899
684,7.689254575376899
685,7.689254575376899
686,7.689254575376899
687,7.689254575376899
688,7.689254575376899
689,7.689254575376899
690,7.689254575376899
691,7.689254575376899
692,7.689254575376899
693,7.689254575376899
694,7.689254575376899
695,7.689254575376899
696,7.689254575376899
697,7.689254575376899
698,7.689254575376899
699,7.689254575376899
700,7.689254575376899
701,7.689254575376899
702,7.689254575376899
703,7.689254575376899
704,7.689254575376899
705,7.689254575376899
706,7.689254575376899
707,7.689254575376899
708,7.689254575376899
709,7.689254575376899
710,7.689254575376899
711,7.689254575376899
712,7.689254575376899
713,7.689254575376899
714,7.689254575376899
715,7.689254575376899
716,7.689254575376899
717,7.689254575376899
718,7.689254575376899
719,7.689254575376899
720,7.689254575376899
721,7.689254575376899
722,7.689254575376899
723,7.689254575376899
724,7.689254575376899
725,7.689254575376899
726,7.689254575376899
727,7.689254575376899
728,7.689254575376899
729,7.689254575376899
730,7.689254575376899
731,7.689254575376899
732,7.689254575376899
733,7.689254575376899
734,7.689254575376899
735,7.689254575376899
736,7.689254575376899
737,7.689254575376899
738,7.689254575376899
739,7.689254575376899
740,7.689254575376899
741,7.689254575376899
742,7.689254575376899
743,7.689254575376899
744,7.689254575376899
745,7.689254575376899
746,7.689254575376899
747,7.689254575376899
748,7.689254575376899
749,7.689254575376899
750,7.689254575376899
751,7.689254575376899
752,7.689254575376899
753,7.689254575376899
754,7.689254575376899
755,7.689254575376899
756,7.689254575376899
757,7.689254575376899
758,7.689254575376899
759,7.689254575376899
760,7.689254575376899
761,7.689254575376899
762,7.689254575376899
763,7.689254575376899
764,7.689254575376899
765,6.911831379656949
766,6.911831379656949
767,6.911831379656949
768,6.911831379656949
769,6.911831379656949
770,6.911831379656949
771,6.911831379656949
772,6.911831379656949
773,6.911831379656949
774,6.911831379656949
775,6.911831379656949
776,6.911831379656949
777,6.911831379656949
778,6.911831379656949
779,6.911831379656949
780,6.911831379656949
781,6.911831379656949
782,6.911831379656949
783,6.911831379656949
784,6.911831379656949
785,6.911831379656949
786,6.911831379656949
787,6.911831379656949
788,6.911831379656949
789,6.911831379656949
790,6.911831379656949
791,6.911831379656949
792,6.911831379656949
793,6.911831379656949
794,6.911831379656949
795,6.911831379656949
796,6.911831379656949
797,6.911831379656949
798,6.911831379656949
799,6.911831379656949
800,6.911831379656949
801,6.911831379656949
802,6.911831379656949
803,6.911831379656949
804,6.911831379656949
805,6.911831379656949
806,6.911831379656949
807,6.911831379656949
808,6.911831379656949
809,6.911831379656949
810,6.911831379656949
811,6.911831379656949
812,6.911831379656949
813,6.911831379656949
814,6.911831379656949
815,6.911831379656949
816,6.911831379656949
817,6.911831379656949
818,6.911831379656949
819,6.911831379656949
820,6.911831379656949
821,6.911831379656949
822,6.911831379656949
823,6.911831379656949
824,6.911831379656949
825,6.911831379656949
826,6.911831379656949
827,6.911831379656949
828,6.911831379656949
829,6.911831379656949
830,6.911831379656949
831,6.911831379656949
832,6.911831379656949
833,6.911831379656949
834,6.911831379656949
835,6.911831379656949
836,6.911831379656949
837,6.911831379656949
838,6.911831379656949
839,6.911831379656949
840,6.911831379656949
841,6.911831379656949
842,6.911831379656949
843,6.911831379656949
844,6.911831379656949
845,6.911831379656949
846,6.911831379656949
847,6.911831379656949
848,6.911831379656949
849,6.911831379656949
850,6.911831379656949
851,6.911831379656949
852,6.911831379656949
853,6.911831379656949
854,6.911831379656949
855,6.911831379656949
856,6.911831379656949
857,6.911831379656949
858,6.911831379656949
859,6.911831379656949
860,6.911831379656949
861,6.911831379656949
862,6.911831379656949
863,6.911831379656949
864,6.911831379656949
865,6.911831379656949
866,6.911831379656949
867,6.911831379656949
868,6.911831379656949
869,6.911831379656949
870,6.911831379656949
871,6.911831379656949
872,6.911831379656949
873,6.911831379656949
874,6.911831379656949
875,6.911831379656949
876,6.911831379656949
877,6.911831379656949
878,6.911831379656949
879,6.911831379656949
880,6.911831379656949
881,6.911831379656949
882,6.911831379656949
883,6.911831379656949
884,6.911831379656949
885,6.911831379656949
886,6.911831379656949
887,6.911831379656949
888,6.911831379656949
889,6.911831379656949
890,6.911831379656949
891,6.911831379656949
892,6.911831379656949
893,6.911831379656949
894,6.911831379656949
895,6.911831379656949
896,6.911831379656949
897,6.911831379656949
898,6.911831379656949
899,6.911831379656949
900,6.911831379656949
901,6.911831379656949
902,6.911831379656949
903,6.911831379656949
904,6.911831379656949
905,6.911831379656949
906,6.911831379656949
907,6.911831379656949
908,6.911831379656949
909,6.911831379656949
910,6.911831379656949
911,6.911831379656949
912,6.911831379656949
913,6.911831379656949
914,6.911831379656949
915,6.911831379656949
916,6.911831379656949
917,6.911831379656949
918,6.911831379656949
919,6.911831379656949
920,6.911831379656949
921,6.911831379656949
922,6.911831379656949
923,6.911831379656949
924,6.911831379656949
925,6.911831379656949
926,6.911831379656949
927,6.911831379656949
928,6.911831379656949
929,6.911831379656949
930,6.911831379656949
931,6.911831379656949
932,6.911831379656949
933,6.911831379656949
934,6.911831379656949
935,6.911831379656949
936,6.911831379656949
937,6.911831379656949
938,6.911831379656949
939,6.911831379656949
940,6.911831379656949
941,6.911831379656949
942,6.911831379656949
943,6.911831379656949
944,6.911831379656949
945,6.911831379656949
946,6.911831379656949
947,6.911831379656949
948,6.911831379656949
949,6.911831379656949
950,6.911831379656949
951,6.911831379656949
952,6.911831379656949
953,6.911831379656949
954,6.911831379656949
955,6.911831379656949
956,6.911831379656949
957,6.911831379656949
958,6.911831379656949
959,6.911831379656949
960,6.911831379656949
961,6.911831379656949
962,6.911831379656949
963,6.911831379656949
964,6.911831379656949
965,6.911831379656949
966,6.911831379656949
967,6.911831379656949
968,6.911831379656949
969,6.911831379656949
970,6.911831379656949
971,6.911831379656949
972,6.911831379656949
973,6.911831379656949
974,6.911831379656949
975,6.911831379656949
976,6.911831379656949
977,6.911831379656949
978,6.911831379656949
979,6.911831379656949
980,6.911831379656949
981,6.911831379656949
982,6.911831379656949
983,6.911831379656949
984,6.911831379656949
985,6.911831379656949
986,6.911831379656949
987,6.911831379656949
988,6.911831379656949
989,6.911831379656949
990,6.911831379656949
991,6.911831379656949
992,6.911831379656949
993,6.911831379656949
994,6.911831379656949
995,6.911831379656949
996,6.911831379656949
997,6.911831379656949
998,6.911831379656949
999,6.911831379656949
1000,6.911831379656949
1001,6.911831379656949
1002,6.911831379656949
1003,6.911831379656949
1004,6.911831379656949
1005,6.911831379656949
1006,6.911831379656949
1007,6.911831379656949
1008,6.911831379656949
1009,6.911831379656949
1010,6.911831379656949
1011,6.911831379656949
1012,6.911831379656949
1013,6.911831379656949
1014,6.911831379656949
1015,6.911831379656949
1016,6.911831379656949
1017,6.911831379656949
1018,6.911831379656949
1019,6.911831379656949
1020,6.911831379656949
1021,6.911831379656949
1022,6.911831379656949
1023,6.911831379656949
1024,6.911831379656949
1025,6.911831379656949
1026,6.911831379656949
1027,6.911831379656949
1028,6.911831379656949
1029,6.911831379656949
1030,6.911831379656949
1031,6.911831379656949
1032,6.911831379656949
1033,6.911831379656949
1034,6.911831379656949
1035,6.911831379656949
1036,6.911831379656949
1037,6.911831379656949
1038,6.911831379656949
1039,6.911831379656949
1040,6.911831379656949
1041,6.911831379656949
1042,6.911831379656949
1043,6.911831379656949
1044,6.911831379656949
1045,6.911831379656949
1046,6.911831379656949
1047,6.911831379656949
1048,6.911831379656949
1049,6.911831379656949
1050,6.911831379656949
1051,6.911831379656949
1052,6.911831379656949
1053,6.911831379656949
1054,6.911831379656949
1055,6.911831379656949
1056,6.911831379656949
1057,6.911831379656949
1058,6.911831379656949
1059,6.911831379656949
1060,6.911831379656949
1061,6.911831379656949
1062,6.911831379656949
1063,6.911831379656949
1064,6.911831379656949
1065,6.911831379656949
1066,6.911831379656949
1067,6.911831379656949
1068,6.911831379656949
1069,6.911831379656949
1070,6.911831379656949
1071,6.911831379656949
1072,6.911831379656949
1073,6.911831379656949
1074,6.911831379656949
1075,6.911831379656949
1076,6.911831379656949
1077,6.911831379656949
1078,6.911831379656949
1079,6.911831379656949
1080,6.911831379656949
1081,6.911831379656949
1082,6.911831379656949
1083,6.911831379656949
1084,6.911831379656949
1085,6.911831379656949
1086,6.911831379656949
1087,6.911831379656949
1088,6.911831379656949
1089,6.911831379656949
1090,6.911831379656949
1091,6.911831379656949
1092,6.911831379656949
1093,6.911831379656949
1094,6.911831379656949
1095,6.911831379656949
1096,6.911831379656949
1097,6.911831379656949
1098,6.911831379656949
1099,6.911831379656949
1100,6.911831379656949
1101,6.911831379656949
1102,6.911831379656949
1103,6.911831379656949
1104,6.911831379656949
1105,6.911831379656949
1106,6.911831379656949
1107,6.911831379656949
1108,6.911831379656949
1109,6.911831379656949
1110,6.911831379656949
1111,6.911831379656949
1112,6.911831379656949
1113,6.911831379656949
1114,6.911831379656949
1115,6.911831379656949
1116,6.911831379656949
1117,6.911831379656949
1118,6.911831379656949
1119,6.911831379656949
1120,6.911831379656949
1121,6.911831379656949
1122,6.911831379656949
1123,6.911831379656949
1124,6.911831379656949
1125,6.911831379656949
1126,6.911831379656949
1127,6.911831379656949
1128,6.911831379656949
1129,6.911831379656949
1130,6.911831379656949
1131,6.911831379656949
1132,6.911831379656949
1133,6.911831379656949
1134,6.911831379656949
1135,6.911831379656949
1136,6.911831379656949
1137,6.911831379656949
1138,6.911831379656949
1139,6.911831379656949
1140,6.911831379656949
1141,6.911831379656949
1142,6.911831379656949
1143,6.911831379656949
1144,6.911831379656949
1145,6.911831379656949
1146,6.911831379656949
1147,6.911831379656949
1148,6.911831379656949
1149,6.911831379656949
1150,6.911831379656949
1151,6.911831379656949
1152,6.911831379656949
1153,6.911831379656949
1154,6.911831379656949
1155,6.911831379656949
1156,6.911831379656949
1157,6.911831379656949
1158,6.911831379656949
1159,6.911831379656949
1160,6.911831379656949
1161,6.911831379656949
1162,6.911831379656949
1163,6.911831379656949
1164,6.911831379656949
1165,6.911831379656949
1166,6.911831379656949
1167,6.911831379656949
1168,6.911831379656949
1169,6.911831379656949
1170,6.911831379656949
1171,6.911831379656949
1172,6.911831379656949
1173,6.911831379656949
1174,6.911831379656949
1175,6.911831379656949
1176,6.911831379656949
1177,6.911831379656949
1178,6.911831379656949
1179,6.911831379656949
1180,6.911831379656949
1181,6.911831379656949
1182,6.911831379656949
1183,6.911831379656949
1184,6.911831379656949
1185,6.911831379656949
1186,6.911831379656949
1187,6.911831379656949
1188,6.911831379656949
1189,6.911831379656949
1190,6.911831379656949
1191,6.911831379656949
1192,6.911831379656949
1193,6.911831379656949
1194,6.911831379656949
1195,6.911831379656949
1196,6.911831379656949
1197,6.911831379656949
1198,6.911831379656949
1199,6.911831379656949
1200,6.911831379656949
1201,6.911831379656949
1202,6.911831379656949
1203,6.911831379656949
1204,6.911831379656949
1205,6.911831379656949
1206,6.911831379656949
1207,6.911831379656949
1208,6.911831379656949
1209,6.911831379656949
1210,6.911831379656949
1211,6.911831379656949
1212,6.911831379656949
1213,6.911831379656949
1214,6.911831379656949
1215,6.911831379656949
1216,6.911831379656949
1217,6.911831379656949
1218,6.911831379656949
1219,6.911831379656949
1220,6.911831379656949
1221,6.911831379656949
1222,6.911831379656949
1223,6.911831379656949
1224,6.911831379656949
1225,6.911831379656949
1226,6.911831379656949
1227,6.911831379656949
1228,6.911831379656949
1229,6.911831379656949
1230,6.911831379656949
1231,6.911831379656949
1232,6.911831379656949
1233,6.911831379656949
1234,6.911831379656949
1235,6.911831379656949
1236,6.911831379656949
1237,6.911831379656949
1238,6.911831379656949
1239,6.911831379656949
1240,6.911831379656949
1241,6.911831379656949
1242,6.911831379656949
1243,6.911831379656949
1244,6.911831379656949
1245,6.911831379656949
1246,6.911831379656949
1247,6.911831379656949
1248,6.911831379656949
1249,6.911831379656949
1250,6.911831379656949
1251,6.911831379656949
1252,6.911831379656949
1253,6.911831379656949
1254,6.911831379656949
1255,6.911831379656949
1256,6.911831379656949
1257,6.911831379656949
1258,6.911831379656949
1259,6.911831379656949
1260,6.911831379656949
1261,6.911831379656949
1262,6.911831379656949
1263,6.911831379656949
1264,6.911831379656949
1265,6.911831379656949
1266,6.911831379656949
1267,6.911831379656949
1268,6.911831379656949
1269,6.911831379656949
1270,6.911831379656949
1271,6.911831379656949
1272,6.911831379656949
1273,6.911831379656949
1274,6.911831379656949
1275,6.911831379656949
1276,6.911831379656949
1277,6.911831379656949
1278,6.911831379656949
1279,6.911831379656949
1280,6.911831379656949
1281,6.911831379656949
1282,6.911831379656949
1283,6.911831379656949
1284,6.911831379656949
1285,6.911831379656949
1286,6.911831379656949
1287,6.911831379656949
1288,6.911831379656949
1289,6.911831379656949
1290,6.911831379656949
1291,6.911831379656949
1292,6.911831379656949
1293,6.911831379656949
1294,6.911831379656949
1295,6.911831379656949
1296,6.911831379656949
1297,6.911831379656949
1298,6.911831379656949
1299,6.911831379656949
1300,6.911831379656949
1301,6.911831379656949
1302,6.911831379656949
1303,6.911831379656949
1304,6.911831379656949
1305,6.911831379656949
1306,6.911831379656949
1307,6.911831379656949
1308,6.911831379656949
1309,6.911831379656949
1310,6.911831379656949
1311,6.911831379656949
1312,6.911831379656949
1313,6.911831379656949
1314,6.911831379656949
1315,6.911831379656949
1316,6.911831379656949
1317,6.911831379656949
1318,6.911831379656949
1319,6.911831379656949
1320,6.911831379656949
1321,6.911831379656949
1322,6.911831379656949
1323,6.911831379656949
1324,6.911831379656949
1325,6.911831379656949
1326,6.911831379656949
1327,6.911831379656949
1328,6.911831379656949
1329,6.911831379656949
1330,6.911831379656949
1331,6.911831379656949
1332,6.911831379656949
1333,6.911831379656949
1334,6.911831379656949
1335,6.911831379656949
1336,6.911831379656949
1337,6.911831379656949
1338,6.911831379656949
1339,6.911831379656949
1340,6.911831379656949
1341,6.911831379656949
1342,6.911831379656949
1343,6.911831379656949
1344,6.911831379656949
1345,6.911831379656949
1346,6.911831379656949
1347,6.911831379656949
1348,6.911831379656949
1349,6.911831379656949
1350,6.911831379656949
1351,6.911831379656949
1352,6.911831379656949
1353,6.911831379656949
1354,6.911831379656949
1355,6.911831379656949
1356,6.911831379656949
1357,6.911831379656949
1358,6.911831379656949
1359,6.911831379656949
1360,6.911831379656949
1361,6.911831379656949
1362,6.911831379656949
1363,6.911831379656949
1364,6.911831379656949
1365,6.911831379656949
1366,6.911831379656949
1367,6.911831379656949
1368,6.911831379656949
1369,6.911831379656949
1370,6.911831379656949
1371,6.911831379656949
1372,6.911831379656949
1373,6.911831379656949
1374,6.911831379656949
1375,6.911831379656949
1376,6.911831379656949
1377,6.911831379656949
1378,6.911831379656949
1379,6.911831379656949
1380,6.911831379656949
1381,6.911831379656949
1382,6.911831379656949
1383,6.911831379656949
1384,6.911831379656949
1385,6.911831379656949
1386,6.911831379656949
1387,6.911831379656949
1388,6.911831379656949
1389,6.911831379656949
1390,6.911831379656949
1391,6.911831379656949
1392,6.911831379656949
1393,6.911831379656949
1394,6.911831379656949
1395,6.911831379656949
1396,6.911831379656949
1397,6.911831379656949
1398,6.911831379656949
1399,6.911831379656949
1400,6.911831379656949
1401,6.911831379656949
1402,6.911831379656949
1403,6.911831379656949
1404,6.911831379656949
1405,6.911831379656949
1406,6.911831379656949
1407,6.911831379656949
1408,6.911831379656949
1409,6.911831379656949
1410,6.911831379656949
1411,6.911831379656949
1412,6.911831379656949
1413,6.911831379656949
1414,6.911831379656949
1415,6.911831379656949
1416,6.911831379656949
1417,6.911831379656949
1418,6.911831379656949
1419,6.911831379656949
1420,6.911831379656949
1421,6.911831379656949
1422,6.911831379656949
1423,6.911831379656949
1424,6.911831379656949
1425,6.911831379656949
1426,6.911831379656949
1427,6.911831379656949
1428,6.911831379656949
1429,6.911831379656949
1430,6.911831379656949
1431,6.911831379656949
1432,6.911831379656949
1433,6.911831379656949
1434,6.911831379656949
1435,6.911831379656949
1436,6.911831379656949
1437,6.911831379656949
1438,6.911831379656949
1439,6.911831379656949
1440,6.911831379656949
1441,6.911831379656949
1442,6.911831379656949
1443,6.911831379656949
1444,6.911831379656949
1445,6.911831379656949
1446,6.911831379656949
1447,6.911831379656949
1448,6.911831379656949
1449,6.911831379656949
1450,6.911831379656949
1451,6.911831379656949
1452,6.911831379656949
1453,6.911831379656949
1454,6.911831379656949
1455,6.911831379656949
1456,6.911831379656949
1457,6.911831379656949
1458,6.911831379656949
1459,6.911831379656949
1460,6.911831379656949
1461,6.911831379656949
1462,6.911831379656949
1463,6.911831379656949
1464,6.911831379656949
1465,6.911831379656949
1466,6.911831379656949
1467,6.911831379656949
1468,6.911831379656949
1469,6.911831379656949
1470,6.911831379656949
1471,6.911831379656949
1472,6.911831379656949
1473,6.911831379656949
1474,6.911831379656949
1475,6.911831379656949
1476,6.911831379656949
1477,6.911831379656949
1478,6.911831379656949
1479,6.911831379656949
1480,6.911831379656949
1481,6.911831379656949
1482,6.911831379656949
1483,6.911831379656949
1484,6.911831379656949
1485,6.911831379656949
1486,6.911831379656949
1487,6.911831379656949
1488,6.911831379656949
1489,6.911831379656949
1490,6.911831379656949
1491,6.911831379656949
1492,6.911831379656949
1493,6.911831379656949
1494,6.911831379656949
1495,6.911831379656949
1496,6.911831379656949
1497,6.911831379656949
1498,6.911831379656949
1499,6.911831379656949
1500,6.911831379656949
1501,6.911831379656949
1502,6.911831379656949
1503,6.911831379656949
1504,6.911831379656949
1505,6.911831379656949
1506,6.911831379656949
1507,6.911831379656949
1508,6.911831379656949
1509,6.911831379656949
1510,6.911831379656949
1511,6.911831379656949
1512,6.911831379656949
1513,6.911831379656949
1514,6.911831379656949
1515,6.911831379656949
1516,6.911831379656949
1517,6.911831379656949
1518,6.911831379656949
1519,6.911831379656949
1520,6.911831379656949
1521,6.911831379656949
1522,6.911831379656949
1523,6.911831379656949
1524,6.911831379656949
1525,6.911831379656949
1526,6.911831379656949
1527,6.911831379656949
1528,6.911831379656949
1529,6.911831379656949
1530,6.911831379656949
1531,6.911831379656949
1532,6.911831379656949
1533,6.911831379656949
1534,6.911831379656949
1535,6.911831379656949
1536,6.911831379656949
1537,6.911831379656949
1538,6.911831379656949
1539,6.911831379656949
1540,6.911831379656949
1541,6.911831379656949
1542,6.911831379656949
1543,6.911831379656949
1544,6.911831379656949
1545,6.911831379656949
1546,6.911831379656949
1547,6.911831379656949
1548,6.911831379656949
1549,6.911831379656949
1550,6.911831379656949
1551,6.911831379656949
1552,6.911831379656949
1553,6.911831379656949
1554,6.911831379656949
1555,6.911831379656949
1556,6.911831379656949
1557,6.911831379656949
1558,6.911831379656949
1559,6.911831379656949
1560,6.911831379656949
1561,6.911831379656949
1562,6.911831379656949
1563,6.911831379656949
1564,6.911831379656949
1565,6.911831379656949
1566,6.911831379656949
1567,6.911831379656949
1568,6.911831379656949
1569,6.911831379656949
1570,6.911831379656949
1571,6.911831379656949
1572,6.911831379656949
1573,6.911831379656949
1574,6.911831379656949
1575,6.911831379656949
1576,6.911831379656949
1577,6.911831379656949
1578,6.911831379656949
1579,6.911831379656949
1580,6.911831379656949
1581,6.911831379656949
1582,6.911831379656949
1583,6.911831379656949
1584,6.911831379656949
1585,6.911831379656949
1586,6.911831379656949
1587,6.911831379656949
1588,6.911831379656949
1589,6.911831379656949
1590,6.911831379656949
1591,6.911831379656949
1592,6.911831379656949
1593,6.911831379656949
1594,6.911831379656949
1595,6.911831379656949
1596,6.911831379656949
1597,6.911831379656949
1598,6.911831379656949
1599,6.911831379656949
1600,6.911831379656949
1601,6.911831379656949
1602,6.911831379656949
1603,6.911831379656949
1604,6.911831379656949
1605,6.911831379656949
1606,6.911831379656949
1607,6.911831379656949
1608,6.911831379656949
1609,6.911831379656949
1610,6.911831379656949
1611,6.911831379656949
1612,6.911831379656949
1613,6.911831379656949
1614,6.911831379656949
1615,6.911831379656949
1616,6.911831379656949
1617,6.911831379656949
1618,6.911831379656949
1619,6.911831379656949
1620,6.911831379656949
1621,6.911831379656949
1622,6.911831379656949
1623,6.911831379656949
1624,6.911831379656949
1625,6.911831379656949
1626,6.911831379656949
1627,6.911831379656949
1628,6.911831379656949
1629,6.911831379656949
1630,6.911831379656949
1631,6.911831379656949
1632,6.911831379656949
1633,6.911831379656949
1634,6.911831379656949
1635,6.911831379656949
1636,6.911831379656949
1637,6.911831379656949
1638,6.911831379656949
1639,6.911831379656949
1640,6.911831379656949
1641,6.911831379656949
1642,6.911831379656949
1643,6.911831379656949
1644,6.911831379656949
1645,6.911831379656949
1646,6.911831379656949
1647,6.911831379656949
1648,6.911831379656949
1649,6.911831379656949
1650,6.911831379656949
1651,6.911831379656949
1652,6.911831379656949
1653,6.911831379656949
1654,6.911831379656949
1655,6.911831379656949
1656,6.911831379656949
1657,6.911831379656949
1658,6.911831379656949
1659,6.911831379656949
1660,6.911831379656949
1661,6.911831379656949
1662,6.911831379656949
1663,6.911831379656949
1664,6.911831379656949
1665,6.911831379656949
1666,6.911831379656949
1667,6.911831379656949
1668,6.911831379656949
1669,6.911831379656949
1670,6.911831379656949
1671,6.911831379656949
1672,6.911831379656949
1673,6.911831379656949
1674,6.911831379656949
1675,6.911831379656949
1676,6.911831379656949
1677,6.911831379656949
1678,6.911831379656949
1679,6.911831379656949
1680,6.911831379656949
1681,6.911831379656949
1682,6.911831379656949
1683,6.911831379656949
1684,6.911831379656949
1685,6.911831379656949
1686,6.911831379656949
1687,6.911831379656949
1688,6.911831379656949
1689,6.911831379656949
1690,6.911831379656949
1691,6.911831379656949
1692,6.911831379656949
1693,6.911831379656949
1694,6.911831379656949
1695,6.911831379656949
1696,6.911831379656949
1697,6.911831379656949
1698,6.911831379656949
1699,6.911831379656949
1700,6.911831379656949
1701,6.911831379656949
1702,6.911831379656949
1703,6.911831379656949
1704,6.911831379656949
1705,6.911831379656949
1706,6.911831379656949
1707,6.911831379656949
1708,6.911831379656949
1709,6.911831379656949
1710,6.911831379656949
1711,6.911831379656949
1712,6.911831379656949
1713,6.911831379656949
1714,6.911831379656949
1715,6.911831379656949
1716,6.911831379656949
1717,6.911831379656949
1718,6.911831379656949
1719,6.911831379656949
1720,6.911831379656949
1721,6.911831379656949
1722,6.911831379656949
1723,6.911831379656949
1724,6.911831379656949
1725,6.911831379656949
1726,6.911831379656949
1727,6.911831379656949
1728,6.911831379656949
1729,6.911831379656949
1730,6.911831379656949
1731,6.911831379656949
1732,6.911831379656949
1733,6.911831379656949
1734,6.911831379656949
1735,6.911831379656949
1736,6.911831379656949
1737,6.911831379656949
1738,6.911831379656949
1739,6.911831379656949
1740,6.911831379656949
1741,6.911831379656949
1742,6.911831379656949
1743,6.911831379656949
1744,6.911831379656949
1745,6.911831379656949
1746,6.911831379656949
1747,6.911831379656949
1748,6.911831379656949
1749,6.911831379656949
1750,6.911831379656949
1751,6.911831379656949
1752,6.911831379656949
1753,6.911831379656949
1754,6.911831379656949
1755,6.911831379656949
1756,6.911831379656949
1757,6.911831379656949
1758,6.911831379656949
1759,6.911831379656949
1760,6.911831379656949
1761,6.911831379656949
1762,6.911831379656949
1763,6.911831379656949
1764,6.911831379656949
1765,6.911831379656949
1766,6.911831379656949
1767,6.911831379656949
1768,6.911831379656949
1769,6.911831379656949
1770,6.911831379656949
1771,6.911831379656949
1772,6.911831379656949
1773,6.911831379656949
1774,6.911831379656949
1775,6.911831379656949
1776,6.911831379656949
1777,6.911831379656949
1778,6.911831379656949
1779,6.911831379656949
1780,6.911831379656949
1781,6.911831379656949
1782,6.911831379656949
1783,6.911831379656949
1784,6.911831379656949
1785,6.911831379656949
1786,6.911831379656949
1787,6.911831379656949
1788,6.911831379656949
1789,6.911831379656949
1790,6.911831379656949
1791,6.911831379656949
1792,6.911831379656949
1793,6.911831379656949
1794,6.911831379656949
1795,6.911831379656949
1796,6.911831379656949
1797,6.911831379656949
1798,6.911831379656949
1799,6.911831379656949
1800,6.911831379656949
1801,6.911831379656949
1802,6.911831379656949
1803,6.911831379656949
1804,6.911831379656949
1805,6.911831379656949
1806,6.911831379656949
1807,6.911831379656949
1808,6.911831379656949
1809,6.911831379656949
1810,6.911831379656949
1811,6.911831379656949
1812,6.911831379656949
1813,6.911831379656949
1814,6.911831379656949
1815,6.911831379656949
1816,6.911831379656949
1817,6.911831379656949
1818,6.911831379656949
1819,6.911831379656949
1820,6.911831379656949
1821,6.911831379656949
1822,6.911831379656949
1823,6.911831379656949
1824,6.911831379656949
1825,6.911831379656949
1826,6.911831379656949
1827,6.911831379656949
1828,6.911831379656949
1829,6.911831379656949
1830,6.911831379656949
1831,6.911831379656949
1832,6.911831379656949
1833,6.911831379656949
1834,6.911831379656949
1835,6.911831379656949
1836,6.911831379656949
1837,6.911831379656949
1838,6.911831379656949
1839,6.911831379656949
1840,6.911831379656949
1841,6.911831379656949
1842,6.911831379656949
1843,6.911831379656949
1844,6.911831379656949
1845,6.911831379656949
1846,6.911831379656949
1847,6.911831379656949
1848,6.911831379656949
1849,6.911831379656949
1850,6.911831379656949
1851,6.911831379656949
1852,6.911831379656949
1853,6.911831379656949
1854,6.911831379656949
1855,6.911831379656949
1856,6.911831379656949
1857,6.911831379656949
1858,6.911831379656949
1859,6.911831379656949
1860,6.911831379656949
1861,6.911831379656949
1862,6.911831379656949
1863,6.911831379656949
1864,6.911831379656949
1865,6.911831379656949
1866,6.911831379656949
1867,6.911831379656949
1868,6.911831379656949
1869,6.911831379656949
1870,6.911831379656949
1871,6.911831379656949
1872,6.911831379656949
1873,6.911831379656949
1874,6.911831379656949
1875,6.911831379656949
1876,6.911831379656949
1877,6.911831379656949
1878,6.911831379656949
1879,6.911831379656949
1880,6.911831379656949
1881,6.911831379656949
1882,6.911831379656949
1883,6.911831379656949
1884,6.911831379656949
1885,6.911831379656949
1886,6.911831379656949
1887,6.911831379656949
1888,6.911831379656949
1889,6.911831379656949
1890,6.911831379656949
1891,6.911831379656949
1892,6.911831379656949
1893,6.911831379656949
1894,6.911831379656949
1895,6.911831379656949
1896,6.911831379656949
1897,6.911831379656949
1898,6.911831379656949
1899,6.911831379656949
1900,6.911831379656949
1901,6.911831379656949
1902,6.911831379656949
1903,6.911831379656949
1904,6.911831379656949
1905,6.911831379656949
1906,6.911831379656949
1907,6.911831379656949
1908,6.911831379656949
1909,6.911831379656949
1910,6.911831379656949
1911,6.911831379656949
1912,6.911831379656949
1913,6.911831379656949
1914,6.911831379656949
1915,6.911831379656949
1916,6.911831379656949
1917,6.911831379656949
1918,6.911831379656949
1919,6.911831379656949
1920,6.911831379656949
1921,6.911831379656949
1922,6.911831379656949
1923,6.911831379656949
1924,6.911831379656949
1925,6.911831379656949
1926,6.911831379656949
1927,6.911831379656949
1928,6.911831379656949
1929,6.911831379656949
1930,6.911831379656949
1931,6.911831379656949
1932,6.911831379656949
1933,6.911831379656949
1934,6.911831379656949
1935,6.911831379656949
1936,6.911831379656949
1937,6.911831379656949
1938,6.911831379656949
1939,6.911831379656949
1940,6.911831379656949
1941,6.911831379656949
1942,6.911831379656949
1943,6.911831379656949
1944,6.911831379656949
1945,6.911831379656949
1946,6.911831379656949
1947,6.911831379656949
1948,6.911831379656949
1949,6.911831379656949
1950,6.911831379656949
1951,6.911831379656949
1952,6.911831379656949
1953,6.911831379656949
1954,6.911831379656949
1955,6.911831379656949
1956,6.911831379656949
1957,6.911831379656949
1958,6.911831379656949
1959,6.911831379656949
1960,6.911831379656949
1961,6.911831379656949
1962,6.911831379656949
1963,6.911831379656949
1964,6.911831379656949
1965,6.911831379656949
1966,6.911831379656949
1967,6.911831379656949
1968,6.911831379656949
1969,6.911831379656949
1970,6.911831379656949
1971,6.911831379656949
1972,6.911831379656949
1973,6.911831379656949
1974,6.911831379656949
1975,6.911831379656949
1976,6.911831379656949
1977,6.911831379656949
1978,6.911831379656949
1979,6.911831379656949
1980,6.911831379656949
1981,6.911831379656949
1982,6.911831379656949
1983,6.911831379656949
1984,6.911831379656949
1985,6.911831379656949
1986,6.911831379656949
1987,6.911831379656949
1988,6.911831379656949
1989,6.911831379656949
1990,6.911831379656949
1991,6.911831379656949
1992,6.911831379656949
1993,6.911831379656949
1994,6.911831379656949
1995,6.911831379656949
1996,6.911831379656949
1997,6.911831379656949
1998,6.911831379656949
1999,6.911831379656949
2000,6.911831379656949
2001,6.911831379656949
2002,6.911831379656949
2003,6.911831379656949
2004,6.911831379656949
2005,6.911831379656949
2006,6.911831379656949
2007,6.911831379656949
2008,6.911831379656949
2009,6.911831379656949
2010,6.911831379656949
2011,6.911831379656949
2012,6.911831379656949
2013,6.911831379656949
2014,6.911831379656949
2015,6.911831379656949
2016,6.911831379656949
2017,6.911831379656949
2018,6.911831379656949
2019,6.911831379656949
2020,6.911831379656949
2021,6.911831379656949
2022,6.911831379656949
2023,6.911831379656949
2024,6.911831379656949
2025,6.911831379656949
2026,6.911831379656949
2027,6.911831379656949
2028,6.911831379656949
2029,6.911831379656949
2030,6.911831379656949
2031,6.911831379656949
2032,6.911831379656949
2033,6.911831379656949
2034,6.911831379656949
2035,6.911831379656949
2036,6.911831379656949
2037,6.911831379656949
2038,6.911831379656949
2039,6.911831379656949
2040,6.911831379656949
2041,6.911831379656949
2042,6.911831379656949
2043,6.911831379656949
2044,6.911831379656949
2045,6.911831379656949
2046,6.911831379656949
2047,6.911831379656949
2048,6.911831379656949
2049,6.911831379656949
2050,6.911831379656949
2051,6.911831379656949
2052,6.911831379656949
2053,6.911831379656949
2054,6.911831379656949
2055,6.911831379656949
2056,6.911831379656949
2057,6.911831379656949
2058,6.911831379656949
2059,6.911831379656949
2060,6.911831379656949
2061,6.911831379656949
2062,6.911831379656949
2063,6.911831379656949
2064,6.911831379656949
2065,6.911831379656949
2066,6.911831379656949
2067,6.911831379656949
2068,6.911831379656949
2069,6.911831379656949
2070,6.911831379656949
2071,6.911831379656949
2072,6.911831379656949
2073,6.911831379656949
2074,6.911831379656949
2075,6.911831379656949
2076,6.911831379656949
2077,6.911831379656949
2078,6.911831379656949
2079,6.911831379656949
2080,6.911831379656949
2081,6.911831379656949
2082,6.911831379656949
2083,6.911831379656949
2084,6.911831379656949
2085,6.911831379656949
2086,6.911831379656949
2087,6.911831379656949
2088,6.911831379656949
2089,6.911831379656949
2090,6.911831379656949
2091,6.911831379656949
2092,6.911831379656949
2093,6.911831379656949
2094,6.911831379656949
2095,6.911831379656949
2096,6.911831379656949
2097,6.911831379656949
2098,6.911831379656949
2099,6.911831379656949
2100,6.911831379656949
2101,6.911831379656949
2102,6.911831379656949
2103,6.911831379656949
2104,6.911831379656949
2105,6.911831379656949
2106,6.911831379656949
2107,6.911831379656949
2108,6.911831379656949
2109,6.911831379656949
2110,6.911831379656949
2111,6.911831379656949
2112,6.911831379656949
2113,6.911831379656949
2114,6.911831379656949
2115,6.911831379656949
2116,6.911831379656949
2117,6.911831379656949
2118,6.911831379656949
2119,6.911831379656949
2120,6.911831379656949
2121,6.911831379656949
2122,6.911831379656949
2123,6.911831379656949
2124,6.911831379656949
2125,6.911831379656949
2126,6.911831379656949
2127,6.911831379656949
2128,6.911831379656949
2129,6.911831379656949
2130,6.911831379656949
2131,6.911831379656949
2132,6.911831379656949
2133,6.911831379656949
2134,6.911831379656949
2135,6.911831379656949
2136,6.911831379656949
2137,6.911831379656949
2138,6.911831379656949
2139,6.911831379656949
2140,6.911831379656949
2141,6.911831379656949
2142,6.911831379656949
2143,6.911831379656949
2144,6.911831379656949
2145,6.911831379656949
2146,6.911831379656949
2147,6.911831379656949
2148,6.911831379656949
2149,6.911831379656949
2150,6.911831379656949
2151,6.911831379656949
2152,6.911831379656949
2153,6.911831379656949
2154,6.911831379656949
2155,6.911831379656949
2156,6.911831379656949
2157,6.911831379656949
2158,6.911831379656949
2159,6.911831379656949
2160,6.911831379656949
2161,6.911831379656949
2162,6.911831379656949
2163,6.911831379656949
2164,6.911831379656949
2165,6.911831379656949
2166,6.911831379656949
2167,6.911831379656949
2168,6.911831379656949
2169,6.911831379656949
2170,6.911831379656949
2171,6.911831379656949
2172,6.911831379656949
2173,6.911831379656949
2174,6.911831379656949
2175,6.911831379656949
2176,6.911831379656949
2177,6.911831379656949
2178,6.911831379656949
2179,6.911831379656949
2180,6.911831379656949
2181,6.911831379656949
2182,6.911831379656949
2183,6.911831379656949
2184,6.911831379656949
2185,6.911831379656949
2186,6.911831379656949
2187,6.911831379656949
2188,6.911831379656949
2189,6.911831379656949
2190,6.911831379656949
2191,6.911831379656949
2192,6.911831379656949
2193,6.911831379656949
2194,6.911831379656949
2195,6.911831379656949
2196,6.911831379656949
2197,6.911831379656949
2198,6.911831379656949
2199,6.911831379656949
2200,6.911831379656949
2201,6.911831379656949
2202,6.911831379656949
2203,6.911831379656949
2204,6.911831379656949
2205,6.911831379656949
2206,6.911831379656949
2207,6.911831379656949
2208,6.911831379656949
2209,6.911831379656949
2210,6.911831379656949
2211,6.911831379656949
2212,6.911831379656949
2213,6.911831379656949
2214,6.911831379656949
2215,6.911831379656949
2216,6.911831379656949
2217,6.911831379656949
2218,6.911831379656949
2219,6.911831379656949
2220,6.911831379656949
2221,6.911831379656949
2222,6.911831379656949
2223,6.911831379656949
2224,6.911831379656949
2225,6.911831379656949
2226,6.911831379656949
2227,6.911831379656949
2228,6.911831379656949
2229,6.911831379656949
2230,6.911831379656949
2231,6.911831379656949
2232,6.911831379656949
2233,6.911831379656949
2234,6.911831379656949
2235,6.911831379656949
2236,6.911831379656949
2237,6.911831379656949
2238,6.911831379656949
2239,6.911831379656949
2240,6.911831379656949
2241,6.911831379656949
2242,6.911831379656949
2243,6.911831379656949
2244,6.911831379656949
2245,6.911831379656949
2246,6.911831379656949
2247,6.911831379656949
2248,6.911831379656949
2249,6.911831379656949
2250,6.911831379656949
2251,6.911831379656949
2252,6.911831379656949
2253,6.911831379656949
2254,6.911831379656949
2255,6.911831379656949
2256,6.911831379656949
2257,6.911831379656949
2258,6.911831379656949
2259,6.911831379656949
2260,6.911831379656949
2261,6.911831379656949
2262,6.911831379656949
2263,6.911831379656949
2264,6.911831379656949
2265,6.911831379656949
2266,6.911831379656949
2267,6.911831379656949
2268,6.911831379656949
2269,6.911831379656949
2270,6.911831379656949
2271,6.911831379656949
2272,6.911831379656949
2273,6.911831379656949
2274,6.911831379656949
2275,6.911831379656949
2276,6.911831379656949
2277,6.911831379656949
2278,6.911831379656949
2279,6.911831379656949
2280,6.911831379656949
2281,6.911831379656949
2282,6.911831379656949
2283,6.911831379656949
2284,6.911831379656949
2285,6.911831379656949
2286,6.911831379656949
2287,6.911831379656949
2288,6.911831379656949
2289,6.911831379656949
2290,6.911831379656949
2291,6.911831379656949
2292,6.911831379656949
2293,6.911831379656949
2294,6.911831379656949
2295,6.911831379656949
2296,6.911831379656949
2297,6.911831379656949
2298,6.911831379656949
2299,6.911831379656949
2300,6.911831379656949
2301,6.911831379656949
2302,6.911831379656949
2303,6.911831379656949
2304,6.911831379656949
2305,6.911831379656949
2306,6.911831379656949
2307,6.911831379656949
2308,6.911831379656949
2309,6.911831379656949
2310,6.911831379656949
2311,6.911831379656949
2312,6.911831379656949
2313,6.911831379656949
2314,6.911831379656949
2315,6.911831379656949
2316,6.911831379656949
2317,6.911831379656949
2318,6.911831379656949
2319,6.911831379656949
2320,6.911831379656949
2321,6.911831379656949
2322,6.911831379656949
2323,6.911831379656949
2324,6.911831379656949
2325,6.911831379656949
2326,6.911831379656949
2327,6.911831379656949
2328,6.911831379656949
2329,6.911831379656949
2330,6.911831379656949
2331,6.911831379656949
2332,6.911831379656949
2333,6.911831379656949
2334,6.911831379656949
2335,6.911831379656949
2336,6.911831379656949
2337,6.911831379656949
2338,6.911831379656949
2339,6.911831379656949
2340,6.911831379656949
2341,6.911831379656949
2342,6.911831379656949
2343,6.911831379656949
2344,6.911831379656949
2345,6.911831379656949
2346,6.911831379656949
2347,6.911831379656949
2348,6.911831379656949
2349,6.911831379656949
2350,6.911831379656949
2351,6.911831379656949
2352,6.911831379656949
2353,6.911831379656949
2354,6.911831379656949
2355,6.911831379656949
2356,6.911831379656949
2357,6.911831379656949
2358,6.911831379656949
2359,6.911831379656949
2360,6.911831379656949
2361,6.911831379656949
2362,6.911831379656949
2363,6.911831379656949
2364,6.911831379656949
2365,6.911831379656949
2366,6.911831379656949
2367,6.911831379656949
2368,6.911831379656949
2369,6.911831379656949
2370,6.911831379656949
2371,6.911831379656949
2372,6.911831379656949
2373,6.911831379656949
2374,6.911831379656949
2375,6.911831379656949
2376,6.911831379656949
2377,6.911831379656949
2378,6.911831379656949
2379,6.911831379656949
2380,6.911831379656949
2381,6.911831379656949
2382,6.911831379656949
2383,6.911831379656949
2384,6.911831379656949
2385,6.911831379656949
2386,6.911831379656949
2387,6.911831379656949
2388,6.911831379656949
2389,6.911831379656949
2390,6.911831379656949
2391,6.911831379656949
2392,6.911831379656949
2393,6.911831379656949
2394,6.911831379656949
2395,6.911831379656949
2396,6.911831379656949
2397,6.911831379656949
2398,6.911831379656949
2399,6.911831379656949
2400,6.911831379656949
2401,6.911831379656949
2402,6.911831379656949
2403,6.911831379656949
2404,6.911831379656949
2405,6.911831379656949
2406,6.911831379656949
2407,6.911831379656949
2408,6.911831379656949
2409,6.911831379656949
2410,6.911831379656949
2411,6.911831379656949
2412,6.911831379656949
2413,6.911831379656949
2414,6.911831379656949
2415,6.911831379656949
2416,6.911831379656949
2417,6.911831379656949
2418,6.911831379656949
2419,6.911831379656949
2420,6.911831379656949
2421,6.911831379656949
2422,6.911831379656949
2423,6.911831379656949
2424,6.911831379656949
2425,6.911831379656949
2426,6.911831379656949
2427,6.911831379656949
2428,6.911831379656949
2429,6.911831379656949
2430,6.911831379656949
2431,6.911831379656949
2432,6.911831379656949
2433,6.911831379656949
2434,6.911831379656949
2435,6.911831379656949
2436,6.911831379656949
2437,6.911831379656949
2438,6.911831379656949
2439,6.911831379656949
2440,6.911831379656949
2441,6.911831379656949
2442,6.911831379656949
2443,6.911831379656949
2444,6.911831379656949
2445,6.911831379656949
2446,6.911831379656949
2447,6.911831379656949
2448,6.911831379656949
2449,6.911831379656949
2450,6.911831379656949
2451,6.911831379656949
2452,6.911831379656949
2453,6.911831379656949
2454,6.911831379656949
2455,6.911831379656949
2456,6.911831379656949
2457,6.911831379656949
2458,6.911831379656949
2459,6.911831379656949
2460,6.911831379656949
2461,6.911831379656949
2462,6.911831379656949
2463,6.911831379656949
2464,6.911831379656949
2465,6.911831379656949
2466,6.911831379656949
2467,6.911831379656949
2468,6.911831379656949
2469,6.911831379656949
2470,6.911831379656949
2471,6.911831379656949
2472,6.911831379656949
2473,6.911831379656949
2474,6.911831379656949
2475,6.911831379656949
2476,6.911831379656949
2477,6.911831379656949
2478,6.911831379656949
2479,6.911831379656949
2480,6.911831379656949
2481,6.911831379656949
2482,6.911831379656949
2483,6.911831379656949
2484,6.911831379656949
2485,6.911831379656949
2486,6.911831379656949
2487,6.911831379656949
2488,6.911831379656949
2489,6.911831379656949
2490,6.911831379656949
2491,6.911831379656949
2492,6.911831379656949
2493,6.911831379656949
2494,6.911831379656949
2495,6.911831379656949
2496,6.911831379656949
2497,6.911831379656949
2498,6.911831379656949
2499,6.911831379656949
2500,6.911831379656949
2501,6.911831379656949
2502,6.911831379656949
2503,6.911831379656949
2504,6.911831379656949
2505,6.911831379656949
2506,6.911831379656949
2507,6.911831379656949
2508,6.911831379656949
2509,6.911831379656949
2510,6.911831379656949
2511,6.911831379656949
2512,6.911831379656949
2513,6.911831379656949
2514,6.911831379656949
2515,6.911831379656949
2516,6.911831379656949
2517,6.911831379656949
2518,6.911831379656949
2519,6.911831379656949
2520,6.911831379656949
2521,6.911831379656949
2522,6.911831379656949
2523,6.911831379656949
2524,6.911831379656949
2525,6.911831379656949
2526,6.911831379656949
2527,6.911831379656949
2528,6.911831379656949
2529,6.911831379656949
2530,6.911831379656949
2531,6.911831379656949
2532,6.911831379656949
2533,6.911831379656949
2534,6.911831379656949
2535,6.911831379656949
2536,6.911831379656949
2537,6.911831379656949
2538,6.911831379656949
2539,6.911831379656949
2540,6.911831379656949
2541,6.911831379656949
2542,6.911831379656949
2543,6.911831379656949
2544,6.911831379656949
2545,6.911831379656949
2546,6.911831379656949
2547,6.911831379656949
2548,6.911831379656949
2549,6.911831379656949
2550,6.911831379656949
2551,6.911831379656949
2552,6.911831379656949
2553,6.911831379656949
2554,6.911831379656949
2555,6.911831379656949
2556,6.911831379656949
2557,6.911831379656949
2558,6.911831379656949
2559,6.911831379656949
2560,6.911831379656949
2561,6.911831379656949
2562,6.911831379656949
2563,6.911831379656949
2564,6.911831379656949
2565,6.911831379656949
2566,6.911831379656949
2567,6.911831379656949
2568,6.911831379656949
2569,6.911831379656949
2570,6.911831379656949
2571,6.911831379656949
2572,6.911831379656949
2573,6.911831379656949
2574,6.911831379656949
2575,6.911831379656949
2576,6.911831379656949
2577,6.911831379656949
2578,6.911831379656949
2579,6.911831379656949
2580,6.911831379656949
2581,6.911831379656949
2582,6.911831379656949
2583,6.911831379656949
2584,6.911831379656949
2585,6.911831379656949
2586,6.911831379656949
2587,6.911831379656949
2588,6.911831379656949
2589,6.911831379656949
2590,6.911831379656949
2591,6.911831379656949
2592,6.911831379656949
2593,6.911831379656949
2594,6.911831379656949
2595,6.911831379656949
2596,6.911831379656949
2597,6.911831379656949
2598,6.911831379656949
2599,6.911831379656949
2600,6.911831379656949
2601,6.911831379656949
2602,6.911831379656949
2603,6.911831379656949
2604,6.911831379656949
2605,6.911831379656949
2606,6.911831379656949
2607,6.911831379656949
2608,6.911831379656949
2609,6.911831379656949
2610,6.911831379656949
2611,6.911831379656949
2612,6.911831379656949
2613,6.911831379656949
2614,6.911831379656949
2615,6.911831379656949
2616,6.911831379656949
2617,6.911831379656949
2618,6.911831379656949
2619,6.911831379656949
2620,6.911831379656949
2621,6.911831379656949
2622,6.911831379656949
2623,6.911831379656949
2624,6.911831379656949
2625,6.911831379656949
2626,6.911831379656949
2627,6.911831379656949
2628,6.911831379656949
2629,6.911831379656949
2630,6.911831379656949
2631,6.911831379656949
2632,6.911831379656949
2633,6.911831379656949
2634,6.911831379656949
2635,6.911831379656949
2636,6.911831379656949
2637,6.911831379656949
2638,6.911831379656949
2639,6.911831379656949
2640,6.911831379656949
2641,6.911831379656949
2642,6.911831379656949
2643,6.911831379656949
2644,6.911831379656949
2645,6.911831379656949
2646,6.911831379656949
2647,6.911831379656949
2648,6.911831379656949
2649,6.911831379656949
2650,6.911831379656949
2651,6.911831379656949
2652,6.911831379656949
2653,6.911831379656949
2654,6.911831379656949
2655,6.911831379656949
2656,6.911831379656949
2657,6.911831379656949
2658,6.911831379656949
2659,6.911831379656949
2660,6.911831379656949
2661,6.911831379656949
2662,6.911831379656949
2663,6.911831379656949
2664,6.911831379656949
2665,6.911831379656949
2666,6.911831379656949
2667,6.911831379656949
2668,6.911831379656949
2669,6.911831379656949
2670,6.911831379656949
2671,6.911831379656949
2672,6.911831379656949
2673,6.911831379656949
2674,6.911831379656949
2675,6.911831379656949
2676,6.911831379656949
2677,6.911831379656949
2678,6.911831379656949
2679,6.911831379656949
2680,6.911831379656949
2681,6.911831379656949
2682,6.911831379656949
2683,6.911831379656949
2684,6.911831379656949
2685,6.911831379656949
2686,6.911831379656949
2687,6.911831379656949
2688,6.911831379656949
2689,6.911831379656949
2690,6.911831379656949
2691,6.911831379656949
2692,6.911831379656949
2693,6.911831379656949
2694,6.911831379656949
2695,6.911831379656949
2696,6.911831379656949
2697,6.911831379656949
2698,6.911831379656949
2699,6.911831379656949
2700,6.911831379656949
2701,6.911831379656949
2702,6.911831379656949
2703,6.911831379656949
2704,6.911831379656949
2705,6.911831379656949
2706,6.911831379656949
2707,6.911831379656949
2708,6.911831379656949
2709,6.911831379656949
2710,6.911831379656949
2711,6.911831379656949
2712,6.911831379656949
2713,6.911831379656949
2714,6.911831379656949
2715,6.911831379656949
2716,6.911831379656949
2717,6.911831379656949
2718,6.911831379656949
2719,6.911831379656949
2720,6.911831379656949
2721,6.911831379656949
2722,6.911831379656949
2723,6.911831379656949
2724,6.911831379656949
2725,6.911831379656949
2726,6.911831379656949
2727,6.911831379656949
2728,6.911831379656949
2729,6.911831379656949
2730,6.911831379656949
2731,6.911831379656949
2732,6.911831379656949
2733,6.911831379656949
2734,6.911831379656949
2735,6.911831379656949
2736,6.911831379656949
2737,6.911831379656949
2738,6.911831379656949
2739,6.911831379656949
2740,6.911831379656949
2741,6.911831379656949
2742,6.911831379656949
2743,6.911831379656949
2744,6.911831379656949
2745,6.911831379656949
2746,6.911831379656949
2747,6.911831379656949
2748,6.911831379656949
2749,6.911831379656949
2750,6.911831379656949
2751,6.911831379656949
2752,6.911831379656949
2753,6.911831379656949
2754,6.911831379656949
2755,6.911831379656949
2756,6.911831379656949
2757,6.911831379656949
2758,6.911831379656949
2759,6.911831379656949
2760,6.911831379656949
2761,6.911831379656949
2762,6.911831379656949
2763,6.911831379656949
2764,6.911831379656949
2765,6.911831379656949
2766,6.911831379656949
2767,6.911831379656949
2768,6.911831379656949
2769,6.911831379656949
2770,6.911831379656949
2771,6.911831379656949
2772,6.911831379656949
2773,6.911831379656949
2774,6.911831379656949
2775,6.911831379656949
2776,6.911831379656949
2777,6.911831379656949
2778,6.911831379656949
2779,6.911831379656949
2780,6.911831379656949
2781,6.911831379656949
2782,6.911831379656949
2783,6.911831379656949
2784,6.911831379656949
2785,6.911831379656949
2786,6.911831379656949
2787,6.911831379656949
2788,6.911831379656949
2789,6.911831379656949
2790,6.911831379656949
2791,6.911831379656949
2792,6.911831379656949
2793,6.911831379656949
2794,6.911831379656949
2795,6.911831379656949
2796,6.911831379656949
2797,6.911831379656949
2798,6.911831379656949
2799,6.911831379656949
2800,6.911831379656949
2801,6.911831379656949
2802,6.911831379656949
2803,6.911831379656949
2804,6.911831379656949
2805,6.911831379656949
2806,6.911831379656949
2807,6.911831379656949
2808,6.911831379656949
2809,6.911831379656949
2810,6.911831379656949
2811,6.911831379656949
2812,6.911831379656949
2813,6.911831379656949
2814,6.911831379656949
2815,6.911831379656949
2816,6.911831379656949
2817,6.911831379656949
2818,6.911831379656949
2819,6.911831379656949
2820,6.911831379656949
2821,6.911831379656949
2822,6.911831379656949
2823,6.911831379656949
2824,6.911831379656949
2825,6.911831379656949
2826,6.911831379656949
2827,6.911831379656949
2828,6.911831379656949
2829,6.911831379656949
2830,6.911831379656949
2831,6.911831379656949
2832,6.911831379656949
2833,6.911831379656949
2834,6.911831379656949
2835,6.911831379656949
2836,6.911831379656949
2837,6.911831379656949
2838,6.911831379656949
2839,6.911831379656949
2840,6.911831379656949
2841,6.911831379656949
2842,6.911831379656949
2843,6.911831379656949
2844,6.911831379656949
2845,6.911831379656949
2846,6.911831379656949
2847,6.911831379656949
2848,6.911831379656949
2849,6.911831379656949
2850,6.911831379656949
2851,6.911831379656949
2852,6.911831379656949
2853,6.911831379656949
2854,6.911831379656949
2855,6.911831379656949
2856,6.911831379656949
2857,6.911831379656949
2858,6.911831379656949
2859,6.911831379656949
2860,6.911831379656949
2861,6.911831379656949
2862,6.911831379656949
2863,6.911831379656949
2864,6.911831379656949
2865,6.911831379656949
2866,6.911831379656949
2867,6.911831379656949
2868,6.911831379656949
2869,6.911831379656949
2870,6.911831379656949
2871,6.911831379656949
2872,6.911831379656949
2873,6.911831379656949
2874,6.911831379656949
2875,6.911831379656949
2876,6.911831379656949
2877,6.911831379656949
2878,6.911831379656949
2879,6.911831379656949
2880,6.911831379656949
2881,6.911831379656949
2882,6.911831379656949
2883,6.911831379656949
2884,6.911831379656949
2885,6.911831379656949
2886,6.911831379656949
2887,6.911831379656949
2888,6.911831379656949
2889,6.911831379656949
2890,6.911831379656949
2891,6.911831379656949
2892,6.911831379656949
2893,6.911831379656949
2894,6.911831379656949
2895,6.911831379656949
2896,6.911831379656949
2897,6.911831379656949
2898,6.911831379656949
2899,6.911831379656949
2900,6.911831379656949
2901,6.911831379656949
2902,6.911831379656949
2903,6.911831379656949
2904,6.911831379656949
2905,6.911831379656949
2906,6.911831379656949
2907,6.911831379656949
2908,6.911831379656949
2909,6.911831379656949
2910,6.911831379656949
2911,6.911831379656949
2912,6.911831379656949
2913,6.911831379656949
2914,6.911831379656949
2915,6.911831379656949
2916,6.911831379656949
2917,6.911831379656949
2918,6.911831379656949
2919,6.911831379656949
2920,6.911831379656949
2921,6.911831379656949
2922,6.911831379656949
2923,6.911831379656949
2924,6.911831379656949
2925,6.911831379656949
2926,6.911831379656949
2927,6.911831379656949
2928,6.911831379656949
2929,6.911831379656949
2930,6.911831379656949
2931,6.911831379656949
2932,6.911831379656949
2933,6.911831379656949
2934,6.911831379656949
2935,6.911831379656949
2936,6.911831379656949
2937,6.911831379656949
2938,6.911831379656949
2939,6.911831379656949
2940,6.911831379656949
2941,6.911831379656949
2942,6.911831379656949
2943,6.911831379656949
2944,6.911831379656949
2945,6.911831379656949
2946,6.911831379656949
2947,6.911831379656949
2948,6.911831379656949
2949,6.911831379656949
2950,6.911831379656949
2951,6.911831379656949
2952,6.911831379656949
2953,6.911831379656949
2954,6.911831379656949
2955,6.911831379656949
2956,6.911831379656949
2957,6.911831379656949
2958,6.911831379656949
2959,6.911831379656949
2960,6.911831379656949
2961,6.911831379656949
2962,6.911831379656949
2963,6.911831379656949
2964,6.911831379656949
2965,6.911831379656949
2966,6.911831379656949
2967,6.911831379656949
2968,6.911831379656949
2969,6.911831379656949
2970,6.911831379656949
2971,6.911831379656949
2972,6.911831379656949
2973,6.911831379656949
2974,6.911831379656949
2975,6.911831379656949
2976,6.911831379656949
2977,6.911831379656949
2978,6.911831379656949
2979,6.911831379656949
2980,6.911831379656949
2981,6.911831379656949
2982,6.911831379656949
2983,6.911831379656949
2984,6.911831379656949
2985,6.911831379656949
2986,6.911831379656949
2987,6.911831379656949
2988,6.911831379656949
2989,6.911831379656949
2990,6.911831379656949
2991,6.911831379656949
2992,6.911831379656949
2993,6.911831379656949
2994,6.911831379656949
2995,6.911831379656949
2996,6.911831379656949
2997,6.911831379656949
2998,6.911831379656949
2999,6.911831379656949
3000,6.911831379656949
3001,6.911831379656949
3002,6.911831379656949
3003,6.911831379656949
3004,6.911831379656949
3005,6.911831379656949
3006,6.911831379656949
3007,6.911831379656949
3008,6.911831379656949
3009,6.911831379656949
3010,6.911831379656949
3011,6.911831379656949
3012,6.911831379656949
3013,6.911831379656949
3014,6.911831379656949
3015,6.911831379656949
3016,6.911831379656949
3017,6.911831379656949
3018,6.911831379656949
3019,6.911831379656949
3020,6.911831379656949
3021,6.911831379656949
3022,6.911831379656949
3023,6.911831379656949
3024,6.911831379656949
3025,6.911831379656949
3026,6.911831379656949
3027,6.911831379656949
3028,6.911831379656949
3029,6.911831379656949
3030,6.911831379656949
3031,6.911831379656949
3032,6.911831379656949
3033,6.911831379656949
3034,6.911831379656949
3035,6.911831379656949
3036,6.911831379656949
3037,6.911831379656949
3038,6.911831379656949
3039,6.911831379656949
3040,6.911831379656949
3041,6.911831379656949
3042,6.911831379656949
3043,6.911831379656949
3044,6.911831379656949
3045,6.911831379656949
3046,6.911831379656949
3047,6.911831379656949
3048,6.911831379656949
3049,6.911831379656949
3050,6.911831379656949
3051,6.911831379656949
3052,6.911831379656949
3053,6.911831379656949
3054,6.911831379656949
3055,6.911831379656949
3056,6.911831379656949
3057,6.911831379656949
3058,6.911831379656949
3059,6.911831379656949
3060,6.911831379656949
3061,6.911831379656949
3062,6.911831379656949
3063,6.911831379656949
3064,6.911831379656949
3065,6.911831379656949
3066,6.911831379656949
3067,6.911831379656949
3068,6.911831379656949
3069,6.911831379656949
3070,6.911831379656949
3071,6.911831379656949
3072,6.911831379656949
3073,6.911831379656949
3074,6.911831379656949
3075,6.911831379656949
3076,6.911831379656949
3077,6.911831379656949
3078,6.911831379656949
3079,6.911831379656949
3080,6.911831379656949
3081,6.911831379656949
3082,6.911831379656949
3083,6.911831379656949
3084,6.911831379656949
3085,6.911831379656949
3086,6.911831379656949
3087,6.911831379656949
3088,6.911831379656949
3089,6.911831379656949
3090,6.911831379656949
3091,6.911831379656949
3092,6.911831379656949
3093,6.911831379656949
3094,6.911831379656949
3095,6.911831379656949
3096,6.911831379656949
3097,6.911831379656949
3098,6.911831379656949
3099,6.911831379656949
3100,6.911831379656949
3101,6.911831379656949
3102,6.911831379656949
3103,6.911831379656949
3104,6.911831379656949
3105,6.911831379656949
3106,6.911831379656949
3107,6.911831379656949
3108,6.911831379656949
3109,6.911831379656949
3110,6.911831379656949
3111,6.911831379656949
3112,6.911831379656949
3113,6.911831379656949
3114,6.911831379656949
3115,6.911831379656949
3116,6.911831379656949
3117,6.911831379656949
3118,6.911831379656949
3119,6.911831379656949
3120,6.911831379656949
3121,6.911831379656949
3122,6.911831379656949
3123,6.911831379656949
3124,6.911831379656949
3125,6.911831379656949
3126,6.911831379656949
3127,6.911831379656949
3128,6.911831379656949
3129,6.911831379656949
3130,6.911831379656949
3131,6.911831379656949
3132,6.911831379656949
3133,6.911831379656949
3134,6.911831379656949
3135,6.911831379656949
3136,6.911831379656949
3137,6.911831379656949
3138,6.911831379656949
3139,6.911831379656949
3140,6.911831379656949
3141,6.911831379656949
3142,6.911831379656949
3143,6.911831379656949
3144,6.911831379656949
3145,6.911831379656949
3146,6.911831379656949
3147,6.911831379656949
3148,6.911831379656949
3149,6.911831379656949
3150,6.911831379656949
3151,6.911831379656949
3152,6.911831379656949
3153,6.911831379656949
3154,6.911831379656949
3155,6.911831379656949
3156,6.911831379656949
3157,6.911831379656949
3158,6.911831379656949
3159,6.911831379656949
3160,6.911831379656949
3161,6.911831379656949
3162,6.911831379656949
3163,6.911831379656949
3164,6.911831379656949
3165,6.911831379656949
3166,6.911831379656949
3167,6.911831379656949
3168,6.911831379656949
3169,6.911831379656949
3170,6.911831379656949
3171,6.911831379656949
3172,6.911831379656949
3173,6.911831379656949
3174,6.911831379656949
3175,6.911831379656949
3176,6.911831379656949
3177,6.911831379656949
3178,6.911831379656949
3179,6.911831379656949
3180,6.911831379656949
3181,6.911831379656949
3182,6.911831379656949
3183,6.911831379656949
3184,6.911831379656949
3185,6.911831379656949
3186,6.911831379656949
3187,6.911831379656949
3188,6.911831379656949
3189,6.911831379656949
3190,6.911831379656949
3191,6.911831379656949
3192,6.911831379656949
3193,6.911831379656949
3194,6.911831379656949
3195,6.911831379656949
3196,6.911831379656949
3197,6.911831379656949
3198,6.911831379656949
3199,6.911831379656949
3200,6.911831379656949
3201,6.911831379656949
3202,6.911831379656949
3203,6.911831379656949
3204,6.911831379656949
3205,6.911831379656949
3206,6.911831379656949
3207,6.911831379656949
3208,6.911831379656949
3209,6.911831379656949
3210,6.911831379656949
3211,6.911831379656949
3212,6.911831379656949
3213,6.911831379656949
3214,6.911831379656949
3215,6.911831379656949
3216,6.911831379656949
3217,6.911831379656949
3218,6.911831379656949
3219,6.911831379656949
3220,6.911831379656949
3221,6.911831379656949
3222,6.911831379656949
3223,6.911831379656949
3224,6.911831379656949
3225,6.911831379656949
3226,6.911831379656949
3227,6.911831379656949
3228,6.911831379656949
3229,6.911831379656949
3230,6.911831379656949
3231,6.911831379656949
3232,6.911831379656949
3233,6.911831379656949
3234,6.911831379656949
3235,6.911831379656949
3236,6.911831379656949
3237,6.911831379656949
3238,6.911831379656949
3239,6.911831379656949
3240,6.911831379656949
3241,6.911831379656949
3242,6.911831379656949
3243,6.911831379656949
3244,6.911831379656949
3245,6.911831379656949
3246,6.911831379656949
3247,6.911831379656949
3248,6.911831379656949
3249,6.911831379656949
3250,6.911831379656949
3251,6.911831379656949
3252,6.911831379656949
3253,6.911831379656949
3254,6.911831379656949
3255,6.911831379656949
3256,6.911831379656949
3257,6.911831379656949
3258,6.911831379656949
3259,6.911831379656949
3260,6.911831379656949
3261,6.911831379656949
3262,6.911831379656949
3263,6.911831379656949
3264,6.911831379656949
3265,6.911831379656949
3266,6.911831379656949
3267,6.911831379656949
3268,6.911831379656949
3269,6.911831379656949
3270,6.911831379656949
3271,6.911831379656949
3272,6.911831379656949
3273,6.911831379656949
3274,6.911831379656949
3275,6.911831379656949
3276,6.911831379656949
3277,6.911831379656949
3278,6.911831379656949
3279,6.911831379656949
3280,6.911831379656949
3281,6.911831379656949
3282,6.911831379656949
3283,6.911831379656949
3284,6.911831379656949
3285,6.911831379656949
3286,6.911831379656949
3287,6.911831379656949
3288,6.911831379656949
3289,6.911831379656949
3290,6.911831379656949
3291,6.911831379656949
3292,6.911831379656949
3293,6.911831379656949
3294,6.911831379656949
3295,6.911831379656949
3296,6.911831379656949
3297,6.911831379656949
3298,6.911831379656949
3299,6.911831379656949
3300,6.911831379656949
3301,6.911831379656949
3302,6.911831379656949
3303,6.911831379656949
3304,6.911831379656949
3305,6.911831379656949
3306,6.911831379656949
3307,6.911831379656949
3308,6.911831379656949
3309,6.911831379656949
3310,6.911831379656949
3311,6.911831379656949
3312,6.911831379656949
3313,6.911831379656949
3314,6.911831379656949
3315,6.911831379656949
3316,6.911831379656949
3317,6.911831379656949
3318,6.911831379656949
3319,6.911831379656949
3320,6.911831379656949
3321,6.911831379656949
3322,6.911831379656949
3323,6.911831379656949
3324,6.911831379656949
3325,6.911831379656949
3326,6.911831379656949
3327,6.911831379656949
3328,6.911831379656949
3329,6.911831379656949
3330,6.911831379656949
3331,6.911831379656949
3332,6.911831379656949
3333,6.911831379656949
3334,6.911831379656949
3335,6.911831379656949
3336,6.911831379656949
3337,6.911831379656949
3338,6.911831379656949
3339,6.911831379656949
3340,6.911831379656949
3341,6.911831379656949
3342,6.911831379656949
3343,6.911831379656949
3344,6.911831379656949
3345,6.911831379656949
3346,6.911831379656949
3347,6.911831379656949
3348,6.911831379656949
3349,6.911831379656949
3350,6.911831379656949
3351,6.911831379656949
3352,6.911831379656949
3353,6.911831379656949
3354,6.911831379656949
3355,6.911831379656949
3356,6.911831379656949
3357,6.911831379656949
3358,6.911831379656949
3359,6.911831379656949
3360,6.911831379656949
3361,6.911831379656949
3362,6.911831379656949
3363,6.911831379656949
3364,6.911831379656949
3365,6.911831379656949
3366,6.911831379656949
3367,6.911831379656949
3368,6.911831379656949
3369,6.911831379656949
3370,6.911831379656949
3371,6.911831379656949
3372,6.911831379656949
3373,6.911831379656949
3374,6.911831379656949
3375,6.911831379656949
3376,6.911831379656949
3377,6.911831379656949
3378,6.911831379656949
3379,6.911831379656949
3380,6.911831379656949
3381,6.911831379656949
3382,6.911831379656949
3383,6.911831379656949
3384,6.911831379656949
3385,6.911831379656949
3386,6.911831379656949
3387,6.911831379656949
3388,6.911831379656949
3389,6.911831379656949
3390,6.911831379656949
3391,6.911831379656949
3392,6.911831379656949
3393,6.911831379656949
3394,6.911831379656949
3395,6.911831379656949
3396,6.911831379656949
3397,6.911831379656949
3398,6.911831379656949
3399,6.911831379656949
3400,6.911831379656949
3401,6.911831379656949
3402,6.911831379656949
3403,6.911831379656949
3404,6.911831379656949
3405,6.911831379656949
3406,6.911831379656949
3407,6.911831379656949
3408,6.911831379656949
3409,6.911831379656949
3410,6.911831379656949
3411,6.911831379656949
3412,6.911831379656949
3413,6.911831379656949
3414,6.911831379656949
3415,6.911831379656949
3416,6.911831379656949
3417,6.911831379656949
3418,6.911831379656949
3419,6.911831379656949
3420,6.911831379656949
3421,6.911831379656949
3422,6.911831379656949
3423,6.911831379656949
3424,6.911831379656949
3425,6.911831379656949
3426,6.911831379656949
3427,6.911831379656949
3428,6.911831379656949
3429,6.911831379656949
3430,6.911831379656949
3431,6.911831379656949
3432,6.911831379656949
3433,6.911831379656949
3434,6.911831379656949
3435,6.911831379656949
3436,6.911831379656949
3437,6.911831379656949
3438,6.911831379656949
3439,6.911831379656949
3440,6.911831379656949
3441,6.911831379656949
3442,6.911831379656949
3443,6.911831379656949
3444,6.911831379656949
3445,6.911831379656949
3446,6.911831379656949
3447,6.911831379656949
3448,6.911831379656949
3449,6.911831379656949
3450,6.911831379656949
3451,6.911831379656949
3452,6.911831379656949
3453,6.911831379656949
3454,6.911831379656949
3455,6.911831379656949
3456,6.911831379656949
3457,6.911831379656949
3458,6.911831379656949
3459,6.911831379656949
3460,6.911831379656949
3461,6.911831379656949
3462,6.911831379656949
3463,6.911831379656949
3464,6.911831379656949
3465,6.911831379656949
3466,6.911831379656949
3467,6.911831379656949
3468,6.911831379656949
3469,6.911831379656949
3470,6.911831379656949
3471,6.911831379656949
3472,6.911831379656949
3473,6.911831379656949
3474,6.911831379656949
3475,6.911831379656949
3476,6.911831379656949
3477,6.911831379656949
3478,6.911831379656949
3479,6.911831379656949
3480,6.911831379656949
3481,6.911831379656949
3482,6.911831379656949
3483,6.911831379656949
3484,6.911831379656949
3485,6.911831379656949
3486,6.911831379656949
3487,6.911831379656949
3488,6.911831379656949
3489,6.911831379656949
3490,6.911831379656949
3491,6.911831379656949
3492,6.911831379656949
3493,6.911831379656949
3494,6.911831379656949
3495,6.911831379656949
3496,6.911831379656949
3497,6.911831379656949
3498,6.911831379656949
3499,6.911831379656949
3500,6.911831379656949
3501,6.911831379656949
3502,6.911831379656949
3503,6.911831379656949
3504,6.911831379656949
3505,6.911831379656949
3506,6.911831379656949
3507,6.911831379656949
3508,6.911831379656949
3509,6.911831379656949
3510,6.911831379656949
3511,6.911831379656949
3512,6.911831379656949
3513,6.911831379656949
3514,6.911831379656949
3515,6.911831379656949
3516,6.911831379656949
3517,6.911831379656949
3518,6.911831379656949
3519,6.911831379656949
3520,6.911831379656949
3521,6.911831379656949
3522,6.911831379656949
3523,6.911831379656949
3524,6.911831379656949
3525,6.911831379656949
3526,6.911831379656949
3527,6.911831379656949
3528,6.911831379656949
3529,6.911831379656949
3530,6.911831379656949
3531,6.911831379656949
3532,6.911831379656949
3533,6.911831379656949
3534,6.911831379656949
3535,6.911831379656949
3536,6.911831379656949
3537,6.911831379656949
3538,6.911831379656949
3539,6.911831379656949
3540,6.911831379656949
3541,6.911831379656949
3542,6.911831379656949
3543,6.911831379656949
3544,6.911831379656949
3545,6.911831379656949
3546,6.911831379656949
3547,6.911831379656949
3548,6.911831379656949
3549,6.911831379656949
3550,6.911831379656949
3551,6.911831379656949
3552,6.911831379656949
3553,6.911831379656949
3554,6.911831379656949
3555,6.911831379656949
3556,6.911831379656949
3557,6.911831379656949
3558,6.911831379656949
3559,6.911831379656949
3560,6.911831379656949
3561,6.911831379656949
3562,6.911831379656949
3563,6.911831379656949
3564,6.911831379656949
3565,6.911831379656949
3566,6.911831379656949
3567,6.911831379656949
3568,6.911831379656949
3569,6.911831379656949
3570,6.911831379656949
3571,6.911831379656949
3572,6.911831379656949
3573,6.911831379656949
3574,6.911831379656949
3575,6.911831379656949
3576,6.911831379656949
3577,6.911831379656949
3578,6.911831379656949
3579,6.911831379656949
3580,6.911831379656949
3581,6.911831379656949
3582,6.911831379656949
3583,6.911831379656949
3584,6.911831379656949
3585,6.911831379656949
3586,6.911831379656949
3587,6.911831379656949
3588,6.911831379656949
3589,6.911831379656949
3590,6.911831379656949
3591,6.911831379656949
3592,6.911831379656949
3593,6.911831379656949
3594,6.911831379656949
3595,6.911831379656949
3596,6.911831379656949
3597,6.911831379656949
3598,6.911831379656949
3599,6.911831379656949
3600,6.911831379656949
3601,6.911831379656949
3602,6.911831379656949
3603,6.911831379656949
3604,6.911831379656949
3605,6.911831379656949
3606,6.911831379656949
3607,6.911831379656949
3608,6.911831379656949
3609,6.911831379656949
3610,6.911831379656949
3611,6.911831379656949
3612,6.911831379656949
3613,6.911831379656949
3614,6.911831379656949
3615,6.911831379656949
3616,6.911831379656949
3617,6.911831379656949
3618,6.911831379656949
3619,6.911831379656949
3620,6.911831379656949
3621,6.911831379656949
3622,6.911831379656949
3623,6.911831379656949
3624,6.911831379656949
3625,6.911831379656949
3626,6.911831379656949
3627,6.911831379656949
3628,6.911831379656949
3629,6.911831379656949
3630,6.911831379656949
3631,6.911831379656949
3632,6.911831379656949
3633,6.911831379656949
3634,6.911831379656949
3635,6.911831379656949
3636,6.911831379656949
3637,6.911831379656949
3638,6.911831379656949
3639,6.911831379656949
3640,6.911831379656949
3641,6.911831379656949
3642,6.911831379656949
3643,6.911831379656949
3644,6.911831379656949
3645,6.911831379656949
3646,6.911831379656949
3647,6.911831379656949
3648,6.911831379656949
3649,6.911831379656949
3650,6.911831379656949
3651,6.911831379656949
3652,6.911831379656949
3653,6.911831379656949
3654,6.911831379656949
3655,6.911831379656949
3656,6.911831379656949
3657,6.911831379656949
3658,6.911831379656949
3659,6.911831379656949
3660,6.911831379656949
3661,6.911831379656949
3662,6.911831379656949
3663,6.911831379656949
3664,6.911831379656949
3665,6.911831379656949
3666,6.911831379656949
3667,6.911831379656949
3668,6.911831379656949
3669,6.911831379656949
3670,6.911831379656949
3671,6.911831379656949
3672,6.911831379656949
3673,6.911831379656949
3674,6.911831379656949
3675,6.911831379656949
3676,6.911831379656949
3677,6.911831379656949
3678,6.911831379656949
3679,6.911831379656949
3680,6.911831379656949
3681,6.911831379656949
3682,6.911831379656949
3683,6.911831379656949
3684,6.911831379656949
3685,6.911831379656949
3686,6.911831379656949
3687,6.911831379656949
3688,6.911831379656949
3689,6.911831379656949
3690,6.911831379656949
3691,6.911831379656949
3692,6.911831379656949
3693,6.911831379656949
3694,6.911831379656949
3695,6.911831379656949
3696,6.911831379656949
3697,6.911831379656949
3698,6.911831379656949
3699,6.911831379656949
3700,6.911831379656949
3701,6.911831379656949
3702,6.911831379656949
3703,6.911831379656949
3704,6.911831379656949
3705,6.911831379656949
3706,6.911831379656949
3707,6.911831379656949
3708,6.911831379656949
3709,6.911831379656949
3710,6.911831379656949
3711,6.911831379656949
3712,6.911831379656949
3713,6.911831379656949
3714,6.911831379656949
3715,6.911831379656949
3716,6.911831379656949
3717,6.911831379656949
3718,6.911831379656949
3719,6.911831379656949
3720,6.911831379656949
3721,6.911831379656949
3722,6.911831379656949
3723,6.911831379656949
3724,6.911831379656949
3725,6.911831379656949
3726,6.911831379656949
3727,6.911831379656949
3728,6.911831379656949
3729,6.911831379656949
3730,6.911831379656949
3731,6.911831379656949
3732,6.911831379656949
3733,6.911831379656949
3734,6.911831379656949
3735,6.911831379656949
3736,6.911831379656949
3737,6.911831379656949
3738,6.911831379656949
3739,6.911831379656949
3740,6.911831379656949
3741,6.911831379656949
3742,6.911831379656949
3743,6.911831379656949
3744,6.911831379656949
3745,6.911831379656949
3746,6.911831379656949
3747,6.911831379656949
3748,6.911831379656949
3749,6.911831379656949
3750,6.911831379656949
3751,6.911831379656949
3752,6.911831379656949
3753,6.911831379656949
3754,6.911831379656949
3755,6.911831379656949
3756,6.911831379656949
3757,6.911831379656949
3758,6.911831379656949
3759,6.911831379656949
3760,6.911831379656949
3761,6.911831379656949
3762,6.911831379656949
3763,6.911831379656949
3764,6.911831379656949
3765,6.911831379656949
3766,6.911831379656949
3767,6.911831379656949
3768,6.911831379656949
3769,6.911831379656949
3770,6.911831379656949
3771,6.911831379656949
3772,6.911831379656949
3773,6.911831379656949
3774,6.911831379656949
3775,6.911831379656949
3776,6.911831379656949
3777,6.911831379656949
3778,6.911831379656949
3779,6.911831379656949
3780,6.911831379656949
3781,6.911831379656949
3782,6.911831379656949
3783,6.911831379656949
3784,6.911831379656949
3785,6.911831379656949
3786,6.911831379656949
3787,6.911831379656949
3788,6.911831379656949
3789,6.911831379656949
3790,6.911831379656949
3791,6.911831379656949
3792,6.911831379656949
3793,6.911831379656949
3794,6.911831379656949
3795,6.911831379656949
3796,6.911831379656949
3797,6.911831379656949
3798,6.911831379656949
3799,6.911831379656949
3800,6.911831379656949
3801,6.911831379656949
3802,6.911831379656949
3803,6.911831379656949
3804,6.911831379656949
3805,6.911831379656949
3806,6.911831379656949
3807,6.911831379656949
3808,6.911831379656949
3809,6.911831379656949
3810,6.911831379656949
3811,6.911831379656949
3812,6.911831379656949
3813,6.911831379656949
3814,6.911831379656949
3815,6.911831379656949
3816,6.911831379656949
3817,6.911831379656949
3818,6.911831379656949
3819,6.911831379656949
3820,6.911831379656949
3821,6.911831379656949
3822,6.911831379656949
3823,6.911831379656949
3824,6.911831379656949
3825,6.911831379656949
3826,6.911831379656949
3827,6.911831379656949
3828,6.911831379656949
3829,6.911831379656949
3830,6.911831379656949
3831,6.911831379656949
3832,6.911831379656949
3833,6.911831379656949
3834,6.504603897310026
3835,6.504603897310026
3836,6.504603897310026
3837,6.504603897310026
3838,6.504603897310026
3839,6.504603897310026
3840,6.504603897310026
3841,6.504603897310026
3842,6.504603897310026
3843,6.504603897310026
3844,6.504603897310026
3845,6.504603897310026
3846,6.504603897310026
3847,5.800279126017174
3848,5.800279126017174
3849,5.800279126017174
3850,5.800279126017174
3851,5.800279126017174
3852,5.800279126017174
3853,5.800279126017174
3854,5.800279126017174
3855,5.800279126017174
3856,5.800279126017174
3857,5.800279126017174
3858,5.800279126017174
3859,5.800279126017174
3860,5.800279126017174
3861,5.2632853990515365
3862,5.161034278612216
3863,5.161034278612216
3864,5.161034278612216
3865,5.161034278612216
3866,5.161034278612216
3867,5.161034278612216
3868,5.161034278612216
3869,5.161034278612216
3870,5.161034278612216
3871,5.161034278612216
3872,5.161034278612216
3873,5.161034278612216
3874,5.161034278612216
3875,5.161034278612216
3876,5.161034278612216
3877,5.161034278612216
3878,5.161034278612216
3879,5.161034278612216
3880,5.161034278612216
3881,5.161034278612216
3882,5.161034278612216
3883,5.161034278612216
3884,5.161034278612216
3885,5.161034278612216
3886,5.161034278612216
3887,5.161034278612216
3888,5.161034278612216
3889,5.161034278612216
3890,5.161034278612216
3891,5.161034278612216
3892,5.161034278612216
3893,5.161034278612216
3894,5.161034278612216
3895,5.161034278612216
3896,5.161034278612216
3897,5.161034278612216
3898,5.161034278612216
3899,5.161034278612216
3900,5.161034278612216
3901,5.161034278612216
3902,5.161034278612216
3903,5.161034278612216
3904,5.161034278612216
3905,5.161034278612216
3906,5.161034278612216
3907,5.161034278612216
3908,5.161034278612216
3909,5.161034278612216
3910,5.161034278612216
3911,5.161034278612216
3912,5.161034278612216
3913,5.161034278612216
3914,5.161034278612216
3915,5.161034278612216
3916,5.161034278612216
3917,5.161034278612216
3918,5.161034278612216
3919,5.161034278612216
3920,5.161034278612216
3921,5.161034278612216
3922,5.161034278612216
3923,5.161034278612216
3924,5.161034278612216
3925,5.161034278612216
3926,5.161034278612216
3927,5.161034278612216
3928,5.161034278612216
3929,5.161034278612216
3930,5.161034278612216
3931,5.161034278612216
3932,5.161034278612216
3933,5.161034278612216
3934,5.161034278612216
3935,5.161034278612216
3936,5.161034278612216
3937,5.161034278612216
3938,5.161034278612216
3939,5.161034278612216
3940,5.161034278612216
3941,5.161034278612216
3942,5.161034278612216
3943,5.161034278612216
3944,5.161034278612216
3945,5.161034278612216
3946,5.161034278612216
3947,5.161034278612216
3948,5.161034278612216
3949,5.161034278612216
3950,5.161034278612216
3951,5.161034278612216
3952,5.161034278612216
3953,5.161034278612216
3954,5.161034278612216
3955,5.161034278612216
3956,5.161034278612216
3957,5.161034278612216
3958,5.161034278612216
3959,5.161034278612216
3960,5.161034278612216
3961,5.161034278612216
3962,5.161034278612216
3963,5.161034278612216
3964,5.161034278612216
3965,5.161034278612216
3966,5.161034278612216
3967,5.161034278612216
3968,5.161034278612216
3969,5.161034278612216
3970,5.161034278612216
3971,5.161034278612216
3972,5.161034278612216
3973,5.161034278612216
3974,5.161034278612216
3975,5.161034278612216
3976,5.161034278612216
3977,5.161034278612216
3978,5.161034278612216
3979,5.161034278612216
3980,5.161034278612216
3981,5.161034278612216
3982,5.161034278612216
3983,5.161034278612216
3984,5.161034278612216
3985,5.161034278612216
3986,5.161034278612216
3987,5.161034278612216
3988,5.161034278612216
3989,5.161034278612216
3990,5.161034278612216
3991,5.161034278612216
3992,5.161034278612216
3993,5.161034278612216
3994,5.161034278612216
3995,5.161034278612216
3996,5.161034278612216
3997,5.161034278612216
3998,5.161034278612216
3999,5.161034278612216
4000,5.161034278612216
4001,5.161034278612216
4002,5.161034278612216
4003,5.161034278612216
4004,5.161034278612216
4005,5.161034278612216
4006,5.161034278612216
4007,5.161034278612216
4008,5.161034278612216
4009,5.161034278612216
4010,5.161034278612216
4011,5.161034278612216
4012,5.161034278612216
4013,5.161034278612216
4014,5.161034278612216
4015,5.161034278612216
4016,5.161034278612216
4017,5.161034278612216
4018,5.161034278612216
4019,5.161034278612216
4020,5.161034278612216
4021,5.161034278612216
4022,5.161034278612216
4023,5.161034278612216
4024,5.161034278612216
4025,5.161034278612216
4026,5.161034278612216
4027,5.161034278612216
4028,5.161034278612216
4029,5.161034278612216
4030,5.161034278612216
4031,5.161034278612216
4032,5.161034278612216
4033,5.161034278612216
4034,5.161034278612216
4035,5.161034278612216
4036,5.161034278612216
4037,5.161034278612216
4038,5.161034278612216
4039,5.161034278612216
4040,5.161034278612216
4041,5.161034278612216
4042,5.161034278612216
4043,5.161034278612216
4044,5.161034278612216
4045,5.161034278612216
4046,5.161034278612216
4047,5.161034278612216
4048,5.161034278612216
4049,5.161034278612216
4050,5.161034278612216
4051,5.161034278612216
4052,5.161034278612216
4053,5.161034278612216
4054,5.161034278612216
4055,5.161034278612216
4056,5.161034278612216
4057,5.161034278612216
4058,5.161034278612216
4059,5.161034278612216
4060,5.161034278612216
4061,5.161034278612216
4062,5.161034278612216
4063,5.161034278612216
4064,5.161034278612216
4065,5.161034278612216
4066,5.161034278612216
4067,5.161034278612216
4068,5.161034278612216
4069,5.161034278612216
4070,5.161034278612216
4071,5.161034278612216
4072,5.161034278612216
4073,5.161034278612216
4074,5.161034278612216
4075,5.161034278612216
4076,5.161034278612216
4077,5.161034278612216
4078,5.161034278612216
4079,5.161034278612216
4080,5.161034278612216
4081,5.161034278612216
4082,5.161034278612216
4083,5.161034278612216
4084,5.161034278612216
4085,5.161034278612216
4086,5.161034278612216
4087,5.161034278612216
4088,5.161034278612216
4089,5.161034278612216
4090,5.161034278612216
4091,5.161034278612216
4092,5.161034278612216
4093,5.161034278612216
4094,5.161034278612216
4095,5.161034278612216
4096,5.161034278612216
4097,5.161034278612216
4098,5.161034278612216
4099,5.161034278612216
4100,5.161034278612216
4101,5.161034278612216
4102,5.161034278612216
4103,5.161034278612216
4104,5.161034278612216
4105,5.161034278612216
4106,5.161034278612216
4107,5.161034278612216
4108,5.161034278612216
4109,5.161034278612216
4110,5.161034278612216
4111,5.161034278612216
4112,5.161034278612216
4113,5.161034278612216
4114,5.161034278612216
4115,5.161034278612216
4116,5.161034278612216
4117,5.161034278612216
4118,5.161034278612216
4119,5.161034278612216
4120,5.161034278612216
4121,5.161034278612216
4122,5.161034278612216
4123,5.161034278612216
4124,5.161034278612216
4125,5.161034278612216
4126,5.161034278612216
4127,5.161034278612216
4128,5.161034278612216
4129,5.161034278612216
4130,5.161034278612216
4131,5.161034278612216
4132,5.161034278612216
4133,5.161034278612216
4134,5.161034278612216
4135,5.161034278612216
4136,5.161034278612216
4137,5.161034278612216
4138,5.161034278612216
4139,5.161034278612216
4140,5.161034278612216
4141,5.161034278612216
4142,5.161034278612216
4143,5.161034278612216
4144,5.161034278612216
4145,5.161034278612216
4146,5.161034278612216
4147,5.161034278612216
4148,5.161034278612216
4149,5.161034278612216
4150,5.161034278612216
4151,5.161034278612216
4152,5.161034278612216
4153,5.161034278612216
4154,5.161034278612216
4155,5.161034278612216
4156,5.161034278612216
4157,5.161034278612216
4158,5.161034278612216
4159,5.161034278612216
4160,5.161034278612216
4161,5.161034278612216
4162,5.161034278612216
4163,5.161034278612216
4164,5.161034278612216
4165,5.161034278612216
4166,5.161034278612216
4167,5.161034278612216
4168,5.161034278612216
4169,5.161034278612216
4170,5.161034278612216
4171,5.161034278612216
4172,5.161034278612216
4173,5.161034278612216
4174,5.161034278612216
4175,5.161034278612216
4176,5.161034278612216
4177,5.161034278612216
4178,5.161034278612216
4179,5.161034278612216
4180,5.161034278612216
4181,5.161034278612216
4182,5.161034278612216
4183,5.161034278612216
4184,5.161034278612216
4185,5.161034278612216
4186,5.161034278612216
4187,5.161034278612216
4188,5.161034278612216
4189,5.161034278612216
4190,5.161034278612216
4191,5.161034278612216
4192,5.161034278612216
4193,5.161034278612216
4194,5.161034278612216
4195,5.161034278612216
4196,5.161034278612216
4197,5.161034278612216
4198,5.161034278612216
4199,5.161034278612216
4200,5.161034278612216
4201,5.161034278612216
4202,5.161034278612216
4203,5.161034278612216
4204,5.161034278612216
4205,5.161034278612216
4206,5.161034278612216
4207,5.161034278612216
4208,5.161034278612216
4209,5.161034278612216
4210,5.161034278612216
4211,5.161034278612216
4212,5.161034278612216
4213,5.161034278612216
4214,5.161034278612216
4215,5.161034278612216
4216,5.161034278612216
4217,5.161034278612216
4218,5.161034278612216
4219,5.161034278612216
4220,5.161034278612216
4221,5.161034278612216
4222,5.161034278612216
4223,5.161034278612216
4224,5.161034278612216
4225,5.161034278612216
4226,5.161034278612216
4227,5.161034278612216
4228,5.161034278612216
4229,5.161034278612216
4230,5.161034278612216
4231,5.161034278612216
4232,5.161034278612216
4233,5.161034278612216
4234,5.161034278612216
4235,5.161034278612216
4236,5.161034278612216
4237,5.161034278612216
4238,5.161034278612216
4239,5.161034278612216
4240,5.161034278612216
4241,5.161034278612216
4242,5.161034278612216
4243,5.161034278612216
4244,5.161034278612216
4245,5.161034278612216
4246,5.161034278612216
4247,5.161034278612216
4248,5.161034278612216
4249,5.161034278612216
4250,5.161034278612216
4251,5.161034278612216
4252,5.161034278612216
4253,5.161034278612216
4254,5.161034278612216
4255,5.161034278612216
4256,5.161034278612216
4257,5.161034278612216
4258,5.161034278612216
4259,5.161034278612216
4260,5.161034278612216
4261,5.161034278612216
4262,5.161034278612216
4263,5.161034278612216
4264,5.161034278612216
4265,5.161034278612216
4266,5.161034278612216
4267,5.161034278612216
4268,5.161034278612216
4269,5.161034278612216
4270,5.161034278612216
4271,5.161034278612216
4272,5.161034278612216
4273,5.161034278612216
4274,5.161034278612216
4275,5.161034278612216
4276,5.161034278612216
4277,5.161034278612216
4278,5.161034278612216
4279,5.161034278612216
4280,5.161034278612216
4281,5.161034278612216
4282,5.161034278612216
4283,5.161034278612216
4284,5.161034278612216
4285,5.161034278612216
4286,5.161034278612216
4287,5.161034278612216
4288,5.161034278612216
4289,5.161034278612216
4290,5.161034278612216
4291,5.161034278612216
4292,5.161034278612216
4293,5.161034278612216
4294,5.161034278612216
4295,5.161034278612216
4296,5.161034278612216
4297,5.161034278612216
4298,5.161034278612216
4299,5.161034278612216
4300,5.161034278612216
4301,5.161034278612216
4302,5.161034278612216
4303,5.161034278612216
4304,5.161034278612216
4305,5.161034278612216
4306,5.161034278612216
4307,5.161034278612216
4308,5.161034278612216
4309,5.161034278612216
4310,5.161034278612216
4311,5.161034278612216
4312,5.161034278612216
4313,5.161034278612216
4314,5.161034278612216
4315,5.161034278612216
4316,5.161034278612216
4317,5.161034278612216
4318,5.161034278612216
4319,5.161034278612216
4320,5.161034278612216
4321,5.161034278612216
4322,5.161034278612216
4323,5.161034278612216
4324,5.161034278612216
4325,5.161034278612216
4326,5.161034278612216
4327,5.161034278612216
4328,5.161034278612216
4329,5.161034278612216
4330,5.161034278612216
4331,5.161034278612216
4332,5.161034278612216
4333,5.161034278612216
4334,5.161034278612216
4335,5.161034278612216
4336,5.161034278612216
4337,5.161034278612216
4338,5.161034278612216
4339,5.161034278612216
4340,5.161034278612216
4341,5.161034278612216
4342,5.161034278612216
4343,5.161034278612216
4344,5.161034278612216
4345,5.161034278612216
4346,5.161034278612216
4347,5.161034278612216
4348,5.161034278612216
4349,5.161034278612216
4350,5.161034278612216
4351,5.161034278612216
4352,5.161034278612216
4353,5.161034278612216
4354,5.161034278612216
4355,5.161034278612216
4356,5.161034278612216
4357,5.161034278612216
4358,5.161034278612216
4359,5.161034278612216
4360,5.161034278612216
4361,5.161034278612216
4362,5.161034278612216
4363,5.161034278612216
4364,5.161034278612216
4365,5.161034278612216
4366,5.161034278612216
4367,5.161034278612216
4368,5.161034278612216
4369,5.161034278612216
4370,5.161034278612216
4371,5.161034278612216
4372,5.161034278612216
4373,5.161034278612216
4374,5.161034278612216
4375,5.161034278612216
4376,5.161034278612216
4377,5.161034278612216
4378,5.161034278612216
4379,5.161034278612216
4380,5.161034278612216
4381,5.161034278612216
4382,5.161034278612216
4383,5.161034278612216
4384,5.161034278612216
4385,5.161034278612216
4386,5.161034278612216
4387,5.161034278612216
4388,5.161034278612216
4389,5.161034278612216
4390,5.161034278612216
4391,5.161034278612216
4392,5.161034278612216
4393,5.161034278612216
4394,5.161034278612216
4395,5.161034278612216
4396,5.161034278612216
4397,5.161034278612216
4398,5.161034278612216
4399,5.161034278612216
4400,5.161034278612216
4401,5.161034278612216
4402,5.161034278612216
4403,5.161034278612216
4404,5.161034278612216
4405,5.161034278612216
4406,5.161034278612216
4407,5.161034278612216
4408,5.161034278612216
4409,5.161034278612216
4410,5.161034278612216
4411,5.161034278612216
4412,5.161034278612216
4413,5.161034278612216
4414,5.161034278612216
4415,5.161034278612216
4416,5.161034278612216
4417,5.161034278612216
4418,5.161034278612216
4419,5.161034278612216
4420,5.161034278612216
4421,5.161034278612216
4422,5.161034278612216
4423,5.161034278612216
4424,5.161034278612216
4425,5.161034278612216
4426,5.161034278612216
4427,5.161034278612216
4428,5.161034278612216
4429,5.161034278612216
4430,5.161034278612216
4431,5.161034278612216
4432,5.161034278612216
4433,5.161034278612216
4434,5.161034278612216
4435,5.161034278612216
4436,5.161034278612216
4437,5.161034278612216
4438,5.161034278612216
4439,5.161034278612216
4440,5.161034278612216
4441,5.161034278612216
4442,5.161034278612216
4443,5.161034278612216
4444,5.161034278612216
4445,5.161034278612216
4446,5.161034278612216
4447,5.161034278612216
4448,5.161034278612216
4449,5.161034278612216
4450,5.161034278612216
4451,5.161034278612216
4452,5.161034278612216
4453,5.161034278612216
4454,5.161034278612216
4455,5.161034278612216
4456,5.161034278612216
4457,5.161034278612216
4458,5.161034278612216
4459,5.161034278612216
4460,5.161034278612216
4461,5.161034278612216
4462,5.161034278612216
4463,5.161034278612216
4464,5.161034278612216
4465,5.161034278612216
4466,5.161034278612216
4467,5.161034278612216
4468,5.161034278612216
4469,5.161034278612216
4470,5.161034278612216
4471,5.161034278612216
4472,5.161034278612216
4473,5.161034278612216
4474,5.161034278612216
4475,5.161034278612216
4476,5.161034278612216
4477,5.161034278612216
4478,5.161034278612216
4479,5.161034278612216
4480,5.161034278612216
4481,5.161034278612216
4482,5.161034278612216
4483,5.161034278612216
4484,5.161034278612216
4485,5.161034278612216
4486,5.161034278612216
4487,5.161034278612216
4488,5.161034278612216
4489,5.161034278612216
4490,5.161034278612216
4491,5.161034278612216
4492,5.161034278612216
4493,5.161034278612216
4494,5.161034278612216
4495,5.161034278612216
4496,5.161034278612216
4497,5.161034278612216
4498,5.161034278612216
4499,5.161034278612216
4500,5.161034278612216
4501,5.161034278612216
4502,5.161034278612216
4503,5.161034278612216
4504,5.161034278612216
4505,5.161034278612216
4506,5.161034278612216
4507,5.161034278612216
4508,5.161034278612216
4509,5.161034278612216
4510,5.161034278612216
4511,5.161034278612216
4512,5.161034278612216
4513,5.161034278612216
4514,5.161034278612216
4515,5.161034278612216
4516,5.161034278612216
4517,5.161034278612216
4518,5.161034278612216
4519,5.161034278612216
4520,5.161034278612216
4521,5.161034278612216
4522,5.161034278612216
4523,5.161034278612216
4524,5.161034278612216
4525,5.161034278612216
4526,5.161034278612216
4527,5.161034278612216
4528,5.161034278612216
4529,5.161034278612216
4530,5.161034278612216
4531,5.161034278612216
4532,5.161034278612216
4533,5.161034278612216
4534,5.161034278612216
4535,5.161034278612216
4536,5.161034278612216
4537,5.161034278612216
4538,5.161034278612216
4539,5.161034278612216
4540,5.161034278612216
4541,5.161034278612216
4542,5.161034278612216
4543,5.161034278612216
4544,5.161034278612216
4545,5.161034278612216
4546,5.161034278612216
4547,5.161034278612216
4548,5.161034278612216
4549,5.161034278612216
4550,5.161034278612216
4551,5.161034278612216
4552,5.161034278612216
4553,5.161034278612216
4554,5.161034278612216
4555,5.161034278612216
4556,5.161034278612216
4557,5.161034278612216
4558,5.161034278612216
4559,5.161034278612216
4560,5.161034278612216
4561,5.161034278612216
4562,5.161034278612216
4563,5.161034278612216
4564,5.161034278612216
4565,5.161034278612216
4566,5.161034278612216
4567,5.161034278612216
4568,5.161034278612216
4569,5.161034278612216
4570,5.161034278612216
4571,5.161034278612216
4572,5.161034278612216
4573,5.161034278612216
4574,5.161034278612216
4575,5.161034278612216
4576,5.161034278612216
4577,5.161034278612216
4578,5.161034278612216
4579,5.161034278612216
4580,5.161034278612216
4581,5.161034278612216
4582,5.161034278612216
4583,5.161034278612216
4584,5.161034278612216
4585,5.161034278612216
4586,5.161034278612216
4587,5.161034278612216
4588,5.161034278612216
4589,5.161034278612216
4590,5.161034278612216
4591,5.161034278612216
4592,5.161034278612216
4593,5.161034278612216
4594,5.161034278612216
4595,5.161034278612216
4596,5.161034278612216
4597,5.161034278612216
4598,5.161034278612216
4599,5.161034278612216
4600,5.161034278612216
4601,5.161034278612216
4602,5.161034278612216
4603,5.161034278612216
4604,5.161034278612216
4605,5.161034278612216
4606,5.161034278612216
4607,5.161034278612216
4608,5.161034278612216
4609,5.161034278612216
4610,5.161034278612216
4611,5.161034278612216
4612,5.161034278612216
4613,5.161034278612216
4614,5.161034278612216
4615,5.161034278612216
4616,5.161034278612216
4617,5.161034278612216
4618,5.161034278612216
4619,5.161034278612216
4620,5.161034278612216
4621,5.161034278612216
4622,5.161034278612216
4623,5.161034278612216
4624,5.161034278612216
4625,5.161034278612216
4626,5.161034278612216
4627,5.161034278612216
4628,5.161034278612216
4629,5.161034278612216
4630,5.161034278612216
4631,5.161034278612216
4632,5.161034278612216
4633,5.161034278612216
4634,5.161034278612216
4635,5.161034278612216
4636,5.161034278612216
4637,5.161034278612216
4638,5.161034278612216
4639,5.161034278612216
4640,5.161034278612216
4641,5.161034278612216
4642,5.161034278612216
4643,5.161034278612216
4644,5.161034278612216
4645,5.161034278612216
4646,5.161034278612216
4647,5.161034278612216
4648,5.161034278612216
4649,5.161034278612216
4650,5.161034278612216
4651,5.161034278612216
4652,5.161034278612216
4653,5.161034278612216
4654,5.161034278612216
4655,5.161034278612216
4656,5.161034278612216
4657,5.161034278612216
4658,5.161034278612216
4659,5.161034278612216
4660,5.161034278612216
4661,5.161034278612216
4662,5.161034278612216
4663,5.161034278612216
4664,5.161034278612216
4665,5.161034278612216
4666,5.161034278612216
4667,5.161034278612216
4668,5.161034278612216
4669,5.161034278612216
4670,5.161034278612216
4671,5.161034278612216
4672,5.161034278612216
4673,5.161034278612216
4674,5.161034278612216
4675,5.161034278612216
4676,5.161034278612216
4677,5.161034278612216
4678,5.161034278612216
4679,5.161034278612216
4680,5.161034278612216
4681,5.161034278612216
4682,5.161034278612216
4683,5.161034278612216
4684,5.161034278612216
4685,5.161034278612216
4686,5.161034278612216
4687,5.161034278612216
4688,5.161034278612216
4689,5.161034278612216
4690,5.161034278612216
4691,5.161034278612216
4692,5.161034278612216
4693,5.161034278612216
4694,5.161034278612216
4695,5.161034278612216
4696,5.161034278612216
4697,5.161034278612216
4698,5.161034278612216
4699,5.161034278612216
4700,5.161034278612216
4701,5.161034278612216
4702,5.161034278612216
4703,5.161034278612216
4704,5.161034278612216
4705,5.161034278612216
4706,5.161034278612216
4707,5.161034278612216
4708,5.161034278612216
4709,5.161034278612216
4710,5.161034278612216
4711,5.161034278612216
4712,5.161034278612216
4713,5.161034278612216
4714,5.161034278612216
4715,5.161034278612216
4716,5.161034278612216
4717,5.161034278612216
4718,5.161034278612216
4719,5.161034278612216
4720,5.161034278612216
4721,5.161034278612216
4722,5.161034278612216
4723,5.161034278612216
4724,5.161034278612216
4725,5.161034278612216
4726,5.161034278612216
4727,5.161034278612216
4728,5.161034278612216
4729,5.161034278612216
4730,5.161034278612216
4731,5.161034278612216
4732,5.161034278612216
4733,5.161034278612216
4734,5.161034278612216
4735,5.161034278612216
4736,5.161034278612216
4737,5.161034278612216
4738,5.161034278612216
4739,5.161034278612216
4740,5.161034278612216
4741,5.161034278612216
4742,5.161034278612216
4743,5.161034278612216
4744,5.161034278612216
4745,5.161034278612216
4746,5.161034278612216
4747,5.161034278612216
4748,5.161034278612216
4749,5.161034278612216
4750,5.161034278612216
4751,5.161034278612216
4752,5.161034278612216
4753,5.161034278612216
4754,5.161034278612216
4755,5.161034278612216
4756,5.161034278612216
4757,5.161034278612216
4758,5.161034278612216
4759,5.161034278612216
4760,5.161034278612216
4761,5.161034278612216
4762,5.161034278612216
4763,5.161034278612216
4764,5.161034278612216
4765,5.161034278612216
4766,5.161034278612216
4767,5.161034278612216
4768,5.161034278612216
4769,5.161034278612216
4770,5.161034278612216
4771,5.161034278612216
4772,5.161034278612216
4773,5.161034278612216
4774,5.161034278612216
4775,5.161034278612216
4776,5.161034278612216
4777,5.161034278612216
4778,5.161034278612216
4779,5.161034278612216
4780,5.161034278612216
4781,5.161034278612216
4782,5.161034278612216
4783,5.161034278612216
4784,5.161034278612216
4785,5.161034278612216
4786,5.161034278612216
4787,5.161034278612216
4788,5.161034278612216
4789,5.161034278612216
4790,5.161034278612216
4791,5.161034278612216
4792,5.161034278612216
4793,5.161034278612216
4794,5.161034278612216
4795,5.161034278612216
4796,5.161034278612216
4797,5.161034278612216
4798,5.161034278612216
4799,5.161034278612216
4800,5.161034278612216
4801,5.161034278612216
4802,5.161034278612216
4803,5.161034278612216
4804,5.161034278612216
4805,5.161034278612216
4806,5.161034278612216
4807,5.161034278612216
4808,5.161034278612216
4809,5.161034278612216
4810,5.161034278612216
4811,5.161034278612216
4812,5.161034278612216
4813,5.161034278612216
4814,5.161034278612216
4815,5.161034278612216
4816,5.161034278612216
4817,5.161034278612216
4818,5.161034278612216
4819,5.161034278612216
4820,5.161034278612216
4821,5.161034278612216
4822,5.161034278612216
4823,5.161034278612216
4824,5.161034278612216
4825,5.161034278612216
4826,5.161034278612216
4827,5.161034278612216
4828,5.161034278612216
4829,5.161034278612216
4830,5.161034278612216
4831,5.161034278612216
4832,5.161034278612216
4833,5.161034278612216
4834,5.161034278612216
4835,5.161034278612216
4836,5.161034278612216
4837,5.161034278612216
4838,5.161034278612216
4839,5.161034278612216
4840,5.161034278612216
4841,5.161034278612216
4842,5.161034278612216
4843,5.161034278612216
4844,5.161034278612216
4845,5.161034278612216
4846,5.161034278612216
4847,5.161034278612216
4848,5.161034278612216
4849,5.161034278612216
4850,5.161034278612216
4851,5.161034278612216
4852,5.161034278612216
4853,5.161034278612216
4854,5.161034278612216
4855,5.161034278612216
4856,5.161034278612216
4857,5.161034278612216
4858,5.161034278612216
4859,5.161034278612216
4860,5.161034278612216
4861,5.161034278612216
4862,5.161034278612216
4863,5.161034278612216
4864,5.161034278612216
4865,5.161034278612216
4866,5.161034278612216
4867,5.161034278612216
4868,5.161034278612216
4869,5.161034278612216
4870,5.161034278612216
4871,5.161034278612216
4872,5.161034278612216
4873,5.161034278612216
4874,5.161034278612216
4875,5.161034278612216
4876,5.161034278612216
4877,5.161034278612216
4878,5.161034278612216
4879,5.161034278612216
4880,5.161034278612216
4881,5.161034278612216
4882,5.161034278612216
4883,5.161034278612216
4884,5.161034278612216
4885,5.161034278612216
4886,5.161034278612216
4887,5.161034278612216
4888,5.161034278612216
4889,5.161034278612216
4890,5.161034278612216
4891,5.161034278612216
4892,5.161034278612216
4893,5.161034278612216
4894,5.161034278612216
4895,5.161034278612216
4896,5.161034278612216
4897,5.161034278612216
4898,5.161034278612216
4899,5.161034278612216
4900,5.161034278612216
4901,5.161034278612216
4902,5.161034278612216
4903,5.161034278612216
4904,5.161034278612216
4905,5.161034278612216
4906,5.161034278612216
4907,5.161034278612216
4908,5.161034278612216
4909,5.161034278612216
4910,5.161034278612216
4911,5.161034278612216
4912,5.161034278612216
4913,5.161034278612216
4914,5.161034278612216
4915,5.161034278612216
4916,5.161034278612216
4917,5.161034278612216
4918,5.161034278612216
4919,5.161034278612216
4920,5.161034278612216
4921,5.161034278612216
4922,5.161034278612216
4923,5.161034278612216
4924,5.161034278612216
4925,5.161034278612216
4926,5.161034278612216
4927,5.161034278612216
4928,5.161034278612216
4929,5.161034278612216
4930,5.161034278612216
4931,5.161034278612216
4932,5.161034278612216
4933,5.161034278612216
4934,5.161034278612216
4935,5.161034278612216
4936,5.161034278612216
4937,5.161034278612216
4938,5.161034278612216
4939,5.161034278612216
4940,5.161034278612216
4941,5.161034278612216
4942,5.161034278612216
4943,5.161034278612216
4944,5.161034278612216
4945,5.161034278612216
4946,5.161034278612216
4947,5.161034278612216
4948,5.161034278612216
4949,5.161034278612216
4950,5.161034278612216
4951,5.161034278612216
4952,5.161034278612216
4953,5.161034278612216
4954,5.161034278612216
4955,5.161034278612216
4956,5.161034278612216
4957,5.161034278612216
4958,5.161034278612216
4959,5.161034278612216
4960,5.161034278612216
4961,5.161034278612216
4962,5.161034278612216
4963,5.161034278612216
4964,5.161034278612216
4965,5.161034278612216
4966,5.161034278612216
4967,5.161034278612216
4968,5.161034278612216
4969,5.161034278612216
4970,5.161034278612216
4971,5.161034278612216
4972,5.161034278612216
4973,5.161034278612216
4974,5.161034278612216
4975,5.161034278612216
4976,5.161034278612216
4977,5.161034278612216
4978,5.161034278612216
4979,5.161034278612216
4980,5.161034278612216
4981,5.161034278612216
4982,5.161034278612216
4983,5.161034278612216
4984,5.161034278612216
4985,5.161034278612216
4986,5.161034278612216
4987,5.161034278612216
4988,5.161034278612216
4989,5.161034278612216
4990,5.161034278612216
4991,5.161034278612216
4992,5.161034278612216
4993,5.161034278612216
4994,5.161034278612216
4995,5.161034278612216
4996,5.161034278612216
4997,5.161034278612216
4998,5.161034278612216
4999,5.161034278612216
5000,5.161034278612216
5001,5.161034278612216
5002,5.161034278612216
5003,5.161034278612216
5004,5.161034278612216
5005,5.161034278612216
5006,5.161034278612216
5007,5.161034278612216
5008,5.161034278612216
5009,5.161034278612216
5010,5.161034278612216
5011,5.161034278612216
5012,5.161034278612216
5013,5.161034278612216
5014,5.161034278612216
5015,5.161034278612216
5016,5.161034278612216
5017,5.161034278612216
5018,5.161034278612216
5019,5.161034278612216
5020,5.161034278612216
5021,5.161034278612216
5022,5.161034278612216
5023,5.161034278612216
5024,5.161034278612216
5025,5.161034278612216
5026,5.161034278612216
5027,5.161034278612216
5028,5.161034278612216
5029,5.161034278612216
5030,5.161034278612216
5031,5.161034278612216
5032,5.161034278612216
5033,5.161034278612216
5034,5.161034278612216
5035,5.161034278612216
5036,5.161034278612216
5037,5.161034278612216
5038,5.161034278612216
5039,5.161034278612216
5040,5.161034278612216
5041,5.161034278612216
5042,5.161034278612216
5043,5.161034278612216
5044,5.161034278612216
5045,5.161034278612216
5046,5.161034278612216
5047,5.161034278612216
5048,5.161034278612216
5049,5.161034278612216
5050,5.161034278612216
5051,5.161034278612216
5052,5.161034278612216
5053,5.161034278612216
5054,5.161034278612216
5055,5.161034278612216
5056,5.161034278612216
5057,5.161034278612216
5058,5.161034278612216
5059,5.161034278612216
5060,5.161034278612216
5061,5.161034278612216
5062,5.161034278612216
5063,5.161034278612216
5064,5.161034278612216
5065,5.161034278612216
5066,5.161034278612216
5067,5.161034278612216
5068,5.161034278612216
5069,5.161034278612216
5070,5.161034278612216
5071,5.161034278612216
5072,5.161034278612216
5073,5.161034278612216
5074,5.161034278612216
5075,5.161034278612216
5076,5.161034278612216
5077,5.161034278612216
5078,5.161034278612216
5079,5.161034278612216
5080,5.161034278612216
5081,5.161034278612216
5082,5.161034278612216
5083,5.161034278612216
5084,5.161034278612216
5085,5.161034278612216
5086,5.161034278612216
5087,5.161034278612216
5088,5.161034278612216
5089,5.161034278612216
5090,5.161034278612216
5091,5.161034278612216
5092,5.161034278612216
5093,5.161034278612216
5094,5.161034278612216
5095,5.161034278612216
5096,5.161034278612216
5097,5.161034278612216
5098,5.161034278612216
5099,5.161034278612216
5100,5.161034278612216
5101,5.161034278612216
5102,5.161034278612216
5103,5.161034278612216
5104,5.161034278612216
5105,5.161034278612216
5106,5.161034278612216
5107,5.161034278612216
5108,5.161034278612216
5109,5.161034278612216
5110,5.161034278612216
5111,5.161034278612216
5112,5.161034278612216
5113,5.161034278612216
5114,5.161034278612216
5115,5.161034278612216
5116,5.161034278612216
5117,5.161034278612216
5118,5.161034278612216
5119,5.161034278612216
5120,5.161034278612216
5121,5.161034278612216
5122,5.161034278612216
5123,5.161034278612216
5124,5.161034278612216
5125,5.161034278612216
5126,5.161034278612216
5127,5.161034278612216
5128,5.161034278612216
5129,5.161034278612216
5130,5.161034278612216
5131,5.161034278612216
5132,5.161034278612216
5133,5.161034278612216
5134,5.161034278612216
5135,5.161034278612216
5136,5.161034278612216
5137,5.161034278612216
5138,5.161034278612216
5139,5.161034278612216
5140,5.161034278612216
5141,5.161034278612216
5142,5.161034278612216
5143,5.161034278612216
5144,5.161034278612216
5145,5.161034278612216
5146,5.161034278612216
5147,5.161034278612216
5148,5.161034278612216
5149,5.161034278612216
5150,5.161034278612216
5151,5.161034278612216
5152,5.161034278612216
5153,5.161034278612216
5154,5.161034278612216
5155,5.161034278612216
5156,5.161034278612216
5157,5.161034278612216
5158,5.161034278612216
5159,5.161034278612216
5160,5.161034278612216
5161,5.161034278612216
5162,5.161034278612216
5163,5.161034278612216
5164,5.161034278612216
5165,5.161034278612216
5166,5.161034278612216
5167,5.161034278612216
5168,5.161034278612216
5169,5.161034278612216
5170,5.161034278612216
5171,5.161034278612216
5172,5.161034278612216
5173,5.161034278612216
5174,5.161034278612216
5175,5.161034278612216
5176,5.161034278612216
5177,5.161034278612216
5178,5.161034278612216
5179,5.161034278612216
5180,5.161034278612216
5181,5.161034278612216
5182,5.161034278612216
5183,5.161034278612216
5184,5.161034278612216
5185,5.161034278612216
5186,5.161034278612216
5187,5.161034278612216
5188,5.161034278612216
5189,5.161034278612216
5190,5.161034278612216
5191,5.161034278612216
5192,5.161034278612216
5193,5.161034278612216
5194,5.161034278612216
5195,5.161034278612216
5196,5.161034278612216
5197,5.161034278612216
5198,5.161034278612216
5199,5.161034278612216
5200,5.161034278612216
5201,5.161034278612216
5202,5.161034278612216
5203,5.161034278612216
5204,5.161034278612216
5205,5.161034278612216
5206,5.161034278612216
5207,5.161034278612216
5208,5.161034278612216
5209,5.161034278612216
5210,5.161034278612216
5211,5.161034278612216
5212,5.161034278612216
5213,5.161034278612216
5214,5.161034278612216
5215,5.161034278612216
5216,5.161034278612216
5217,5.161034278612216
5218,5.161034278612216
5219,5.161034278612216
5220,5.161034278612216
5221,5.161034278612216
5222,5.161034278612216
5223,5.161034278612216
5224,5.161034278612216
5225,5.161034278612216
5226,5.161034278612216
5227,5.161034278612216
5228,5.161034278612216
5229,5.161034278612216
5230,5.161034278612216
5231,5.161034278612216
5232,5.161034278612216
5233,5.161034278612216
5234,5.161034278612216
5235,5.161034278612216
5236,5.161034278612216
5237,5.161034278612216
5238,5.161034278612216
5239,5.161034278612216
5240,5.161034278612216
5241,5.161034278612216
5242,5.161034278612216
5243,5.161034278612216
5244,5.161034278612216
5245,5.161034278612216
5246,5.161034278612216
5247,5.161034278612216
5248,5.161034278612216
5249,5.161034278612216
5250,5.161034278612216
5251,5.161034278612216
5252,5.161034278612216
5253,5.161034278612216
5254,5.161034278612216
5255,5.161034278612216
5256,5.161034278612216
5257,5.161034278612216
5258,5.161034278612216
5259,5.161034278612216
5260,5.161034278612216
5261,5.161034278612216
5262,5.161034278612216
5263,5.161034278612216
5264,5.161034278612216
5265,5.161034278612216
5266,5.161034278612216
5267,5.161034278612216
5268,5.161034278612216
5269,5.161034278612216
5270,5.161034278612216
5271,5.161034278612216
5272,5.161034278612216
5273,5.161034278612216
5274,5.161034278612216
5275,5.161034278612216
5276,5.161034278612216
5277,5.161034278612216
5278,5.161034278612216
5279,5.161034278612216
5280,5.161034278612216
5281,5.161034278612216
5282,5.161034278612216
5283,5.161034278612216
5284,5.161034278612216
5285,5.161034278612216
5286,5.161034278612216
5287,5.161034278612216
5288,5.161034278612216
5289,5.161034278612216
5290,5.161034278612216
5291,5.161034278612216
5292,5.161034278612216
5293,5.161034278612216
5294,5.161034278612216
5295,5.161034278612216
5296,5.161034278612216
5297,5.161034278612216
5298,5.161034278612216
5299,5.161034278612216
5300,5.161034278612216
5301,5.161034278612216
5302,5.161034278612216
5303,5.161034278612216
5304,5.161034278612216
5305,5.161034278612216
5306,5.161034278612216
5307,5.161034278612216
5308,5.161034278612216
5309,5.161034278612216
5310,5.161034278612216
5311,5.161034278612216
5312,5.161034278612216
5313,5.161034278612216
5314,5.161034278612216
5315,5.161034278612216
5316,5.161034278612216
5317,5.161034278612216
5318,5.161034278612216
5319,5.161034278612216
5320,5.161034278612216
5321,5.161034278612216
5322,5.161034278612216
5323,5.161034278612216
5324,5.161034278612216
5325,5.161034278612216
5326,5.161034278612216
5327,5.161034278612216
5328,5.161034278612216
5329,5.161034278612216
5330,5.161034278612216
5331,5.161034278612216
5332,5.161034278612216
5333,5.161034278612216
5334,5.161034278612216
5335,5.161034278612216
5336,5.161034278612216
5337,5.161034278612216
5338,5.161034278612216
5339,5.161034278612216
5340,5.161034278612216
5341,5.161034278612216
5342,5.161034278612216
5343,5.161034278612216
5344,5.161034278612216
5345,5.161034278612216
5346,5.161034278612216
5347,5.161034278612216
5348,5.161034278612216
5349,5.161034278612216
5350,5.161034278612216
5351,5.161034278612216
5352,5.161034278612216
5353,5.161034278612216
5354,5.161034278612216
5355,5.161034278612216
5356,5.161034278612216
5357,5.161034278612216
5358,5.161034278612216
5359,5.161034278612216
5360,5.161034278612216
5361,5.161034278612216
5362,5.161034278612216
5363,5.161034278612216
5364,5.161034278612216
5365,5.161034278612216
5366,5.161034278612216
5367,5.161034278612216
5368,5.161034278612216
5369,5.161034278612216
5370,5.161034278612216
5371,5.161034278612216
5372,5.161034278612216
5373,5.161034278612216
5374,5.161034278612216
5375,5.161034278612216
5376,5.161034278612216
5377,5.161034278612216
5378,5.161034278612216
5379,5.161034278612216
5380,5.161034278612216
5381,5.161034278612216
5382,5.161034278612216
5383,5.161034278612216
5384,5.161034278612216
5385,5.161034278612216
5386,5.161034278612216
5387,5.161034278612216
5388,5.161034278612216
5389,5.161034278612216
5390,5.161034278612216
5391,5.161034278612216
5392,5.161034278612216
5393,5.161034278612216
5394,5.161034278612216
5395,5.161034278612216
5396,5.161034278612216
5397,5.161034278612216
5398,5.161034278612216
5399,5.161034278612216
5400,5.161034278612216
5401,5.161034278612216
5402,5.161034278612216
5403,5.161034278612216
5404,5.161034278612216
5405,5.161034278612216
5406,5.161034278612216
5407,5.161034278612216
5408,5.161034278612216
5409,5.161034278612216
5410,5.161034278612216
5411,5.161034278612216
5412,5.161034278612216
5413,5.161034278612216
5414,5.161034278612216
5415,5.161034278612216
5416,5.161034278612216
5417,5.161034278612216
5418,5.161034278612216
5419,5.161034278612216
5420,5.161034278612216
5421,5.161034278612216
5422,5.161034278612216
5423,5.161034278612216
5424,5.161034278612216
5425,5.161034278612216
5426,5.161034278612216
5427,5.161034278612216
5428,5.161034278612216
5429,5.161034278612216
5430,5.161034278612216
5431,5.161034278612216
5432,5.161034278612216
5433,5.161034278612216
5434,5.161034278612216
5435,5.161034278612216
5436,5.161034278612216
5437,5.161034278612216
5438,5.161034278612216
5439,5.161034278612216
5440,5.161034278612216
5441,5.161034278612216
5442,5.161034278612216
5443,5.161034278612216
5444,5.161034278612216
5445,5.161034278612216
5446,5.161034278612216
5447,5.161034278612216
5448,5.161034278612216
5449,5.161034278612216
5450,5.161034278612216
5451,5.161034278612216
5452,5.161034278612216
5453,5.161034278612216
5454,5.161034278612216
5455,5.161034278612216
5456,5.161034278612216
5457,5.161034278612216
5458,5.161034278612216
5459,5.161034278612216
5460,5.161034278612216
5461,5.161034278612216
5462,5.161034278612216
5463,5.161034278612216
5464,5.161034278612216
5465,5.161034278612216
5466,5.161034278612216
5467,5.161034278612216
5468,5.161034278612216
5469,5.161034278612216
5470,5.161034278612216
5471,5.161034278612216
5472,5.161034278612216
5473,5.161034278612216
5474,5.161034278612216
5475,5.161034278612216
5476,5.161034278612216
5477,5.161034278612216
5478,5.161034278612216
5479,5.161034278612216
5480,5.161034278612216
5481,5.161034278612216
5482,5.161034278612216
5483,5.161034278612216
5484,5.161034278612216
5485,5.161034278612216
5486,5.161034278612216
5487,5.161034278612216
5488,5.161034278612216
5489,5.161034278612216
5490,5.161034278612216
5491,5.161034278612216
5492,5.161034278612216
5493,5.161034278612216
5494,5.161034278612216
5495,5.161034278612216
5496,5.161034278612216
5497,5.161034278612216
5498,5.161034278612216
5499,5.161034278612216
5500,5.161034278612216
5501,5.161034278612216
5502,5.161034278612216
5503,5.161034278612216
5504,5.161034278612216
5505,5.161034278612216
5506,5.161034278612216
5507,5.161034278612216
5508,5.161034278612216
5509,5.161034278612216
5510,5.161034278612216
5511,5.161034278612216
5512,5.161034278612216
5513,5.161034278612216
5514,5.161034278612216
5515,5.161034278612216
5516,5.161034278612216
5517,5.161034278612216
5518,5.161034278612216
5519,5.161034278612216
5520,5.161034278612216
5521,5.161034278612216
5522,5.161034278612216
5523,5.161034278612216
5524,5.161034278612216
5525,5.161034278612216
5526,5.161034278612216
5527,5.161034278612216
5528,5.161034278612216
5529,5.161034278612216
5530,5.161034278612216
5531,5.161034278612216
5532,5.161034278612216
5533,5.161034278612216
5534,5.161034278612216
5535,5.161034278612216
5536,5.161034278612216
5537,5.161034278612216
5538,5.161034278612216
5539,5.161034278612216
5540,5.161034278612216
5541,5.161034278612216
5542,5.161034278612216
5543,5.161034278612216
5544,5.161034278612216
5545,5.161034278612216
5546,5.161034278612216
5547,5.161034278612216
5548,5.161034278612216
5549,5.161034278612216
5550,5.161034278612216
5551,5.161034278612216
5552,5.161034278612216
5553,5.161034278612216
5554,5.161034278612216
5555,5.161034278612216
5556,5.161034278612216
5557,5.161034278612216
5558,5.161034278612216
5559,5.161034278612216
5560,5.161034278612216
5561,5.161034278612216
5562,5.161034278612216
5563,5.161034278612216
5564,5.161034278612216
5565,5.161034278612216
5566,5.161034278612216
5567,5.161034278612216
5568,5.161034278612216
5569,5.161034278612216
5570,5.161034278612216
5571,5.161034278612216
5572,5.161034278612216
5573,5.161034278612216
5574,5.161034278612216
5575,5.161034278612216
5576,5.161034278612216
5577,5.161034278612216
5578,5.161034278612216
5579,5.161034278612216
5580,5.161034278612216
5581,5.161034278612216
5582,5.161034278612216
5583,5.161034278612216
5584,5.161034278612216
5585,5.161034278612216
5586,5.161034278612216
5587,5.161034278612216
5588,5.161034278612216
5589,5.161034278612216
5590,5.161034278612216
5591,5.161034278612216
5592,5.161034278612216
5593,5.161034278612216
5594,5.161034278612216
5595,5.161034278612216
5596,5.161034278612216
5597,5.161034278612216
5598,5.161034278612216
5599,5.161034278612216
5600,5.161034278612216
5601,5.161034278612216
5602,5.161034278612216
5603,5.161034278612216
5604,5.161034278612216
5605,5.161034278612216
5606,5.161034278612216
5607,5.161034278612216
5608,5.161034278612216
5609,5.161034278612216
5610,5.161034278612216
5611,5.161034278612216
5612,5.161034278612216
5613,5.161034278612216
5614,5.161034278612216
5615,5.161034278612216
5616,5.161034278612216
5617,5.161034278612216
5618,5.161034278612216
5619,5.161034278612216
5620,5.161034278612216
5621,5.161034278612216
5622,5.161034278612216
5623,5.161034278612216
5624,5.161034278612216
5625,5.161034278612216
5626,5.161034278612216
5627,5.161034278612216
5628,5.161034278612216
5629,5.161034278612216
5630,5.161034278612216
5631,5.161034278612216
5632,5.161034278612216
5633,5.161034278612216
5634,5.161034278612216
5635,5.161034278612216
5636,5.161034278612216
5637,5.161034278612216
5638,5.161034278612216
5639,5.161034278612216
5640,5.161034278612216
5641,5.161034278612216
5642,5.161034278612216
5643,5.161034278612216
5644,5.161034278612216
5645,5.161034278612216
5646,5.161034278612216
5647,5.161034278612216
5648,5.161034278612216
5649,5.161034278612216
5650,5.161034278612216
5651,5.161034278612216
5652,5.161034278612216
5653,5.161034278612216
5654,5.161034278612216
5655,5.161034278612216
5656,5.161034278612216
5657,5.161034278612216
5658,5.161034278612216
5659,5.161034278612216
5660,5.161034278612216
5661,5.161034278612216
5662,5.161034278612216
5663,5.161034278612216
5664,5.161034278612216
5665,5.161034278612216
5666,5.161034278612216
5667,5.161034278612216
5668,5.161034278612216
5669,5.161034278612216
5670,5.161034278612216
5671,5.161034278612216
5672,5.161034278612216
5673,5.161034278612216
5674,5.161034278612216
5675,5.161034278612216
5676,5.161034278612216
5677,5.161034278612216
5678,5.161034278612216
5679,5.161034278612216
5680,5.161034278612216
5681,5.161034278612216
5682,5.161034278612216
5683,5.161034278612216
5684,5.161034278612216
5685,5.161034278612216
5686,5.161034278612216
5687,5.161034278612216
5688,5.161034278612216
5689,5.161034278612216
5690,5.161034278612216
5691,5.161034278612216
5692,5.161034278612216
5693,5.161034278612216
5694,5.161034278612216
5695,5.161034278612216
5696,5.161034278612216
5697,5.161034278612216
5698,5.161034278612216
5699,5.161034278612216
5700,5.161034278612216
5701,5.161034278612216
5702,5.161034278612216
5703,5.161034278612216
5704,5.161034278612216
5705,5.161034278612216
5706,5.161034278612216
5707,5.161034278612216
5708,5.161034278612216
5709,5.161034278612216
5710,5.161034278612216
5711,5.161034278612216
5712,5.161034278612216
5713,5.161034278612216
5714,5.161034278612216
5715,5.161034278612216
5716,5.161034278612216
5717,5.161034278612216
5718,5.161034278612216
5719,5.161034278612216
5720,5.161034278612216
5721,5.161034278612216
5722,5.161034278612216
5723,5.161034278612216
5724,5.161034278612216
5725,5.161034278612216
5726,5.161034278612216
5727,5.161034278612216
5728,5.161034278612216
5729,5.161034278612216
5730,5.161034278612216
5731,5.161034278612216
5732,5.161034278612216
5733,5.161034278612216
5734,5.161034278612216
5735,5.161034278612216
5736,5.161034278612216
5737,5.161034278612216
5738,5.161034278612216
5739,5.161034278612216
5740,5.161034278612216
5741,5.161034278612216
5742,5.161034278612216
5743,5.161034278612216
5744,5.161034278612216
5745,5.161034278612216
5746,5.161034278612216
5747,5.161034278612216
5748,5.161034278612216
5749,5.161034278612216
5750,5.161034278612216
5751,5.161034278612216
5752,5.161034278612216
5753,5.161034278612216
5754,5.161034278612216
5755,5.161034278612216
5756,5.161034278612216
5757,5.161034278612216
5758,5.161034278612216
5759,5.161034278612216
5760,5.161034278612216
5761,5.161034278612216
5762,5.161034278612216
5763,5.161034278612216
5764,5.161034278612216
5765,5.161034278612216
5766,5.161034278612216
5767,5.161034278612216
5768,5.161034278612216
5769,5.161034278612216
5770,5.161034278612216
5771,5.161034278612216
5772,5.161034278612216
5773,5.161034278612216
5774,5.161034278612216
5775,5.161034278612216
5776,5.161034278612216
5777,5.161034278612216
5778,5.161034278612216
5779,5.161034278612216
5780,5.161034278612216
5781,5.161034278612216
5782,5.161034278612216
5783,5.161034278612216
5784,5.161034278612216
5785,5.161034278612216
5786,5.161034278612216
5787,5.161034278612216
5788,5.161034278612216
5789,5.161034278612216
5790,5.161034278612216
5791,5.161034278612216
5792,5.161034278612216
5793,5.161034278612216
5794,5.161034278612216
5795,5.161034278612216
5796,5.161034278612216
5797,5.161034278612216
5798,5.161034278612216
5799,5.161034278612216
5800,5.161034278612216
5801,5.161034278612216
5802,5.161034278612216
5803,5.161034278612216
5804,5.161034278612216
5805,5.161034278612216
5806,5.161034278612216
5807,5.161034278612216
5808,5.161034278612216
5809,5.161034278612216
5810,5.161034278612216
5811,5.161034278612216
5812,5.161034278612216
5813,5.161034278612216
5814,5.161034278612216
5815,5.161034278612216
5816,5.161034278612216
5817,5.161034278612216
5818,5.161034278612216
5819,5.161034278612216
5820,5.161034278612216
5821,5.161034278612216
5822,5.161034278612216
5823,5.161034278612216
5824,5.161034278612216
5825,5.161034278612216
5826,5.161034278612216
5827,5.161034278612216
5828,5.161034278612216
5829,5.161034278612216
5830,5.161034278612216
5831,5.161034278612216
5832,5.161034278612216
5833,5.161034278612216
5834,5.161034278612216
5835,5.161034278612216
5836,5.161034278612216
5837,5.161034278612216
5838,5.161034278612216
5839,5.161034278612216
5840,5.161034278612216
5841,5.161034278612216
5842,5.161034278612216
5843,5.161034278612216
5844,5.161034278612216
5845,5.161034278612216
5846,5.161034278612216
5847,5.161034278612216
5848,5.161034278612216
5849,5.161034278612216
5850,5.161034278612216
5851,5.161034278612216
5852,5.161034278612216
5853,5.161034278612216
5854,5.161034278612216
5855,5.161034278612216
5856,5.161034278612216
5857,5.161034278612216
5858,5.161034278612216
5859,5.161034278612216
5860,5.161034278612216
5861,5.161034278612216
5862,5.161034278612216
5863,5.161034278612216
5864,5.161034278612216
5865,5.161034278612216
5866,5.161034278612216
5867,5.161034278612216
5868,5.161034278612216
5869,5.161034278612216
5870,5.161034278612216
5871,5.161034278612216
5872,5.161034278612216
5873,5.161034278612216
5874,5.161034278612216
5875,5.161034278612216
5876,5.161034278612216
5877,5.161034278612216
5878,5.161034278612216
5879,5.161034278612216
5880,5.161034278612216
5881,5.161034278612216
5882,5.161034278612216
5883,5.161034278612216
5884,5.161034278612216
5885,5.161034278612216
5886,5.161034278612216
5887,5.161034278612216
5888,5.161034278612216
5889,5.161034278612216
5890,5.161034278612216
5891,5.161034278612216
5892,5.161034278612216
5893,5.161034278612216
5894,5.161034278612216
5895,5.161034278612216
5896,5.161034278612216
5897,5.161034278612216
5898,5.161034278612216
5899,5.161034278612216
5900,5.161034278612216
5901,5.161034278612216
5902,5.161034278612216
5903,5.161034278612216
5904,5.161034278612216
5905,5.161034278612216
5906,5.161034278612216
5907,5.161034278612216
5908,5.161034278612216
5909,5.161034278612216
5910,5.161034278612216
5911,5.161034278612216
5912,5.161034278612216
5913,5.161034278612216
5914,5.161034278612216
5915,5.161034278612216
5916,5.161034278612216
5917,5.161034278612216
5918,5.161034278612216
5919,5.161034278612216
5920,5.161034278612216
5921,5.161034278612216
5922,5.161034278612216
5923,5.161034278612216
5924,5.161034278612216
5925,5.161034278612216
5926,5.161034278612216
5927,5.161034278612216
5928,5.161034278612216
5929,5.161034278612216
5930,5.161034278612216
5931,5.161034278612216
5932,5.161034278612216
5933,5.161034278612216
5934,5.161034278612216
5935,5.161034278612216
5936,5.161034278612216
5937,5.161034278612216
5938,5.161034278612216
5939,5.161034278612216
5940,5.161034278612216
5941,5.161034278612216
5942,5.161034278612216
5943,5.161034278612216
5944,5.161034278612216
5945,5.161034278612216
5946,5.161034278612216
5947,5.161034278612216
5948,5.161034278612216
5949,5.161034278612216
5950,5.161034278612216
5951,5.161034278612216
5952,5.161034278612216
5953,5.161034278612216
5954,5.161034278612216
5955,5.161034278612216
5956,5.161034278612216
5957,5.161034278612216
5958,5.161034278612216
5959,5.161034278612216
5960,5.161034278612216
5961,5.161034278612216
5962,5.161034278612216
5963,5.161034278612216
5964,5.161034278612216
5965,5.161034278612216
5966,5.161034278612216
5967,5.161034278612216
5968,5.161034278612216
5969,5.161034278612216
5970,5.161034278612216
5971,5.161034278612216
5972,5.161034278612216
5973,5.161034278612216
5974,5.161034278612216
5975,5.161034278612216
5976,5.161034278612216
5977,5.161034278612216
5978,5.161034278612216
5979,5.161034278612216
5980,5.161034278612216
5981,5.161034278612216
5982,5.161034278612216
5983,5.161034278612216
5984,5.161034278612216
5985,5.161034278612216
5986,5.161034278612216
5987,5.161034278612216
5988,5.161034278612216
5989,5.161034278612216
5990,5.161034278612216
5991,5.161034278612216
5992,5.161034278612216
5993,5.161034278612216
5994,5.161034278612216
5995,5.161034278612216
5996,5.161034278612216
5997,5.161034278612216
5998,5.161034278612216
5999,5.161034278612216
6000,5.161034278612216
6001,5.161034278612216
6002,5.161034278612216
6003,5.161034278612216
6004,5.161034278612216
6005,5.161034278612216
6006,5.161034278612216
6007,5.161034278612216
6008,5.161034278612216
6009,5.161034278612216
6010,5.161034278612216
6011,5.161034278612216
6012,5.161034278612216
6013,5.161034278612216
6014,5.161034278612216
6015,5.161034278612216
6016,5.161034278612216
6017,5.161034278612216
6018,5.161034278612216
6019,5.161034278612216
6020,5.161034278612216
6021,5.161034278612216
6022,5.161034278612216
6023,5.161034278612216
6024,5.161034278612216
6025,5.161034278612216
6026,5.161034278612216
6027,5.161034278612216
6028,5.161034278612216
6029,5.161034278612216
6030,5.161034278612216
6031,5.161034278612216
6032,5.161034278612216
6033,5.161034278612216
6034,5.161034278612216
6035,5.161034278612216
6036,5.161034278612216
6037,5.161034278612216
6038,5.161034278612216
6039,5.161034278612216
6040,5.161034278612216
6041,5.161034278612216
6042,5.161034278612216
6043,5.161034278612216
6044,5.161034278612216
6045,5.161034278612216
6046,5.161034278612216
6047,5.161034278612216
6048,5.161034278612216
6049,5.161034278612216
6050,5.161034278612216
6051,5.161034278612216
6052,5.161034278612216
6053,5.161034278612216
6054,5.161034278612216
6055,5.161034278612216
6056,5.161034278612216
6057,5.161034278612216
6058,5.161034278612216
6059,5.161034278612216
6060,5.161034278612216
6061,5.161034278612216
6062,5.161034278612216
6063,5.161034278612216
6064,5.161034278612216
6065,5.161034278612216
6066,5.161034278612216
6067,5.161034278612216
6068,5.161034278612216
6069,5.161034278612216
6070,5.161034278612216
6071,5.161034278612216
6072,5.161034278612216
6073,5.161034278612216
6074,5.161034278612216
6075,5.161034278612216
6076,5.161034278612216
6077,5.161034278612216
6078,5.161034278612216
6079,5.161034278612216
6080,5.161034278612216
6081,5.161034278612216
6082,5.161034278612216
6083,5.161034278612216
6084,5.161034278612216
6085,5.161034278612216
6086,5.161034278612216
6087,5.161034278612216
6088,5.161034278612216
6089,5.161034278612216
6090,5.161034278612216
6091,5.161034278612216
6092,5.161034278612216
6093,5.161034278612216
6094,5.161034278612216
6095,5.161034278612216
6096,5.161034278612216
6097,5.161034278612216
6098,5.161034278612216
6099,5.161034278612216
6100,5.161034278612216
6101,5.161034278612216
6102,5.161034278612216
6103,5.161034278612216
6104,5.161034278612216
6105,5.161034278612216
6106,5.161034278612216
6107,5.161034278612216
6108,5.161034278612216
6109,5.161034278612216
6110,5.161034278612216
6111,5.161034278612216
6112,5.161034278612216
6113,5.161034278612216
6114,5.161034278612216
6115,5.161034278612216
6116,5.161034278612216
6117,5.161034278612216
6118,5.161034278612216
6119,5.161034278612216
6120,5.161034278612216
6121,5.161034278612216
6122,5.161034278612216
6123,5.161034278612216
6124,5.161034278612216
6125,5.161034278612216
6126,5.161034278612216
6127,5.161034278612216
6128,5.161034278612216
6129,5.161034278612216
6130,5.161034278612216
6131,5.161034278612216
6132,5.161034278612216
6133,5.161034278612216
6134,5.161034278612216
6135,5.161034278612216
6136,5.161034278612216
6137,5.161034278612216
6138,5.161034278612216
6139,5.161034278612216
6140,5.161034278612216
6141,5.161034278612216
6142,5.161034278612216
6143,5.161034278612216
6144,5.161034278612216
6145,5.161034278612216
6146,5.161034278612216
6147,5.161034278612216
6148,5.161034278612216
6149,5.161034278612216
6150,5.161034278612216
6151,5.161034278612216
6152,5.161034278612216
6153,5.161034278612216
6154,5.161034278612216
6155,5.161034278612216
6156,5.161034278612216
6157,5.161034278612216
6158,5.161034278612216
6159,5.161034278612216
6160,5.161034278612216
6161,5.161034278612216
6162,5.161034278612216
6163,5.161034278612216
6164,5.161034278612216
6165,5.161034278612216
6166,5.161034278612216
6167,5.161034278612216
6168,5.161034278612216
6169,5.161034278612216
6170,5.161034278612216
6171,5.161034278612216
6172,5.161034278612216
6173,5.161034278612216
6174,5.161034278612216
6175,5.161034278612216
6176,5.161034278612216
6177,5.161034278612216
6178,5.161034278612216
6179,5.161034278612216
6180,5.161034278612216
6181,5.161034278612216
6182,5.161034278612216
6183,5.161034278612216
6184,5.161034278612216
6185,5.161034278612216
6186,5.161034278612216
6187,5.161034278612216
6188,5.161034278612216
6189,5.161034278612216
6190,5.161034278612216
6191,5.161034278612216
6192,5.161034278612216
6193,5.161034278612216
6194,5.161034278612216
6195,5.161034278612216
6196,5.161034278612216
6197,5.161034278612216
6198,5.161034278612216
6199,5.161034278612216
6200,5.161034278612216
6201,5.161034278612216
6202,5.161034278612216
6203,5.161034278612216
6204,5.161034278612216
6205,5.161034278612216
6206,5.161034278612216
6207,5.161034278612216
6208,5.161034278612216
6209,5.161034278612216
6210,5.161034278612216
6211,5.161034278612216
6212,5.161034278612216
6213,5.161034278612216
6214,5.161034278612216
6215,5.161034278612216
6216,5.161034278612216
6217,5.161034278612216
6218,5.161034278612216
6219,5.161034278612216
6220,5.161034278612216
6221,5.161034278612216
6222,5.161034278612216
6223,5.161034278612216
6224,5.161034278612216
6225,5.161034278612216
6226,5.161034278612216
6227,5.161034278612216
6228,5.161034278612216
6229,5.161034278612216
6230,5.161034278612216
6231,5.161034278612216
6232,5.161034278612216
6233,5.161034278612216
6234,5.161034278612216
6235,5.161034278612216
6236,5.161034278612216
6237,5.161034278612216
6238,5.161034278612216
6239,5.161034278612216
6240,5.161034278612216
6241,5.161034278612216
6242,5.161034278612216
6243,5.161034278612216
6244,5.161034278612216
6245,5.161034278612216
6246,5.161034278612216
6247,5.161034278612216
6248,5.161034278612216
6249,5.161034278612216
6250,5.161034278612216
6251,5.161034278612216
6252,5.161034278612216
6253,5.161034278612216
6254,5.161034278612216
6255,5.161034278612216
6256,5.161034278612216
6257,5.161034278612216
6258,5.161034278612216
6259,5.161034278612216
6260,5.161034278612216
6261,5.161034278612216
6262,5.161034278612216
6263,5.161034278612216
6264,5.161034278612216
6265,5.161034278612216
6266,5.161034278612216
6267,5.161034278612216
6268,5.161034278612216
6269,5.161034278612216
6270,5.161034278612216
6271,5.161034278612216
6272,5.161034278612216
6273,5.161034278612216
6274,5.161034278612216
6275,5.161034278612216
6276,5.161034278612216
6277,5.161034278612216
6278,5.161034278612216
6279,5.161034278612216
6280,5.161034278612216
6281,5.161034278612216
6282,5.161034278612216
6283,5.161034278612216
6284,5.161034278612216
6285,5.161034278612216
6286,5.161034278612216
6287,5.161034278612216
6288,5.161034278612216
6289,5.161034278612216
6290,5.161034278612216
6291,5.161034278612216
6292,5.161034278612216
6293,5.161034278612216
6294,5.161034278612216
6295,5.161034278612216
6296,5.161034278612216
6297,5.161034278612216
6298,5.161034278612216
6299,5.161034278612216
6300,5.161034278612216
6301,5.161034278612216
6302,5.161034278612216
6303,5.161034278612216
6304,5.161034278612216
6305,5.161034278612216
6306,5.161034278612216
6307,5.161034278612216
6308,5.161034278612216
6309,5.161034278612216
6310,5.161034278612216
6311,5.161034278612216
6312,5.161034278612216
6313,5.161034278612216
6314,5.161034278612216
6315,5.161034278612216
6316,5.161034278612216
6317,5.161034278612216
6318,5.161034278612216
6319,5.161034278612216
6320,5.161034278612216
6321,5.161034278612216
6322,5.161034278612216
6323,5.161034278612216
6324,5.161034278612216
6325,5.161034278612216
6326,5.161034278612216
6327,5.161034278612216
6328,5.161034278612216
6329,5.161034278612216
6330,5.161034278612216
6331,5.161034278612216
6332,5.161034278612216
6333,5.161034278612216
6334,5.161034278612216
6335,5.161034278612216
6336,5.161034278612216
6337,5.161034278612216
6338,5.161034278612216
6339,5.161034278612216
6340,5.161034278612216
6341,5.161034278612216
6342,5.161034278612216
6343,5.161034278612216
6344,5.161034278612216
6345,5.161034278612216
6346,5.161034278612216
6347,5.161034278612216
6348,5.161034278612216
6349,5.161034278612216
6350,4.486341748440368
6351,4.486341748440368
6352,4.486341748440368
6353,4.486341748440368
6354,4.486341748440368
6355,4.486341748440368
6356,4.486341748440368
6357,4.486341748440368
6358,4.486341748440368
6359,4.486341748440368
6360,4.486341748440368
6361,4.486341748440368
6362,4.486341748440368
6363,4.486341748440368
6364,4.486341748440368
6365,4.486341748440368
6366,4.486341748440368
6367,4.486341748440368
6368,4.486341748440368
6369,4.486341748440368
6370,4.486341748440368
6371,4.486341748440368
6372,4.486341748440368
6373,4.486341748440368
6374,4.486341748440368
6375,4.486341748440368
6376,4.486341748440368
6377,4.486341748440368
6378,4.486341748440368
6379,4.486341748440368
6380,4.486341748440368
6381,4.486341748440368
6382,4.486341748440368
6383,4.486341748440368
6384,4.486341748440368
6385,4.486341748440368
6386,4.486341748440368
6387,4.486341748440368
6388,4.486341748440368
6389,4.486341748440368
6390,4.486341748440368
6391,4.486341748440368
6392,4.486341748440368
6393,4.486341748440368
6394,4.486341748440368
6395,4.486341748440368
6396,4.486341748440368
6397,4.486341748440368
6398,4.486341748440368
6399,4.486341748440368
6400,4.486341748440368
6401,4.486341748440368
6402,4.486341748440368
6403,4.486341748440368
6404,4.486341748440368
6405,4.486341748440368
6406,4.486341748440368
6407,4.486341748440368
6408,4.486341748440368
6409,4.486341748440368
6410,4.486341748440368
6411,4.486341748440368
6412,4.486341748440368
6413,4.486341748440368
6414,4.486341748440368
6415,4.486341748440368
6416,4.486341748440368
6417,4.486341748440368
6418,4.486341748440368
6419,4.486341748440368
6420,4.486341748440368
6421,4.486341748440368
6422,4.486341748440368
6423,4.486341748440368
6424,4.486341748440368
6425,4.486341748440368
6426,4.486341748440368
6427,4.486341748440368
6428,4.486341748440368
6429,4.486341748440368
6430,4.486341748440368
6431,4.486341748440368
6432,4.486341748440368
6433,4.486341748440368
6434,4.486341748440368
6435,4.486341748440368
6436,4.486341748440368
6437,4.14666683554614
6438,4.14666683554614
6439,4.14666683554614
6440,4.14666683554614
6441,4.14666683554614
6442,4.14666683554614
6443,4.14666683554614
6444,4.14666683554614
6445,4.14666683554614
6446,4.14666683554614
6447,4.14666683554614
6448,4.14666683554614
6449,4.14666683554614
6450,4.14666683554614
6451,4.14666683554614
6452,4.14666683554614
6453,4.14666683554614
6454,4.14666683554614
6455,4.14666683554614
6456,4.14666683554614
6457,4.14666683554614
6458,4.14666683554614
6459,4.14666683554614
6460,4.14666683554614
6461,4.14666683554614
6462,4.14666683554614
6463,4.14666683554614
6464,4.14666683554614
6465,4.14666683554614
6466,4.14666683554614
6467,4.14666683554614
6468,4.14666683554614
6469,4.14666683554614
6470,4.14666683554614
6471,4.14666683554614
6472,4.14666683554614
6473,4.14666683554614
6474,4.14666683554614
6475,4.14666683554614
6476,4.14666683554614
6477,4.14666683554614
6478,4.14666683554614
6479,4.14666683554614
6480,4.14666683554614
6481,4.14666683554614
6482,4.14666683554614
6483,4.14666683554614
6484,4.14666683554614
6485,4.14666683554614
6486,4.14666683554614
6487,4.14666683554614
6488,4.14666683554614
6489,4.14666683554614
6490,4.14666683554614
6491,4.14666683554614
6492,4.14666683554614
6493,4.14666683554614
6494,4.14666683554614
6495,4.14666683554614
6496,4.14666683554614
6497,4.14666683554614
6498,4.14666683554614
6499,4.14666683554614
6500,4.14666683554614
6501,4.14666683554614
6502,4.14666683554614
6503,4.14666683554614
6504,4.14666683554614
6505,4.14666683554614
6506,4.14666683554614
6507,4.14666683554614
6508,4.14666683554614
6509,4.14666683554614
6510,4.14666683554614
6511,4.14666683554614
6512,4.14666683554614
6513,4.14666683554614
6514,4.14666683554614
6515,4.14666683554614
6516,4.14666683554614
6517,4.14666683554614
6518,4.14666683554614
6519,4.14666683554614
6520,4.14666683554614
6521,4.14666683554614
6522,4.14666683554614
6523,4.14666683554614
6524,4.14666683554614
6525,4.14666683554614
6526,4.14666683554614
6527,4.14666683554614
6528,4.14666683554614
6529,4.14666683554614
6530,4.14666683554614
6531,4.14666683554614
6532,4.14666683554614
6533,4.14666683554614
6534,4.14666683554614
6535,4.14666683554614
6536,4.14666683554614
6537,4.14666683554614
6538,4.14666683554614
6539,4.14666683554614
6540,4.14666683554614
6541,4.14666683554614
6542,4.14666683554614
6543,4.14666683554614
6544,4.14666683554614
6545,4.14666683554614
6546,4.14666683554614
6547,4.14666683554614
6548,4.14666683554614
6549,4.14666683554614
6550,4.14666683554614
6551,4.14666683554614
6552,4.14666683554614
6553,4.14666683554614
6554,4.14666683554614
6555,4.14666683554614
6556,4.14666683554614
6557,4.14666683554614
6558,4.14666683554614
6559,4.14666683554614
6560,4.14666683554614
6561,4.14666683554614
6562,4.14666683554614
6563,4.14666683554614
6564,4.14666683554614
6565,4.14666683554614
6566,4.14666683554614
6567,4.14666683554614
6568,4.14666683554614
6569,4.14666683554614
6570,4.14666683554614
6571,4.14666683554614
6572,4.14666683554614
6573,4.14666683554614
6574,4.14666683554614
6575,4.14666683554614
6576,4.14666683554614
6577,4.14666683554614
6578,4.14666683554614
6579,4.14666683554614
6580,4.14666683554614
6581,4.14666683554614
6582,4.14666683554614
6583,4.14666683554614
6584,4.14666683554614
6585,4.14666683554614
6586,4.14666683554614
6587,4.14666683554614
6588,4.14666683554614
6589,4.14666683554614
6590,4.14666683554614
6591,4.14666683554614
6592,4.14666683554614
6593,4.14666683554614
6594,4.14666683554614
6595,4.14666683554614
6596,4.14666683554614
6597,4.14666683554614
6598,4.14666683554614
6599,4.14666683554614
6600,4.14666683554614
6601,4.14666683554614
6602,4.14666683554614
6603,4.14666683554614
6604,4.14666683554614
6605,4.14666683554614
6606,4.14666683554614
6607,4.14666683554614
6608,4.14666683554614
6609,4.14666683554614
6610,4.14666683554614
6611,4.14666683554614
6612,4.14666683554614
6613,4.14666683554614
6614,4.14666683554614
6615,4.14666683554614
6616,4.14666683554614
6617,4.14666683554614
6618,4.14666683554614
6619,4.14666683554614
6620,4.14666683554614
6621,4.14666683554614
6622,4.14666683554614
6623,4.14666683554614
6624,4.14666683554614
6625,4.14666683554614
6626,4.14666683554614
6627,4.14666683554614
6628,4.14666683554614
6629,4.14666683554614
6630,4.14666683554614
6631,4.14666683554614
6632,4.14666683554614
6633,4.14666683554614
6634,4.14666683554614
6635,4.14666683554614
6636,4.14666683554614
6637,4.14666683554614
6638,4.14666683554614
6639,4.14666683554614
6640,4.14666683554614
6641,4.14666683554614
6642,4.14666683554614
6643,4.14666683554614
6644,4.14666683554614
6645,4.14666683554614
6646,4.14666683554614
6647,4.14666683554614
6648,4.14666683554614
6649,4.14666683554614
6650,4.14666683554614
6651,4.14666683554614
6652,4.14666683554614
6653,4.14666683554614
6654,4.14666683554614
6655,4.14666683554614
6656,4.14666683554614
6657,4.14666683554614
6658,4.14666683554614
6659,4.14666683554614
6660,4.14666683554614
6661,4.14666683554614
6662,4.14666683554614
6663,4.14666683554614
6664,4.14666683554614
6665,4.14666683554614
6666,4.14666683554614
6667,4.14666683554614
6668,4.14666683554614
6669,4.14666683554614
6670,4.14666683554614
6671,4.14666683554614
6672,4.14666683554614
6673,4.14666683554614
6674,4.14666683554614
6675,4.14666683554614
6676,4.14666683554614
6677,4.14666683554614
6678,4.14666683554614
6679,4.14666683554614
6680,4.14666683554614
6681,4.14666683554614
6682,4.14666683554614
6683,4.14666683554614
6684,4.14666683554614
6685,4.14666683554614
6686,4.14666683554614
6687,4.14666683554614
6688,4.14666683554614
6689,4.14666683554614
6690,4.14666683554614
6691,4.14666683554614
6692,4.14666683554614
6693,4.14666683554614
6694,4.14666683554614
6695,4.14666683554614
6696,4.14666683554614
6697,4.14666683554614
6698,4.14666683554614
6699,4.14666683554614
6700,4.14666683554614
6701,4.14666683554614
6702,4.14666683554614
6703,4.14666683554614
6704,4.14666683554614
6705,4.14666683554614
6706,4.14666683554614
6707,4.14666683554614
6708,4.14666683554614
6709,4.14666683554614
6710,4.14666683554614
6711,4.14666683554614
6712,4.14666683554614
6713,4.14666683554614
6714,4.14666683554614
6715,4.14666683554614
6716,4.14666683554614
6717,4.14666683554614
6718,4.14666683554614
6719,4.14666683554614
6720,4.14666683554614
6721,4.14666683554614
6722,4.14666683554614
6723,4.14666683554614
6724,4.14666683554614
6725,4.14666683554614
6726,4.14666683554614
6727,4.14666683554614
6728,4.14666683554614
6729,4.14666683554614
6730,4.14666683554614
6731,4.14666683554614
6732,4.14666683554614
6733,4.14666683554614
6734,4.14666683554614
6735,4.14666683554614
6736,4.14666683554614
6737,4.14666683554614
6738,4.14666683554614
6739,4.14666683554614
6740,4.14666683554614
6741,4.14666683554614
6742,4.14666683554614
6743,4.14666683554614
6744,4.14666683554614
6745,4.14666683554614
6746,4.14666683554614
6747,4.14666683554614
6748,4.14666683554614
6749,4.14666683554614
6750,4.14666683554614
6751,4.14666683554614
6752,4.14666683554614
6753,4.14666683554614
6754,4.14666683554614
6755,4.14666683554614
6756,4.14666683554614
6757,4.14666683554614
6758,4.14666683554614
6759,4.14666683554614
6760,4.14666683554614
6761,4.14666683554614
6762,4.14666683554614
6763,4.14666683554614
6764,4.14666683554614
6765,4.14666683554614
6766,4.14666683554614
6767,4.14666683554614
6768,4.14666683554614
6769,4.14666683554614
6770,4.14666683554614
6771,4.14666683554614
6772,4.14666683554614
6773,4.14666683554614
6774,4.14666683554614
6775,4.14666683554614
6776,4.14666683554614
6777,4.14666683554614
6778,4.14666683554614
6779,4.14666683554614
6780,4.14666683554614
6781,4.14666683554614
6782,4.14666683554614
6783,4.14666683554614
6784,4.14666683554614
6785,4.14666683554614
6786,4.14666683554614
6787,4.14666683554614
6788,4.14666683554614
6789,4.14666683554614
6790,4.14666683554614
6791,4.14666683554614
6792,4.14666683554614
6793,4.14666683554614
6794,4.14666683554614
6795,4.14666683554614
6796,4.14666683554614
6797,4.14666683554614
6798,4.14666683554614
6799,4.14666683554614
6800,4.14666683554614
6801,4.14666683554614
6802,4.14666683554614
6803,4.14666683554614
6804,4.14666683554614
6805,4.14666683554614
6806,4.14666683554614
6807,4.14666683554614
6808,4.14666683554614
6809,4.14666683554614
6810,4.14666683554614
6811,4.14666683554614
6812,4.14666683554614
6813,4.14666683554614
6814,4.14666683554614
6815,4.14666683554614
6816,4.14666683554614
6817,4.14666683554614
6818,4.14666683554614
6819,4.14666683554614
6820,4.14666683554614
6821,4.14666683554614
6822,4.14666683554614
6823,4.14666683554614
6824,4.14666683554614
6825,4.14666683554614
6826,4.14666683554614
6827,4.14666683554614
6828,4.14666683554614
6829,4.14666683554614
6830,4.14666683554614
6831,4.14666683554614
6832,4.14666683554614
6833,4.14666683554614
6834,4.14666683554614
6835,4.14666683554614
6836,4.14666683554614
6837,4.14666683554614
6838,4.14666683554614
6839,4.14666683554614
6840,4.14666683554614
6841,4.14666683554614
6842,4.14666683554614
6843,4.14666683554614
6844,4.14666683554614
6845,4.14666683554614
6846,4.14666683554614
6847,4.14666683554614
6848,4.14666683554614
6849,4.14666683554614
6850,4.14666683554614
6851,4.14666683554614
6852,4.14666683554614
6853,4.14666683554614
6854,4.14666683554614
6855,4.14666683554614
6856,4.14666683554614
6857,4.14666683554614
6858,4.14666683554614
6859,4.14666683554614
6860,4.14666683554614
6861,4.14666683554614
6862,4.14666683554614
6863,4.14666683554614
6864,4.14666683554614
6865,4.14666683554614
6866,4.14666683554614
6867,4.14666683554614
6868,4.14666683554614
6869,4.14666683554614
6870,4.14666683554614
6871,4.14666683554614
6872,4.14666683554614
6873,4.14666683554614
6874,4.14666683554614
6875,4.14666683554614
6876,4.14666683554614
6877,4.14666683554614
6878,4.14666683554614
6879,4.14666683554614
6880,4.14666683554614
6881,4.14666683554614
6882,4.14666683554614
6883,4.14666683554614
6884,4.14666683554614
6885,4.14666683554614
6886,4.14666683554614
6887,4.14666683554614
6888,4.14666683554614
6889,4.14666683554614
6890,4.14666683554614
6891,4.14666683554614
6892,4.14666683554614
6893,4.14666683554614
6894,4.14666683554614
6895,4.14666683554614
6896,4.14666683554614
6897,4.14666683554614
6898,4.14666683554614
6899,4.14666683554614
6900,4.14666683554614
6901,4.14666683554614
6902,4.14666683554614
6903,4.14666683554614
6904,4.14666683554614
6905,4.14666683554614
6906,4.14666683554614
6907,4.14666683554614
6908,4.14666683554614
6909,4.14666683554614
6910,4.14666683554614
6911,4.14666683554614
6912,4.14666683554614
6913,4.14666683554614
6914,4.14666683554614
6915,4.14666683554614
6916,4.14666683554614
6917,4.14666683554614
6918,4.14666683554614
6919,4.14666683554614
6920,4.14666683554614
6921,4.14666683554614
6922,4.14666683554614
6923,4.14666683554614
6924,4.14666683554614
6925,4.14666683554614
6926,4.14666683554614
6927,4.14666683554614
6928,4.14666683554614
6929,4.14666683554614
6930,4.14666683554614
6931,4.14666683554614
6932,4.14666683554614
6933,4.14666683554614
6934,4.14666683554614
6935,4.14666683554614
6936,4.14666683554614
6937,4.14666683554614
6938,4.14666683554614
6939,4.14666683554614
6940,4.14666683554614
6941,4.14666683554614
6942,4.14666683554614
6943,4.14666683554614
6944,4.14666683554614
6945,4.14666683554614
6946,4.14666683554614
6947,4.14666683554614
6948,4.14666683554614
6949,4.14666683554614
6950,4.14666683554614
6951,4.14666683554614
6952,4.14666683554614
6953,4.14666683554614
6954,4.14666683554614
6955,4.14666683554614
6956,4.14666683554614
6957,4.14666683554614
6958,4.14666683554614
6959,4.14666683554614
6960,4.14666683554614
6961,4.14666683554614
6962,4.14666683554614
6963,4.14666683554614
6964,4.14666683554614
6965,4.14666683554614
6966,4.14666683554614
6967,4.14666683554614
6968,4.14666683554614
6969,4.14666683554614
6970,4.14666683554614
6971,4.14666683554614
6972,4.14666683554614
6973,4.14666683554614
6974,4.14666683554614
6975,4.14666683554614
6976,4.14666683554614
6977,4.14666683554614
6978,4.14666683554614
6979,4.14666683554614
6980,4.14666683554614
6981,4.14666683554614
6982,4.14666683554614
6983,4.14666683554614
6984,4.14666683554614
6985,4.14666683554614
6986,4.14666683554614
6987,4.14666683554614
6988,4.14666683554614
6989,4.14666683554614
6990,4.14666683554614
6991,4.14666683554614
6992,4.14666683554614
6993,4.14666683554614
6994,4.14666683554614
6995,4.14666683554614
6996,4.14666683554614
6997,4.14666683554614
6998,4.14666683554614
6999,4.14666683554614
7000,4.14666683554614
7001,4.14666683554614
7002,4.14666683554614
7003,4.14666683554614
7004,4.14666683554614
7005,4.14666683554614
7006,4.14666683554614
7007,4.14666683554614
7008,4.14666683554614
7009,4.14666683554614
7010,4.14666683554614
7011,4.14666683554614
7012,4.14666683554614
7013,4.14666683554614
7014,4.14666683554614
7015,4.14666683554614
7016,4.14666683554614
7017,4.14666683554614
7018,4.14666683554614
7019,4.14666683554614
7020,4.14666683554614
7021,4.14666683554614
7022,4.14666683554614
7023,4.14666683554614
7024,4.14666683554614
7025,4.14666683554614
7026,4.14666683554614
7027,4.14666683554614
7028,4.14666683554614
7029,4.14666683554614
7030,4.14666683554614
7031,4.14666683554614
7032,4.14666683554614
7033,4.14666683554614
7034,4.14666683554614
7035,4.14666683554614
7036,4.14666683554614
7037,4.14666683554614
7038,4.14666683554614
7039,4.14666683554614
7040,4.14666683554614
7041,4.14666683554614
7042,4.14666683554614
7043,4.14666683554614
7044,4.14666683554614
7045,4.14666683554614
7046,4.14666683554614
7047,4.14666683554614
7048,4.14666683554614
7049,4.14666683554614
7050,4.14666683554614
7051,4.14666683554614
7052,4.14666683554614
7053,4.14666683554614
7054,4.14666683554614
7055,4.14666683554614
7056,4.14666683554614
7057,4.14666683554614
7058,4.14666683554614
7059,4.14666683554614
7060,4.14666683554614
7061,4.14666683554614
7062,4.14666683554614
7063,4.14666683554614
7064,4.14666683554614
7065,4.14666683554614
7066,4.14666683554614
7067,4.14666683554614
7068,4.14666683554614
7069,4.14666683554614
7070,4.14666683554614
7071,4.14666683554614
7072,4.14666683554614
7073,4.14666683554614
7074,4.14666683554614
7075,4.14666683554614
7076,4.14666683554614
7077,4.14666683554614
7078,4.14666683554614
7079,4.14666683554614
7080,4.14666683554614
7081,4.14666683554614
7082,4.14666683554614
7083,4.14666683554614
7084,4.14666683554614
7085,4.14666683554614
7086,4.14666683554614
7087,4.14666683554614
7088,4.14666683554614
7089,4.14666683554614
7090,4.14666683554614
7091,4.14666683554614
7092,4.14666683554614
7093,4.14666683554614
7094,4.14666683554614
7095,4.14666683554614
7096,4.14666683554614
7097,4.14666683554614
7098,4.14666683554614
7099,4.14666683554614
7100,4.14666683554614
7101,4.14666683554614
7102,4.14666683554614
7103,4.14666683554614
7104,4.14666683554614
7105,4.14666683554614
7106,4.14666683554614
7107,4.14666683554614
7108,4.14666683554614
7109,4.14666683554614
7110,4.14666683554614
7111,4.14666683554614
7112,4.14666683554614
7113,4.14666683554614
7114,4.14666683554614
7115,4.14666683554614
7116,4.14666683554614
7117,4.14666683554614
7118,4.14666683554614
7119,4.14666683554614
7120,4.14666683554614
7121,4.14666683554614
7122,4.14666683554614
7123,4.14666683554614
7124,4.14666683554614
7125,4.14666683554614
7126,4.14666683554614
7127,4.14666683554614
7128,4.14666683554614
7129,4.14666683554614
7130,4.14666683554614
7131,4.14666683554614
7132,4.14666683554614
7133,4.14666683554614
7134,4.14666683554614
7135,4.14666683554614
7136,4.14666683554614
7137,4.14666683554614
7138,4.14666683554614
7139,4.14666683554614
7140,4.14666683554614
7141,4.14666683554614
7142,4.14666683554614
7143,4.14666683554614
7144,4.14666683554614
7145,4.14666683554614
7146,4.14666683554614
7147,4.14666683554614
7148,4.14666683554614
7149,4.14666683554614
7150,4.14666683554614
7151,4.14666683554614
7152,4.14666683554614
7153,4.14666683554614
7154,4.14666683554614
7155,4.14666683554614
7156,4.14666683554614
7157,4.14666683554614
7158,4.14666683554614
7159,4.14666683554614
7160,4.14666683554614
7161,4.14666683554614
7162,4.14666683554614
7163,4.14666683554614
7164,4.14666683554614
7165,4.14666683554614
7166,4.14666683554614
7167,4.14666683554614
7168,4.14666683554614
7169,4.14666683554614
7170,4.14666683554614
7171,4.14666683554614
7172,4.14666683554614
7173,4.14666683554614
7174,4.14666683554614
7175,4.14666683554614
7176,4.14666683554614
7177,4.14666683554614
7178,4.14666683554614
7179,4.14666683554614
7180,4.14666683554614
7181,4.14666683554614
7182,4.14666683554614
7183,4.14666683554614
7184,4.14666683554614
7185,4.14666683554614
7186,4.14666683554614
7187,4.14666683554614
7188,4.14666683554614
7189,4.14666683554614
7190,4.14666683554614
7191,4.14666683554614
7192,4.14666683554614
7193,4.14666683554614
7194,4.14666683554614
7195,4.14666683554614
7196,4.14666683554614
7197,4.14666683554614
7198,4.14666683554614
7199,4.14666683554614
7200,4.14666683554614
7201,4.14666683554614
7202,4.14666683554614
7203,4.14666683554614
7204,4.14666683554614
7205,4.14666683554614
7206,4.14666683554614
7207,4.14666683554614
7208,4.14666683554614
7209,4.14666683554614
7210,4.14666683554614
7211,4.14666683554614
7212,4.14666683554614
7213,4.14666683554614
7214,4.14666683554614
7215,4.14666683554614
7216,4.14666683554614
7217,4.14666683554614
7218,4.14666683554614
7219,4.14666683554614
7220,4.14666683554614
7221,4.14666683554614
7222,4.14666683554614
7223,4.14666683554614
7224,4.14666683554614
7225,4.14666683554614
7226,4.14666683554614
7227,4.14666683554614
7228,4.14666683554614
7229,4.14666683554614
7230,4.14666683554614
7231,4.14666683554614
7232,4.14666683554614
7233,4.14666683554614
7234,4.14666683554614
7235,4.14666683554614
7236,4.14666683554614
7237,4.14666683554614
7238,4.14666683554614
7239,4.14666683554614
7240,4.14666683554614
7241,4.14666683554614
7242,4.14666683554614
7243,4.14666683554614
7244,4.14666683554614
7245,4.14666683554614
7246,4.14666683554614
7247,4.14666683554614
7248,4.14666683554614
7249,4.14666683554614
7250,4.14666683554614
7251,4.14666683554614
7252,4.14666683554614
7253,4.14666683554614
7254,4.14666683554614
7255,4.14666683554614
7256,4.14666683554614
7257,4.14666683554614
7258,4.14666683554614
7259,4.14666683554614
7260,4.14666683554614
7261,4.14666683554614
7262,4.14666683554614
7263,4.14666683554614
7264,4.14666683554614
7265,4.14666683554614
7266,4.14666683554614
7267,4.14666683554614
7268,4.14666683554614
7269,4.14666683554614
7270,4.14666683554614
7271,4.14666683554614
7272,4.14666683554614
7273,4.14666683554614
7274,4.14666683554614
7275,4.14666683554614
7276,4.14666683554614
7277,4.14666683554614
7278,4.14666683554614
7279,4.14666683554614
7280,4.14666683554614
7281,4.14666683554614
7282,4.14666683554614
7283,4.14666683554614
7284,4.14666683554614
7285,4.14666683554614
7286,4.14666683554614
7287,4.14666683554614
7288,4.14666683554614
7289,4.14666683554614
7290,4.14666683554614
7291,4.14666683554614
7292,4.14666683554614
7293,4.14666683554614
7294,4.14666683554614
7295,4.14666683554614
7296,4.14666683554614
7297,4.14666683554614
7298,4.14666683554614
7299,4.14666683554614
7300,4.14666683554614
7301,4.14666683554614
7302,4.14666683554614
7303,4.14666683554614
7304,4.14666683554614
7305,4.14666683554614
7306,4.14666683554614
7307,4.14666683554614
7308,4.14666683554614
7309,4.14666683554614
7310,4.14666683554614
7311,4.14666683554614
7312,4.14666683554614
7313,4.14666683554614
7314,4.14666683554614
7315,4.14666683554614
7316,4.14666683554614
7317,4.14666683554614
7318,4.14666683554614
7319,4.14666683554614
7320,4.14666683554614
7321,4.14666683554614
7322,4.14666683554614
7323,4.14666683554614
7324,4.14666683554614
7325,4.14666683554614
7326,4.14666683554614
7327,4.14666683554614
7328,4.14666683554614
7329,4.14666683554614
7330,4.14666683554614
7331,4.14666683554614
7332,4.14666683554614
7333,4.14666683554614
7334,4.14666683554614
7335,4.14666683554614
7336,4.14666683554614
7337,4.14666683554614
7338,4.14666683554614
7339,4.14666683554614
7340,4.14666683554614
7341,4.14666683554614
7342,4.14666683554614
7343,4.14666683554614
7344,4.14666683554614
7345,4.14666683554614
7346,4.14666683554614
7347,4.14666683554614
7348,4.14666683554614
7349,4.14666683554614
7350,4.14666683554614
7351,4.14666683554614
7352,4.14666683554614
7353,4.14666683554614
7354,4.14666683554614
7355,4.14666683554614
7356,4.14666683554614
7357,4.14666683554614
7358,4.14666683554614
7359,4.14666683554614
7360,4.14666683554614
7361,4.14666683554614
7362,4.14666683554614
7363,4.14666683554614
7364,4.14666683554614
7365,4.14666683554614
7366,4.14666683554614
7367,4.14666683554614
7368,4.14666683554614
7369,4.14666683554614
7370,4.14666683554614
7371,4.14666683554614
7372,4.14666683554614
7373,4.14666683554614
7374,4.14666683554614
7375,4.14666683554614
7376,4.14666683554614
7377,4.14666683554614
7378,4.14666683554614
7379,4.14666683554614
7380,4.14666683554614
7381,4.14666683554614
7382,4.14666683554614
7383,4.14666683554614
7384,4.14666683554614
7385,4.14666683554614
7386,4.14666683554614
7387,4.14666683554614
7388,4.14666683554614
7389,4.14666683554614
7390,4.14666683554614
7391,4.14666683554614
7392,4.14666683554614
7393,4.14666683554614
7394,4.14666683554614
7395,4.14666683554614
7396,4.14666683554614
7397,4.14666683554614
7398,4.14666683554614
7399,4.14666683554614
7400,4.14666683554614
7401,4.14666683554614
7402,4.14666683554614
7403,4.14666683554614
7404,4.14666683554614
7405,4.14666683554614
7406,4.14666683554614
7407,4.14666683554614
7408,4.14666683554614
7409,4.14666683554614
7410,4.14666683554614
7411,4.14666683554614
7412,4.14666683554614
7413,4.14666683554614
7414,4.14666683554614
7415,4.14666683554614
7416,4.14666683554614
7417,4.14666683554614
7418,4.14666683554614
7419,4.14666683554614
7420,4.14666683554614
7421,4.14666683554614
7422,4.14666683554614
7423,4.14666683554614
7424,4.14666683554614
7425,4.14666683554614
7426,4.14666683554614
7427,4.14666683554614
7428,4.14666683554614
7429,4.14666683554614
7430,4.14666683554614
7431,4.14666683554614
7432,4.14666683554614
7433,4.14666683554614
7434,4.14666683554614
7435,4.14666683554614
7436,4.14666683554614
7437,4.14666683554614
7438,4.14666683554614
7439,4.14666683554614
7440,4.14666683554614
7441,4.14666683554614
7442,4.14666683554614
7443,4.14666683554614
7444,4.14666683554614
7445,4.14666683554614
7446,4.14666683554614
7447,4.14666683554614
7448,4.14666683554614
7449,4.14666683554614
7450,4.14666683554614
7451,4.14666683554614
7452,4.14666683554614
7453,4.14666683554614
7454,4.14666683554614
7455,4.14666683554614
7456,4.14666683554614
7457,4.14666683554614
7458,4.14666683554614
7459,4.14666683554614
7460,4.14666683554614
7461,4.14666683554614
7462,4.14666683554614
7463,4.14666683554614
7464,4.14666683554614
7465,4.14666683554614
7466,4.14666683554614
7467,4.14666683554614
7468,4.14666683554614
7469,4.14666683554614
7470,4.14666683554614
7471,4.14666683554614
7472,4.14666683554614
7473,4.14666683554614
7474,4.14666683554614
7475,4.14666683554614
7476,4.14666683554614
7477,4.14666683554614
7478,4.14666683554614
7479,4.14666683554614
7480,4.14666683554614
7481,4.14666683554614
7482,4.14666683554614
7483,4.14666683554614
7484,4.14666683554614
7485,4.14666683554614
7486,4.14666683554614
7487,4.14666683554614
7488,4.14666683554614
7489,4.14666683554614
7490,4.14666683554614
7491,4.14666683554614
7492,4.14666683554614
7493,4.14666683554614
7494,4.14666683554614
7495,4.14666683554614
7496,4.14666683554614
7497,4.14666683554614
7498,4.14666683554614
7499,4.14666683554614
7500,4.14666683554614
7501,4.14666683554614
7502,4.14666683554614
7503,4.14666683554614
7504,4.14666683554614
7505,4.14666683554614
7506,4.14666683554614
7507,4.14666683554614
7508,4.14666683554614
7509,4.14666683554614
7510,4.14666683554614
7511,4.14666683554614
7512,4.14666683554614
7513,4.14666683554614
7514,4.14666683554614
7515,4.14666683554614
7516,4.14666683554614
7517,4.14666683554614
7518,4.14666683554614
7519,4.14666683554614
7520,4.14666683554614
7521,4.14666683554614
7522,4.14666683554614
7523,4.14666683554614
7524,4.14666683554614
7525,4.14666683554614
7526,4.14666683554614
7527,4.14666683554614
7528,4.14666683554614
7529,4.14666683554614
7530,4.14666683554614
7531,4.14666683554614
7532,4.14666683554614
7533,4.14666683554614
7534,4.14666683554614
7535,4.14666683554614
7536,4.14666683554614
7537,4.14666683554614
7538,4.14666683554614
7539,4.14666683554614
7540,4.14666683554614
7541,4.14666683554614
7542,4.14666683554614
7543,4.14666683554614
7544,4.14666683554614
7545,4.14666683554614
7546,4.14666683554614
7547,4.14666683554614
7548,4.14666683554614
7549,4.14666683554614
7550,4.14666683554614
7551,4.14666683554614
7552,4.14666683554614
7553,4.14666683554614
7554,4.14666683554614
7555,4.14666683554614
7556,4.14666683554614
7557,4.14666683554614
7558,4.14666683554614
7559,4.14666683554614
7560,4.14666683554614
7561,4.14666683554614
7562,4.14666683554614
7563,4.14666683554614
7564,4.14666683554614
7565,4.14666683554614
7566,4.14666683554614
7567,4.14666683554614
7568,4.14666683554614
7569,4.14666683554614
7570,4.14666683554614
7571,4.14666683554614
7572,4.14666683554614
7573,4.14666683554614
7574,4.14666683554614
7575,4.14666683554614
7576,4.14666683554614
7577,4.14666683554614
7578,4.14666683554614
7579,4.14666683554614
7580,4.14666683554614
7581,4.14666683554614
7582,4.14666683554614
7583,4.14666683554614
7584,4.14666683554614
7585,4.14666683554614
7586,4.14666683554614
7587,4.14666683554614
7588,4.14666683554614
7589,4.14666683554614
7590,4.14666683554614
7591,4.14666683554614
7592,4.14666683554614
7593,4.14666683554614
7594,4.14666683554614
7595,4.14666683554614
7596,4.14666683554614
7597,4.14666683554614
7598,4.14666683554614
7599,4.14666683554614
7600,4.14666683554614
7601,4.14666683554614
7602,4.14666683554614
7603,4.14666683554614
7604,4.14666683554614
7605,4.14666683554614
7606,4.14666683554614
7607,4.14666683554614
7608,4.14666683554614
7609,4.14666683554614
7610,4.14666683554614
7611,4.14666683554614
7612,4.14666683554614
7613,4.14666683554614
7614,4.14666683554614
7615,4.14666683554614
7616,4.14666683554614
7617,4.14666683554614
7618,4.14666683554614
7619,4.14666683554614
7620,4.14666683554614
7621,4.14666683554614
7622,4.14666683554614
7623,4.14666683554614
7624,4.14666683554614
7625,4.14666683554614
7626,4.14666683554614
7627,4.14666683554614
7628,4.14666683554614
7629,4.14666683554614
7630,4.14666683554614
7631,4.14666683554614
7632,4.14666683554614
7633,4.14666683554614
7634,4.14666683554614
7635,4.14666683554614
7636,4.14666683554614
7637,4.14666683554614
7638,4.14666683554614
7639,4.14666683554614
7640,4.14666683554614
7641,4.14666683554614
7642,4.14666683554614
7643,4.14666683554614
7644,4.14666683554614
7645,4.14666683554614
7646,4.14666683554614
7647,4.14666683554614
7648,4.14666683554614
7649,4.14666683554614
7650,4.14666683554614
7651,4.14666683554614
7652,4.14666683554614
7653,4.14666683554614
7654,4.14666683554614
7655,4.14666683554614
7656,4.14666683554614
7657,4.14666683554614
7658,4.14666683554614
7659,4.14666683554614
7660,4.14666683554614
7661,4.14666683554614
7662,4.14666683554614
7663,4.14666683554614
7664,4.14666683554614
7665,4.14666683554614
7666,4.14666683554614
7667,4.14666683554614
7668,4.14666683554614
7669,4.14666683554614
7670,4.14666683554614
7671,4.14666683554614
7672,4.14666683554614
7673,4.14666683554614
7674,4.14666683554614
7675,4.14666683554614
7676,4.14666683554614
7677,4.14666683554614
7678,4.14666683554614
7679,4.14666683554614
7680,4.14666683554614
7681,4.14666683554614
7682,4.14666683554614
7683,4.14666683554614
7684,4.14666683554614
7685,4.14666683554614
7686,4.14666683554614
7687,4.14666683554614
7688,4.14666683554614
7689,4.14666683554614
7690,4.14666683554614
7691,4.14666683554614
7692,4.14666683554614
7693,4.14666683554614
7694,4.14666683554614
7695,4.14666683554614
7696,4.14666683554614
7697,4.14666683554614
7698,4.14666683554614
7699,4.14666683554614
7700,4.14666683554614
7701,4.14666683554614
7702,4.14666683554614
7703,4.14666683554614
7704,4.14666683554614
7705,4.14666683554614
7706,4.14666683554614
7707,4.14666683554614
7708,4.14666683554614
7709,4.14666683554614
7710,4.14666683554614
7711,4.14666683554614
7712,4.14666683554614
7713,4.14666683554614
7714,4.14666683554614
7715,4.14666683554614
7716,4.14666683554614
7717,4.14666683554614
7718,4.14666683554614
7719,4.14666683554614
7720,4.14666683554614
7721,4.14666683554614
7722,4.14666683554614
7723,4.14666683554614
7724,4.14666683554614
7725,4.14666683554614
7726,4.14666683554614
7727,4.14666683554614
7728,4.14666683554614
7729,4.14666683554614
7730,4.14666683554614
7731,4.14666683554614
7732,4.14666683554614
7733,4.14666683554614
7734,4.14666683554614
7735,4.14666683554614
7736,4.14666683554614
7737,4.14666683554614
7738,4.14666683554614
7739,4.14666683554614
7740,4.14666683554614
7741,4.14666683554614
7742,4.14666683554614
7743,4.14666683554614
7744,4.14666683554614
7745,4.14666683554614
7746,4.14666683554614
7747,4.14666683554614
7748,4.14666683554614
7749,4.14666683554614
7750,4.14666683554614
7751,4.14666683554614
7752,4.14666683554614
7753,4.14666683554614
7754,4.14666683554614
7755,4.14666683554614
7756,4.14666683554614
7757,4.14666683554614
7758,4.14666683554614
7759,4.14666683554614
7760,4.14666683554614
7761,4.14666683554614
7762,4.14666683554614
7763,4.14666683554614
7764,4.14666683554614
7765,4.14666683554614
7766,4.14666683554614
7767,4.14666683554614
7768,4.14666683554614
7769,4.14666683554614
7770,4.14666683554614
7771,4.14666683554614
7772,4.14666683554614
7773,4.14666683554614
7774,4.14666683554614
7775,4.14666683554614
7776,4.14666683554614
7777,4.14666683554614
7778,4.14666683554614
7779,4.14666683554614
7780,4.14666683554614
7781,4.14666683554614
7782,4.14666683554614
7783,4.14666683554614
7784,4.14666683554614
7785,4.14666683554614
7786,4.14666683554614
7787,4.14666683554614
7788,4.14666683554614
7789,4.14666683554614
7790,4.14666683554614
7791,4.14666683554614
7792,4.14666683554614
7793,4.14666683554614
7794,4.14666683554614
7795,4.14666683554614
7796,4.14666683554614
7797,4.14666683554614
7798,4.14666683554614
7799,4.14666683554614
7800,4.14666683554614
7801,4.14666683554614
7802,4.14666683554614
7803,4.14666683554614
7804,4.14666683554614
7805,4.14666683554614
7806,4.14666683554614
7807,4.14666683554614
7808,4.14666683554614
7809,4.14666683554614
7810,4.14666683554614
7811,4.14666683554614
7812,4.14666683554614
7813,4.14666683554614
7814,4.14666683554614
7815,4.14666683554614
7816,4.14666683554614
7817,4.14666683554614
7818,4.14666683554614
7819,4.14666683554614
7820,4.14666683554614
7821,4.14666683554614
7822,4.14666683554614
7823,4.14666683554614
7824,4.14666683554614
7825,4.14666683554614
7826,4.14666683554614
7827,4.14666683554614
7828,4.14666683554614
7829,4.14666683554614
7830,4.14666683554614
7831,4.14666683554614
7832,4.14666683554614
7833,4.14666683554614
7834,4.14666683554614
7835,4.14666683554614
7836,4.14666683554614
7837,4.14666683554614
7838,4.14666683554614
7839,4.14666683554614
7840,4.14666683554614
7841,4.14666683554614
7842,4.14666683554614
7843,4.14666683554614
7844,4.14666683554614
7845,4.14666683554614
7846,4.14666683554614
7847,4.14666683554614
7848,4.14666683554614
7849,4.14666683554614
7850,4.14666683554614
7851,4.14666683554614
7852,4.14666683554614
7853,4.14666683554614
7854,4.14666683554614
7855,4.14666683554614
7856,4.14666683554614
7857,4.14666683554614
7858,4.14666683554614
7859,4.14666683554614
7860,4.14666683554614
7861,4.14666683554614
7862,4.14666683554614
7863,4.14666683554614
7864,4.14666683554614
7865,4.14666683554614
7866,4.14666683554614
7867,4.14666683554614
7868,4.14666683554614
7869,4.14666683554614
7870,4.14666683554614
7871,4.14666683554614
7872,4.14666683554614
7873,4.14666683554614
7874,4.14666683554614
7875,4.14666683554614
7876,4.14666683554614
7877,4.14666683554614
7878,4.14666683554614
7879,4.14666683554614
7880,4.14666683554614
7881,4.14666683554614
7882,4.14666683554614
7883,4.14666683554614
7884,4.14666683554614
7885,4.14666683554614
7886,4.14666683554614
7887,4.14666683554614
7888,4.14666683554614
7889,4.14666683554614
7890,4.14666683554614
7891,4.14666683554614
7892,4.14666683554614
7893,4.14666683554614
7894,4.14666683554614
7895,4.14666683554614
7896,4.14666683554614
7897,4.14666683554614
7898,4.14666683554614
7899,4.14666683554614
7900,4.14666683554614
7901,4.14666683554614
7902,4.14666683554614
7903,4.14666683554614
7904,4.14666683554614
7905,4.14666683554614
7906,4.14666683554614
7907,4.14666683554614
7908,4.14666683554614
7909,4.14666683554614
7910,4.14666683554614
7911,4.14666683554614
7912,4.14666683554614
7913,4.14666683554614
7914,4.14666683554614
7915,4.14666683554614
7916,4.14666683554614
7917,4.14666683554614
7918,4.14666683554614
7919,4.14666683554614
7920,4.14666683554614
7921,4.14666683554614
7922,4.14666683554614
7923,4.14666683554614
7924,4.14666683554614
7925,4.14666683554614
7926,4.14666683554614
7927,4.14666683554614
7928,4.14666683554614
7929,4.14666683554614
7930,4.14666683554614
7931,4.14666683554614
7932,4.14666683554614
7933,4.14666683554614
7934,4.14666683554614
7935,4.14666683554614
7936,4.14666683554614
7937,4.14666683554614
7938,4.14666683554614
7939,4.14666683554614
7940,4.14666683554614
7941,4.14666683554614
7942,4.14666683554614
7943,4.14666683554614
7944,4.14666683554614
7945,4.14666683554614
7946,4.14666683554614
7947,4.14666683554614
7948,4.14666683554614
7949,4.14666683554614
7950,4.14666683554614
7951,4.14666683554614
7952,4.14666683554614
7953,4.14666683554614
7954,4.14666683554614
7955,4.14666683554614
7956,4.14666683554614
7957,4.14666683554614
7958,4.14666683554614
7959,4.14666683554614
7960,4.14666683554614
7961,4.14666683554614
7962,4.14666683554614
7963,4.14666683554614
7964,4.14666683554614
7965,4.14666683554614
7966,4.14666683554614
7967,4.14666683554614
7968,4.14666683554614
7969,4.14666683554614
7970,4.14666683554614
7971,4.14666683554614
7972,4.14666683554614
7973,4.14666683554614
7974,4.14666683554614
7975,4.14666683554614
7976,4.14666683554614
7977,4.14666683554614
7978,4.14666683554614
7979,4.14666683554614
7980,4.14666683554614
7981,4.14666683554614
7982,4.14666683554614
7983,4.14666683554614
7984,4.14666683554614
7985,4.14666683554614
7986,4.14666683554614
7987,4.14666683554614
7988,4.14666683554614
7989,4.14666683554614
7990,4.14666683554614
7991,4.14666683554614
7992,4.14666683554614
7993,4.14666683554614
7994,4.14666683554614
7995,4.14666683554614
7996,4.14666683554614
7997,4.14666683554614
7998,4.14666683554614
7999,4.14666683554614
8000,4.14666683554614
8001,4.14666683554614
8002,4.14666683554614
8003,4.14666683554614
8004,4.14666683554614
8005,4.14666683554614
8006,4.14666683554614
8007,4.14666683554614
8008,4.14666683554614
8009,4.14666683554614
8010,4.14666683554614
8011,4.14666683554614
8012,4.14666683554614
8013,4.14666683554614
8014,4.14666683554614
8015,4.14666683554614
8016,4.14666683554614
8017,4.14666683554614
8018,4.14666683554614
8019,4.14666683554614
8020,4.14666683554614
8021,4.14666683554614
8022,4.14666683554614
8023,4.14666683554614
8024,4.14666683554614
8025,4.14666683554614
8026,4.14666683554614
8027,4.14666683554614
8028,4.14666683554614
8029,4.14666683554614
8030,4.14666683554614
8031,4.14666683554614
8032,4.14666683554614
8033,4.14666683554614
8034,4.14666683554614
8035,4.14666683554614
8036,4.14666683554614
8037,4.14666683554614
8038,4.14666683554614
8039,4.14666683554614
8040,4.14666683554614
8041,4.14666683554614
8042,4.14666683554614
8043,4.14666683554614
8044,4.14666683554614
8045,4.14666683554614
8046,4.14666683554614
8047,4.14666683554614
8048,4.14666683554614
8049,4.14666683554614
8050,4.14666683554614
8051,4.14666683554614
8052,4.14666683554614
8053,4.14666683554614
8054,4.14666683554614
8055,4.14666683554614
8056,4.14666683554614
8057,4.14666683554614
8058,4.14666683554614
8059,4.14666683554614
8060,4.14666683554614
8061,4.14666683554614
8062,4.14666683554614
8063,4.14666683554614
8064,4.14666683554614
8065,4.14666683554614
8066,4.14666683554614
8067,4.14666683554614
8068,4.14666683554614
8069,4.14666683554614
8070,4.14666683554614
8071,4.14666683554614
8072,4.14666683554614
8073,4.14666683554614
8074,4.14666683554614
8075,4.14666683554614
8076,4.14666683554614
8077,4.14666683554614
8078,4.14666683554614
8079,4.14666683554614
8080,4.14666683554614
8081,4.14666683554614
8082,4.14666683554614
8083,4.14666683554614
8084,4.14666683554614
8085,4.14666683554614
8086,4.14666683554614
8087,4.14666683554614
8088,4.14666683554614
8089,4.14666683554614
8090,4.14666683554614
8091,4.14666683554614
8092,4.14666683554614
8093,4.14666683554614
8094,4.14666683554614
8095,4.14666683554614
8096,4.14666683554614
8097,4.14666683554614
8098,4.14666683554614
8099,4.14666683554614
8100,4.14666683554614
8101,4.14666683554614
8102,4.14666683554614
8103,4.14666683554614
8104,4.14666683554614
8105,4.14666683554614
8106,4.14666683554614
8107,4.14666683554614
8108,4.14666683554614
8109,4.14666683554614
8110,4.14666683554614
8111,4.14666683554614
8112,4.14666683554614
8113,4.14666683554614
8114,4.14666683554614
8115,4.14666683554614
8116,4.14666683554614
8117,4.14666683554614
8118,4.14666683554614
8119,4.14666683554614
8120,4.14666683554614
8121,4.14666683554614
8122,4.14666683554614
8123,4.14666683554614
8124,4.14666683554614
8125,4.14666683554614
8126,4.14666683554614
8127,4.14666683554614
8128,4.14666683554614
8129,4.14666683554614
8130,4.14666683554614
8131,4.14666683554614
8132,4.14666683554614
8133,4.14666683554614
8134,4.14666683554614
8135,4.14666683554614
8136,4.14666683554614
8137,4.14666683554614
8138,4.14666683554614
8139,4.14666683554614
8140,4.14666683554614
8141,4.14666683554614
8142,4.14666683554614
8143,4.14666683554614
8144,4.14666683554614
8145,4.14666683554614
8146,4.14666683554614
8147,4.14666683554614
8148,4.14666683554614
8149,4.14666683554614
8150,4.14666683554614
8151,4.14666683554614
8152,4.14666683554614
8153,4.14666683554614
8154,4.14666683554614
8155,4.14666683554614
8156,4.14666683554614
8157,4.14666683554614
8158,4.14666683554614
8159,4.14666683554614
8160,4.14666683554614
8161,4.14666683554614
8162,4.14666683554614
8163,4.14666683554614
8164,4.14666683554614
8165,4.14666683554614
8166,4.14666683554614
8167,4.14666683554614
8168,4.14666683554614
8169,4.14666683554614
8170,4.14666683554614
8171,4.14666683554614
8172,4.14666683554614
8173,4.14666683554614
8174,4.14666683554614
8175,4.14666683554614
8176,4.14666683554614
8177,4.14666683554614
8178,4.14666683554614
8179,4.14666683554614
8180,4.14666683554614
8181,4.14666683554614
8182,4.14666683554614
8183,4.14666683554614
8184,4.14666683554614
8185,4.14666683554614
8186,4.14666683554614
8187,4.14666683554614
8188,4.14666683554614
8189,4.14666683554614
8190,4.14666683554614
8191,4.14666683554614
8192,4.14666683554614
8193,4.14666683554614
8194,4.14666683554614
8195,4.14666683554614
8196,4.14666683554614
8197,4.14666683554614
8198,4.14666683554614
8199,4.14666683554614
8200,4.14666683554614
8201,4.14666683554614
8202,4.14666683554614
8203,4.14666683554614
8204,4.14666683554614
8205,4.14666683554614
8206,4.14666683554614
8207,4.14666683554614
8208,4.14666683554614
8209,4.14666683554614
8210,4.14666683554614
8211,4.14666683554614
8212,4.14666683554614
8213,4.14666683554614
8214,4.14666683554614
8215,4.14666683554614
8216,4.14666683554614
8217,4.14666683554614
8218,4.14666683554614
8219,4.14666683554614
8220,4.14666683554614
8221,4.14666683554614
8222,4.14666683554614
8223,4.14666683554614
8224,4.14666683554614
8225,4.14666683554614
8226,4.14666683554614
8227,4.14666683554614
8228,4.14666683554614
8229,4.14666683554614
8230,4.14666683554614
8231,4.14666683554614
8232,4.14666683554614
8233,4.14666683554614
8234,4.14666683554614
8235,4.14666683554614
8236,4.14666683554614
8237,4.14666683554614
8238,4.14666683554614
8239,4.14666683554614
8240,4.14666683554614
8241,4.14666683554614
8242,4.14666683554614
8243,4.14666683554614
8244,4.14666683554614
8245,4.14666683554614
8246,4.14666683554614
8247,4.14666683554614
8248,4.14666683554614
8249,4.14666683554614
8250,4.14666683554614
8251,4.14666683554614
8252,4.14666683554614
8253,4.14666683554614
8254,4.14666683554614
8255,4.14666683554614
8256,4.14666683554614
8257,4.14666683554614
8258,4.14666683554614
8259,4.14666683554614
8260,4.14666683554614
8261,4.14666683554614
8262,4.14666683554614
8263,4.14666683554614
8264,4.14666683554614
8265,4.14666683554614
8266,4.14666683554614
8267,4.14666683554614
8268,4.14666683554614
8269,4.14666683554614
8270,4.14666683554614
8271,4.14666683554614
8272,4.14666683554614
8273,4.14666683554614
8274,4.14666683554614
8275,4.14666683554614
8276,4.14666683554614
8277,4.14666683554614
8278,4.14666683554614
8279,4.14666683554614
8280,4.14666683554614
8281,4.14666683554614
8282,4.14666683554614
8283,4.14666683554614
8284,4.14666683554614
8285,4.14666683554614
8286,4.14666683554614
8287,4.14666683554614
8288,4.14666683554614
8289,4.14666683554614
8290,4.14666683554614
8291,4.14666683554614
8292,4.14666683554614
8293,4.14666683554614
8294,4.14666683554614
8295,4.14666683554614
8296,4.14666683554614
8297,4.14666683554614
8298,4.14666683554614
8299,4.14666683554614
8300,4.14666683554614
8301,4.14666683554614
8302,4.14666683554614
8303,4.14666683554614
8304,4.14666683554614
8305,4.14666683554614
8306,4.14666683554614
8307,4.14666683554614
8308,4.14666683554614
8309,4.14666683554614
8310,4.14666683554614
8311,4.14666683554614
8312,4.14666683554614
8313,4.14666683554614
8314,4.14666683554614
8315,4.14666683554614
8316,4.14666683554614
8317,4.14666683554614
8318,4.14666683554614
8319,4.14666683554614
8320,4.14666683554614
8321,4.14666683554614
8322,4.14666683554614
8323,4.14666683554614
8324,4.14666683554614
8325,4.14666683554614
8326,4.14666683554614
8327,4.14666683554614
8328,4.14666683554614
8329,4.14666683554614
8330,4.14666683554614
8331,4.14666683554614
8332,4.14666683554614
8333,4.14666683554614
8334,4.14666683554614
8335,4.14666683554614
8336,4.14666683554614
8337,4.14666683554614
8338,4.14666683554614
8339,4.14666683554614
8340,4.14666683554614
8341,4.14666683554614
8342,4.14666683554614
8343,4.14666683554614
8344,4.14666683554614
8345,4.14666683554614
8346,4.14666683554614
8347,4.14666683554614
8348,4.14666683554614
8349,4.14666683554614
8350,4.14666683554614
8351,4.14666683554614
8352,4.14666683554614
8353,4.14666683554614
8354,4.14666683554614
8355,4.14666683554614
8356,4.14666683554614
8357,4.14666683554614
8358,4.14666683554614
8359,4.14666683554614
8360,4.14666683554614
8361,4.14666683554614
8362,4.14666683554614
8363,4.14666683554614
8364,4.14666683554614
8365,4.14666683554614
8366,4.14666683554614
8367,4.14666683554614
8368,4.14666683554614
8369,4.14666683554614
8370,4.14666683554614
8371,4.14666683554614
8372,4.14666683554614
8373,4.14666683554614
8374,4.14666683554614
8375,4.14666683554614
8376,4.14666683554614
8377,4.14666683554614
8378,4.14666683554614
8379,4.14666683554614
8380,4.14666683554614
8381,4.14666683554614
8382,4.14666683554614
8383,4.14666683554614
8384,4.14666683554614
8385,4.14666683554614
8386,4.14666683554614
8387,4.14666683554614
8388,4.14666683554614
8389,4.14666683554614
8390,4.14666683554614
8391,4.14666683554614
8392,4.14666683554614
8393,4.14666683554614
8394,4.14666683554614
8395,4.14666683554614
8396,4.14666683554614
8397,4.14666683554614
8398,4.14666683554614
8399,4.14666683554614
8400,4.14666683554614
8401,4.14666683554614
8402,4.14666683554614
8403,4.14666683554614
8404,4.14666683554614
8405,4.14666683554614
8406,4.14666683554614
8407,4.14666683554614
8408,4.14666683554614
8409,4.14666683554614
8410,4.14666683554614
8411,4.14666683554614
8412,4.14666683554614
8413,4.14666683554614
8414,4.14666683554614
8415,4.14666683554614
8416,4.14666683554614
8417,4.14666683554614
8418,4.14666683554614
8419,4.14666683554614
8420,4.14666683554614
8421,4.14666683554614
8422,4.14666683554614
8423,4.14666683554614
8424,4.14666683554614
8425,4.14666683554614
8426,4.14666683554614
8427,4.14666683554614
8428,4.14666683554614
8429,4.14666683554614
8430,4.14666683554614
8431,4.14666683554614
8432,4.14666683554614
8433,4.14666683554614
8434,4.14666683554614
8435,4.14666683554614
8436,4.14666683554614
8437,4.14666683554614
8438,4.14666683554614
8439,4.14666683554614
8440,4.14666683554614
8441,4.14666683554614
8442,4.14666683554614
8443,4.14666683554614
8444,4.14666683554614
8445,4.14666683554614
8446,4.14666683554614
8447,4.14666683554614
8448,4.14666683554614
8449,4.14666683554614
8450,4.14666683554614
8451,4.14666683554614
8452,4.14666683554614
8453,4.14666683554614
8454,4.14666683554614
8455,4.14666683554614
8456,4.14666683554614
8457,4.14666683554614
8458,4.14666683554614
8459,4.14666683554614
8460,4.14666683554614
8461,4.14666683554614
8462,4.14666683554614
8463,4.14666683554614
8464,4.14666683554614
8465,4.14666683554614
8466,4.14666683554614
8467,4.14666683554614
8468,4.14666683554614
8469,4.14666683554614
8470,4.14666683554614
8471,4.14666683554614
8472,4.14666683554614
8473,4.14666683554614
8474,4.14666683554614
8475,4.14666683554614
8476,4.14666683554614
8477,4.14666683554614
8478,4.14666683554614
8479,4.14666683554614
8480,4.14666683554614
8481,4.14666683554614
8482,4.14666683554614
8483,4.14666683554614
8484,4.14666683554614
8485,4.14666683554614
8486,4.14666683554614
8487,4.14666683554614
8488,4.14666683554614
8489,4.14666683554614
8490,4.14666683554614
8491,4.14666683554614
8492,4.14666683554614
8493,4.14666683554614
8494,4.14666683554614
8495,4.14666683554614
8496,4.14666683554614
8497,4.14666683554614
8498,4.14666683554614
8499,4.14666683554614
8500,4.14666683554614
8501,4.14666683554614
8502,4.14666683554614
8503,4.14666683554614
8504,4.14666683554614
8505,4.14666683554614
8506,4.14666683554614
8507,4.14666683554614
8508,4.14666683554614
8509,4.14666683554614
8510,4.14666683554614
8511,4.14666683554614
8512,4.14666683554614
8513,4.14666683554614
8514,4.14666683554614
8515,4.14666683554614
8516,4.14666683554614
8517,4.14666683554614
8518,4.14666683554614
8519,4.14666683554614
8520,4.14666683554614
8521,4.14666683554614
8522,4.14666683554614
8523,4.14666683554614
8524,4.14666683554614
8525,4.14666683554614
8526,4.14666683554614
8527,4.14666683554614
8528,4.14666683554614
8529,4.14666683554614
8530,4.14666683554614
8531,4.14666683554614
8532,4.14666683554614
8533,4.14666683554614
8534,4.14666683554614
8535,4.14666683554614
8536,4.14666683554614
8537,4.14666683554614
8538,4.14666683554614
8539,4.14666683554614
8540,4.14666683554614
8541,4.14666683554614
8542,4.14666683554614
8543,4.14666683554614
8544,4.14666683554614
8545,4.14666683554614
8546,4.14666683554614
8547,4.14666683554614
8548,4.14666683554614
8549,4.14666683554614
8550,4.14666683554614
8551,4.14666683554614
8552,4.14666683554614
8553,4.14666683554614
8554,4.14666683554614
8555,4.14666683554614
8556,4.14666683554614
8557,4.14666683554614
8558,4.14666683554614
8559,4.14666683554614
8560,4.14666683554614
8561,4.14666683554614
8562,4.14666683554614
8563,4.14666683554614
8564,4.14666683554614
8565,4.14666683554614
8566,4.14666683554614
8567,4.14666683554614
8568,4.14666683554614
8569,4.14666683554614
8570,4.14666683554614
8571,4.14666683554614
8572,3.9349724581005474
8573,3.9349724581005474
8574,3.9349724581005474
8575,3.9349724581005474
8576,3.9349724581005474
8577,3.9349724581005474
8578,3.9349724581005474
8579,3.9349724581005474
8580,3.9349724581005474
8581,3.9349724581005474
8582,3.9349724581005474
8583,3.9349724581005474
8584,3.9349724581005474
8585,3.9349724581005474
8586,3.9349724581005474
8587,3.9349724581005474
8588,3.9349724581005474
8589,3.9349724581005474
8590,3.9349724581005474
8591,3.9349724581005474
8592,3.9349724581005474
8593,3.9349724581005474
8594,3.9349724581005474
8595,3.9349724581005474
8596,3.9349724581005474
8597,3.9349724581005474
8598,3.9349724581005474
8599,3.9349724581005474
8600,3.9349724581005474
8601,3.9349724581005474
8602,3.9349724581005474
8603,3.9349724581005474
8604,3.9349724581005474
8605,3.9349724581005474
8606,3.9349724581005474
8607,3.9349724581005474
8608,3.9349724581005474
8609,3.9349724581005474
8610,3.9349724581005474
8611,3.9349724581005474
8612,3.9349724581005474
8613,3.9349724581005474
8614,3.9349724581005474
8615,3.9349724581005474
8616,3.9349724581005474
8617,3.9349724581005474
8618,3.9349724581005474
8619,3.9349724581005474
8620,3.9349724581005474
8621,3.9349724581005474
8622,3.9349724581005474
8623,3.9349724581005474
8624,3.9349724581005474
8625,3.9349724581005474
8626,3.9349724581005474
8627,3.9349724581005474
8628,3.9349724581005474
8629,3.9349724581005474
8630,3.9349724581005474
8631,3.9349724581005474
8632,3.9349724581005474
8633,3.9349724581005474
8634,3.9349724581005474
8635,3.9349724581005474
8636,3.9349724581005474
8637,3.9349724581005474
8638,3.9349724581005474
8639,3.9349724581005474
8640,3.9349724581005474
8641,3.9349724581005474
8642,3.9349724581005474
8643,3.9349724581005474
8644,3.9349724581005474
8645,3.9349724581005474
8646,3.9349724581005474
8647,3.9349724581005474
8648,3.9349724581005474
8649,3.9349724581005474
8650,3.9349724581005474
8651,3.9349724581005474
8652,3.9349724581005474
8653,3.9349724581005474
8654,3.9349724581005474
8655,3.9349724581005474
8656,3.9349724581005474
8657,3.9349724581005474
8658,3.9349724581005474
8659,3.9349724581005474
8660,3.9349724581005474
8661,3.9349724581005474
8662,3.9349724581005474
8663,3.9349724581005474
8664,3.9349724581005474
8665,3.9349724581005474
8666,3.9349724581005474
8667,3.9349724581005474
8668,3.9349724581005474
8669,3.9349724581005474
8670,3.9349724581005474
8671,3.9349724581005474
8672,3.9349724581005474
8673,3.9349724581005474
8674,3.9349724581005474
8675,3.9349724581005474
8676,3.9349724581005474
8677,3.9349724581005474
8678,3.9349724581005474
8679,3.9349724581005474
8680,3.9349724581005474
8681,3.9349724581005474
8682,3.9349724581005474
8683,3.9349724581005474
8684,3.9349724581005474
8685,3.9349724581005474
8686,3.9349724581005474
8687,3.9349724581005474
8688,3.9349724581005474
8689,3.9349724581005474
8690,3.9349724581005474
8691,3.9349724581005474
8692,3.9349724581005474
8693,3.9349724581005474
8694,3.9349724581005474
8695,3.9349724581005474
8696,3.9349724581005474
8697,3.9349724581005474
8698,3.9349724581005474
8699,3.9349724581005474
8700,3.9349724581005474
8701,3.9349724581005474
8702,3.9349724581005474
8703,3.9349724581005474
8704,3.9349724581005474
8705,3.9349724581005474
8706,3.9349724581005474
8707,3.9349724581005474
8708,3.9349724581005474
8709,3.9349724581005474
8710,3.9349724581005474
8711,3.9349724581005474
8712,3.9349724581005474
8713,3.9349724581005474
8714,3.9349724581005474
8715,3.9349724581005474
8716,3.9349724581005474
8717,3.9349724581005474
8718,3.9349724581005474
8719,3.9349724581005474
8720,3.9349724581005474
8721,3.9349724581005474
8722,3.9349724581005474
8723,3.9349724581005474
8724,3.9349724581005474
8725,3.9349724581005474
8726,3.9349724581005474
8727,3.9349724581005474
8728,3.9349724581005474
8729,3.9349724581005474
8730,3.9349724581005474
8731,3.9349724581005474
8732,3.9349724581005474
8733,3.9349724581005474
8734,3.9349724581005474
8735,3.9349724581005474
8736,3.9349724581005474
8737,3.9349724581005474
8738,3.9349724581005474
8739,3.9349724581005474
8740,3.9349724581005474
8741,3.9349724581005474
8742,3.9349724581005474
8743,3.9349724581005474
8744,3.9349724581005474
8745,3.9349724581005474
8746,3.9349724581005474
8747,3.9349724581005474
8748,3.9349724581005474
8749,3.9349724581005474
8750,3.9349724581005474
8751,3.9349724581005474
8752,3.9349724581005474
8753,3.9349724581005474
8754,3.9349724581005474
8755,3.9349724581005474
8756,3.9349724581005474
8757,3.9349724581005474
8758,3.9349724581005474
8759,3.9349724581005474
8760,3.9349724581005474
8761,3.9349724581005474
8762,3.9349724581005474
8763,3.9349724581005474
8764,3.9349724581005474
8765,3.9349724581005474
8766,3.9349724581005474
8767,3.9349724581005474
8768,3.9349724581005474
8769,3.9349724581005474
8770,3.9349724581005474
8771,3.9349724581005474
8772,3.9349724581005474
8773,3.9349724581005474
8774,3.9349724581005474
8775,3.9349724581005474
8776,3.9349724581005474
8777,3.9349724581005474
8778,3.9349724581005474
8779,3.9349724581005474
8780,3.9349724581005474
8781,3.9349724581005474
8782,3.9349724581005474
8783,3.9349724581005474
8784,3.9349724581005474
8785,3.9349724581005474
8786,3.9349724581005474
8787,3.9349724581005474
8788,3.9349724581005474
8789,3.9349724581005474
8790,3.9349724581005474
8791,3.9349724581005474
8792,3.9349724581005474
8793,3.9349724581005474
8794,3.9349724581005474
8795,3.9349724581005474
8796,3.9349724581005474
8797,3.9349724581005474
8798,3.9349724581005474
8799,3.9349724581005474
8800,3.9349724581005474
8801,3.9349724581005474
8802,3.9349724581005474
8803,3.9349724581005474
8804,3.9349724581005474
8805,3.9349724581005474
8806,3.9349724581005474
8807,3.9349724581005474
8808,3.9349724581005474
8809,3.9349724581005474
8810,3.9349724581005474
8811,3.9349724581005474
8812,3.9349724581005474
8813,3.9349724581005474
8814,3.9349724581005474
8815,3.9349724581005474
8816,3.9349724581005474
8817,3.9349724581005474
8818,3.9349724581005474
8819,3.9349724581005474
8820,3.9349724581005474
8821,3.9349724581005474
8822,3.9349724581005474
8823,3.9349724581005474
8824,3.9349724581005474
8825,3.9349724581005474
8826,3.9349724581005474
8827,3.9349724581005474
8828,3.9349724581005474
8829,3.9349724581005474
8830,3.9349724581005474
8831,3.9349724581005474
8832,3.9349724581005474
8833,3.9349724581005474
8834,3.9349724581005474
8835,3.9349724581005474
8836,3.9349724581005474
8837,3.9349724581005474
8838,3.9349724581005474
8839,3.9349724581005474
8840,3.9349724581005474
8841,3.9349724581005474
8842,3.9349724581005474
8843,3.9349724581005474
8844,3.9349724581005474
8845,3.9349724581005474
8846,3.9349724581005474
8847,3.9349724581005474
8848,3.9349724581005474
8849,3.9349724581005474
8850,3.9349724581005474
8851,3.9349724581005474
8852,3.9349724581005474
8853,3.9349724581005474
8854,3.9349724581005474
8855,3.9349724581005474
8856,3.9349724581005474
8857,3.9349724581005474
8858,3.9349724581005474
8859,3.9349724581005474
8860,3.9349724581005474
8861,3.9349724581005474
8862,3.9349724581005474
8863,3.9349724581005474
8864,3.9349724581005474
8865,3.9349724581005474
8866,3.9349724581005474
8867,3.9349724581005474
8868,3.9349724581005474
8869,3.9349724581005474
8870,3.9349724581005474
8871,3.9349724581005474
8872,3.9349724581005474
8873,3.9349724581005474
8874,3.9349724581005474
8875,3.9349724581005474
8876,3.9349724581005474
8877,3.9349724581005474
8878,3.9349724581005474
8879,3.9349724581005474
8880,3.9349724581005474
8881,3.9349724581005474
8882,3.9349724581005474
8883,3.9349724581005474
8884,3.9349724581005474
8885,3.9349724581005474
8886,3.9349724581005474
8887,3.9349724581005474
8888,3.9349724581005474
8889,3.9349724581005474
8890,3.9349724581005474
8891,3.9349724581005474
8892,3.9349724581005474
8893,3.9349724581005474
8894,3.9349724581005474
8895,3.9349724581005474
8896,3.9349724581005474
8897,3.9349724581005474
8898,3.9349724581005474
8899,3.9349724581005474
8900,3.9349724581005474
8901,3.9349724581005474
8902,3.9349724581005474
8903,3.9349724581005474
8904,3.9349724581005474
8905,3.9349724581005474
8906,3.9349724581005474
8907,3.9349724581005474
8908,3.9349724581005474
8909,3.9349724581005474
8910,3.9349724581005474
8911,3.9349724581005474
8912,3.9349724581005474
8913,3.9349724581005474
8914,3.9349724581005474
8915,3.9349724581005474
8916,3.9349724581005474
8917,3.9349724581005474
8918,3.9349724581005474
8919,3.9349724581005474
8920,3.9349724581005474
8921,3.9349724581005474
8922,3.9349724581005474
8923,3.9349724581005474
8924,3.9349724581005474
8925,3.9349724581005474
8926,3.9349724581005474
8927,3.9349724581005474
8928,3.9349724581005474
8929,3.9349724581005474
8930,3.9349724581005474
8931,3.9349724581005474
8932,3.9349724581005474
8933,3.9349724581005474
8934,3.9349724581005474
8935,3.9349724581005474
8936,3.9349724581005474
8937,3.9349724581005474
8938,3.9349724581005474
8939,3.9349724581005474
8940,3.9349724581005474
8941,3.9349724581005474
8942,3.9349724581005474
8943,3.9349724581005474
8944,3.9349724581005474
8945,3.9349724581005474
8946,3.9349724581005474
8947,3.9349724581005474
8948,3.9349724581005474
8949,3.9349724581005474
8950,3.9349724581005474
8951,3.9349724581005474
8952,3.9349724581005474
8953,3.9349724581005474
8954,3.9349724581005474
8955,3.9349724581005474
8956,3.9349724581005474
8957,3.9349724581005474
8958,3.9349724581005474
8959,3.9349724581005474
8960,3.9349724581005474
8961,3.9349724581005474
8962,3.9349724581005474
8963,3.9349724581005474
8964,3.9349724581005474
8965,3.9349724581005474
8966,3.9349724581005474
8967,3.9349724581005474
8968,3.9349724581005474
8969,3.9349724581005474
8970,3.9349724581005474
8971,3.9349724581005474
8972,3.9349724581005474
8973,3.9349724581005474
8974,3.9349724581005474
8975,3.9349724581005474
8976,3.9349724581005474
8977,3.9349724581005474
8978,3.9349724581005474
8979,3.9349724581005474
8980,3.9349724581005474
8981,3.9349724581005474
8982,3.9349724581005474
8983,3.9349724581005474
8984,3.9349724581005474
8985,3.9349724581005474
8986,3.9349724581005474
8987,3.9349724581005474
8988,3.9349724581005474
8989,3.9349724581005474
8990,3.9349724581005474
8991,3.9349724581005474
8992,3.9349724581005474
8993,3.9349724581005474
8994,3.9349724581005474
8995,3.9349724581005474
8996,3.9349724581005474
8997,3.9349724581005474
8998,3.9349724581005474
8999,3.9349724581005474
9000,3.9349724581005474
9001,3.9349724581005474
9002,3.9349724581005474
9003,3.9349724581005474
9004,3.9349724581005474
9005,3.9349724581005474
9006,3.9349724581005474
9007,3.9349724581005474
9008,3.9349724581005474
9009,3.9349724581005474
9010,3.9349724581005474
9011,3.9349724581005474
9012,3.9349724581005474
9013,3.9349724581005474
9014,3.9349724581005474
9015,3.9349724581005474
9016,3.9349724581005474
9017,3.9349724581005474
9018,3.9349724581005474
9019,3.9349724581005474
9020,3.9349724581005474
9021,3.9349724581005474
9022,3.9349724581005474
9023,3.9349724581005474
9024,3.9349724581005474
9025,3.9349724581005474
9026,3.9349724581005474
9027,3.9349724581005474
9028,3.9349724581005474
9029,3.9349724581005474
9030,3.9349724581005474
9031,3.9349724581005474
9032,3.9349724581005474
9033,3.9349724581005474
9034,3.9349724581005474
9035,3.9349724581005474
9036,3.9349724581005474
9037,3.9349724581005474
9038,3.9349724581005474
9039,3.9349724581005474
9040,3.9349724581005474
9041,3.9349724581005474
9042,3.9349724581005474
9043,3.9349724581005474
9044,3.9349724581005474
9045,3.9349724581005474
9046,3.9349724581005474
9047,3.9349724581005474
9048,3.9349724581005474
9049,3.9349724581005474
9050,3.9349724581005474
9051,3.9349724581005474
9052,3.9349724581005474
9053,3.9349724581005474
9054,3.9349724581005474
9055,3.9349724581005474
9056,3.9349724581005474
9057,3.9349724581005474
9058,3.9349724581005474
9059,3.9349724581005474
9060,3.9349724581005474
9061,3.9349724581005474
9062,3.9349724581005474
9063,3.9349724581005474
9064,3.9349724581005474
9065,3.9349724581005474
9066,3.9349724581005474
9067,3.9349724581005474
9068,3.9349724581005474
9069,3.9349724581005474
9070,3.9349724581005474
9071,3.9349724581005474
9072,3.9349724581005474
9073,3.9349724581005474
9074,3.9349724581005474
9075,3.9349724581005474
9076,3.9349724581005474
9077,3.9349724581005474
9078,3.9349724581005474
9079,3.9349724581005474
9080,3.9349724581005474
9081,3.9349724581005474
9082,3.9349724581005474
9083,3.9349724581005474
9084,3.9349724581005474
9085,3.9349724581005474
9086,3.9349724581005474
9087,3.9349724581005474
9088,3.9349724581005474
9089,3.9349724581005474
9090,3.9349724581005474
9091,3.9349724581005474
9092,3.9349724581005474
9093,3.9349724581005474
9094,3.9349724581005474
9095,3.9349724581005474
9096,3.9349724581005474
9097,3.9349724581005474
9098,3.9349724581005474
9099,3.9349724581005474
9100,3.9349724581005474
9101,3.9349724581005474
9102,3.9349724581005474
9103,3.9349724581005474
9104,3.9349724581005474
9105,3.9349724581005474
9106,3.9349724581005474
9107,3.9349724581005474
9108,3.9349724581005474
9109,3.9349724581005474
9110,3.9349724581005474
9111,3.9349724581005474
9112,3.9349724581005474
9113,3.9349724581005474
9114,3.9349724581005474
9115,3.9349724581005474
9116,3.9349724581005474
9117,3.9349724581005474
9118,3.9349724581005474
9119,3.9349724581005474
9120,3.9349724581005474
9121,3.9349724581005474
9122,3.9349724581005474
9123,3.9349724581005474
9124,3.9349724581005474
9125,3.9349724581005474
9126,3.9349724581005474
9127,3.9349724581005474
9128,3.9349724581005474
9129,3.9349724581005474
9130,3.9349724581005474
9131,3.9349724581005474
9132,3.9349724581005474
9133,3.9349724581005474
9134,3.9349724581005474
9135,3.9349724581005474
9136,3.9349724581005474
9137,3.9349724581005474
9138,3.9349724581005474
9139,3.9349724581005474
9140,3.9349724581005474
9141,3.9349724581005474
9142,3.9349724581005474
9143,3.9349724581005474
9144,3.9349724581005474
9145,3.9349724581005474
9146,3.9349724581005474
9147,3.9349724581005474
9148,3.9349724581005474
9149,3.9349724581005474
9150,3.9349724581005474
9151,3.9349724581005474
9152,3.9349724581005474
9153,3.9349724581005474
9154,3.9349724581005474
9155,3.9349724581005474
9156,3.9349724581005474
9157,3.9349724581005474
9158,3.9349724581005474
9159,3.9349724581005474
9160,3.9349724581005474
9161,3.9349724581005474
9162,3.9349724581005474
9163,3.9349724581005474
9164,3.9349724581005474
9165,3.9349724581005474
9166,3.9349724581005474
9167,3.9349724581005474
9168,3.9349724581005474
9169,3.9349724581005474
9170,3.9349724581005474
9171,3.9349724581005474
9172,3.9349724581005474
9173,3.9349724581005474
9174,3.9349724581005474
9175,3.9349724581005474
9176,3.9349724581005474
9177,3.9349724581005474
9178,3.9349724581005474
9179,3.9349724581005474
9180,3.9349724581005474
9181,3.9349724581005474
9182,3.9349724581005474
9183,3.9349724581005474
9184,3.9349724581005474
9185,3.9349724581005474
9186,3.9349724581005474
9187,3.9349724581005474
9188,3.9349724581005474
9189,3.9349724581005474
9190,3.9349724581005474
9191,3.9349724581005474
9192,3.9349724581005474
9193,3.9349724581005474
9194,3.9349724581005474
9195,3.9349724581005474
9196,3.9349724581005474
9197,3.9349724581005474
9198,3.9349724581005474
9199,3.9349724581005474
9200,3.9349724581005474
9201,3.9349724581005474
9202,3.9349724581005474
9203,3.9349724581005474
9204,3.9349724581005474
9205,3.9349724581005474
9206,3.9349724581005474
9207,3.9349724581005474
9208,3.9349724581005474
9209,3.9349724581005474
9210,3.9349724581005474
9211,3.9349724581005474
9212,3.9349724581005474
9213,3.9349724581005474
9214,3.9349724581005474
9215,3.9349724581005474
9216,3.9349724581005474
9217,3.9349724581005474
9218,3.9349724581005474
9219,3.9349724581005474
9220,3.9349724581005474
9221,3.9349724581005474
9222,3.9349724581005474
9223,3.9349724581005474
9224,3.9349724581005474
9225,3.9349724581005474
9226,3.9349724581005474
9227,3.9349724581005474
9228,3.9349724581005474
9229,3.9349724581005474
9230,3.9349724581005474
9231,3.9349724581005474
9232,3.9349724581005474
9233,3.9349724581005474
9234,3.9349724581005474
9235,3.9349724581005474
9236,3.9349724581005474
9237,3.9349724581005474
9238,3.9349724581005474
9239,3.9349724581005474
9240,3.9349724581005474
9241,3.9349724581005474
9242,3.9349724581005474
9243,3.9349724581005474
9244,3.9349724581005474
9245,3.9349724581005474
9246,3.9349724581005474
9247,3.9349724581005474
9248,3.9349724581005474
9249,3.9349724581005474
9250,3.9349724581005474
9251,3.9349724581005474
9252,3.9349724581005474
9253,3.9349724581005474
9254,3.9349724581005474
9255,3.9349724581005474
9256,3.9349724581005474
9257,3.9349724581005474
9258,3.9349724581005474
9259,3.9349724581005474
9260,3.9349724581005474
9261,3.9349724581005474
9262,3.9349724581005474
9263,3.9349724581005474
9264,3.9349724581005474
9265,3.9349724581005474
9266,3.9349724581005474
9267,3.9349724581005474
9268,3.9349724581005474
9269,3.9349724581005474
9270,3.9349724581005474
9271,3.9349724581005474
9272,3.9349724581005474
9273,3.9349724581005474
9274,3.9349724581005474
9275,3.9349724581005474
9276,3.9349724581005474
9277,3.9349724581005474
9278,3.9349724581005474
9279,3.9349724581005474
9280,3.9349724581005474
9281,3.9349724581005474
9282,3.9349724581005474
9283,3.9349724581005474
9284,3.9349724581005474
9285,3.9349724581005474
9286,3.9349724581005474
9287,3.9349724581005474
9288,3.9349724581005474
9289,3.9349724581005474
9290,3.9349724581005474
9291,3.9349724581005474
9292,3.9349724581005474
9293,3.9349724581005474
9294,3.9349724581005474
9295,3.9349724581005474
9296,3.9349724581005474
9297,3.9349724581005474
9298,3.9349724581005474
9299,3.9349724581005474
9300,3.9349724581005474
9301,3.9349724581005474
9302,3.9349724581005474
9303,3.9349724581005474
9304,3.9349724581005474
9305,3.9349724581005474
9306,3.9349724581005474
9307,3.9349724581005474
9308,3.9349724581005474
9309,3.9349724581005474
9310,3.9349724581005474
9311,3.9349724581005474
9312,3.9349724581005474
9313,3.9349724581005474
9314,3.9349724581005474
9315,3.9349724581005474
9316,3.9349724581005474
9317,3.9349724581005474
9318,3.9349724581005474
9319,3.9349724581005474
9320,3.9349724581005474
9321,3.9349724581005474
9322,3.9349724581005474
9323,3.9349724581005474
9324,3.9349724581005474
9325,3.9349724581005474
9326,3.9349724581005474
9327,3.9349724581005474
9328,3.9349724581005474
9329,3.9349724581005474
9330,3.9349724581005474
9331,3.9349724581005474
9332,3.9349724581005474
9333,3.9349724581005474
9334,3.9349724581005474
9335,3.9349724581005474
9336,3.9349724581005474
9337,3.9349724581005474
9338,3.9349724581005474
9339,3.9349724581005474
9340,3.9349724581005474
9341,3.9349724581005474
9342,3.9349724581005474
9343,3.9349724581005474
9344,3.9349724581005474
9345,3.9349724581005474
9346,3.9349724581005474
9347,3.9349724581005474
9348,3.9349724581005474
9349,3.9349724581005474
9350,3.9349724581005474
9351,3.9349724581005474
9352,3.9349724581005474
9353,3.9349724581005474
9354,3.9349724581005474
9355,3.9349724581005474
9356,3.9349724581005474
9357,3.9349724581005474
9358,3.9349724581005474
9359,3.9349724581005474
9360,3.9349724581005474
9361,3.9349724581005474
9362,3.9349724581005474
9363,3.9349724581005474
9364,3.9349724581005474
9365,3.9349724581005474
9366,3.9349724581005474
9367,3.9349724581005474
9368,3.9349724581005474
9369,3.9349724581005474
9370,3.9349724581005474
9371,3.9349724581005474
9372,3.9349724581005474
9373,3.9349724581005474
9374,3.9349724581005474
9375,3.9349724581005474
9376,3.9349724581005474
9377,3.9349724581005474
9378,3.9349724581005474
9379,3.9349724581005474
9380,3.9349724581005474
9381,3.9349724581005474
9382,3.9349724581005474
9383,3.9349724581005474
9384,3.9349724581005474
9385,3.9349724581005474
9386,3.9349724581005474
9387,3.9349724581005474
9388,3.9349724581005474
9389,3.9349724581005474
9390,3.9349724581005474
9391,3.9349724581005474
9392,3.9349724581005474
9393,3.9349724581005474
9394,3.9349724581005474
9395,3.9349724581005474
9396,3.9349724581005474
9397,3.9349724581005474
9398,3.9349724581005474
9399,3.9349724581005474
9400,3.9349724581005474
9401,3.9349724581005474
9402,3.9349724581005474
9403,3.9349724581005474
9404,3.9349724581005474
9405,3.9349724581005474
9406,3.9349724581005474
9407,3.9349724581005474
9408,3.9349724581005474
9409,3.9349724581005474
9410,3.9349724581005474
9411,3.9349724581005474
9412,3.9349724581005474
9413,3.9349724581005474
9414,3.9349724581005474
9415,3.9349724581005474
9416,3.9349724581005474
9417,3.9349724581005474
9418,3.9349724581005474
9419,3.9349724581005474
9420,3.9349724581005474
9421,3.9349724581005474
9422,3.9349724581005474
9423,3.9349724581005474
9424,3.9349724581005474
9425,3.9349724581005474
9426,3.9349724581005474
9427,3.9349724581005474
9428,3.9349724581005474
9429,3.9349724581005474
9430,3.9349724581005474
9431,3.9349724581005474
9432,3.9349724581005474
9433,3.9349724581005474
9434,3.9349724581005474
9435,3.9349724581005474
9436,3.9349724581005474
9437,3.9349724581005474
9438,3.9349724581005474
9439,3.9349724581005474
9440,3.9349724581005474
9441,3.9349724581005474
9442,3.9349724581005474
9443,3.9349724581005474
9444,3.9349724581005474
9445,3.9349724581005474
9446,3.9349724581005474
9447,3.9349724581005474
9448,3.9349724581005474
9449,3.9349724581005474
9450,3.9349724581005474
9451,3.9349724581005474
9452,3.9349724581005474
9453,3.9349724581005474
9454,3.9349724581005474
9455,3.9349724581005474
9456,3.9349724581005474
9457,3.9349724581005474
9458,3.9349724581005474
9459,3.9349724581005474
9460,3.9349724581005474
9461,3.9349724581005474
9462,3.9349724581005474
9463,3.9349724581005474
9464,3.9349724581005474
9465,3.9349724581005474
9466,3.9349724581005474
9467,3.9349724581005474
9468,3.9349724581005474
9469,3.9349724581005474
9470,3.9349724581005474
9471,3.9349724581005474
9472,3.9349724581005474
9473,3.9349724581005474
9474,3.9349724581005474
9475,3.9349724581005474
9476,3.9349724581005474
9477,3.9349724581005474
9478,3.9349724581005474
9479,3.9349724581005474
9480,3.9349724581005474
9481,3.9349724581005474
9482,3.9349724581005474
9483,3.9349724581005474
9484,3.9349724581005474
9485,3.9349724581005474
9486,3.9349724581005474
9487,3.9349724581005474
9488,3.9349724581005474
9489,3.9349724581005474
9490,3.9349724581005474
9491,3.9349724581005474
9492,3.9349724581005474
9493,3.9349724581005474
9494,3.9349724581005474
9495,3.9349724581005474
9496,3.9349724581005474
9497,3.9349724581005474
9498,3.9349724581005474
9499,3.9349724581005474
9500,3.9349724581005474
9501,3.9349724581005474
9502,3.9349724581005474
9503,3.9349724581005474
9504,3.9349724581005474
9505,3.9349724581005474
9506,3.9349724581005474
9507,3.9349724581005474
9508,3.9349724581005474
9509,3.9349724581005474
9510,3.9349724581005474
9511,3.9349724581005474
9512,3.9349724581005474
9513,3.9349724581005474
9514,3.9349724581005474
9515,3.9349724581005474
9516,3.9349724581005474
9517,3.9349724581005474
9518,3.9349724581005474
9519,3.9349724581005474
9520,3.9349724581005474
9521,3.9349724581005474
9522,3.9349724581005474
9523,3.9349724581005474
9524,3.9349724581005474
9525,3.9349724581005474
9526,3.9349724581005474
9527,3.9349724581005474
9528,3.9349724581005474
9529,3.9349724581005474
9530,3.9349724581005474
9531,3.9349724581005474
9532,3.9349724581005474
9533,3.9349724581005474
9534,3.9349724581005474
9535,3.9349724581005474
9536,3.9349724581005474
9537,3.9349724581005474
9538,3.9349724581005474
9539,3.9349724581005474
9540,3.9349724581005474
9541,3.9349724581005474
9542,3.9349724581005474
9543,3.9349724581005474
9544,3.9349724581005474
9545,3.9349724581005474
9546,3.9349724581005474
9547,3.9349724581005474
9548,3.9349724581005474
9549,3.9349724581005474
9550,3.9349724581005474
9551,3.9349724581005474
9552,3.9349724581005474
9553,3.9349724581005474
9554,3.9349724581005474
9555,3.9349724581005474
9556,3.9349724581005474
9557,3.9349724581005474
9558,3.9349724581005474
9559,3.9349724581005474
9560,3.9349724581005474
9561,3.9349724581005474
9562,3.9349724581005474
9563,3.9349724581005474
9564,3.9349724581005474
9565,3.9349724581005474
9566,3.9349724581005474
9567,3.9349724581005474
9568,3.9349724581005474
9569,3.9349724581005474
9570,3.9349724581005474
9571,3.9349724581005474
9572,3.9349724581005474
9573,3.9349724581005474
9574,3.9349724581005474
9575,3.9349724581005474
9576,3.9349724581005474
9577,3.9349724581005474
9578,3.9349724581005474
9579,3.9349724581005474
9580,3.9349724581005474
9581,3.9349724581005474
9582,3.9349724581005474
9583,3.9349724581005474
9584,3.9349724581005474
9585,3.9349724581005474
9586,3.9349724581005474
9587,3.9349724581005474
9588,3.9349724581005474
9589,3.9349724581005474
9590,3.9349724581005474
9591,3.9349724581005474
9592,3.9349724581005474
9593,3.9349724581005474
9594,3.9349724581005474
9595,3.9349724581005474
9596,3.9349724581005474
9597,3.9349724581005474
9598,3.9349724581005474
9599,3.9349724581005474
9600,3.9349724581005474
9601,3.9349724581005474
9602,3.9349724581005474
9603,3.9349724581005474
9604,3.9349724581005474
9605,3.9349724581005474
9606,3.9349724581005474
9607,3.9349724581005474
9608,3.9349724581005474
9609,3.9349724581005474
9610,3.9349724581005474
9611,3.9349724581005474
9612,3.9349724581005474
9613,3.9349724581005474
9614,3.9349724581005474
9615,3.9349724581005474
9616,3.9349724581005474
9617,3.9349724581005474
9618,3.9349724581005474
9619,3.9349724581005474
9620,3.9349724581005474
9621,3.9349724581005474
9622,3.9349724581005474
9623,3.9349724581005474
9624,3.9349724581005474
9625,3.9349724581005474
9626,3.9349724581005474
9627,3.9349724581005474
9628,3.9349724581005474
9629,3.9349724581005474
9630,3.9349724581005474
9631,3.9349724581005474
9632,3.9349724581005474
9633,3.9349724581005474
9634,3.9349724581005474
9635,3.9349724581005474
9636,3.9349724581005474
9637,3.9349724581005474
9638,3.9349724581005474
9639,3.9349724581005474
9640,3.9349724581005474
9641,3.9349724581005474
9642,3.9349724581005474
9643,3.9349724581005474
9644,3.9349724581005474
9645,3.9349724581005474
9646,3.9349724581005474
9647,3.9349724581005474
9648,3.9349724581005474
9649,3.9349724581005474
9650,3.9349724581005474
9651,3.9349724581005474
9652,3.9349724581005474
9653,3.9349724581005474
9654,3.9349724581005474
9655,3.9349724581005474
9656,3.9349724581005474
9657,3.9349724581005474
9658,3.9349724581005474
9659,3.9349724581005474
9660,3.9349724581005474
9661,3.9349724581005474
9662,3.9349724581005474
9663,3.9349724581005474
9664,3.9349724581005474
9665,3.9349724581005474
9666,3.9349724581005474
9667,3.9349724581005474
9668,3.9349724581005474
9669,3.9349724581005474
9670,3.9349724581005474
9671,3.9349724581005474
9672,3.9349724581005474
9673,3.9349724581005474
9674,3.9349724581005474
9675,3.9349724581005474
9676,3.9349724581005474
9677,3.9349724581005474
9678,3.9349724581005474
9679,3.9349724581005474
9680,3.9349724581005474
9681,3.9349724581005474
9682,3.9349724581005474
9683,3.9349724581005474
9684,3.9349724581005474
9685,3.9349724581005474
9686,3.9349724581005474
9687,3.9349724581005474
9688,3.9349724581005474
9689,3.9349724581005474
9690,3.9349724581005474
9691,3.9349724581005474
9692,3.9349724581005474
9693,3.9349724581005474
9694,3.9349724581005474
9695,3.9349724581005474
9696,3.9349724581005474
9697,3.9349724581005474
9698,3.9349724581005474
9699,3.9349724581005474
9700,3.9349724581005474
9701,3.9349724581005474
9702,3.9349724581005474
9703,3.9349724581005474
9704,3.9349724581005474
9705,3.9349724581005474
9706,3.9349724581005474
9707,3.9349724581005474
9708,3.9349724581005474
9709,3.9349724581005474
9710,3.9349724581005474
9711,3.9349724581005474
9712,3.9349724581005474
9713,3.9349724581005474
9714,3.9349724581005474
9715,3.9349724581005474
9716,3.9349724581005474
9717,3.9349724581005474
9718,3.9349724581005474
9719,3.9349724581005474
9720,3.9349724581005474
9721,3.9349724581005474
9722,3.9349724581005474
9723,3.9349724581005474
9724,3.9349724581005474
9725,3.9349724581005474
9726,3.9349724581005474
9727,3.9349724581005474
9728,3.9349724581005474
9729,3.9349724581005474
9730,3.9349724581005474
9731,3.9349724581005474
9732,3.9349724581005474
9733,3.9349724581005474
9734,3.9349724581005474
9735,3.9349724581005474
9736,3.9349724581005474
9737,3.9349724581005474
9738,3.9349724581005474
9739,3.9349724581005474
9740,3.9349724581005474
9741,3.9349724581005474
9742,3.9349724581005474
9743,3.9349724581005474
9744,3.9349724581005474
9745,3.9349724581005474
9746,3.9349724581005474
9747,3.9349724581005474
9748,3.9349724581005474
9749,3.9349724581005474
9750,3.9349724581005474
9751,3.9349724581005474
9752,3.9349724581005474
9753,3.9349724581005474
9754,3.9349724581005474
9755,3.9349724581005474
9756,3.9349724581005474
9757,3.9349724581005474
9758,3.9349724581005474
9759,3.9349724581005474
9760,3.9349724581005474
9761,3.9349724581005474
9762,3.9349724581005474
9763,3.9349724581005474
9764,3.9349724581005474
9765,3.9349724581005474
9766,3.9349724581005474
9767,3.9349724581005474
9768,3.9349724581005474
9769,3.9349724581005474
9770,3.9349724581005474
9771,3.9349724581005474
9772,3.9349724581005474
9773,3.9349724581005474
9774,3.9349724581005474
9775,3.9349724581005474
9776,3.9349724581005474
9777,3.9349724581005474
9778,3.9349724581005474
9779,3.9349724581005474
9780,3.9349724581005474
9781,3.9349724581005474
9782,3.9349724581005474
9783,3.9349724581005474
9784,3.9349724581005474
9785,3.9349724581005474
9786,3.9349724581005474
9787,3.9349724581005474
9788,3.9349724581005474
9789,3.9349724581005474
9790,3.9349724581005474
9791,3.9349724581005474
9792,3.9349724581005474
9793,3.9349724581005474
9794,3.9349724581005474
9795,3.9349724581005474
9796,3.9349724581005474
9797,3.9349724581005474
9798,3.9349724581005474
9799,3.9349724581005474
9800,3.9349724581005474
9801,3.9349724581005474
9802,3.9349724581005474
9803,3.9349724581005474
9804,3.9349724581005474
9805,3.9349724581005474
9806,3.9349724581005474
9807,3.9349724581005474
9808,3.9349724581005474
9809,3.9349724581005474
9810,3.9349724581005474
9811,3.9349724581005474
9812,3.9349724581005474
9813,3.9349724581005474
9814,3.9349724581005474
9815,3.9349724581005474
9816,3.9349724581005474
9817,3.9349724581005474
9818,3.9349724581005474
9819,3.9349724581005474
9820,3.9349724581005474
9821,3.9349724581005474
9822,3.9349724581005474
9823,3.9349724581005474
9824,3.9349724581005474
9825,3.9349724581005474
9826,3.9349724581005474
9827,3.9349724581005474
9828,3.9349724581005474
9829,3.9349724581005474
9830,3.9349724581005474
9831,3.9349724581005474
9832,3.9349724581005474
9833,3.9349724581005474
9834,3.9349724581005474
9835,3.9349724581005474
9836,3.9349724581005474
9837,3.9349724581005474
9838,3.9349724581005474
9839,3.9349724581005474
9840,3.9349724581005474
9841,3.9349724581005474
9842,3.9349724581005474
9843,3.9349724581005474
9844,3.9349724581005474
9845,3.9349724581005474
9846,3.9349724581005474
9847,3.9349724581005474
9848,3.9349724581005474
9849,3.9349724581005474
9850,3.9349724581005474
9851,3.9349724581005474
9852,3.9349724581005474
9853,3.9349724581005474
9854,3.9349724581005474
9855,3.9349724581005474
9856,3.9349724581005474
9857,3.9349724581005474
9858,3.9349724581005474
9859,3.9349724581005474
9860,3.9349724581005474
9861,3.9349724581005474
9862,3.9349724581005474
9863,3.9349724581005474
9864,3.9349724581005474
9865,3.9349724581005474
9866,3.9349724581005474
9867,3.9349724581005474
9868,3.9349724581005474
9869,3.9349724581005474
9870,3.9349724581005474
9871,3.9349724581005474
9872,3.9349724581005474
9873,3.9349724581005474
9874,3.9349724581005474
9875,3.9349724581005474
9876,3.9349724581005474
9877,3.9349724581005474
9878,3.9349724581005474
9879,3.9349724581005474
9880,3.9349724581005474
9881,3.9349724581005474
9882,3.9349724581005474
9883,3.9349724581005474
9884,3.9349724581005474
9885,3.9349724581005474
9886,3.9349724581005474
9887,3.9349724581005474
9888,3.9349724581005474
9889,3.9349724581005474
9890,3.9349724581005474
9891,3.9349724581005474
9892,3.9349724581005474
9893,3.9349724581005474
9894,3.9349724581005474
9895,3.9349724581005474
9896,3.9349724581005474
9897,3.9349724581005474
9898,3.9349724581005474
9899,3.9349724581005474
9900,3.9349724581005474
9901,3.9349724581005474
9902,3.9349724581005474
9903,3.9349724581005474
9904,3.9349724581005474
9905,3.9349724581005474
9906,3.9349724581005474
9907,3.9349724581005474
9908,3.9349724581005474
9909,3.9349724581005474
9910,3.9349724581005474
9911,3.9349724581005474
9912,3.9349724581005474
9913,3.9349724581005474
9914,3.9349724581005474
9915,3.9349724581005474
9916,3.9349724581005474
9917,3.9349724581005474
9918,3.9349724581005474
9919,3.9349724581005474
9920,3.9349724581005474
9921,3.9349724581005474
9922,3.9349724581005474
9923,3.9349724581005474
9924,3.9349724581005474
9925,3.9349724581005474
9926,3.9349724581005474
9927,3.9349724581005474
9928,3.9349724581005474
9929,3.9349724581005474
9930,3.9349724581005474
9931,3.9349724581005474
9932,3.9349724581005474
9933,3.9349724581005474
9934,3.9349724581005474
9935,3.9349724581005474
9936,3.9349724581005474
9937,3.9349724581005474
9938,3.9349724581005474
9939,3.9349724581005474
9940,3.9349724581005474
9941,3.9349724581005474
9942,3.9349724581005474
9943,3.9349724581005474
9944,3.9349724581005474
9945,3.9349724581005474
9946,3.9349724581005474
9947,3.9349724581005474
9948,3.9349724581005474
9949,3.9349724581005474
9950,3.9349724581005474
9951,3.9349724581005474
9952,3.9349724581005474
9953,3.9349724581005474
9954,3.9349724581005474
9955,3.9349724581005474
9956,3.9349724581005474
9957,3.9349724581005474
9958,3.9349724581005474
9959,3.9349724581005474
9960,3.9349724581005474
9961,3.9349724581005474
9962,3.9349724581005474
9963,3.9349724581005474
9964,3.9349724581005474
9965,3.9349724581005474
9966,3.9349724581005474
9967,3.9349724581005474
9968,3.9349724581005474
9969,3.9349724581005474
9970,3.9349724581005474
9971,3.9349724581005474
9972,3.9349724581005474
9973,3.9349724581005474
9974,3.9349724581005474
9975,3.9349724581005474
9976,3.9349724581005474
9977,3.9349724581005474
9978,3.9349724581005474
9979,3.9349724581005474
9980,3.9349724581005474
9981,3.9349724581005474
9982,3.9349724581005474
9983,3.9349724581005474
9984,3.9349724581005474
9985,3.9349724581005474
9986,3.9349724581005474
9987,3.9349724581005474
9988,3.9349724581005474
9989,3.9349724581005474
9990,3.9349724581005474
9991,3.9349724581005474
9992,3.9349724581005474
9993,3.9349724581005474
9994,3.9349724581005474
9995,3.9349724581005474
9996,3.9349724581005474
9997,3.9349724581005474
9998,3.9349724581005474
9999,3.9349724581005474
10000,3.9349724581005474
