iteration,best_loss
0,127.92001611121387
1,127.92001611121387
2,127.92001611121387
3,127.92001611121387
4,77.761825726269
5,10.94175736983485
6,10.94175736983485
7,10.94175736983485
8,10.94175736983485
9,10.94175736983485
10,10.94175736983485
11,10.94175736983485
12,10.94175736983485
13,10.644843012913247
14,9.218351075366028
15,9.218351075366028
16,9.218351075366028
17,9.218351075366028
18,9.218351075366028
19,9.218351075366028
20,9.218351075366028
21,9.218351075366028
22,9.218351075366028
23,9.218351075366028
24,9.218351075366028
25,9.218351075366028
26,9.218351075366028
27,9.218351075366028
28,9.218351075366028
29,9.218351075366028
30,9.218351075366028
31,9.218351075366028
32,9.218351075366028
33,9.218351075366028
34,9.218351075366028
35,9.218351075366028
36,9.218351075366028
37,9.218351075366028
38,9.218351075366028
39,9.218351075366028
40,9.218351075366028
41,9.218351075366028
42,9.218351075366028
43,9.218351075366028
44,9.218351075366028
45,9.218351075366028
46,9.218351075366028
47,9.218351075366028
48,9.218351075366028
49,9.218351075366028
50,9.218351075366028
51,9.218351075366028
52,9.218351075366028
53,9.218351075366028
54,9.218351075366028
55,9.218351075366028
56,9.218351075366028
57,9.218351075366028
58,9.218351075366028
59,9.218351075366028
60,9.218351075366028
61,9.218351075366028
62,9.218351075366028
63,9.218351075366028
64,7.740188483529377
65,7.740188483529377
66,7.740188483529377
67,7.740188483529377
68,7.740188483529377
69,7.740188483529377
70,7.740188483529377
71,7.740188483529377
72,7.740188483529377
73,7.740188483529377
74,6.157822359153584
75,6.157822359153584
76,6.157822359153584
77,6.157822359153584
78,6.157822359153584
79,6.157822359153584
80,6.157822359153584
81,6.157822359153584
82,6.157822359153584
83,6.157822359153584
84,6.157822359153584
85,6.157822359153584
86,6.157822359153584
87,6.157822359153584
88,6.157822359153584
89,6.157822359153584
90,6.157822359153584
91,6.157822359153584
92,6.157822359153584
93,6.157822359153584
94,6.157822359153584
95,6.157822359153584
96,6.157822359153584
97,6.157822359153584
98,6.157822359153584
99,5.017879427306677
100,5.017879427306677
101,5.017879427306677
102,5.017879427306677
103,5.017879427306677
104,5.017879427306677
105,5.017879427306677
106,5.017879427306677
107,4.919947538023406
108,4.919947538023406
109,4.919947538023406
110,4.919947538023406
111,4.919947538023406
112,4.919947538023406
113,4.919947538023406
114,4.919947538023406
115,4.919947538023406
116,4.919947538023406
117,4.919947538023406
118,4.919947538023406
119,4.919947538023406
120,4.919947538023406
121,4.919947538023406
122,4.919947538023406
123,4.919947538023406
124,4.919947538023406
125,4.919947538023406
126,4.919947538023406
127,4.919947538023406
128,4.919947538023406
129,4.919947538023406
130,4.919947538023406
131,4.919947538023406
132,4.919947538023406
133,4.919947538023406
134,4.919947538023406
135,4.919947538023406
136,4.919947538023406
137,4.919947538023406
138,4.919947538023406
139,4.919947538023406
140,4.919947538023406
141,4.919947538023406
142,4.919947538023406
143,4.919947538023406
144,4.919947538023406
145,4.919947538023406
146,4.919947538023406
147,4.919947538023406
148,4.919947538023406
149,4.919947538023406
150,4.919947538023406
151,4.919947538023406
152,4.919947538023406
153,4.919947538023406
154,4.919947538023406
155,4.919947538023406
156,4.919947538023406
157,4.919947538023406
158,4.919947538023406
159,4.919947538023406
160,4.919947538023406
161,4.919947538023406
162,4.919947538023406
163,4.919947538023406
164,4.919947538023406
165,4.919947538023406
166,4.919947538023406
167,4.919947538023406
168,4.919947538023406
169,4.919947538023406
170,4.919947538023406
171,4.919947538023406
172,4.919947538023406
173,4.919947538023406
174,4.919947538023406
175,4.919947538023406
176,4.919947538023406
177,4.919947538023406
178,4.919947538023406
179,4.919947538023406
180,4.919947538023406
181,4.919947538023406
182,4.919947538023406
183,4.919947538023406
184,4.919947538023406
185,4.919947538023406
186,4.919947538023406
187,4.919947538023406
188,4.919947538023406
189,4.919947538023406
190,4.919947538023406
191,4.919947538023406
192,4.919947538023406
193,4.919947538023406
194,4.919947538023406
195,4.919947538023406
196,4.919947538023406
197,4.723568225953819
198,4.723568225953819
199,4.723568225953819
200,4.723568225953819
201,4.723568225953819
202,4.723568225953819
203,4.723568225953819
204,4.723568225953819
205,4.723568225953819
206,4.723568225953819
207,4.723568225953819
208,4.723568225953819
209,4.723568225953819
210,4.723568225953819
211,4.723568225953819
212,4.723568225953819
213,4.723568225953819
214,4.723568225953819
215,4.723568225953819
216,4.723568225953819
217,4.723568225953819
218,4.723568225953819
219,4.723568225953819
220,4.723568225953819
221,4.723568225953819
222,4.723568225953819
223,4.723568225953819
224,4.723568225953819
225,4.723568225953819
226,4.723568225953819
227,4.723568225953819
228,4.723568225953819
229,4.723568225953819
230,4.723568225953819
231,4.723568225953819
232,4.723568225953819
233,4.723568225953819
234,4.723568225953819
235,4.723568225953819
236,4.723568225953819
237,4.723568225953819
238,4.723568225953819
239,4.723568225953819
240,4.723568225953819
241,4.723568225953819
242,4.723568225953819
243,4.723568225953819
244,4.723568225953819
245,4.723568225953819
246,4.723568225953819
247,4.723568225953819
248,3.5210239328390798
249,3.5210239328390798
250,3.5210239328390798
251,3.5210239328390798
252,3.5210239328390798
253,3.5210239328390798
254,3.5210239328390798
255,3.5210239328390798
256,3.5210239328390798
257,3.5210239328390798
258,3.5210239328390798
259,3.5210239328390798
260,3.5210239328390798
261,3.5210239328390798
262,3.5210239328390798
263,3.5210239328390798
264,3.5210239328390798
265,3.5210239328390798
266,3.5210239328390798
267,3.5210239328390798
268,3.5210239328390798
269,3.5210239328390798
270,3.5210239328390798
271,3.5210239328390798
272,3.5210239328390798
273,3.5210239328390798
274,3.5210239328390798
275,3.5210239328390798
276,3.5210239328390798
277,3.5210239328390798
278,3.5210239328390798
279,3.5210239328390798
280,3.5210239328390798
281,3.5210239328390798
282,3.5210239328390798
283,3.5210239328390798
284,3.5210239328390798
285,3.5210239328390798
286,3.5210239328390798
287,3.5210239328390798
288,3.5210239328390798
289,3.5210239328390798
290,3.5210239328390798
291,3.5210239328390798
292,3.5210239328390798
293,3.5210239328390798
294,3.5210239328390798
295,3.5210239328390798
296,3.5210239328390798
297,3.5210239328390798
298,3.5210239328390798
299,3.5210239328390798
300,3.5210239328390798
301,3.5210239328390798
302,3.5210239328390798
303,3.5210239328390798
304,3.5210239328390798
305,3.5210239328390798
306,3.5210239328390798
307,3.5210239328390798
308,3.5210239328390798
309,3.5210239328390798
310,3.5210239328390798
311,3.5210239328390798
312,3.5210239328390798
313,3.5210239328390798
314,3.5210239328390798
315,3.5210239328390798
316,3.5210239328390798
317,3.5210239328390798
318,3.5210239328390798
319,3.5210239328390798
320,3.5210239328390798
321,3.5210239328390798
322,3.5210239328390798
323,3.5210239328390798
324,3.5210239328390798
325,3.5210239328390798
326,3.5210239328390798
327,3.5210239328390798
328,3.5210239328390798
329,3.5210239328390798
330,3.5210239328390798
331,3.5210239328390798
332,3.5210239328390798
333,3.5210239328390798
334,3.5210239328390798
335,3.5210239328390798
336,3.5210239328390798
337,3.5210239328390798
338,3.5210239328390798
339,3.5210239328390798
340,3.5210239328390798
341,3.5210239328390798
342,3.5210239328390798
343,3.5210239328390798
344,3.5210239328390798
345,3.5210239328390798
346,3.5210239328390798
347,3.5210239328390798
348,3.5210239328390798
349,3.5210239328390798
350,3.5210239328390798
351,3.5210239328390798
352,3.5210239328390798
353,3.5210239328390798
354,3.5210239328390798
355,3.5210239328390798
356,3.5210239328390798
357,3.5210239328390798
358,3.5210239328390798
359,3.5210239328390798
360,3.5210239328390798
361,3.5210239328390798
362,3.5210239328390798
363,3.5210239328390798
364,3.5210239328390798
365,3.5210239328390798
366,3.5210239328390798
367,3.5210239328390798
368,3.5210239328390798
369,3.5210239328390798
370,3.5210239328390798
371,3.5210239328390798
372,3.5210239328390798
373,3.5210239328390798
374,3.5210239328390798
375,3.5210239328390798
376,3.5210239328390798
377,3.5210239328390798
378,3.5210239328390798
379,3.5210239328390798
380,3.5210239328390798
381,3.5210239328390798
382,3.5210239328390798
383,3.5210239328390798
384,3.5210239328390798
385,3.5210239328390798
386,3.5210239328390798
387,3.5210239328390798
388,3.5210239328390798
389,3.5210239328390798
390,3.5210239328390798
391,3.5210239328390798
392,3.5210239328390798
393,3.5210239328390798
394,3.5210239328390798
395,3.5210239328390798
396,3.5210239328390798
397,3.5210239328390798
398,3.5210239328390798
399,3.5210239328390798
400,3.5210239328390798
401,3.5210239328390798
402,3.5210239328390798
403,3.5210239328390798
404,3.5210239328390798
405,3.5210239328390798
406,3.5210239328390798
407,3.5210239328390798
408,3.5210239328390798
409,3.5210239328390798
410,3.5210239328390798
411,3.5210239328390798
412,3.5210239328390798
413,3.5210239328390798
414,3.5210239328390798
415,3.5210239328390798
416,3.5210239328390798
417,3.5210239328390798
418,3.5210239328390798
419,3.5210239328390798
420,3.5210239328390798
421,3.5210239328390798
422,3.5210239328390798
423,3.5210239328390798
424,3.5210239328390798
425,3.5210239328390798
426,3.5210239328390798
427,3.5210239328390798
428,3.5210239328390798
429,3.5210239328390798
430,3.5210239328390798
431,3.5210239328390798
432,3.5210239328390798
433,3.5210239328390798
434,3.5210239328390798
435,3.5210239328390798
436,3.5210239328390798
437,3.5210239328390798
438,3.5210239328390798
439,3.5210239328390798
440,3.5210239328390798
441,3.5210239328390798
442,3.5210239328390798
443,3.5210239328390798
444,3.5210239328390798
445,3.5210239328390798
446,3.5210239328390798
447,3.5210239328390798
448,3.5210239328390798
449,3.5210239328390798
450,3.5210239328390798
451,3.5210239328390798
452,3.5210239328390798
453,3.5210239328390798
454,3.5210239328390798
455,3.5210239328390798
456,3.5210239328390798
457,3.5210239328390798
458,3.5210239328390798
459,3.5210239328390798
460,3.5210239328390798
461,3.5210239328390798
462,3.5210239328390798
463,3.5210239328390798
464,3.5210239328390798
465,3.5210239328390798
466,3.5210239328390798
467,3.5210239328390798
468,3.5210239328390798
469,3.5210239328390798
470,3.5210239328390798
471,3.5210239328390798
472,3.5210239328390798
473,3.5210239328390798
474,3.5210239328390798
475,3.5210239328390798
476,3.5210239328390798
477,3.5210239328390798
478,3.5210239328390798
479,3.5210239328390798
480,3.5210239328390798
481,3.5210239328390798
482,3.5210239328390798
483,3.5210239328390798
484,3.5210239328390798
485,3.5210239328390798
486,3.5210239328390798
487,3.5210239328390798
488,3.5210239328390798
489,3.5210239328390798
490,3.5210239328390798
491,3.5210239328390798
492,3.5210239328390798
493,3.5210239328390798
494,3.5210239328390798
495,3.5210239328390798
496,3.5210239328390798
497,3.5210239328390798
498,3.5210239328390798
499,3.5210239328390798
500,3.5210239328390798
501,3.5210239328390798
502,3.5210239328390798
503,3.5210239328390798
504,3.5210239328390798
505,3.5210239328390798
506,3.5210239328390798
507,3.5210239328390798
508,3.5210239328390798
509,3.5210239328390798
510,3.5210239328390798
511,3.5210239328390798
512,3.5210239328390798
513,3.5210239328390798
514,3.5210239328390798
515,3.5210239328390798
516,3.5210239328390798
517,3.5210239328390798
518,3.5210239328390798
519,3.5210239328390798
520,3.5210239328390798
521,3.5210239328390798
522,3.5210239328390798
523,3.5210239328390798
524,3.5210239328390798
525,3.5210239328390798
526,3.5210239328390798
527,3.5210239328390798
528,3.5210239328390798
529,3.5210239328390798
530,3.5210239328390798
531,3.5210239328390798
532,3.5210239328390798
533,3.5210239328390798
534,3.5210239328390798
535,3.5210239328390798
536,3.5210239328390798
537,3.5210239328390798
538,3.5210239328390798
539,3.5210239328390798
540,3.5210239328390798
541,3.5210239328390798
542,3.5210239328390798
543,3.5210239328390798
544,3.5210239328390798
545,3.5210239328390798
546,3.5210239328390798
547,3.5210239328390798
548,3.5210239328390798
549,3.5210239328390798
550,3.5210239328390798
551,3.5210239328390798
552,3.5210239328390798
553,3.5210239328390798
554,3.5210239328390798
555,3.5210239328390798
556,3.5210239328390798
557,3.5210239328390798
558,3.5210239328390798
559,3.5210239328390798
560,3.5210239328390798
561,3.5210239328390798
562,3.5210239328390798
563,3.5210239328390798
564,3.5210239328390798
565,3.5210239328390798
566,3.5210239328390798
567,3.5210239328390798
568,3.5210239328390798
569,3.5210239328390798
570,3.5210239328390798
571,3.5210239328390798
572,3.5210239328390798
573,3.5210239328390798
574,3.5210239328390798
575,3.5210239328390798
576,3.5210239328390798
577,3.5210239328390798
578,3.5210239328390798
579,3.5210239328390798
580,3.5210239328390798
581,3.5210239328390798
582,3.5210239328390798
583,3.5210239328390798
584,3.5210239328390798
585,3.5210239328390798
586,3.5210239328390798
587,3.5210239328390798
588,3.5210239328390798
589,3.5210239328390798
590,3.5210239328390798
591,3.5210239328390798
592,3.5210239328390798
593,3.5210239328390798
594,3.5210239328390798
595,3.5210239328390798
596,3.5210239328390798
597,3.5210239328390798
598,3.5210239328390798
599,3.5210239328390798
600,3.5210239328390798
601,3.5210239328390798
602,3.5210239328390798
603,3.5210239328390798
604,3.5210239328390798
605,3.5210239328390798
606,3.5210239328390798
607,3.5210239328390798
608,3.5210239328390798
609,3.5210239328390798
610,3.5210239328390798
611,3.5210239328390798
612,3.5210239328390798
613,3.5210239328390798
614,3.5210239328390798
615,3.5210239328390798
616,3.5210239328390798
617,3.5210239328390798
618,3.5210239328390798
619,3.5210239328390798
620,3.5210239328390798
621,3.5210239328390798
622,3.5210239328390798
623,3.5210239328390798
624,3.5210239328390798
625,3.5210239328390798
626,3.5210239328390798
627,3.5210239328390798
628,3.5210239328390798
629,3.5210239328390798
630,3.5210239328390798
631,3.5210239328390798
632,3.5210239328390798
633,3.5210239328390798
634,3.5210239328390798
635,3.5210239328390798
636,3.5210239328390798
637,3.5210239328390798
638,3.5210239328390798
639,3.5210239328390798
640,3.5210239328390798
641,3.5210239328390798
642,3.5210239328390798
643,3.5210239328390798
644,3.5210239328390798
645,3.5210239328390798
646,3.5210239328390798
647,3.5210239328390798
648,3.5210239328390798
649,3.5210239328390798
650,3.5210239328390798
651,3.5210239328390798
652,3.5210239328390798
653,3.5210239328390798
654,3.5210239328390798
655,3.5210239328390798
656,3.5210239328390798
657,3.5210239328390798
658,3.5210239328390798
659,3.5210239328390798
660,3.5210239328390798
661,3.5210239328390798
662,3.5210239328390798
663,3.5210239328390798
664,3.5210239328390798
665,3.5210239328390798
666,3.5210239328390798
667,3.5210239328390798
668,3.5210239328390798
669,3.5210239328390798
670,3.5210239328390798
671,3.5210239328390798
672,3.5210239328390798
673,3.5210239328390798
674,3.5210239328390798
675,3.5210239328390798
676,3.5210239328390798
677,3.5210239328390798
678,3.5210239328390798
679,3.5210239328390798
680,3.5210239328390798
681,3.5210239328390798
682,3.5210239328390798
683,3.5210239328390798
684,3.5210239328390798
685,3.5210239328390798
686,3.5210239328390798
687,3.5210239328390798
688,3.5210239328390798
689,3.5210239328390798
690,3.5210239328390798
691,3.5210239328390798
692,3.5210239328390798
693,3.5210239328390798
694,3.5210239328390798
695,3.5210239328390798
696,3.5210239328390798
697,3.5210239328390798
698,3.5210239328390798
699,3.5210239328390798
700,3.5210239328390798
701,3.5210239328390798
702,3.5210239328390798
703,3.5210239328390798
704,3.5210239328390798
705,3.5210239328390798
706,3.5210239328390798
707,3.5210239328390798
708,3.5210239328390798
709,3.5210239328390798
710,3.5210239328390798
711,3.5210239328390798
712,3.5210239328390798
713,3.5210239328390798
714,3.5210239328390798
715,3.5210239328390798
716,3.5210239328390798
717,3.5210239328390798
718,3.5210239328390798
719,3.5210239328390798
720,3.5210239328390798
721,3.5210239328390798
722,3.5210239328390798
723,3.5210239328390798
724,3.5210239328390798
725,3.5210239328390798
726,3.5210239328390798
727,3.5210239328390798
728,3.5210239328390798
729,3.5210239328390798
730,3.5210239328390798
731,3.5210239328390798
732,3.5210239328390798
733,3.5210239328390798
734,3.5210239328390798
735,3.5210239328390798
736,3.5210239328390798
737,3.5210239328390798
738,3.5210239328390798
739,3.5210239328390798
740,3.5210239328390798
741,3.5210239328390798
742,3.5210239328390798
743,3.5210239328390798
744,3.5210239328390798
745,3.5210239328390798
746,3.5210239328390798
747,3.5210239328390798
748,3.5210239328390798
749,3.5210239328390798
750,3.5210239328390798
751,3.5210239328390798
752,3.5210239328390798
753,3.5210239328390798
754,3.5210239328390798
755,3.5210239328390798
756,3.5210239328390798
757,3.5210239328390798
758,3.5210239328390798
759,3.5210239328390798
760,3.5210239328390798
761,3.5210239328390798
762,3.5210239328390798
763,3.5210239328390798
764,3.5210239328390798
765,3.5210239328390798
766,3.5210239328390798
767,3.5210239328390798
768,3.5210239328390798
769,3.5210239328390798
770,3.5210239328390798
771,3.5210239328390798
772,3.5210239328390798
773,3.5210239328390798
774,3.5210239328390798
775,3.5210239328390798
776,3.5210239328390798
777,3.5210239328390798
778,3.5210239328390798
779,3.5210239328390798
780,3.5210239328390798
781,3.5210239328390798
782,3.5210239328390798
783,3.5210239328390798
784,3.5210239328390798
785,3.5210239328390798
786,3.5210239328390798
787,3.5210239328390798
788,3.5210239328390798
789,3.5210239328390798
790,3.5210239328390798
791,3.5210239328390798
792,3.5210239328390798
793,3.5210239328390798
794,3.5210239328390798
795,3.5210239328390798
796,3.5210239328390798
797,3.5210239328390798
798,3.5210239328390798
799,3.5210239328390798
800,3.5210239328390798
801,3.5210239328390798
802,3.5210239328390798
803,3.5210239328390798
804,3.5210239328390798
805,3.5210239328390798
806,3.5210239328390798
807,3.5210239328390798
808,3.5210239328390798
809,3.5210239328390798
810,3.5210239328390798
811,3.5210239328390798
812,3.5210239328390798
813,3.5210239328390798
814,3.5210239328390798
815,3.5210239328390798
816,3.5210239328390798
817,3.5210239328390798
818,3.5210239328390798
819,3.5210239328390798
820,3.5210239328390798
821,3.5210239328390798
822,3.5210239328390798
823,3.5210239328390798
824,3.5210239328390798
825,3.5210239328390798
826,3.5210239328390798
827,3.5210239328390798
828,3.5210239328390798
829,3.5210239328390798
830,3.5210239328390798
831,3.5210239328390798
832,3.5210239328390798
833,3.5210239328390798
834,3.5210239328390798
835,3.5210239328390798
836,3.5210239328390798
837,3.5210239328390798
838,3.5210239328390798
839,3.5210239328390798
840,3.5210239328390798
841,3.5210239328390798
842,3.5210239328390798
843,3.5210239328390798
844,3.5210239328390798
845,3.5210239328390798
846,3.5210239328390798
847,3.5210239328390798
848,3.5210239328390798
849,3.5210239328390798
850,3.5210239328390798
851,3.5210239328390798
852,3.5210239328390798
853,3.5210239328390798
854,3.5210239328390798
855,3.5210239328390798
856,3.5210239328390798
857,3.5210239328390798
858,3.5210239328390798
859,3.5210239328390798
860,3.5210239328390798
861,3.5210239328390798
862,3.5210239328390798
863,3.5210239328390798
864,3.5210239328390798
865,3.5210239328390798
866,3.5210239328390798
867,3.5210239328390798
868,3.5210239328390798
869,3.5210239328390798
870,3.5210239328390798
871,3.5210239328390798
872,3.5210239328390798
873,3.5210239328390798
874,3.5210239328390798
875,3.5210239328390798
876,3.5210239328390798
877,3.5210239328390798
878,3.5210239328390798
879,3.5210239328390798
880,3.5210239328390798
881,3.5210239328390798
882,3.5210239328390798
883,3.5210239328390798
884,3.5210239328390798
885,3.5210239328390798
886,3.5210239328390798
887,3.5210239328390798
888,3.5210239328390798
889,3.5210239328390798
890,3.5210239328390798
891,3.5210239328390798
892,3.5210239328390798
893,3.5210239328390798
894,3.5210239328390798
895,3.5210239328390798
896,3.5210239328390798
897,3.5210239328390798
898,3.5210239328390798
899,3.5210239328390798
900,3.5210239328390798
901,3.5210239328390798
902,3.5210239328390798
903,3.5210239328390798
904,3.5210239328390798
905,3.5210239328390798
906,3.5210239328390798
907,3.5210239328390798
908,3.5210239328390798
909,3.5210239328390798
910,3.5210239328390798
911,3.5210239328390798
912,3.5210239328390798
913,3.5210239328390798
914,3.5210239328390798
915,3.5210239328390798
916,3.5210239328390798
917,3.5210239328390798
918,3.5210239328390798
919,3.5210239328390798
920,3.5210239328390798
921,3.5210239328390798
922,3.5210239328390798
923,3.5210239328390798
924,3.5210239328390798
925,3.5210239328390798
926,3.5210239328390798
927,3.5210239328390798
928,3.5210239328390798
929,3.5210239328390798
930,3.5210239328390798
931,3.5210239328390798
932,3.5210239328390798
933,3.5210239328390798
934,3.5210239328390798
935,3.5210239328390798
936,3.5210239328390798
937,3.5210239328390798
938,3.5210239328390798
939,3.5210239328390798
940,3.5210239328390798
941,3.5210239328390798
942,3.5210239328390798
943,3.5210239328390798
944,3.5210239328390798
945,3.5210239328390798
946,3.5210239328390798
947,3.5210239328390798
948,3.5210239328390798
949,3.5210239328390798
950,3.5210239328390798
951,3.5210239328390798
952,3.5210239328390798
953,3.5210239328390798
954,3.5210239328390798
955,3.5210239328390798
956,3.5210239328390798
957,3.5210239328390798
958,3.5210239328390798
959,3.5210239328390798
960,3.5210239328390798
961,3.5210239328390798
962,3.5210239328390798
963,3.5210239328390798
964,3.5210239328390798
965,3.5210239328390798
966,3.5210239328390798
967,3.5210239328390798
968,3.5210239328390798
969,3.5210239328390798
970,3.5210239328390798
971,3.5210239328390798
972,3.5210239328390798
973,3.5210239328390798
974,3.5210239328390798
975,3.5210239328390798
976,3.5210239328390798
977,3.5210239328390798
978,3.5210239328390798
979,3.5210239328390798
980,3.5210239328390798
981,3.5210239328390798
982,3.5210239328390798
983,3.5210239328390798
984,3.5210239328390798
985,3.5210239328390798
986,3.5210239328390798
987,3.5210239328390798
988,3.5210239328390798
989,3.5210239328390798
990,3.5210239328390798
991,3.5210239328390798
992,3.5210239328390798
993,3.5210239328390798
994,3.5210239328390798
995,3.5210239328390798
996,3.5210239328390798
997,3.5210239328390798
998,3.5210239328390798
999,3.5210239328390798
1000,3.5210239328390798
1001,3.5210239328390798
1002,3.5210239328390798
1003,3.5210239328390798
1004,3.5210239328390798
1005,3.5210239328390798
1006,3.5210239328390798
1007,3.5210239328390798
1008,3.5210239328390798
1009,3.5210239328390798
1010,3.5210239328390798
1011,3.5210239328390798
1012,3.5210239328390798
1013,3.5210239328390798
1014,3.5210239328390798
1015,3.5210239328390798
1016,3.5210239328390798
1017,3.5210239328390798
1018,3.5210239328390798
1019,3.5210239328390798
1020,3.5210239328390798
1021,3.5210239328390798
1022,3.5210239328390798
1023,3.5210239328390798
1024,3.5210239328390798
1025,3.5210239328390798
1026,3.5210239328390798
1027,3.5210239328390798
1028,3.5210239328390798
1029,3.5210239328390798
1030,3.5210239328390798
1031,3.5210239328390798
1032,3.5210239328390798
1033,3.5210239328390798
1034,3.5210239328390798
1035,3.5210239328390798
1036,3.5210239328390798
1037,3.5210239328390798
1038,3.5210239328390798
1039,3.5210239328390798
1040,3.5210239328390798
1041,3.5210239328390798
1042,3.5210239328390798
1043,3.5210239328390798
1044,3.5210239328390798
1045,3.5210239328390798
1046,3.5210239328390798
1047,3.5210239328390798
1048,3.5210239328390798
1049,3.5210239328390798
1050,3.5210239328390798
1051,3.5210239328390798
1052,3.5210239328390798
1053,3.5210239328390798
1054,3.5210239328390798
1055,3.5210239328390798
1056,3.5210239328390798
1057,3.5210239328390798
1058,3.5210239328390798
1059,3.5210239328390798
1060,3.5210239328390798
1061,3.5210239328390798
1062,3.5210239328390798
1063,3.5210239328390798
1064,3.5210239328390798
1065,3.5210239328390798
1066,3.5210239328390798
1067,3.5210239328390798
1068,3.5210239328390798
1069,3.5210239328390798
1070,3.5210239328390798
1071,3.5210239328390798
1072,3.5210239328390798
1073,3.5210239328390798
1074,3.5210239328390798
1075,3.5210239328390798
1076,3.5210239328390798
1077,3.5210239328390798
1078,3.5210239328390798
1079,3.5210239328390798
1080,3.5210239328390798
1081,3.5210239328390798
1082,3.5210239328390798
1083,3.5210239328390798
1084,3.5210239328390798
1085,3.5210239328390798
1086,3.5210239328390798
1087,3.5210239328390798
1088,3.5210239328390798
1089,3.5210239328390798
1090,3.5210239328390798
1091,3.5210239328390798
1092,3.5210239328390798
1093,3.5210239328390798
1094,3.5210239328390798
1095,3.5210239328390798
1096,3.5210239328390798
1097,3.5210239328390798
1098,3.5210239328390798
1099,3.5210239328390798
1100,3.5210239328390798
1101,3.5210239328390798
1102,3.5210239328390798
1103,3.5210239328390798
1104,3.5210239328390798
1105,3.5210239328390798
1106,3.5210239328390798
1107,3.5210239328390798
1108,3.5210239328390798
1109,3.5210239328390798
1110,3.5210239328390798
1111,3.5210239328390798
1112,3.5210239328390798
1113,3.5210239328390798
1114,3.5210239328390798
1115,3.5210239328390798
1116,3.5210239328390798
1117,3.5210239328390798
1118,3.5210239328390798
1119,3.5210239328390798
1120,3.5210239328390798
1121,3.5210239328390798
1122,3.5210239328390798
1123,3.5210239328390798
1124,3.5210239328390798
1125,3.5210239328390798
1126,3.5210239328390798
1127,3.5210239328390798
1128,3.5210239328390798
1129,3.5210239328390798
1130,3.5210239328390798
1131,3.5210239328390798
1132,3.5210239328390798
1133,3.5210239328390798
1134,3.5210239328390798
1135,3.5210239328390798
1136,3.5210239328390798
1137,3.5210239328390798
1138,3.5210239328390798
1139,3.5210239328390798
1140,3.5210239328390798
1141,3.5210239328390798
1142,3.5210239328390798
1143,3.5210239328390798
1144,3.5210239328390798
1145,3.5210239328390798
1146,3.5210239328390798
1147,3.5210239328390798
1148,3.5210239328390798
1149,3.5210239328390798
1150,3.5210239328390798
1151,3.5210239328390798
1152,3.5210239328390798
1153,3.5210239328390798
1154,3.5210239328390798
1155,3.5210239328390798
1156,3.5210239328390798
1157,3.5210239328390798
1158,3.5210239328390798
1159,3.5210239328390798
1160,3.5210239328390798
1161,3.5210239328390798
1162,3.5210239328390798
1163,3.5210239328390798
1164,3.5210239328390798
1165,3.5210239328390798
1166,3.5210239328390798
1167,3.5210239328390798
1168,3.5210239328390798
1169,3.5210239328390798
1170,3.5210239328390798
1171,3.5210239328390798
1172,3.5210239328390798
1173,3.5210239328390798
1174,3.5210239328390798
1175,3.5210239328390798
1176,3.5210239328390798
1177,3.5210239328390798
1178,3.5210239328390798
1179,3.5210239328390798
1180,3.5210239328390798
1181,3.5210239328390798
1182,3.5210239328390798
1183,3.5210239328390798
1184,3.5210239328390798
1185,3.5210239328390798
1186,3.5210239328390798
1187,3.5210239328390798
1188,3.5210239328390798
1189,3.5210239328390798
1190,3.5210239328390798
1191,3.5210239328390798
1192,3.5210239328390798
1193,3.5210239328390798
1194,3.5210239328390798
1195,3.5210239328390798
1196,3.5210239328390798
1197,3.5210239328390798
1198,3.5210239328390798
1199,3.5210239328390798
1200,3.5210239328390798
1201,3.5210239328390798
1202,3.5210239328390798
1203,3.5210239328390798
1204,3.5210239328390798
1205,3.5210239328390798
1206,3.5210239328390798
1207,3.5210239328390798
1208,3.5210239328390798
1209,3.5210239328390798
1210,3.5210239328390798
1211,3.5210239328390798
1212,3.5210239328390798
1213,3.5210239328390798
1214,3.5210239328390798
1215,3.5210239328390798
1216,3.5210239328390798
1217,3.5210239328390798
1218,3.5210239328390798
1219,3.5210239328390798
1220,3.5210239328390798
1221,3.5210239328390798
1222,3.5210239328390798
1223,3.5210239328390798
1224,3.5210239328390798
1225,3.5210239328390798
1226,3.5210239328390798
1227,3.5210239328390798
1228,3.5210239328390798
1229,3.5210239328390798
1230,3.5210239328390798
1231,3.5210239328390798
1232,3.5210239328390798
1233,3.5210239328390798
1234,3.5210239328390798
1235,3.5210239328390798
1236,3.5210239328390798
1237,3.5210239328390798
1238,3.5210239328390798
1239,3.5210239328390798
1240,3.5210239328390798
1241,3.5210239328390798
1242,3.5210239328390798
1243,3.5210239328390798
1244,3.5210239328390798
1245,3.5210239328390798
1246,3.5210239328390798
1247,3.5210239328390798
1248,3.5210239328390798
1249,3.5210239328390798
1250,3.5210239328390798
1251,3.5210239328390798
1252,3.5210239328390798
1253,3.5210239328390798
1254,3.5210239328390798
1255,3.5210239328390798
1256,3.5210239328390798
1257,3.5210239328390798
1258,3.5210239328390798
1259,3.5210239328390798
1260,3.5210239328390798
1261,3.5210239328390798
1262,3.5210239328390798
1263,3.5210239328390798
1264,3.5210239328390798
1265,3.5210239328390798
1266,3.5210239328390798
1267,3.5210239328390798
1268,3.5210239328390798
1269,3.5210239328390798
1270,3.5210239328390798
1271,3.5210239328390798
1272,3.5210239328390798
1273,3.5210239328390798
1274,3.5210239328390798
1275,3.5210239328390798
1276,3.5210239328390798
1277,3.5210239328390798
1278,3.5210239328390798
1279,3.5210239328390798
1280,3.5210239328390798
1281,3.5210239328390798
1282,3.5210239328390798
1283,3.5210239328390798
1284,3.5210239328390798
1285,3.5210239328390798
1286,3.5210239328390798
1287,3.5210239328390798
1288,3.5210239328390798
1289,3.5210239328390798
1290,3.5210239328390798
1291,3.5210239328390798
1292,3.5210239328390798
1293,3.5210239328390798
1294,3.5210239328390798
1295,3.5210239328390798
1296,3.5210239328390798
1297,3.5210239328390798
1298,3.5210239328390798
1299,3.5210239328390798
1300,3.5210239328390798
1301,3.5210239328390798
1302,3.5210239328390798
1303,3.5210239328390798
1304,3.5210239328390798
1305,3.5210239328390798
1306,3.5210239328390798
1307,3.5210239328390798
1308,3.5210239328390798
1309,3.5210239328390798
1310,3.5210239328390798
1311,3.5210239328390798
1312,3.5210239328390798
1313,3.5210239328390798
1314,3.5210239328390798
1315,3.5210239328390798
1316,3.5210239328390798
1317,3.5210239328390798
1318,3.5210239328390798
1319,3.5210239328390798
1320,3.5210239328390798
1321,3.5210239328390798
1322,3.5210239328390798
1323,3.5210239328390798
1324,3.5210239328390798
1325,3.5210239328390798
1326,3.5210239328390798
1327,3.5210239328390798
1328,3.5210239328390798
1329,3.5210239328390798
1330,3.5210239328390798
1331,3.5210239328390798
1332,3.5210239328390798
1333,3.5210239328390798
1334,3.5210239328390798
1335,3.5210239328390798
1336,3.5210239328390798
1337,3.5210239328390798
1338,3.5210239328390798
1339,3.5210239328390798
1340,3.5210239328390798
1341,3.5210239328390798
1342,3.5210239328390798
1343,3.5210239328390798
1344,3.5210239328390798
1345,2.3646878663728432
1346,2.3646878663728432
1347,2.3646878663728432
1348,2.3646878663728432
1349,2.3646878663728432
1350,2.3646878663728432
1351,2.3646878663728432
1352,2.3646878663728432
1353,2.3646878663728432
1354,2.3646878663728432
1355,2.3646878663728432
1356,2.3646878663728432
1357,2.3646878663728432
1358,2.3646878663728432
1359,2.3646878663728432
1360,2.3646878663728432
1361,2.3646878663728432
1362,2.3646878663728432
1363,2.3646878663728432
1364,2.3646878663728432
1365,2.3646878663728432
1366,2.3646878663728432
1367,2.3646878663728432
1368,2.3646878663728432
1369,2.3646878663728432
1370,2.3646878663728432
1371,2.3646878663728432
1372,2.3646878663728432
1373,2.3646878663728432
1374,2.3646878663728432
1375,2.3646878663728432
1376,2.3646878663728432
1377,2.3646878663728432
1378,2.3646878663728432
1379,2.3646878663728432
1380,2.3646878663728432
1381,2.3646878663728432
1382,2.3646878663728432
1383,2.3646878663728432
1384,2.3646878663728432
1385,2.3646878663728432
1386,2.3646878663728432
1387,2.3646878663728432
1388,2.3646878663728432
1389,2.3646878663728432
1390,2.3646878663728432
1391,2.3646878663728432
1392,2.3646878663728432
1393,2.3646878663728432
1394,2.3646878663728432
1395,2.3646878663728432
1396,2.3646878663728432
1397,2.3646878663728432
1398,2.3646878663728432
1399,2.3646878663728432
1400,2.3646878663728432
1401,2.3646878663728432
1402,2.3646878663728432
1403,2.3646878663728432
1404,2.3646878663728432
1405,2.3646878663728432
1406,2.3646878663728432
1407,2.3646878663728432
1408,2.3646878663728432
1409,2.3646878663728432
1410,2.3646878663728432
1411,2.3646878663728432
1412,2.3646878663728432
1413,2.3646878663728432
1414,2.3646878663728432
1415,2.3646878663728432
1416,2.3646878663728432
1417,2.3646878663728432
1418,2.3646878663728432
1419,2.3646878663728432
1420,2.3646878663728432
1421,2.3646878663728432
1422,2.3646878663728432
1423,2.3646878663728432
1424,2.3646878663728432
1425,2.3646878663728432
1426,2.3646878663728432
1427,2.3646878663728432
1428,2.3646878663728432
1429,2.3646878663728432
1430,2.3646878663728432
1431,2.3646878663728432
1432,2.3646878663728432
1433,2.3646878663728432
1434,2.3646878663728432
1435,2.3646878663728432
1436,2.3646878663728432
1437,2.3646878663728432
1438,2.3646878663728432
1439,2.3646878663728432
1440,2.3646878663728432
1441,2.3646878663728432
1442,2.3646878663728432
1443,2.3646878663728432
1444,2.3646878663728432
1445,2.3646878663728432
1446,2.3646878663728432
1447,2.3646878663728432
1448,2.3646878663728432
1449,2.3646878663728432
1450,2.3646878663728432
1451,2.3646878663728432
1452,2.3646878663728432
1453,2.3646878663728432
1454,2.3646878663728432
1455,2.3646878663728432
1456,2.3646878663728432
1457,2.3646878663728432
1458,2.3646878663728432
1459,2.3646878663728432
1460,2.3646878663728432
1461,2.3646878663728432
1462,2.3646878663728432
1463,2.3646878663728432
1464,2.3646878663728432
1465,2.3646878663728432
1466,2.3646878663728432
1467,2.3646878663728432
1468,2.3646878663728432
1469,2.3646878663728432
1470,2.3646878663728432
1471,2.3646878663728432
1472,2.3646878663728432
1473,2.3646878663728432
1474,2.3646878663728432
1475,2.3646878663728432
1476,2.3646878663728432
1477,2.3646878663728432
1478,2.3646878663728432
1479,2.3646878663728432
1480,2.3646878663728432
1481,2.3646878663728432
1482,2.3646878663728432
1483,2.3646878663728432
1484,2.3646878663728432
1485,2.3646878663728432
1486,2.3646878663728432
1487,2.3646878663728432
1488,2.3646878663728432
1489,2.3646878663728432
1490,2.3646878663728432
1491,2.3646878663728432
1492,2.3646878663728432
1493,2.3646878663728432
1494,2.3646878663728432
1495,2.3646878663728432
1496,2.3646878663728432
1497,2.3646878663728432
1498,2.3646878663728432
1499,2.3646878663728432
1500,2.3646878663728432
1501,2.3646878663728432
1502,2.3646878663728432
1503,2.3646878663728432
1504,2.3646878663728432
1505,2.3646878663728432
1506,2.3646878663728432
1507,2.3646878663728432
1508,2.3646878663728432
1509,2.3646878663728432
1510,2.3646878663728432
1511,2.3646878663728432
1512,2.3646878663728432
1513,2.3646878663728432
1514,2.3646878663728432
1515,2.3646878663728432
1516,2.3646878663728432
1517,2.3646878663728432
1518,2.3646878663728432
1519,2.3646878663728432
1520,2.3646878663728432
1521,2.3646878663728432
1522,2.3646878663728432
1523,2.3646878663728432
1524,2.3646878663728432
1525,2.3646878663728432
1526,2.3646878663728432
1527,2.3646878663728432
1528,2.3646878663728432
1529,2.3646878663728432
1530,2.3646878663728432
1531,2.3646878663728432
1532,2.3646878663728432
1533,2.3646878663728432
1534,2.3646878663728432
1535,2.3646878663728432
1536,2.3646878663728432
1537,2.3646878663728432
1538,2.3646878663728432
1539,2.3646878663728432
1540,2.3646878663728432
1541,2.3646878663728432
1542,2.3646878663728432
1543,2.3646878663728432
1544,2.3646878663728432
1545,2.3646878663728432
1546,2.3646878663728432
1547,2.3646878663728432
1548,2.3646878663728432
1549,2.3646878663728432
1550,2.3646878663728432
1551,2.3646878663728432
1552,2.3646878663728432
1553,2.3646878663728432
1554,2.3646878663728432
1555,2.3646878663728432
1556,2.3646878663728432
1557,2.3646878663728432
1558,2.3646878663728432
1559,2.3646878663728432
1560,2.3646878663728432
1561,2.3646878663728432
1562,2.3646878663728432
1563,2.3646878663728432
1564,2.3646878663728432
1565,2.3646878663728432
1566,2.3646878663728432
1567,2.3646878663728432
1568,2.3646878663728432
1569,2.3646878663728432
1570,2.3646878663728432
1571,2.3646878663728432
1572,2.3646878663728432
1573,2.3646878663728432
1574,2.3646878663728432
1575,2.3646878663728432
1576,2.3646878663728432
1577,2.3646878663728432
1578,2.3646878663728432
1579,2.3646878663728432
1580,2.3646878663728432
1581,2.3646878663728432
1582,2.3646878663728432
1583,2.3646878663728432
1584,2.3646878663728432
1585,2.3646878663728432
1586,2.3646878663728432
1587,2.3646878663728432
1588,2.3646878663728432
1589,2.3646878663728432
1590,2.3646878663728432
1591,2.3646878663728432
1592,2.3646878663728432
1593,2.3646878663728432
1594,2.3646878663728432
1595,2.3646878663728432
1596,2.3646878663728432
1597,2.3646878663728432
1598,2.3646878663728432
1599,2.3646878663728432
1600,2.3646878663728432
1601,2.3646878663728432
1602,2.3646878663728432
1603,2.3646878663728432
1604,2.3646878663728432
1605,2.3646878663728432
1606,2.3646878663728432
1607,2.3646878663728432
1608,2.3646878663728432
1609,2.3646878663728432
1610,2.3646878663728432
1611,2.3646878663728432
1612,2.3646878663728432
1613,2.3646878663728432
1614,2.3646878663728432
1615,2.3646878663728432
1616,2.3646878663728432
1617,2.3646878663728432
1618,2.3646878663728432
1619,2.3646878663728432
1620,2.3646878663728432
1621,2.3646878663728432
1622,2.3646878663728432
1623,2.3646878663728432
1624,2.3646878663728432
1625,2.3646878663728432
1626,2.3646878663728432
1627,2.3646878663728432
1628,2.3646878663728432
1629,2.3646878663728432
1630,2.3646878663728432
1631,2.3646878663728432
1632,2.3646878663728432
1633,2.3646878663728432
1634,2.3646878663728432
1635,2.3646878663728432
1636,2.3646878663728432
1637,2.3646878663728432
1638,2.3646878663728432
1639,2.3646878663728432
1640,2.3646878663728432
1641,2.3646878663728432
1642,2.3646878663728432
1643,2.3646878663728432
1644,2.3646878663728432
1645,2.3646878663728432
1646,2.3646878663728432
1647,2.3646878663728432
1648,2.3646878663728432
1649,2.3646878663728432
1650,2.3646878663728432
1651,2.3646878663728432
1652,2.3646878663728432
1653,2.3646878663728432
1654,2.3646878663728432
1655,2.3646878663728432
1656,2.3646878663728432
1657,2.3646878663728432
1658,2.3646878663728432
1659,2.3646878663728432
1660,2.3646878663728432
1661,2.3646878663728432
1662,2.3646878663728432
1663,2.3646878663728432
1664,2.3646878663728432
1665,2.3646878663728432
1666,2.3646878663728432
1667,2.3646878663728432
1668,2.3646878663728432
1669,2.3646878663728432
1670,2.3646878663728432
1671,2.3646878663728432
1672,2.3646878663728432
1673,2.3646878663728432
1674,2.3646878663728432
1675,2.3646878663728432
1676,2.3646878663728432
1677,2.3646878663728432
1678,2.3646878663728432
1679,2.3646878663728432
1680,2.3646878663728432
1681,2.3646878663728432
1682,2.3646878663728432
1683,2.3646878663728432
1684,2.3646878663728432
1685,2.3646878663728432
1686,2.3646878663728432
1687,2.3646878663728432
1688,2.3646878663728432
1689,2.3646878663728432
1690,2.3646878663728432
1691,2.3646878663728432
1692,2.3646878663728432
1693,2.3646878663728432
1694,2.3646878663728432
1695,2.3646878663728432
1696,2.3646878663728432
1697,2.3646878663728432
1698,2.3646878663728432
1699,2.3646878663728432
1700,2.3646878663728432
1701,2.3646878663728432
1702,2.3646878663728432
1703,2.3646878663728432
1704,2.3646878663728432
1705,2.3646878663728432
1706,2.3646878663728432
1707,2.3646878663728432
1708,2.3646878663728432
1709,2.3646878663728432
1710,2.3646878663728432
1711,2.3646878663728432
1712,2.3646878663728432
1713,2.3646878663728432
1714,2.3646878663728432
1715,2.3646878663728432
1716,2.3646878663728432
1717,2.3646878663728432
1718,2.3646878663728432
1719,2.3646878663728432
1720,2.3646878663728432
1721,2.3646878663728432
1722,2.3646878663728432
1723,2.3646878663728432
1724,2.3646878663728432
1725,2.3646878663728432
1726,2.3646878663728432
1727,2.3646878663728432
1728,2.3646878663728432
1729,2.3646878663728432
1730,2.3646878663728432
1731,2.3646878663728432
1732,2.3646878663728432
1733,2.3646878663728432
1734,2.3646878663728432
1735,2.3646878663728432
1736,2.3646878663728432
1737,2.3646878663728432
1738,2.3646878663728432
1739,2.3646878663728432
1740,2.3646878663728432
1741,2.3646878663728432
1742,2.3646878663728432
1743,2.3646878663728432
1744,2.3646878663728432
1745,2.3646878663728432
1746,2.3646878663728432
1747,2.3646878663728432
1748,2.3646878663728432
1749,2.3646878663728432
1750,2.3646878663728432
1751,2.3646878663728432
1752,2.3646878663728432
1753,2.3646878663728432
1754,2.3646878663728432
1755,2.3646878663728432
1756,2.3646878663728432
1757,2.3646878663728432
1758,2.3646878663728432
1759,2.3646878663728432
1760,2.3646878663728432
1761,2.3646878663728432
1762,2.3646878663728432
1763,2.3646878663728432
1764,2.3646878663728432
1765,2.3646878663728432
1766,2.3646878663728432
1767,2.3646878663728432
1768,2.3646878663728432
1769,2.3646878663728432
1770,2.3646878663728432
1771,2.3646878663728432
1772,2.3646878663728432
1773,2.3646878663728432
1774,2.3646878663728432
1775,2.3646878663728432
1776,2.3646878663728432
1777,2.3646878663728432
1778,2.3646878663728432
1779,2.3646878663728432
1780,2.3646878663728432
1781,2.3646878663728432
1782,2.3646878663728432
1783,2.3646878663728432
1784,2.3646878663728432
1785,2.3646878663728432
1786,2.3646878663728432
1787,2.3646878663728432
1788,2.3646878663728432
1789,2.3646878663728432
1790,2.3646878663728432
1791,2.3646878663728432
1792,2.3646878663728432
1793,2.3646878663728432
1794,2.3646878663728432
1795,2.3646878663728432
1796,2.3646878663728432
1797,2.3646878663728432
1798,2.3646878663728432
1799,2.3646878663728432
1800,2.3646878663728432
1801,2.3646878663728432
1802,2.3646878663728432
1803,2.3646878663728432
1804,2.3646878663728432
1805,2.3646878663728432
1806,2.3646878663728432
1807,2.3646878663728432
1808,2.3646878663728432
1809,2.3646878663728432
1810,2.3646878663728432
1811,2.3646878663728432
1812,2.3646878663728432
1813,2.3646878663728432
1814,2.3646878663728432
1815,2.3646878663728432
1816,2.3646878663728432
1817,2.3646878663728432
1818,2.3646878663728432
1819,2.3646878663728432
1820,2.3646878663728432
1821,2.3646878663728432
1822,2.3646878663728432
1823,2.3646878663728432
1824,2.3646878663728432
1825,2.3646878663728432
1826,2.3646878663728432
1827,2.3646878663728432
1828,2.3646878663728432
1829,2.3646878663728432
1830,2.3646878663728432
1831,2.3646878663728432
1832,2.3646878663728432
1833,2.3646878663728432
1834,2.3646878663728432
1835,2.3646878663728432
1836,2.3646878663728432
1837,2.3646878663728432
1838,2.3646878663728432
1839,2.3646878663728432
1840,2.3646878663728432
1841,2.3646878663728432
1842,2.3646878663728432
1843,2.3646878663728432
1844,2.3646878663728432
1845,2.3646878663728432
1846,2.3646878663728432
1847,2.3646878663728432
1848,2.3646878663728432
1849,2.3646878663728432
1850,2.3646878663728432
1851,2.3646878663728432
1852,2.3646878663728432
1853,2.3646878663728432
1854,2.3646878663728432
1855,2.3646878663728432
1856,2.3646878663728432
1857,2.3646878663728432
1858,2.3646878663728432
1859,2.3646878663728432
1860,2.3646878663728432
1861,2.3646878663728432
1862,2.3646878663728432
1863,2.3646878663728432
1864,2.3646878663728432
1865,2.3646878663728432
1866,2.3646878663728432
1867,2.3646878663728432
1868,2.3646878663728432
1869,2.3646878663728432
1870,2.3646878663728432
1871,2.3646878663728432
1872,2.3646878663728432
1873,2.3646878663728432
1874,2.3646878663728432
1875,2.3646878663728432
1876,2.3646878663728432
1877,2.3646878663728432
1878,2.3646878663728432
1879,2.3646878663728432
1880,2.3646878663728432
1881,2.3646878663728432
1882,2.3646878663728432
1883,2.3646878663728432
1884,2.3646878663728432
1885,2.3646878663728432
1886,2.3646878663728432
1887,2.3646878663728432
1888,2.3646878663728432
1889,2.3646878663728432
1890,2.3646878663728432
1891,2.3646878663728432
1892,2.3646878663728432
1893,2.3646878663728432
1894,2.3646878663728432
1895,2.3646878663728432
1896,2.3646878663728432
1897,2.3646878663728432
1898,2.3646878663728432
1899,2.3646878663728432
1900,2.3646878663728432
1901,2.3646878663728432
1902,2.3646878663728432
1903,2.3646878663728432
1904,2.3646878663728432
1905,2.3646878663728432
1906,2.3646878663728432
1907,2.3646878663728432
1908,2.3646878663728432
1909,2.3646878663728432
1910,2.3646878663728432
1911,2.3646878663728432
1912,2.3646878663728432
1913,2.3646878663728432
1914,2.3646878663728432
1915,2.3646878663728432
1916,2.3646878663728432
1917,2.3646878663728432
1918,2.3646878663728432
1919,2.3646878663728432
1920,2.3646878663728432
1921,2.3646878663728432
1922,2.3646878663728432
1923,2.3646878663728432
1924,2.3646878663728432
1925,2.3646878663728432
1926,2.3646878663728432
1927,2.3646878663728432
1928,2.3646878663728432
1929,2.3646878663728432
1930,2.3646878663728432
1931,2.3646878663728432
1932,2.3646878663728432
1933,2.3646878663728432
1934,2.3646878663728432
1935,2.3646878663728432
1936,2.3646878663728432
1937,2.3646878663728432
1938,2.3646878663728432
1939,2.3646878663728432
1940,2.3646878663728432
1941,2.3646878663728432
1942,2.3646878663728432
1943,2.3646878663728432
1944,2.3646878663728432
1945,2.3646878663728432
1946,2.3646878663728432
1947,2.3646878663728432
1948,2.3646878663728432
1949,2.3646878663728432
1950,2.3646878663728432
1951,2.3646878663728432
1952,2.3646878663728432
1953,2.3646878663728432
1954,2.3646878663728432
1955,2.3646878663728432
1956,2.3646878663728432
1957,2.3646878663728432
1958,2.3646878663728432
1959,2.3646878663728432
1960,2.3646878663728432
1961,2.3646878663728432
1962,2.3646878663728432
1963,2.3646878663728432
1964,2.3646878663728432
1965,2.3646878663728432
1966,2.3646878663728432
1967,2.3646878663728432
1968,2.3646878663728432
1969,2.3646878663728432
1970,2.3646878663728432
1971,2.3646878663728432
1972,2.3646878663728432
1973,2.3646878663728432
1974,2.3646878663728432
1975,2.3646878663728432
1976,2.3646878663728432
1977,2.3646878663728432
1978,2.3646878663728432
1979,2.3646878663728432
1980,2.3646878663728432
1981,2.3646878663728432
1982,2.3646878663728432
1983,2.3646878663728432
1984,2.3646878663728432
1985,2.3646878663728432
1986,2.3646878663728432
1987,2.3646878663728432
1988,2.3646878663728432
1989,2.3646878663728432
1990,2.3646878663728432
1991,2.3646878663728432
1992,2.3646878663728432
1993,2.3646878663728432
1994,2.3646878663728432
1995,2.3646878663728432
1996,2.3646878663728432
1997,2.3646878663728432
1998,2.3646878663728432
1999,2.3646878663728432
2000,2.3646878663728432
2001,2.3646878663728432
2002,2.3646878663728432
2003,2.3646878663728432
2004,2.3646878663728432
2005,2.3646878663728432
2006,2.3646878663728432
2007,2.3646878663728432
2008,2.3646878663728432
2009,2.3646878663728432
2010,2.3646878663728432
2011,2.3646878663728432
2012,2.3646878663728432
2013,2.3646878663728432
2014,2.3646878663728432
2015,2.3646878663728432
2016,2.3646878663728432
2017,2.3646878663728432
2018,2.3646878663728432
2019,2.3646878663728432
2020,2.3646878663728432
2021,2.3646878663728432
2022,2.3646878663728432
2023,2.3646878663728432
2024,2.3646878663728432
2025,2.3646878663728432
2026,2.3646878663728432
2027,2.3646878663728432
2028,2.3646878663728432
2029,2.3646878663728432
2030,2.3646878663728432
2031,2.3646878663728432
2032,2.3646878663728432
2033,2.3646878663728432
2034,2.3646878663728432
2035,2.3646878663728432
2036,2.3646878663728432
2037,2.3646878663728432
2038,2.3646878663728432
2039,2.3646878663728432
2040,2.3646878663728432
2041,2.3646878663728432
2042,2.3646878663728432
2043,2.3646878663728432
2044,2.3646878663728432
2045,2.3646878663728432
2046,2.3646878663728432
2047,2.3646878663728432
2048,2.3646878663728432
2049,2.3646878663728432
2050,2.3646878663728432
2051,2.3646878663728432
2052,2.3646878663728432
2053,2.3646878663728432
2054,2.3646878663728432
2055,2.3646878663728432
2056,2.3646878663728432
2057,2.3646878663728432
2058,2.3646878663728432
2059,2.3646878663728432
2060,2.3646878663728432
2061,2.3646878663728432
2062,2.3646878663728432
2063,2.3646878663728432
2064,2.3646878663728432
2065,2.3646878663728432
2066,2.3646878663728432
2067,2.3646878663728432
2068,2.3646878663728432
2069,2.3646878663728432
2070,2.3646878663728432
2071,2.3646878663728432
2072,2.3646878663728432
2073,2.3646878663728432
2074,2.3646878663728432
2075,2.3646878663728432
2076,2.3646878663728432
2077,2.3646878663728432
2078,2.3646878663728432
2079,2.3646878663728432
2080,2.3646878663728432
2081,2.3646878663728432
2082,2.3646878663728432
2083,2.3646878663728432
2084,2.3646878663728432
2085,2.3646878663728432
2086,2.3646878663728432
2087,2.3646878663728432
2088,2.3646878663728432
2089,2.3646878663728432
2090,2.3646878663728432
2091,2.3646878663728432
2092,2.3646878663728432
2093,2.3646878663728432
2094,2.3646878663728432
2095,2.3646878663728432
2096,2.3646878663728432
2097,2.3646878663728432
2098,2.3646878663728432
2099,2.3646878663728432
2100,2.3646878663728432
2101,2.3646878663728432
2102,2.3646878663728432
2103,2.3646878663728432
2104,2.3646878663728432
2105,2.3646878663728432
2106,2.3646878663728432
2107,2.3646878663728432
2108,2.3646878663728432
2109,2.3646878663728432
2110,2.3646878663728432
2111,2.3646878663728432
2112,2.3646878663728432
2113,2.3646878663728432
2114,2.3646878663728432
2115,2.3646878663728432
2116,2.3646878663728432
2117,2.3646878663728432
2118,2.3646878663728432
2119,2.3646878663728432
2120,2.3646878663728432
2121,2.3646878663728432
2122,2.3646878663728432
2123,2.3646878663728432
2124,2.3646878663728432
2125,2.3646878663728432
2126,2.3646878663728432
2127,2.3646878663728432
2128,2.3646878663728432
2129,2.3646878663728432
2130,2.3646878663728432
2131,2.3646878663728432
2132,2.3646878663728432
2133,2.3646878663728432
2134,2.3646878663728432
2135,2.3646878663728432
2136,2.3646878663728432
2137,2.3646878663728432
2138,2.3646878663728432
2139,2.3646878663728432
2140,2.3646878663728432
2141,2.3646878663728432
2142,2.3646878663728432
2143,2.3646878663728432
2144,2.3646878663728432
2145,2.3646878663728432
2146,2.3646878663728432
2147,2.3646878663728432
2148,2.3646878663728432
2149,2.3646878663728432
2150,2.3646878663728432
2151,2.3646878663728432
2152,2.3646878663728432
2153,2.3646878663728432
2154,2.3646878663728432
2155,2.3646878663728432
2156,2.3646878663728432
2157,2.3646878663728432
2158,2.3646878663728432
2159,2.3646878663728432
2160,2.3646878663728432
2161,2.3646878663728432
2162,2.3646878663728432
2163,2.3646878663728432
2164,2.3646878663728432
2165,2.3646878663728432
2166,2.3646878663728432
2167,2.3646878663728432
2168,2.3646878663728432
2169,2.3646878663728432
2170,2.3646878663728432
2171,2.3646878663728432
2172,2.3646878663728432
2173,2.3646878663728432
2174,2.3646878663728432
2175,2.3646878663728432
2176,2.3646878663728432
2177,2.3646878663728432
2178,2.3646878663728432
2179,2.3646878663728432
2180,2.3646878663728432
2181,2.3646878663728432
2182,2.3646878663728432
2183,2.3646878663728432
2184,2.3646878663728432
2185,2.3646878663728432
2186,2.3646878663728432
2187,2.3646878663728432
2188,2.3646878663728432
2189,2.3646878663728432
2190,2.3646878663728432
2191,2.3646878663728432
2192,2.3646878663728432
2193,2.3646878663728432
2194,2.3646878663728432
2195,2.3646878663728432
2196,2.3646878663728432
2197,2.3646878663728432
2198,2.3646878663728432
2199,2.3646878663728432
2200,2.3646878663728432
2201,2.3646878663728432
2202,2.3646878663728432
2203,2.3646878663728432
2204,2.3646878663728432
2205,2.3646878663728432
2206,2.3646878663728432
2207,2.3646878663728432
2208,2.3646878663728432
2209,2.3646878663728432
2210,2.3646878663728432
2211,2.3646878663728432
2212,2.3646878663728432
2213,2.3646878663728432
2214,2.3646878663728432
2215,2.3646878663728432
2216,2.3646878663728432
2217,2.3646878663728432
2218,2.3646878663728432
2219,2.3646878663728432
2220,2.3646878663728432
2221,2.3646878663728432
2222,2.3646878663728432
2223,2.3646878663728432
2224,2.3646878663728432
2225,2.3646878663728432
2226,2.3646878663728432
2227,2.3646878663728432
2228,2.3646878663728432
2229,2.3646878663728432
2230,2.3646878663728432
2231,2.3646878663728432
2232,2.3646878663728432
2233,2.3646878663728432
2234,2.3646878663728432
2235,2.3646878663728432
2236,2.3646878663728432
2237,2.3646878663728432
2238,2.3646878663728432
2239,2.3646878663728432
2240,2.3646878663728432
2241,2.3646878663728432
2242,2.3646878663728432
2243,2.3646878663728432
2244,2.3646878663728432
2245,2.3646878663728432
2246,2.3646878663728432
2247,2.3646878663728432
2248,2.3646878663728432
2249,2.3646878663728432
2250,2.3646878663728432
2251,2.3646878663728432
2252,2.3646878663728432
2253,2.3646878663728432
2254,2.3646878663728432
2255,2.3646878663728432
2256,2.3646878663728432
2257,2.3646878663728432
2258,2.3646878663728432
2259,2.3646878663728432
2260,2.3646878663728432
2261,2.3646878663728432
2262,2.3646878663728432
2263,2.3646878663728432
2264,2.3646878663728432
2265,2.3646878663728432
2266,2.3646878663728432
2267,2.3646878663728432
2268,2.3646878663728432
2269,2.3646878663728432
2270,2.3646878663728432
2271,2.3646878663728432
2272,2.3646878663728432
2273,2.3646878663728432
2274,2.3646878663728432
2275,2.3646878663728432
2276,2.3646878663728432
2277,2.3646878663728432
2278,2.3646878663728432
2279,2.3646878663728432
2280,2.3646878663728432
2281,2.3646878663728432
2282,2.3646878663728432
2283,2.3646878663728432
2284,2.3646878663728432
2285,2.3646878663728432
2286,2.3646878663728432
2287,2.3646878663728432
2288,2.3646878663728432
2289,2.3646878663728432
2290,2.3646878663728432
2291,2.3646878663728432
2292,2.3646878663728432
2293,2.3646878663728432
2294,2.3646878663728432
2295,2.3646878663728432
2296,2.3646878663728432
2297,2.3646878663728432
2298,2.3646878663728432
2299,2.3646878663728432
2300,2.3646878663728432
2301,2.3646878663728432
2302,2.3646878663728432
2303,2.3646878663728432
2304,2.3646878663728432
2305,2.3646878663728432
2306,2.3646878663728432
2307,2.3646878663728432
2308,2.3646878663728432
2309,2.3646878663728432
2310,2.3646878663728432
2311,2.3646878663728432
2312,2.3646878663728432
2313,2.3646878663728432
2314,2.3646878663728432
2315,2.3646878663728432
2316,2.3646878663728432
2317,2.3646878663728432
2318,2.3646878663728432
2319,2.3646878663728432
2320,2.3646878663728432
2321,2.3646878663728432
2322,2.3646878663728432
2323,2.3646878663728432
2324,2.3646878663728432
2325,2.3646878663728432
2326,2.3646878663728432
2327,2.3646878663728432
2328,2.3646878663728432
2329,2.3646878663728432
2330,2.3646878663728432
2331,2.3646878663728432
2332,2.3646878663728432
2333,2.3646878663728432
2334,2.3646878663728432
2335,2.3646878663728432
2336,2.3646878663728432
2337,2.3646878663728432
2338,2.3646878663728432
2339,2.3646878663728432
2340,2.3646878663728432
2341,2.3646878663728432
2342,2.3646878663728432
2343,2.3646878663728432
2344,2.3646878663728432
2345,2.3646878663728432
2346,2.3646878663728432
2347,2.3646878663728432
2348,2.3646878663728432
2349,2.3646878663728432
2350,2.3646878663728432
2351,2.3646878663728432
2352,2.3646878663728432
2353,2.3646878663728432
2354,2.3646878663728432
2355,2.3646878663728432
2356,2.3646878663728432
2357,2.3646878663728432
2358,2.3646878663728432
2359,2.3646878663728432
2360,2.3646878663728432
2361,2.3646878663728432
2362,2.3646878663728432
2363,2.3646878663728432
2364,2.3646878663728432
2365,2.3646878663728432
2366,2.3646878663728432
2367,2.3646878663728432
2368,2.3646878663728432
2369,2.3646878663728432
2370,2.3646878663728432
2371,2.3646878663728432
2372,2.3646878663728432
2373,2.3646878663728432
2374,2.3646878663728432
2375,2.3646878663728432
2376,2.3646878663728432
2377,2.3646878663728432
2378,2.3646878663728432
2379,2.3646878663728432
2380,2.3646878663728432
2381,2.3646878663728432
2382,2.3646878663728432
2383,2.3646878663728432
2384,2.3646878663728432
2385,2.3646878663728432
2386,2.3646878663728432
2387,2.3646878663728432
2388,2.3646878663728432
2389,2.3646878663728432
2390,2.3646878663728432
2391,2.3646878663728432
2392,2.3646878663728432
2393,2.3646878663728432
2394,2.3646878663728432
2395,2.3646878663728432
2396,2.3646878663728432
2397,2.3646878663728432
2398,2.3646878663728432
2399,2.3646878663728432
2400,2.3646878663728432
2401,2.3646878663728432
2402,2.3646878663728432
2403,2.3646878663728432
2404,2.3646878663728432
2405,2.3646878663728432
2406,2.3646878663728432
2407,2.3646878663728432
2408,2.3646878663728432
2409,2.3646878663728432
2410,2.3646878663728432
2411,2.3646878663728432
2412,2.3646878663728432
2413,2.3646878663728432
2414,2.3646878663728432
2415,2.3646878663728432
2416,2.3646878663728432
2417,2.3646878663728432
2418,2.3646878663728432
2419,2.3646878663728432
2420,2.3646878663728432
2421,2.3646878663728432
2422,2.3646878663728432
2423,2.3646878663728432
2424,2.3646878663728432
2425,2.3646878663728432
2426,2.3646878663728432
2427,2.3646878663728432
2428,2.3646878663728432
2429,2.3646878663728432
2430,2.3646878663728432
2431,2.3646878663728432
2432,2.3646878663728432
2433,2.3646878663728432
2434,2.3646878663728432
2435,2.3646878663728432
2436,2.3646878663728432
2437,2.3646878663728432
2438,2.3646878663728432
2439,2.3646878663728432
2440,2.3646878663728432
2441,2.3646878663728432
2442,2.3646878663728432
2443,2.3646878663728432
2444,2.3646878663728432
2445,2.3646878663728432
2446,2.3646878663728432
2447,2.3646878663728432
2448,2.3646878663728432
2449,2.3646878663728432
2450,2.3646878663728432
2451,2.3646878663728432
2452,2.3646878663728432
2453,2.3646878663728432
2454,2.3646878663728432
2455,2.3646878663728432
2456,2.3646878663728432
2457,2.3646878663728432
2458,2.3646878663728432
2459,2.3646878663728432
2460,2.3646878663728432
2461,2.3646878663728432
2462,2.3646878663728432
2463,2.3646878663728432
2464,2.3646878663728432
2465,2.3646878663728432
2466,2.3646878663728432
2467,2.3646878663728432
2468,2.3646878663728432
2469,2.3646878663728432
2470,2.3646878663728432
2471,2.3646878663728432
2472,2.3646878663728432
2473,2.3646878663728432
2474,2.3646878663728432
2475,2.3646878663728432
2476,2.3646878663728432
2477,2.3646878663728432
2478,2.3646878663728432
2479,2.3646878663728432
2480,2.3646878663728432
2481,2.3646878663728432
2482,2.3646878663728432
2483,2.3646878663728432
2484,2.3646878663728432
2485,2.3646878663728432
2486,2.3646878663728432
2487,2.3646878663728432
2488,2.3646878663728432
2489,2.3646878663728432
2490,2.3646878663728432
2491,2.3646878663728432
2492,2.3646878663728432
2493,2.3646878663728432
2494,2.3646878663728432
2495,2.3646878663728432
2496,2.3646878663728432
2497,2.3646878663728432
2498,2.3646878663728432
2499,2.3646878663728432
2500,2.3646878663728432
2501,2.3646878663728432
2502,2.3646878663728432
2503,2.3646878663728432
2504,2.3646878663728432
2505,2.3646878663728432
2506,2.3646878663728432
2507,2.3646878663728432
2508,2.3646878663728432
2509,2.3646878663728432
2510,2.3646878663728432
2511,2.3646878663728432
2512,2.3646878663728432
2513,2.3646878663728432
2514,2.3646878663728432
2515,2.3646878663728432
2516,2.3646878663728432
2517,2.3646878663728432
2518,2.3646878663728432
2519,2.3646878663728432
2520,2.3646878663728432
2521,2.3646878663728432
2522,2.3646878663728432
2523,2.3646878663728432
2524,2.3646878663728432
2525,2.3646878663728432
2526,2.3646878663728432
2527,2.3646878663728432
2528,2.3646878663728432
2529,2.3646878663728432
2530,2.3646878663728432
2531,2.3646878663728432
2532,2.3646878663728432
2533,2.3646878663728432
2534,2.3646878663728432
2535,2.3646878663728432
2536,2.3646878663728432
2537,2.3646878663728432
2538,2.3646878663728432
2539,2.3646878663728432
2540,2.3646878663728432
2541,2.3646878663728432
2542,2.3646878663728432
2543,2.3646878663728432
2544,2.3646878663728432
2545,2.3646878663728432
2546,2.3646878663728432
2547,2.3646878663728432
2548,2.3646878663728432
2549,2.3646878663728432
2550,2.3646878663728432
2551,2.3646878663728432
2552,2.3646878663728432
2553,2.3646878663728432
2554,2.3646878663728432
2555,2.3646878663728432
2556,2.3646878663728432
2557,2.3646878663728432
2558,2.3646878663728432
2559,2.3646878663728432
2560,2.3646878663728432
2561,2.3646878663728432
2562,2.3646878663728432
2563,2.3646878663728432
2564,2.3646878663728432
2565,2.3646878663728432
2566,2.3646878663728432
2567,2.3646878663728432
2568,2.3646878663728432
2569,2.3646878663728432
2570,2.3646878663728432
2571,2.3646878663728432
2572,2.3646878663728432
2573,2.3646878663728432
2574,2.3646878663728432
2575,2.3646878663728432
2576,2.3646878663728432
2577,2.3646878663728432
2578,2.3646878663728432
2579,2.3646878663728432
2580,2.3646878663728432
2581,2.3646878663728432
2582,2.3646878663728432
2583,2.3646878663728432
2584,2.3646878663728432
2585,2.3646878663728432
2586,2.3646878663728432
2587,2.3646878663728432
2588,2.3646878663728432
2589,2.3646878663728432
2590,2.3646878663728432
2591,2.3646878663728432
2592,2.3646878663728432
2593,2.3646878663728432
2594,2.3646878663728432
2595,2.3646878663728432
2596,2.3646878663728432
2597,2.3646878663728432
2598,2.3646878663728432
2599,2.3646878663728432
2600,2.3646878663728432
2601,2.3646878663728432
2602,2.3646878663728432
2603,2.3646878663728432
2604,2.3646878663728432
2605,2.3646878663728432
2606,2.3646878663728432
2607,2.3646878663728432
2608,2.3646878663728432
2609,2.3646878663728432
2610,2.3646878663728432
2611,2.3646878663728432
2612,2.3646878663728432
2613,2.3646878663728432
2614,2.3646878663728432
2615,2.3646878663728432
2616,2.3646878663728432
2617,2.3646878663728432
2618,2.3646878663728432
2619,2.3646878663728432
2620,2.3646878663728432
2621,2.3646878663728432
2622,2.3646878663728432
2623,2.3646878663728432
2624,2.3646878663728432
2625,2.3646878663728432
2626,2.3646878663728432
2627,2.3646878663728432
2628,2.3646878663728432
2629,2.3646878663728432
2630,2.3646878663728432
2631,2.3646878663728432
2632,2.3646878663728432
2633,2.3646878663728432
2634,2.3646878663728432
2635,2.3646878663728432
2636,2.3646878663728432
2637,2.3646878663728432
2638,2.3646878663728432
2639,2.3646878663728432
2640,2.3646878663728432
2641,2.3646878663728432
2642,2.3646878663728432
2643,2.3646878663728432
2644,2.3646878663728432
2645,2.3646878663728432
2646,2.3646878663728432
2647,2.3646878663728432
2648,2.3646878663728432
2649,2.3646878663728432
2650,2.3646878663728432
2651,2.3646878663728432
2652,2.3646878663728432
2653,2.3646878663728432
2654,2.3646878663728432
2655,2.3646878663728432
2656,2.3646878663728432
2657,2.3646878663728432
2658,2.3646878663728432
2659,2.3646878663728432
2660,2.3646878663728432
2661,2.3646878663728432
2662,2.3646878663728432
2663,2.3646878663728432
2664,2.3646878663728432
2665,2.3646878663728432
2666,2.3646878663728432
2667,2.3646878663728432
2668,2.3646878663728432
2669,2.3646878663728432
2670,2.3646878663728432
2671,2.3646878663728432
2672,2.3646878663728432
2673,2.3646878663728432
2674,2.3646878663728432
2675,2.3646878663728432
2676,2.3646878663728432
2677,2.3646878663728432
2678,2.3646878663728432
2679,2.3646878663728432
2680,2.3646878663728432
2681,2.3646878663728432
2682,2.3646878663728432
2683,2.3646878663728432
2684,2.3646878663728432
2685,2.3646878663728432
2686,2.3646878663728432
2687,2.3646878663728432
2688,2.3646878663728432
2689,2.3646878663728432
2690,2.3646878663728432
2691,2.3646878663728432
2692,2.3646878663728432
2693,2.3646878663728432
2694,2.3646878663728432
2695,2.3646878663728432
2696,2.3646878663728432
2697,2.3646878663728432
2698,2.3646878663728432
2699,2.3646878663728432
2700,2.3646878663728432
2701,2.3646878663728432
2702,2.3646878663728432
2703,2.3646878663728432
2704,2.3646878663728432
2705,2.3646878663728432
2706,2.3646878663728432
2707,2.3646878663728432
2708,2.3646878663728432
2709,2.3646878663728432
2710,2.3646878663728432
2711,2.3646878663728432
2712,2.3646878663728432
2713,2.3646878663728432
2714,2.3646878663728432
2715,2.3646878663728432
2716,2.3646878663728432
2717,2.3646878663728432
2718,2.3646878663728432
2719,2.3646878663728432
2720,2.3646878663728432
2721,2.3646878663728432
2722,2.3646878663728432
2723,2.3646878663728432
2724,2.3646878663728432
2725,2.3646878663728432
2726,2.3646878663728432
2727,2.3646878663728432
2728,2.3646878663728432
2729,2.3646878663728432
2730,2.3646878663728432
2731,2.3646878663728432
2732,2.3646878663728432
2733,2.3646878663728432
2734,2.3646878663728432
2735,2.3646878663728432
2736,2.3646878663728432
2737,2.3646878663728432
2738,2.3646878663728432
2739,2.3646878663728432
2740,2.3646878663728432
2741,2.3646878663728432
2742,2.3646878663728432
2743,2.3646878663728432
2744,2.3646878663728432
2745,2.3646878663728432
2746,2.3646878663728432
2747,2.3646878663728432
2748,2.3646878663728432
2749,2.3646878663728432
2750,2.3646878663728432
2751,2.3646878663728432
2752,2.3646878663728432
2753,2.3646878663728432
2754,2.3646878663728432
2755,2.3646878663728432
2756,2.3646878663728432
2757,2.3646878663728432
2758,2.3646878663728432
2759,2.3646878663728432
2760,2.3646878663728432
2761,2.3646878663728432
2762,2.3646878663728432
2763,2.3646878663728432
2764,2.3646878663728432
2765,2.3646878663728432
2766,2.3646878663728432
2767,2.3646878663728432
2768,2.3646878663728432
2769,2.3646878663728432
2770,2.3646878663728432
2771,2.3646878663728432
2772,2.3646878663728432
2773,2.3646878663728432
2774,2.3646878663728432
2775,2.3646878663728432
2776,2.3646878663728432
2777,2.3646878663728432
2778,2.3646878663728432
2779,2.3646878663728432
2780,2.3646878663728432
2781,2.3646878663728432
2782,2.3646878663728432
2783,2.3646878663728432
2784,2.3646878663728432
2785,2.3646878663728432
2786,2.3646878663728432
2787,2.3646878663728432
2788,2.3646878663728432
2789,2.3646878663728432
2790,2.3646878663728432
2791,2.3646878663728432
2792,2.3646878663728432
2793,2.3646878663728432
2794,2.3646878663728432
2795,2.3646878663728432
2796,2.3646878663728432
2797,2.3646878663728432
2798,2.3646878663728432
2799,2.3646878663728432
2800,2.3646878663728432
2801,2.3646878663728432
2802,2.3646878663728432
2803,2.3646878663728432
2804,2.3646878663728432
2805,2.3646878663728432
2806,2.3646878663728432
2807,2.3646878663728432
2808,2.3646878663728432
2809,2.3646878663728432
2810,2.3646878663728432
2811,2.3646878663728432
2812,2.3646878663728432
2813,2.3646878663728432
2814,2.3646878663728432
2815,2.3646878663728432
2816,2.3646878663728432
2817,2.3646878663728432
2818,2.3646878663728432
2819,2.3646878663728432
2820,2.3646878663728432
2821,2.3646878663728432
2822,2.3646878663728432
2823,2.3646878663728432
2824,2.3646878663728432
2825,2.3646878663728432
2826,2.3646878663728432
2827,2.3646878663728432
2828,2.3646878663728432
2829,2.3646878663728432
2830,2.3646878663728432
2831,2.3646878663728432
2832,2.3646878663728432
2833,2.3646878663728432
2834,2.3646878663728432
2835,2.3646878663728432
2836,2.3646878663728432
2837,2.3646878663728432
2838,2.3646878663728432
2839,2.3646878663728432
2840,2.3646878663728432
2841,2.3646878663728432
2842,2.3646878663728432
2843,2.3646878663728432
2844,2.3646878663728432
2845,2.3646878663728432
2846,2.3646878663728432
2847,2.3646878663728432
2848,2.3646878663728432
2849,2.3646878663728432
2850,2.3646878663728432
2851,2.3646878663728432
2852,2.3646878663728432
2853,2.3646878663728432
2854,2.3646878663728432
2855,2.3646878663728432
2856,2.3646878663728432
2857,2.3646878663728432
2858,2.3646878663728432
2859,2.3646878663728432
2860,2.3646878663728432
2861,2.3646878663728432
2862,2.3646878663728432
2863,2.3646878663728432
2864,2.3646878663728432
2865,2.3646878663728432
2866,2.3646878663728432
2867,2.3646878663728432
2868,2.3646878663728432
2869,2.3646878663728432
2870,2.3646878663728432
2871,2.3646878663728432
2872,2.3646878663728432
2873,2.3646878663728432
2874,2.3646878663728432
2875,2.3646878663728432
2876,2.3646878663728432
2877,2.3646878663728432
2878,2.3646878663728432
2879,2.3646878663728432
2880,2.3646878663728432
2881,2.3646878663728432
2882,2.3646878663728432
2883,2.3646878663728432
2884,2.3646878663728432
2885,2.3646878663728432
2886,2.3646878663728432
2887,2.3646878663728432
2888,2.3646878663728432
2889,2.3646878663728432
2890,2.3646878663728432
2891,2.3646878663728432
2892,2.3646878663728432
2893,2.3646878663728432
2894,2.3646878663728432
2895,2.3646878663728432
2896,2.3646878663728432
2897,2.3646878663728432
2898,2.3646878663728432
2899,2.3646878663728432
2900,2.3646878663728432
2901,2.3646878663728432
2902,2.3646878663728432
2903,2.3646878663728432
2904,2.3646878663728432
2905,2.3646878663728432
2906,2.3646878663728432
2907,2.3646878663728432
2908,2.3646878663728432
2909,2.3646878663728432
2910,2.3646878663728432
2911,2.3646878663728432
2912,2.3646878663728432
2913,2.3646878663728432
2914,2.3646878663728432
2915,2.3646878663728432
2916,2.3646878663728432
2917,2.3646878663728432
2918,2.3646878663728432
2919,2.3646878663728432
2920,2.3646878663728432
2921,2.3646878663728432
2922,2.3646878663728432
2923,2.3646878663728432
2924,2.3646878663728432
2925,2.3646878663728432
2926,2.3646878663728432
2927,2.3646878663728432
2928,2.3646878663728432
2929,2.3646878663728432
2930,2.3646878663728432
2931,2.3646878663728432
2932,2.3646878663728432
2933,2.3646878663728432
2934,2.3646878663728432
2935,2.3646878663728432
2936,2.3646878663728432
2937,2.3646878663728432
2938,2.3646878663728432
2939,2.3646878663728432
2940,2.3646878663728432
2941,2.3646878663728432
2942,2.3646878663728432
2943,2.3646878663728432
2944,2.3646878663728432
2945,2.3646878663728432
2946,2.3646878663728432
2947,2.3646878663728432
2948,2.3646878663728432
2949,2.3646878663728432
2950,2.3646878663728432
2951,2.3646878663728432
2952,2.3646878663728432
2953,2.3646878663728432
2954,2.3646878663728432
2955,2.3646878663728432
2956,2.3646878663728432
2957,2.3646878663728432
2958,2.3646878663728432
2959,2.3646878663728432
2960,2.3646878663728432
2961,2.3646878663728432
2962,2.3646878663728432
2963,2.3646878663728432
2964,2.3646878663728432
2965,2.3646878663728432
2966,2.3646878663728432
2967,2.3646878663728432
2968,2.3646878663728432
2969,2.3646878663728432
2970,2.3646878663728432
2971,2.3646878663728432
2972,2.3646878663728432
2973,2.3646878663728432
2974,2.3646878663728432
2975,2.3646878663728432
2976,2.3646878663728432
2977,2.3646878663728432
2978,2.3646878663728432
2979,2.3646878663728432
2980,2.3646878663728432
2981,2.3646878663728432
2982,2.3646878663728432
2983,2.3646878663728432
2984,2.3646878663728432
2985,2.3646878663728432
2986,2.3646878663728432
2987,2.3646878663728432
2988,2.3646878663728432
2989,2.3646878663728432
2990,2.3646878663728432
2991,2.3646878663728432
2992,2.3646878663728432
2993,2.3646878663728432
2994,2.3646878663728432
2995,2.3646878663728432
2996,2.3646878663728432
2997,2.3646878663728432
2998,2.3646878663728432
2999,2.3646878663728432
3000,2.3646878663728432
3001,2.3646878663728432
3002,2.3646878663728432
3003,2.3646878663728432
3004,2.3646878663728432
3005,2.3646878663728432
3006,2.3646878663728432
3007,2.3646878663728432
3008,2.3646878663728432
3009,2.3646878663728432
3010,2.3646878663728432
3011,2.3646878663728432
3012,2.3646878663728432
3013,2.3646878663728432
3014,2.3646878663728432
3015,2.3646878663728432
3016,2.3646878663728432
3017,2.3646878663728432
3018,2.3646878663728432
3019,2.3646878663728432
3020,2.3646878663728432
3021,2.3646878663728432
3022,2.3646878663728432
3023,2.3646878663728432
3024,2.3646878663728432
3025,2.3646878663728432
3026,2.3646878663728432
3027,2.3646878663728432
3028,2.3646878663728432
3029,2.3646878663728432
3030,2.3646878663728432
3031,2.3646878663728432
3032,2.3646878663728432
3033,2.3646878663728432
3034,2.3646878663728432
3035,2.3646878663728432
3036,2.3646878663728432
3037,2.3646878663728432
3038,2.3646878663728432
3039,2.3646878663728432
3040,2.3646878663728432
3041,2.3646878663728432
3042,2.3646878663728432
3043,2.3646878663728432
3044,2.3646878663728432
3045,2.3646878663728432
3046,2.3646878663728432
3047,2.3646878663728432
3048,2.3646878663728432
3049,2.3646878663728432
3050,2.3646878663728432
3051,2.3646878663728432
3052,2.3646878663728432
3053,2.3646878663728432
3054,2.3646878663728432
3055,2.3646878663728432
3056,2.3646878663728432
3057,2.3646878663728432
3058,2.3646878663728432
3059,2.3646878663728432
3060,2.3646878663728432
3061,2.3646878663728432
3062,2.3646878663728432
3063,2.3646878663728432
3064,2.3646878663728432
3065,2.3646878663728432
3066,2.3646878663728432
3067,2.3646878663728432
3068,2.3646878663728432
3069,2.3646878663728432
3070,2.3646878663728432
3071,2.3646878663728432
3072,2.3646878663728432
3073,2.3646878663728432
3074,2.3646878663728432
3075,2.3646878663728432
3076,2.3646878663728432
3077,2.3646878663728432
3078,2.3646878663728432
3079,2.3646878663728432
3080,2.3646878663728432
3081,2.3646878663728432
3082,2.3646878663728432
3083,2.3646878663728432
3084,2.3646878663728432
3085,2.3646878663728432
3086,2.3646878663728432
3087,2.3646878663728432
3088,2.3646878663728432
3089,2.3646878663728432
3090,2.3646878663728432
3091,2.3646878663728432
3092,2.3646878663728432
3093,2.3646878663728432
3094,2.3646878663728432
3095,2.3646878663728432
3096,2.3646878663728432
3097,2.3646878663728432
3098,2.3646878663728432
3099,2.3646878663728432
3100,2.3646878663728432
3101,2.3646878663728432
3102,2.3646878663728432
3103,2.3646878663728432
3104,2.3646878663728432
3105,2.3646878663728432
3106,2.3646878663728432
3107,2.3646878663728432
3108,2.3646878663728432
3109,2.3646878663728432
3110,2.3646878663728432
3111,2.3646878663728432
3112,2.3646878663728432
3113,2.3646878663728432
3114,2.3646878663728432
3115,2.3646878663728432
3116,2.3646878663728432
3117,2.3646878663728432
3118,2.3646878663728432
3119,2.3646878663728432
3120,2.3646878663728432
3121,2.3646878663728432
3122,2.3646878663728432
3123,2.3646878663728432
3124,2.3646878663728432
3125,2.3646878663728432
3126,2.3646878663728432
3127,2.3646878663728432
3128,2.3646878663728432
3129,2.3646878663728432
3130,2.3646878663728432
3131,2.3646878663728432
3132,2.3646878663728432
3133,2.3646878663728432
3134,2.3646878663728432
3135,2.3646878663728432
3136,2.3646878663728432
3137,2.3646878663728432
3138,2.3646878663728432
3139,2.3646878663728432
3140,2.3646878663728432
3141,2.3646878663728432
3142,2.3646878663728432
3143,2.3646878663728432
3144,2.3646878663728432
3145,2.3646878663728432
3146,2.3646878663728432
3147,2.3646878663728432
3148,2.3646878663728432
3149,2.3646878663728432
3150,2.3646878663728432
3151,2.3646878663728432
3152,2.3646878663728432
3153,2.3646878663728432
3154,2.3646878663728432
3155,2.3646878663728432
3156,2.3646878663728432
3157,2.3646878663728432
3158,2.3646878663728432
3159,2.3646878663728432
3160,2.3646878663728432
3161,2.3646878663728432
3162,2.3646878663728432
3163,2.3646878663728432
3164,2.3646878663728432
3165,2.3646878663728432
3166,2.3646878663728432
3167,2.3646878663728432
3168,2.3646878663728432
3169,2.3646878663728432
3170,2.3646878663728432
3171,2.3646878663728432
3172,2.3646878663728432
3173,2.3646878663728432
3174,2.3646878663728432
3175,2.3646878663728432
3176,2.3646878663728432
3177,2.3646878663728432
3178,2.3646878663728432
3179,2.3646878663728432
3180,2.3646878663728432
3181,2.3646878663728432
3182,2.3646878663728432
3183,2.3646878663728432
3184,2.3646878663728432
3185,2.3646878663728432
3186,2.3646878663728432
3187,2.3646878663728432
3188,2.3646878663728432
3189,2.3646878663728432
3190,2.3646878663728432
3191,2.3646878663728432
3192,2.3646878663728432
3193,2.3646878663728432
3194,2.3646878663728432
3195,2.3646878663728432
3196,2.3646878663728432
3197,2.3646878663728432
3198,2.3646878663728432
3199,2.3646878663728432
3200,2.3646878663728432
3201,2.3646878663728432
3202,2.3646878663728432
3203,2.3646878663728432
3204,2.3646878663728432
3205,2.3646878663728432
3206,2.3646878663728432
3207,2.3646878663728432
3208,2.3646878663728432
3209,2.3646878663728432
3210,2.3646878663728432
3211,2.3646878663728432
3212,2.3646878663728432
3213,2.3646878663728432
3214,2.3646878663728432
3215,2.3646878663728432
3216,2.3646878663728432
3217,2.3646878663728432
3218,2.3646878663728432
3219,2.3646878663728432
3220,2.3646878663728432
3221,2.3646878663728432
3222,2.3646878663728432
3223,2.3646878663728432
3224,2.3646878663728432
3225,2.3646878663728432
3226,2.3646878663728432
3227,2.3646878663728432
3228,2.3646878663728432
3229,2.3646878663728432
3230,2.3646878663728432
3231,2.3646878663728432
3232,2.3646878663728432
3233,2.3646878663728432
3234,2.3646878663728432
3235,2.3646878663728432
3236,2.3646878663728432
3237,2.3646878663728432
3238,2.3646878663728432
3239,2.3646878663728432
3240,2.3646878663728432
3241,2.3646878663728432
3242,2.3646878663728432
3243,2.3646878663728432
3244,2.3646878663728432
3245,2.3646878663728432
3246,2.3646878663728432
3247,2.3646878663728432
3248,2.3646878663728432
3249,2.3646878663728432
3250,2.3646878663728432
3251,2.3646878663728432
3252,2.3646878663728432
3253,2.3646878663728432
3254,2.3646878663728432
3255,2.3646878663728432
3256,2.3646878663728432
3257,2.3646878663728432
3258,2.3646878663728432
3259,2.3646878663728432
3260,2.3646878663728432
3261,2.3646878663728432
3262,2.3646878663728432
3263,2.3646878663728432
3264,2.3646878663728432
3265,2.3646878663728432
3266,2.3646878663728432
3267,2.3646878663728432
3268,2.3646878663728432
3269,2.3646878663728432
3270,2.3646878663728432
3271,2.3646878663728432
3272,2.3646878663728432
3273,2.3646878663728432
3274,2.3646878663728432
3275,2.3646878663728432
3276,2.3646878663728432
3277,2.3646878663728432
3278,2.3646878663728432
3279,2.3646878663728432
3280,2.3646878663728432
3281,2.3646878663728432
3282,2.3646878663728432
3283,2.3646878663728432
3284,2.3646878663728432
3285,2.3646878663728432
3286,2.3646878663728432
3287,2.3646878663728432
3288,2.3646878663728432
3289,2.3646878663728432
3290,2.3646878663728432
3291,2.3646878663728432
3292,2.3646878663728432
3293,2.3646878663728432
3294,2.3646878663728432
3295,2.3646878663728432
3296,2.3646878663728432
3297,2.3646878663728432
3298,2.3646878663728432
3299,2.3646878663728432
3300,2.3646878663728432
3301,2.3646878663728432
3302,2.3646878663728432
3303,2.3646878663728432
3304,2.3646878663728432
3305,2.3646878663728432
3306,2.3646878663728432
3307,2.3646878663728432
3308,2.3646878663728432
3309,2.3646878663728432
3310,2.3646878663728432
3311,2.3646878663728432
3312,2.3646878663728432
3313,2.3646878663728432
3314,2.3646878663728432
3315,2.3646878663728432
3316,2.3646878663728432
3317,2.3646878663728432
3318,2.3646878663728432
3319,2.3646878663728432
3320,2.3646878663728432
3321,2.3646878663728432
3322,2.3646878663728432
3323,2.3646878663728432
3324,2.3646878663728432
3325,2.3646878663728432
3326,2.3646878663728432
3327,2.3646878663728432
3328,2.3646878663728432
3329,2.3646878663728432
3330,2.3646878663728432
3331,2.3646878663728432
3332,2.3646878663728432
3333,2.3646878663728432
3334,2.3646878663728432
3335,2.3646878663728432
3336,2.3646878663728432
3337,2.3646878663728432
3338,2.3646878663728432
3339,2.3646878663728432
3340,2.3646878663728432
3341,2.3646878663728432
3342,2.3646878663728432
3343,2.3646878663728432
3344,2.3646878663728432
3345,2.3646878663728432
3346,2.3646878663728432
3347,2.3646878663728432
3348,2.3646878663728432
3349,2.3646878663728432
3350,2.3646878663728432
3351,2.3646878663728432
3352,2.3646878663728432
3353,2.3646878663728432
3354,2.3646878663728432
3355,2.3646878663728432
3356,2.3646878663728432
3357,2.3646878663728432
3358,2.3646878663728432
3359,2.3646878663728432
3360,2.3646878663728432
3361,2.3646878663728432
3362,2.3646878663728432
3363,2.3646878663728432
3364,2.3646878663728432
3365,2.3646878663728432
3366,2.3646878663728432
3367,2.3646878663728432
3368,2.3646878663728432
3369,2.3646878663728432
3370,2.3646878663728432
3371,2.3646878663728432
3372,2.3646878663728432
3373,2.3646878663728432
3374,2.3646878663728432
3375,2.3646878663728432
3376,2.3646878663728432
3377,2.3646878663728432
3378,2.3646878663728432
3379,2.3646878663728432
3380,2.3646878663728432
3381,2.3646878663728432
3382,2.3646878663728432
3383,2.3646878663728432
3384,2.3646878663728432
3385,2.3646878663728432
3386,2.3646878663728432
3387,2.3646878663728432
3388,2.3646878663728432
3389,2.3646878663728432
3390,2.3646878663728432
3391,2.3646878663728432
3392,2.3646878663728432
3393,2.3646878663728432
3394,2.3646878663728432
3395,2.3646878663728432
3396,2.3646878663728432
3397,2.3646878663728432
3398,2.3646878663728432
3399,2.3646878663728432
3400,2.3646878663728432
3401,2.3646878663728432
3402,2.3646878663728432
3403,2.3646878663728432
3404,2.3646878663728432
3405,2.3646878663728432
3406,2.3646878663728432
3407,2.3646878663728432
3408,2.3646878663728432
3409,2.3646878663728432
3410,2.3646878663728432
3411,2.3646878663728432
3412,2.3646878663728432
3413,2.3646878663728432
3414,2.3646878663728432
3415,2.3646878663728432
3416,2.3646878663728432
3417,2.3646878663728432
3418,2.3646878663728432
3419,2.3646878663728432
3420,2.3646878663728432
3421,2.3646878663728432
3422,2.3646878663728432
3423,2.3646878663728432
3424,2.3646878663728432
3425,2.3646878663728432
3426,2.3646878663728432
3427,2.3646878663728432
3428,2.3646878663728432
3429,2.3646878663728432
3430,2.3646878663728432
3431,2.3646878663728432
3432,2.3646878663728432
3433,2.3646878663728432
3434,2.3646878663728432
3435,2.3646878663728432
3436,2.3646878663728432
3437,2.3646878663728432
3438,2.3646878663728432
3439,2.3646878663728432
3440,2.3646878663728432
3441,2.3646878663728432
3442,2.3646878663728432
3443,2.3646878663728432
3444,2.3646878663728432
3445,2.3646878663728432
3446,2.3646878663728432
3447,2.3646878663728432
3448,2.3646878663728432
3449,2.3646878663728432
3450,2.3646878663728432
3451,2.3646878663728432
3452,2.3646878663728432
3453,2.3646878663728432
3454,2.3646878663728432
3455,2.3646878663728432
3456,2.3646878663728432
3457,2.3646878663728432
3458,2.3646878663728432
3459,2.3646878663728432
3460,2.3646878663728432
3461,2.3646878663728432
3462,2.3646878663728432
3463,2.3646878663728432
3464,2.3646878663728432
3465,2.3646878663728432
3466,2.3646878663728432
3467,2.3646878663728432
3468,2.3646878663728432
3469,2.3646878663728432
3470,2.3646878663728432
3471,2.3646878663728432
3472,2.3646878663728432
3473,2.3646878663728432
3474,2.3646878663728432
3475,2.3646878663728432
3476,2.3646878663728432
3477,2.3646878663728432
3478,2.3646878663728432
3479,2.3646878663728432
3480,2.3646878663728432
3481,2.3646878663728432
3482,2.3646878663728432
3483,2.3646878663728432
3484,2.3646878663728432
3485,2.3646878663728432
3486,2.3646878663728432
3487,2.3646878663728432
3488,2.3646878663728432
3489,2.3646878663728432
3490,2.3646878663728432
3491,2.3646878663728432
3492,2.3646878663728432
3493,2.3646878663728432
3494,2.3646878663728432
3495,2.3646878663728432
3496,2.3646878663728432
3497,2.3646878663728432
3498,2.3646878663728432
3499,2.3646878663728432
3500,2.3646878663728432
3501,2.3646878663728432
3502,2.3646878663728432
3503,2.3646878663728432
3504,2.3646878663728432
3505,2.3646878663728432
3506,2.3646878663728432
3507,2.3646878663728432
3508,2.3646878663728432
3509,2.3646878663728432
3510,2.3646878663728432
3511,2.3646878663728432
3512,2.3646878663728432
3513,2.3646878663728432
3514,2.3646878663728432
3515,2.3646878663728432
3516,2.3646878663728432
3517,2.3646878663728432
3518,2.3646878663728432
3519,2.3646878663728432
3520,2.3646878663728432
3521,2.3646878663728432
3522,2.3646878663728432
3523,2.3646878663728432
3524,2.3646878663728432
3525,2.3646878663728432
3526,2.3646878663728432
3527,2.3646878663728432
3528,2.3646878663728432
3529,2.3646878663728432
3530,2.3646878663728432
3531,2.3646878663728432
3532,2.3646878663728432
3533,2.3646878663728432
3534,2.3646878663728432
3535,2.3646878663728432
3536,2.3646878663728432
3537,2.3646878663728432
3538,2.3646878663728432
3539,2.3646878663728432
3540,2.3646878663728432
3541,2.3646878663728432
3542,2.3646878663728432
3543,2.3646878663728432
3544,2.3646878663728432
3545,2.3646878663728432
3546,2.3646878663728432
3547,2.3646878663728432
3548,2.3646878663728432
3549,2.3646878663728432
3550,2.3646878663728432
3551,2.3646878663728432
3552,2.3646878663728432
3553,2.3646878663728432
3554,2.3646878663728432
3555,2.3646878663728432
3556,2.3646878663728432
3557,2.3646878663728432
3558,2.3646878663728432
3559,2.3646878663728432
3560,2.3646878663728432
3561,2.3646878663728432
3562,2.3646878663728432
3563,2.3646878663728432
3564,2.3646878663728432
3565,2.3646878663728432
3566,2.3646878663728432
3567,2.3646878663728432
3568,2.3646878663728432
3569,2.3646878663728432
3570,2.3646878663728432
3571,2.3646878663728432
3572,2.3646878663728432
3573,2.3646878663728432
3574,2.3646878663728432
3575,2.3646878663728432
3576,2.3646878663728432
3577,2.3646878663728432
3578,2.3646878663728432
3579,2.3646878663728432
3580,2.3646878663728432
3581,2.3646878663728432
3582,2.3646878663728432
3583,2.3646878663728432
3584,2.3646878663728432
3585,2.3646878663728432
3586,2.3646878663728432
3587,2.3646878663728432
3588,2.3646878663728432
3589,2.3646878663728432
3590,2.3646878663728432
3591,2.3646878663728432
3592,2.3646878663728432
3593,2.3646878663728432
3594,2.3646878663728432
3595,2.3646878663728432
3596,2.3646878663728432
3597,2.3646878663728432
3598,2.3646878663728432
3599,2.3646878663728432
3600,2.3646878663728432
3601,2.3646878663728432
3602,2.3646878663728432
3603,2.3646878663728432
3604,2.3646878663728432
3605,2.3646878663728432
3606,2.3646878663728432
3607,2.3646878663728432
3608,2.3646878663728432
3609,2.3646878663728432
3610,2.3646878663728432
3611,2.3646878663728432
3612,2.3646878663728432
3613,2.3646878663728432
3614,2.3646878663728432
3615,2.3646878663728432
3616,2.3646878663728432
3617,2.3646878663728432
3618,2.3646878663728432
3619,2.3646878663728432
3620,2.3646878663728432
3621,2.3646878663728432
3622,2.3646878663728432
3623,2.3646878663728432
3624,2.3646878663728432
3625,2.3646878663728432
3626,2.3646878663728432
3627,2.3646878663728432
3628,2.3646878663728432
3629,2.3646878663728432
3630,2.3646878663728432
3631,2.3646878663728432
3632,2.3646878663728432
3633,2.3646878663728432
3634,2.3646878663728432
3635,2.3646878663728432
3636,2.3646878663728432
3637,2.3646878663728432
3638,2.3646878663728432
3639,2.3646878663728432
3640,2.3646878663728432
3641,2.3646878663728432
3642,2.3646878663728432
3643,2.3646878663728432
3644,2.3646878663728432
3645,2.3646878663728432
3646,2.3646878663728432
3647,2.3646878663728432
3648,2.3646878663728432
3649,2.3646878663728432
3650,2.3646878663728432
3651,2.3646878663728432
3652,2.3646878663728432
3653,2.3646878663728432
3654,2.3646878663728432
3655,2.3646878663728432
3656,2.3646878663728432
3657,2.3646878663728432
3658,2.3646878663728432
3659,2.3646878663728432
3660,2.3646878663728432
3661,2.3646878663728432
3662,2.3646878663728432
3663,2.3646878663728432
3664,2.3646878663728432
3665,2.3646878663728432
3666,2.3646878663728432
3667,2.3646878663728432
3668,2.3646878663728432
3669,2.3646878663728432
3670,2.3646878663728432
3671,2.3646878663728432
3672,2.3646878663728432
3673,2.3646878663728432
3674,2.3646878663728432
3675,2.3646878663728432
3676,2.3646878663728432
3677,2.3646878663728432
3678,2.3646878663728432
3679,2.3646878663728432
3680,2.3646878663728432
3681,2.3646878663728432
3682,2.3646878663728432
3683,2.3646878663728432
3684,2.3646878663728432
3685,2.3646878663728432
3686,2.3646878663728432
3687,2.3646878663728432
3688,2.3646878663728432
3689,2.3646878663728432
3690,2.3646878663728432
3691,2.3646878663728432
3692,2.3646878663728432
3693,2.3646878663728432
3694,2.3646878663728432
3695,2.3646878663728432
3696,2.3646878663728432
3697,2.3646878663728432
3698,2.3646878663728432
3699,2.3646878663728432
3700,2.3646878663728432
3701,2.3646878663728432
3702,2.3646878663728432
3703,2.3646878663728432
3704,2.3646878663728432
3705,2.3646878663728432
3706,2.3646878663728432
3707,2.3646878663728432
3708,2.3646878663728432
3709,2.3646878663728432
3710,2.3646878663728432
3711,2.3646878663728432
3712,2.3646878663728432
3713,2.3646878663728432
3714,2.3646878663728432
3715,2.3646878663728432
3716,2.3646878663728432
3717,2.3646878663728432
3718,2.3646878663728432
3719,2.3646878663728432
3720,2.3646878663728432
3721,2.3646878663728432
3722,2.3646878663728432
3723,2.3646878663728432
3724,2.3646878663728432
3725,2.3646878663728432
3726,2.3646878663728432
3727,2.3646878663728432
3728,2.3646878663728432
3729,2.3646878663728432
3730,2.3646878663728432
3731,2.3646878663728432
3732,2.3646878663728432
3733,2.3646878663728432
3734,2.3646878663728432
3735,2.3646878663728432
3736,2.3646878663728432
3737,2.3646878663728432
3738,2.3646878663728432
3739,2.3646878663728432
3740,2.3646878663728432
3741,2.3646878663728432
3742,2.3646878663728432
3743,2.3646878663728432
3744,2.3646878663728432
3745,2.3646878663728432
3746,2.3646878663728432
3747,2.3646878663728432
3748,2.3646878663728432
3749,2.3646878663728432
3750,2.3646878663728432
3751,2.3646878663728432
3752,2.3646878663728432
3753,2.3646878663728432
3754,2.3646878663728432
3755,2.3646878663728432
3756,2.3646878663728432
3757,2.3646878663728432
3758,2.3646878663728432
3759,2.3646878663728432
3760,2.3646878663728432
3761,2.3646878663728432
3762,2.3646878663728432
3763,2.3646878663728432
3764,2.3646878663728432
3765,2.3646878663728432
3766,2.3646878663728432
3767,2.3646878663728432
3768,2.3646878663728432
3769,2.3646878663728432
3770,2.3646878663728432
3771,2.3646878663728432
3772,2.3646878663728432
3773,2.3646878663728432
3774,2.3646878663728432
3775,2.3646878663728432
3776,2.3646878663728432
3777,2.3646878663728432
3778,2.3646878663728432
3779,2.3646878663728432
3780,2.3646878663728432
3781,2.3646878663728432
3782,2.3646878663728432
3783,2.3646878663728432
3784,2.3646878663728432
3785,2.3646878663728432
3786,2.3646878663728432
3787,2.3646878663728432
3788,2.3646878663728432
3789,2.3646878663728432
3790,2.3646878663728432
3791,2.3646878663728432
3792,2.3646878663728432
3793,2.3646878663728432
3794,2.3646878663728432
3795,2.3646878663728432
3796,2.3646878663728432
3797,2.3646878663728432
3798,2.3646878663728432
3799,2.3646878663728432
3800,2.3646878663728432
3801,2.3646878663728432
3802,2.3646878663728432
3803,2.3646878663728432
3804,2.3646878663728432
3805,2.3646878663728432
3806,2.3646878663728432
3807,2.3646878663728432
3808,2.3646878663728432
3809,2.3646878663728432
3810,2.3646878663728432
3811,2.3646878663728432
3812,2.3646878663728432
3813,2.3646878663728432
3814,2.3646878663728432
3815,2.3646878663728432
3816,2.3646878663728432
3817,2.3646878663728432
3818,2.3646878663728432
3819,2.3646878663728432
3820,2.3646878663728432
3821,2.3646878663728432
3822,2.3646878663728432
3823,2.3646878663728432
3824,2.3646878663728432
3825,2.3646878663728432
3826,2.3646878663728432
3827,2.3646878663728432
3828,2.3646878663728432
3829,2.3646878663728432
3830,2.3646878663728432
3831,2.3646878663728432
3832,2.3646878663728432
3833,2.3646878663728432
3834,2.3646878663728432
3835,2.3646878663728432
3836,2.3646878663728432
3837,2.3646878663728432
3838,2.3646878663728432
3839,2.3646878663728432
3840,2.3646878663728432
3841,2.3646878663728432
3842,2.3646878663728432
3843,2.3646878663728432
3844,2.3646878663728432
3845,2.3646878663728432
3846,2.3646878663728432
3847,2.3646878663728432
3848,2.3646878663728432
3849,2.3646878663728432
3850,2.3646878663728432
3851,2.3646878663728432
3852,2.3646878663728432
3853,2.3646878663728432
3854,2.3646878663728432
3855,2.3646878663728432
3856,2.3646878663728432
3857,2.3646878663728432
3858,2.3646878663728432
3859,2.3646878663728432
3860,2.3646878663728432
3861,2.3646878663728432
3862,2.3646878663728432
3863,2.3646878663728432
3864,2.3646878663728432
3865,2.3646878663728432
3866,2.3646878663728432
3867,2.3646878663728432
3868,2.3646878663728432
3869,2.3646878663728432
3870,2.3646878663728432
3871,2.3646878663728432
3872,2.3646878663728432
3873,2.3646878663728432
3874,2.3646878663728432
3875,2.3646878663728432
3876,2.3646878663728432
3877,2.3646878663728432
3878,2.3646878663728432
3879,2.3646878663728432
3880,2.3646878663728432
3881,2.3646878663728432
3882,2.3646878663728432
3883,2.3646878663728432
3884,2.3646878663728432
3885,2.3646878663728432
3886,2.3646878663728432
3887,2.3646878663728432
3888,2.3646878663728432
3889,2.3646878663728432
3890,2.3646878663728432
3891,2.3646878663728432
3892,2.3646878663728432
3893,2.3646878663728432
3894,2.3646878663728432
3895,2.3646878663728432
3896,2.3646878663728432
3897,2.3646878663728432
3898,2.3646878663728432
3899,2.3646878663728432
3900,2.3646878663728432
3901,2.3646878663728432
3902,2.3646878663728432
3903,2.3646878663728432
3904,2.3646878663728432
3905,2.3646878663728432
3906,2.3646878663728432
3907,2.3646878663728432
3908,2.3646878663728432
3909,2.3646878663728432
3910,2.3646878663728432
3911,2.3646878663728432
3912,2.3646878663728432
3913,2.3646878663728432
3914,2.3646878663728432
3915,2.3646878663728432
3916,2.3646878663728432
3917,2.3646878663728432
3918,2.3646878663728432
3919,2.3646878663728432
3920,2.3646878663728432
3921,2.3646878663728432
3922,2.3646878663728432
3923,2.3646878663728432
3924,2.3646878663728432
3925,2.3646878663728432
3926,2.3646878663728432
3927,2.3646878663728432
3928,2.3646878663728432
3929,2.3646878663728432
3930,2.3646878663728432
3931,2.3646878663728432
3932,2.3646878663728432
3933,2.3646878663728432
3934,2.3646878663728432
3935,2.3646878663728432
3936,2.3646878663728432
3937,2.3646878663728432
3938,2.3646878663728432
3939,2.3646878663728432
3940,2.3646878663728432
3941,2.3646878663728432
3942,2.3646878663728432
3943,2.3646878663728432
3944,2.3646878663728432
3945,2.3646878663728432
3946,2.3646878663728432
3947,2.3646878663728432
3948,2.3646878663728432
3949,2.3646878663728432
3950,2.3646878663728432
3951,2.3646878663728432
3952,2.3646878663728432
3953,2.3646878663728432
3954,2.3646878663728432
3955,2.3646878663728432
3956,2.3646878663728432
3957,2.3646878663728432
3958,2.3646878663728432
3959,2.3646878663728432
3960,2.3646878663728432
3961,2.3646878663728432
3962,2.3646878663728432
3963,2.3646878663728432
3964,2.3646878663728432
3965,2.3646878663728432
3966,2.3646878663728432
3967,2.3646878663728432
3968,2.3646878663728432
3969,2.3646878663728432
3970,2.3646878663728432
3971,2.3646878663728432
3972,2.3646878663728432
3973,2.3646878663728432
3974,2.3646878663728432
3975,2.3646878663728432
3976,2.3646878663728432
3977,2.3646878663728432
3978,2.3646878663728432
3979,2.3646878663728432
3980,2.3646878663728432
3981,2.3646878663728432
3982,2.3646878663728432
3983,2.3646878663728432
3984,2.3646878663728432
3985,2.3646878663728432
3986,2.3646878663728432
3987,2.3646878663728432
3988,2.3646878663728432
3989,2.3646878663728432
3990,2.3646878663728432
3991,2.3646878663728432
3992,2.3646878663728432
3993,2.3646878663728432
3994,2.3646878663728432
3995,2.3646878663728432
3996,2.3646878663728432
3997,2.3646878663728432
3998,2.3646878663728432
3999,2.3646878663728432
4000,2.3646878663728432
4001,2.3646878663728432
4002,2.3646878663728432
4003,2.3646878663728432
4004,2.3646878663728432
4005,2.3646878663728432
4006,2.3646878663728432
4007,2.3646878663728432
4008,2.3646878663728432
4009,2.3646878663728432
4010,2.3646878663728432
4011,2.3646878663728432
4012,2.3646878663728432
4013,2.3646878663728432
4014,2.3646878663728432
4015,2.3646878663728432
4016,2.3646878663728432
4017,2.3646878663728432
4018,2.3646878663728432
4019,2.3646878663728432
4020,2.3646878663728432
4021,2.3646878663728432
4022,2.3646878663728432
4023,2.3646878663728432
4024,2.3646878663728432
4025,2.3646878663728432
4026,2.3646878663728432
4027,2.3646878663728432
4028,2.3646878663728432
4029,2.3646878663728432
4030,2.3646878663728432
4031,2.3646878663728432
4032,2.3646878663728432
4033,2.3646878663728432
4034,2.3646878663728432
4035,2.3646878663728432
4036,2.3646878663728432
4037,2.3646878663728432
4038,2.3646878663728432
4039,2.3646878663728432
4040,2.3646878663728432
4041,2.3646878663728432
4042,2.3646878663728432
4043,2.3646878663728432
4044,2.3646878663728432
4045,2.3646878663728432
4046,2.3646878663728432
4047,2.3646878663728432
4048,2.3646878663728432
4049,2.3646878663728432
4050,2.3646878663728432
4051,2.3646878663728432
4052,2.3646878663728432
4053,2.3646878663728432
4054,2.3646878663728432
4055,2.3646878663728432
4056,2.3646878663728432
4057,2.3646878663728432
4058,2.3646878663728432
4059,2.3646878663728432
4060,2.3646878663728432
4061,2.3646878663728432
4062,2.3646878663728432
4063,2.3646878663728432
4064,2.3646878663728432
4065,2.3646878663728432
4066,2.3646878663728432
4067,2.3646878663728432
4068,2.3646878663728432
4069,2.3646878663728432
4070,2.3646878663728432
4071,2.3646878663728432
4072,2.3646878663728432
4073,2.3646878663728432
4074,2.3646878663728432
4075,2.3646878663728432
4076,2.3646878663728432
4077,2.3646878663728432
4078,2.3646878663728432
4079,2.3646878663728432
4080,2.3646878663728432
4081,2.3646878663728432
4082,2.3646878663728432
4083,2.3646878663728432
4084,2.3646878663728432
4085,2.3646878663728432
4086,2.3646878663728432
4087,2.3646878663728432
4088,2.3646878663728432
4089,2.3646878663728432
4090,2.3646878663728432
4091,2.3646878663728432
4092,2.3646878663728432
4093,2.3646878663728432
4094,2.3646878663728432
4095,2.3646878663728432
4096,2.3646878663728432
4097,2.3646878663728432
4098,2.3646878663728432
4099,2.3646878663728432
4100,2.3646878663728432
4101,2.3646878663728432
4102,2.3646878663728432
4103,2.3646878663728432
4104,2.3646878663728432
4105,2.3646878663728432
4106,2.3646878663728432
4107,2.3646878663728432
4108,2.3646878663728432
4109,2.3646878663728432
4110,2.3646878663728432
4111,2.3646878663728432
4112,2.3646878663728432
4113,2.3646878663728432
4114,2.3646878663728432
4115,2.3646878663728432
4116,2.3646878663728432
4117,2.3646878663728432
4118,2.3646878663728432
4119,2.3646878663728432
4120,2.3646878663728432
4121,2.3646878663728432
4122,2.3646878663728432
4123,2.3646878663728432
4124,2.3646878663728432
4125,2.3646878663728432
4126,2.3646878663728432
4127,2.3646878663728432
4128,2.3646878663728432
4129,2.3646878663728432
4130,2.3646878663728432
4131,2.3646878663728432
4132,2.3646878663728432
4133,2.3646878663728432
4134,2.3646878663728432
4135,2.3646878663728432
4136,2.3646878663728432
4137,2.3646878663728432
4138,2.3646878663728432
4139,2.3646878663728432
4140,2.3646878663728432
4141,2.3646878663728432
4142,2.3646878663728432
4143,2.3646878663728432
4144,2.3646878663728432
4145,2.3646878663728432
4146,2.3646878663728432
4147,2.3646878663728432
4148,2.3646878663728432
4149,2.3646878663728432
4150,2.3646878663728432
4151,2.3646878663728432
4152,2.3646878663728432
4153,2.3646878663728432
4154,2.3646878663728432
4155,2.3646878663728432
4156,2.3646878663728432
4157,2.3646878663728432
4158,2.3646878663728432
4159,2.3646878663728432
4160,2.3646878663728432
4161,2.3646878663728432
4162,2.3646878663728432
4163,2.3646878663728432
4164,2.3646878663728432
4165,2.3646878663728432
4166,2.3646878663728432
4167,2.3646878663728432
4168,2.3646878663728432
4169,2.3646878663728432
4170,2.3646878663728432
4171,2.3646878663728432
4172,2.3646878663728432
4173,2.3646878663728432
4174,2.3646878663728432
4175,2.3646878663728432
4176,2.3646878663728432
4177,2.3646878663728432
4178,2.3646878663728432
4179,2.3646878663728432
4180,2.3646878663728432
4181,2.3646878663728432
4182,2.3646878663728432
4183,2.3646878663728432
4184,2.3646878663728432
4185,2.3646878663728432
4186,2.3646878663728432
4187,2.3646878663728432
4188,2.3646878663728432
4189,2.3646878663728432
4190,2.3646878663728432
4191,2.3646878663728432
4192,2.3646878663728432
4193,2.3646878663728432
4194,2.3646878663728432
4195,2.3646878663728432
4196,2.3646878663728432
4197,2.3646878663728432
4198,2.3646878663728432
4199,2.3646878663728432
4200,2.3646878663728432
4201,2.3646878663728432
4202,2.3646878663728432
4203,2.3646878663728432
4204,2.3646878663728432
4205,2.3646878663728432
4206,2.3646878663728432
4207,2.3646878663728432
4208,2.3646878663728432
4209,2.3646878663728432
4210,2.3646878663728432
4211,2.3646878663728432
4212,2.3646878663728432
4213,2.3646878663728432
4214,2.3646878663728432
4215,2.3646878663728432
4216,2.3646878663728432
4217,2.3646878663728432
4218,2.3646878663728432
4219,2.3646878663728432
4220,2.3646878663728432
4221,2.3646878663728432
4222,2.3646878663728432
4223,2.3646878663728432
4224,2.3646878663728432
4225,2.3646878663728432
4226,2.3646878663728432
4227,2.3646878663728432
4228,2.3646878663728432
4229,2.3646878663728432
4230,2.3646878663728432
4231,2.3646878663728432
4232,2.3646878663728432
4233,2.3646878663728432
4234,2.3646878663728432
4235,2.3646878663728432
4236,2.3646878663728432
4237,2.3646878663728432
4238,2.3646878663728432
4239,2.3646878663728432
4240,2.3646878663728432
4241,2.3646878663728432
4242,2.3646878663728432
4243,2.3646878663728432
4244,2.3646878663728432
4245,2.3646878663728432
4246,2.3646878663728432
4247,2.3646878663728432
4248,2.3646878663728432
4249,2.3646878663728432
4250,2.3646878663728432
4251,2.3646878663728432
4252,2.3646878663728432
4253,2.3646878663728432
4254,2.3646878663728432
4255,2.3646878663728432
4256,2.3646878663728432
4257,2.3646878663728432
4258,2.3646878663728432
4259,2.3646878663728432
4260,2.3646878663728432
4261,2.3646878663728432
4262,2.3646878663728432
4263,2.3646878663728432
4264,2.3646878663728432
4265,2.3646878663728432
4266,2.3646878663728432
4267,2.3646878663728432
4268,2.3646878663728432
4269,2.3646878663728432
4270,2.3646878663728432
4271,2.3646878663728432
4272,2.3646878663728432
4273,2.3646878663728432
4274,2.3646878663728432
4275,2.3646878663728432
4276,2.3646878663728432
4277,2.3646878663728432
4278,2.3646878663728432
4279,2.3646878663728432
4280,2.3646878663728432
4281,2.3646878663728432
4282,2.3646878663728432
4283,2.3646878663728432
4284,2.3646878663728432
4285,2.3646878663728432
4286,2.3646878663728432
4287,2.3646878663728432
4288,2.3646878663728432
4289,2.3646878663728432
4290,2.3646878663728432
4291,2.3646878663728432
4292,2.3646878663728432
4293,2.3646878663728432
4294,2.3646878663728432
4295,2.3646878663728432
4296,2.3646878663728432
4297,2.3646878663728432
4298,2.3646878663728432
4299,2.3646878663728432
4300,2.3646878663728432
4301,2.3646878663728432
4302,2.3646878663728432
4303,2.3646878663728432
4304,2.3646878663728432
4305,2.3646878663728432
4306,2.3646878663728432
4307,2.3646878663728432
4308,2.3646878663728432
4309,2.3646878663728432
4310,2.3646878663728432
4311,2.3646878663728432
4312,2.3646878663728432
4313,2.3646878663728432
4314,2.3646878663728432
4315,2.3646878663728432
4316,2.3646878663728432
4317,2.3646878663728432
4318,2.3646878663728432
4319,2.3646878663728432
4320,2.3646878663728432
4321,2.3646878663728432
4322,2.3646878663728432
4323,2.3646878663728432
4324,2.3646878663728432
4325,2.3646878663728432
4326,2.3646878663728432
4327,2.3646878663728432
4328,2.3646878663728432
4329,2.3646878663728432
4330,2.3646878663728432
4331,2.3646878663728432
4332,2.3646878663728432
4333,2.3646878663728432
4334,2.3646878663728432
4335,2.3646878663728432
4336,2.3646878663728432
4337,2.3646878663728432
4338,2.3646878663728432
4339,2.3646878663728432
4340,2.3646878663728432
4341,2.3646878663728432
4342,2.3646878663728432
4343,2.3646878663728432
4344,2.3646878663728432
4345,2.3646878663728432
4346,2.3646878663728432
4347,2.3646878663728432
4348,2.3646878663728432
4349,2.3646878663728432
4350,2.3646878663728432
4351,2.3646878663728432
4352,2.3646878663728432
4353,2.3646878663728432
4354,2.3646878663728432
4355,2.3646878663728432
4356,2.3646878663728432
4357,2.3646878663728432
4358,2.3646878663728432
4359,2.3646878663728432
4360,2.3646878663728432
4361,2.3646878663728432
4362,2.3646878663728432
4363,2.3646878663728432
4364,2.3646878663728432
4365,2.3646878663728432
4366,2.3646878663728432
4367,2.3646878663728432
4368,2.3646878663728432
4369,2.3646878663728432
4370,2.3646878663728432
4371,2.3646878663728432
4372,2.3646878663728432
4373,2.3646878663728432
4374,2.3646878663728432
4375,2.3646878663728432
4376,2.3646878663728432
4377,2.3646878663728432
4378,2.3646878663728432
4379,2.3646878663728432
4380,2.3646878663728432
4381,2.3646878663728432
4382,2.3646878663728432
4383,2.3646878663728432
4384,2.3646878663728432
4385,2.3646878663728432
4386,2.3646878663728432
4387,2.3646878663728432
4388,2.3646878663728432
4389,2.3646878663728432
4390,2.3646878663728432
4391,2.3646878663728432
4392,2.3646878663728432
4393,2.3646878663728432
4394,2.3646878663728432
4395,2.3646878663728432
4396,2.3646878663728432
4397,2.3646878663728432
4398,2.3646878663728432
4399,2.3646878663728432
4400,2.3646878663728432
4401,2.3646878663728432
4402,2.3646878663728432
4403,2.3646878663728432
4404,2.3646878663728432
4405,2.3646878663728432
4406,2.3646878663728432
4407,2.3646878663728432
4408,2.3646878663728432
4409,2.3646878663728432
4410,2.3646878663728432
4411,2.3646878663728432
4412,2.3646878663728432
4413,2.3646878663728432
4414,2.3646878663728432
4415,2.3646878663728432
4416,2.3646878663728432
4417,2.3646878663728432
4418,2.3646878663728432
4419,2.3646878663728432
4420,2.3646878663728432
4421,2.3646878663728432
4422,2.3646878663728432
4423,2.3646878663728432
4424,2.3646878663728432
4425,2.3646878663728432
4426,2.3646878663728432
4427,2.3646878663728432
4428,2.3646878663728432
4429,2.3646878663728432
4430,2.3646878663728432
4431,2.3646878663728432
4432,2.3646878663728432
4433,2.3646878663728432
4434,2.3646878663728432
4435,2.3646878663728432
4436,2.3646878663728432
4437,2.3646878663728432
4438,2.3646878663728432
4439,2.3646878663728432
4440,2.3646878663728432
4441,2.3646878663728432
4442,2.3646878663728432
4443,2.3646878663728432
4444,2.3646878663728432
4445,2.3646878663728432
4446,2.3646878663728432
4447,2.3646878663728432
4448,2.3646878663728432
4449,2.3646878663728432
4450,2.3646878663728432
4451,2.3646878663728432
4452,2.3646878663728432
4453,2.3646878663728432
4454,2.3646878663728432
4455,2.3646878663728432
4456,2.3646878663728432
4457,2.3646878663728432
4458,2.3646878663728432
4459,2.3646878663728432
4460,2.3646878663728432
4461,2.3646878663728432
4462,2.3646878663728432
4463,2.3646878663728432
4464,2.3646878663728432
4465,2.3646878663728432
4466,2.3646878663728432
4467,2.3646878663728432
4468,2.3646878663728432
4469,2.3646878663728432
4470,2.3646878663728432
4471,2.3646878663728432
4472,2.3646878663728432
4473,2.3646878663728432
4474,2.3646878663728432
4475,2.3646878663728432
4476,2.3646878663728432
4477,2.3646878663728432
4478,2.3646878663728432
4479,2.3646878663728432
4480,2.3646878663728432
4481,2.3646878663728432
4482,2.3646878663728432
4483,2.3646878663728432
4484,2.3646878663728432
4485,2.3646878663728432
4486,2.3646878663728432
4487,2.3646878663728432
4488,2.3646878663728432
4489,2.3646878663728432
4490,2.3646878663728432
4491,2.3646878663728432
4492,2.3646878663728432
4493,2.3646878663728432
4494,2.3646878663728432
4495,2.3646878663728432
4496,2.3646878663728432
4497,2.3646878663728432
4498,2.3646878663728432
4499,2.3646878663728432
4500,2.3646878663728432
4501,2.3646878663728432
4502,2.3646878663728432
4503,2.3646878663728432
4504,2.3646878663728432
4505,2.3646878663728432
4506,2.3646878663728432
4507,2.3646878663728432
4508,2.3646878663728432
4509,2.3646878663728432
4510,2.3646878663728432
4511,2.3646878663728432
4512,2.3646878663728432
4513,2.3646878663728432
4514,2.3646878663728432
4515,2.3646878663728432
4516,2.3646878663728432
4517,2.3646878663728432
4518,2.3646878663728432
4519,2.3646878663728432
4520,2.3646878663728432
4521,2.3646878663728432
4522,2.3646878663728432
4523,2.3646878663728432
4524,2.3646878663728432
4525,2.3646878663728432
4526,2.3646878663728432
4527,2.3646878663728432
4528,2.3646878663728432
4529,2.3646878663728432
4530,2.3646878663728432
4531,2.3646878663728432
4532,2.3646878663728432
4533,2.3646878663728432
4534,2.3646878663728432
4535,2.3646878663728432
4536,2.3646878663728432
4537,2.3646878663728432
4538,2.3646878663728432
4539,2.3646878663728432
4540,2.3646878663728432
4541,2.3646878663728432
4542,2.3646878663728432
4543,2.3646878663728432
4544,2.3646878663728432
4545,2.3646878663728432
4546,2.3646878663728432
4547,2.3646878663728432
4548,2.3646878663728432
4549,2.3646878663728432
4550,2.3646878663728432
4551,2.3646878663728432
4552,2.3646878663728432
4553,2.3646878663728432
4554,2.3646878663728432
4555,2.3646878663728432
4556,2.3646878663728432
4557,2.3646878663728432
4558,2.3646878663728432
4559,2.3646878663728432
4560,2.3646878663728432
4561,2.3646878663728432
4562,2.3646878663728432
4563,2.3646878663728432
4564,2.3646878663728432
4565,2.3646878663728432
4566,2.3646878663728432
4567,2.3646878663728432
4568,2.3646878663728432
4569,2.3646878663728432
4570,2.3646878663728432
4571,2.3646878663728432
4572,2.3646878663728432
4573,2.3646878663728432
4574,2.3646878663728432
4575,2.3646878663728432
4576,2.3646878663728432
4577,2.3646878663728432
4578,2.3646878663728432
4579,2.3646878663728432
4580,2.3646878663728432
4581,2.3646878663728432
4582,2.3646878663728432
4583,2.3646878663728432
4584,2.3646878663728432
4585,2.3646878663728432
4586,2.3646878663728432
4587,2.3646878663728432
4588,2.3646878663728432
4589,2.3646878663728432
4590,2.3646878663728432
4591,2.3646878663728432
4592,2.3646878663728432
4593,2.3646878663728432
4594,2.3646878663728432
4595,2.3646878663728432
4596,2.3646878663728432
4597,2.3646878663728432
4598,2.3646878663728432
4599,2.3646878663728432
4600,2.3646878663728432
4601,2.3646878663728432
4602,2.3646878663728432
4603,2.3646878663728432
4604,2.3646878663728432
4605,2.3646878663728432
4606,2.3646878663728432
4607,2.3646878663728432
4608,2.3646878663728432
4609,2.3646878663728432
4610,2.3646878663728432
4611,2.3646878663728432
4612,2.3646878663728432
4613,2.3646878663728432
4614,2.3646878663728432
4615,2.3646878663728432
4616,2.3646878663728432
4617,2.3646878663728432
4618,2.3646878663728432
4619,2.3646878663728432
4620,2.3646878663728432
4621,2.3646878663728432
4622,2.3646878663728432
4623,2.3646878663728432
4624,2.3646878663728432
4625,2.3646878663728432
4626,2.3646878663728432
4627,2.3646878663728432
4628,2.3646878663728432
4629,2.3646878663728432
4630,2.3646878663728432
4631,2.3646878663728432
4632,2.3646878663728432
4633,2.3646878663728432
4634,2.3646878663728432
4635,2.3646878663728432
4636,2.3646878663728432
4637,2.3646878663728432
4638,2.3646878663728432
4639,2.3646878663728432
4640,2.3646878663728432
4641,2.3646878663728432
4642,2.3646878663728432
4643,2.3646878663728432
4644,2.3646878663728432
4645,2.3646878663728432
4646,2.3646878663728432
4647,2.3646878663728432
4648,2.3646878663728432
4649,2.3646878663728432
4650,2.3646878663728432
4651,2.3646878663728432
4652,2.3646878663728432
4653,2.3646878663728432
4654,2.3646878663728432
4655,2.3646878663728432
4656,2.3646878663728432
4657,2.3646878663728432
4658,2.3646878663728432
4659,2.3646878663728432
4660,2.3646878663728432
4661,2.3646878663728432
4662,2.3646878663728432
4663,2.3646878663728432
4664,2.3646878663728432
4665,2.3646878663728432
4666,2.3646878663728432
4667,2.3646878663728432
4668,2.3646878663728432
4669,2.3646878663728432
4670,2.3646878663728432
4671,2.3646878663728432
4672,2.3646878663728432
4673,2.3646878663728432
4674,2.3646878663728432
4675,2.3646878663728432
4676,2.3646878663728432
4677,2.3646878663728432
4678,2.3646878663728432
4679,2.3646878663728432
4680,2.3646878663728432
4681,2.3646878663728432
4682,2.3646878663728432
4683,2.3646878663728432
4684,2.3646878663728432
4685,2.3646878663728432
4686,2.3646878663728432
4687,2.3646878663728432
4688,2.3646878663728432
4689,2.3646878663728432
4690,2.3646878663728432
4691,2.3646878663728432
4692,2.3646878663728432
4693,2.3646878663728432
4694,2.3646878663728432
4695,2.3646878663728432
4696,2.3646878663728432
4697,2.3646878663728432
4698,2.3646878663728432
4699,2.3646878663728432
4700,2.3646878663728432
4701,2.3646878663728432
4702,2.3646878663728432
4703,2.3646878663728432
4704,2.3646878663728432
4705,2.3646878663728432
4706,2.3646878663728432
4707,2.3646878663728432
4708,2.3646878663728432
4709,2.3646878663728432
4710,2.3646878663728432
4711,2.3646878663728432
4712,2.3646878663728432
4713,2.3646878663728432
4714,2.3646878663728432
4715,2.3646878663728432
4716,2.3646878663728432
4717,2.3646878663728432
4718,2.3646878663728432
4719,2.3646878663728432
4720,2.3646878663728432
4721,2.3646878663728432
4722,2.3646878663728432
4723,2.3646878663728432
4724,2.3646878663728432
4725,2.3646878663728432
4726,2.3646878663728432
4727,2.3646878663728432
4728,2.3646878663728432
4729,2.3646878663728432
4730,2.3646878663728432
4731,2.3646878663728432
4732,2.3646878663728432
4733,2.3646878663728432
4734,2.3646878663728432
4735,2.3646878663728432
4736,2.3646878663728432
4737,2.3646878663728432
4738,2.3646878663728432
4739,2.3646878663728432
4740,2.3646878663728432
4741,2.3646878663728432
4742,2.3646878663728432
4743,2.3646878663728432
4744,2.3646878663728432
4745,2.3646878663728432
4746,2.3646878663728432
4747,2.3646878663728432
4748,2.3646878663728432
4749,2.3646878663728432
4750,2.3646878663728432
4751,2.3646878663728432
4752,2.3646878663728432
4753,2.3646878663728432
4754,2.3646878663728432
4755,2.3646878663728432
4756,2.3646878663728432
4757,2.3646878663728432
4758,2.3646878663728432
4759,2.3646878663728432
4760,2.3646878663728432
4761,2.3646878663728432
4762,2.3646878663728432
4763,2.3646878663728432
4764,2.3646878663728432
4765,2.3646878663728432
4766,2.3646878663728432
4767,2.3646878663728432
4768,2.3646878663728432
4769,2.3646878663728432
4770,2.3646878663728432
4771,2.3646878663728432
4772,2.3646878663728432
4773,2.3646878663728432
4774,2.3646878663728432
4775,2.3646878663728432
4776,2.3646878663728432
4777,2.3646878663728432
4778,2.3646878663728432
4779,2.3646878663728432
4780,2.3646878663728432
4781,2.3646878663728432
4782,2.3646878663728432
4783,2.3646878663728432
4784,2.3646878663728432
4785,2.3646878663728432
4786,2.3646878663728432
4787,2.3646878663728432
4788,2.3646878663728432
4789,2.3646878663728432
4790,2.3646878663728432
4791,2.3646878663728432
4792,2.3646878663728432
4793,2.3646878663728432
4794,2.3646878663728432
4795,2.3646878663728432
4796,2.3646878663728432
4797,2.3646878663728432
4798,2.3646878663728432
4799,2.3646878663728432
4800,2.3646878663728432
4801,2.3646878663728432
4802,2.3646878663728432
4803,2.3646878663728432
4804,2.3646878663728432
4805,2.3646878663728432
4806,2.3646878663728432
4807,2.3646878663728432
4808,2.3646878663728432
4809,2.3646878663728432
4810,2.3646878663728432
4811,2.3646878663728432
4812,2.3646878663728432
4813,2.3646878663728432
4814,2.3646878663728432
4815,2.3646878663728432
4816,2.3646878663728432
4817,2.3646878663728432
4818,2.3646878663728432
4819,2.3646878663728432
4820,2.3646878663728432
4821,2.3646878663728432
4822,2.3646878663728432
4823,2.3646878663728432
4824,2.3646878663728432
4825,2.3646878663728432
4826,2.3646878663728432
4827,2.3646878663728432
4828,2.3646878663728432
4829,2.3646878663728432
4830,2.3646878663728432
4831,2.3646878663728432
4832,2.3646878663728432
4833,2.3646878663728432
4834,2.3646878663728432
4835,2.3646878663728432
4836,2.3646878663728432
4837,2.3646878663728432
4838,2.3646878663728432
4839,2.3646878663728432
4840,2.3646878663728432
4841,2.3646878663728432
4842,2.3646878663728432
4843,2.3646878663728432
4844,2.3646878663728432
4845,2.3646878663728432
4846,2.3646878663728432
4847,2.3646878663728432
4848,2.3646878663728432
4849,2.3646878663728432
4850,2.3646878663728432
4851,2.3646878663728432
4852,2.3646878663728432
4853,2.3646878663728432
4854,2.3646878663728432
4855,2.3646878663728432
4856,2.3646878663728432
4857,2.3646878663728432
4858,2.3646878663728432
4859,2.3646878663728432
4860,2.3646878663728432
4861,2.3646878663728432
4862,2.3646878663728432
4863,2.3646878663728432
4864,2.3646878663728432
4865,2.3646878663728432
4866,2.3646878663728432
4867,2.3646878663728432
4868,2.3646878663728432
4869,2.3646878663728432
4870,2.3646878663728432
4871,2.3646878663728432
4872,2.3646878663728432
4873,2.3646878663728432
4874,2.3646878663728432
4875,2.3646878663728432
4876,2.3646878663728432
4877,2.3646878663728432
4878,2.3646878663728432
4879,2.3646878663728432
4880,2.3646878663728432
4881,2.3646878663728432
4882,2.3646878663728432
4883,2.3646878663728432
4884,2.3646878663728432
4885,2.3646878663728432
4886,2.3646878663728432
4887,2.3646878663728432
4888,2.3646878663728432
4889,2.3646878663728432
4890,2.3646878663728432
4891,2.3646878663728432
4892,2.3646878663728432
4893,2.3646878663728432
4894,2.3646878663728432
4895,2.3646878663728432
4896,2.3646878663728432
4897,2.3646878663728432
4898,2.3646878663728432
4899,2.3646878663728432
4900,2.3646878663728432
4901,2.3646878663728432
4902,2.3646878663728432
4903,2.3646878663728432
4904,2.3646878663728432
4905,2.3646878663728432
4906,2.3646878663728432
4907,2.3646878663728432
4908,2.3646878663728432
4909,2.3646878663728432
4910,2.3646878663728432
4911,2.3646878663728432
4912,2.3646878663728432
4913,2.3646878663728432
4914,2.3646878663728432
4915,2.3646878663728432
4916,2.3646878663728432
4917,2.3646878663728432
4918,2.3646878663728432
4919,2.3646878663728432
4920,2.3646878663728432
4921,2.3646878663728432
4922,2.3646878663728432
4923,2.3646878663728432
4924,2.3646878663728432
4925,2.3646878663728432
4926,2.3646878663728432
4927,2.3646878663728432
4928,2.3646878663728432
4929,2.3646878663728432
4930,2.3646878663728432
4931,2.3646878663728432
4932,2.3646878663728432
4933,2.3646878663728432
4934,2.3646878663728432
4935,2.3646878663728432
4936,2.3646878663728432
4937,2.3646878663728432
4938,2.3646878663728432
4939,2.3646878663728432
4940,2.3646878663728432
4941,2.3646878663728432
4942,2.3646878663728432
4943,2.3646878663728432
4944,2.3646878663728432
4945,2.3646878663728432
4946,2.3646878663728432
4947,2.3646878663728432
4948,2.3646878663728432
4949,2.3646878663728432
4950,2.3646878663728432
4951,2.3646878663728432
4952,2.3646878663728432
4953,2.3646878663728432
4954,2.3646878663728432
4955,2.3646878663728432
4956,2.3646878663728432
4957,2.3646878663728432
4958,2.3646878663728432
4959,2.3646878663728432
4960,2.3646878663728432
4961,2.3646878663728432
4962,2.3646878663728432
4963,2.3646878663728432
4964,2.3646878663728432
4965,2.3646878663728432
4966,2.3646878663728432
4967,2.3646878663728432
4968,2.3646878663728432
4969,2.3646878663728432
4970,2.3646878663728432
4971,2.3646878663728432
4972,2.3646878663728432
4973,2.3646878663728432
4974,2.3646878663728432
4975,2.3646878663728432
4976,2.3646878663728432
4977,2.3646878663728432
4978,2.3646878663728432
4979,2.3646878663728432
4980,2.3646878663728432
4981,2.3646878663728432
4982,2.3646878663728432
4983,2.3646878663728432
4984,2.3646878663728432
4985,2.3646878663728432
4986,2.3646878663728432
4987,2.3646878663728432
4988,2.3646878663728432
4989,2.3646878663728432
4990,2.3646878663728432
4991,2.3646878663728432
4992,2.3646878663728432
4993,2.3646878663728432
4994,2.3646878663728432
4995,2.3646878663728432
4996,2.3646878663728432
4997,2.3646878663728432
4998,2.3646878663728432
4999,2.3646878663728432
5000,2.3646878663728432
5001,2.3646878663728432
5002,2.3646878663728432
5003,2.3646878663728432
5004,2.3646878663728432
5005,2.3646878663728432
5006,2.3646878663728432
5007,2.3646878663728432
5008,2.3646878663728432
5009,2.3646878663728432
5010,2.3646878663728432
5011,2.3646878663728432
5012,2.3646878663728432
5013,2.3646878663728432
5014,2.3646878663728432
5015,2.3646878663728432
5016,2.3646878663728432
5017,2.3646878663728432
5018,2.3646878663728432
5019,2.3646878663728432
5020,2.3646878663728432
5021,2.3646878663728432
5022,2.3646878663728432
5023,2.3646878663728432
5024,2.3646878663728432
5025,2.3646878663728432
5026,2.3646878663728432
5027,2.3646878663728432
5028,2.3646878663728432
5029,2.3646878663728432
5030,2.3646878663728432
5031,2.3646878663728432
5032,2.3646878663728432
5033,2.3646878663728432
5034,2.3646878663728432
5035,2.3646878663728432
5036,2.3646878663728432
5037,2.3646878663728432
5038,2.3646878663728432
5039,2.3646878663728432
5040,2.3646878663728432
5041,2.3646878663728432
5042,2.3646878663728432
5043,2.3646878663728432
5044,2.3646878663728432
5045,2.3646878663728432
5046,2.3646878663728432
5047,2.3646878663728432
5048,2.3646878663728432
5049,2.3646878663728432
5050,2.3646878663728432
5051,2.3646878663728432
5052,2.3646878663728432
5053,2.3646878663728432
5054,2.3646878663728432
5055,2.3646878663728432
5056,2.3646878663728432
5057,2.3646878663728432
5058,2.3646878663728432
5059,2.3646878663728432
5060,2.3646878663728432
5061,2.3646878663728432
5062,2.3646878663728432
5063,2.3646878663728432
5064,2.3646878663728432
5065,2.3646878663728432
5066,2.3646878663728432
5067,2.3646878663728432
5068,2.3646878663728432
5069,2.3646878663728432
5070,2.3646878663728432
5071,2.3646878663728432
5072,2.3646878663728432
5073,2.3646878663728432
5074,2.3646878663728432
5075,2.3646878663728432
5076,2.3646878663728432
5077,2.3646878663728432
5078,2.3646878663728432
5079,2.3646878663728432
5080,2.3646878663728432
5081,2.3646878663728432
5082,2.3646878663728432
5083,2.3646878663728432
5084,2.3646878663728432
5085,2.3646878663728432
5086,2.3646878663728432
5087,2.3646878663728432
5088,2.3646878663728432
5089,2.3646878663728432
5090,2.3646878663728432
5091,2.3646878663728432
5092,2.3646878663728432
5093,2.3646878663728432
5094,2.3646878663728432
5095,2.3646878663728432
5096,2.3646878663728432
5097,2.3646878663728432
5098,2.3646878663728432
5099,2.3646878663728432
5100,2.3646878663728432
5101,2.3646878663728432
5102,2.3646878663728432
5103,2.3646878663728432
5104,2.3646878663728432
5105,2.3646878663728432
5106,2.3646878663728432
5107,2.3646878663728432
5108,2.3646878663728432
5109,2.3646878663728432
5110,2.3646878663728432
5111,2.3646878663728432
5112,2.3646878663728432
5113,2.3646878663728432
5114,2.3646878663728432
5115,2.3646878663728432
5116,2.3646878663728432
5117,2.3646878663728432
5118,2.3646878663728432
5119,2.3646878663728432
5120,2.3646878663728432
5121,2.3646878663728432
5122,2.3646878663728432
5123,2.3646878663728432
5124,2.3646878663728432
5125,2.3646878663728432
5126,2.3646878663728432
5127,2.3646878663728432
5128,2.3646878663728432
5129,2.3646878663728432
5130,2.3646878663728432
5131,2.3646878663728432
5132,2.3646878663728432
5133,2.3646878663728432
5134,2.3646878663728432
5135,2.3646878663728432
5136,2.3646878663728432
5137,2.3646878663728432
5138,2.3646878663728432
5139,2.3646878663728432
5140,2.3646878663728432
5141,2.3646878663728432
5142,2.3646878663728432
5143,2.3646878663728432
5144,2.3646878663728432
5145,2.3646878663728432
5146,2.3646878663728432
5147,2.3646878663728432
5148,2.3646878663728432
5149,2.3646878663728432
5150,2.3646878663728432
5151,2.3646878663728432
5152,2.3646878663728432
5153,2.3646878663728432
5154,2.3646878663728432
5155,2.3646878663728432
5156,2.3646878663728432
5157,2.3646878663728432
5158,2.3646878663728432
5159,2.3646878663728432
5160,2.3646878663728432
5161,2.3646878663728432
5162,2.3646878663728432
5163,2.3646878663728432
5164,2.3646878663728432
5165,2.3646878663728432
5166,2.3646878663728432
5167,2.3646878663728432
5168,2.3646878663728432
5169,2.3646878663728432
5170,2.3646878663728432
5171,2.3646878663728432
5172,2.3646878663728432
5173,2.3646878663728432
5174,2.3646878663728432
5175,2.3646878663728432
5176,2.3646878663728432
5177,2.3646878663728432
5178,2.3646878663728432
5179,2.3646878663728432
5180,2.3646878663728432
5181,2.3646878663728432
5182,2.3646878663728432
5183,2.3646878663728432
5184,2.3646878663728432
5185,2.3646878663728432
5186,2.3646878663728432
5187,2.3646878663728432
5188,2.3646878663728432
5189,2.3646878663728432
5190,2.3646878663728432
5191,2.3646878663728432
5192,2.3646878663728432
5193,2.3646878663728432
5194,2.3646878663728432
5195,2.3646878663728432
5196,2.3646878663728432
5197,2.3646878663728432
5198,2.3646878663728432
5199,2.3646878663728432
5200,2.3646878663728432
5201,2.3646878663728432
5202,2.3646878663728432
5203,2.3646878663728432
5204,2.3646878663728432
5205,2.3646878663728432
5206,2.3646878663728432
5207,2.3646878663728432
5208,2.3646878663728432
5209,2.3646878663728432
5210,2.3646878663728432
5211,2.3646878663728432
5212,2.3646878663728432
5213,2.3646878663728432
5214,2.3646878663728432
5215,2.3646878663728432
5216,2.3646878663728432
5217,2.3646878663728432
5218,2.3646878663728432
5219,2.3646878663728432
5220,2.3646878663728432
5221,2.3646878663728432
5222,2.3646878663728432
5223,2.3646878663728432
5224,2.3646878663728432
5225,2.3646878663728432
5226,2.3646878663728432
5227,2.3646878663728432
5228,2.3646878663728432
5229,2.3646878663728432
5230,2.3646878663728432
5231,2.3646878663728432
5232,2.3646878663728432
5233,2.3646878663728432
5234,2.3646878663728432
5235,2.3646878663728432
5236,2.3646878663728432
5237,2.3646878663728432
5238,2.3646878663728432
5239,2.3646878663728432
5240,2.3646878663728432
5241,2.3646878663728432
5242,2.3646878663728432
5243,2.3646878663728432
5244,2.3646878663728432
5245,2.3646878663728432
5246,2.3646878663728432
5247,2.3646878663728432
5248,2.3646878663728432
5249,2.3646878663728432
5250,2.3646878663728432
5251,2.3646878663728432
5252,2.3646878663728432
5253,2.3646878663728432
5254,2.3646878663728432
5255,2.3646878663728432
5256,2.3646878663728432
5257,2.3646878663728432
5258,2.3646878663728432
5259,2.3646878663728432
5260,2.3646878663728432
5261,2.3646878663728432
5262,2.3646878663728432
5263,2.3646878663728432
5264,2.3646878663728432
5265,2.3646878663728432
5266,2.3646878663728432
5267,2.3646878663728432
5268,2.3646878663728432
5269,2.3646878663728432
5270,2.3646878663728432
5271,2.3646878663728432
5272,2.3646878663728432
5273,2.3646878663728432
5274,2.3646878663728432
5275,2.3646878663728432
5276,2.3646878663728432
5277,2.3646878663728432
5278,2.3646878663728432
5279,2.3646878663728432
5280,2.3646878663728432
5281,2.3646878663728432
5282,2.3646878663728432
5283,2.3646878663728432
5284,2.3646878663728432
5285,2.3646878663728432
5286,2.3646878663728432
5287,2.3646878663728432
5288,2.3646878663728432
5289,2.3646878663728432
5290,2.3646878663728432
5291,2.3646878663728432
5292,2.3646878663728432
5293,2.3646878663728432
5294,2.3646878663728432
5295,2.3646878663728432
5296,2.3646878663728432
5297,2.3646878663728432
5298,2.3646878663728432
5299,2.3646878663728432
5300,2.3646878663728432
5301,2.3646878663728432
5302,2.3646878663728432
5303,2.3646878663728432
5304,2.3646878663728432
5305,2.3646878663728432
5306,2.3646878663728432
5307,2.3646878663728432
5308,2.3646878663728432
5309,2.3646878663728432
5310,2.3646878663728432
5311,2.3646878663728432
5312,2.3646878663728432
5313,2.3646878663728432
5314,2.3646878663728432
5315,2.3646878663728432
5316,2.3646878663728432
5317,2.3646878663728432
5318,2.3646878663728432
5319,2.3646878663728432
5320,2.3646878663728432
5321,2.3646878663728432
5322,2.3646878663728432
5323,2.3646878663728432
5324,2.3646878663728432
5325,2.3646878663728432
5326,2.3646878663728432
5327,2.3646878663728432
5328,2.3646878663728432
5329,2.3646878663728432
5330,2.3646878663728432
5331,2.3646878663728432
5332,2.3646878663728432
5333,2.3646878663728432
5334,2.3646878663728432
5335,2.3646878663728432
5336,2.3646878663728432
5337,2.3646878663728432
5338,2.3646878663728432
5339,2.3646878663728432
5340,2.3646878663728432
5341,2.3646878663728432
5342,2.3646878663728432
5343,2.3646878663728432
5344,2.3646878663728432
5345,2.3646878663728432
5346,2.3646878663728432
5347,2.3646878663728432
5348,2.3646878663728432
5349,2.3646878663728432
5350,2.3646878663728432
5351,2.3646878663728432
5352,2.3646878663728432
5353,2.3646878663728432
5354,2.3646878663728432
5355,2.3646878663728432
5356,2.3646878663728432
5357,2.3646878663728432
5358,2.3646878663728432
5359,2.3646878663728432
5360,2.3646878663728432
5361,2.3646878663728432
5362,2.3646878663728432
5363,2.3646878663728432
5364,2.3646878663728432
5365,2.3646878663728432
5366,2.3646878663728432
5367,2.3646878663728432
5368,2.3646878663728432
5369,2.3646878663728432
5370,2.3646878663728432
5371,2.3646878663728432
5372,2.3646878663728432
5373,2.3646878663728432
5374,2.3646878663728432
5375,2.3646878663728432
5376,2.3646878663728432
5377,2.3646878663728432
5378,2.3646878663728432
5379,2.3646878663728432
5380,2.3646878663728432
5381,2.3646878663728432
5382,2.3646878663728432
5383,2.3646878663728432
5384,2.3646878663728432
5385,2.3646878663728432
5386,2.3646878663728432
5387,2.3646878663728432
5388,2.3646878663728432
5389,2.3646878663728432
5390,2.3646878663728432
5391,2.3646878663728432
5392,2.3646878663728432
5393,2.3646878663728432
5394,2.3646878663728432
5395,2.3646878663728432
5396,2.3646878663728432
5397,2.3646878663728432
5398,2.3646878663728432
5399,2.3646878663728432
5400,2.3646878663728432
5401,2.3646878663728432
5402,2.3646878663728432
5403,2.3646878663728432
5404,2.3646878663728432
5405,2.3646878663728432
5406,2.3646878663728432
5407,2.3646878663728432
5408,2.3646878663728432
5409,2.3646878663728432
5410,2.3646878663728432
5411,2.3646878663728432
5412,2.3646878663728432
5413,2.3646878663728432
5414,2.3646878663728432
5415,2.3646878663728432
5416,2.3646878663728432
5417,2.3646878663728432
5418,2.3646878663728432
5419,2.3646878663728432
5420,2.3646878663728432
5421,2.3646878663728432
5422,2.3646878663728432
5423,2.3646878663728432
5424,2.3646878663728432
5425,2.3646878663728432
5426,2.3646878663728432
5427,2.3646878663728432
5428,2.3646878663728432
5429,2.3646878663728432
5430,2.3646878663728432
5431,2.3646878663728432
5432,2.3646878663728432
5433,2.3646878663728432
5434,2.3646878663728432
5435,2.3646878663728432
5436,2.3646878663728432
5437,2.3646878663728432
5438,2.3646878663728432
5439,2.3646878663728432
5440,2.3646878663728432
5441,2.3646878663728432
5442,2.3646878663728432
5443,2.3646878663728432
5444,2.3646878663728432
5445,2.3646878663728432
5446,2.3646878663728432
5447,2.3646878663728432
5448,2.3646878663728432
5449,2.3646878663728432
5450,2.3646878663728432
5451,2.3646878663728432
5452,2.3646878663728432
5453,2.3646878663728432
5454,2.3646878663728432
5455,2.3646878663728432
5456,2.3646878663728432
5457,2.3646878663728432
5458,2.3646878663728432
5459,2.3646878663728432
5460,2.3646878663728432
5461,2.3646878663728432
5462,2.3646878663728432
5463,2.3646878663728432
5464,2.3646878663728432
5465,2.3646878663728432
5466,2.3646878663728432
5467,2.3646878663728432
5468,2.3646878663728432
5469,2.3646878663728432
5470,2.3646878663728432
5471,2.3646878663728432
5472,2.3646878663728432
5473,2.3646878663728432
5474,2.3646878663728432
5475,2.3646878663728432
5476,2.3646878663728432
5477,2.3646878663728432
5478,2.3646878663728432
5479,2.3646878663728432
5480,2.3646878663728432
5481,2.3646878663728432
5482,2.3646878663728432
5483,2.3646878663728432
5484,2.3646878663728432
5485,2.3646878663728432
5486,2.3646878663728432
5487,2.3646878663728432
5488,2.3646878663728432
5489,2.3646878663728432
5490,2.3646878663728432
5491,2.3646878663728432
5492,2.3646878663728432
5493,2.3646878663728432
5494,2.3646878663728432
5495,2.3646878663728432
5496,2.3646878663728432
5497,2.3646878663728432
5498,2.3646878663728432
5499,2.3646878663728432
5500,2.3646878663728432
5501,2.3646878663728432
5502,2.3646878663728432
5503,2.3646878663728432
5504,2.3646878663728432
5505,2.3646878663728432
5506,2.3646878663728432
5507,2.3646878663728432
5508,2.3646878663728432
5509,2.3646878663728432
5510,2.3646878663728432
5511,2.3646878663728432
5512,2.3646878663728432
5513,2.3646878663728432
5514,2.3646878663728432
5515,2.3646878663728432
5516,2.3646878663728432
5517,2.3646878663728432
5518,2.3646878663728432
5519,2.3646878663728432
5520,2.3646878663728432
5521,2.3646878663728432
5522,2.3646878663728432
5523,2.3646878663728432
5524,2.3646878663728432
5525,2.3646878663728432
5526,2.3646878663728432
5527,2.3646878663728432
5528,2.3646878663728432
5529,2.3646878663728432
5530,2.3646878663728432
5531,2.3646878663728432
5532,2.3646878663728432
5533,2.3646878663728432
5534,2.3646878663728432
5535,2.3646878663728432
5536,2.3646878663728432
5537,2.3646878663728432
5538,2.3646878663728432
5539,2.3646878663728432
5540,2.3646878663728432
5541,2.3646878663728432
5542,2.3646878663728432
5543,2.3646878663728432
5544,2.3646878663728432
5545,2.3646878663728432
5546,2.3646878663728432
5547,2.3646878663728432
5548,2.3646878663728432
5549,2.3646878663728432
5550,2.3646878663728432
5551,2.3646878663728432
5552,2.3646878663728432
5553,2.3646878663728432
5554,2.3646878663728432
5555,2.3646878663728432
5556,2.3646878663728432
5557,2.3646878663728432
5558,2.3646878663728432
5559,2.3646878663728432
5560,2.3646878663728432
5561,2.3646878663728432
5562,2.3646878663728432
5563,2.3646878663728432
5564,2.3646878663728432
5565,2.3646878663728432
5566,2.3646878663728432
5567,2.3646878663728432
5568,2.3646878663728432
5569,2.3646878663728432
5570,2.3646878663728432
5571,2.3646878663728432
5572,2.3646878663728432
5573,2.3646878663728432
5574,2.3646878663728432
5575,2.3646878663728432
5576,2.3646878663728432
5577,2.3646878663728432
5578,2.3646878663728432
5579,2.3646878663728432
5580,2.3646878663728432
5581,2.3646878663728432
5582,2.3646878663728432
5583,2.3646878663728432
5584,2.3646878663728432
5585,2.3646878663728432
5586,2.3646878663728432
5587,2.3646878663728432
5588,2.3646878663728432
5589,2.3646878663728432
5590,2.3646878663728432
5591,2.3646878663728432
5592,2.3646878663728432
5593,2.3646878663728432
5594,2.3646878663728432
5595,2.3646878663728432
5596,2.3646878663728432
5597,2.3646878663728432
5598,2.3646878663728432
5599,2.3646878663728432
5600,2.3646878663728432
5601,2.3646878663728432
5602,2.3646878663728432
5603,2.3646878663728432
5604,2.3646878663728432
5605,2.3646878663728432
5606,2.3646878663728432
5607,2.3646878663728432
5608,2.3646878663728432
5609,2.3646878663728432
5610,2.3646878663728432
5611,2.3646878663728432
5612,2.3646878663728432
5613,2.3646878663728432
5614,2.3646878663728432
5615,2.3646878663728432
5616,2.3646878663728432
5617,2.3646878663728432
5618,2.3646878663728432
5619,2.3646878663728432
5620,2.3646878663728432
5621,2.3646878663728432
5622,2.3646878663728432
5623,2.3646878663728432
5624,2.3646878663728432
5625,2.3646878663728432
5626,2.3646878663728432
5627,2.3646878663728432
5628,2.3646878663728432
5629,2.3646878663728432
5630,2.3646878663728432
5631,2.3646878663728432
5632,2.3646878663728432
5633,2.3646878663728432
5634,2.3646878663728432
5635,2.3646878663728432
5636,2.3646878663728432
5637,2.3646878663728432
5638,2.3646878663728432
5639,2.3646878663728432
5640,2.3646878663728432
5641,2.3646878663728432
5642,2.3646878663728432
5643,2.3646878663728432
5644,2.3646878663728432
5645,2.3646878663728432
5646,2.3646878663728432
5647,2.3646878663728432
5648,2.3646878663728432
5649,2.3646878663728432
5650,2.3646878663728432
5651,2.3646878663728432
5652,2.3646878663728432
5653,2.3646878663728432
5654,2.3646878663728432
5655,2.3646878663728432
5656,2.3646878663728432
5657,2.3646878663728432
5658,2.3646878663728432
5659,2.3646878663728432
5660,2.3646878663728432
5661,2.3646878663728432
5662,2.3646878663728432
5663,2.3646878663728432
5664,2.3646878663728432
5665,2.3646878663728432
5666,2.3646878663728432
5667,2.3646878663728432
5668,2.3646878663728432
5669,2.3646878663728432
5670,2.3646878663728432
5671,2.3646878663728432
5672,2.3646878663728432
5673,2.3646878663728432
5674,2.3646878663728432
5675,2.3646878663728432
5676,2.3646878663728432
5677,2.3646878663728432
5678,2.3646878663728432
5679,2.3646878663728432
5680,2.3646878663728432
5681,2.3646878663728432
5682,2.3646878663728432
5683,2.3646878663728432
5684,2.3646878663728432
5685,2.3646878663728432
5686,2.3646878663728432
5687,2.3646878663728432
5688,2.3646878663728432
5689,2.3646878663728432
5690,2.3646878663728432
5691,2.3646878663728432
5692,2.3646878663728432
5693,2.3646878663728432
5694,2.3646878663728432
5695,2.3646878663728432
5696,2.3646878663728432
5697,2.3646878663728432
5698,2.3646878663728432
5699,2.3646878663728432
5700,2.3646878663728432
5701,2.3646878663728432
5702,2.3646878663728432
5703,2.3646878663728432
5704,2.3646878663728432
5705,2.3646878663728432
5706,2.3646878663728432
5707,2.3646878663728432
5708,2.3646878663728432
5709,2.3646878663728432
5710,2.3646878663728432
5711,2.3646878663728432
5712,2.3646878663728432
5713,2.3646878663728432
5714,2.3646878663728432
5715,2.3646878663728432
5716,2.3646878663728432
5717,2.3646878663728432
5718,2.3646878663728432
5719,2.3646878663728432
5720,2.3646878663728432
5721,2.3646878663728432
5722,2.3646878663728432
5723,2.3646878663728432
5724,2.3646878663728432
5725,2.3646878663728432
5726,2.3646878663728432
5727,2.3646878663728432
5728,2.3646878663728432
5729,2.3646878663728432
5730,2.3646878663728432
5731,2.3646878663728432
5732,2.3646878663728432
5733,2.3646878663728432
5734,2.3646878663728432
5735,2.3646878663728432
5736,2.3646878663728432
5737,2.3646878663728432
5738,2.3646878663728432
5739,2.3646878663728432
5740,2.3646878663728432
5741,2.3646878663728432
5742,2.3646878663728432
5743,2.3646878663728432
5744,2.3646878663728432
5745,2.3646878663728432
5746,2.3646878663728432
5747,2.3646878663728432
5748,2.3646878663728432
5749,2.3646878663728432
5750,2.3646878663728432
5751,2.3646878663728432
5752,2.3646878663728432
5753,2.3646878663728432
5754,2.3646878663728432
5755,2.3646878663728432
5756,2.3646878663728432
5757,2.3646878663728432
5758,2.3646878663728432
5759,2.3646878663728432
5760,2.3646878663728432
5761,2.3646878663728432
5762,2.3646878663728432
5763,2.3646878663728432
5764,2.3646878663728432
5765,2.3646878663728432
5766,2.3646878663728432
5767,2.3646878663728432
5768,2.3646878663728432
5769,2.3646878663728432
5770,2.3646878663728432
5771,2.3646878663728432
5772,2.3646878663728432
5773,2.3646878663728432
5774,2.3646878663728432
5775,2.3646878663728432
5776,2.3646878663728432
5777,2.3646878663728432
5778,2.3646878663728432
5779,2.3646878663728432
5780,2.3646878663728432
5781,2.3646878663728432
5782,2.3646878663728432
5783,2.3646878663728432
5784,2.3646878663728432
5785,2.3646878663728432
5786,2.3646878663728432
5787,2.3646878663728432
5788,2.3646878663728432
5789,2.3646878663728432
5790,2.3646878663728432
5791,2.3646878663728432
5792,2.3646878663728432
5793,2.3646878663728432
5794,2.3646878663728432
5795,2.3646878663728432
5796,2.3646878663728432
5797,2.3646878663728432
5798,2.3646878663728432
5799,2.3646878663728432
5800,2.3646878663728432
5801,2.3646878663728432
5802,2.3646878663728432
5803,2.3646878663728432
5804,2.3646878663728432
5805,2.3646878663728432
5806,2.3646878663728432
5807,2.3646878663728432
5808,2.3646878663728432
5809,2.3646878663728432
5810,2.3646878663728432
5811,2.3646878663728432
5812,2.3646878663728432
5813,2.3646878663728432
5814,2.3646878663728432
5815,2.3646878663728432
5816,2.3646878663728432
5817,2.3646878663728432
5818,2.3646878663728432
5819,2.3646878663728432
5820,2.3646878663728432
5821,2.3646878663728432
5822,2.3646878663728432
5823,2.3646878663728432
5824,2.3646878663728432
5825,2.3646878663728432
5826,2.3646878663728432
5827,2.3646878663728432
5828,2.3646878663728432
5829,2.3646878663728432
5830,2.3646878663728432
5831,2.3646878663728432
5832,2.3646878663728432
5833,2.3646878663728432
5834,2.3646878663728432
5835,2.3646878663728432
5836,2.3646878663728432
5837,2.3646878663728432
5838,2.3646878663728432
5839,2.3646878663728432
5840,2.3646878663728432
5841,2.3646878663728432
5842,2.3646878663728432
5843,2.3646878663728432
5844,2.3646878663728432
5845,2.3646878663728432
5846,2.3646878663728432
5847,2.3646878663728432
5848,2.3646878663728432
5849,2.3646878663728432
5850,2.3646878663728432
5851,2.3646878663728432
5852,2.3646878663728432
5853,2.3646878663728432
5854,2.3646878663728432
5855,2.3646878663728432
5856,2.3646878663728432
5857,2.3646878663728432
5858,2.3646878663728432
5859,2.3646878663728432
5860,2.3646878663728432
5861,2.3646878663728432
5862,2.3646878663728432
5863,2.3646878663728432
5864,2.3646878663728432
5865,2.3646878663728432
5866,2.3646878663728432
5867,2.3646878663728432
5868,2.3646878663728432
5869,2.3646878663728432
5870,2.3646878663728432
5871,2.3646878663728432
5872,2.3646878663728432
5873,2.3646878663728432
5874,2.3646878663728432
5875,2.3646878663728432
5876,2.3646878663728432
5877,2.3646878663728432
5878,2.3646878663728432
5879,2.3646878663728432
5880,2.3646878663728432
5881,2.3646878663728432
5882,2.3646878663728432
5883,2.3646878663728432
5884,2.3646878663728432
5885,2.3646878663728432
5886,2.3646878663728432
5887,2.3646878663728432
5888,2.3646878663728432
5889,2.3646878663728432
5890,2.3646878663728432
5891,2.3646878663728432
5892,2.3646878663728432
5893,2.3646878663728432
5894,2.3646878663728432
5895,2.3646878663728432
5896,2.3646878663728432
5897,2.3646878663728432
5898,2.3646878663728432
5899,2.3646878663728432
5900,2.3646878663728432
5901,2.3646878663728432
5902,2.3646878663728432
5903,2.3646878663728432
5904,2.3646878663728432
5905,2.3646878663728432
5906,2.3646878663728432
5907,2.3646878663728432
5908,2.3646878663728432
5909,2.3646878663728432
5910,2.3646878663728432
5911,2.3646878663728432
5912,2.3646878663728432
5913,2.3646878663728432
5914,2.3646878663728432
5915,2.3646878663728432
5916,2.3646878663728432
5917,2.3646878663728432
5918,2.3646878663728432
5919,2.3646878663728432
5920,2.3646878663728432
5921,2.3646878663728432
5922,2.3646878663728432
5923,2.3646878663728432
5924,2.3646878663728432
5925,2.3646878663728432
5926,2.3646878663728432
5927,2.3646878663728432
5928,2.3646878663728432
5929,2.3646878663728432
5930,2.3646878663728432
5931,2.3646878663728432
5932,2.3646878663728432
5933,2.3646878663728432
5934,2.3646878663728432
5935,2.3646878663728432
5936,2.3646878663728432
5937,2.3646878663728432
5938,2.3646878663728432
5939,2.3646878663728432
5940,2.3646878663728432
5941,2.3646878663728432
5942,2.3646878663728432
5943,2.3646878663728432
5944,2.3646878663728432
5945,2.3646878663728432
5946,2.3646878663728432
5947,2.3646878663728432
5948,2.3646878663728432
5949,2.3646878663728432
5950,2.3646878663728432
5951,2.3646878663728432
5952,2.3646878663728432
5953,2.3646878663728432
5954,2.3646878663728432
5955,2.3646878663728432
5956,2.3646878663728432
5957,2.3646878663728432
5958,2.3646878663728432
5959,2.3646878663728432
5960,2.3646878663728432
5961,2.3646878663728432
5962,2.3646878663728432
5963,2.3646878663728432
5964,2.3646878663728432
5965,2.3646878663728432
5966,2.3646878663728432
5967,2.3646878663728432
5968,2.3646878663728432
5969,2.3646878663728432
5970,2.3646878663728432
5971,2.3646878663728432
5972,2.3646878663728432
5973,2.3646878663728432
5974,2.3646878663728432
5975,2.3646878663728432
5976,2.3646878663728432
5977,2.3646878663728432
5978,2.3646878663728432
5979,2.3646878663728432
5980,2.3646878663728432
5981,2.3646878663728432
5982,2.3646878663728432
5983,2.3646878663728432
5984,2.3646878663728432
5985,2.3646878663728432
5986,2.3646878663728432
5987,2.3646878663728432
5988,2.3646878663728432
5989,2.3646878663728432
5990,2.3646878663728432
5991,2.3646878663728432
5992,2.3646878663728432
5993,2.3646878663728432
5994,2.3646878663728432
5995,2.3646878663728432
5996,2.3646878663728432
5997,2.3646878663728432
5998,2.3646878663728432
5999,2.3646878663728432
6000,2.3646878663728432
6001,2.3646878663728432
6002,2.3646878663728432
6003,2.3646878663728432
6004,2.3646878663728432
6005,2.3646878663728432
6006,2.3646878663728432
6007,2.3646878663728432
6008,2.3646878663728432
6009,2.3646878663728432
6010,2.3646878663728432
6011,2.3646878663728432
6012,2.3646878663728432
6013,2.3646878663728432
6014,2.3646878663728432
6015,2.3646878663728432
6016,2.3646878663728432
6017,2.3646878663728432
6018,2.3646878663728432
6019,2.3646878663728432
6020,2.3646878663728432
6021,2.3646878663728432
6022,2.3646878663728432
6023,2.3646878663728432
6024,2.3646878663728432
6025,2.3646878663728432
6026,2.3646878663728432
6027,2.3646878663728432
6028,2.3646878663728432
6029,2.3646878663728432
6030,2.3646878663728432
6031,2.3646878663728432
6032,2.3646878663728432
6033,2.3646878663728432
6034,2.3646878663728432
6035,2.3646878663728432
6036,2.3646878663728432
6037,2.3646878663728432
6038,2.3646878663728432
6039,2.3646878663728432
6040,2.3646878663728432
6041,2.3646878663728432
6042,2.3646878663728432
6043,2.3646878663728432
6044,2.3646878663728432
6045,2.3646878663728432
6046,2.3646878663728432
6047,2.3646878663728432
6048,2.3646878663728432
6049,2.3646878663728432
6050,2.3646878663728432
6051,2.3646878663728432
6052,2.3646878663728432
6053,2.3646878663728432
6054,2.3646878663728432
6055,2.3646878663728432
6056,2.3646878663728432
6057,2.3646878663728432
6058,2.3646878663728432
6059,2.3646878663728432
6060,2.3646878663728432
6061,2.3646878663728432
6062,2.3646878663728432
6063,2.3646878663728432
6064,2.3646878663728432
6065,2.3646878663728432
6066,2.3646878663728432
6067,2.3646878663728432
6068,2.3646878663728432
6069,2.3646878663728432
6070,2.3646878663728432
6071,2.3646878663728432
6072,2.3646878663728432
6073,2.3646878663728432
6074,2.3646878663728432
6075,2.3646878663728432
6076,2.3646878663728432
6077,2.3646878663728432
6078,2.3646878663728432
6079,2.3646878663728432
6080,2.3646878663728432
6081,2.3646878663728432
6082,2.3646878663728432
6083,2.3646878663728432
6084,2.3646878663728432
6085,2.3646878663728432
6086,2.3646878663728432
6087,2.3646878663728432
6088,2.3646878663728432
6089,2.3646878663728432
6090,2.3646878663728432
6091,2.3646878663728432
6092,2.3646878663728432
6093,2.3646878663728432
6094,2.3646878663728432
6095,2.3646878663728432
6096,2.3646878663728432
6097,2.3646878663728432
6098,2.3646878663728432
6099,2.3646878663728432
6100,2.3646878663728432
6101,2.3646878663728432
6102,2.3646878663728432
6103,2.3646878663728432
6104,2.3646878663728432
6105,2.3646878663728432
6106,2.3646878663728432
6107,2.3646878663728432
6108,2.3646878663728432
6109,2.3646878663728432
6110,2.3646878663728432
6111,2.3646878663728432
6112,2.3646878663728432
6113,2.3646878663728432
6114,2.3646878663728432
6115,2.3646878663728432
6116,2.3646878663728432
6117,2.3646878663728432
6118,2.3646878663728432
6119,2.3646878663728432
6120,2.3646878663728432
6121,2.3646878663728432
6122,2.3646878663728432
6123,2.3646878663728432
6124,2.3646878663728432
6125,2.3646878663728432
6126,2.3646878663728432
6127,2.3646878663728432
6128,2.3646878663728432
6129,2.3646878663728432
6130,2.3646878663728432
6131,2.3646878663728432
6132,2.3646878663728432
6133,2.3646878663728432
6134,2.3646878663728432
6135,2.3646878663728432
6136,2.3646878663728432
6137,2.3646878663728432
6138,2.3646878663728432
6139,2.3646878663728432
6140,2.3646878663728432
6141,2.3646878663728432
6142,2.3646878663728432
6143,2.3646878663728432
6144,2.3646878663728432
6145,2.3646878663728432
6146,2.3646878663728432
6147,2.3646878663728432
6148,2.3646878663728432
6149,2.3646878663728432
6150,2.3646878663728432
6151,2.3646878663728432
6152,2.3646878663728432
6153,2.3646878663728432
6154,2.3646878663728432
6155,2.3646878663728432
6156,2.3646878663728432
6157,2.3646878663728432
6158,2.3646878663728432
6159,2.3646878663728432
6160,2.3646878663728432
6161,2.3646878663728432
6162,2.3646878663728432
6163,2.3646878663728432
6164,2.3646878663728432
6165,2.3646878663728432
6166,2.3646878663728432
6167,2.3646878663728432
6168,2.3646878663728432
6169,2.3646878663728432
6170,2.3646878663728432
6171,2.3646878663728432
6172,2.3646878663728432
6173,2.3646878663728432
6174,2.3646878663728432
6175,2.3646878663728432
6176,2.3646878663728432
6177,2.3646878663728432
6178,2.3646878663728432
6179,2.3646878663728432
6180,2.3646878663728432
6181,2.3646878663728432
6182,2.3646878663728432
6183,2.3646878663728432
6184,2.3646878663728432
6185,2.3646878663728432
6186,2.3646878663728432
6187,2.3646878663728432
6188,2.3646878663728432
6189,2.3646878663728432
6190,2.3646878663728432
6191,2.3646878663728432
6192,2.3646878663728432
6193,2.3646878663728432
6194,2.3646878663728432
6195,2.3646878663728432
6196,2.3646878663728432
6197,2.3646878663728432
6198,2.3646878663728432
6199,2.3646878663728432
6200,2.3646878663728432
6201,2.3646878663728432
6202,2.3646878663728432
6203,2.3646878663728432
6204,2.3646878663728432
6205,2.3646878663728432
6206,2.3646878663728432
6207,2.3646878663728432
6208,2.3646878663728432
6209,2.3646878663728432
6210,2.3646878663728432
6211,2.3646878663728432
6212,2.3646878663728432
6213,2.3646878663728432
6214,2.3646878663728432
6215,2.3646878663728432
6216,2.3646878663728432
6217,2.3646878663728432
6218,2.3646878663728432
6219,2.3646878663728432
6220,2.3646878663728432
6221,2.3646878663728432
6222,2.3646878663728432
6223,2.3646878663728432
6224,2.3646878663728432
6225,2.3646878663728432
6226,2.3646878663728432
6227,2.3646878663728432
6228,2.3646878663728432
6229,2.3646878663728432
6230,2.3646878663728432
6231,2.3646878663728432
6232,2.3646878663728432
6233,2.3646878663728432
6234,2.3646878663728432
6235,2.3646878663728432
6236,2.3646878663728432
6237,2.3646878663728432
6238,2.3646878663728432
6239,2.3646878663728432
6240,2.3646878663728432
6241,2.3646878663728432
6242,2.3646878663728432
6243,2.3646878663728432
6244,2.3646878663728432
6245,2.3646878663728432
6246,2.3646878663728432
6247,2.3646878663728432
6248,2.3646878663728432
6249,2.3646878663728432
6250,2.3646878663728432
6251,2.3646878663728432
6252,2.3646878663728432
6253,2.3646878663728432
6254,2.3646878663728432
6255,2.3646878663728432
6256,2.3646878663728432
6257,2.3646878663728432
6258,2.3646878663728432
6259,2.3646878663728432
6260,2.3646878663728432
6261,2.3646878663728432
6262,2.3646878663728432
6263,2.3646878663728432
6264,2.3646878663728432
6265,2.3646878663728432
6266,2.3646878663728432
6267,2.3646878663728432
6268,2.3646878663728432
6269,2.3646878663728432
6270,2.3646878663728432
6271,2.3646878663728432
6272,2.3646878663728432
6273,2.3646878663728432
6274,2.3646878663728432
6275,2.3646878663728432
6276,2.3646878663728432
6277,2.3646878663728432
6278,2.3646878663728432
6279,2.3646878663728432
6280,2.3646878663728432
6281,2.3646878663728432
6282,2.3646878663728432
6283,2.3646878663728432
6284,2.3646878663728432
6285,2.3646878663728432
6286,2.3646878663728432
6287,2.3646878663728432
6288,2.3646878663728432
6289,2.3646878663728432
6290,2.3646878663728432
6291,2.3646878663728432
6292,2.3646878663728432
6293,2.3646878663728432
6294,2.3646878663728432
6295,2.3646878663728432
6296,2.3646878663728432
6297,2.3646878663728432
6298,2.3646878663728432
6299,2.3646878663728432
6300,2.3646878663728432
6301,2.3646878663728432
6302,2.3646878663728432
6303,2.3646878663728432
6304,2.3646878663728432
6305,2.3646878663728432
6306,2.3646878663728432
6307,2.3646878663728432
6308,2.3646878663728432
6309,2.3646878663728432
6310,2.3646878663728432
6311,2.3646878663728432
6312,2.3646878663728432
6313,2.3646878663728432
6314,2.3646878663728432
6315,2.3646878663728432
6316,2.3646878663728432
6317,2.3646878663728432
6318,2.3646878663728432
6319,2.3646878663728432
6320,2.3646878663728432
6321,2.3646878663728432
6322,2.3646878663728432
6323,2.3646878663728432
6324,2.3646878663728432
6325,2.3646878663728432
6326,2.3646878663728432
6327,2.3646878663728432
6328,2.3646878663728432
6329,2.3646878663728432
6330,2.3646878663728432
6331,2.3646878663728432
6332,2.3646878663728432
6333,2.3646878663728432
6334,2.3646878663728432
6335,2.3646878663728432
6336,2.3646878663728432
6337,2.3646878663728432
6338,2.3646878663728432
6339,2.3646878663728432
6340,2.3646878663728432
6341,2.3646878663728432
6342,2.3646878663728432
6343,2.3646878663728432
6344,2.3646878663728432
6345,2.3646878663728432
6346,2.3646878663728432
6347,2.3646878663728432
6348,2.3646878663728432
6349,2.3646878663728432
6350,2.3646878663728432
6351,2.3646878663728432
6352,2.3646878663728432
6353,2.3646878663728432
6354,2.3646878663728432
6355,2.3646878663728432
6356,2.3646878663728432
6357,2.3646878663728432
6358,2.3646878663728432
6359,2.3646878663728432
6360,2.3646878663728432
6361,2.3646878663728432
6362,2.3646878663728432
6363,2.3646878663728432
6364,2.3646878663728432
6365,2.3646878663728432
6366,2.3646878663728432
6367,2.3646878663728432
6368,2.3646878663728432
6369,2.3646878663728432
6370,2.3646878663728432
6371,2.3646878663728432
6372,2.3646878663728432
6373,2.3646878663728432
6374,2.3646878663728432
6375,2.3646878663728432
6376,2.3646878663728432
6377,2.3646878663728432
6378,2.3646878663728432
6379,2.3646878663728432
6380,2.3646878663728432
6381,2.3646878663728432
6382,2.3646878663728432
6383,2.3646878663728432
6384,2.3646878663728432
6385,2.3646878663728432
6386,2.3646878663728432
6387,2.3646878663728432
6388,2.3646878663728432
6389,2.3646878663728432
6390,2.3646878663728432
6391,2.3646878663728432
6392,2.3646878663728432
6393,2.3646878663728432
6394,2.3646878663728432
6395,2.3646878663728432
6396,2.3646878663728432
6397,2.3646878663728432
6398,2.3646878663728432
6399,2.3646878663728432
6400,2.3646878663728432
6401,2.3646878663728432
6402,2.3646878663728432
6403,2.3646878663728432
6404,2.3646878663728432
6405,2.3646878663728432
6406,2.3646878663728432
6407,2.3646878663728432
6408,2.3646878663728432
6409,2.3646878663728432
6410,2.3646878663728432
6411,2.3646878663728432
6412,2.3646878663728432
6413,2.3646878663728432
6414,2.3646878663728432
6415,2.3646878663728432
6416,2.3646878663728432
6417,2.3646878663728432
6418,2.3646878663728432
6419,2.3646878663728432
6420,2.3646878663728432
6421,2.3646878663728432
6422,2.3646878663728432
6423,2.3646878663728432
6424,2.3646878663728432
6425,2.3646878663728432
6426,2.3646878663728432
6427,2.3646878663728432
6428,2.3646878663728432
6429,2.3646878663728432
6430,2.3646878663728432
6431,2.3646878663728432
6432,2.3646878663728432
6433,2.3646878663728432
6434,2.3646878663728432
6435,2.3646878663728432
6436,2.3646878663728432
6437,2.3646878663728432
6438,2.3646878663728432
6439,2.3646878663728432
6440,2.3646878663728432
6441,2.3646878663728432
6442,2.3646878663728432
6443,2.3646878663728432
6444,2.3646878663728432
6445,2.3646878663728432
6446,2.3646878663728432
6447,2.3646878663728432
6448,2.3646878663728432
6449,2.3646878663728432
6450,2.3646878663728432
6451,2.3646878663728432
6452,2.3646878663728432
6453,2.3646878663728432
6454,2.3646878663728432
6455,2.3646878663728432
6456,2.3646878663728432
6457,2.3646878663728432
6458,2.3646878663728432
6459,2.3646878663728432
6460,2.3646878663728432
6461,2.3646878663728432
6462,2.3646878663728432
6463,2.3646878663728432
6464,2.3646878663728432
6465,2.3646878663728432
6466,2.3646878663728432
6467,2.3646878663728432
6468,2.3646878663728432
6469,2.3646878663728432
6470,2.3646878663728432
6471,2.3646878663728432
6472,2.3646878663728432
6473,2.3646878663728432
6474,2.3646878663728432
6475,2.3646878663728432
6476,2.3646878663728432
6477,2.3646878663728432
6478,2.3646878663728432
6479,2.3646878663728432
6480,2.3646878663728432
6481,2.3646878663728432
6482,2.3646878663728432
6483,2.3646878663728432
6484,2.3646878663728432
6485,2.3646878663728432
6486,2.3646878663728432
6487,2.3646878663728432
6488,2.3646878663728432
6489,2.3646878663728432
6490,2.3646878663728432
6491,2.3646878663728432
6492,2.3646878663728432
6493,2.3646878663728432
6494,2.3646878663728432
6495,2.3646878663728432
6496,2.3646878663728432
6497,2.3646878663728432
6498,2.3646878663728432
6499,2.3646878663728432
6500,2.3646878663728432
6501,2.3646878663728432
6502,2.3646878663728432
6503,2.3646878663728432
6504,2.3646878663728432
6505,2.3646878663728432
6506,2.3646878663728432
6507,2.3646878663728432
6508,2.3646878663728432
6509,2.3646878663728432
6510,2.3646878663728432
6511,2.3646878663728432
6512,2.3646878663728432
6513,2.3646878663728432
6514,2.3646878663728432
6515,2.3646878663728432
6516,2.3646878663728432
6517,2.3646878663728432
6518,2.3646878663728432
6519,2.3646878663728432
6520,2.3646878663728432
6521,2.3646878663728432
6522,2.3646878663728432
6523,2.3646878663728432
6524,2.3646878663728432
6525,2.3646878663728432
6526,2.3646878663728432
6527,2.3646878663728432
6528,2.3646878663728432
6529,2.3646878663728432
6530,2.3646878663728432
6531,2.3646878663728432
6532,2.3646878663728432
6533,2.3646878663728432
6534,2.3646878663728432
6535,2.3646878663728432
6536,2.3646878663728432
6537,2.3646878663728432
6538,2.3646878663728432
6539,2.3646878663728432
6540,2.3646878663728432
6541,2.3646878663728432
6542,2.3646878663728432
6543,2.3646878663728432
6544,2.3646878663728432
6545,2.3646878663728432
6546,2.3646878663728432
6547,2.3646878663728432
6548,2.3646878663728432
6549,2.3646878663728432
6550,2.3646878663728432
6551,2.3646878663728432
6552,2.3646878663728432
6553,2.3646878663728432
6554,2.3646878663728432
6555,2.3646878663728432
6556,2.3646878663728432
6557,2.3646878663728432
6558,2.3646878663728432
6559,2.3646878663728432
6560,2.3646878663728432
6561,2.3646878663728432
6562,2.3646878663728432
6563,2.3646878663728432
6564,2.3646878663728432
6565,2.3646878663728432
6566,2.3646878663728432
6567,2.3646878663728432
6568,2.3646878663728432
6569,2.3646878663728432
6570,2.3646878663728432
6571,2.3646878663728432
6572,2.3646878663728432
6573,2.3646878663728432
6574,2.3646878663728432
6575,2.3646878663728432
6576,2.3646878663728432
6577,2.3646878663728432
6578,2.3646878663728432
6579,2.3646878663728432
6580,2.3646878663728432
6581,2.3646878663728432
6582,2.3646878663728432
6583,2.3646878663728432
6584,2.3646878663728432
6585,2.3646878663728432
6586,2.3646878663728432
6587,2.3646878663728432
6588,2.3646878663728432
6589,2.3646878663728432
6590,2.3646878663728432
6591,2.3646878663728432
6592,2.3646878663728432
6593,2.3646878663728432
6594,2.3646878663728432
6595,2.3646878663728432
6596,2.3646878663728432
6597,2.3646878663728432
6598,2.3646878663728432
6599,2.3646878663728432
6600,2.3646878663728432
6601,2.3646878663728432
6602,2.3646878663728432
6603,2.3646878663728432
6604,2.3646878663728432
6605,2.3646878663728432
6606,2.3646878663728432
6607,2.3646878663728432
6608,2.3646878663728432
6609,2.3646878663728432
6610,2.3646878663728432
6611,2.3646878663728432
6612,2.3646878663728432
6613,2.3646878663728432
6614,2.3646878663728432
6615,2.3646878663728432
6616,2.3646878663728432
6617,2.3646878663728432
6618,2.3646878663728432
6619,2.3646878663728432
6620,2.3646878663728432
6621,2.3646878663728432
6622,2.3646878663728432
6623,2.3646878663728432
6624,2.3646878663728432
6625,2.3646878663728432
6626,2.3646878663728432
6627,2.3646878663728432
6628,2.3646878663728432
6629,2.3646878663728432
6630,2.3646878663728432
6631,2.3646878663728432
6632,2.3646878663728432
6633,2.3646878663728432
6634,2.3646878663728432
6635,2.3646878663728432
6636,2.3646878663728432
6637,2.3646878663728432
6638,2.3646878663728432
6639,2.3646878663728432
6640,2.3646878663728432
6641,2.3646878663728432
6642,2.3646878663728432
6643,2.3646878663728432
6644,2.3646878663728432
6645,2.3646878663728432
6646,2.3646878663728432
6647,2.3646878663728432
6648,2.3646878663728432
6649,2.3646878663728432
6650,2.3646878663728432
6651,2.3646878663728432
6652,2.3646878663728432
6653,2.3646878663728432
6654,2.3646878663728432
6655,2.3646878663728432
6656,2.3646878663728432
6657,2.3646878663728432
6658,2.3646878663728432
6659,2.3646878663728432
6660,2.3646878663728432
6661,2.3646878663728432
6662,2.3646878663728432
6663,2.3646878663728432
6664,2.3646878663728432
6665,2.3646878663728432
6666,2.3646878663728432
6667,2.3646878663728432
6668,2.3646878663728432
6669,2.3646878663728432
6670,2.3646878663728432
6671,2.3646878663728432
6672,2.3646878663728432
6673,2.3646878663728432
6674,2.3646878663728432
6675,2.3646878663728432
6676,2.3646878663728432
6677,2.3646878663728432
6678,2.3646878663728432
6679,2.3646878663728432
6680,2.3646878663728432
6681,2.3646878663728432
6682,2.3646878663728432
6683,2.3646878663728432
6684,2.3646878663728432
6685,2.3646878663728432
6686,2.3646878663728432
6687,2.3646878663728432
6688,2.3646878663728432
6689,2.3646878663728432
6690,2.3646878663728432
6691,2.3646878663728432
6692,2.3646878663728432
6693,2.3646878663728432
6694,2.3646878663728432
6695,2.3646878663728432
6696,2.3646878663728432
6697,2.3646878663728432
6698,2.3646878663728432
6699,2.3646878663728432
6700,2.3646878663728432
6701,2.3646878663728432
6702,2.3646878663728432
6703,2.3646878663728432
6704,2.3646878663728432
6705,2.3646878663728432
6706,2.3646878663728432
6707,2.3646878663728432
6708,2.3646878663728432
6709,2.3646878663728432
6710,2.3646878663728432
6711,2.3646878663728432
6712,2.3646878663728432
6713,2.3646878663728432
6714,2.3646878663728432
6715,2.3646878663728432
6716,2.3646878663728432
6717,2.3646878663728432
6718,2.3646878663728432
6719,2.3646878663728432
6720,2.3646878663728432
6721,2.3646878663728432
6722,2.3646878663728432
6723,2.3646878663728432
6724,2.3646878663728432
6725,2.3646878663728432
6726,2.3646878663728432
6727,2.3646878663728432
6728,2.3646878663728432
6729,2.3646878663728432
6730,2.3646878663728432
6731,2.3646878663728432
6732,2.3646878663728432
6733,2.3646878663728432
6734,2.3646878663728432
6735,2.3646878663728432
6736,2.3646878663728432
6737,2.3646878663728432
6738,2.3646878663728432
6739,2.3646878663728432
6740,2.3646878663728432
6741,2.3646878663728432
6742,2.3646878663728432
6743,2.3646878663728432
6744,2.3646878663728432
6745,2.3646878663728432
6746,2.3646878663728432
6747,2.3646878663728432
6748,2.3646878663728432
6749,2.3646878663728432
6750,2.3646878663728432
6751,2.3646878663728432
6752,2.3646878663728432
6753,2.3646878663728432
6754,2.3646878663728432
6755,2.3646878663728432
6756,2.3646878663728432
6757,2.3646878663728432
6758,2.3646878663728432
6759,2.3646878663728432
6760,2.3646878663728432
6761,2.3646878663728432
6762,2.3646878663728432
6763,2.3646878663728432
6764,2.3646878663728432
6765,2.3646878663728432
6766,2.3646878663728432
6767,2.3646878663728432
6768,2.3646878663728432
6769,2.3646878663728432
6770,2.3646878663728432
6771,2.3646878663728432
6772,2.3646878663728432
6773,2.3646878663728432
6774,2.3646878663728432
6775,2.3646878663728432
6776,2.3646878663728432
6777,2.3646878663728432
6778,2.3646878663728432
6779,2.3646878663728432
6780,2.3646878663728432
6781,2.3646878663728432
6782,2.3646878663728432
6783,2.3646878663728432
6784,2.3646878663728432
6785,2.3646878663728432
6786,2.3646878663728432
6787,2.3646878663728432
6788,2.3646878663728432
6789,2.3646878663728432
6790,2.3646878663728432
6791,2.3646878663728432
6792,2.3646878663728432
6793,2.3646878663728432
6794,2.3646878663728432
6795,2.3646878663728432
6796,2.3646878663728432
6797,2.3646878663728432
6798,2.3646878663728432
6799,2.3646878663728432
6800,2.3646878663728432
6801,2.3646878663728432
6802,2.3646878663728432
6803,2.3646878663728432
6804,2.3646878663728432
6805,2.3646878663728432
6806,2.3646878663728432
6807,2.3646878663728432
6808,2.3646878663728432
6809,2.3646878663728432
6810,2.3646878663728432
6811,2.3646878663728432
6812,2.3646878663728432
6813,2.3646878663728432
6814,2.3646878663728432
6815,2.3646878663728432
6816,2.3646878663728432
6817,2.3646878663728432
6818,2.3646878663728432
6819,2.3646878663728432
6820,2.3646878663728432
6821,2.3646878663728432
6822,2.3646878663728432
6823,2.3646878663728432
6824,2.3646878663728432
6825,2.3646878663728432
6826,2.3646878663728432
6827,2.3646878663728432
6828,2.3646878663728432
6829,2.3646878663728432
6830,2.3646878663728432
6831,2.3646878663728432
6832,2.3646878663728432
6833,2.3646878663728432
6834,2.3646878663728432
6835,2.3646878663728432
6836,2.3646878663728432
6837,2.3646878663728432
6838,2.3646878663728432
6839,2.3646878663728432
6840,2.3646878663728432
6841,2.3646878663728432
6842,2.3646878663728432
6843,2.3646878663728432
6844,2.3646878663728432
6845,2.3646878663728432
6846,2.3646878663728432
6847,2.3646878663728432
6848,2.3646878663728432
6849,2.3646878663728432
6850,2.3646878663728432
6851,2.3646878663728432
6852,2.3646878663728432
6853,2.3646878663728432
6854,2.3646878663728432
6855,2.3646878663728432
6856,2.3646878663728432
6857,2.3646878663728432
6858,2.3646878663728432
6859,2.3646878663728432
6860,2.3646878663728432
6861,2.3646878663728432
6862,2.3646878663728432
6863,2.3646878663728432
6864,2.3646878663728432
6865,2.3646878663728432
6866,2.3646878663728432
6867,2.3646878663728432
6868,2.3646878663728432
6869,2.3646878663728432
6870,2.3646878663728432
6871,2.3646878663728432
6872,2.3646878663728432
6873,2.3646878663728432
6874,2.3646878663728432
6875,2.3646878663728432
6876,2.3646878663728432
6877,2.3646878663728432
6878,2.3646878663728432
6879,2.3646878663728432
6880,2.3646878663728432
6881,2.3646878663728432
6882,2.3646878663728432
6883,2.3646878663728432
6884,2.3646878663728432
6885,2.3646878663728432
6886,2.3646878663728432
6887,2.3646878663728432
6888,2.3646878663728432
6889,2.3646878663728432
6890,2.3646878663728432
6891,2.3646878663728432
6892,2.3646878663728432
6893,2.3646878663728432
6894,2.3646878663728432
6895,2.3646878663728432
6896,2.3646878663728432
6897,2.3646878663728432
6898,2.3646878663728432
6899,2.3646878663728432
6900,2.3646878663728432
6901,2.3646878663728432
6902,2.3646878663728432
6903,2.3646878663728432
6904,2.3646878663728432
6905,2.3646878663728432
6906,2.3646878663728432
6907,2.3646878663728432
6908,2.3646878663728432
6909,2.3646878663728432
6910,2.3646878663728432
6911,2.3646878663728432
6912,2.3646878663728432
6913,2.3646878663728432
6914,2.3646878663728432
6915,2.3646878663728432
6916,2.3646878663728432
6917,2.3646878663728432
6918,2.3646878663728432
6919,2.3646878663728432
6920,2.3646878663728432
6921,2.3646878663728432
6922,2.3646878663728432
6923,2.3646878663728432
6924,2.3646878663728432
6925,2.3646878663728432
6926,2.3646878663728432
6927,2.3646878663728432
6928,2.3646878663728432
6929,2.3646878663728432
6930,2.3646878663728432
6931,2.3646878663728432
6932,2.3646878663728432
6933,2.3646878663728432
6934,2.3646878663728432
6935,2.3646878663728432
6936,2.3646878663728432
6937,2.3646878663728432
6938,2.3646878663728432
6939,2.3646878663728432
6940,2.3646878663728432
6941,2.3646878663728432
6942,2.3646878663728432
6943,2.3646878663728432
6944,2.3646878663728432
6945,2.3646878663728432
6946,2.3646878663728432
6947,2.3646878663728432
6948,2.3646878663728432
6949,2.3646878663728432
6950,2.3646878663728432
6951,2.3646878663728432
6952,2.3646878663728432
6953,2.3646878663728432
6954,2.3646878663728432
6955,2.3646878663728432
6956,2.3646878663728432
6957,2.3646878663728432
6958,2.3646878663728432
6959,2.3646878663728432
6960,2.3646878663728432
6961,2.3646878663728432
6962,2.3646878663728432
6963,2.3646878663728432
6964,2.3646878663728432
6965,2.3646878663728432
6966,2.3646878663728432
6967,2.3646878663728432
6968,2.3646878663728432
6969,2.3646878663728432
6970,2.3646878663728432
6971,2.3646878663728432
6972,2.3646878663728432
6973,2.3646878663728432
6974,2.3646878663728432
6975,2.3646878663728432
6976,2.3646878663728432
6977,2.3646878663728432
6978,2.3646878663728432
6979,2.3646878663728432
6980,2.3646878663728432
6981,2.3646878663728432
6982,2.3646878663728432
6983,2.3646878663728432
6984,2.3646878663728432
6985,2.3646878663728432
6986,2.3646878663728432
6987,2.3646878663728432
6988,2.3646878663728432
6989,2.3646878663728432
6990,2.3646878663728432
6991,2.3646878663728432
6992,2.3646878663728432
6993,2.3646878663728432
6994,2.3646878663728432
6995,2.3646878663728432
6996,2.3646878663728432
6997,2.3646878663728432
6998,2.3646878663728432
6999,2.3646878663728432
7000,2.3646878663728432
7001,2.3646878663728432
7002,2.3646878663728432
7003,2.3646878663728432
7004,2.3646878663728432
7005,2.3646878663728432
7006,2.3646878663728432
7007,2.3646878663728432
7008,2.3646878663728432
7009,2.3646878663728432
7010,2.3646878663728432
7011,2.3646878663728432
7012,2.3646878663728432
7013,2.3646878663728432
7014,2.3646878663728432
7015,2.3646878663728432
7016,2.3646878663728432
7017,2.3646878663728432
7018,2.3646878663728432
7019,2.3646878663728432
7020,2.3646878663728432
7021,2.3646878663728432
7022,2.3646878663728432
7023,2.3646878663728432
7024,2.3646878663728432
7025,2.3646878663728432
7026,2.3646878663728432
7027,2.3646878663728432
7028,2.3646878663728432
7029,2.3646878663728432
7030,2.3646878663728432
7031,2.3646878663728432
7032,2.3646878663728432
7033,2.3646878663728432
7034,2.3646878663728432
7035,2.3646878663728432
7036,2.3646878663728432
7037,2.3646878663728432
7038,2.3646878663728432
7039,2.3646878663728432
7040,2.3646878663728432
7041,2.3646878663728432
7042,2.3646878663728432
7043,2.3646878663728432
7044,2.3646878663728432
7045,2.3646878663728432
7046,2.3646878663728432
7047,2.3646878663728432
7048,2.3646878663728432
7049,2.3646878663728432
7050,2.3646878663728432
7051,2.3646878663728432
7052,2.3646878663728432
7053,2.3646878663728432
7054,2.3646878663728432
7055,2.3646878663728432
7056,2.3646878663728432
7057,2.3646878663728432
7058,2.3646878663728432
7059,2.3646878663728432
7060,2.3646878663728432
7061,2.3646878663728432
7062,2.3646878663728432
7063,2.3646878663728432
7064,2.3646878663728432
7065,2.3646878663728432
7066,2.3646878663728432
7067,2.3646878663728432
7068,2.3646878663728432
7069,2.3646878663728432
7070,2.3646878663728432
7071,2.3646878663728432
7072,2.3646878663728432
7073,2.3646878663728432
7074,2.3646878663728432
7075,2.3646878663728432
7076,2.3646878663728432
7077,2.3646878663728432
7078,2.3646878663728432
7079,2.3646878663728432
7080,2.3646878663728432
7081,2.3646878663728432
7082,2.3646878663728432
7083,2.3646878663728432
7084,2.3646878663728432
7085,2.3646878663728432
7086,2.3646878663728432
7087,2.3646878663728432
7088,2.3646878663728432
7089,2.3646878663728432
7090,2.3646878663728432
7091,2.3646878663728432
7092,2.3646878663728432
7093,2.3646878663728432
7094,2.3646878663728432
7095,2.3646878663728432
7096,2.3646878663728432
7097,2.3646878663728432
7098,2.3646878663728432
7099,2.3646878663728432
7100,2.3646878663728432
7101,2.3646878663728432
7102,2.3646878663728432
7103,2.3646878663728432
7104,2.3646878663728432
7105,2.3646878663728432
7106,2.3646878663728432
7107,2.3646878663728432
7108,2.3646878663728432
7109,2.3646878663728432
7110,2.3646878663728432
7111,2.3646878663728432
7112,2.3646878663728432
7113,2.3646878663728432
7114,2.3646878663728432
7115,2.3646878663728432
7116,2.3646878663728432
7117,2.3646878663728432
7118,2.3646878663728432
7119,2.3646878663728432
7120,2.3646878663728432
7121,2.3646878663728432
7122,2.3646878663728432
7123,2.3646878663728432
7124,2.3646878663728432
7125,2.3646878663728432
7126,2.3646878663728432
7127,2.3646878663728432
7128,2.3646878663728432
7129,2.3646878663728432
7130,2.3646878663728432
7131,2.3646878663728432
7132,2.3646878663728432
7133,2.3646878663728432
7134,2.3646878663728432
7135,2.3646878663728432
7136,2.3646878663728432
7137,2.3646878663728432
7138,2.3646878663728432
7139,2.3646878663728432
7140,2.3646878663728432
7141,2.3646878663728432
7142,2.3646878663728432
7143,2.3646878663728432
7144,2.3646878663728432
7145,2.3646878663728432
7146,2.3646878663728432
7147,2.3646878663728432
7148,2.3646878663728432
7149,2.3646878663728432
7150,2.3646878663728432
7151,2.3646878663728432
7152,2.3646878663728432
7153,2.3646878663728432
7154,2.3646878663728432
7155,2.3646878663728432
7156,2.3646878663728432
7157,2.3646878663728432
7158,2.3646878663728432
7159,2.3646878663728432
7160,2.3646878663728432
7161,2.3646878663728432
7162,2.3646878663728432
7163,2.3646878663728432
7164,2.3646878663728432
7165,2.3646878663728432
7166,2.3646878663728432
7167,2.3646878663728432
7168,2.3646878663728432
7169,2.3646878663728432
7170,2.3646878663728432
7171,2.3646878663728432
7172,2.3646878663728432
7173,2.3646878663728432
7174,2.3646878663728432
7175,2.3646878663728432
7176,2.3646878663728432
7177,2.3646878663728432
7178,2.3646878663728432
7179,2.3646878663728432
7180,2.3646878663728432
7181,2.3646878663728432
7182,2.3646878663728432
7183,2.3646878663728432
7184,2.3646878663728432
7185,2.3646878663728432
7186,2.3646878663728432
7187,2.3646878663728432
7188,2.3646878663728432
7189,2.3646878663728432
7190,2.3646878663728432
7191,2.3646878663728432
7192,2.3646878663728432
7193,2.3646878663728432
7194,2.3646878663728432
7195,2.3646878663728432
7196,2.3646878663728432
7197,2.3646878663728432
7198,2.3646878663728432
7199,2.3646878663728432
7200,2.3646878663728432
7201,2.3646878663728432
7202,2.3646878663728432
7203,2.3646878663728432
7204,2.3646878663728432
7205,2.3646878663728432
7206,2.3646878663728432
7207,2.3646878663728432
7208,2.3646878663728432
7209,2.3646878663728432
7210,2.3646878663728432
7211,2.3646878663728432
7212,2.3646878663728432
7213,2.3646878663728432
7214,2.3646878663728432
7215,2.3646878663728432
7216,2.3646878663728432
7217,2.3646878663728432
7218,2.3646878663728432
7219,2.3646878663728432
7220,2.3646878663728432
7221,2.3646878663728432
7222,2.3646878663728432
7223,2.3646878663728432
7224,2.3646878663728432
7225,2.3646878663728432
7226,2.3646878663728432
7227,2.3646878663728432
7228,2.3646878663728432
7229,2.3646878663728432
7230,2.3646878663728432
7231,2.3646878663728432
7232,2.3646878663728432
7233,2.3646878663728432
7234,2.3646878663728432
7235,2.3646878663728432
7236,2.3646878663728432
7237,2.3646878663728432
7238,2.3646878663728432
7239,2.3646878663728432
7240,2.3646878663728432
7241,2.3646878663728432
7242,2.3646878663728432
7243,2.3646878663728432
7244,2.3646878663728432
7245,2.3646878663728432
7246,2.3646878663728432
7247,2.3646878663728432
7248,2.3646878663728432
7249,2.3646878663728432
7250,2.3646878663728432
7251,2.3646878663728432
7252,2.3646878663728432
7253,2.3646878663728432
7254,2.3646878663728432
7255,2.3646878663728432
7256,2.3646878663728432
7257,2.3646878663728432
7258,2.3646878663728432
7259,2.3646878663728432
7260,2.3646878663728432
7261,2.3646878663728432
7262,2.3646878663728432
7263,2.3646878663728432
7264,2.3646878663728432
7265,2.3646878663728432
7266,2.3646878663728432
7267,2.3646878663728432
7268,2.3646878663728432
7269,2.3646878663728432
7270,2.3646878663728432
7271,2.3646878663728432
7272,2.3646878663728432
7273,2.3646878663728432
7274,2.3646878663728432
7275,2.3646878663728432
7276,2.3646878663728432
7277,2.3646878663728432
7278,2.3646878663728432
7279,2.3646878663728432
7280,2.3646878663728432
7281,2.3646878663728432
7282,2.3646878663728432
7283,2.3646878663728432
7284,2.3646878663728432
7285,2.3646878663728432
7286,2.3646878663728432
7287,2.3646878663728432
7288,2.3646878663728432
7289,2.3646878663728432
7290,2.3646878663728432
7291,2.3646878663728432
7292,2.3646878663728432
7293,2.3646878663728432
7294,2.3646878663728432
7295,2.3646878663728432
7296,2.3646878663728432
7297,2.3646878663728432
7298,2.3646878663728432
7299,2.3646878663728432
7300,2.3646878663728432
7301,2.3646878663728432
7302,2.3646878663728432
7303,2.3646878663728432
7304,2.3646878663728432
7305,2.3646878663728432
7306,2.3646878663728432
7307,2.3646878663728432
7308,2.3646878663728432
7309,2.3646878663728432
7310,2.3646878663728432
7311,2.3646878663728432
7312,2.3646878663728432
7313,2.3646878663728432
7314,2.3646878663728432
7315,2.3646878663728432
7316,2.3646878663728432
7317,2.3646878663728432
7318,2.3646878663728432
7319,2.3646878663728432
7320,2.3646878663728432
7321,2.3646878663728432
7322,2.3646878663728432
7323,2.3646878663728432
7324,2.3646878663728432
7325,2.3646878663728432
7326,2.3646878663728432
7327,2.3646878663728432
7328,2.3646878663728432
7329,2.3646878663728432
7330,2.3646878663728432
7331,2.3646878663728432
7332,2.3646878663728432
7333,2.3646878663728432
7334,2.3646878663728432
7335,2.3646878663728432
7336,2.3646878663728432
7337,2.3646878663728432
7338,2.3646878663728432
7339,2.3646878663728432
7340,2.3646878663728432
7341,2.3646878663728432
7342,2.3646878663728432
7343,2.3646878663728432
7344,2.3646878663728432
7345,2.3646878663728432
7346,2.3646878663728432
7347,2.3646878663728432
7348,2.3646878663728432
7349,2.3646878663728432
7350,2.3646878663728432
7351,2.3646878663728432
7352,2.3646878663728432
7353,2.3646878663728432
7354,2.3646878663728432
7355,2.3646878663728432
7356,2.3646878663728432
7357,2.3646878663728432
7358,2.3646878663728432
7359,2.3646878663728432
7360,2.3646878663728432
7361,2.3646878663728432
7362,2.3646878663728432
7363,2.3646878663728432
7364,2.3646878663728432
7365,2.3646878663728432
7366,2.3646878663728432
7367,2.3646878663728432
7368,2.3646878663728432
7369,2.3646878663728432
7370,2.3646878663728432
7371,2.3646878663728432
7372,2.3646878663728432
7373,2.3646878663728432
7374,2.3646878663728432
7375,2.3646878663728432
7376,2.3646878663728432
7377,2.3646878663728432
7378,2.3646878663728432
7379,2.3646878663728432
7380,2.3646878663728432
7381,2.3646878663728432
7382,2.3646878663728432
7383,2.3646878663728432
7384,2.3646878663728432
7385,2.3646878663728432
7386,2.3646878663728432
7387,2.3646878663728432
7388,2.3646878663728432
7389,2.3646878663728432
7390,2.3646878663728432
7391,2.3646878663728432
7392,2.3646878663728432
7393,2.3646878663728432
7394,2.3646878663728432
7395,2.3646878663728432
7396,2.3646878663728432
7397,2.3646878663728432
7398,2.3646878663728432
7399,2.3646878663728432
7400,2.3646878663728432
7401,2.3646878663728432
7402,2.3646878663728432
7403,2.3646878663728432
7404,2.3646878663728432
7405,2.3646878663728432
7406,2.3646878663728432
7407,2.3646878663728432
7408,2.3646878663728432
7409,2.3646878663728432
7410,2.3646878663728432
7411,2.3646878663728432
7412,2.3646878663728432
7413,2.3646878663728432
7414,2.3646878663728432
7415,2.3646878663728432
7416,2.3646878663728432
7417,2.3646878663728432
7418,2.3646878663728432
7419,2.3646878663728432
7420,2.3646878663728432
7421,2.3646878663728432
7422,2.3646878663728432
7423,2.3646878663728432
7424,2.3646878663728432
7425,2.3646878663728432
7426,2.3646878663728432
7427,2.3646878663728432
7428,2.3646878663728432
7429,2.3646878663728432
7430,2.3646878663728432
7431,2.3646878663728432
7432,2.3646878663728432
7433,2.3646878663728432
7434,2.3646878663728432
7435,2.3646878663728432
7436,2.3646878663728432
7437,2.3646878663728432
7438,2.3646878663728432
7439,2.3646878663728432
7440,2.3646878663728432
7441,2.3646878663728432
7442,2.3646878663728432
7443,2.3646878663728432
7444,2.3646878663728432
7445,2.3646878663728432
7446,2.3646878663728432
7447,2.3646878663728432
7448,2.3646878663728432
7449,2.3646878663728432
7450,2.3646878663728432
7451,2.3646878663728432
7452,2.3646878663728432
7453,2.3646878663728432
7454,2.3646878663728432
7455,2.3646878663728432
7456,2.3646878663728432
7457,2.3646878663728432
7458,2.3646878663728432
7459,2.3646878663728432
7460,2.3646878663728432
7461,2.3646878663728432
7462,2.3646878663728432
7463,2.3646878663728432
7464,2.3646878663728432
7465,2.3646878663728432
7466,2.3646878663728432
7467,2.3646878663728432
7468,2.3646878663728432
7469,2.3646878663728432
7470,2.3646878663728432
7471,2.3646878663728432
7472,2.3646878663728432
7473,2.3646878663728432
7474,2.3646878663728432
7475,2.3646878663728432
7476,2.3646878663728432
7477,2.3646878663728432
7478,2.3646878663728432
7479,2.3646878663728432
7480,2.3646878663728432
7481,2.3646878663728432
7482,2.3646878663728432
7483,2.3646878663728432
7484,2.3646878663728432
7485,2.3646878663728432
7486,2.3646878663728432
7487,2.3646878663728432
7488,2.3646878663728432
7489,2.3646878663728432
7490,2.3646878663728432
7491,2.3646878663728432
7492,2.3646878663728432
7493,2.3646878663728432
7494,2.3646878663728432
7495,2.3646878663728432
7496,2.3646878663728432
7497,2.3646878663728432
7498,2.3646878663728432
7499,2.3646878663728432
7500,2.3646878663728432
7501,2.3646878663728432
7502,2.3646878663728432
7503,2.3646878663728432
7504,2.3646878663728432
7505,2.3646878663728432
7506,2.3646878663728432
7507,2.3646878663728432
7508,2.3646878663728432
7509,2.3646878663728432
7510,2.3646878663728432
7511,2.3646878663728432
7512,2.3646878663728432
7513,2.3646878663728432
7514,2.3646878663728432
7515,2.3646878663728432
7516,2.3646878663728432
7517,2.3646878663728432
7518,2.3646878663728432
7519,2.3646878663728432
7520,2.3646878663728432
7521,2.3646878663728432
7522,2.3646878663728432
7523,2.3646878663728432
7524,2.3646878663728432
7525,2.3646878663728432
7526,2.3646878663728432
7527,2.3646878663728432
7528,2.3646878663728432
7529,2.3646878663728432
7530,2.3646878663728432
7531,2.3646878663728432
7532,2.3646878663728432
7533,2.3646878663728432
7534,2.3646878663728432
7535,2.3646878663728432
7536,2.3646878663728432
7537,2.3646878663728432
7538,2.3646878663728432
7539,2.3646878663728432
7540,2.3646878663728432
7541,2.3646878663728432
7542,2.3646878663728432
7543,2.3646878663728432
7544,2.3646878663728432
7545,2.3646878663728432
7546,2.3646878663728432
7547,2.3646878663728432
7548,2.3646878663728432
7549,2.3646878663728432
7550,2.3646878663728432
7551,2.3646878663728432
7552,2.3646878663728432
7553,2.3646878663728432
7554,2.3646878663728432
7555,2.3646878663728432
7556,2.3646878663728432
7557,2.3646878663728432
7558,2.3646878663728432
7559,2.3646878663728432
7560,2.3646878663728432
7561,2.3646878663728432
7562,2.3646878663728432
7563,2.3646878663728432
7564,2.3646878663728432
7565,2.3646878663728432
7566,2.3646878663728432
7567,2.3646878663728432
7568,2.3646878663728432
7569,2.3646878663728432
7570,2.3646878663728432
7571,2.3646878663728432
7572,2.3646878663728432
7573,2.3646878663728432
7574,2.3646878663728432
7575,2.3646878663728432
7576,2.3646878663728432
7577,2.3646878663728432
7578,2.3646878663728432
7579,2.3646878663728432
7580,2.3646878663728432
7581,2.3646878663728432
7582,2.3646878663728432
7583,2.3646878663728432
7584,2.3646878663728432
7585,2.3646878663728432
7586,2.3646878663728432
7587,2.3646878663728432
7588,2.3646878663728432
7589,2.3646878663728432
7590,2.3646878663728432
7591,2.3646878663728432
7592,2.3646878663728432
7593,2.3646878663728432
7594,2.3646878663728432
7595,2.3646878663728432
7596,2.3646878663728432
7597,2.3646878663728432
7598,2.3646878663728432
7599,2.3646878663728432
7600,2.3646878663728432
7601,2.3646878663728432
7602,2.3646878663728432
7603,2.3646878663728432
7604,2.3646878663728432
7605,2.3646878663728432
7606,2.3646878663728432
7607,2.3646878663728432
7608,2.3646878663728432
7609,2.3646878663728432
7610,2.3646878663728432
7611,2.3646878663728432
7612,2.3646878663728432
7613,2.3646878663728432
7614,2.3646878663728432
7615,2.3646878663728432
7616,2.3646878663728432
7617,2.3646878663728432
7618,2.3646878663728432
7619,2.3646878663728432
7620,2.3646878663728432
7621,2.3646878663728432
7622,2.3646878663728432
7623,2.3646878663728432
7624,2.3646878663728432
7625,2.3646878663728432
7626,2.3646878663728432
7627,2.3646878663728432
7628,2.3646878663728432
7629,2.3646878663728432
7630,2.3646878663728432
7631,2.3646878663728432
7632,2.3646878663728432
7633,2.3646878663728432
7634,2.3646878663728432
7635,2.3646878663728432
7636,2.3646878663728432
7637,2.3646878663728432
7638,2.3646878663728432
7639,2.3646878663728432
7640,2.3646878663728432
7641,2.3646878663728432
7642,2.3646878663728432
7643,2.3646878663728432
7644,2.3646878663728432
7645,2.3646878663728432
7646,2.3646878663728432
7647,2.3646878663728432
7648,2.3646878663728432
7649,2.3646878663728432
7650,2.3646878663728432
7651,2.3646878663728432
7652,2.3646878663728432
7653,2.3646878663728432
7654,2.3646878663728432
7655,2.3646878663728432
7656,2.3646878663728432
7657,2.3646878663728432
7658,2.3646878663728432
7659,2.3646878663728432
7660,2.3646878663728432
7661,2.3646878663728432
7662,2.3646878663728432
7663,2.3646878663728432
7664,2.3646878663728432
7665,2.3646878663728432
7666,2.3646878663728432
7667,2.3646878663728432
7668,2.3646878663728432
7669,2.3646878663728432
7670,2.3646878663728432
7671,2.3646878663728432
7672,2.3646878663728432
7673,2.3646878663728432
7674,2.3646878663728432
7675,2.3646878663728432
7676,2.3646878663728432
7677,2.3646878663728432
7678,2.3646878663728432
7679,2.3646878663728432
7680,2.3646878663728432
7681,2.3646878663728432
7682,2.3646878663728432
7683,2.3646878663728432
7684,2.3646878663728432
7685,2.3646878663728432
7686,2.3646878663728432
7687,2.3646878663728432
7688,2.3646878663728432
7689,2.3646878663728432
7690,2.3646878663728432
7691,2.3646878663728432
7692,2.3646878663728432
7693,2.3646878663728432
7694,2.3646878663728432
7695,2.3646878663728432
7696,2.3646878663728432
7697,2.3646878663728432
7698,2.3646878663728432
7699,2.3646878663728432
7700,2.3646878663728432
7701,2.3646878663728432
7702,2.3646878663728432
7703,2.3646878663728432
7704,2.3646878663728432
7705,2.3646878663728432
7706,2.3646878663728432
7707,2.3646878663728432
7708,2.3646878663728432
7709,2.3646878663728432
7710,2.3646878663728432
7711,2.3646878663728432
7712,2.3646878663728432
7713,2.3646878663728432
7714,2.3646878663728432
7715,2.3646878663728432
7716,2.3646878663728432
7717,2.3646878663728432
7718,2.3646878663728432
7719,2.3646878663728432
7720,2.3646878663728432
7721,2.3646878663728432
7722,2.3646878663728432
7723,2.3646878663728432
7724,2.3646878663728432
7725,2.3646878663728432
7726,2.3646878663728432
7727,2.3646878663728432
7728,2.3646878663728432
7729,2.3646878663728432
7730,2.3646878663728432
7731,2.3646878663728432
7732,2.3646878663728432
7733,2.3646878663728432
7734,2.3646878663728432
7735,2.3646878663728432
7736,2.3646878663728432
7737,2.3646878663728432
7738,2.3646878663728432
7739,2.3646878663728432
7740,2.3646878663728432
7741,2.3646878663728432
7742,2.3646878663728432
7743,2.3646878663728432
7744,2.3646878663728432
7745,2.3646878663728432
7746,2.3646878663728432
7747,2.3646878663728432
7748,2.3646878663728432
7749,2.3646878663728432
7750,2.3646878663728432
7751,2.3646878663728432
7752,2.3646878663728432
7753,2.3646878663728432
7754,2.3646878663728432
7755,2.3646878663728432
7756,2.3646878663728432
7757,2.3646878663728432
7758,2.3646878663728432
7759,2.3646878663728432
7760,2.3646878663728432
7761,2.3646878663728432
7762,2.3646878663728432
7763,2.3646878663728432
7764,2.3646878663728432
7765,2.3646878663728432
7766,2.3646878663728432
7767,2.3646878663728432
7768,2.3646878663728432
7769,2.3646878663728432
7770,2.3646878663728432
7771,2.3646878663728432
7772,2.3646878663728432
7773,2.3646878663728432
7774,2.3646878663728432
7775,2.3646878663728432
7776,2.3646878663728432
7777,2.3646878663728432
7778,2.3646878663728432
7779,2.3646878663728432
7780,2.3646878663728432
7781,2.3646878663728432
7782,2.3646878663728432
7783,2.3646878663728432
7784,2.3646878663728432
7785,2.3646878663728432
7786,2.3646878663728432
7787,2.3646878663728432
7788,2.3646878663728432
7789,2.3646878663728432
7790,2.3646878663728432
7791,2.3646878663728432
7792,2.3646878663728432
7793,2.3646878663728432
7794,2.3646878663728432
7795,2.3646878663728432
7796,2.3646878663728432
7797,2.3646878663728432
7798,2.3646878663728432
7799,2.3646878663728432
7800,2.3646878663728432
7801,2.3646878663728432
7802,2.3646878663728432
7803,2.3646878663728432
7804,2.3646878663728432
7805,2.3646878663728432
7806,2.3646878663728432
7807,2.3646878663728432
7808,2.3646878663728432
7809,2.3646878663728432
7810,2.3646878663728432
7811,2.3646878663728432
7812,2.3646878663728432
7813,2.3646878663728432
7814,2.3646878663728432
7815,2.3646878663728432
7816,2.3646878663728432
7817,2.3646878663728432
7818,2.3646878663728432
7819,2.3646878663728432
7820,2.3646878663728432
7821,2.3646878663728432
7822,2.3646878663728432
7823,2.3646878663728432
7824,2.3646878663728432
7825,2.3646878663728432
7826,2.3646878663728432
7827,2.3646878663728432
7828,2.3646878663728432
7829,2.3646878663728432
7830,2.3646878663728432
7831,2.3646878663728432
7832,2.3646878663728432
7833,2.3646878663728432
7834,2.3646878663728432
7835,2.3646878663728432
7836,2.3646878663728432
7837,2.3646878663728432
7838,2.3646878663728432
7839,2.3646878663728432
7840,2.3646878663728432
7841,2.3646878663728432
7842,2.3646878663728432
7843,2.3646878663728432
7844,2.3646878663728432
7845,2.3646878663728432
7846,2.3646878663728432
7847,2.3646878663728432
7848,2.3646878663728432
7849,2.3646878663728432
7850,2.3646878663728432
7851,2.3646878663728432
7852,2.3646878663728432
7853,2.3646878663728432
7854,2.3646878663728432
7855,2.3646878663728432
7856,2.3646878663728432
7857,2.3646878663728432
7858,2.3646878663728432
7859,2.3646878663728432
7860,2.3646878663728432
7861,2.3646878663728432
7862,2.3646878663728432
7863,2.3646878663728432
7864,2.3646878663728432
7865,2.3646878663728432
7866,2.3646878663728432
7867,2.3646878663728432
7868,2.3646878663728432
7869,2.3646878663728432
7870,2.3646878663728432
7871,2.3646878663728432
7872,2.3646878663728432
7873,2.3646878663728432
7874,2.3646878663728432
7875,2.3646878663728432
7876,2.3646878663728432
7877,2.3646878663728432
7878,2.3646878663728432
7879,2.3646878663728432
7880,2.3646878663728432
7881,2.3646878663728432
7882,2.3646878663728432
7883,2.3646878663728432
7884,2.3646878663728432
7885,2.3646878663728432
7886,2.3646878663728432
7887,2.3646878663728432
7888,2.3646878663728432
7889,2.3646878663728432
7890,2.3646878663728432
7891,2.3646878663728432
7892,2.3646878663728432
7893,2.3646878663728432
7894,2.3646878663728432
7895,2.3646878663728432
7896,2.3646878663728432
7897,2.3646878663728432
7898,2.3646878663728432
7899,2.3646878663728432
7900,2.3646878663728432
7901,2.3646878663728432
7902,2.3646878663728432
7903,2.3646878663728432
7904,2.3646878663728432
7905,2.3646878663728432
7906,2.3646878663728432
7907,2.3646878663728432
7908,2.3646878663728432
7909,2.3646878663728432
7910,2.3646878663728432
7911,2.3646878663728432
7912,2.3646878663728432
7913,2.3646878663728432
7914,2.3646878663728432
7915,2.3646878663728432
7916,2.3646878663728432
7917,2.3646878663728432
7918,2.3646878663728432
7919,2.3646878663728432
7920,2.3646878663728432
7921,2.3646878663728432
7922,2.3646878663728432
7923,2.3646878663728432
7924,2.3646878663728432
7925,2.3646878663728432
7926,2.3646878663728432
7927,2.3646878663728432
7928,2.3646878663728432
7929,2.3646878663728432
7930,2.3646878663728432
7931,2.3646878663728432
7932,2.3646878663728432
7933,2.3646878663728432
7934,2.3646878663728432
7935,2.3646878663728432
7936,2.3646878663728432
7937,2.3646878663728432
7938,2.3646878663728432
7939,2.3646878663728432
7940,2.3646878663728432
7941,2.3646878663728432
7942,2.3646878663728432
7943,2.3646878663728432
7944,2.3646878663728432
7945,2.3646878663728432
7946,2.3646878663728432
7947,2.3646878663728432
7948,2.3646878663728432
7949,2.3646878663728432
7950,2.3646878663728432
7951,2.3646878663728432
7952,2.3646878663728432
7953,2.3646878663728432
7954,2.3646878663728432
7955,2.3646878663728432
7956,2.3646878663728432
7957,2.3646878663728432
7958,2.3646878663728432
7959,2.3646878663728432
7960,2.3646878663728432
7961,2.3646878663728432
7962,2.3646878663728432
7963,2.3646878663728432
7964,2.3646878663728432
7965,2.3646878663728432
7966,2.3646878663728432
7967,2.3646878663728432
7968,2.3646878663728432
7969,2.3646878663728432
7970,2.3646878663728432
7971,2.3646878663728432
7972,2.3646878663728432
7973,2.3646878663728432
7974,2.3646878663728432
7975,2.3646878663728432
7976,2.3646878663728432
7977,2.3646878663728432
7978,2.3646878663728432
7979,2.3646878663728432
7980,2.3646878663728432
7981,2.3646878663728432
7982,2.3646878663728432
7983,2.3646878663728432
7984,2.3646878663728432
7985,2.3646878663728432
7986,2.3646878663728432
7987,2.3646878663728432
7988,2.3646878663728432
7989,2.3646878663728432
7990,2.3646878663728432
7991,2.3646878663728432
7992,2.3646878663728432
7993,2.3646878663728432
7994,2.3646878663728432
7995,2.3646878663728432
7996,2.3646878663728432
7997,2.3646878663728432
7998,2.3646878663728432
7999,2.3646878663728432
8000,2.3646878663728432
8001,2.3646878663728432
8002,2.3646878663728432
8003,2.3646878663728432
8004,2.3646878663728432
8005,2.3646878663728432
8006,2.3646878663728432
8007,2.3646878663728432
8008,2.3646878663728432
8009,2.3646878663728432
8010,2.3646878663728432
8011,2.3646878663728432
8012,2.3646878663728432
8013,2.3646878663728432
8014,2.3646878663728432
8015,2.3646878663728432
8016,2.3646878663728432
8017,2.3646878663728432
8018,2.3646878663728432
8019,2.3646878663728432
8020,2.3646878663728432
8021,2.3646878663728432
8022,2.3646878663728432
8023,2.3646878663728432
8024,2.3646878663728432
8025,2.3646878663728432
8026,2.3646878663728432
8027,2.3646878663728432
8028,2.3646878663728432
8029,2.3646878663728432
8030,2.3646878663728432
8031,2.3646878663728432
8032,2.3646878663728432
8033,2.3646878663728432
8034,2.3646878663728432
8035,2.3646878663728432
8036,2.3646878663728432
8037,2.3646878663728432
8038,2.3646878663728432
8039,2.3646878663728432
8040,2.3646878663728432
8041,2.3646878663728432
8042,2.3646878663728432
8043,2.3646878663728432
8044,2.3646878663728432
8045,2.3646878663728432
8046,2.3646878663728432
8047,2.3646878663728432
8048,2.3646878663728432
8049,2.3646878663728432
8050,2.3646878663728432
8051,2.3646878663728432
8052,2.3646878663728432
8053,2.3646878663728432
8054,2.3646878663728432
8055,2.3646878663728432
8056,2.3646878663728432
8057,2.3646878663728432
8058,2.3646878663728432
8059,2.3646878663728432
8060,2.3646878663728432
8061,2.3646878663728432
8062,2.3646878663728432
8063,2.3646878663728432
8064,2.3646878663728432
8065,2.3646878663728432
8066,2.3646878663728432
8067,2.3646878663728432
8068,2.3646878663728432
8069,2.3646878663728432
8070,2.3646878663728432
8071,2.3646878663728432
8072,2.3646878663728432
8073,2.3646878663728432
8074,2.3646878663728432
8075,2.3646878663728432
8076,2.3646878663728432
8077,2.3646878663728432
8078,2.3646878663728432
8079,2.3646878663728432
8080,2.3646878663728432
8081,2.3646878663728432
8082,2.3646878663728432
8083,2.3646878663728432
8084,2.3646878663728432
8085,2.3646878663728432
8086,2.3646878663728432
8087,2.3646878663728432
8088,2.3646878663728432
8089,2.3646878663728432
8090,2.3646878663728432
8091,2.3646878663728432
8092,2.3646878663728432
8093,2.3646878663728432
8094,2.3646878663728432
8095,2.3646878663728432
8096,2.3646878663728432
8097,2.3646878663728432
8098,2.3646878663728432
8099,2.3646878663728432
8100,2.3646878663728432
8101,2.3646878663728432
8102,2.3646878663728432
8103,2.3646878663728432
8104,2.3646878663728432
8105,2.3646878663728432
8106,2.3646878663728432
8107,2.3646878663728432
8108,2.3646878663728432
8109,2.3646878663728432
8110,2.3646878663728432
8111,2.3646878663728432
8112,2.3646878663728432
8113,2.3646878663728432
8114,2.3646878663728432
8115,2.3646878663728432
8116,2.3646878663728432
8117,2.3646878663728432
8118,2.3646878663728432
8119,2.3646878663728432
8120,2.3646878663728432
8121,2.3646878663728432
8122,2.3646878663728432
8123,2.3646878663728432
8124,2.3646878663728432
8125,2.3646878663728432
8126,2.3646878663728432
8127,2.3646878663728432
8128,2.3646878663728432
8129,2.3646878663728432
8130,2.3646878663728432
8131,2.3646878663728432
8132,2.3646878663728432
8133,2.3646878663728432
8134,2.3646878663728432
8135,2.3646878663728432
8136,2.3646878663728432
8137,2.3646878663728432
8138,2.3646878663728432
8139,2.3646878663728432
8140,2.3646878663728432
8141,2.3646878663728432
8142,2.3646878663728432
8143,2.3646878663728432
8144,2.3646878663728432
8145,2.3646878663728432
8146,2.3646878663728432
8147,2.3646878663728432
8148,2.3646878663728432
8149,2.3646878663728432
8150,2.3646878663728432
8151,2.3646878663728432
8152,2.3646878663728432
8153,2.3646878663728432
8154,2.3646878663728432
8155,2.3646878663728432
8156,2.3646878663728432
8157,2.3646878663728432
8158,2.3646878663728432
8159,2.3646878663728432
8160,2.3646878663728432
8161,2.3646878663728432
8162,2.3646878663728432
8163,2.3646878663728432
8164,2.3646878663728432
8165,2.3646878663728432
8166,2.3646878663728432
8167,2.3646878663728432
8168,2.3646878663728432
8169,2.3646878663728432
8170,2.3646878663728432
8171,2.3646878663728432
8172,2.3646878663728432
8173,2.3646878663728432
8174,2.3646878663728432
8175,2.3646878663728432
8176,2.3646878663728432
8177,2.3646878663728432
8178,2.3646878663728432
8179,2.3646878663728432
8180,2.3646878663728432
8181,2.3646878663728432
8182,2.3646878663728432
8183,2.3646878663728432
8184,2.3646878663728432
8185,2.3646878663728432
8186,2.3646878663728432
8187,2.3646878663728432
8188,2.3646878663728432
8189,2.3646878663728432
8190,2.3646878663728432
8191,2.3646878663728432
8192,2.3646878663728432
8193,2.3646878663728432
8194,2.3646878663728432
8195,2.3646878663728432
8196,2.3646878663728432
8197,2.3646878663728432
8198,2.3646878663728432
8199,2.3646878663728432
8200,2.3646878663728432
8201,2.3646878663728432
8202,2.3646878663728432
8203,2.3646878663728432
8204,2.3646878663728432
8205,2.3646878663728432
8206,2.3646878663728432
8207,2.3646878663728432
8208,2.3646878663728432
8209,2.3646878663728432
8210,2.3646878663728432
8211,2.3646878663728432
8212,2.3646878663728432
8213,2.3646878663728432
8214,2.3646878663728432
8215,2.3646878663728432
8216,2.3646878663728432
8217,2.3646878663728432
8218,2.3646878663728432
8219,2.3646878663728432
8220,2.3646878663728432
8221,2.3646878663728432
8222,2.3646878663728432
8223,2.3646878663728432
8224,2.3646878663728432
8225,2.3646878663728432
8226,2.3646878663728432
8227,2.3646878663728432
8228,2.3646878663728432
8229,2.3646878663728432
8230,2.3646878663728432
8231,2.3646878663728432
8232,2.3646878663728432
8233,2.3646878663728432
8234,2.3646878663728432
8235,2.3646878663728432
8236,2.3646878663728432
8237,2.3646878663728432
8238,2.3646878663728432
8239,2.3646878663728432
8240,2.3646878663728432
8241,2.3646878663728432
8242,2.3646878663728432
8243,2.3646878663728432
8244,2.3646878663728432
8245,2.3646878663728432
8246,2.3646878663728432
8247,2.3646878663728432
8248,2.3646878663728432
8249,2.3646878663728432
8250,2.3646878663728432
8251,2.3646878663728432
8252,2.3646878663728432
8253,2.3646878663728432
8254,2.3646878663728432
8255,2.3646878663728432
8256,2.3646878663728432
8257,2.3646878663728432
8258,2.3646878663728432
8259,2.3646878663728432
8260,2.3646878663728432
8261,2.3646878663728432
8262,2.3646878663728432
8263,2.3646878663728432
8264,2.3646878663728432
8265,2.3646878663728432
8266,2.3646878663728432
8267,2.3646878663728432
8268,2.3646878663728432
8269,2.3646878663728432
8270,2.3646878663728432
8271,2.3646878663728432
8272,2.3646878663728432
8273,2.3646878663728432
8274,2.3646878663728432
8275,2.3646878663728432
8276,2.3646878663728432
8277,2.3646878663728432
8278,2.3646878663728432
8279,2.3646878663728432
8280,2.3646878663728432
8281,2.3646878663728432
8282,2.3646878663728432
8283,2.3646878663728432
8284,2.3646878663728432
8285,2.3646878663728432
8286,2.3646878663728432
8287,2.3646878663728432
8288,2.3646878663728432
8289,2.3646878663728432
8290,2.3646878663728432
8291,2.3646878663728432
8292,2.3646878663728432
8293,2.3646878663728432
8294,2.3646878663728432
8295,2.3646878663728432
8296,2.3646878663728432
8297,2.3646878663728432
8298,2.3646878663728432
8299,2.3646878663728432
8300,2.3646878663728432
8301,2.3646878663728432
8302,2.3646878663728432
8303,2.3646878663728432
8304,2.3646878663728432
8305,2.3646878663728432
8306,2.3646878663728432
8307,2.3646878663728432
8308,2.3646878663728432
8309,2.3646878663728432
8310,2.3646878663728432
8311,2.3646878663728432
8312,2.3646878663728432
8313,2.3646878663728432
8314,2.3646878663728432
8315,2.3646878663728432
8316,2.3646878663728432
8317,2.3646878663728432
8318,2.3646878663728432
8319,2.3646878663728432
8320,2.3646878663728432
8321,2.3646878663728432
8322,2.3646878663728432
8323,2.3646878663728432
8324,2.3646878663728432
8325,2.3646878663728432
8326,2.3646878663728432
8327,2.3646878663728432
8328,2.3646878663728432
8329,2.3646878663728432
8330,2.3646878663728432
8331,2.3646878663728432
8332,2.3646878663728432
8333,2.3646878663728432
8334,2.3646878663728432
8335,2.3646878663728432
8336,2.3646878663728432
8337,2.3646878663728432
8338,2.3646878663728432
8339,2.3646878663728432
8340,2.3646878663728432
8341,2.3646878663728432
8342,2.3646878663728432
8343,2.3646878663728432
8344,2.3646878663728432
8345,2.3646878663728432
8346,2.3646878663728432
8347,2.3646878663728432
8348,2.3646878663728432
8349,2.3646878663728432
8350,2.3646878663728432
8351,2.3646878663728432
8352,2.3646878663728432
8353,2.3646878663728432
8354,2.3646878663728432
8355,2.3646878663728432
8356,2.3646878663728432
8357,2.3646878663728432
8358,2.3646878663728432
8359,2.3646878663728432
8360,2.3646878663728432
8361,2.3646878663728432
8362,2.3646878663728432
8363,2.3646878663728432
8364,2.3646878663728432
8365,2.3646878663728432
8366,2.3646878663728432
8367,2.3646878663728432
8368,2.3646878663728432
8369,2.3646878663728432
8370,2.3646878663728432
8371,2.3646878663728432
8372,2.3646878663728432
8373,2.3646878663728432
8374,2.3646878663728432
8375,2.3646878663728432
8376,2.3646878663728432
8377,2.3646878663728432
8378,2.3646878663728432
8379,2.3646878663728432
8380,2.3646878663728432
8381,2.3646878663728432
8382,2.3646878663728432
8383,2.3646878663728432
8384,2.3646878663728432
8385,2.3646878663728432
8386,2.3646878663728432
8387,2.3646878663728432
8388,2.3646878663728432
8389,2.3646878663728432
8390,2.3646878663728432
8391,2.3646878663728432
8392,2.3646878663728432
8393,2.3646878663728432
8394,2.3646878663728432
8395,2.3646878663728432
8396,2.3646878663728432
8397,2.3646878663728432
8398,2.3646878663728432
8399,2.3646878663728432
8400,2.3646878663728432
8401,2.3646878663728432
8402,2.3646878663728432
8403,2.3646878663728432
8404,2.3646878663728432
8405,2.3646878663728432
8406,2.3646878663728432
8407,2.3646878663728432
8408,2.3646878663728432
8409,2.3646878663728432
8410,2.3646878663728432
8411,2.3646878663728432
8412,2.3646878663728432
8413,2.3646878663728432
8414,2.3646878663728432
8415,2.3646878663728432
8416,2.3646878663728432
8417,2.3646878663728432
8418,2.3646878663728432
8419,2.3646878663728432
8420,2.3646878663728432
8421,2.3646878663728432
8422,2.3646878663728432
8423,2.3646878663728432
8424,2.3646878663728432
8425,2.3646878663728432
8426,2.3646878663728432
8427,2.3646878663728432
8428,2.3646878663728432
8429,2.3646878663728432
8430,2.3646878663728432
8431,2.3646878663728432
8432,2.3646878663728432
8433,2.3646878663728432
8434,2.3646878663728432
8435,2.3646878663728432
8436,2.3646878663728432
8437,2.3646878663728432
8438,2.3646878663728432
8439,2.3646878663728432
8440,2.3646878663728432
8441,2.3646878663728432
8442,2.3646878663728432
8443,2.3646878663728432
8444,2.3646878663728432
8445,2.3646878663728432
8446,2.3646878663728432
8447,2.3646878663728432
8448,2.3646878663728432
8449,2.3646878663728432
8450,2.3646878663728432
8451,2.3646878663728432
8452,2.3646878663728432
8453,2.3646878663728432
8454,2.3646878663728432
8455,2.3646878663728432
8456,2.3646878663728432
8457,2.3646878663728432
8458,2.3646878663728432
8459,2.3646878663728432
8460,2.3646878663728432
8461,2.3646878663728432
8462,2.3646878663728432
8463,2.3646878663728432
8464,2.3646878663728432
8465,2.3646878663728432
8466,2.3646878663728432
8467,2.3646878663728432
8468,2.3646878663728432
8469,2.3646878663728432
8470,2.3646878663728432
8471,2.3646878663728432
8472,2.3646878663728432
8473,2.3646878663728432
8474,2.3646878663728432
8475,2.3646878663728432
8476,2.3646878663728432
8477,2.3646878663728432
8478,2.3646878663728432
8479,2.3646878663728432
8480,2.3646878663728432
8481,2.3646878663728432
8482,2.3646878663728432
8483,2.3646878663728432
8484,2.3646878663728432
8485,2.3646878663728432
8486,2.3646878663728432
8487,2.3646878663728432
8488,2.3646878663728432
8489,2.3646878663728432
8490,2.3646878663728432
8491,2.3646878663728432
8492,2.3646878663728432
8493,2.3646878663728432
8494,2.3646878663728432
8495,2.3646878663728432
8496,2.3646878663728432
8497,2.3646878663728432
8498,2.3646878663728432
8499,2.3646878663728432
8500,2.3646878663728432
8501,2.3646878663728432
8502,2.3646878663728432
8503,2.3646878663728432
8504,2.3646878663728432
8505,2.3646878663728432
8506,2.3646878663728432
8507,2.3646878663728432
8508,2.3646878663728432
8509,2.3646878663728432
8510,2.3646878663728432
8511,2.3646878663728432
8512,2.3646878663728432
8513,2.3646878663728432
8514,2.3646878663728432
8515,2.3646878663728432
8516,2.3646878663728432
8517,2.3646878663728432
8518,2.3646878663728432
8519,2.3646878663728432
8520,2.3646878663728432
8521,2.3646878663728432
8522,2.3646878663728432
8523,2.3646878663728432
8524,2.3646878663728432
8525,2.3646878663728432
8526,2.3646878663728432
8527,2.3646878663728432
8528,2.3646878663728432
8529,2.3646878663728432
8530,2.3646878663728432
8531,2.3646878663728432
8532,2.3646878663728432
8533,2.3646878663728432
8534,2.3646878663728432
8535,2.3646878663728432
8536,2.3646878663728432
8537,2.3646878663728432
8538,2.3646878663728432
8539,2.3646878663728432
8540,2.3646878663728432
8541,2.3646878663728432
8542,2.3646878663728432
8543,2.3646878663728432
8544,2.3646878663728432
8545,2.3646878663728432
8546,2.3646878663728432
8547,2.3646878663728432
8548,2.3646878663728432
8549,2.3646878663728432
8550,2.3646878663728432
8551,2.3646878663728432
8552,2.3646878663728432
8553,2.3646878663728432
8554,2.3646878663728432
8555,2.3646878663728432
8556,2.3646878663728432
8557,2.3646878663728432
8558,2.3646878663728432
8559,2.3646878663728432
8560,2.3646878663728432
8561,2.3646878663728432
8562,2.3646878663728432
8563,2.3646878663728432
8564,2.3646878663728432
8565,2.3646878663728432
8566,2.3646878663728432
8567,2.3646878663728432
8568,2.3646878663728432
8569,2.3646878663728432
8570,2.3646878663728432
8571,2.3646878663728432
8572,2.3646878663728432
8573,2.3646878663728432
8574,2.3646878663728432
8575,2.3646878663728432
8576,2.3646878663728432
8577,2.3646878663728432
8578,2.3646878663728432
8579,2.3646878663728432
8580,2.3646878663728432
8581,2.3646878663728432
8582,2.3646878663728432
8583,2.3646878663728432
8584,2.3646878663728432
8585,2.3646878663728432
8586,2.3646878663728432
8587,2.3646878663728432
8588,2.3646878663728432
8589,2.3646878663728432
8590,2.3646878663728432
8591,2.3646878663728432
8592,2.3646878663728432
8593,2.3646878663728432
8594,2.3646878663728432
8595,2.3646878663728432
8596,2.3646878663728432
8597,2.3646878663728432
8598,2.3646878663728432
8599,2.3646878663728432
8600,2.3646878663728432
8601,2.3646878663728432
8602,2.3646878663728432
8603,2.3646878663728432
8604,2.3646878663728432
8605,2.3646878663728432
8606,2.3646878663728432
8607,2.3646878663728432
8608,2.3646878663728432
8609,2.3646878663728432
8610,2.3646878663728432
8611,2.3646878663728432
8612,2.3646878663728432
8613,2.3646878663728432
8614,2.3646878663728432
8615,2.3646878663728432
8616,2.3646878663728432
8617,2.3646878663728432
8618,2.3646878663728432
8619,2.3646878663728432
8620,2.3646878663728432
8621,2.3646878663728432
8622,2.3646878663728432
8623,2.3646878663728432
8624,2.3646878663728432
8625,2.3646878663728432
8626,2.3646878663728432
8627,2.3646878663728432
8628,2.3646878663728432
8629,2.3646878663728432
8630,2.3646878663728432
8631,2.3646878663728432
8632,2.3646878663728432
8633,2.3646878663728432
8634,2.3646878663728432
8635,2.3646878663728432
8636,2.3646878663728432
8637,2.3646878663728432
8638,2.3646878663728432
8639,2.3646878663728432
8640,2.3646878663728432
8641,2.3646878663728432
8642,2.3646878663728432
8643,2.3646878663728432
8644,2.3646878663728432
8645,2.3646878663728432
8646,2.3646878663728432
8647,2.3646878663728432
8648,2.3646878663728432
8649,2.3646878663728432
8650,2.3646878663728432
8651,2.3646878663728432
8652,2.3646878663728432
8653,2.3646878663728432
8654,2.3646878663728432
8655,2.3646878663728432
8656,2.3646878663728432
8657,2.3646878663728432
8658,2.3646878663728432
8659,2.3646878663728432
8660,2.3646878663728432
8661,2.3646878663728432
8662,2.3646878663728432
8663,2.3646878663728432
8664,2.3646878663728432
8665,2.3646878663728432
8666,2.3646878663728432
8667,2.3646878663728432
8668,2.3646878663728432
8669,2.3646878663728432
8670,2.3646878663728432
8671,2.3646878663728432
8672,2.3646878663728432
8673,2.3646878663728432
8674,2.3646878663728432
8675,2.3646878663728432
8676,2.3646878663728432
8677,2.3646878663728432
8678,2.3646878663728432
8679,2.3646878663728432
8680,2.3646878663728432
8681,2.3646878663728432
8682,2.3646878663728432
8683,2.3646878663728432
8684,2.3646878663728432
8685,2.3646878663728432
8686,2.3646878663728432
8687,2.3646878663728432
8688,2.3646878663728432
8689,2.3646878663728432
8690,2.3646878663728432
8691,2.3646878663728432
8692,2.3646878663728432
8693,2.3646878663728432
8694,2.3646878663728432
8695,2.3646878663728432
8696,2.3646878663728432
8697,2.3646878663728432
8698,2.3646878663728432
8699,2.3646878663728432
8700,2.3646878663728432
8701,2.3646878663728432
8702,2.3646878663728432
8703,2.3646878663728432
8704,2.3646878663728432
8705,2.3646878663728432
8706,2.3646878663728432
8707,2.3646878663728432
8708,2.3646878663728432
8709,2.3646878663728432
8710,2.3646878663728432
8711,2.3646878663728432
8712,2.3646878663728432
8713,2.3646878663728432
8714,2.3646878663728432
8715,2.3646878663728432
8716,2.3646878663728432
8717,2.3646878663728432
8718,2.3646878663728432
8719,2.3646878663728432
8720,2.3646878663728432
8721,2.3646878663728432
8722,2.3646878663728432
8723,2.3646878663728432
8724,2.3646878663728432
8725,2.3646878663728432
8726,2.3646878663728432
8727,2.3646878663728432
8728,2.3646878663728432
8729,2.3646878663728432
8730,2.3646878663728432
8731,2.3646878663728432
8732,2.3646878663728432
8733,2.3646878663728432
8734,2.3646878663728432
8735,2.3646878663728432
8736,2.3646878663728432
8737,2.3646878663728432
8738,2.3646878663728432
8739,2.3646878663728432
8740,2.3646878663728432
8741,2.3646878663728432
8742,2.3646878663728432
8743,2.3646878663728432
8744,2.3646878663728432
8745,2.3646878663728432
8746,2.3646878663728432
8747,2.3646878663728432
8748,2.3646878663728432
8749,2.3646878663728432
8750,2.3646878663728432
8751,2.3646878663728432
8752,2.3646878663728432
8753,2.3646878663728432
8754,2.3646878663728432
8755,2.3646878663728432
8756,2.3646878663728432
8757,2.3646878663728432
8758,2.3646878663728432
8759,2.3646878663728432
8760,2.3646878663728432
8761,2.3646878663728432
8762,2.3646878663728432
8763,2.3646878663728432
8764,2.3646878663728432
8765,2.3646878663728432
8766,2.3646878663728432
8767,2.3646878663728432
8768,2.3646878663728432
8769,2.3646878663728432
8770,2.3646878663728432
8771,2.3646878663728432
8772,2.3646878663728432
8773,2.3646878663728432
8774,2.3646878663728432
8775,2.3646878663728432
8776,2.3646878663728432
8777,2.3646878663728432
8778,2.3646878663728432
8779,2.3646878663728432
8780,2.3646878663728432
8781,2.3646878663728432
8782,2.3646878663728432
8783,2.3646878663728432
8784,2.3646878663728432
8785,2.3646878663728432
8786,2.3646878663728432
8787,2.3646878663728432
8788,2.3646878663728432
8789,2.3646878663728432
8790,2.3646878663728432
8791,2.3646878663728432
8792,2.3646878663728432
8793,2.3646878663728432
8794,2.3646878663728432
8795,2.3646878663728432
8796,2.3646878663728432
8797,2.3646878663728432
8798,2.3646878663728432
8799,2.3646878663728432
8800,2.3646878663728432
8801,2.3646878663728432
8802,2.3646878663728432
8803,2.3646878663728432
8804,2.3646878663728432
8805,2.3646878663728432
8806,2.3646878663728432
8807,2.3646878663728432
8808,2.3646878663728432
8809,2.3646878663728432
8810,2.3646878663728432
8811,2.3646878663728432
8812,2.3646878663728432
8813,2.3646878663728432
8814,2.3646878663728432
8815,2.3646878663728432
8816,2.3646878663728432
8817,2.3646878663728432
8818,2.3646878663728432
8819,2.3646878663728432
8820,2.3646878663728432
8821,2.3646878663728432
8822,2.3646878663728432
8823,2.3646878663728432
8824,2.3646878663728432
8825,2.3646878663728432
8826,2.3646878663728432
8827,2.3646878663728432
8828,2.3646878663728432
8829,2.3646878663728432
8830,2.3646878663728432
8831,2.3646878663728432
8832,2.3646878663728432
8833,2.3646878663728432
8834,2.3646878663728432
8835,2.3646878663728432
8836,2.3646878663728432
8837,2.3646878663728432
8838,2.3646878663728432
8839,2.3646878663728432
8840,2.3646878663728432
8841,2.3646878663728432
8842,2.3646878663728432
8843,2.3646878663728432
8844,2.3646878663728432
8845,2.3646878663728432
8846,2.3646878663728432
8847,2.3646878663728432
8848,2.3646878663728432
8849,2.3646878663728432
8850,2.3646878663728432
8851,2.3646878663728432
8852,2.3646878663728432
8853,2.3646878663728432
8854,2.3646878663728432
8855,2.3646878663728432
8856,2.3646878663728432
8857,2.3646878663728432
8858,2.3646878663728432
8859,2.3646878663728432
8860,2.3646878663728432
8861,2.3646878663728432
8862,2.3646878663728432
8863,2.3646878663728432
8864,2.3646878663728432
8865,2.3646878663728432
8866,2.3646878663728432
8867,2.3646878663728432
8868,2.3646878663728432
8869,2.3646878663728432
8870,2.3646878663728432
8871,2.3646878663728432
8872,2.3646878663728432
8873,2.3646878663728432
8874,2.3646878663728432
8875,2.3646878663728432
8876,2.3646878663728432
8877,2.3646878663728432
8878,2.3646878663728432
8879,2.3646878663728432
8880,2.3646878663728432
8881,2.3646878663728432
8882,2.3646878663728432
8883,2.3646878663728432
8884,2.3646878663728432
8885,2.3646878663728432
8886,2.3646878663728432
8887,2.3646878663728432
8888,2.3646878663728432
8889,2.3646878663728432
8890,2.3646878663728432
8891,2.3646878663728432
8892,2.3646878663728432
8893,2.3646878663728432
8894,2.3646878663728432
8895,2.3646878663728432
8896,2.3646878663728432
8897,2.3646878663728432
8898,2.3646878663728432
8899,2.3646878663728432
8900,2.3646878663728432
8901,2.3646878663728432
8902,2.3646878663728432
8903,2.3646878663728432
8904,2.3646878663728432
8905,2.3646878663728432
8906,2.3646878663728432
8907,2.3646878663728432
8908,2.3646878663728432
8909,2.3646878663728432
8910,2.3646878663728432
8911,2.3646878663728432
8912,2.3646878663728432
8913,2.3646878663728432
8914,2.3646878663728432
8915,2.3646878663728432
8916,2.3646878663728432
8917,2.3646878663728432
8918,2.3646878663728432
8919,2.3646878663728432
8920,2.3646878663728432
8921,2.3646878663728432
8922,2.3646878663728432
8923,2.3646878663728432
8924,2.3646878663728432
8925,2.3646878663728432
8926,2.3646878663728432
8927,2.3646878663728432
8928,2.3646878663728432
8929,2.3646878663728432
8930,2.3646878663728432
8931,2.3646878663728432
8932,2.3646878663728432
8933,2.3646878663728432
8934,2.3646878663728432
8935,2.3646878663728432
8936,2.3646878663728432
8937,2.3646878663728432
8938,2.3646878663728432
8939,2.3646878663728432
8940,2.3646878663728432
8941,2.3646878663728432
8942,2.3646878663728432
8943,2.3646878663728432
8944,2.3646878663728432
8945,2.3646878663728432
8946,2.3646878663728432
8947,2.3646878663728432
8948,2.3646878663728432
8949,2.3646878663728432
8950,2.3646878663728432
8951,2.3646878663728432
8952,2.3646878663728432
8953,2.3646878663728432
8954,2.3646878663728432
8955,2.3646878663728432
8956,2.3646878663728432
8957,2.3646878663728432
8958,2.3646878663728432
8959,2.3646878663728432
8960,2.3646878663728432
8961,2.3646878663728432
8962,2.3646878663728432
8963,2.3646878663728432
8964,2.3646878663728432
8965,2.3646878663728432
8966,2.3646878663728432
8967,2.3646878663728432
8968,2.3646878663728432
8969,2.3646878663728432
8970,2.3646878663728432
8971,2.3646878663728432
8972,2.3646878663728432
8973,2.3646878663728432
8974,2.3646878663728432
8975,2.3646878663728432
8976,2.3646878663728432
8977,2.3646878663728432
8978,2.3646878663728432
8979,2.3646878663728432
8980,2.3646878663728432
8981,2.3646878663728432
8982,2.3646878663728432
8983,2.3646878663728432
8984,2.3646878663728432
8985,2.3646878663728432
8986,2.3646878663728432
8987,2.3646878663728432
8988,2.3646878663728432
8989,2.3646878663728432
8990,2.3646878663728432
8991,2.3646878663728432
8992,2.3646878663728432
8993,2.3646878663728432
8994,2.3646878663728432
8995,2.3646878663728432
8996,2.3646878663728432
8997,2.3646878663728432
8998,2.3646878663728432
8999,2.3646878663728432
9000,2.3646878663728432
9001,2.3646878663728432
9002,2.3646878663728432
9003,2.3646878663728432
9004,2.3646878663728432
9005,2.3646878663728432
9006,2.3646878663728432
9007,2.3646878663728432
9008,2.3646878663728432
9009,2.3646878663728432
9010,2.3646878663728432
9011,2.3646878663728432
9012,2.3646878663728432
9013,2.3646878663728432
9014,2.3646878663728432
9015,2.3646878663728432
9016,2.3646878663728432
9017,2.3646878663728432
9018,2.3646878663728432
9019,2.3646878663728432
9020,2.3646878663728432
9021,2.3646878663728432
9022,2.3646878663728432
9023,2.3646878663728432
9024,2.3646878663728432
9025,2.3646878663728432
9026,2.3646878663728432
9027,2.3646878663728432
9028,2.3646878663728432
9029,2.3646878663728432
9030,2.3646878663728432
9031,2.3646878663728432
9032,2.3646878663728432
9033,2.3646878663728432
9034,2.3646878663728432
9035,2.3646878663728432
9036,2.3646878663728432
9037,2.3646878663728432
9038,2.3646878663728432
9039,2.3646878663728432
9040,2.3646878663728432
9041,2.3646878663728432
9042,2.3646878663728432
9043,2.3646878663728432
9044,2.3646878663728432
9045,2.3646878663728432
9046,2.3646878663728432
9047,2.3646878663728432
9048,2.3646878663728432
9049,2.3646878663728432
9050,2.3646878663728432
9051,2.3646878663728432
9052,2.3646878663728432
9053,2.3646878663728432
9054,2.3646878663728432
9055,2.3646878663728432
9056,2.3646878663728432
9057,2.3646878663728432
9058,2.3646878663728432
9059,2.3646878663728432
9060,2.3646878663728432
9061,2.3646878663728432
9062,2.3646878663728432
9063,2.3646878663728432
9064,2.3646878663728432
9065,2.3646878663728432
9066,2.3646878663728432
9067,2.3646878663728432
9068,2.3646878663728432
9069,2.3646878663728432
9070,2.3646878663728432
9071,2.3646878663728432
9072,2.3646878663728432
9073,2.3646878663728432
9074,2.3646878663728432
9075,2.3646878663728432
9076,2.3646878663728432
9077,2.3646878663728432
9078,2.3646878663728432
9079,2.3646878663728432
9080,2.3646878663728432
9081,2.3646878663728432
9082,2.3646878663728432
9083,2.3646878663728432
9084,2.3646878663728432
9085,2.3646878663728432
9086,2.3646878663728432
9087,2.3646878663728432
9088,2.3646878663728432
9089,2.3646878663728432
9090,2.3646878663728432
9091,2.3646878663728432
9092,2.3646878663728432
9093,2.3646878663728432
9094,2.3646878663728432
9095,2.3646878663728432
9096,2.3646878663728432
9097,2.3646878663728432
9098,2.3646878663728432
9099,2.3646878663728432
9100,2.3646878663728432
9101,2.3646878663728432
9102,2.3646878663728432
9103,2.3646878663728432
9104,2.3646878663728432
9105,2.3646878663728432
9106,2.3646878663728432
9107,2.3646878663728432
9108,2.3646878663728432
9109,2.3646878663728432
9110,2.3646878663728432
9111,2.3646878663728432
9112,2.3646878663728432
9113,2.3646878663728432
9114,2.3646878663728432
9115,2.3646878663728432
9116,2.3646878663728432
9117,2.3646878663728432
9118,2.3646878663728432
9119,2.3646878663728432
9120,2.3646878663728432
9121,2.3646878663728432
9122,2.3646878663728432
9123,2.3646878663728432
9124,2.3646878663728432
9125,2.3646878663728432
9126,2.3646878663728432
9127,2.3646878663728432
9128,2.3646878663728432
9129,2.3646878663728432
9130,2.3646878663728432
9131,2.3646878663728432
9132,2.3646878663728432
9133,2.3646878663728432
9134,2.3646878663728432
9135,2.3646878663728432
9136,2.3646878663728432
9137,2.3646878663728432
9138,2.3646878663728432
9139,2.3646878663728432
9140,2.3646878663728432
9141,2.3646878663728432
9142,2.3646878663728432
9143,2.3646878663728432
9144,2.3646878663728432
9145,2.3646878663728432
9146,2.3646878663728432
9147,2.3646878663728432
9148,2.3646878663728432
9149,2.3646878663728432
9150,2.3646878663728432
9151,2.3646878663728432
9152,2.3646878663728432
9153,2.3646878663728432
9154,2.3646878663728432
9155,2.3646878663728432
9156,2.3646878663728432
9157,2.3646878663728432
9158,2.3646878663728432
9159,2.3646878663728432
9160,2.3646878663728432
9161,2.3646878663728432
9162,2.3646878663728432
9163,2.3646878663728432
9164,2.3646878663728432
9165,2.3646878663728432
9166,2.3646878663728432
9167,2.3646878663728432
9168,2.3646878663728432
9169,2.3646878663728432
9170,2.3646878663728432
9171,2.3646878663728432
9172,2.3646878663728432
9173,2.3646878663728432
9174,2.3646878663728432
9175,2.3646878663728432
9176,2.3646878663728432
9177,2.3646878663728432
9178,2.3646878663728432
9179,2.3646878663728432
9180,2.3646878663728432
9181,2.3646878663728432
9182,2.3646878663728432
9183,2.3646878663728432
9184,2.3646878663728432
9185,2.3646878663728432
9186,2.3646878663728432
9187,2.3646878663728432
9188,2.3646878663728432
9189,2.3646878663728432
9190,2.3646878663728432
9191,2.3646878663728432
9192,2.3646878663728432
9193,2.3646878663728432
9194,2.3646878663728432
9195,2.3646878663728432
9196,2.3646878663728432
9197,2.3646878663728432
9198,2.3646878663728432
9199,2.3646878663728432
9200,2.3646878663728432
9201,2.3646878663728432
9202,2.3646878663728432
9203,2.3646878663728432
9204,2.3646878663728432
9205,2.3646878663728432
9206,2.3646878663728432
9207,2.3646878663728432
9208,2.3646878663728432
9209,2.3646878663728432
9210,2.3646878663728432
9211,2.3646878663728432
9212,2.3646878663728432
9213,2.3646878663728432
9214,2.3646878663728432
9215,2.3646878663728432
9216,2.3646878663728432
9217,2.3646878663728432
9218,2.3646878663728432
9219,2.3646878663728432
9220,2.3646878663728432
9221,2.3646878663728432
9222,2.3646878663728432
9223,2.3646878663728432
9224,2.3646878663728432
9225,2.3646878663728432
9226,2.3646878663728432
9227,2.3646878663728432
9228,2.3646878663728432
9229,2.3646878663728432
9230,2.3646878663728432
9231,2.3646878663728432
9232,2.3646878663728432
9233,2.3646878663728432
9234,2.3646878663728432
9235,2.3646878663728432
9236,2.3646878663728432
9237,2.3646878663728432
9238,2.3646878663728432
9239,2.3646878663728432
9240,2.3646878663728432
9241,2.3646878663728432
9242,2.3646878663728432
9243,2.3646878663728432
9244,2.3646878663728432
9245,2.3646878663728432
9246,2.3646878663728432
9247,2.3646878663728432
9248,2.3646878663728432
9249,2.3646878663728432
9250,2.3646878663728432
9251,2.3646878663728432
9252,2.3646878663728432
9253,2.3646878663728432
9254,2.3646878663728432
9255,2.3646878663728432
9256,2.3646878663728432
9257,2.3646878663728432
9258,2.3646878663728432
9259,2.3646878663728432
9260,2.3646878663728432
9261,2.3646878663728432
9262,2.3646878663728432
9263,2.3646878663728432
9264,2.3646878663728432
9265,2.3646878663728432
9266,2.3646878663728432
9267,2.3646878663728432
9268,2.3646878663728432
9269,2.3646878663728432
9270,2.3646878663728432
9271,2.3646878663728432
9272,2.3646878663728432
9273,2.3646878663728432
9274,2.3646878663728432
9275,2.3646878663728432
9276,2.3646878663728432
9277,2.3646878663728432
9278,2.3646878663728432
9279,2.3646878663728432
9280,2.3646878663728432
9281,2.3646878663728432
9282,2.3646878663728432
9283,2.3646878663728432
9284,2.3646878663728432
9285,2.3646878663728432
9286,2.3646878663728432
9287,2.3646878663728432
9288,2.3646878663728432
9289,2.3646878663728432
9290,2.3646878663728432
9291,2.3646878663728432
9292,2.3646878663728432
9293,2.3646878663728432
9294,2.3646878663728432
9295,2.3646878663728432
9296,2.3646878663728432
9297,2.3646878663728432
9298,2.3646878663728432
9299,2.3646878663728432
9300,2.3646878663728432
9301,2.3646878663728432
9302,2.3646878663728432
9303,2.3646878663728432
9304,2.3646878663728432
9305,2.3646878663728432
9306,2.3646878663728432
9307,2.3646878663728432
9308,2.3646878663728432
9309,2.3646878663728432
9310,2.3646878663728432
9311,2.3646878663728432
9312,2.3646878663728432
9313,2.3646878663728432
9314,2.3646878663728432
9315,2.3646878663728432
9316,2.3646878663728432
9317,2.3646878663728432
9318,2.3646878663728432
9319,2.3646878663728432
9320,2.3646878663728432
9321,2.3646878663728432
9322,2.3646878663728432
9323,2.3646878663728432
9324,2.3646878663728432
9325,2.3646878663728432
9326,2.3646878663728432
9327,2.3646878663728432
9328,2.3646878663728432
9329,2.3646878663728432
9330,2.3646878663728432
9331,2.3646878663728432
9332,2.3646878663728432
9333,2.3646878663728432
9334,2.3646878663728432
9335,2.3646878663728432
9336,2.3646878663728432
9337,2.3646878663728432
9338,2.3646878663728432
9339,2.3646878663728432
9340,2.3646878663728432
9341,2.3646878663728432
9342,2.3646878663728432
9343,2.3646878663728432
9344,2.3646878663728432
9345,2.3646878663728432
9346,2.3646878663728432
9347,2.3646878663728432
9348,2.3646878663728432
9349,2.3646878663728432
9350,2.3646878663728432
9351,2.3646878663728432
9352,2.3646878663728432
9353,2.3646878663728432
9354,2.3646878663728432
9355,2.3646878663728432
9356,2.3646878663728432
9357,2.3646878663728432
9358,2.3646878663728432
9359,2.3646878663728432
9360,2.3646878663728432
9361,2.3646878663728432
9362,2.3646878663728432
9363,2.3646878663728432
9364,2.3646878663728432
9365,2.3646878663728432
9366,2.3646878663728432
9367,2.3646878663728432
9368,2.3646878663728432
9369,2.3646878663728432
9370,2.3646878663728432
9371,2.3646878663728432
9372,2.3646878663728432
9373,2.3646878663728432
9374,2.3646878663728432
9375,2.3646878663728432
9376,2.3646878663728432
9377,2.3646878663728432
9378,2.3646878663728432
9379,2.3646878663728432
9380,2.3646878663728432
9381,2.3646878663728432
9382,2.3646878663728432
9383,2.3646878663728432
9384,2.3646878663728432
9385,2.3646878663728432
9386,2.3646878663728432
9387,2.3646878663728432
9388,2.3646878663728432
9389,2.3646878663728432
9390,2.3646878663728432
9391,2.3646878663728432
9392,2.3646878663728432
9393,2.3646878663728432
9394,2.3646878663728432
9395,2.3646878663728432
9396,2.3646878663728432
9397,2.3646878663728432
9398,2.3646878663728432
9399,2.3646878663728432
9400,2.3646878663728432
9401,2.3646878663728432
9402,2.3646878663728432
9403,2.3646878663728432
9404,2.3646878663728432
9405,2.3646878663728432
9406,2.3646878663728432
9407,2.3646878663728432
9408,2.3646878663728432
9409,2.3646878663728432
9410,2.3646878663728432
9411,2.3646878663728432
9412,2.3646878663728432
9413,2.3646878663728432
9414,2.3646878663728432
9415,2.3646878663728432
9416,2.3646878663728432
9417,2.3646878663728432
9418,2.3646878663728432
9419,2.3646878663728432
9420,2.3646878663728432
9421,2.3646878663728432
9422,2.3646878663728432
9423,2.3646878663728432
9424,2.3646878663728432
9425,2.3646878663728432
9426,2.3646878663728432
9427,2.3646878663728432
9428,2.3646878663728432
9429,2.3646878663728432
9430,2.3646878663728432
9431,2.3646878663728432
9432,2.3646878663728432
9433,2.3646878663728432
9434,2.3646878663728432
9435,2.3646878663728432
9436,2.3646878663728432
9437,2.3646878663728432
9438,2.3646878663728432
9439,2.3646878663728432
9440,2.3646878663728432
9441,2.3646878663728432
9442,2.3646878663728432
9443,2.3646878663728432
9444,2.3646878663728432
9445,2.3646878663728432
9446,2.3646878663728432
9447,2.3646878663728432
9448,2.3646878663728432
9449,2.3646878663728432
9450,2.3646878663728432
9451,2.3646878663728432
9452,2.3646878663728432
9453,2.3646878663728432
9454,2.3646878663728432
9455,2.3646878663728432
9456,2.3646878663728432
9457,2.3646878663728432
9458,2.3646878663728432
9459,2.3646878663728432
9460,2.3646878663728432
9461,2.3646878663728432
9462,2.3646878663728432
9463,2.3646878663728432
9464,2.3646878663728432
9465,2.3646878663728432
9466,2.3646878663728432
9467,2.3646878663728432
9468,2.3646878663728432
9469,2.3646878663728432
9470,2.3646878663728432
9471,2.3646878663728432
9472,2.3646878663728432
9473,2.3646878663728432
9474,2.3646878663728432
9475,2.3646878663728432
9476,2.3646878663728432
9477,2.3646878663728432
9478,2.3646878663728432
9479,2.3646878663728432
9480,2.3646878663728432
9481,2.3646878663728432
9482,2.3646878663728432
9483,2.3646878663728432
9484,2.3646878663728432
9485,2.3646878663728432
9486,2.3646878663728432
9487,2.3646878663728432
9488,2.3646878663728432
9489,2.3646878663728432
9490,2.3646878663728432
9491,2.3646878663728432
9492,2.3646878663728432
9493,2.3646878663728432
9494,2.3646878663728432
9495,2.3646878663728432
9496,2.3646878663728432
9497,2.3646878663728432
9498,2.3646878663728432
9499,2.3646878663728432
9500,2.3646878663728432
9501,2.3646878663728432
9502,2.3646878663728432
9503,2.3646878663728432
9504,2.3646878663728432
9505,2.3646878663728432
9506,2.3646878663728432
9507,2.3646878663728432
9508,2.3646878663728432
9509,2.3646878663728432
9510,2.3646878663728432
9511,2.3646878663728432
9512,2.3646878663728432
9513,2.3646878663728432
9514,2.3646878663728432
9515,2.3646878663728432
9516,2.3646878663728432
9517,2.3646878663728432
9518,2.3646878663728432
9519,2.3646878663728432
9520,2.3646878663728432
9521,2.3646878663728432
9522,2.3646878663728432
9523,2.3646878663728432
9524,2.3646878663728432
9525,2.3646878663728432
9526,2.3646878663728432
9527,2.3646878663728432
9528,2.3646878663728432
9529,2.3646878663728432
9530,2.3646878663728432
9531,2.3646878663728432
9532,2.3646878663728432
9533,2.3646878663728432
9534,2.3646878663728432
9535,2.3646878663728432
9536,2.3646878663728432
9537,2.3646878663728432
9538,2.3646878663728432
9539,2.3646878663728432
9540,2.3646878663728432
9541,2.3646878663728432
9542,2.3646878663728432
9543,2.3646878663728432
9544,2.3646878663728432
9545,2.3646878663728432
9546,2.3646878663728432
9547,2.3646878663728432
9548,2.3646878663728432
9549,2.3646878663728432
9550,2.3646878663728432
9551,2.3646878663728432
9552,2.3646878663728432
9553,2.3646878663728432
9554,2.3646878663728432
9555,2.3646878663728432
9556,2.3646878663728432
9557,2.3646878663728432
9558,2.3646878663728432
9559,2.3646878663728432
9560,2.3646878663728432
9561,2.3646878663728432
9562,2.3646878663728432
9563,2.3646878663728432
9564,2.3646878663728432
9565,2.3646878663728432
9566,2.3646878663728432
9567,2.3646878663728432
9568,2.3646878663728432
9569,2.3646878663728432
9570,2.3646878663728432
9571,2.3646878663728432
9572,2.3646878663728432
9573,2.3646878663728432
9574,2.3646878663728432
9575,2.3646878663728432
9576,2.3646878663728432
9577,2.3646878663728432
9578,2.3646878663728432
9579,2.3646878663728432
9580,2.3646878663728432
9581,2.3646878663728432
9582,2.3646878663728432
9583,2.3646878663728432
9584,2.3646878663728432
9585,2.3646878663728432
9586,2.3646878663728432
9587,2.3646878663728432
9588,2.3646878663728432
9589,2.3646878663728432
9590,2.3646878663728432
9591,2.3646878663728432
9592,2.3646878663728432
9593,2.3646878663728432
9594,2.3646878663728432
9595,2.3646878663728432
9596,2.3646878663728432
9597,2.3646878663728432
9598,2.3646878663728432
9599,2.3646878663728432
9600,2.3646878663728432
9601,2.3646878663728432
9602,2.3646878663728432
9603,2.3646878663728432
9604,2.3646878663728432
9605,2.3646878663728432
9606,2.3646878663728432
9607,2.3646878663728432
9608,2.3646878663728432
9609,2.3646878663728432
9610,2.3646878663728432
9611,2.3646878663728432
9612,2.3646878663728432
9613,2.3646878663728432
9614,2.3646878663728432
9615,2.3646878663728432
9616,2.3646878663728432
9617,2.3646878663728432
9618,2.3646878663728432
9619,2.3646878663728432
9620,2.3646878663728432
9621,2.3646878663728432
9622,2.3646878663728432
9623,2.3646878663728432
9624,2.3646878663728432
9625,2.3646878663728432
9626,2.3646878663728432
9627,2.3646878663728432
9628,2.3646878663728432
9629,2.3646878663728432
9630,2.3646878663728432
9631,2.3646878663728432
9632,2.3646878663728432
9633,2.3646878663728432
9634,2.3646878663728432
9635,2.3646878663728432
9636,2.3646878663728432
9637,2.3646878663728432
9638,2.3646878663728432
9639,2.3646878663728432
9640,2.3646878663728432
9641,2.3646878663728432
9642,2.3646878663728432
9643,2.3646878663728432
9644,2.3646878663728432
9645,2.3646878663728432
9646,2.3646878663728432
9647,2.3646878663728432
9648,2.3646878663728432
9649,2.3646878663728432
9650,2.3646878663728432
9651,2.3646878663728432
9652,2.3646878663728432
9653,2.3646878663728432
9654,2.3646878663728432
9655,2.3646878663728432
9656,2.3646878663728432
9657,2.3646878663728432
9658,2.3646878663728432
9659,2.3646878663728432
9660,2.3646878663728432
9661,2.3646878663728432
9662,2.3646878663728432
9663,2.3646878663728432
9664,2.3646878663728432
9665,2.3646878663728432
9666,2.3646878663728432
9667,2.3646878663728432
9668,2.3646878663728432
9669,2.3646878663728432
9670,2.3646878663728432
9671,2.3646878663728432
9672,2.3646878663728432
9673,2.3646878663728432
9674,2.3646878663728432
9675,2.3646878663728432
9676,2.3646878663728432
9677,2.3646878663728432
9678,2.3646878663728432
9679,2.3646878663728432
9680,2.3646878663728432
9681,2.3646878663728432
9682,2.3646878663728432
9683,2.3646878663728432
9684,2.3646878663728432
9685,2.3646878663728432
9686,2.3646878663728432
9687,2.3646878663728432
9688,2.3646878663728432
9689,2.3646878663728432
9690,2.3646878663728432
9691,2.3646878663728432
9692,2.3646878663728432
9693,2.3646878663728432
9694,2.3646878663728432
9695,2.3646878663728432
9696,2.3646878663728432
9697,2.3646878663728432
9698,2.3646878663728432
9699,2.3646878663728432
9700,2.3646878663728432
9701,2.3646878663728432
9702,2.3646878663728432
9703,2.3646878663728432
9704,2.3646878663728432
9705,2.3646878663728432
9706,2.3646878663728432
9707,2.3646878663728432
9708,2.3646878663728432
9709,2.3646878663728432
9710,2.3646878663728432
9711,2.3646878663728432
9712,2.3646878663728432
9713,2.3646878663728432
9714,2.3646878663728432
9715,2.3646878663728432
9716,2.3646878663728432
9717,2.3646878663728432
9718,2.3646878663728432
9719,2.3646878663728432
9720,2.3646878663728432
9721,2.3646878663728432
9722,2.3646878663728432
9723,2.3646878663728432
9724,2.3646878663728432
9725,2.3646878663728432
9726,2.3646878663728432
9727,2.3646878663728432
9728,2.3646878663728432
9729,2.3646878663728432
9730,2.3646878663728432
9731,2.3646878663728432
9732,2.3646878663728432
9733,2.3646878663728432
9734,2.3646878663728432
9735,2.3646878663728432
9736,2.3646878663728432
9737,2.3646878663728432
9738,2.3646878663728432
9739,2.3646878663728432
9740,2.3646878663728432
9741,2.3646878663728432
9742,2.3646878663728432
9743,2.3646878663728432
9744,2.3646878663728432
9745,2.3646878663728432
9746,2.3646878663728432
9747,2.3646878663728432
9748,2.3646878663728432
9749,2.3646878663728432
9750,2.3646878663728432
9751,2.3646878663728432
9752,2.3646878663728432
9753,2.3646878663728432
9754,2.3646878663728432
9755,2.3646878663728432
9756,2.3646878663728432
9757,2.3646878663728432
9758,2.3646878663728432
9759,2.3646878663728432
9760,2.3646878663728432
9761,2.3646878663728432
9762,2.3646878663728432
9763,2.3646878663728432
9764,2.3646878663728432
9765,2.3646878663728432
9766,2.3646878663728432
9767,2.3646878663728432
9768,2.3646878663728432
9769,2.3646878663728432
9770,2.3646878663728432
9771,2.3646878663728432
9772,2.3646878663728432
9773,2.3646878663728432
9774,2.3646878663728432
9775,2.3646878663728432
9776,2.3646878663728432
9777,2.3646878663728432
9778,2.3646878663728432
9779,2.3646878663728432
9780,2.3646878663728432
9781,2.3646878663728432
9782,2.3646878663728432
9783,2.3646878663728432
9784,2.3646878663728432
9785,2.3646878663728432
9786,2.3646878663728432
9787,2.3646878663728432
9788,2.3646878663728432
9789,2.3646878663728432
9790,2.3646878663728432
9791,2.3646878663728432
9792,2.3646878663728432
9793,2.3646878663728432
9794,2.3646878663728432
9795,2.3646878663728432
9796,2.3646878663728432
9797,2.3646878663728432
9798,2.3646878663728432
9799,2.3646878663728432
9800,2.3646878663728432
9801,2.3646878663728432
9802,2.3646878663728432
9803,2.3646878663728432
9804,2.3646878663728432
9805,2.3646878663728432
9806,2.3646878663728432
9807,2.3646878663728432
9808,2.3646878663728432
9809,2.3646878663728432
9810,2.3646878663728432
9811,2.3646878663728432
9812,2.3646878663728432
9813,2.3646878663728432
9814,2.3646878663728432
9815,2.3646878663728432
9816,2.3646878663728432
9817,2.3646878663728432
9818,2.3646878663728432
9819,2.3646878663728432
9820,2.3646878663728432
9821,2.3646878663728432
9822,2.3646878663728432
9823,2.3646878663728432
9824,2.3646878663728432
9825,2.3646878663728432
9826,2.3646878663728432
9827,2.3646878663728432
9828,2.3646878663728432
9829,2.3646878663728432
9830,2.3646878663728432
9831,2.3646878663728432
9832,2.3646878663728432
9833,2.3646878663728432
9834,2.3646878663728432
9835,2.3646878663728432
9836,2.3646878663728432
9837,2.3646878663728432
9838,2.3646878663728432
9839,2.3646878663728432
9840,2.3646878663728432
9841,2.3646878663728432
9842,2.3646878663728432
9843,2.3646878663728432
9844,2.3646878663728432
9845,2.3646878663728432
9846,2.3646878663728432
9847,2.3646878663728432
9848,2.3646878663728432
9849,2.3646878663728432
9850,2.3646878663728432
9851,2.3646878663728432
9852,2.3646878663728432
9853,2.3646878663728432
9854,2.3646878663728432
9855,2.3646878663728432
9856,2.3646878663728432
9857,2.3646878663728432
9858,2.3646878663728432
9859,2.3646878663728432
9860,2.3646878663728432
9861,2.3646878663728432
9862,2.3646878663728432
9863,2.3646878663728432
9864,2.3646878663728432
9865,2.3646878663728432
9866,2.3646878663728432
9867,2.3646878663728432
9868,2.3646878663728432
9869,2.3646878663728432
9870,2.3646878663728432
9871,2.3646878663728432
9872,2.3646878663728432
9873,2.3646878663728432
9874,2.3646878663728432
9875,2.3646878663728432
9876,2.3646878663728432
9877,2.3646878663728432
9878,2.3646878663728432
9879,2.3646878663728432
9880,2.3646878663728432
9881,2.3646878663728432
9882,2.3646878663728432
9883,2.3646878663728432
9884,2.3646878663728432
9885,2.3646878663728432
9886,2.3646878663728432
9887,2.3646878663728432
9888,2.3646878663728432
9889,2.3646878663728432
9890,2.3646878663728432
9891,2.3646878663728432
9892,2.3646878663728432
9893,2.3646878663728432
9894,2.3646878663728432
9895,2.3646878663728432
9896,2.3646878663728432
9897,2.3646878663728432
9898,2.3646878663728432
9899,2.3646878663728432
9900,2.3646878663728432
9901,2.3646878663728432
9902,2.3646878663728432
9903,2.3646878663728432
9904,2.3646878663728432
9905,2.3646878663728432
9906,2.3646878663728432
9907,2.3646878663728432
9908,2.3646878663728432
9909,2.3646878663728432
9910,2.3646878663728432
9911,2.3646878663728432
9912,2.3646878663728432
9913,2.3646878663728432
9914,2.3646878663728432
9915,2.3646878663728432
9916,2.3646878663728432
9917,2.3646878663728432
9918,2.3646878663728432
9919,2.3646878663728432
9920,2.3646878663728432
9921,2.3646878663728432
9922,2.3646878663728432
9923,2.3646878663728432
9924,2.3646878663728432
9925,2.3646878663728432
9926,2.3646878663728432
9927,2.3646878663728432
9928,2.3646878663728432
9929,2.3646878663728432
9930,2.3646878663728432
9931,2.3646878663728432
9932,2.3646878663728432
9933,2.3646878663728432
9934,2.3646878663728432
9935,2.3646878663728432
9936,2.3646878663728432
9937,2.3646878663728432
9938,2.3646878663728432
9939,2.3646878663728432
9940,2.3646878663728432
9941,2.3646878663728432
9942,2.3646878663728432
9943,2.3646878663728432
9944,2.3646878663728432
9945,2.3646878663728432
9946,2.3646878663728432
9947,2.3646878663728432
9948,2.3646878663728432
9949,2.3646878663728432
9950,2.3646878663728432
9951,2.3646878663728432
9952,2.3646878663728432
9953,2.3646878663728432
9954,2.3646878663728432
9955,2.3646878663728432
9956,2.3646878663728432
9957,2.3646878663728432
9958,2.3646878663728432
9959,2.3646878663728432
9960,2.3646878663728432
9961,2.3646878663728432
9962,2.3646878663728432
9963,2.3646878663728432
9964,2.3646878663728432
9965,2.3646878663728432
9966,2.3646878663728432
9967,2.3646878663728432
9968,2.3646878663728432
9969,2.3646878663728432
9970,2.3646878663728432
9971,2.3646878663728432
9972,2.3646878663728432
9973,2.3646878663728432
9974,2.3646878663728432
9975,2.3646878663728432
9976,2.3646878663728432
9977,2.3646878663728432
9978,2.3646878663728432
9979,2.3646878663728432
9980,2.3646878663728432
9981,2.3646878663728432
9982,2.3646878663728432
9983,2.3646878663728432
9984,2.3646878663728432
9985,2.3646878663728432
9986,2.3646878663728432
9987,2.3646878663728432
9988,2.3646878663728432
9989,2.3646878663728432
9990,2.3646878663728432
9991,2.3646878663728432
9992,2.3646878663728432
9993,2.3646878663728432
9994,2.3646878663728432
9995,2.3646878663728432
9996,2.3646878663728432
9997,2.3646878663728432
9998,2.3646878663728432
9999,2.3646878663728432
10000,2.3646878663728432
