iteration,best_loss
0,19.1191413345948
1,19.1191413345948
2,19.1191413345948
3,19.1191413345948
4,18.877723826858922
5,10.817004271466667
6,10.817004271466667
7,10.817004271466667
8,10.817004271466667
9,9.444395890319779
10,9.444395890319779
11,9.444395890319779
12,9.113060834501699
13,9.113060834501699
14,9.113060834501699
15,9.113060834501699
16,9.113060834501699
17,9.113060834501699
18,9.113060834501699
19,9.113060834501699
20,9.113060834501699
21,9.113060834501699
22,9.113060834501699
23,9.113060834501699
24,9.113060834501699
25,9.113060834501699
26,9.113060834501699
27,9.113060834501699
28,9.113060834501699
29,9.113060834501699
30,9.113060834501699
31,9.113060834501699
32,9.113060834501699
33,9.113060834501699
34,9.113060834501699
35,8.225309696073216
36,8.225309696073216
37,8.225309696073216
38,8.225309696073216
39,8.225309696073216
40,8.225309696073216
41,8.225309696073216
42,8.225309696073216
43,8.225309696073216
44,8.225309696073216
45,8.225309696073216
46,8.225309696073216
47,8.225309696073216
48,8.225309696073216
49,8.225309696073216
50,8.225309696073216
51,8.225309696073216
52,8.225309696073216
53,8.225309696073216
54,8.225309696073216
55,8.225309696073216
56,8.225309696073216
57,8.225309696073216
58,8.225309696073216
59,8.225309696073216
60,8.225309696073216
61,8.225309696073216
62,8.225309696073216
63,8.225309696073216
64,8.225309696073216
65,8.225309696073216
66,8.225309696073216
67,8.225309696073216
68,8.225309696073216
69,8.225309696073216
70,8.225309696073216
71,8.225309696073216
72,8.225309696073216
73,8.225309696073216
74,8.225309696073216
75,8.225309696073216
76,8.225309696073216
77,8.225309696073216
78,8.225309696073216
79,8.225309696073216
80,8.225309696073216
81,8.225309696073216
82,8.225309696073216
83,8.225309696073216
84,8.225309696073216
85,8.225309696073216
86,8.225309696073216
87,8.225309696073216
88,8.225309696073216
89,8.225309696073216
90,8.225309696073216
91,8.225309696073216
92,8.225309696073216
93,8.225309696073216
94,8.225309696073216
95,8.225309696073216
96,8.225309696073216
97,8.225309696073216
98,8.225309696073216
99,8.225309696073216
100,8.225309696073216
101,8.225309696073216
102,8.225309696073216
103,8.225309696073216
104,8.225309696073216
105,8.225309696073216
106,8.225309696073216
107,8.225309696073216
108,8.225309696073216
109,8.225309696073216
110,8.225309696073216
111,8.225309696073216
112,8.225309696073216
113,8.225309696073216
114,8.225309696073216
115,8.225309696073216
116,8.225309696073216
117,8.225309696073216
118,8.225309696073216
119,8.225309696073216
120,8.225309696073216
121,8.225309696073216
122,8.225309696073216
123,8.225309696073216
124,8.225309696073216
125,8.225309696073216
126,8.225309696073216
127,8.225309696073216
128,8.225309696073216
129,8.225309696073216
130,8.225309696073216
131,8.225309696073216
132,8.225309696073216
133,8.225309696073216
134,8.225309696073216
135,8.225309696073216
136,8.225309696073216
137,8.225309696073216
138,8.225309696073216
139,8.225309696073216
140,8.225309696073216
141,8.225309696073216
142,8.225309696073216
143,8.225309696073216
144,8.225309696073216
145,8.225309696073216
146,8.225309696073216
147,8.225309696073216
148,8.225309696073216
149,8.225309696073216
150,8.225309696073216
151,8.225309696073216
152,8.225309696073216
153,8.225309696073216
154,8.225309696073216
155,8.225309696073216
156,8.225309696073216
157,8.225309696073216
158,8.225309696073216
159,8.225309696073216
160,8.225309696073216
161,8.225309696073216
162,8.225309696073216
163,8.225309696073216
164,8.225309696073216
165,8.225309696073216
166,8.225309696073216
167,8.225309696073216
168,8.225309696073216
169,8.225309696073216
170,8.225309696073216
171,8.225309696073216
172,8.225309696073216
173,8.225309696073216
174,8.225309696073216
175,8.225309696073216
176,8.225309696073216
177,8.225309696073216
178,8.225309696073216
179,8.225309696073216
180,8.225309696073216
181,8.225309696073216
182,8.225309696073216
183,8.225309696073216
184,8.225309696073216
185,8.225309696073216
186,8.225309696073216
187,8.225309696073216
188,8.225309696073216
189,8.225309696073216
190,8.225309696073216
191,8.225309696073216
192,8.225309696073216
193,8.225309696073216
194,8.225309696073216
195,8.225309696073216
196,8.225309696073216
197,8.225309696073216
198,8.225309696073216
199,8.225309696073216
200,8.225309696073216
201,8.225309696073216
202,8.225309696073216
203,8.225309696073216
204,8.225309696073216
205,8.225309696073216
206,8.225309696073216
207,8.225309696073216
208,8.225309696073216
209,8.225309696073216
210,8.225309696073216
211,8.225309696073216
212,8.225309696073216
213,8.225309696073216
214,8.225309696073216
215,8.225309696073216
216,8.225309696073216
217,8.225309696073216
218,8.225309696073216
219,8.225309696073216
220,8.225309696073216
221,8.225309696073216
222,8.225309696073216
223,8.225309696073216
224,8.225309696073216
225,8.225309696073216
226,8.225309696073216
227,8.225309696073216
228,8.225309696073216
229,8.225309696073216
230,8.225309696073216
231,8.225309696073216
232,8.225309696073216
233,8.225309696073216
234,8.225309696073216
235,8.225309696073216
236,8.225309696073216
237,8.225309696073216
238,8.225309696073216
239,8.225309696073216
240,8.225309696073216
241,8.225309696073216
242,8.225309696073216
243,8.225309696073216
244,8.225309696073216
245,8.225309696073216
246,8.225309696073216
247,8.225309696073216
248,8.225309696073216
249,8.225309696073216
250,8.225309696073216
251,8.225309696073216
252,8.225309696073216
253,8.225309696073216
254,8.225309696073216
255,8.225309696073216
256,8.225309696073216
257,8.225309696073216
258,8.225309696073216
259,8.225309696073216
260,8.225309696073216
261,8.225309696073216
262,8.225309696073216
263,8.225309696073216
264,8.225309696073216
265,8.225309696073216
266,8.225309696073216
267,8.225309696073216
268,8.225309696073216
269,8.225309696073216
270,8.225309696073216
271,8.225309696073216
272,8.225309696073216
273,8.225309696073216
274,8.225309696073216
275,8.225309696073216
276,8.225309696073216
277,8.225309696073216
278,8.225309696073216
279,8.225309696073216
280,8.07344527936087
281,8.07344527936087
282,8.07344527936087
283,8.07344527936087
284,8.07344527936087
285,8.07344527936087
286,8.07344527936087
287,8.07344527936087
288,8.07344527936087
289,8.07344527936087
290,8.07344527936087
291,8.07344527936087
292,7.871140848762581
293,7.871140848762581
294,7.871140848762581
295,7.871140848762581
296,7.871140848762581
297,7.871140848762581
298,7.871140848762581
299,7.871140848762581
300,7.871140848762581
301,7.871140848762581
302,7.871140848762581
303,7.871140848762581
304,7.871140848762581
305,7.871140848762581
306,7.871140848762581
307,7.871140848762581
308,7.871140848762581
309,7.871140848762581
310,7.871140848762581
311,7.871140848762581
312,7.871140848762581
313,7.871140848762581
314,7.871140848762581
315,7.871140848762581
316,7.871140848762581
317,7.871140848762581
318,7.871140848762581
319,7.871140848762581
320,7.871140848762581
321,7.871140848762581
322,7.871140848762581
323,7.871140848762581
324,7.871140848762581
325,7.871140848762581
326,7.871140848762581
327,7.871140848762581
328,7.871140848762581
329,7.871140848762581
330,7.871140848762581
331,7.871140848762581
332,7.871140848762581
333,7.871140848762581
334,7.871140848762581
335,7.871140848762581
336,7.871140848762581
337,7.871140848762581
338,7.871140848762581
339,7.871140848762581
340,7.871140848762581
341,7.871140848762581
342,7.871140848762581
343,7.871140848762581
344,7.871140848762581
345,7.871140848762581
346,7.871140848762581
347,7.871140848762581
348,7.871140848762581
349,7.871140848762581
350,7.871140848762581
351,7.871140848762581
352,7.871140848762581
353,7.871140848762581
354,7.871140848762581
355,7.850998467195203
356,7.850998467195203
357,7.850998467195203
358,7.850998467195203
359,7.850998467195203
360,7.850998467195203
361,7.850998467195203
362,7.850998467195203
363,7.850998467195203
364,7.850998467195203
365,7.850998467195203
366,7.850998467195203
367,7.850998467195203
368,7.850998467195203
369,7.850998467195203
370,7.850998467195203
371,7.850998467195203
372,7.850998467195203
373,7.850998467195203
374,7.850998467195203
375,7.850998467195203
376,7.850998467195203
377,7.850998467195203
378,7.850998467195203
379,7.850998467195203
380,7.850998467195203
381,7.850998467195203
382,7.850998467195203
383,7.850998467195203
384,7.850998467195203
385,7.850998467195203
386,7.850998467195203
387,7.850998467195203
388,7.850998467195203
389,7.850998467195203
390,7.850998467195203
391,7.850998467195203
392,7.850998467195203
393,7.850998467195203
394,7.850998467195203
395,7.850998467195203
396,7.850998467195203
397,7.850998467195203
398,7.850998467195203
399,7.850998467195203
400,7.850998467195203
401,7.850998467195203
402,7.850998467195203
403,7.850998467195203
404,7.850998467195203
405,7.850998467195203
406,7.850998467195203
407,7.850998467195203
408,7.850998467195203
409,7.850998467195203
410,7.850998467195203
411,7.850998467195203
412,7.850998467195203
413,7.850998467195203
414,7.850998467195203
415,7.850998467195203
416,7.850998467195203
417,7.850998467195203
418,7.850998467195203
419,7.850998467195203
420,7.850998467195203
421,7.850998467195203
422,7.850998467195203
423,7.850998467195203
424,7.850998467195203
425,7.850998467195203
426,7.850998467195203
427,7.850998467195203
428,7.850998467195203
429,7.850998467195203
430,7.850998467195203
431,7.850998467195203
432,7.850998467195203
433,7.850998467195203
434,7.850998467195203
435,7.850998467195203
436,7.850998467195203
437,7.850998467195203
438,7.850998467195203
439,7.850998467195203
440,7.850998467195203
441,7.850998467195203
442,7.850998467195203
443,7.850998467195203
444,7.850998467195203
445,7.850998467195203
446,7.850998467195203
447,7.850998467195203
448,7.850998467195203
449,7.850998467195203
450,7.850998467195203
451,7.850998467195203
452,7.850998467195203
453,7.850998467195203
454,7.850998467195203
455,7.850998467195203
456,7.850998467195203
457,7.850998467195203
458,7.324167819215665
459,7.324167819215665
460,7.324167819215665
461,7.324167819215665
462,7.324167819215665
463,7.324167819215665
464,7.324167819215665
465,7.324167819215665
466,7.324167819215665
467,7.324167819215665
468,7.324167819215665
469,7.324167819215665
470,7.324167819215665
471,7.324167819215665
472,7.324167819215665
473,7.324167819215665
474,7.324167819215665
475,7.324167819215665
476,7.324167819215665
477,7.324167819215665
478,7.324167819215665
479,7.324167819215665
480,7.324167819215665
481,7.324167819215665
482,7.324167819215665
483,7.324167819215665
484,7.324167819215665
485,7.324167819215665
486,7.324167819215665
487,7.324167819215665
488,6.915853671794642
489,6.915853671794642
490,6.915853671794642
491,6.915853671794642
492,6.915853671794642
493,6.915853671794642
494,6.915853671794642
495,6.915853671794642
496,6.915853671794642
497,6.915853671794642
498,6.915853671794642
499,6.915853671794642
500,6.915853671794642
501,6.915853671794642
502,6.915853671794642
503,6.915853671794642
504,6.915853671794642
505,6.915853671794642
506,6.915853671794642
507,6.915853671794642
508,6.915853671794642
509,6.915853671794642
510,6.915853671794642
511,6.915853671794642
512,6.915853671794642
513,6.915853671794642
514,6.915853671794642
515,6.915853671794642
516,6.915853671794642
517,6.915853671794642
518,6.915853671794642
519,6.915853671794642
520,6.915853671794642
521,6.915853671794642
522,6.915853671794642
523,6.915853671794642
524,6.915853671794642
525,6.915853671794642
526,6.915853671794642
527,6.915853671794642
528,6.915853671794642
529,6.915853671794642
530,6.915853671794642
531,6.915853671794642
532,6.915853671794642
533,6.915853671794642
534,6.915853671794642
535,6.915853671794642
536,6.915853671794642
537,6.915853671794642
538,6.915853671794642
539,6.915853671794642
540,6.915853671794642
541,6.915853671794642
542,6.915853671794642
543,6.915853671794642
544,6.915853671794642
545,6.915853671794642
546,6.915853671794642
547,6.915853671794642
548,6.915853671794642
549,6.915853671794642
550,6.915853671794642
551,6.915853671794642
552,6.915853671794642
553,6.915853671794642
554,6.915853671794642
555,6.915853671794642
556,6.915853671794642
557,6.915853671794642
558,6.915853671794642
559,6.915853671794642
560,6.915853671794642
561,6.915853671794642
562,6.915853671794642
563,6.915853671794642
564,6.915853671794642
565,6.915853671794642
566,6.915853671794642
567,6.915853671794642
568,6.915853671794642
569,6.915853671794642
570,6.915853671794642
571,6.915853671794642
572,6.915853671794642
573,6.915853671794642
574,6.915853671794642
575,6.915853671794642
576,6.915853671794642
577,6.915853671794642
578,6.915853671794642
579,6.915853671794642
580,6.915853671794642
581,6.915853671794642
582,6.915853671794642
583,6.915853671794642
584,6.915853671794642
585,6.915853671794642
586,6.915853671794642
587,6.915853671794642
588,6.915853671794642
589,6.915853671794642
590,6.915853671794642
591,6.915853671794642
592,6.915853671794642
593,6.915853671794642
594,6.915853671794642
595,6.915853671794642
596,6.915853671794642
597,6.915853671794642
598,6.915853671794642
599,6.915853671794642
600,6.915853671794642
601,6.915853671794642
602,6.915853671794642
603,6.915853671794642
604,6.915853671794642
605,6.915853671794642
606,6.915853671794642
607,6.915853671794642
608,6.915853671794642
609,6.915853671794642
610,6.915853671794642
611,6.915853671794642
612,6.915853671794642
613,6.915853671794642
614,6.915853671794642
615,6.915853671794642
616,6.915853671794642
617,6.915853671794642
618,6.915853671794642
619,6.915853671794642
620,6.915853671794642
621,6.915853671794642
622,6.915853671794642
623,6.915853671794642
624,6.915853671794642
625,6.915853671794642
626,6.915853671794642
627,6.915853671794642
628,6.915853671794642
629,6.915853671794642
630,6.915853671794642
631,6.915853671794642
632,6.915853671794642
633,6.915853671794642
634,6.915853671794642
635,6.915853671794642
636,6.915853671794642
637,6.915853671794642
638,6.915853671794642
639,6.915853671794642
640,6.915853671794642
641,6.915853671794642
642,6.915853671794642
643,6.915853671794642
644,6.915853671794642
645,6.915853671794642
646,6.915853671794642
647,6.915853671794642
648,6.915853671794642
649,6.915853671794642
650,6.915853671794642
651,6.915853671794642
652,6.915853671794642
653,6.915853671794642
654,6.915853671794642
655,6.915853671794642
656,6.915853671794642
657,6.915853671794642
658,6.915853671794642
659,6.915853671794642
660,6.915853671794642
661,6.915853671794642
662,6.915853671794642
663,6.915853671794642
664,6.915853671794642
665,6.915853671794642
666,6.915853671794642
667,6.915853671794642
668,6.915853671794642
669,6.915853671794642
670,6.915853671794642
671,6.915853671794642
672,6.915853671794642
673,6.915853671794642
674,6.915853671794642
675,6.915853671794642
676,6.915853671794642
677,6.915853671794642
678,6.915853671794642
679,6.915853671794642
680,6.915853671794642
681,6.915853671794642
682,6.915853671794642
683,6.915853671794642
684,6.915853671794642
685,6.915853671794642
686,6.915853671794642
687,6.915853671794642
688,6.915853671794642
689,6.915853671794642
690,6.915853671794642
691,6.915853671794642
692,6.915853671794642
693,6.915853671794642
694,6.915853671794642
695,6.915853671794642
696,6.915853671794642
697,6.915853671794642
698,6.915853671794642
699,6.915853671794642
700,6.915853671794642
701,6.915853671794642
702,6.915853671794642
703,6.915853671794642
704,6.915853671794642
705,6.915853671794642
706,6.915853671794642
707,6.915853671794642
708,6.915853671794642
709,6.915853671794642
710,6.915853671794642
711,6.915853671794642
712,6.915853671794642
713,6.915853671794642
714,6.915853671794642
715,6.915853671794642
716,6.915853671794642
717,6.915853671794642
718,6.915853671794642
719,6.915853671794642
720,6.915853671794642
721,6.915853671794642
722,6.915853671794642
723,6.915853671794642
724,6.915853671794642
725,6.915853671794642
726,6.915853671794642
727,6.915853671794642
728,6.915853671794642
729,6.915853671794642
730,6.915853671794642
731,6.915853671794642
732,6.915853671794642
733,6.915853671794642
734,6.915853671794642
735,6.915853671794642
736,6.915853671794642
737,6.915853671794642
738,6.915853671794642
739,6.915853671794642
740,6.915853671794642
741,6.915853671794642
742,6.915853671794642
743,6.915853671794642
744,6.915853671794642
745,6.915853671794642
746,6.915853671794642
747,6.915853671794642
748,6.915853671794642
749,6.915853671794642
750,6.915853671794642
751,6.915853671794642
752,6.915853671794642
753,6.915853671794642
754,6.915853671794642
755,6.915853671794642
756,6.915853671794642
757,6.915853671794642
758,6.915853671794642
759,6.915853671794642
760,6.915853671794642
761,6.915853671794642
762,6.915853671794642
763,6.915853671794642
764,6.915853671794642
765,6.915853671794642
766,6.915853671794642
767,6.915853671794642
768,6.915853671794642
769,6.915853671794642
770,6.915853671794642
771,6.915853671794642
772,6.915853671794642
773,6.915853671794642
774,6.915853671794642
775,6.915853671794642
776,6.915853671794642
777,6.915853671794642
778,6.915853671794642
779,6.915853671794642
780,6.915853671794642
781,6.915853671794642
782,6.915853671794642
783,6.915853671794642
784,6.915853671794642
785,6.915853671794642
786,6.915853671794642
787,6.915853671794642
788,6.915853671794642
789,6.915853671794642
790,6.915853671794642
791,6.915853671794642
792,6.915853671794642
793,6.915853671794642
794,6.915853671794642
795,6.915853671794642
796,6.915853671794642
797,6.915853671794642
798,6.915853671794642
799,6.915853671794642
800,6.915853671794642
801,6.915853671794642
802,6.915853671794642
803,6.915853671794642
804,6.915853671794642
805,6.915853671794642
806,6.915853671794642
807,6.915853671794642
808,6.915853671794642
809,6.915853671794642
810,6.915853671794642
811,6.915853671794642
812,6.915853671794642
813,6.915853671794642
814,6.915853671794642
815,6.915853671794642
816,6.915853671794642
817,6.915853671794642
818,6.915853671794642
819,6.915853671794642
820,6.915853671794642
821,6.915853671794642
822,6.915853671794642
823,6.915853671794642
824,6.915853671794642
825,6.915853671794642
826,6.915853671794642
827,6.915853671794642
828,6.915853671794642
829,6.915853671794642
830,6.915853671794642
831,6.915853671794642
832,6.915853671794642
833,6.915853671794642
834,6.915853671794642
835,6.915853671794642
836,6.915853671794642
837,6.915853671794642
838,6.915853671794642
839,6.915853671794642
840,6.915853671794642
841,6.915853671794642
842,6.915853671794642
843,6.915853671794642
844,6.915853671794642
845,6.915853671794642
846,6.915853671794642
847,6.915853671794642
848,6.915853671794642
849,6.915853671794642
850,6.915853671794642
851,6.915853671794642
852,6.915853671794642
853,6.915853671794642
854,6.915853671794642
855,6.915853671794642
856,6.915853671794642
857,6.915853671794642
858,6.915853671794642
859,6.915853671794642
860,6.915853671794642
861,6.915853671794642
862,6.915853671794642
863,6.915853671794642
864,6.915853671794642
865,6.915853671794642
866,6.915853671794642
867,6.915853671794642
868,6.915853671794642
869,6.915853671794642
870,6.915853671794642
871,6.915853671794642
872,6.915853671794642
873,6.915853671794642
874,6.915853671794642
875,6.915853671794642
876,6.915853671794642
877,6.915853671794642
878,6.915853671794642
879,6.915853671794642
880,6.915853671794642
881,6.915853671794642
882,6.915853671794642
883,6.915853671794642
884,6.915853671794642
885,6.915853671794642
886,6.915853671794642
887,6.915853671794642
888,6.915853671794642
889,6.915853671794642
890,6.915853671794642
891,6.915853671794642
892,6.915853671794642
893,6.915853671794642
894,6.915853671794642
895,6.915853671794642
896,6.915853671794642
897,6.915853671794642
898,6.915853671794642
899,6.915853671794642
900,6.915853671794642
901,6.915853671794642
902,6.915853671794642
903,6.915853671794642
904,6.915853671794642
905,6.915853671794642
906,6.915853671794642
907,6.915853671794642
908,6.915853671794642
909,6.915853671794642
910,6.915853671794642
911,6.915853671794642
912,6.915853671794642
913,6.915853671794642
914,6.915853671794642
915,6.915853671794642
916,6.915853671794642
917,6.915853671794642
918,6.915853671794642
919,6.915853671794642
920,6.915853671794642
921,6.915853671794642
922,6.915853671794642
923,6.915853671794642
924,6.915853671794642
925,6.915853671794642
926,6.915853671794642
927,6.915853671794642
928,6.915853671794642
929,6.915853671794642
930,6.915853671794642
931,6.915853671794642
932,6.915853671794642
933,6.915853671794642
934,6.915853671794642
935,6.915853671794642
936,6.915853671794642
937,6.915853671794642
938,6.915853671794642
939,6.915853671794642
940,6.915853671794642
941,6.915853671794642
942,6.915853671794642
943,6.915853671794642
944,6.915853671794642
945,6.915853671794642
946,6.915853671794642
947,6.915853671794642
948,6.915853671794642
949,6.915853671794642
950,6.915853671794642
951,6.915853671794642
952,6.915853671794642
953,6.915853671794642
954,6.915853671794642
955,6.915853671794642
956,6.915853671794642
957,6.915853671794642
958,6.915853671794642
959,6.915853671794642
960,6.915853671794642
961,6.915853671794642
962,6.915853671794642
963,6.915853671794642
964,6.915853671794642
965,6.915853671794642
966,6.915853671794642
967,6.915853671794642
968,6.915853671794642
969,6.915853671794642
970,6.915853671794642
971,6.915853671794642
972,6.915853671794642
973,6.915853671794642
974,6.915853671794642
975,6.915853671794642
976,6.915853671794642
977,6.915853671794642
978,6.915853671794642
979,6.915853671794642
980,6.915853671794642
981,6.915853671794642
982,6.915853671794642
983,6.915853671794642
984,6.915853671794642
985,6.915853671794642
986,6.915853671794642
987,6.915853671794642
988,6.915853671794642
989,6.915853671794642
990,6.915853671794642
991,6.915853671794642
992,6.915853671794642
993,6.915853671794642
994,6.915853671794642
995,6.915853671794642
996,6.915853671794642
997,6.915853671794642
998,6.915853671794642
999,6.915853671794642
1000,6.915853671794642
1001,6.915853671794642
1002,6.915853671794642
1003,6.915853671794642
1004,6.915853671794642
1005,6.915853671794642
1006,6.915853671794642
1007,6.915853671794642
1008,6.915853671794642
1009,6.915853671794642
1010,6.915853671794642
1011,6.915853671794642
1012,6.915853671794642
1013,6.915853671794642
1014,6.915853671794642
1015,6.915853671794642
1016,6.915853671794642
1017,6.915853671794642
1018,6.915853671794642
1019,6.915853671794642
1020,6.915853671794642
1021,6.915853671794642
1022,6.915853671794642
1023,6.915853671794642
1024,6.915853671794642
1025,6.915853671794642
1026,6.915853671794642
1027,6.915853671794642
1028,6.915853671794642
1029,6.915853671794642
1030,6.915853671794642
1031,6.915853671794642
1032,6.915853671794642
1033,6.915853671794642
1034,6.915853671794642
1035,6.915853671794642
1036,6.915853671794642
1037,6.915853671794642
1038,6.915853671794642
1039,6.915853671794642
1040,6.915853671794642
1041,6.915853671794642
1042,6.915853671794642
1043,6.915853671794642
1044,6.915853671794642
1045,6.915853671794642
1046,6.915853671794642
1047,6.915853671794642
1048,6.915853671794642
1049,6.915853671794642
1050,6.915853671794642
1051,6.915853671794642
1052,6.915853671794642
1053,6.915853671794642
1054,6.915853671794642
1055,6.915853671794642
1056,6.915853671794642
1057,6.915853671794642
1058,6.915853671794642
1059,6.915853671794642
1060,6.915853671794642
1061,6.915853671794642
1062,6.915853671794642
1063,6.915853671794642
1064,6.915853671794642
1065,6.915853671794642
1066,6.915853671794642
1067,6.915853671794642
1068,6.915853671794642
1069,6.915853671794642
1070,6.915853671794642
1071,6.915853671794642
1072,6.915853671794642
1073,6.915853671794642
1074,6.915853671794642
1075,6.915853671794642
1076,6.915853671794642
1077,6.915853671794642
1078,6.915853671794642
1079,6.915853671794642
1080,6.915853671794642
1081,6.915853671794642
1082,6.915853671794642
1083,6.915853671794642
1084,6.915853671794642
1085,6.915853671794642
1086,6.915853671794642
1087,6.915853671794642
1088,6.915853671794642
1089,6.915853671794642
1090,6.915853671794642
1091,6.915853671794642
1092,6.915853671794642
1093,6.915853671794642
1094,6.915853671794642
1095,6.915853671794642
1096,6.915853671794642
1097,6.915853671794642
1098,6.915853671794642
1099,6.915853671794642
1100,6.915853671794642
1101,6.915853671794642
1102,6.915853671794642
1103,6.915853671794642
1104,6.915853671794642
1105,6.915853671794642
1106,6.915853671794642
1107,6.915853671794642
1108,6.915853671794642
1109,6.915853671794642
1110,6.915853671794642
1111,6.915853671794642
1112,6.915853671794642
1113,6.915853671794642
1114,6.915853671794642
1115,6.915853671794642
1116,6.915853671794642
1117,6.915853671794642
1118,6.915853671794642
1119,6.915853671794642
1120,6.915853671794642
1121,6.915853671794642
1122,6.915853671794642
1123,6.915853671794642
1124,6.915853671794642
1125,6.915853671794642
1126,6.915853671794642
1127,6.915853671794642
1128,6.915853671794642
1129,6.915853671794642
1130,6.915853671794642
1131,6.915853671794642
1132,6.915853671794642
1133,6.915853671794642
1134,6.915853671794642
1135,6.915853671794642
1136,6.915853671794642
1137,6.915853671794642
1138,6.915853671794642
1139,6.915853671794642
1140,6.915853671794642
1141,6.915853671794642
1142,6.915853671794642
1143,6.915853671794642
1144,6.915853671794642
1145,6.915853671794642
1146,6.915853671794642
1147,6.915853671794642
1148,6.915853671794642
1149,6.915853671794642
1150,6.915853671794642
1151,6.915853671794642
1152,6.915853671794642
1153,6.915853671794642
1154,6.915853671794642
1155,6.915853671794642
1156,6.915853671794642
1157,6.915853671794642
1158,6.915853671794642
1159,6.915853671794642
1160,6.915853671794642
1161,6.915853671794642
1162,6.915853671794642
1163,6.915853671794642
1164,6.915853671794642
1165,6.915853671794642
1166,6.915853671794642
1167,6.915853671794642
1168,6.915853671794642
1169,6.915853671794642
1170,6.915853671794642
1171,6.915853671794642
1172,6.915853671794642
1173,6.915853671794642
1174,6.915853671794642
1175,6.915853671794642
1176,6.915853671794642
1177,6.915853671794642
1178,6.915853671794642
1179,6.915853671794642
1180,6.915853671794642
1181,6.915853671794642
1182,6.915853671794642
1183,6.915853671794642
1184,6.915853671794642
1185,6.878898925719796
1186,6.878898925719796
1187,6.878898925719796
1188,6.878898925719796
1189,6.878898925719796
1190,6.878898925719796
1191,6.878898925719796
1192,6.878898925719796
1193,6.878898925719796
1194,6.878898925719796
1195,6.878898925719796
1196,6.878898925719796
1197,6.878898925719796
1198,6.878898925719796
1199,6.878898925719796
1200,6.878898925719796
1201,6.878898925719796
1202,6.878898925719796
1203,6.878898925719796
1204,6.878898925719796
1205,6.878898925719796
1206,6.878898925719796
1207,6.878898925719796
1208,6.878898925719796
1209,6.878898925719796
1210,6.878898925719796
1211,6.878898925719796
1212,6.878898925719796
1213,6.878898925719796
1214,6.878898925719796
1215,6.878898925719796
1216,6.878898925719796
1217,6.878898925719796
1218,6.878898925719796
1219,6.878898925719796
1220,6.878898925719796
1221,6.878898925719796
1222,6.878898925719796
1223,6.878898925719796
1224,6.878898925719796
1225,6.878898925719796
1226,6.878898925719796
1227,6.878898925719796
1228,6.878898925719796
1229,6.878898925719796
1230,6.878898925719796
1231,6.878898925719796
1232,6.878898925719796
1233,6.878898925719796
1234,6.878898925719796
1235,6.878898925719796
1236,6.878898925719796
1237,6.878898925719796
1238,6.878898925719796
1239,6.878898925719796
1240,6.878898925719796
1241,6.878898925719796
1242,6.878898925719796
1243,6.878898925719796
1244,6.878898925719796
1245,6.878898925719796
1246,6.878898925719796
1247,6.878898925719796
1248,6.878898925719796
1249,6.878898925719796
1250,6.878898925719796
1251,6.878898925719796
1252,6.878898925719796
1253,6.878898925719796
1254,6.878898925719796
1255,6.878898925719796
1256,6.878898925719796
1257,6.878898925719796
1258,6.878898925719796
1259,6.878898925719796
1260,6.878898925719796
1261,6.878898925719796
1262,6.878898925719796
1263,6.878898925719796
1264,6.878898925719796
1265,6.878898925719796
1266,6.878898925719796
1267,6.878898925719796
1268,6.878898925719796
1269,6.878898925719796
1270,6.878898925719796
1271,6.878898925719796
1272,6.878898925719796
1273,6.878898925719796
1274,6.878898925719796
1275,6.878898925719796
1276,6.878898925719796
1277,6.878898925719796
1278,6.878898925719796
1279,6.878898925719796
1280,6.878898925719796
1281,6.878898925719796
1282,6.878898925719796
1283,6.878898925719796
1284,6.878898925719796
1285,6.878898925719796
1286,6.878898925719796
1287,6.878898925719796
1288,6.878898925719796
1289,6.878898925719796
1290,6.878898925719796
1291,6.878898925719796
1292,6.878898925719796
1293,6.878898925719796
1294,6.878898925719796
1295,6.878898925719796
1296,6.878898925719796
1297,6.878898925719796
1298,6.878898925719796
1299,6.878898925719796
1300,6.878898925719796
1301,6.878898925719796
1302,6.878898925719796
1303,6.878898925719796
1304,6.878898925719796
1305,6.878898925719796
1306,6.878898925719796
1307,6.878898925719796
1308,6.878898925719796
1309,6.878898925719796
1310,6.878898925719796
1311,6.878898925719796
1312,6.878898925719796
1313,6.878898925719796
1314,6.878898925719796
1315,6.878898925719796
1316,6.878898925719796
1317,6.878898925719796
1318,6.878898925719796
1319,6.878898925719796
1320,6.878898925719796
1321,6.878898925719796
1322,6.878898925719796
1323,6.878898925719796
1324,6.878898925719796
1325,6.878898925719796
1326,6.878898925719796
1327,6.878898925719796
1328,6.878898925719796
1329,6.878898925719796
1330,6.878898925719796
1331,6.878898925719796
1332,6.878898925719796
1333,6.878898925719796
1334,6.878898925719796
1335,6.878898925719796
1336,6.878898925719796
1337,6.878898925719796
1338,6.878898925719796
1339,6.878898925719796
1340,6.878898925719796
1341,6.878898925719796
1342,6.878898925719796
1343,6.878898925719796
1344,6.878898925719796
1345,6.878898925719796
1346,6.878898925719796
1347,6.878898925719796
1348,6.878898925719796
1349,6.878898925719796
1350,6.878898925719796
1351,6.878898925719796
1352,6.878898925719796
1353,6.878898925719796
1354,6.878898925719796
1355,6.878898925719796
1356,6.878898925719796
1357,6.878898925719796
1358,6.878898925719796
1359,6.878898925719796
1360,6.878898925719796
1361,6.878898925719796
1362,6.878898925719796
1363,6.878898925719796
1364,6.878898925719796
1365,6.878898925719796
1366,6.878898925719796
1367,6.878898925719796
1368,6.878898925719796
1369,6.878898925719796
1370,6.878898925719796
1371,6.878898925719796
1372,6.878898925719796
1373,6.878898925719796
1374,6.878898925719796
1375,6.878898925719796
1376,6.878898925719796
1377,6.878898925719796
1378,6.878898925719796
1379,6.878898925719796
1380,6.878898925719796
1381,6.878898925719796
1382,6.878898925719796
1383,6.878898925719796
1384,6.878898925719796
1385,6.878898925719796
1386,6.878898925719796
1387,6.878898925719796
1388,6.878898925719796
1389,6.878898925719796
1390,6.878898925719796
1391,6.878898925719796
1392,6.878898925719796
1393,6.878898925719796
1394,6.878898925719796
1395,6.878898925719796
1396,6.878898925719796
1397,6.878898925719796
1398,6.878898925719796
1399,6.878898925719796
1400,6.878898925719796
1401,6.878898925719796
1402,6.878898925719796
1403,6.878898925719796
1404,6.878898925719796
1405,6.878898925719796
1406,6.878898925719796
1407,6.878898925719796
1408,6.878898925719796
1409,6.878898925719796
1410,6.878898925719796
1411,6.878898925719796
1412,6.878898925719796
1413,6.878898925719796
1414,6.878898925719796
1415,6.878898925719796
1416,6.878898925719796
1417,6.878898925719796
1418,6.878898925719796
1419,6.878898925719796
1420,6.878898925719796
1421,6.878898925719796
1422,6.878898925719796
1423,6.878898925719796
1424,6.878898925719796
1425,6.878898925719796
1426,6.878898925719796
1427,6.878898925719796
1428,6.878898925719796
1429,6.878898925719796
1430,6.878898925719796
1431,6.878898925719796
1432,6.878898925719796
1433,6.878898925719796
1434,6.878898925719796
1435,6.878898925719796
1436,6.878898925719796
1437,6.878898925719796
1438,6.878898925719796
1439,6.878898925719796
1440,6.878898925719796
1441,6.878898925719796
1442,6.878898925719796
1443,6.878898925719796
1444,6.878898925719796
1445,6.878898925719796
1446,6.878898925719796
1447,6.878898925719796
1448,6.878898925719796
1449,6.878898925719796
1450,6.878898925719796
1451,6.878898925719796
1452,6.878898925719796
1453,6.878898925719796
1454,6.878898925719796
1455,6.878898925719796
1456,6.878898925719796
1457,6.878898925719796
1458,6.878898925719796
1459,6.878898925719796
1460,6.878898925719796
1461,6.878898925719796
1462,6.878898925719796
1463,6.878898925719796
1464,6.878898925719796
1465,6.878898925719796
1466,6.878898925719796
1467,6.878898925719796
1468,6.878898925719796
1469,6.878898925719796
1470,6.878898925719796
1471,6.878898925719796
1472,6.878898925719796
1473,6.878898925719796
1474,6.878898925719796
1475,6.878898925719796
1476,6.878898925719796
1477,6.878898925719796
1478,6.878898925719796
1479,6.878898925719796
1480,6.878898925719796
1481,6.878898925719796
1482,6.878898925719796
1483,6.878898925719796
1484,6.878898925719796
1485,6.878898925719796
1486,6.878898925719796
1487,6.878898925719796
1488,6.878898925719796
1489,6.878898925719796
1490,6.878898925719796
1491,6.878898925719796
1492,6.878898925719796
1493,6.878898925719796
1494,6.878898925719796
1495,6.878898925719796
1496,6.878898925719796
1497,6.878898925719796
1498,6.878898925719796
1499,6.878898925719796
1500,6.878898925719796
1501,6.878898925719796
1502,6.878898925719796
1503,6.878898925719796
1504,6.878898925719796
1505,6.878898925719796
1506,6.878898925719796
1507,6.878898925719796
1508,6.878898925719796
1509,6.878898925719796
1510,6.878898925719796
1511,6.878898925719796
1512,6.878898925719796
1513,6.878898925719796
1514,6.878898925719796
1515,6.878898925719796
1516,6.878898925719796
1517,6.878898925719796
1518,6.878898925719796
1519,6.878898925719796
1520,6.878898925719796
1521,6.878898925719796
1522,6.878898925719796
1523,6.878898925719796
1524,6.878898925719796
1525,6.878898925719796
1526,6.878898925719796
1527,6.878898925719796
1528,6.878898925719796
1529,6.878898925719796
1530,6.878898925719796
1531,6.878898925719796
1532,6.878898925719796
1533,6.878898925719796
1534,6.878898925719796
1535,6.878898925719796
1536,6.878898925719796
1537,6.878898925719796
1538,6.878898925719796
1539,6.878898925719796
1540,6.878898925719796
1541,6.878898925719796
1542,6.878898925719796
1543,6.878898925719796
1544,6.878898925719796
1545,6.878898925719796
1546,6.878898925719796
1547,6.878898925719796
1548,6.878898925719796
1549,6.878898925719796
1550,6.878898925719796
1551,6.878898925719796
1552,6.878898925719796
1553,6.878898925719796
1554,6.878898925719796
1555,6.878898925719796
1556,6.878898925719796
1557,6.878898925719796
1558,6.878898925719796
1559,6.878898925719796
1560,6.878898925719796
1561,6.878898925719796
1562,6.878898925719796
1563,6.878898925719796
1564,6.878898925719796
1565,6.878898925719796
1566,6.878898925719796
1567,6.878898925719796
1568,6.878898925719796
1569,6.878898925719796
1570,6.878898925719796
1571,6.878898925719796
1572,6.878898925719796
1573,6.878898925719796
1574,6.878898925719796
1575,6.878898925719796
1576,6.878898925719796
1577,6.878898925719796
1578,6.878898925719796
1579,6.878898925719796
1580,6.878898925719796
1581,6.878898925719796
1582,6.878898925719796
1583,6.878898925719796
1584,6.878898925719796
1585,6.878898925719796
1586,6.878898925719796
1587,6.878898925719796
1588,6.878898925719796
1589,6.878898925719796
1590,6.878898925719796
1591,6.878898925719796
1592,6.878898925719796
1593,6.878898925719796
1594,6.878898925719796
1595,6.878898925719796
1596,6.878898925719796
1597,6.878898925719796
1598,6.878898925719796
1599,6.878898925719796
1600,6.878898925719796
1601,6.878898925719796
1602,6.878898925719796
1603,6.878898925719796
1604,6.878898925719796
1605,6.878898925719796
1606,6.878898925719796
1607,6.878898925719796
1608,6.878898925719796
1609,6.878898925719796
1610,6.878898925719796
1611,6.878898925719796
1612,6.878898925719796
1613,6.878898925719796
1614,6.878898925719796
1615,6.878898925719796
1616,6.878898925719796
1617,6.878898925719796
1618,6.878898925719796
1619,6.878898925719796
1620,6.878898925719796
1621,6.878898925719796
1622,6.878898925719796
1623,6.878898925719796
1624,6.878898925719796
1625,6.878898925719796
1626,6.878898925719796
1627,6.878898925719796
1628,6.878898925719796
1629,6.878898925719796
1630,6.878898925719796
1631,6.878898925719796
1632,6.878898925719796
1633,6.878898925719796
1634,6.878898925719796
1635,6.878898925719796
1636,6.878898925719796
1637,6.878898925719796
1638,6.878898925719796
1639,6.878898925719796
1640,6.878898925719796
1641,6.878898925719796
1642,6.878898925719796
1643,6.878898925719796
1644,6.878898925719796
1645,6.878898925719796
1646,6.878898925719796
1647,6.878898925719796
1648,6.878898925719796
1649,6.878898925719796
1650,6.878898925719796
1651,6.878898925719796
1652,6.878898925719796
1653,6.878898925719796
1654,6.878898925719796
1655,6.878898925719796
1656,6.878898925719796
1657,6.878898925719796
1658,6.878898925719796
1659,6.878898925719796
1660,6.878898925719796
1661,6.878898925719796
1662,6.878898925719796
1663,6.878898925719796
1664,6.878898925719796
1665,6.878898925719796
1666,6.878898925719796
1667,6.878898925719796
1668,6.878898925719796
1669,6.878898925719796
1670,6.878898925719796
1671,6.878898925719796
1672,6.878898925719796
1673,6.878898925719796
1674,6.878898925719796
1675,6.878898925719796
1676,6.878898925719796
1677,6.878898925719796
1678,6.878898925719796
1679,6.878898925719796
1680,6.878898925719796
1681,6.878898925719796
1682,6.878898925719796
1683,6.878898925719796
1684,6.878898925719796
1685,6.878898925719796
1686,6.878898925719796
1687,6.878898925719796
1688,6.878898925719796
1689,6.878898925719796
1690,6.878898925719796
1691,6.878898925719796
1692,6.878898925719796
1693,6.878898925719796
1694,6.878898925719796
1695,6.878898925719796
1696,6.878898925719796
1697,6.878898925719796
1698,6.878898925719796
1699,6.878898925719796
1700,6.878898925719796
1701,6.878898925719796
1702,6.878898925719796
1703,6.878898925719796
1704,6.878898925719796
1705,6.878898925719796
1706,6.878898925719796
1707,6.878898925719796
1708,6.878898925719796
1709,6.878898925719796
1710,6.878898925719796
1711,6.878898925719796
1712,6.878898925719796
1713,6.878898925719796
1714,6.878898925719796
1715,6.878898925719796
1716,6.878898925719796
1717,6.878898925719796
1718,6.878898925719796
1719,6.878898925719796
1720,6.878898925719796
1721,6.878898925719796
1722,6.878898925719796
1723,6.878898925719796
1724,6.878898925719796
1725,6.878898925719796
1726,6.878898925719796
1727,6.878898925719796
1728,6.878898925719796
1729,6.878898925719796
1730,6.878898925719796
1731,6.878898925719796
1732,6.878898925719796
1733,6.878898925719796
1734,6.878898925719796
1735,6.878898925719796
1736,6.878898925719796
1737,6.878898925719796
1738,6.878898925719796
1739,6.878898925719796
1740,6.878898925719796
1741,6.878898925719796
1742,6.878898925719796
1743,6.878898925719796
1744,6.878898925719796
1745,6.878898925719796
1746,6.878898925719796
1747,6.878898925719796
1748,6.878898925719796
1749,6.878898925719796
1750,6.878898925719796
1751,6.878898925719796
1752,6.878898925719796
1753,6.878898925719796
1754,6.878898925719796
1755,6.878898925719796
1756,6.878898925719796
1757,6.878898925719796
1758,6.878898925719796
1759,6.878898925719796
1760,6.878898925719796
1761,6.878898925719796
1762,6.878898925719796
1763,6.878898925719796
1764,6.878898925719796
1765,6.878898925719796
1766,6.878898925719796
1767,6.878898925719796
1768,6.878898925719796
1769,6.878898925719796
1770,6.878898925719796
1771,6.878898925719796
1772,6.878898925719796
1773,6.878898925719796
1774,6.878898925719796
1775,6.878898925719796
1776,6.878898925719796
1777,6.878898925719796
1778,6.878898925719796
1779,6.878898925719796
1780,6.878898925719796
1781,6.878898925719796
1782,6.878898925719796
1783,6.878898925719796
1784,6.878898925719796
1785,6.878898925719796
1786,6.878898925719796
1787,6.878898925719796
1788,6.878898925719796
1789,6.878898925719796
1790,6.878898925719796
1791,6.878898925719796
1792,6.878898925719796
1793,6.878898925719796
1794,6.878898925719796
1795,6.878898925719796
1796,6.878898925719796
1797,6.878898925719796
1798,6.878898925719796
1799,6.878898925719796
1800,6.878898925719796
1801,6.878898925719796
1802,6.878898925719796
1803,6.878898925719796
1804,6.878898925719796
1805,6.878898925719796
1806,6.878898925719796
1807,6.878898925719796
1808,6.878898925719796
1809,6.878898925719796
1810,6.878898925719796
1811,6.878898925719796
1812,6.878898925719796
1813,6.878898925719796
1814,6.878898925719796
1815,6.878898925719796
1816,6.878898925719796
1817,6.878898925719796
1818,6.878898925719796
1819,6.878898925719796
1820,6.878898925719796
1821,6.878898925719796
1822,6.878898925719796
1823,6.878898925719796
1824,6.878898925719796
1825,6.878898925719796
1826,6.878898925719796
1827,6.878898925719796
1828,6.878898925719796
1829,6.878898925719796
1830,6.878898925719796
1831,6.878898925719796
1832,6.878898925719796
1833,6.878898925719796
1834,6.878898925719796
1835,6.878898925719796
1836,6.878898925719796
1837,6.878898925719796
1838,6.878898925719796
1839,6.878898925719796
1840,6.878898925719796
1841,6.878898925719796
1842,6.878898925719796
1843,6.878898925719796
1844,6.878898925719796
1845,6.878898925719796
1846,6.878898925719796
1847,6.878898925719796
1848,6.878898925719796
1849,6.878898925719796
1850,6.878898925719796
1851,6.878898925719796
1852,6.878898925719796
1853,6.878898925719796
1854,6.878898925719796
1855,6.878898925719796
1856,6.878898925719796
1857,6.878898925719796
1858,6.878898925719796
1859,6.878898925719796
1860,6.878898925719796
1861,6.878898925719796
1862,6.878898925719796
1863,6.878898925719796
1864,6.878898925719796
1865,6.878898925719796
1866,6.878898925719796
1867,6.878898925719796
1868,6.878898925719796
1869,6.878898925719796
1870,6.878898925719796
1871,6.878898925719796
1872,6.878898925719796
1873,6.878898925719796
1874,6.878898925719796
1875,6.878898925719796
1876,6.878898925719796
1877,6.878898925719796
1878,6.878898925719796
1879,6.878898925719796
1880,6.878898925719796
1881,6.878898925719796
1882,6.878898925719796
1883,6.878898925719796
1884,6.878898925719796
1885,6.878898925719796
1886,6.878898925719796
1887,6.878898925719796
1888,6.878898925719796
1889,6.878898925719796
1890,6.878898925719796
1891,6.878898925719796
1892,6.878898925719796
1893,6.878898925719796
1894,6.878898925719796
1895,6.878898925719796
1896,6.878898925719796
1897,6.878898925719796
1898,6.878898925719796
1899,6.878898925719796
1900,6.878898925719796
1901,6.878898925719796
1902,6.878898925719796
1903,6.878898925719796
1904,6.878898925719796
1905,6.878898925719796
1906,6.878898925719796
1907,6.878898925719796
1908,6.878898925719796
1909,6.878898925719796
1910,6.878898925719796
1911,6.878898925719796
1912,6.878898925719796
1913,6.878898925719796
1914,6.878898925719796
1915,6.878898925719796
1916,6.878898925719796
1917,6.878898925719796
1918,6.878898925719796
1919,6.878898925719796
1920,6.878898925719796
1921,6.878898925719796
1922,6.878898925719796
1923,6.878898925719796
1924,6.878898925719796
1925,6.878898925719796
1926,6.878898925719796
1927,6.878898925719796
1928,6.878898925719796
1929,6.878898925719796
1930,6.878898925719796
1931,6.878898925719796
1932,6.878898925719796
1933,6.878898925719796
1934,6.878898925719796
1935,6.878898925719796
1936,6.878898925719796
1937,6.878898925719796
1938,6.878898925719796
1939,6.878898925719796
1940,6.878898925719796
1941,6.878898925719796
1942,6.878898925719796
1943,6.878898925719796
1944,6.878898925719796
1945,6.878898925719796
1946,6.878898925719796
1947,6.878898925719796
1948,6.878898925719796
1949,6.878898925719796
1950,6.878898925719796
1951,6.878898925719796
1952,6.878898925719796
1953,6.878898925719796
1954,6.878898925719796
1955,6.878898925719796
1956,6.878898925719796
1957,6.878898925719796
1958,6.878898925719796
1959,6.878898925719796
1960,6.878898925719796
1961,6.878898925719796
1962,6.878898925719796
1963,6.878898925719796
1964,6.878898925719796
1965,6.878898925719796
1966,6.878898925719796
1967,6.878898925719796
1968,6.878898925719796
1969,6.878898925719796
1970,6.878898925719796
1971,6.878898925719796
1972,6.878898925719796
1973,6.878898925719796
1974,6.878898925719796
1975,6.878898925719796
1976,6.878898925719796
1977,6.878898925719796
1978,6.878898925719796
1979,6.878898925719796
1980,6.878898925719796
1981,6.878898925719796
1982,6.878898925719796
1983,6.878898925719796
1984,6.878898925719796
1985,6.878898925719796
1986,6.878898925719796
1987,6.878898925719796
1988,6.878898925719796
1989,6.878898925719796
1990,6.878898925719796
1991,6.878898925719796
1992,6.878898925719796
1993,6.878898925719796
1994,6.878898925719796
1995,6.878898925719796
1996,6.878898925719796
1997,6.878898925719796
1998,6.878898925719796
1999,6.878898925719796
2000,6.878898925719796
2001,6.878898925719796
2002,6.878898925719796
2003,6.878898925719796
2004,6.878898925719796
2005,6.878898925719796
2006,6.878898925719796
2007,6.878898925719796
2008,6.878898925719796
2009,6.878898925719796
2010,6.878898925719796
2011,6.878898925719796
2012,6.878898925719796
2013,6.878898925719796
2014,6.878898925719796
2015,6.878898925719796
2016,6.878898925719796
2017,6.878898925719796
2018,6.878898925719796
2019,6.878898925719796
2020,6.878898925719796
2021,6.878898925719796
2022,6.878898925719796
2023,6.878898925719796
2024,6.878898925719796
2025,6.878898925719796
2026,6.878898925719796
2027,6.878898925719796
2028,6.878898925719796
2029,6.878898925719796
2030,6.878898925719796
2031,6.878898925719796
2032,6.878898925719796
2033,6.878898925719796
2034,6.878898925719796
2035,6.878898925719796
2036,6.878898925719796
2037,6.878898925719796
2038,6.878898925719796
2039,6.878898925719796
2040,6.878898925719796
2041,6.878898925719796
2042,6.878898925719796
2043,6.878898925719796
2044,6.878898925719796
2045,6.878898925719796
2046,6.878898925719796
2047,6.878898925719796
2048,6.878898925719796
2049,6.878898925719796
2050,6.878898925719796
2051,6.878898925719796
2052,6.878898925719796
2053,6.878898925719796
2054,6.878898925719796
2055,6.878898925719796
2056,6.878898925719796
2057,6.878898925719796
2058,6.878898925719796
2059,6.878898925719796
2060,6.878898925719796
2061,6.878898925719796
2062,6.878898925719796
2063,6.878898925719796
2064,6.878898925719796
2065,6.878898925719796
2066,6.878898925719796
2067,6.878898925719796
2068,6.878898925719796
2069,6.878898925719796
2070,6.878898925719796
2071,6.878898925719796
2072,6.878898925719796
2073,6.878898925719796
2074,6.878898925719796
2075,6.878898925719796
2076,6.878898925719796
2077,6.878898925719796
2078,6.878898925719796
2079,6.878898925719796
2080,6.878898925719796
2081,6.878898925719796
2082,6.878898925719796
2083,6.878898925719796
2084,6.878898925719796
2085,6.878898925719796
2086,6.878898925719796
2087,6.878898925719796
2088,6.878898925719796
2089,6.878898925719796
2090,6.878898925719796
2091,6.878898925719796
2092,6.878898925719796
2093,6.878898925719796
2094,6.878898925719796
2095,6.878898925719796
2096,6.878898925719796
2097,6.878898925719796
2098,6.878898925719796
2099,6.878898925719796
2100,6.878898925719796
2101,6.878898925719796
2102,6.878898925719796
2103,6.878898925719796
2104,6.878898925719796
2105,6.878898925719796
2106,6.878898925719796
2107,6.878898925719796
2108,6.878898925719796
2109,6.878898925719796
2110,6.878898925719796
2111,6.878898925719796
2112,6.878898925719796
2113,6.878898925719796
2114,6.878898925719796
2115,6.878898925719796
2116,6.878898925719796
2117,6.878898925719796
2118,6.878898925719796
2119,6.878898925719796
2120,6.878898925719796
2121,6.878898925719796
2122,6.878898925719796
2123,6.878898925719796
2124,6.878898925719796
2125,6.878898925719796
2126,6.878898925719796
2127,6.878898925719796
2128,6.878898925719796
2129,6.878898925719796
2130,6.878898925719796
2131,6.878898925719796
2132,6.878898925719796
2133,6.878898925719796
2134,6.878898925719796
2135,6.878898925719796
2136,6.878898925719796
2137,6.878898925719796
2138,6.878898925719796
2139,6.878898925719796
2140,6.878898925719796
2141,6.878898925719796
2142,6.878898925719796
2143,6.878898925719796
2144,6.878898925719796
2145,6.878898925719796
2146,6.878898925719796
2147,6.878898925719796
2148,6.878898925719796
2149,6.878898925719796
2150,6.878898925719796
2151,6.878898925719796
2152,6.878898925719796
2153,6.878898925719796
2154,6.878898925719796
2155,6.878898925719796
2156,6.878898925719796
2157,6.878898925719796
2158,6.878898925719796
2159,6.878898925719796
2160,6.878898925719796
2161,6.878898925719796
2162,6.878898925719796
2163,6.878898925719796
2164,6.878898925719796
2165,6.878898925719796
2166,6.878898925719796
2167,6.878898925719796
2168,6.878898925719796
2169,6.878898925719796
2170,6.878898925719796
2171,6.878898925719796
2172,6.878898925719796
2173,6.878898925719796
2174,6.878898925719796
2175,6.878898925719796
2176,6.878898925719796
2177,6.878898925719796
2178,6.878898925719796
2179,6.878898925719796
2180,6.878898925719796
2181,6.878898925719796
2182,6.878898925719796
2183,6.878898925719796
2184,6.878898925719796
2185,6.878898925719796
2186,6.878898925719796
2187,6.878898925719796
2188,6.878898925719796
2189,6.878898925719796
2190,6.878898925719796
2191,6.878898925719796
2192,6.878898925719796
2193,6.878898925719796
2194,6.878898925719796
2195,6.878898925719796
2196,6.878898925719796
2197,6.878898925719796
2198,6.878898925719796
2199,6.878898925719796
2200,6.878898925719796
2201,6.878898925719796
2202,6.878898925719796
2203,6.878898925719796
2204,6.878898925719796
2205,6.878898925719796
2206,6.878898925719796
2207,6.878898925719796
2208,6.878898925719796
2209,6.878898925719796
2210,6.878898925719796
2211,6.878898925719796
2212,6.878898925719796
2213,6.878898925719796
2214,6.878898925719796
2215,6.878898925719796
2216,6.878898925719796
2217,6.878898925719796
2218,6.878898925719796
2219,6.878898925719796
2220,6.878898925719796
2221,6.878898925719796
2222,6.878898925719796
2223,6.878898925719796
2224,6.878898925719796
2225,6.878898925719796
2226,6.878898925719796
2227,6.878898925719796
2228,6.878898925719796
2229,6.878898925719796
2230,6.878898925719796
2231,6.878898925719796
2232,6.878898925719796
2233,6.878898925719796
2234,6.878898925719796
2235,6.878898925719796
2236,6.878898925719796
2237,6.878898925719796
2238,6.878898925719796
2239,6.878898925719796
2240,6.878898925719796
2241,6.878898925719796
2242,6.878898925719796
2243,6.878898925719796
2244,6.878898925719796
2245,6.878898925719796
2246,6.878898925719796
2247,6.878898925719796
2248,6.878898925719796
2249,6.878898925719796
2250,6.878898925719796
2251,6.878898925719796
2252,6.878898925719796
2253,6.878898925719796
2254,6.878898925719796
2255,6.878898925719796
2256,6.878898925719796
2257,6.878898925719796
2258,6.878898925719796
2259,6.878898925719796
2260,6.878898925719796
2261,6.878898925719796
2262,6.878898925719796
2263,6.878898925719796
2264,6.878898925719796
2265,6.878898925719796
2266,6.878898925719796
2267,6.878898925719796
2268,6.878898925719796
2269,6.878898925719796
2270,6.878898925719796
2271,6.878898925719796
2272,6.878898925719796
2273,6.878898925719796
2274,6.878898925719796
2275,6.878898925719796
2276,6.878898925719796
2277,6.878898925719796
2278,6.878898925719796
2279,6.878898925719796
2280,6.878898925719796
2281,6.878898925719796
2282,6.878898925719796
2283,6.878898925719796
2284,6.878898925719796
2285,6.878898925719796
2286,6.878898925719796
2287,6.878898925719796
2288,6.878898925719796
2289,6.878898925719796
2290,6.878898925719796
2291,6.878898925719796
2292,6.878898925719796
2293,6.878898925719796
2294,6.878898925719796
2295,6.878898925719796
2296,6.878898925719796
2297,6.878898925719796
2298,6.878898925719796
2299,6.878898925719796
2300,6.878898925719796
2301,6.878898925719796
2302,6.878898925719796
2303,6.878898925719796
2304,6.878898925719796
2305,6.878898925719796
2306,6.878898925719796
2307,6.878898925719796
2308,6.878898925719796
2309,6.878898925719796
2310,6.878898925719796
2311,6.878898925719796
2312,6.878898925719796
2313,6.878898925719796
2314,6.878898925719796
2315,6.878898925719796
2316,6.878898925719796
2317,6.878898925719796
2318,6.878898925719796
2319,6.878898925719796
2320,6.878898925719796
2321,6.878898925719796
2322,6.878898925719796
2323,6.878898925719796
2324,6.878898925719796
2325,6.878898925719796
2326,6.878898925719796
2327,6.878898925719796
2328,6.878898925719796
2329,6.878898925719796
2330,6.878898925719796
2331,6.878898925719796
2332,6.878898925719796
2333,6.878898925719796
2334,6.878898925719796
2335,6.878898925719796
2336,6.878898925719796
2337,6.878898925719796
2338,6.878898925719796
2339,6.878898925719796
2340,6.878898925719796
2341,6.878898925719796
2342,6.878898925719796
2343,6.878898925719796
2344,6.878898925719796
2345,6.878898925719796
2346,6.878898925719796
2347,6.878898925719796
2348,6.878898925719796
2349,6.878898925719796
2350,6.878898925719796
2351,6.878898925719796
2352,6.878898925719796
2353,6.878898925719796
2354,6.878898925719796
2355,6.878898925719796
2356,6.878898925719796
2357,6.878898925719796
2358,6.878898925719796
2359,6.878898925719796
2360,6.878898925719796
2361,6.878898925719796
2362,6.878898925719796
2363,6.878898925719796
2364,6.878898925719796
2365,6.878898925719796
2366,6.878898925719796
2367,6.878898925719796
2368,6.878898925719796
2369,6.878898925719796
2370,6.878898925719796
2371,6.878898925719796
2372,6.878898925719796
2373,6.878898925719796
2374,6.878898925719796
2375,6.878898925719796
2376,6.878898925719796
2377,6.878898925719796
2378,6.878898925719796
2379,6.878898925719796
2380,6.878898925719796
2381,6.878898925719796
2382,6.878898925719796
2383,6.878898925719796
2384,6.878898925719796
2385,6.878898925719796
2386,6.878898925719796
2387,6.878898925719796
2388,6.878898925719796
2389,6.878898925719796
2390,6.878898925719796
2391,6.878898925719796
2392,6.878898925719796
2393,6.878898925719796
2394,6.878898925719796
2395,6.878898925719796
2396,6.878898925719796
2397,6.878898925719796
2398,6.878898925719796
2399,6.878898925719796
2400,6.878898925719796
2401,6.878898925719796
2402,6.878898925719796
2403,6.878898925719796
2404,6.878898925719796
2405,6.878898925719796
2406,6.878898925719796
2407,6.878898925719796
2408,6.878898925719796
2409,6.878898925719796
2410,6.878898925719796
2411,6.878898925719796
2412,6.878898925719796
2413,6.878898925719796
2414,6.878898925719796
2415,6.878898925719796
2416,6.878898925719796
2417,6.878898925719796
2418,6.878898925719796
2419,6.878898925719796
2420,6.878898925719796
2421,6.878898925719796
2422,6.878898925719796
2423,6.878898925719796
2424,6.878898925719796
2425,6.878898925719796
2426,6.878898925719796
2427,6.878898925719796
2428,6.878898925719796
2429,6.878898925719796
2430,6.878898925719796
2431,6.878898925719796
2432,6.878898925719796
2433,6.878898925719796
2434,6.878898925719796
2435,6.878898925719796
2436,6.878898925719796
2437,6.878898925719796
2438,6.878898925719796
2439,6.878898925719796
2440,6.878898925719796
2441,6.878898925719796
2442,6.878898925719796
2443,6.878898925719796
2444,6.878898925719796
2445,6.878898925719796
2446,6.878898925719796
2447,6.878898925719796
2448,6.878898925719796
2449,6.878898925719796
2450,6.878898925719796
2451,6.878898925719796
2452,6.878898925719796
2453,6.878898925719796
2454,6.878898925719796
2455,6.878898925719796
2456,6.878898925719796
2457,6.878898925719796
2458,6.878898925719796
2459,6.878898925719796
2460,6.878898925719796
2461,6.878898925719796
2462,6.878898925719796
2463,6.878898925719796
2464,6.878898925719796
2465,6.878898925719796
2466,6.878898925719796
2467,6.878898925719796
2468,6.878898925719796
2469,6.878898925719796
2470,6.878898925719796
2471,6.878898925719796
2472,6.878898925719796
2473,6.878898925719796
2474,6.878898925719796
2475,6.878898925719796
2476,6.878898925719796
2477,6.878898925719796
2478,6.878898925719796
2479,6.878898925719796
2480,6.878898925719796
2481,6.878898925719796
2482,6.878898925719796
2483,6.878898925719796
2484,6.878898925719796
2485,6.878898925719796
2486,6.878898925719796
2487,6.878898925719796
2488,6.878898925719796
2489,6.878898925719796
2490,6.878898925719796
2491,6.878898925719796
2492,6.878898925719796
2493,6.878898925719796
2494,6.878898925719796
2495,6.878898925719796
2496,6.878898925719796
2497,6.878898925719796
2498,6.878898925719796
2499,6.878898925719796
2500,6.878898925719796
2501,6.878898925719796
2502,6.878898925719796
2503,6.878898925719796
2504,6.878898925719796
2505,6.878898925719796
2506,6.878898925719796
2507,6.878898925719796
2508,6.878898925719796
2509,6.878898925719796
2510,6.878898925719796
2511,6.878898925719796
2512,6.878898925719796
2513,6.878898925719796
2514,6.878898925719796
2515,6.878898925719796
2516,6.878898925719796
2517,6.878898925719796
2518,6.878898925719796
2519,6.878898925719796
2520,6.878898925719796
2521,6.878898925719796
2522,6.878898925719796
2523,6.878898925719796
2524,6.878898925719796
2525,6.878898925719796
2526,6.878898925719796
2527,6.878898925719796
2528,6.878898925719796
2529,6.878898925719796
2530,6.878898925719796
2531,6.878898925719796
2532,6.878898925719796
2533,6.878898925719796
2534,6.878898925719796
2535,6.878898925719796
2536,6.878898925719796
2537,6.878898925719796
2538,6.878898925719796
2539,6.878898925719796
2540,6.878898925719796
2541,6.878898925719796
2542,6.878898925719796
2543,6.878898925719796
2544,6.878898925719796
2545,6.878898925719796
2546,6.878898925719796
2547,6.878898925719796
2548,6.878898925719796
2549,6.878898925719796
2550,6.878898925719796
2551,6.878898925719796
2552,6.878898925719796
2553,6.878898925719796
2554,6.878898925719796
2555,6.878898925719796
2556,6.878898925719796
2557,6.878898925719796
2558,6.878898925719796
2559,6.878898925719796
2560,6.878898925719796
2561,6.878898925719796
2562,6.878898925719796
2563,6.878898925719796
2564,6.878898925719796
2565,6.878898925719796
2566,6.878898925719796
2567,6.878898925719796
2568,6.878898925719796
2569,6.878898925719796
2570,6.878898925719796
2571,6.878898925719796
2572,6.878898925719796
2573,6.878898925719796
2574,6.878898925719796
2575,6.878898925719796
2576,6.878898925719796
2577,6.878898925719796
2578,6.878898925719796
2579,6.878898925719796
2580,6.878898925719796
2581,6.878898925719796
2582,6.878898925719796
2583,6.878898925719796
2584,6.878898925719796
2585,6.878898925719796
2586,6.878898925719796
2587,6.878898925719796
2588,6.878898925719796
2589,6.878898925719796
2590,6.878898925719796
2591,6.878898925719796
2592,6.878898925719796
2593,6.878898925719796
2594,6.878898925719796
2595,6.878898925719796
2596,6.878898925719796
2597,6.878898925719796
2598,6.878898925719796
2599,6.878898925719796
2600,6.878898925719796
2601,6.878898925719796
2602,6.878898925719796
2603,6.878898925719796
2604,6.878898925719796
2605,6.878898925719796
2606,6.878898925719796
2607,6.878898925719796
2608,6.878898925719796
2609,6.878898925719796
2610,6.878898925719796
2611,6.878898925719796
2612,6.878898925719796
2613,6.878898925719796
2614,6.878898925719796
2615,6.878898925719796
2616,6.878898925719796
2617,6.878898925719796
2618,6.878898925719796
2619,6.878898925719796
2620,6.878898925719796
2621,6.878898925719796
2622,6.878898925719796
2623,6.878898925719796
2624,6.878898925719796
2625,6.878898925719796
2626,6.878898925719796
2627,6.878898925719796
2628,6.878898925719796
2629,6.878898925719796
2630,6.878898925719796
2631,6.878898925719796
2632,6.878898925719796
2633,6.878898925719796
2634,6.878898925719796
2635,6.878898925719796
2636,6.878898925719796
2637,6.878898925719796
2638,6.878898925719796
2639,6.878898925719796
2640,6.878898925719796
2641,6.878898925719796
2642,6.878898925719796
2643,6.878898925719796
2644,6.878898925719796
2645,6.878898925719796
2646,6.878898925719796
2647,6.878898925719796
2648,6.878898925719796
2649,6.878898925719796
2650,6.878898925719796
2651,6.878898925719796
2652,6.878898925719796
2653,6.878898925719796
2654,6.878898925719796
2655,6.878898925719796
2656,6.878898925719796
2657,6.878898925719796
2658,6.878898925719796
2659,6.878898925719796
2660,6.878898925719796
2661,6.878898925719796
2662,6.878898925719796
2663,6.878898925719796
2664,6.878898925719796
2665,6.878898925719796
2666,6.878898925719796
2667,6.878898925719796
2668,6.878898925719796
2669,6.878898925719796
2670,6.878898925719796
2671,6.878898925719796
2672,6.878898925719796
2673,6.878898925719796
2674,6.878898925719796
2675,6.878898925719796
2676,6.878898925719796
2677,6.878898925719796
2678,6.878898925719796
2679,6.878898925719796
2680,6.878898925719796
2681,6.878898925719796
2682,6.878898925719796
2683,6.878898925719796
2684,6.878898925719796
2685,6.878898925719796
2686,6.878898925719796
2687,6.878898925719796
2688,6.878898925719796
2689,6.878898925719796
2690,6.878898925719796
2691,6.878898925719796
2692,6.878898925719796
2693,6.878898925719796
2694,6.878898925719796
2695,6.878898925719796
2696,6.878898925719796
2697,6.878898925719796
2698,6.878898925719796
2699,6.878898925719796
2700,6.878898925719796
2701,6.878898925719796
2702,6.878898925719796
2703,6.878898925719796
2704,6.878898925719796
2705,6.878898925719796
2706,6.878898925719796
2707,6.878898925719796
2708,6.878898925719796
2709,6.878898925719796
2710,6.878898925719796
2711,6.878898925719796
2712,6.878898925719796
2713,6.878898925719796
2714,6.878898925719796
2715,6.878898925719796
2716,6.878898925719796
2717,6.878898925719796
2718,6.878898925719796
2719,6.878898925719796
2720,6.878898925719796
2721,6.878898925719796
2722,6.878898925719796
2723,6.878898925719796
2724,6.878898925719796
2725,6.878898925719796
2726,6.878898925719796
2727,6.878898925719796
2728,6.878898925719796
2729,6.878898925719796
2730,6.878898925719796
2731,6.878898925719796
2732,6.878898925719796
2733,6.878898925719796
2734,6.878898925719796
2735,6.878898925719796
2736,6.878898925719796
2737,6.878898925719796
2738,6.878898925719796
2739,6.878898925719796
2740,6.878898925719796
2741,6.878898925719796
2742,6.878898925719796
2743,6.878898925719796
2744,6.878898925719796
2745,6.878898925719796
2746,6.878898925719796
2747,6.878898925719796
2748,6.878898925719796
2749,6.878898925719796
2750,6.878898925719796
2751,6.878898925719796
2752,6.878898925719796
2753,6.878898925719796
2754,6.878898925719796
2755,6.878898925719796
2756,6.878898925719796
2757,6.878898925719796
2758,6.878898925719796
2759,6.878898925719796
2760,6.878898925719796
2761,6.878898925719796
2762,6.878898925719796
2763,6.878898925719796
2764,6.878898925719796
2765,6.878898925719796
2766,6.878898925719796
2767,6.878898925719796
2768,6.878898925719796
2769,6.878898925719796
2770,6.878898925719796
2771,6.878898925719796
2772,6.878898925719796
2773,6.878898925719796
2774,6.878898925719796
2775,6.878898925719796
2776,6.878898925719796
2777,6.878898925719796
2778,6.878898925719796
2779,6.878898925719796
2780,6.878898925719796
2781,6.878898925719796
2782,6.878898925719796
2783,6.878898925719796
2784,6.878898925719796
2785,6.878898925719796
2786,6.878898925719796
2787,6.878898925719796
2788,6.878898925719796
2789,6.878898925719796
2790,6.878898925719796
2791,6.878898925719796
2792,6.878898925719796
2793,6.878898925719796
2794,6.878898925719796
2795,6.878898925719796
2796,6.878898925719796
2797,6.878898925719796
2798,6.878898925719796
2799,6.878898925719796
2800,6.878898925719796
2801,6.878898925719796
2802,6.878898925719796
2803,6.878898925719796
2804,6.878898925719796
2805,6.878898925719796
2806,6.878898925719796
2807,6.878898925719796
2808,6.878898925719796
2809,6.878898925719796
2810,6.878898925719796
2811,6.878898925719796
2812,6.878898925719796
2813,6.878898925719796
2814,6.878898925719796
2815,6.878898925719796
2816,6.878898925719796
2817,6.878898925719796
2818,6.878898925719796
2819,6.878898925719796
2820,6.878898925719796
2821,6.878898925719796
2822,6.878898925719796
2823,6.878898925719796
2824,6.878898925719796
2825,6.878898925719796
2826,6.878898925719796
2827,6.878898925719796
2828,6.878898925719796
2829,6.878898925719796
2830,6.878898925719796
2831,6.878898925719796
2832,6.878898925719796
2833,6.878898925719796
2834,6.878898925719796
2835,6.878898925719796
2836,6.878898925719796
2837,6.878898925719796
2838,6.878898925719796
2839,6.878898925719796
2840,6.878898925719796
2841,6.878898925719796
2842,6.878898925719796
2843,6.878898925719796
2844,6.878898925719796
2845,6.878898925719796
2846,6.878898925719796
2847,6.878898925719796
2848,6.878898925719796
2849,6.878898925719796
2850,6.878898925719796
2851,6.878898925719796
2852,6.878898925719796
2853,6.878898925719796
2854,6.878898925719796
2855,6.878898925719796
2856,6.878898925719796
2857,6.878898925719796
2858,6.878898925719796
2859,6.878898925719796
2860,6.878898925719796
2861,6.878898925719796
2862,6.878898925719796
2863,6.878898925719796
2864,6.878898925719796
2865,6.878898925719796
2866,6.878898925719796
2867,6.878898925719796
2868,6.878898925719796
2869,6.878898925719796
2870,6.878898925719796
2871,6.878898925719796
2872,6.878898925719796
2873,6.878898925719796
2874,6.878898925719796
2875,6.878898925719796
2876,6.878898925719796
2877,6.878898925719796
2878,6.878898925719796
2879,6.878898925719796
2880,6.878898925719796
2881,6.878898925719796
2882,6.878898925719796
2883,6.878898925719796
2884,6.878898925719796
2885,6.878898925719796
2886,6.878898925719796
2887,6.878898925719796
2888,6.878898925719796
2889,6.878898925719796
2890,6.878898925719796
2891,6.878898925719796
2892,6.878898925719796
2893,6.878898925719796
2894,6.878898925719796
2895,6.878898925719796
2896,6.878898925719796
2897,6.878898925719796
2898,6.878898925719796
2899,6.878898925719796
2900,6.878898925719796
2901,6.878898925719796
2902,6.878898925719796
2903,6.878898925719796
2904,6.878898925719796
2905,6.878898925719796
2906,6.878898925719796
2907,6.878898925719796
2908,6.878898925719796
2909,6.878898925719796
2910,6.878898925719796
2911,6.878898925719796
2912,6.878898925719796
2913,6.878898925719796
2914,6.878898925719796
2915,6.878898925719796
2916,6.878898925719796
2917,6.878898925719796
2918,6.878898925719796
2919,6.878898925719796
2920,6.878898925719796
2921,6.878898925719796
2922,6.878898925719796
2923,6.878898925719796
2924,6.878898925719796
2925,6.878898925719796
2926,6.878898925719796
2927,6.878898925719796
2928,6.878898925719796
2929,6.878898925719796
2930,6.878898925719796
2931,6.878898925719796
2932,6.878898925719796
2933,6.878898925719796
2934,6.878898925719796
2935,6.878898925719796
2936,6.878898925719796
2937,6.878898925719796
2938,6.878898925719796
2939,6.878898925719796
2940,6.878898925719796
2941,6.878898925719796
2942,6.878898925719796
2943,6.878898925719796
2944,6.878898925719796
2945,6.878898925719796
2946,6.878898925719796
2947,6.878898925719796
2948,6.878898925719796
2949,6.878898925719796
2950,6.878898925719796
2951,6.878898925719796
2952,6.878898925719796
2953,6.878898925719796
2954,6.878898925719796
2955,6.878898925719796
2956,6.878898925719796
2957,6.878898925719796
2958,6.878898925719796
2959,6.878898925719796
2960,6.878898925719796
2961,6.878898925719796
2962,6.878898925719796
2963,6.878898925719796
2964,6.878898925719796
2965,6.878898925719796
2966,6.878898925719796
2967,6.878898925719796
2968,6.878898925719796
2969,6.878898925719796
2970,6.878898925719796
2971,6.878898925719796
2972,6.878898925719796
2973,6.878898925719796
2974,6.878898925719796
2975,6.878898925719796
2976,6.878898925719796
2977,6.878898925719796
2978,6.878898925719796
2979,6.878898925719796
2980,6.878898925719796
2981,6.878898925719796
2982,6.878898925719796
2983,6.878898925719796
2984,6.878898925719796
2985,6.878898925719796
2986,6.878898925719796
2987,6.878898925719796
2988,6.878898925719796
2989,6.878898925719796
2990,6.878898925719796
2991,6.878898925719796
2992,6.878898925719796
2993,6.878898925719796
2994,6.878898925719796
2995,6.878898925719796
2996,6.878898925719796
2997,6.878898925719796
2998,6.878898925719796
2999,6.878898925719796
3000,6.878898925719796
3001,6.878898925719796
3002,6.878898925719796
3003,6.878898925719796
3004,6.878898925719796
3005,6.878898925719796
3006,6.878898925719796
3007,6.878898925719796
3008,6.878898925719796
3009,6.878898925719796
3010,6.878898925719796
3011,6.878898925719796
3012,6.878898925719796
3013,6.878898925719796
3014,6.878898925719796
3015,6.878898925719796
3016,6.878898925719796
3017,6.878898925719796
3018,6.878898925719796
3019,6.878898925719796
3020,6.878898925719796
3021,6.878898925719796
3022,6.878898925719796
3023,6.878898925719796
3024,6.878898925719796
3025,6.878898925719796
3026,6.878898925719796
3027,6.878898925719796
3028,6.878898925719796
3029,6.878898925719796
3030,6.878898925719796
3031,6.878898925719796
3032,6.878898925719796
3033,6.878898925719796
3034,6.878898925719796
3035,6.878898925719796
3036,6.878898925719796
3037,6.878898925719796
3038,6.878898925719796
3039,6.878898925719796
3040,6.878898925719796
3041,6.878898925719796
3042,6.878898925719796
3043,6.878898925719796
3044,6.878898925719796
3045,6.878898925719796
3046,6.878898925719796
3047,6.878898925719796
3048,6.878898925719796
3049,6.878898925719796
3050,6.878898925719796
3051,6.878898925719796
3052,6.878898925719796
3053,6.878898925719796
3054,6.878898925719796
3055,6.878898925719796
3056,6.878898925719796
3057,6.878898925719796
3058,6.878898925719796
3059,6.878898925719796
3060,6.878898925719796
3061,6.878898925719796
3062,6.878898925719796
3063,6.878898925719796
3064,6.878898925719796
3065,6.878898925719796
3066,6.878898925719796
3067,6.878898925719796
3068,6.878898925719796
3069,6.878898925719796
3070,6.878898925719796
3071,6.878898925719796
3072,6.878898925719796
3073,6.878898925719796
3074,6.878898925719796
3075,6.878898925719796
3076,6.878898925719796
3077,6.878898925719796
3078,6.878898925719796
3079,6.878898925719796
3080,6.878898925719796
3081,6.878898925719796
3082,6.878898925719796
3083,6.878898925719796
3084,6.878898925719796
3085,6.878898925719796
3086,6.878898925719796
3087,6.878898925719796
3088,6.878898925719796
3089,6.878898925719796
3090,6.878898925719796
3091,6.878898925719796
3092,6.878898925719796
3093,6.878898925719796
3094,6.878898925719796
3095,6.878898925719796
3096,6.878898925719796
3097,6.878898925719796
3098,6.878898925719796
3099,6.878898925719796
3100,6.878898925719796
3101,6.878898925719796
3102,6.878898925719796
3103,6.878898925719796
3104,6.878898925719796
3105,6.878898925719796
3106,6.878898925719796
3107,6.878898925719796
3108,6.878898925719796
3109,6.878898925719796
3110,6.878898925719796
3111,6.878898925719796
3112,6.878898925719796
3113,6.878898925719796
3114,6.878898925719796
3115,6.878898925719796
3116,6.878898925719796
3117,6.878898925719796
3118,6.878898925719796
3119,6.878898925719796
3120,6.878898925719796
3121,6.878898925719796
3122,6.878898925719796
3123,6.878898925719796
3124,6.878898925719796
3125,6.878898925719796
3126,6.878898925719796
3127,6.878898925719796
3128,6.878898925719796
3129,6.878898925719796
3130,6.878898925719796
3131,6.878898925719796
3132,6.878898925719796
3133,6.878898925719796
3134,6.878898925719796
3135,6.878898925719796
3136,6.878898925719796
3137,6.878898925719796
3138,6.878898925719796
3139,6.878898925719796
3140,6.878898925719796
3141,6.878898925719796
3142,6.878898925719796
3143,6.878898925719796
3144,6.878898925719796
3145,6.878898925719796
3146,6.878898925719796
3147,6.791425820695541
3148,6.791425820695541
3149,6.791425820695541
3150,6.791425820695541
3151,6.791425820695541
3152,6.791425820695541
3153,6.791425820695541
3154,6.791425820695541
3155,6.791425820695541
3156,6.791425820695541
3157,6.791425820695541
3158,6.791425820695541
3159,6.791425820695541
3160,6.791425820695541
3161,6.791425820695541
3162,6.791425820695541
3163,6.791425820695541
3164,6.791425820695541
3165,6.791425820695541
3166,6.791425820695541
3167,6.791425820695541
3168,6.791425820695541
3169,6.791425820695541
3170,6.791425820695541
3171,6.791425820695541
3172,6.791425820695541
3173,6.791425820695541
3174,6.791425820695541
3175,6.791425820695541
3176,6.791425820695541
3177,6.791425820695541
3178,6.791425820695541
3179,6.791425820695541
3180,6.791425820695541
3181,6.791425820695541
3182,6.791425820695541
3183,6.791425820695541
3184,6.791425820695541
3185,6.791425820695541
3186,6.791425820695541
3187,6.791425820695541
3188,6.791425820695541
3189,6.791425820695541
3190,6.791425820695541
3191,6.791425820695541
3192,6.791425820695541
3193,6.791425820695541
3194,6.791425820695541
3195,6.791425820695541
3196,6.791425820695541
3197,6.791425820695541
3198,6.791425820695541
3199,6.791425820695541
3200,6.791425820695541
3201,6.791425820695541
3202,6.791425820695541
3203,6.791425820695541
3204,6.791425820695541
3205,6.791425820695541
3206,6.791425820695541
3207,6.791425820695541
3208,6.791425820695541
3209,6.791425820695541
3210,6.791425820695541
3211,6.791425820695541
3212,6.791425820695541
3213,6.791425820695541
3214,6.791425820695541
3215,6.791425820695541
3216,6.791425820695541
3217,6.791425820695541
3218,6.791425820695541
3219,6.791425820695541
3220,6.791425820695541
3221,6.791425820695541
3222,6.791425820695541
3223,6.791425820695541
3224,6.791425820695541
3225,6.791425820695541
3226,6.791425820695541
3227,6.791425820695541
3228,6.791425820695541
3229,6.791425820695541
3230,6.791425820695541
3231,6.791425820695541
3232,6.791425820695541
3233,6.791425820695541
3234,6.791425820695541
3235,6.791425820695541
3236,6.791425820695541
3237,6.791425820695541
3238,6.791425820695541
3239,6.791425820695541
3240,6.791425820695541
3241,6.791425820695541
3242,6.791425820695541
3243,6.791425820695541
3244,6.791425820695541
3245,6.791425820695541
3246,6.791425820695541
3247,6.791425820695541
3248,6.791425820695541
3249,6.791425820695541
3250,6.791425820695541
3251,6.791425820695541
3252,6.791425820695541
3253,6.791425820695541
3254,6.791425820695541
3255,6.791425820695541
3256,6.791425820695541
3257,6.791425820695541
3258,6.791425820695541
3259,6.791425820695541
3260,6.791425820695541
3261,6.791425820695541
3262,6.791425820695541
3263,6.791425820695541
3264,6.791425820695541
3265,6.791425820695541
3266,6.791425820695541
3267,6.791425820695541
3268,6.791425820695541
3269,6.791425820695541
3270,6.791425820695541
3271,6.791425820695541
3272,6.791425820695541
3273,6.791425820695541
3274,6.791425820695541
3275,6.791425820695541
3276,6.791425820695541
3277,6.791425820695541
3278,6.791425820695541
3279,6.791425820695541
3280,6.791425820695541
3281,6.791425820695541
3282,6.791425820695541
3283,6.791425820695541
3284,6.791425820695541
3285,6.791425820695541
3286,6.791425820695541
3287,6.791425820695541
3288,6.791425820695541
3289,6.791425820695541
3290,6.791425820695541
3291,6.791425820695541
3292,6.791425820695541
3293,6.791425820695541
3294,6.791425820695541
3295,6.791425820695541
3296,6.791425820695541
3297,6.791425820695541
3298,6.791425820695541
3299,6.791425820695541
3300,6.791425820695541
3301,6.791425820695541
3302,6.791425820695541
3303,6.791425820695541
3304,6.791425820695541
3305,6.791425820695541
3306,6.791425820695541
3307,6.791425820695541
3308,6.791425820695541
3309,6.791425820695541
3310,6.791425820695541
3311,6.791425820695541
3312,6.791425820695541
3313,6.791425820695541
3314,6.791425820695541
3315,6.791425820695541
3316,6.791425820695541
3317,6.791425820695541
3318,6.791425820695541
3319,6.791425820695541
3320,6.791425820695541
3321,6.791425820695541
3322,6.791425820695541
3323,6.791425820695541
3324,6.791425820695541
3325,6.791425820695541
3326,6.791425820695541
3327,6.791425820695541
3328,6.791425820695541
3329,6.791425820695541
3330,6.791425820695541
3331,6.791425820695541
3332,6.791425820695541
3333,6.791425820695541
3334,6.791425820695541
3335,6.791425820695541
3336,6.791425820695541
3337,6.791425820695541
3338,6.791425820695541
3339,6.791425820695541
3340,6.791425820695541
3341,6.791425820695541
3342,6.791425820695541
3343,6.791425820695541
3344,6.791425820695541
3345,6.791425820695541
3346,6.791425820695541
3347,6.791425820695541
3348,6.791425820695541
3349,6.791425820695541
3350,6.791425820695541
3351,6.791425820695541
3352,6.791425820695541
3353,6.791425820695541
3354,6.791425820695541
3355,6.791425820695541
3356,6.791425820695541
3357,6.791425820695541
3358,6.791425820695541
3359,6.791425820695541
3360,6.791425820695541
3361,6.791425820695541
3362,6.791425820695541
3363,6.791425820695541
3364,6.791425820695541
3365,6.791425820695541
3366,6.791425820695541
3367,6.791425820695541
3368,6.791425820695541
3369,6.791425820695541
3370,6.791425820695541
3371,6.791425820695541
3372,6.791425820695541
3373,6.791425820695541
3374,6.791425820695541
3375,6.791425820695541
3376,6.791425820695541
3377,6.791425820695541
3378,6.791425820695541
3379,6.791425820695541
3380,6.791425820695541
3381,6.791425820695541
3382,6.791425820695541
3383,6.791425820695541
3384,6.791425820695541
3385,6.791425820695541
3386,6.791425820695541
3387,6.791425820695541
3388,6.791425820695541
3389,6.791425820695541
3390,6.791425820695541
3391,6.791425820695541
3392,6.791425820695541
3393,6.791425820695541
3394,6.791425820695541
3395,6.791425820695541
3396,6.791425820695541
3397,6.791425820695541
3398,6.791425820695541
3399,6.791425820695541
3400,6.791425820695541
3401,6.791425820695541
3402,6.791425820695541
3403,6.791425820695541
3404,6.791425820695541
3405,6.791425820695541
3406,6.791425820695541
3407,6.791425820695541
3408,6.791425820695541
3409,6.791425820695541
3410,6.791425820695541
3411,6.791425820695541
3412,6.791425820695541
3413,6.791425820695541
3414,6.791425820695541
3415,6.791425820695541
3416,6.791425820695541
3417,6.791425820695541
3418,6.791425820695541
3419,6.791425820695541
3420,6.791425820695541
3421,6.791425820695541
3422,6.791425820695541
3423,6.791425820695541
3424,6.791425820695541
3425,6.791425820695541
3426,6.791425820695541
3427,6.791425820695541
3428,6.791425820695541
3429,6.791425820695541
3430,6.791425820695541
3431,6.791425820695541
3432,6.791425820695541
3433,6.791425820695541
3434,6.791425820695541
3435,6.791425820695541
3436,6.791425820695541
3437,6.791425820695541
3438,6.791425820695541
3439,6.791425820695541
3440,6.791425820695541
3441,6.791425820695541
3442,6.791425820695541
3443,6.791425820695541
3444,6.791425820695541
3445,6.791425820695541
3446,6.791425820695541
3447,6.791425820695541
3448,6.791425820695541
3449,6.791425820695541
3450,6.791425820695541
3451,6.791425820695541
3452,6.791425820695541
3453,6.791425820695541
3454,6.791425820695541
3455,6.791425820695541
3456,6.791425820695541
3457,6.791425820695541
3458,6.791425820695541
3459,6.791425820695541
3460,6.791425820695541
3461,6.791425820695541
3462,6.791425820695541
3463,6.791425820695541
3464,6.791425820695541
3465,6.791425820695541
3466,6.791425820695541
3467,6.791425820695541
3468,6.791425820695541
3469,6.791425820695541
3470,6.791425820695541
3471,6.791425820695541
3472,6.791425820695541
3473,6.791425820695541
3474,6.791425820695541
3475,6.791425820695541
3476,6.791425820695541
3477,6.791425820695541
3478,6.791425820695541
3479,6.791425820695541
3480,6.791425820695541
3481,6.791425820695541
3482,6.791425820695541
3483,6.791425820695541
3484,6.791425820695541
3485,6.791425820695541
3486,6.791425820695541
3487,6.791425820695541
3488,6.791425820695541
3489,6.791425820695541
3490,6.791425820695541
3491,6.791425820695541
3492,6.791425820695541
3493,6.791425820695541
3494,6.791425820695541
3495,6.791425820695541
3496,6.791425820695541
3497,6.791425820695541
3498,6.791425820695541
3499,6.791425820695541
3500,6.791425820695541
3501,6.791425820695541
3502,6.791425820695541
3503,6.791425820695541
3504,6.791425820695541
3505,6.791425820695541
3506,6.791425820695541
3507,6.791425820695541
3508,6.791425820695541
3509,6.791425820695541
3510,6.791425820695541
3511,6.791425820695541
3512,6.791425820695541
3513,6.791425820695541
3514,6.791425820695541
3515,6.791425820695541
3516,6.791425820695541
3517,6.791425820695541
3518,6.791425820695541
3519,6.791425820695541
3520,6.791425820695541
3521,6.791425820695541
3522,6.791425820695541
3523,6.791425820695541
3524,6.791425820695541
3525,6.791425820695541
3526,6.791425820695541
3527,6.791425820695541
3528,6.791425820695541
3529,6.791425820695541
3530,6.791425820695541
3531,6.791425820695541
3532,6.791425820695541
3533,6.791425820695541
3534,6.791425820695541
3535,6.791425820695541
3536,6.791425820695541
3537,6.791425820695541
3538,6.791425820695541
3539,6.791425820695541
3540,6.791425820695541
3541,6.791425820695541
3542,6.791425820695541
3543,6.791425820695541
3544,6.791425820695541
3545,6.791425820695541
3546,6.791425820695541
3547,6.791425820695541
3548,6.791425820695541
3549,6.791425820695541
3550,6.791425820695541
3551,6.791425820695541
3552,6.791425820695541
3553,6.791425820695541
3554,6.791425820695541
3555,6.791425820695541
3556,6.791425820695541
3557,6.791425820695541
3558,6.791425820695541
3559,6.791425820695541
3560,6.791425820695541
3561,6.791425820695541
3562,6.791425820695541
3563,6.791425820695541
3564,6.791425820695541
3565,6.791425820695541
3566,6.791425820695541
3567,6.791425820695541
3568,6.791425820695541
3569,6.791425820695541
3570,6.791425820695541
3571,6.791425820695541
3572,6.791425820695541
3573,6.791425820695541
3574,6.791425820695541
3575,6.791425820695541
3576,6.791425820695541
3577,6.791425820695541
3578,6.791425820695541
3579,6.791425820695541
3580,6.791425820695541
3581,6.791425820695541
3582,6.791425820695541
3583,6.791425820695541
3584,6.791425820695541
3585,6.791425820695541
3586,6.791425820695541
3587,6.791425820695541
3588,6.791425820695541
3589,6.791425820695541
3590,6.791425820695541
3591,6.791425820695541
3592,6.791425820695541
3593,6.791425820695541
3594,6.791425820695541
3595,6.791425820695541
3596,6.791425820695541
3597,6.791425820695541
3598,6.791425820695541
3599,6.791425820695541
3600,6.791425820695541
3601,6.791425820695541
3602,6.791425820695541
3603,6.791425820695541
3604,6.791425820695541
3605,6.791425820695541
3606,6.791425820695541
3607,6.791425820695541
3608,6.791425820695541
3609,6.791425820695541
3610,6.791425820695541
3611,6.791425820695541
3612,6.791425820695541
3613,6.791425820695541
3614,6.791425820695541
3615,6.791425820695541
3616,6.791425820695541
3617,6.791425820695541
3618,6.791425820695541
3619,6.791425820695541
3620,6.791425820695541
3621,6.791425820695541
3622,6.791425820695541
3623,6.791425820695541
3624,6.791425820695541
3625,6.791425820695541
3626,6.791425820695541
3627,6.791425820695541
3628,6.791425820695541
3629,6.791425820695541
3630,6.791425820695541
3631,6.791425820695541
3632,6.791425820695541
3633,6.791425820695541
3634,6.791425820695541
3635,6.791425820695541
3636,6.791425820695541
3637,6.791425820695541
3638,6.791425820695541
3639,6.791425820695541
3640,6.791425820695541
3641,6.791425820695541
3642,6.791425820695541
3643,6.791425820695541
3644,6.791425820695541
3645,6.791425820695541
3646,6.791425820695541
3647,6.791425820695541
3648,6.791425820695541
3649,6.791425820695541
3650,6.791425820695541
3651,6.791425820695541
3652,6.791425820695541
3653,6.791425820695541
3654,6.791425820695541
3655,6.791425820695541
3656,6.791425820695541
3657,6.791425820695541
3658,6.791425820695541
3659,6.791425820695541
3660,6.791425820695541
3661,6.791425820695541
3662,6.791425820695541
3663,6.791425820695541
3664,6.791425820695541
3665,6.791425820695541
3666,6.791425820695541
3667,6.791425820695541
3668,6.791425820695541
3669,6.791425820695541
3670,6.791425820695541
3671,6.791425820695541
3672,6.791425820695541
3673,6.791425820695541
3674,6.791425820695541
3675,6.791425820695541
3676,6.791425820695541
3677,6.791425820695541
3678,6.791425820695541
3679,6.791425820695541
3680,6.791425820695541
3681,6.791425820695541
3682,6.791425820695541
3683,6.791425820695541
3684,6.791425820695541
3685,6.791425820695541
3686,6.791425820695541
3687,6.791425820695541
3688,6.791425820695541
3689,6.791425820695541
3690,6.791425820695541
3691,6.791425820695541
3692,6.791425820695541
3693,6.791425820695541
3694,6.791425820695541
3695,6.791425820695541
3696,6.791425820695541
3697,6.791425820695541
3698,6.791425820695541
3699,6.791425820695541
3700,6.791425820695541
3701,6.791425820695541
3702,6.791425820695541
3703,6.791425820695541
3704,6.791425820695541
3705,6.791425820695541
3706,6.791425820695541
3707,6.791425820695541
3708,6.791425820695541
3709,6.791425820695541
3710,6.791425820695541
3711,6.791425820695541
3712,6.791425820695541
3713,6.791425820695541
3714,6.791425820695541
3715,6.791425820695541
3716,6.791425820695541
3717,6.791425820695541
3718,6.791425820695541
3719,6.791425820695541
3720,6.791425820695541
3721,6.791425820695541
3722,6.791425820695541
3723,6.791425820695541
3724,6.791425820695541
3725,6.791425820695541
3726,6.791425820695541
3727,6.791425820695541
3728,6.791425820695541
3729,6.791425820695541
3730,6.791425820695541
3731,6.791425820695541
3732,6.791425820695541
3733,6.791425820695541
3734,6.791425820695541
3735,6.791425820695541
3736,6.791425820695541
3737,6.791425820695541
3738,6.791425820695541
3739,6.791425820695541
3740,6.791425820695541
3741,6.791425820695541
3742,6.791425820695541
3743,6.791425820695541
3744,6.791425820695541
3745,6.791425820695541
3746,6.791425820695541
3747,6.791425820695541
3748,6.791425820695541
3749,6.791425820695541
3750,6.791425820695541
3751,6.791425820695541
3752,6.791425820695541
3753,6.791425820695541
3754,6.791425820695541
3755,6.791425820695541
3756,6.791425820695541
3757,6.791425820695541
3758,6.791425820695541
3759,6.791425820695541
3760,6.791425820695541
3761,6.791425820695541
3762,6.791425820695541
3763,6.791425820695541
3764,6.791425820695541
3765,6.791425820695541
3766,6.791425820695541
3767,6.791425820695541
3768,6.791425820695541
3769,6.791425820695541
3770,6.791425820695541
3771,6.791425820695541
3772,6.791425820695541
3773,6.791425820695541
3774,6.791425820695541
3775,6.791425820695541
3776,6.791425820695541
3777,6.791425820695541
3778,6.791425820695541
3779,6.791425820695541
3780,6.791425820695541
3781,6.791425820695541
3782,6.791425820695541
3783,6.791425820695541
3784,6.791425820695541
3785,6.791425820695541
3786,6.791425820695541
3787,6.791425820695541
3788,6.791425820695541
3789,6.791425820695541
3790,6.791425820695541
3791,6.791425820695541
3792,6.791425820695541
3793,6.791425820695541
3794,6.791425820695541
3795,6.791425820695541
3796,6.791425820695541
3797,6.791425820695541
3798,6.791425820695541
3799,6.791425820695541
3800,6.791425820695541
3801,6.791425820695541
3802,6.791425820695541
3803,6.791425820695541
3804,6.791425820695541
3805,6.791425820695541
3806,6.791425820695541
3807,6.791425820695541
3808,6.791425820695541
3809,6.791425820695541
3810,6.791425820695541
3811,6.791425820695541
3812,6.791425820695541
3813,6.791425820695541
3814,6.791425820695541
3815,6.791425820695541
3816,6.791425820695541
3817,6.791425820695541
3818,6.791425820695541
3819,6.791425820695541
3820,6.791425820695541
3821,6.791425820695541
3822,6.791425820695541
3823,6.791425820695541
3824,6.791425820695541
3825,6.791425820695541
3826,6.791425820695541
3827,6.791425820695541
3828,6.791425820695541
3829,6.791425820695541
3830,6.791425820695541
3831,6.791425820695541
3832,6.791425820695541
3833,6.791425820695541
3834,6.791425820695541
3835,6.791425820695541
3836,6.791425820695541
3837,6.791425820695541
3838,6.791425820695541
3839,6.791425820695541
3840,6.791425820695541
3841,6.791425820695541
3842,6.791425820695541
3843,6.791425820695541
3844,6.791425820695541
3845,6.791425820695541
3846,6.791425820695541
3847,6.791425820695541
3848,6.791425820695541
3849,6.791425820695541
3850,6.791425820695541
3851,6.791425820695541
3852,6.791425820695541
3853,6.791425820695541
3854,6.791425820695541
3855,6.791425820695541
3856,6.791425820695541
3857,6.791425820695541
3858,6.791425820695541
3859,6.791425820695541
3860,6.791425820695541
3861,6.791425820695541
3862,6.791425820695541
3863,6.791425820695541
3864,6.791425820695541
3865,6.791425820695541
3866,6.791425820695541
3867,6.791425820695541
3868,6.791425820695541
3869,6.791425820695541
3870,6.791425820695541
3871,6.791425820695541
3872,6.791425820695541
3873,6.791425820695541
3874,6.791425820695541
3875,6.791425820695541
3876,6.791425820695541
3877,6.791425820695541
3878,6.791425820695541
3879,6.791425820695541
3880,6.791425820695541
3881,6.791425820695541
3882,6.791425820695541
3883,6.791425820695541
3884,6.791425820695541
3885,6.791425820695541
3886,6.791425820695541
3887,6.791425820695541
3888,6.791425820695541
3889,6.791425820695541
3890,6.791425820695541
3891,6.791425820695541
3892,6.791425820695541
3893,6.791425820695541
3894,6.791425820695541
3895,6.791425820695541
3896,6.791425820695541
3897,6.791425820695541
3898,6.791425820695541
3899,6.791425820695541
3900,6.791425820695541
3901,6.791425820695541
3902,6.791425820695541
3903,6.791425820695541
3904,6.791425820695541
3905,6.791425820695541
3906,6.791425820695541
3907,6.791425820695541
3908,6.791425820695541
3909,6.791425820695541
3910,6.791425820695541
3911,6.791425820695541
3912,6.791425820695541
3913,6.791425820695541
3914,6.791425820695541
3915,6.791425820695541
3916,6.791425820695541
3917,6.791425820695541
3918,6.791425820695541
3919,6.791425820695541
3920,6.791425820695541
3921,6.791425820695541
3922,6.791425820695541
3923,6.791425820695541
3924,6.791425820695541
3925,6.791425820695541
3926,6.791425820695541
3927,6.791425820695541
3928,6.791425820695541
3929,6.791425820695541
3930,6.791425820695541
3931,6.791425820695541
3932,6.791425820695541
3933,6.791425820695541
3934,6.791425820695541
3935,6.791425820695541
3936,6.791425820695541
3937,6.791425820695541
3938,6.791425820695541
3939,6.791425820695541
3940,6.791425820695541
3941,6.791425820695541
3942,6.791425820695541
3943,6.791425820695541
3944,6.791425820695541
3945,6.791425820695541
3946,6.791425820695541
3947,6.791425820695541
3948,6.791425820695541
3949,6.791425820695541
3950,6.791425820695541
3951,6.791425820695541
3952,6.791425820695541
3953,6.791425820695541
3954,6.791425820695541
3955,6.791425820695541
3956,6.791425820695541
3957,6.791425820695541
3958,6.791425820695541
3959,6.791425820695541
3960,6.791425820695541
3961,6.791425820695541
3962,6.791425820695541
3963,6.791425820695541
3964,6.791425820695541
3965,6.791425820695541
3966,6.791425820695541
3967,6.791425820695541
3968,6.791425820695541
3969,6.791425820695541
3970,6.791425820695541
3971,6.791425820695541
3972,6.791425820695541
3973,6.791425820695541
3974,6.791425820695541
3975,6.791425820695541
3976,6.791425820695541
3977,6.791425820695541
3978,6.791425820695541
3979,6.791425820695541
3980,6.791425820695541
3981,6.791425820695541
3982,6.791425820695541
3983,6.791425820695541
3984,6.791425820695541
3985,6.791425820695541
3986,6.791425820695541
3987,6.791425820695541
3988,6.791425820695541
3989,6.791425820695541
3990,6.791425820695541
3991,6.791425820695541
3992,6.791425820695541
3993,6.791425820695541
3994,6.791425820695541
3995,6.791425820695541
3996,6.791425820695541
3997,6.791425820695541
3998,6.791425820695541
3999,6.791425820695541
4000,6.791425820695541
4001,6.791425820695541
4002,6.791425820695541
4003,6.791425820695541
4004,6.791425820695541
4005,6.791425820695541
4006,6.791425820695541
4007,6.791425820695541
4008,6.791425820695541
4009,6.791425820695541
4010,6.791425820695541
4011,6.791425820695541
4012,6.791425820695541
4013,6.791425820695541
4014,6.791425820695541
4015,6.791425820695541
4016,6.791425820695541
4017,6.791425820695541
4018,6.791425820695541
4019,6.791425820695541
4020,6.791425820695541
4021,6.791425820695541
4022,6.791425820695541
4023,6.791425820695541
4024,6.791425820695541
4025,6.791425820695541
4026,6.791425820695541
4027,6.791425820695541
4028,6.791425820695541
4029,6.791425820695541
4030,6.791425820695541
4031,6.791425820695541
4032,6.791425820695541
4033,6.791425820695541
4034,6.791425820695541
4035,6.791425820695541
4036,6.791425820695541
4037,6.791425820695541
4038,6.791425820695541
4039,6.791425820695541
4040,6.791425820695541
4041,6.791425820695541
4042,6.791425820695541
4043,6.791425820695541
4044,6.791425820695541
4045,6.791425820695541
4046,6.791425820695541
4047,6.791425820695541
4048,6.791425820695541
4049,6.791425820695541
4050,6.791425820695541
4051,6.791425820695541
4052,6.791425820695541
4053,6.791425820695541
4054,6.791425820695541
4055,6.791425820695541
4056,6.791425820695541
4057,6.791425820695541
4058,6.791425820695541
4059,6.791425820695541
4060,6.791425820695541
4061,6.791425820695541
4062,6.791425820695541
4063,6.791425820695541
4064,6.791425820695541
4065,6.791425820695541
4066,6.791425820695541
4067,6.791425820695541
4068,6.791425820695541
4069,6.791425820695541
4070,6.791425820695541
4071,6.791425820695541
4072,6.791425820695541
4073,6.791425820695541
4074,6.791425820695541
4075,6.791425820695541
4076,6.791425820695541
4077,6.791425820695541
4078,6.791425820695541
4079,6.791425820695541
4080,6.791425820695541
4081,6.791425820695541
4082,6.791425820695541
4083,6.791425820695541
4084,6.791425820695541
4085,6.791425820695541
4086,6.791425820695541
4087,6.791425820695541
4088,6.791425820695541
4089,6.791425820695541
4090,6.791425820695541
4091,6.791425820695541
4092,6.791425820695541
4093,6.791425820695541
4094,6.791425820695541
4095,6.791425820695541
4096,6.791425820695541
4097,6.791425820695541
4098,6.791425820695541
4099,6.791425820695541
4100,6.791425820695541
4101,6.791425820695541
4102,6.791425820695541
4103,6.791425820695541
4104,6.791425820695541
4105,6.791425820695541
4106,6.791425820695541
4107,6.791425820695541
4108,6.791425820695541
4109,6.791425820695541
4110,6.791425820695541
4111,6.791425820695541
4112,6.791425820695541
4113,6.791425820695541
4114,6.791425820695541
4115,6.791425820695541
4116,6.791425820695541
4117,6.791425820695541
4118,6.791425820695541
4119,6.791425820695541
4120,6.791425820695541
4121,6.791425820695541
4122,6.791425820695541
4123,6.791425820695541
4124,6.791425820695541
4125,6.791425820695541
4126,6.791425820695541
4127,6.791425820695541
4128,6.791425820695541
4129,6.791425820695541
4130,6.791425820695541
4131,6.791425820695541
4132,6.791425820695541
4133,6.791425820695541
4134,6.791425820695541
4135,6.791425820695541
4136,6.791425820695541
4137,6.791425820695541
4138,6.791425820695541
4139,6.791425820695541
4140,6.791425820695541
4141,6.791425820695541
4142,6.791425820695541
4143,6.791425820695541
4144,6.791425820695541
4145,6.791425820695541
4146,6.791425820695541
4147,6.791425820695541
4148,6.791425820695541
4149,6.791425820695541
4150,6.791425820695541
4151,6.791425820695541
4152,6.791425820695541
4153,6.791425820695541
4154,6.791425820695541
4155,6.791425820695541
4156,6.791425820695541
4157,6.791425820695541
4158,6.791425820695541
4159,6.791425820695541
4160,6.791425820695541
4161,6.791425820695541
4162,6.791425820695541
4163,6.791425820695541
4164,6.791425820695541
4165,6.791425820695541
4166,6.791425820695541
4167,6.791425820695541
4168,6.791425820695541
4169,6.791425820695541
4170,6.791425820695541
4171,6.791425820695541
4172,6.791425820695541
4173,6.791425820695541
4174,6.791425820695541
4175,6.791425820695541
4176,6.791425820695541
4177,6.791425820695541
4178,6.791425820695541
4179,6.791425820695541
4180,6.791425820695541
4181,6.791425820695541
4182,6.791425820695541
4183,6.791425820695541
4184,6.791425820695541
4185,6.791425820695541
4186,6.791425820695541
4187,6.791425820695541
4188,6.791425820695541
4189,6.791425820695541
4190,6.791425820695541
4191,6.791425820695541
4192,6.791425820695541
4193,6.791425820695541
4194,6.791425820695541
4195,6.791425820695541
4196,6.791425820695541
4197,6.791425820695541
4198,6.791425820695541
4199,6.791425820695541
4200,6.791425820695541
4201,6.791425820695541
4202,6.791425820695541
4203,6.791425820695541
4204,6.791425820695541
4205,6.791425820695541
4206,6.791425820695541
4207,6.791425820695541
4208,6.791425820695541
4209,6.791425820695541
4210,6.791425820695541
4211,6.791425820695541
4212,6.791425820695541
4213,6.791425820695541
4214,6.791425820695541
4215,6.791425820695541
4216,6.791425820695541
4217,6.791425820695541
4218,6.791425820695541
4219,6.791425820695541
4220,6.791425820695541
4221,6.791425820695541
4222,6.791425820695541
4223,6.791425820695541
4224,6.791425820695541
4225,6.791425820695541
4226,6.791425820695541
4227,6.791425820695541
4228,6.791425820695541
4229,6.791425820695541
4230,6.791425820695541
4231,6.791425820695541
4232,6.791425820695541
4233,6.791425820695541
4234,6.791425820695541
4235,6.791425820695541
4236,6.791425820695541
4237,6.791425820695541
4238,6.791425820695541
4239,6.791425820695541
4240,6.791425820695541
4241,6.791425820695541
4242,6.791425820695541
4243,6.791425820695541
4244,6.791425820695541
4245,6.791425820695541
4246,6.791425820695541
4247,6.791425820695541
4248,6.791425820695541
4249,6.791425820695541
4250,6.791425820695541
4251,6.791425820695541
4252,6.791425820695541
4253,6.791425820695541
4254,6.791425820695541
4255,6.791425820695541
4256,6.791425820695541
4257,6.791425820695541
4258,6.791425820695541
4259,6.791425820695541
4260,6.791425820695541
4261,6.791425820695541
4262,6.791425820695541
4263,6.791425820695541
4264,6.791425820695541
4265,6.791425820695541
4266,6.791425820695541
4267,6.791425820695541
4268,6.791425820695541
4269,6.791425820695541
4270,6.791425820695541
4271,6.791425820695541
4272,6.791425820695541
4273,6.791425820695541
4274,6.791425820695541
4275,6.791425820695541
4276,6.791425820695541
4277,6.791425820695541
4278,6.791425820695541
4279,6.791425820695541
4280,6.791425820695541
4281,6.791425820695541
4282,6.791425820695541
4283,6.791425820695541
4284,6.791425820695541
4285,6.791425820695541
4286,6.791425820695541
4287,6.791425820695541
4288,6.791425820695541
4289,6.791425820695541
4290,6.791425820695541
4291,6.791425820695541
4292,6.791425820695541
4293,6.791425820695541
4294,6.791425820695541
4295,6.791425820695541
4296,6.791425820695541
4297,6.791425820695541
4298,6.791425820695541
4299,6.791425820695541
4300,6.791425820695541
4301,6.791425820695541
4302,6.791425820695541
4303,6.791425820695541
4304,6.791425820695541
4305,6.791425820695541
4306,6.791425820695541
4307,6.791425820695541
4308,6.791425820695541
4309,6.791425820695541
4310,6.791425820695541
4311,6.791425820695541
4312,6.791425820695541
4313,6.791425820695541
4314,6.791425820695541
4315,6.791425820695541
4316,6.791425820695541
4317,6.791425820695541
4318,6.791425820695541
4319,6.791425820695541
4320,6.791425820695541
4321,6.791425820695541
4322,6.791425820695541
4323,6.791425820695541
4324,6.791425820695541
4325,6.791425820695541
4326,6.791425820695541
4327,6.791425820695541
4328,6.791425820695541
4329,6.791425820695541
4330,6.791425820695541
4331,6.791425820695541
4332,6.791425820695541
4333,6.791425820695541
4334,6.791425820695541
4335,6.791425820695541
4336,6.791425820695541
4337,6.791425820695541
4338,6.791425820695541
4339,6.791425820695541
4340,6.791425820695541
4341,6.791425820695541
4342,6.791425820695541
4343,6.791425820695541
4344,6.791425820695541
4345,6.791425820695541
4346,6.791425820695541
4347,6.791425820695541
4348,6.791425820695541
4349,6.791425820695541
4350,6.791425820695541
4351,6.791425820695541
4352,6.791425820695541
4353,6.791425820695541
4354,6.791425820695541
4355,6.791425820695541
4356,6.791425820695541
4357,6.791425820695541
4358,6.791425820695541
4359,6.791425820695541
4360,6.791425820695541
4361,6.791425820695541
4362,6.791425820695541
4363,6.791425820695541
4364,6.791425820695541
4365,6.791425820695541
4366,6.791425820695541
4367,6.791425820695541
4368,6.791425820695541
4369,6.791425820695541
4370,6.791425820695541
4371,6.791425820695541
4372,6.791425820695541
4373,6.791425820695541
4374,6.791425820695541
4375,6.791425820695541
4376,6.791425820695541
4377,6.791425820695541
4378,6.791425820695541
4379,6.791425820695541
4380,6.791425820695541
4381,6.791425820695541
4382,6.791425820695541
4383,6.791425820695541
4384,6.791425820695541
4385,6.791425820695541
4386,6.791425820695541
4387,6.791425820695541
4388,6.791425820695541
4389,6.791425820695541
4390,6.791425820695541
4391,6.791425820695541
4392,6.791425820695541
4393,6.791425820695541
4394,6.791425820695541
4395,6.791425820695541
4396,6.791425820695541
4397,6.791425820695541
4398,6.791425820695541
4399,6.791425820695541
4400,6.791425820695541
4401,6.791425820695541
4402,6.791425820695541
4403,6.791425820695541
4404,6.791425820695541
4405,6.791425820695541
4406,6.791425820695541
4407,6.791425820695541
4408,6.791425820695541
4409,6.791425820695541
4410,6.791425820695541
4411,6.791425820695541
4412,6.791425820695541
4413,6.791425820695541
4414,6.791425820695541
4415,6.791425820695541
4416,6.791425820695541
4417,6.791425820695541
4418,6.791425820695541
4419,6.791425820695541
4420,6.791425820695541
4421,6.791425820695541
4422,6.791425820695541
4423,6.791425820695541
4424,6.791425820695541
4425,6.791425820695541
4426,6.791425820695541
4427,6.791425820695541
4428,6.791425820695541
4429,6.791425820695541
4430,6.791425820695541
4431,6.791425820695541
4432,6.791425820695541
4433,6.791425820695541
4434,6.791425820695541
4435,6.791425820695541
4436,6.791425820695541
4437,6.791425820695541
4438,6.791425820695541
4439,6.791425820695541
4440,6.791425820695541
4441,6.791425820695541
4442,6.791425820695541
4443,6.791425820695541
4444,6.791425820695541
4445,6.791425820695541
4446,6.791425820695541
4447,6.791425820695541
4448,6.791425820695541
4449,6.791425820695541
4450,6.791425820695541
4451,6.791425820695541
4452,6.791425820695541
4453,6.791425820695541
4454,6.791425820695541
4455,6.791425820695541
4456,6.791425820695541
4457,6.791425820695541
4458,6.791425820695541
4459,6.791425820695541
4460,6.791425820695541
4461,6.791425820695541
4462,6.791425820695541
4463,6.791425820695541
4464,6.791425820695541
4465,6.791425820695541
4466,6.791425820695541
4467,6.791425820695541
4468,6.791425820695541
4469,6.791425820695541
4470,6.791425820695541
4471,6.791425820695541
4472,6.791425820695541
4473,6.791425820695541
4474,6.791425820695541
4475,6.791425820695541
4476,6.791425820695541
4477,6.791425820695541
4478,6.791425820695541
4479,6.791425820695541
4480,6.791425820695541
4481,6.791425820695541
4482,6.791425820695541
4483,6.791425820695541
4484,6.791425820695541
4485,6.791425820695541
4486,6.791425820695541
4487,6.791425820695541
4488,6.791425820695541
4489,6.791425820695541
4490,6.791425820695541
4491,6.791425820695541
4492,6.791425820695541
4493,6.791425820695541
4494,6.791425820695541
4495,6.791425820695541
4496,6.791425820695541
4497,6.791425820695541
4498,6.791425820695541
4499,6.791425820695541
4500,6.791425820695541
4501,6.791425820695541
4502,6.791425820695541
4503,6.791425820695541
4504,6.791425820695541
4505,6.791425820695541
4506,6.791425820695541
4507,6.791425820695541
4508,6.791425820695541
4509,6.791425820695541
4510,6.791425820695541
4511,6.791425820695541
4512,6.791425820695541
4513,6.791425820695541
4514,6.791425820695541
4515,6.791425820695541
4516,6.791425820695541
4517,6.791425820695541
4518,6.791425820695541
4519,6.791425820695541
4520,6.791425820695541
4521,6.791425820695541
4522,6.791425820695541
4523,6.791425820695541
4524,6.791425820695541
4525,6.791425820695541
4526,6.791425820695541
4527,6.791425820695541
4528,6.791425820695541
4529,6.791425820695541
4530,6.791425820695541
4531,6.791425820695541
4532,6.791425820695541
4533,6.791425820695541
4534,6.791425820695541
4535,6.791425820695541
4536,6.791425820695541
4537,6.791425820695541
4538,6.791425820695541
4539,6.791425820695541
4540,6.791425820695541
4541,6.791425820695541
4542,6.791425820695541
4543,6.791425820695541
4544,6.791425820695541
4545,6.791425820695541
4546,6.791425820695541
4547,6.791425820695541
4548,6.791425820695541
4549,6.791425820695541
4550,6.791425820695541
4551,6.791425820695541
4552,6.791425820695541
4553,6.791425820695541
4554,6.791425820695541
4555,6.791425820695541
4556,6.791425820695541
4557,6.791425820695541
4558,6.791425820695541
4559,6.791425820695541
4560,6.791425820695541
4561,6.791425820695541
4562,6.791425820695541
4563,6.791425820695541
4564,6.791425820695541
4565,6.791425820695541
4566,6.791425820695541
4567,6.791425820695541
4568,6.791425820695541
4569,6.791425820695541
4570,6.791425820695541
4571,6.791425820695541
4572,6.791425820695541
4573,6.791425820695541
4574,6.791425820695541
4575,6.791425820695541
4576,6.791425820695541
4577,6.791425820695541
4578,6.791425820695541
4579,6.791425820695541
4580,6.791425820695541
4581,6.791425820695541
4582,6.791425820695541
4583,6.791425820695541
4584,6.791425820695541
4585,6.791425820695541
4586,6.791425820695541
4587,6.791425820695541
4588,6.791425820695541
4589,6.791425820695541
4590,6.791425820695541
4591,6.791425820695541
4592,6.791425820695541
4593,6.791425820695541
4594,6.791425820695541
4595,6.791425820695541
4596,6.791425820695541
4597,6.791425820695541
4598,6.791425820695541
4599,6.791425820695541
4600,6.791425820695541
4601,6.791425820695541
4602,6.791425820695541
4603,6.791425820695541
4604,6.791425820695541
4605,6.791425820695541
4606,6.791425820695541
4607,6.791425820695541
4608,6.791425820695541
4609,6.791425820695541
4610,6.791425820695541
4611,6.791425820695541
4612,6.791425820695541
4613,6.791425820695541
4614,6.791425820695541
4615,6.791425820695541
4616,6.791425820695541
4617,6.791425820695541
4618,6.791425820695541
4619,6.791425820695541
4620,6.791425820695541
4621,6.791425820695541
4622,6.791425820695541
4623,6.791425820695541
4624,6.791425820695541
4625,6.791425820695541
4626,6.791425820695541
4627,6.791425820695541
4628,6.791425820695541
4629,6.791425820695541
4630,6.791425820695541
4631,6.791425820695541
4632,6.791425820695541
4633,6.791425820695541
4634,6.791425820695541
4635,6.791425820695541
4636,6.791425820695541
4637,6.791425820695541
4638,6.791425820695541
4639,6.791425820695541
4640,6.791425820695541
4641,6.791425820695541
4642,6.791425820695541
4643,6.791425820695541
4644,6.791425820695541
4645,6.791425820695541
4646,6.791425820695541
4647,6.791425820695541
4648,6.791425820695541
4649,6.791425820695541
4650,6.791425820695541
4651,6.791425820695541
4652,6.791425820695541
4653,6.791425820695541
4654,6.791425820695541
4655,6.791425820695541
4656,6.791425820695541
4657,6.791425820695541
4658,6.791425820695541
4659,6.791425820695541
4660,6.791425820695541
4661,6.791425820695541
4662,6.791425820695541
4663,6.791425820695541
4664,6.791425820695541
4665,6.791425820695541
4666,6.791425820695541
4667,6.791425820695541
4668,6.791425820695541
4669,6.791425820695541
4670,6.791425820695541
4671,6.791425820695541
4672,6.791425820695541
4673,6.791425820695541
4674,6.791425820695541
4675,6.791425820695541
4676,6.791425820695541
4677,6.791425820695541
4678,6.791425820695541
4679,6.791425820695541
4680,6.791425820695541
4681,6.791425820695541
4682,6.791425820695541
4683,6.791425820695541
4684,6.791425820695541
4685,6.791425820695541
4686,6.791425820695541
4687,6.791425820695541
4688,6.791425820695541
4689,6.791425820695541
4690,6.791425820695541
4691,6.791425820695541
4692,6.791425820695541
4693,6.791425820695541
4694,6.791425820695541
4695,6.791425820695541
4696,6.791425820695541
4697,6.791425820695541
4698,6.791425820695541
4699,6.791425820695541
4700,6.791425820695541
4701,6.791425820695541
4702,6.791425820695541
4703,6.791425820695541
4704,6.791425820695541
4705,6.791425820695541
4706,6.791425820695541
4707,6.791425820695541
4708,6.791425820695541
4709,6.791425820695541
4710,6.791425820695541
4711,6.791425820695541
4712,6.791425820695541
4713,6.791425820695541
4714,6.791425820695541
4715,6.791425820695541
4716,6.791425820695541
4717,6.791425820695541
4718,6.791425820695541
4719,6.791425820695541
4720,6.791425820695541
4721,6.791425820695541
4722,6.791425820695541
4723,6.791425820695541
4724,6.791425820695541
4725,6.791425820695541
4726,6.791425820695541
4727,6.791425820695541
4728,6.791425820695541
4729,6.791425820695541
4730,6.791425820695541
4731,6.791425820695541
4732,6.791425820695541
4733,6.791425820695541
4734,6.791425820695541
4735,6.791425820695541
4736,6.791425820695541
4737,6.791425820695541
4738,6.791425820695541
4739,6.791425820695541
4740,6.791425820695541
4741,6.791425820695541
4742,6.791425820695541
4743,6.791425820695541
4744,6.791425820695541
4745,6.791425820695541
4746,6.791425820695541
4747,6.791425820695541
4748,6.791425820695541
4749,6.791425820695541
4750,6.791425820695541
4751,6.791425820695541
4752,6.791425820695541
4753,6.791425820695541
4754,6.791425820695541
4755,6.791425820695541
4756,6.791425820695541
4757,6.791425820695541
4758,6.791425820695541
4759,6.791425820695541
4760,6.791425820695541
4761,6.791425820695541
4762,6.791425820695541
4763,6.791425820695541
4764,6.791425820695541
4765,6.791425820695541
4766,6.791425820695541
4767,6.791425820695541
4768,6.791425820695541
4769,6.791425820695541
4770,6.791425820695541
4771,6.791425820695541
4772,6.791425820695541
4773,6.791425820695541
4774,6.791425820695541
4775,6.791425820695541
4776,6.791425820695541
4777,6.791425820695541
4778,6.791425820695541
4779,6.791425820695541
4780,6.791425820695541
4781,6.791425820695541
4782,6.791425820695541
4783,6.791425820695541
4784,6.791425820695541
4785,6.791425820695541
4786,6.791425820695541
4787,6.791425820695541
4788,6.791425820695541
4789,6.791425820695541
4790,6.791425820695541
4791,6.791425820695541
4792,6.791425820695541
4793,6.791425820695541
4794,6.791425820695541
4795,6.791425820695541
4796,6.791425820695541
4797,6.791425820695541
4798,6.791425820695541
4799,6.791425820695541
4800,6.791425820695541
4801,6.791425820695541
4802,6.791425820695541
4803,6.791425820695541
4804,6.791425820695541
4805,6.791425820695541
4806,6.791425820695541
4807,6.791425820695541
4808,6.791425820695541
4809,6.791425820695541
4810,6.791425820695541
4811,6.791425820695541
4812,6.791425820695541
4813,6.791425820695541
4814,6.791425820695541
4815,6.791425820695541
4816,6.791425820695541
4817,6.791425820695541
4818,6.791425820695541
4819,6.791425820695541
4820,6.791425820695541
4821,6.791425820695541
4822,6.791425820695541
4823,6.791425820695541
4824,6.791425820695541
4825,6.791425820695541
4826,6.791425820695541
4827,6.791425820695541
4828,6.791425820695541
4829,6.791425820695541
4830,6.791425820695541
4831,6.791425820695541
4832,6.791425820695541
4833,6.791425820695541
4834,6.791425820695541
4835,6.791425820695541
4836,6.791425820695541
4837,6.791425820695541
4838,6.791425820695541
4839,6.791425820695541
4840,6.791425820695541
4841,6.791425820695541
4842,6.791425820695541
4843,6.791425820695541
4844,6.791425820695541
4845,6.791425820695541
4846,6.791425820695541
4847,6.791425820695541
4848,6.791425820695541
4849,6.791425820695541
4850,6.791425820695541
4851,6.791425820695541
4852,6.791425820695541
4853,6.791425820695541
4854,6.791425820695541
4855,6.791425820695541
4856,6.791425820695541
4857,6.791425820695541
4858,6.791425820695541
4859,6.791425820695541
4860,6.791425820695541
4861,6.791425820695541
4862,6.791425820695541
4863,6.791425820695541
4864,6.791425820695541
4865,6.791425820695541
4866,6.791425820695541
4867,6.791425820695541
4868,6.791425820695541
4869,6.791425820695541
4870,6.791425820695541
4871,6.791425820695541
4872,6.791425820695541
4873,6.791425820695541
4874,6.791425820695541
4875,6.791425820695541
4876,6.791425820695541
4877,6.791425820695541
4878,6.791425820695541
4879,6.791425820695541
4880,6.791425820695541
4881,6.791425820695541
4882,6.791425820695541
4883,6.791425820695541
4884,6.791425820695541
4885,6.791425820695541
4886,6.791425820695541
4887,6.791425820695541
4888,6.791425820695541
4889,6.791425820695541
4890,6.791425820695541
4891,6.791425820695541
4892,6.791425820695541
4893,6.791425820695541
4894,6.791425820695541
4895,6.791425820695541
4896,6.791425820695541
4897,6.791425820695541
4898,6.791425820695541
4899,6.791425820695541
4900,6.791425820695541
4901,6.791425820695541
4902,6.791425820695541
4903,6.791425820695541
4904,6.791425820695541
4905,6.791425820695541
4906,6.791425820695541
4907,6.791425820695541
4908,6.791425820695541
4909,6.791425820695541
4910,6.791425820695541
4911,6.791425820695541
4912,6.791425820695541
4913,6.791425820695541
4914,6.791425820695541
4915,6.791425820695541
4916,6.791425820695541
4917,6.791425820695541
4918,6.791425820695541
4919,6.791425820695541
4920,6.791425820695541
4921,6.791425820695541
4922,6.791425820695541
4923,6.791425820695541
4924,6.791425820695541
4925,6.791425820695541
4926,6.791425820695541
4927,6.791425820695541
4928,6.791425820695541
4929,6.791425820695541
4930,6.791425820695541
4931,6.791425820695541
4932,6.791425820695541
4933,6.791425820695541
4934,6.791425820695541
4935,6.791425820695541
4936,6.791425820695541
4937,6.791425820695541
4938,6.791425820695541
4939,6.791425820695541
4940,6.791425820695541
4941,6.791425820695541
4942,6.791425820695541
4943,6.791425820695541
4944,6.791425820695541
4945,6.791425820695541
4946,6.791425820695541
4947,6.791425820695541
4948,6.791425820695541
4949,6.791425820695541
4950,6.791425820695541
4951,6.791425820695541
4952,6.791425820695541
4953,6.791425820695541
4954,6.791425820695541
4955,6.791425820695541
4956,6.791425820695541
4957,6.791425820695541
4958,6.791425820695541
4959,6.791425820695541
4960,6.791425820695541
4961,6.791425820695541
4962,6.791425820695541
4963,6.791425820695541
4964,6.791425820695541
4965,6.791425820695541
4966,6.791425820695541
4967,6.791425820695541
4968,6.791425820695541
4969,6.791425820695541
4970,6.791425820695541
4971,6.791425820695541
4972,6.791425820695541
4973,6.791425820695541
4974,6.791425820695541
4975,6.791425820695541
4976,6.791425820695541
4977,6.791425820695541
4978,6.791425820695541
4979,6.791425820695541
4980,6.791425820695541
4981,6.791425820695541
4982,6.791425820695541
4983,6.791425820695541
4984,6.791425820695541
4985,6.791425820695541
4986,6.791425820695541
4987,6.791425820695541
4988,6.791425820695541
4989,6.791425820695541
4990,6.791425820695541
4991,6.791425820695541
4992,6.791425820695541
4993,6.791425820695541
4994,6.791425820695541
4995,6.791425820695541
4996,6.791425820695541
4997,6.791425820695541
4998,6.791425820695541
4999,6.791425820695541
5000,6.791425820695541
5001,6.791425820695541
5002,6.791425820695541
5003,6.791425820695541
5004,6.791425820695541
5005,6.791425820695541
5006,6.791425820695541
5007,6.791425820695541
5008,6.791425820695541
5009,6.791425820695541
5010,6.791425820695541
5011,6.791425820695541
5012,6.791425820695541
5013,6.791425820695541
5014,6.791425820695541
5015,6.791425820695541
5016,6.791425820695541
5017,6.791425820695541
5018,6.791425820695541
5019,6.791425820695541
5020,6.791425820695541
5021,6.791425820695541
5022,6.791425820695541
5023,6.791425820695541
5024,6.791425820695541
5025,6.791425820695541
5026,6.791425820695541
5027,6.791425820695541
5028,6.791425820695541
5029,6.791425820695541
5030,6.791425820695541
5031,6.791425820695541
5032,6.791425820695541
5033,6.791425820695541
5034,6.791425820695541
5035,6.791425820695541
5036,6.791425820695541
5037,6.791425820695541
5038,6.791425820695541
5039,6.791425820695541
5040,6.791425820695541
5041,6.791425820695541
5042,6.791425820695541
5043,6.791425820695541
5044,6.791425820695541
5045,6.791425820695541
5046,6.791425820695541
5047,6.791425820695541
5048,6.791425820695541
5049,6.791425820695541
5050,6.791425820695541
5051,6.791425820695541
5052,6.791425820695541
5053,6.791425820695541
5054,6.791425820695541
5055,6.791425820695541
5056,6.791425820695541
5057,6.791425820695541
5058,6.791425820695541
5059,6.791425820695541
5060,6.791425820695541
5061,6.791425820695541
5062,6.791425820695541
5063,6.791425820695541
5064,6.791425820695541
5065,6.791425820695541
5066,6.791425820695541
5067,6.791425820695541
5068,6.791425820695541
5069,6.791425820695541
5070,6.791425820695541
5071,6.791425820695541
5072,6.791425820695541
5073,6.791425820695541
5074,6.791425820695541
5075,6.791425820695541
5076,6.791425820695541
5077,6.791425820695541
5078,6.791425820695541
5079,6.791425820695541
5080,6.791425820695541
5081,6.791425820695541
5082,6.791425820695541
5083,6.791425820695541
5084,6.791425820695541
5085,6.791425820695541
5086,6.791425820695541
5087,6.791425820695541
5088,6.791425820695541
5089,6.791425820695541
5090,6.791425820695541
5091,6.791425820695541
5092,6.791425820695541
5093,6.791425820695541
5094,6.791425820695541
5095,6.791425820695541
5096,6.791425820695541
5097,6.791425820695541
5098,6.791425820695541
5099,6.791425820695541
5100,6.791425820695541
5101,6.791425820695541
5102,6.791425820695541
5103,6.791425820695541
5104,6.791425820695541
5105,6.791425820695541
5106,6.791425820695541
5107,6.791425820695541
5108,6.791425820695541
5109,6.791425820695541
5110,6.791425820695541
5111,6.791425820695541
5112,6.791425820695541
5113,6.791425820695541
5114,6.791425820695541
5115,6.791425820695541
5116,6.791425820695541
5117,6.791425820695541
5118,6.791425820695541
5119,6.791425820695541
5120,6.791425820695541
5121,6.791425820695541
5122,6.791425820695541
5123,6.791425820695541
5124,6.791425820695541
5125,6.791425820695541
5126,6.791425820695541
5127,6.791425820695541
5128,6.791425820695541
5129,6.791425820695541
5130,6.791425820695541
5131,6.791425820695541
5132,6.791425820695541
5133,6.791425820695541
5134,6.791425820695541
5135,6.791425820695541
5136,6.791425820695541
5137,6.791425820695541
5138,6.791425820695541
5139,6.791425820695541
5140,6.791425820695541
5141,6.791425820695541
5142,6.791425820695541
5143,6.791425820695541
5144,6.791425820695541
5145,6.791425820695541
5146,6.791425820695541
5147,6.791425820695541
5148,6.791425820695541
5149,6.791425820695541
5150,6.791425820695541
5151,6.791425820695541
5152,6.791425820695541
5153,6.791425820695541
5154,6.791425820695541
5155,6.791425820695541
5156,6.791425820695541
5157,6.791425820695541
5158,6.791425820695541
5159,6.791425820695541
5160,6.791425820695541
5161,6.791425820695541
5162,6.791425820695541
5163,6.791425820695541
5164,6.791425820695541
5165,6.791425820695541
5166,6.791425820695541
5167,6.791425820695541
5168,6.791425820695541
5169,6.791425820695541
5170,6.791425820695541
5171,6.791425820695541
5172,6.791425820695541
5173,6.791425820695541
5174,6.791425820695541
5175,6.791425820695541
5176,6.791425820695541
5177,6.791425820695541
5178,6.791425820695541
5179,6.791425820695541
5180,6.791425820695541
5181,6.791425820695541
5182,6.791425820695541
5183,6.791425820695541
5184,6.791425820695541
5185,6.791425820695541
5186,6.791425820695541
5187,6.791425820695541
5188,6.791425820695541
5189,6.791425820695541
5190,6.791425820695541
5191,6.791425820695541
5192,6.791425820695541
5193,6.791425820695541
5194,6.791425820695541
5195,6.791425820695541
5196,6.791425820695541
5197,6.791425820695541
5198,6.791425820695541
5199,6.791425820695541
5200,6.791425820695541
5201,6.791425820695541
5202,6.791425820695541
5203,6.791425820695541
5204,6.791425820695541
5205,6.791425820695541
5206,6.791425820695541
5207,6.791425820695541
5208,6.791425820695541
5209,6.791425820695541
5210,6.791425820695541
5211,6.791425820695541
5212,6.791425820695541
5213,6.791425820695541
5214,6.791425820695541
5215,6.791425820695541
5216,6.791425820695541
5217,6.791425820695541
5218,6.791425820695541
5219,6.791425820695541
5220,6.791425820695541
5221,6.791425820695541
5222,6.791425820695541
5223,6.791425820695541
5224,6.791425820695541
5225,6.791425820695541
5226,6.791425820695541
5227,6.791425820695541
5228,6.791425820695541
5229,6.791425820695541
5230,6.791425820695541
5231,6.791425820695541
5232,6.791425820695541
5233,6.791425820695541
5234,6.791425820695541
5235,6.791425820695541
5236,6.791425820695541
5237,6.791425820695541
5238,6.791425820695541
5239,6.791425820695541
5240,6.791425820695541
5241,6.791425820695541
5242,6.791425820695541
5243,6.791425820695541
5244,6.791425820695541
5245,6.791425820695541
5246,6.791425820695541
5247,6.791425820695541
5248,6.791425820695541
5249,6.791425820695541
5250,6.791425820695541
5251,6.791425820695541
5252,6.791425820695541
5253,6.791425820695541
5254,6.791425820695541
5255,6.791425820695541
5256,6.791425820695541
5257,6.791425820695541
5258,6.791425820695541
5259,6.791425820695541
5260,6.791425820695541
5261,6.791425820695541
5262,6.791425820695541
5263,6.791425820695541
5264,6.791425820695541
5265,6.791425820695541
5266,6.791425820695541
5267,6.791425820695541
5268,6.791425820695541
5269,6.791425820695541
5270,6.791425820695541
5271,6.791425820695541
5272,6.791425820695541
5273,6.791425820695541
5274,6.791425820695541
5275,6.791425820695541
5276,6.791425820695541
5277,6.791425820695541
5278,6.791425820695541
5279,6.791425820695541
5280,6.791425820695541
5281,6.791425820695541
5282,6.791425820695541
5283,6.791425820695541
5284,6.791425820695541
5285,6.791425820695541
5286,6.791425820695541
5287,6.791425820695541
5288,6.791425820695541
5289,6.791425820695541
5290,6.791425820695541
5291,6.791425820695541
5292,6.791425820695541
5293,6.791425820695541
5294,6.791425820695541
5295,6.791425820695541
5296,6.791425820695541
5297,6.791425820695541
5298,6.791425820695541
5299,6.791425820695541
5300,6.791425820695541
5301,6.791425820695541
5302,6.791425820695541
5303,6.791425820695541
5304,6.791425820695541
5305,6.791425820695541
5306,6.791425820695541
5307,6.791425820695541
5308,6.791425820695541
5309,6.791425820695541
5310,6.791425820695541
5311,6.791425820695541
5312,6.791425820695541
5313,6.791425820695541
5314,6.791425820695541
5315,6.791425820695541
5316,6.791425820695541
5317,6.791425820695541
5318,6.791425820695541
5319,6.791425820695541
5320,6.791425820695541
5321,6.791425820695541
5322,6.791425820695541
5323,6.791425820695541
5324,6.791425820695541
5325,6.791425820695541
5326,6.791425820695541
5327,6.791425820695541
5328,6.791425820695541
5329,6.791425820695541
5330,6.791425820695541
5331,6.791425820695541
5332,6.791425820695541
5333,6.791425820695541
5334,6.791425820695541
5335,6.791425820695541
5336,6.791425820695541
5337,6.791425820695541
5338,6.791425820695541
5339,6.791425820695541
5340,6.791425820695541
5341,6.791425820695541
5342,6.791425820695541
5343,6.791425820695541
5344,6.791425820695541
5345,6.791425820695541
5346,6.791425820695541
5347,6.791425820695541
5348,6.791425820695541
5349,6.791425820695541
5350,6.791425820695541
5351,6.791425820695541
5352,6.791425820695541
5353,6.791425820695541
5354,6.791425820695541
5355,6.791425820695541
5356,6.791425820695541
5357,6.791425820695541
5358,6.791425820695541
5359,6.791425820695541
5360,6.791425820695541
5361,6.791425820695541
5362,6.791425820695541
5363,6.791425820695541
5364,6.791425820695541
5365,6.791425820695541
5366,6.791425820695541
5367,6.791425820695541
5368,6.791425820695541
5369,6.791425820695541
5370,6.791425820695541
5371,6.791425820695541
5372,6.791425820695541
5373,6.791425820695541
5374,6.791425820695541
5375,6.791425820695541
5376,6.791425820695541
5377,6.791425820695541
5378,6.791425820695541
5379,6.791425820695541
5380,6.791425820695541
5381,6.791425820695541
5382,6.791425820695541
5383,6.791425820695541
5384,6.791425820695541
5385,6.791425820695541
5386,6.791425820695541
5387,6.791425820695541
5388,6.791425820695541
5389,6.791425820695541
5390,6.791425820695541
5391,6.791425820695541
5392,6.791425820695541
5393,6.791425820695541
5394,6.791425820695541
5395,6.791425820695541
5396,6.791425820695541
5397,6.791425820695541
5398,6.791425820695541
5399,6.791425820695541
5400,6.791425820695541
5401,6.791425820695541
5402,6.791425820695541
5403,6.791425820695541
5404,6.791425820695541
5405,6.791425820695541
5406,6.791425820695541
5407,6.791425820695541
5408,6.791425820695541
5409,6.791425820695541
5410,6.791425820695541
5411,6.791425820695541
5412,6.791425820695541
5413,6.791425820695541
5414,6.791425820695541
5415,6.791425820695541
5416,6.791425820695541
5417,6.791425820695541
5418,6.791425820695541
5419,6.791425820695541
5420,6.791425820695541
5421,6.791425820695541
5422,6.791425820695541
5423,6.791425820695541
5424,6.791425820695541
5425,6.791425820695541
5426,6.791425820695541
5427,6.791425820695541
5428,6.791425820695541
5429,6.791425820695541
5430,6.791425820695541
5431,6.791425820695541
5432,6.791425820695541
5433,6.791425820695541
5434,6.791425820695541
5435,6.791425820695541
5436,6.791425820695541
5437,6.791425820695541
5438,6.791425820695541
5439,6.791425820695541
5440,6.791425820695541
5441,6.791425820695541
5442,6.791425820695541
5443,6.791425820695541
5444,6.791425820695541
5445,6.791425820695541
5446,6.791425820695541
5447,6.791425820695541
5448,6.791425820695541
5449,6.791425820695541
5450,6.791425820695541
5451,6.791425820695541
5452,6.791425820695541
5453,6.791425820695541
5454,6.791425820695541
5455,6.791425820695541
5456,6.791425820695541
5457,6.791425820695541
5458,6.791425820695541
5459,6.791425820695541
5460,6.791425820695541
5461,6.791425820695541
5462,6.791425820695541
5463,6.791425820695541
5464,6.791425820695541
5465,6.791425820695541
5466,6.791425820695541
5467,6.791425820695541
5468,6.791425820695541
5469,6.791425820695541
5470,6.791425820695541
5471,6.791425820695541
5472,6.791425820695541
5473,6.791425820695541
5474,6.791425820695541
5475,6.791425820695541
5476,6.791425820695541
5477,6.791425820695541
5478,6.791425820695541
5479,6.791425820695541
5480,6.791425820695541
5481,6.791425820695541
5482,6.791425820695541
5483,6.791425820695541
5484,6.791425820695541
5485,6.791425820695541
5486,6.791425820695541
5487,6.791425820695541
5488,6.791425820695541
5489,6.791425820695541
5490,6.791425820695541
5491,6.791425820695541
5492,6.791425820695541
5493,6.791425820695541
5494,6.791425820695541
5495,6.791425820695541
5496,6.791425820695541
5497,6.791425820695541
5498,6.791425820695541
5499,6.791425820695541
5500,6.791425820695541
5501,6.791425820695541
5502,6.791425820695541
5503,6.791425820695541
5504,6.791425820695541
5505,6.791425820695541
5506,6.791425820695541
5507,6.791425820695541
5508,6.791425820695541
5509,6.791425820695541
5510,6.791425820695541
5511,6.791425820695541
5512,6.791425820695541
5513,6.791425820695541
5514,6.791425820695541
5515,6.791425820695541
5516,6.791425820695541
5517,6.791425820695541
5518,6.791425820695541
5519,6.791425820695541
5520,6.791425820695541
5521,6.791425820695541
5522,6.791425820695541
5523,6.791425820695541
5524,6.791425820695541
5525,6.791425820695541
5526,6.791425820695541
5527,6.791425820695541
5528,6.791425820695541
5529,6.791425820695541
5530,6.791425820695541
5531,6.791425820695541
5532,6.791425820695541
5533,6.791425820695541
5534,6.791425820695541
5535,6.791425820695541
5536,6.791425820695541
5537,6.791425820695541
5538,6.791425820695541
5539,6.791425820695541
5540,6.791425820695541
5541,6.791425820695541
5542,6.791425820695541
5543,6.791425820695541
5544,6.791425820695541
5545,6.791425820695541
5546,6.791425820695541
5547,6.791425820695541
5548,6.791425820695541
5549,6.791425820695541
5550,6.791425820695541
5551,6.791425820695541
5552,6.791425820695541
5553,6.791425820695541
5554,6.791425820695541
5555,6.791425820695541
5556,6.791425820695541
5557,6.791425820695541
5558,6.791425820695541
5559,6.791425820695541
5560,6.791425820695541
5561,6.791425820695541
5562,6.791425820695541
5563,6.791425820695541
5564,6.791425820695541
5565,6.791425820695541
5566,6.791425820695541
5567,6.791425820695541
5568,6.791425820695541
5569,6.791425820695541
5570,6.791425820695541
5571,6.791425820695541
5572,6.791425820695541
5573,6.791425820695541
5574,6.791425820695541
5575,6.791425820695541
5576,6.791425820695541
5577,6.791425820695541
5578,6.791425820695541
5579,6.791425820695541
5580,6.791425820695541
5581,6.791425820695541
5582,6.791425820695541
5583,6.791425820695541
5584,6.791425820695541
5585,6.791425820695541
5586,6.791425820695541
5587,6.791425820695541
5588,6.791425820695541
5589,6.791425820695541
5590,6.791425820695541
5591,6.791425820695541
5592,6.791425820695541
5593,6.791425820695541
5594,6.791425820695541
5595,6.791425820695541
5596,6.791425820695541
5597,6.791425820695541
5598,6.791425820695541
5599,6.791425820695541
5600,6.791425820695541
5601,6.791425820695541
5602,6.791425820695541
5603,6.791425820695541
5604,6.791425820695541
5605,6.791425820695541
5606,6.791425820695541
5607,6.791425820695541
5608,6.791425820695541
5609,6.791425820695541
5610,6.791425820695541
5611,6.791425820695541
5612,6.791425820695541
5613,6.791425820695541
5614,6.791425820695541
5615,6.791425820695541
5616,6.791425820695541
5617,6.791425820695541
5618,6.791425820695541
5619,6.791425820695541
5620,6.791425820695541
5621,6.791425820695541
5622,6.791425820695541
5623,6.791425820695541
5624,6.791425820695541
5625,6.791425820695541
5626,6.791425820695541
5627,6.791425820695541
5628,6.791425820695541
5629,6.791425820695541
5630,6.791425820695541
5631,6.791425820695541
5632,6.791425820695541
5633,6.791425820695541
5634,6.791425820695541
5635,6.791425820695541
5636,6.791425820695541
5637,6.791425820695541
5638,6.791425820695541
5639,6.791425820695541
5640,6.791425820695541
5641,6.791425820695541
5642,6.791425820695541
5643,6.791425820695541
5644,6.791425820695541
5645,6.791425820695541
5646,6.791425820695541
5647,6.791425820695541
5648,6.791425820695541
5649,6.791425820695541
5650,6.791425820695541
5651,6.791425820695541
5652,6.791425820695541
5653,6.791425820695541
5654,6.791425820695541
5655,6.791425820695541
5656,6.791425820695541
5657,6.791425820695541
5658,6.791425820695541
5659,6.791425820695541
5660,6.791425820695541
5661,6.791425820695541
5662,6.791425820695541
5663,6.791425820695541
5664,6.791425820695541
5665,6.791425820695541
5666,6.791425820695541
5667,6.791425820695541
5668,6.791425820695541
5669,6.791425820695541
5670,6.791425820695541
5671,6.791425820695541
5672,6.791425820695541
5673,6.791425820695541
5674,6.791425820695541
5675,6.791425820695541
5676,6.791425820695541
5677,6.791425820695541
5678,6.791425820695541
5679,6.791425820695541
5680,6.791425820695541
5681,6.791425820695541
5682,6.791425820695541
5683,6.791425820695541
5684,6.791425820695541
5685,6.791425820695541
5686,6.791425820695541
5687,6.791425820695541
5688,6.791425820695541
5689,6.791425820695541
5690,6.791425820695541
5691,6.791425820695541
5692,6.791425820695541
5693,6.791425820695541
5694,6.791425820695541
5695,6.791425820695541
5696,6.791425820695541
5697,6.791425820695541
5698,6.791425820695541
5699,6.791425820695541
5700,6.791425820695541
5701,6.791425820695541
5702,6.791425820695541
5703,6.791425820695541
5704,6.791425820695541
5705,6.791425820695541
5706,6.791425820695541
5707,6.791425820695541
5708,6.791425820695541
5709,6.791425820695541
5710,6.791425820695541
5711,6.791425820695541
5712,6.791425820695541
5713,6.791425820695541
5714,6.791425820695541
5715,6.791425820695541
5716,6.791425820695541
5717,6.791425820695541
5718,6.791425820695541
5719,6.791425820695541
5720,6.791425820695541
5721,6.791425820695541
5722,6.791425820695541
5723,6.791425820695541
5724,6.791425820695541
5725,6.791425820695541
5726,6.791425820695541
5727,6.791425820695541
5728,6.791425820695541
5729,6.791425820695541
5730,6.791425820695541
5731,6.791425820695541
5732,6.791425820695541
5733,6.791425820695541
5734,6.791425820695541
5735,6.791425820695541
5736,6.791425820695541
5737,6.791425820695541
5738,6.791425820695541
5739,6.791425820695541
5740,6.791425820695541
5741,6.791425820695541
5742,6.791425820695541
5743,6.791425820695541
5744,6.791425820695541
5745,6.791425820695541
5746,6.791425820695541
5747,6.791425820695541
5748,6.791425820695541
5749,6.791425820695541
5750,6.791425820695541
5751,6.791425820695541
5752,6.791425820695541
5753,6.791425820695541
5754,6.791425820695541
5755,6.791425820695541
5756,6.791425820695541
5757,6.791425820695541
5758,6.791425820695541
5759,6.791425820695541
5760,6.791425820695541
5761,6.791425820695541
5762,6.791425820695541
5763,6.791425820695541
5764,6.791425820695541
5765,6.791425820695541
5766,6.791425820695541
5767,6.791425820695541
5768,6.791425820695541
5769,6.791425820695541
5770,6.791425820695541
5771,6.791425820695541
5772,6.791425820695541
5773,6.791425820695541
5774,6.791425820695541
5775,6.791425820695541
5776,6.791425820695541
5777,6.791425820695541
5778,6.791425820695541
5779,6.791425820695541
5780,6.791425820695541
5781,6.791425820695541
5782,6.791425820695541
5783,6.791425820695541
5784,6.791425820695541
5785,6.791425820695541
5786,6.791425820695541
5787,6.791425820695541
5788,6.791425820695541
5789,6.791425820695541
5790,6.791425820695541
5791,6.791425820695541
5792,6.791425820695541
5793,6.791425820695541
5794,6.791425820695541
5795,6.791425820695541
5796,6.791425820695541
5797,6.791425820695541
5798,6.791425820695541
5799,6.791425820695541
5800,6.791425820695541
5801,6.791425820695541
5802,6.791425820695541
5803,6.791425820695541
5804,6.791425820695541
5805,6.791425820695541
5806,6.791425820695541
5807,6.791425820695541
5808,6.791425820695541
5809,6.791425820695541
5810,6.791425820695541
5811,6.791425820695541
5812,6.791425820695541
5813,6.791425820695541
5814,6.791425820695541
5815,6.791425820695541
5816,6.791425820695541
5817,6.791425820695541
5818,6.791425820695541
5819,6.791425820695541
5820,6.791425820695541
5821,6.791425820695541
5822,6.791425820695541
5823,6.791425820695541
5824,6.791425820695541
5825,6.791425820695541
5826,6.791425820695541
5827,6.791425820695541
5828,6.791425820695541
5829,6.791425820695541
5830,6.791425820695541
5831,6.791425820695541
5832,6.791425820695541
5833,6.791425820695541
5834,6.791425820695541
5835,6.791425820695541
5836,6.791425820695541
5837,6.791425820695541
5838,6.791425820695541
5839,6.791425820695541
5840,6.791425820695541
5841,6.791425820695541
5842,6.791425820695541
5843,6.791425820695541
5844,6.791425820695541
5845,6.791425820695541
5846,6.791425820695541
5847,6.791425820695541
5848,6.791425820695541
5849,6.791425820695541
5850,6.791425820695541
5851,6.791425820695541
5852,6.791425820695541
5853,6.791425820695541
5854,6.791425820695541
5855,6.791425820695541
5856,6.791425820695541
5857,6.791425820695541
5858,6.791425820695541
5859,6.791425820695541
5860,6.791425820695541
5861,6.791425820695541
5862,6.791425820695541
5863,6.791425820695541
5864,6.791425820695541
5865,6.791425820695541
5866,6.791425820695541
5867,6.791425820695541
5868,6.791425820695541
5869,6.791425820695541
5870,6.791425820695541
5871,6.791425820695541
5872,6.791425820695541
5873,6.791425820695541
5874,6.791425820695541
5875,6.791425820695541
5876,6.791425820695541
5877,6.791425820695541
5878,6.791425820695541
5879,6.791425820695541
5880,6.791425820695541
5881,6.791425820695541
5882,6.791425820695541
5883,6.791425820695541
5884,6.791425820695541
5885,6.791425820695541
5886,6.791425820695541
5887,6.791425820695541
5888,6.791425820695541
5889,6.791425820695541
5890,6.791425820695541
5891,6.791425820695541
5892,6.791425820695541
5893,6.791425820695541
5894,6.791425820695541
5895,6.791425820695541
5896,6.791425820695541
5897,6.791425820695541
5898,6.791425820695541
5899,6.791425820695541
5900,6.791425820695541
5901,6.791425820695541
5902,6.791425820695541
5903,6.791425820695541
5904,6.791425820695541
5905,6.791425820695541
5906,6.791425820695541
5907,6.791425820695541
5908,6.791425820695541
5909,6.791425820695541
5910,6.791425820695541
5911,6.791425820695541
5912,6.791425820695541
5913,6.791425820695541
5914,6.791425820695541
5915,6.791425820695541
5916,6.791425820695541
5917,6.791425820695541
5918,6.791425820695541
5919,6.791425820695541
5920,6.791425820695541
5921,6.791425820695541
5922,6.791425820695541
5923,6.791425820695541
5924,6.791425820695541
5925,6.791425820695541
5926,6.791425820695541
5927,6.791425820695541
5928,6.791425820695541
5929,6.791425820695541
5930,6.791425820695541
5931,6.791425820695541
5932,6.791425820695541
5933,6.791425820695541
5934,6.791425820695541
5935,6.791425820695541
5936,6.791425820695541
5937,6.791425820695541
5938,6.791425820695541
5939,6.791425820695541
5940,6.791425820695541
5941,6.791425820695541
5942,6.791425820695541
5943,6.791425820695541
5944,6.791425820695541
5945,6.791425820695541
5946,6.791425820695541
5947,6.791425820695541
5948,6.791425820695541
5949,6.791425820695541
5950,6.791425820695541
5951,6.791425820695541
5952,6.791425820695541
5953,6.791425820695541
5954,6.791425820695541
5955,6.791425820695541
5956,6.791425820695541
5957,6.791425820695541
5958,6.791425820695541
5959,6.791425820695541
5960,6.791425820695541
5961,6.791425820695541
5962,6.791425820695541
5963,6.791425820695541
5964,6.791425820695541
5965,6.791425820695541
5966,6.791425820695541
5967,6.791425820695541
5968,6.791425820695541
5969,6.791425820695541
5970,6.791425820695541
5971,6.791425820695541
5972,6.791425820695541
5973,6.791425820695541
5974,6.791425820695541
5975,6.791425820695541
5976,6.791425820695541
5977,6.791425820695541
5978,6.791425820695541
5979,6.791425820695541
5980,6.791425820695541
5981,6.791425820695541
5982,6.791425820695541
5983,6.791425820695541
5984,6.791425820695541
5985,6.791425820695541
5986,6.791425820695541
5987,6.791425820695541
5988,6.791425820695541
5989,6.791425820695541
5990,6.791425820695541
5991,6.791425820695541
5992,6.791425820695541
5993,6.791425820695541
5994,6.791425820695541
5995,6.791425820695541
5996,6.791425820695541
5997,6.791425820695541
5998,6.791425820695541
5999,6.791425820695541
6000,6.791425820695541
6001,6.791425820695541
6002,6.791425820695541
6003,6.791425820695541
6004,6.791425820695541
6005,6.791425820695541
6006,6.791425820695541
6007,6.791425820695541
6008,6.791425820695541
6009,6.791425820695541
6010,6.791425820695541
6011,6.791425820695541
6012,6.791425820695541
6013,6.791425820695541
6014,6.791425820695541
6015,6.791425820695541
6016,6.791425820695541
6017,6.791425820695541
6018,6.791425820695541
6019,6.791425820695541
6020,6.791425820695541
6021,6.791425820695541
6022,6.791425820695541
6023,6.791425820695541
6024,6.791425820695541
6025,6.791425820695541
6026,6.791425820695541
6027,6.791425820695541
6028,6.791425820695541
6029,6.791425820695541
6030,6.791425820695541
6031,6.791425820695541
6032,6.791425820695541
6033,6.791425820695541
6034,6.791425820695541
6035,6.791425820695541
6036,6.791425820695541
6037,6.791425820695541
6038,6.791425820695541
6039,6.791425820695541
6040,6.791425820695541
6041,6.791425820695541
6042,6.791425820695541
6043,6.791425820695541
6044,6.791425820695541
6045,6.791425820695541
6046,6.791425820695541
6047,6.791425820695541
6048,6.791425820695541
6049,6.791425820695541
6050,6.791425820695541
6051,6.791425820695541
6052,6.791425820695541
6053,6.791425820695541
6054,6.791425820695541
6055,6.791425820695541
6056,6.791425820695541
6057,6.791425820695541
6058,6.791425820695541
6059,6.791425820695541
6060,6.791425820695541
6061,6.791425820695541
6062,6.791425820695541
6063,6.791425820695541
6064,6.791425820695541
6065,6.791425820695541
6066,6.791425820695541
6067,6.791425820695541
6068,6.791425820695541
6069,6.791425820695541
6070,6.791425820695541
6071,6.791425820695541
6072,6.791425820695541
6073,6.791425820695541
6074,6.791425820695541
6075,6.791425820695541
6076,6.791425820695541
6077,6.791425820695541
6078,6.791425820695541
6079,6.791425820695541
6080,6.791425820695541
6081,6.791425820695541
6082,6.791425820695541
6083,6.791425820695541
6084,6.791425820695541
6085,6.791425820695541
6086,6.791425820695541
6087,6.791425820695541
6088,6.791425820695541
6089,6.791425820695541
6090,6.791425820695541
6091,6.791425820695541
6092,6.791425820695541
6093,6.791425820695541
6094,6.791425820695541
6095,6.791425820695541
6096,6.791425820695541
6097,6.791425820695541
6098,6.791425820695541
6099,6.791425820695541
6100,6.791425820695541
6101,6.791425820695541
6102,6.791425820695541
6103,6.791425820695541
6104,6.791425820695541
6105,6.791425820695541
6106,6.791425820695541
6107,6.791425820695541
6108,6.791425820695541
6109,6.791425820695541
6110,6.791425820695541
6111,6.791425820695541
6112,6.791425820695541
6113,6.791425820695541
6114,6.791425820695541
6115,6.791425820695541
6116,6.791425820695541
6117,6.791425820695541
6118,6.791425820695541
6119,6.791425820695541
6120,6.791425820695541
6121,6.791425820695541
6122,6.791425820695541
6123,6.791425820695541
6124,6.791425820695541
6125,6.791425820695541
6126,6.791425820695541
6127,6.791425820695541
6128,6.791425820695541
6129,6.791425820695541
6130,6.791425820695541
6131,6.791425820695541
6132,6.791425820695541
6133,6.791425820695541
6134,6.791425820695541
6135,6.791425820695541
6136,6.791425820695541
6137,6.791425820695541
6138,6.791425820695541
6139,6.791425820695541
6140,6.791425820695541
6141,6.791425820695541
6142,6.791425820695541
6143,6.791425820695541
6144,6.791425820695541
6145,6.791425820695541
6146,6.791425820695541
6147,6.791425820695541
6148,6.791425820695541
6149,6.791425820695541
6150,6.791425820695541
6151,6.791425820695541
6152,6.791425820695541
6153,6.791425820695541
6154,6.791425820695541
6155,6.791425820695541
6156,6.791425820695541
6157,6.791425820695541
6158,6.791425820695541
6159,6.791425820695541
6160,6.791425820695541
6161,6.791425820695541
6162,6.791425820695541
6163,6.791425820695541
6164,6.791425820695541
6165,6.791425820695541
6166,6.791425820695541
6167,6.791425820695541
6168,6.791425820695541
6169,6.791425820695541
6170,6.791425820695541
6171,6.791425820695541
6172,6.791425820695541
6173,6.791425820695541
6174,6.791425820695541
6175,6.791425820695541
6176,6.791425820695541
6177,6.791425820695541
6178,6.791425820695541
6179,6.791425820695541
6180,6.791425820695541
6181,6.791425820695541
6182,6.791425820695541
6183,6.791425820695541
6184,6.791425820695541
6185,6.791425820695541
6186,6.791425820695541
6187,6.791425820695541
6188,6.791425820695541
6189,6.791425820695541
6190,6.791425820695541
6191,6.791425820695541
6192,6.791425820695541
6193,6.791425820695541
6194,6.791425820695541
6195,6.791425820695541
6196,6.791425820695541
6197,6.791425820695541
6198,6.791425820695541
6199,6.791425820695541
6200,6.791425820695541
6201,6.791425820695541
6202,6.791425820695541
6203,6.791425820695541
6204,6.791425820695541
6205,6.791425820695541
6206,6.791425820695541
6207,6.791425820695541
6208,6.791425820695541
6209,6.791425820695541
6210,6.791425820695541
6211,6.791425820695541
6212,6.791425820695541
6213,6.791425820695541
6214,6.791425820695541
6215,6.791425820695541
6216,6.791425820695541
6217,6.791425820695541
6218,6.791425820695541
6219,6.791425820695541
6220,6.791425820695541
6221,6.791425820695541
6222,6.791425820695541
6223,6.791425820695541
6224,6.791425820695541
6225,6.791425820695541
6226,6.791425820695541
6227,6.791425820695541
6228,6.791425820695541
6229,6.791425820695541
6230,6.791425820695541
6231,6.791425820695541
6232,6.791425820695541
6233,6.791425820695541
6234,6.791425820695541
6235,6.791425820695541
6236,6.791425820695541
6237,6.791425820695541
6238,6.791425820695541
6239,6.791425820695541
6240,6.791425820695541
6241,6.791425820695541
6242,6.791425820695541
6243,6.791425820695541
6244,6.791425820695541
6245,6.791425820695541
6246,6.791425820695541
6247,6.791425820695541
6248,6.791425820695541
6249,6.791425820695541
6250,6.791425820695541
6251,6.791425820695541
6252,6.791425820695541
6253,6.791425820695541
6254,6.791425820695541
6255,6.791425820695541
6256,6.791425820695541
6257,6.791425820695541
6258,6.791425820695541
6259,6.791425820695541
6260,6.791425820695541
6261,6.791425820695541
6262,6.791425820695541
6263,6.791425820695541
6264,6.791425820695541
6265,6.791425820695541
6266,6.791425820695541
6267,6.791425820695541
6268,6.791425820695541
6269,6.791425820695541
6270,6.791425820695541
6271,6.791425820695541
6272,6.791425820695541
6273,6.791425820695541
6274,6.791425820695541
6275,6.791425820695541
6276,6.791425820695541
6277,6.791425820695541
6278,6.791425820695541
6279,6.791425820695541
6280,6.791425820695541
6281,6.791425820695541
6282,6.791425820695541
6283,6.791425820695541
6284,6.791425820695541
6285,6.791425820695541
6286,6.791425820695541
6287,6.791425820695541
6288,6.791425820695541
6289,6.791425820695541
6290,6.791425820695541
6291,6.791425820695541
6292,6.791425820695541
6293,6.791425820695541
6294,6.791425820695541
6295,6.791425820695541
6296,6.791425820695541
6297,6.791425820695541
6298,6.791425820695541
6299,6.791425820695541
6300,6.791425820695541
6301,6.791425820695541
6302,6.791425820695541
6303,6.791425820695541
6304,6.791425820695541
6305,6.791425820695541
6306,6.791425820695541
6307,6.791425820695541
6308,6.791425820695541
6309,6.791425820695541
6310,6.791425820695541
6311,6.791425820695541
6312,6.791425820695541
6313,6.791425820695541
6314,6.791425820695541
6315,6.791425820695541
6316,6.791425820695541
6317,6.791425820695541
6318,6.791425820695541
6319,6.791425820695541
6320,6.791425820695541
6321,6.791425820695541
6322,6.791425820695541
6323,6.791425820695541
6324,6.791425820695541
6325,6.791425820695541
6326,6.791425820695541
6327,6.791425820695541
6328,6.791425820695541
6329,6.791425820695541
6330,6.791425820695541
6331,6.791425820695541
6332,6.791425820695541
6333,6.791425820695541
6334,6.791425820695541
6335,6.791425820695541
6336,6.791425820695541
6337,6.791425820695541
6338,6.791425820695541
6339,6.791425820695541
6340,6.791425820695541
6341,6.791425820695541
6342,6.791425820695541
6343,6.791425820695541
6344,6.791425820695541
6345,6.791425820695541
6346,6.791425820695541
6347,6.791425820695541
6348,6.791425820695541
6349,6.791425820695541
6350,6.791425820695541
6351,6.791425820695541
6352,6.791425820695541
6353,6.791425820695541
6354,6.791425820695541
6355,6.791425820695541
6356,6.791425820695541
6357,6.791425820695541
6358,6.791425820695541
6359,6.791425820695541
6360,6.791425820695541
6361,6.791425820695541
6362,6.791425820695541
6363,6.791425820695541
6364,6.791425820695541
6365,6.791425820695541
6366,6.791425820695541
6367,6.791425820695541
6368,6.791425820695541
6369,6.791425820695541
6370,6.791425820695541
6371,6.791425820695541
6372,6.791425820695541
6373,6.791425820695541
6374,6.791425820695541
6375,6.791425820695541
6376,6.791425820695541
6377,6.791425820695541
6378,6.791425820695541
6379,6.791425820695541
6380,6.791425820695541
6381,6.791425820695541
6382,6.791425820695541
6383,6.791425820695541
6384,6.791425820695541
6385,6.791425820695541
6386,6.791425820695541
6387,6.791425820695541
6388,6.791425820695541
6389,6.791425820695541
6390,6.791425820695541
6391,6.791425820695541
6392,6.791425820695541
6393,6.791425820695541
6394,6.791425820695541
6395,6.791425820695541
6396,6.791425820695541
6397,6.791425820695541
6398,6.791425820695541
6399,6.791425820695541
6400,6.791425820695541
6401,6.791425820695541
6402,6.791425820695541
6403,6.791425820695541
6404,6.791425820695541
6405,6.791425820695541
6406,6.791425820695541
6407,6.791425820695541
6408,6.791425820695541
6409,6.791425820695541
6410,6.791425820695541
6411,6.791425820695541
6412,6.791425820695541
6413,6.791425820695541
6414,6.791425820695541
6415,6.791425820695541
6416,6.791425820695541
6417,6.791425820695541
6418,6.791425820695541
6419,6.791425820695541
6420,6.791425820695541
6421,6.791425820695541
6422,6.791425820695541
6423,6.791425820695541
6424,6.791425820695541
6425,6.791425820695541
6426,6.791425820695541
6427,6.791425820695541
6428,6.791425820695541
6429,6.791425820695541
6430,6.791425820695541
6431,6.791425820695541
6432,6.791425820695541
6433,6.791425820695541
6434,6.791425820695541
6435,6.791425820695541
6436,6.791425820695541
6437,6.791425820695541
6438,6.791425820695541
6439,6.791425820695541
6440,6.791425820695541
6441,6.791425820695541
6442,6.791425820695541
6443,6.791425820695541
6444,6.791425820695541
6445,6.791425820695541
6446,6.791425820695541
6447,6.791425820695541
6448,6.791425820695541
6449,6.791425820695541
6450,6.791425820695541
6451,6.791425820695541
6452,6.791425820695541
6453,6.791425820695541
6454,6.791425820695541
6455,6.791425820695541
6456,6.791425820695541
6457,6.791425820695541
6458,6.791425820695541
6459,6.791425820695541
6460,6.791425820695541
6461,6.791425820695541
6462,6.791425820695541
6463,6.791425820695541
6464,6.791425820695541
6465,6.791425820695541
6466,6.791425820695541
6467,6.791425820695541
6468,6.791425820695541
6469,6.791425820695541
6470,6.791425820695541
6471,6.791425820695541
6472,6.791425820695541
6473,6.791425820695541
6474,6.791425820695541
6475,6.791425820695541
6476,6.791425820695541
6477,6.791425820695541
6478,6.791425820695541
6479,6.791425820695541
6480,6.791425820695541
6481,6.791425820695541
6482,6.791425820695541
6483,6.791425820695541
6484,6.791425820695541
6485,6.791425820695541
6486,6.791425820695541
6487,6.791425820695541
6488,6.791425820695541
6489,6.791425820695541
6490,6.791425820695541
6491,6.791425820695541
6492,6.791425820695541
6493,6.791425820695541
6494,6.791425820695541
6495,6.791425820695541
6496,6.791425820695541
6497,6.791425820695541
6498,6.791425820695541
6499,6.791425820695541
6500,6.791425820695541
6501,6.791425820695541
6502,6.791425820695541
6503,6.791425820695541
6504,6.791425820695541
6505,6.791425820695541
6506,6.791425820695541
6507,6.791425820695541
6508,6.791425820695541
6509,6.791425820695541
6510,6.791425820695541
6511,6.791425820695541
6512,6.791425820695541
6513,6.791425820695541
6514,6.791425820695541
6515,6.791425820695541
6516,6.791425820695541
6517,6.791425820695541
6518,6.791425820695541
6519,6.791425820695541
6520,6.791425820695541
6521,6.791425820695541
6522,6.791425820695541
6523,6.791425820695541
6524,6.791425820695541
6525,6.791425820695541
6526,6.791425820695541
6527,6.791425820695541
6528,6.791425820695541
6529,6.791425820695541
6530,6.791425820695541
6531,6.791425820695541
6532,6.791425820695541
6533,6.791425820695541
6534,6.791425820695541
6535,6.791425820695541
6536,6.791425820695541
6537,6.791425820695541
6538,6.791425820695541
6539,6.791425820695541
6540,6.791425820695541
6541,6.791425820695541
6542,6.791425820695541
6543,6.791425820695541
6544,6.791425820695541
6545,6.791425820695541
6546,6.791425820695541
6547,6.791425820695541
6548,6.791425820695541
6549,6.791425820695541
6550,6.791425820695541
6551,6.791425820695541
6552,6.791425820695541
6553,6.791425820695541
6554,6.791425820695541
6555,6.791425820695541
6556,6.791425820695541
6557,6.791425820695541
6558,6.791425820695541
6559,6.791425820695541
6560,6.791425820695541
6561,6.791425820695541
6562,6.791425820695541
6563,6.791425820695541
6564,6.791425820695541
6565,6.791425820695541
6566,6.791425820695541
6567,6.791425820695541
6568,6.791425820695541
6569,6.791425820695541
6570,6.791425820695541
6571,6.791425820695541
6572,6.791425820695541
6573,6.791425820695541
6574,6.791425820695541
6575,6.791425820695541
6576,6.791425820695541
6577,6.791425820695541
6578,6.791425820695541
6579,6.791425820695541
6580,6.791425820695541
6581,6.791425820695541
6582,6.791425820695541
6583,6.791425820695541
6584,6.791425820695541
6585,6.791425820695541
6586,6.791425820695541
6587,6.791425820695541
6588,6.791425820695541
6589,6.791425820695541
6590,6.791425820695541
6591,6.791425820695541
6592,6.791425820695541
6593,6.791425820695541
6594,6.791425820695541
6595,6.791425820695541
6596,6.791425820695541
6597,6.791425820695541
6598,6.791425820695541
6599,6.791425820695541
6600,6.791425820695541
6601,6.791425820695541
6602,6.791425820695541
6603,6.791425820695541
6604,6.791425820695541
6605,6.791425820695541
6606,6.791425820695541
6607,6.791425820695541
6608,6.791425820695541
6609,6.791425820695541
6610,6.791425820695541
6611,6.791425820695541
6612,6.791425820695541
6613,6.791425820695541
6614,6.791425820695541
6615,6.791425820695541
6616,6.791425820695541
6617,6.791425820695541
6618,6.791425820695541
6619,6.791425820695541
6620,6.791425820695541
6621,6.791425820695541
6622,6.791425820695541
6623,6.791425820695541
6624,6.791425820695541
6625,6.791425820695541
6626,6.791425820695541
6627,6.791425820695541
6628,6.791425820695541
6629,6.791425820695541
6630,6.791425820695541
6631,6.791425820695541
6632,6.791425820695541
6633,6.791425820695541
6634,6.791425820695541
6635,6.791425820695541
6636,6.791425820695541
6637,6.791425820695541
6638,6.791425820695541
6639,6.791425820695541
6640,6.791425820695541
6641,6.791425820695541
6642,6.791425820695541
6643,6.791425820695541
6644,6.791425820695541
6645,6.791425820695541
6646,6.791425820695541
6647,6.791425820695541
6648,6.791425820695541
6649,6.791425820695541
6650,6.791425820695541
6651,6.791425820695541
6652,6.791425820695541
6653,6.791425820695541
6654,6.791425820695541
6655,6.791425820695541
6656,6.791425820695541
6657,6.791425820695541
6658,6.791425820695541
6659,6.791425820695541
6660,6.791425820695541
6661,6.791425820695541
6662,6.791425820695541
6663,6.791425820695541
6664,6.791425820695541
6665,6.791425820695541
6666,6.791425820695541
6667,6.791425820695541
6668,6.791425820695541
6669,6.791425820695541
6670,6.791425820695541
6671,6.791425820695541
6672,6.791425820695541
6673,6.791425820695541
6674,6.791425820695541
6675,6.791425820695541
6676,6.791425820695541
6677,6.791425820695541
6678,6.791425820695541
6679,6.791425820695541
6680,6.791425820695541
6681,6.791425820695541
6682,6.791425820695541
6683,6.791425820695541
6684,6.791425820695541
6685,6.791425820695541
6686,6.791425820695541
6687,6.791425820695541
6688,6.791425820695541
6689,6.791425820695541
6690,6.791425820695541
6691,6.791425820695541
6692,6.791425820695541
6693,6.791425820695541
6694,6.791425820695541
6695,6.791425820695541
6696,6.791425820695541
6697,6.791425820695541
6698,6.791425820695541
6699,6.791425820695541
6700,6.791425820695541
6701,6.791425820695541
6702,6.791425820695541
6703,6.791425820695541
6704,6.791425820695541
6705,6.791425820695541
6706,6.791425820695541
6707,6.791425820695541
6708,6.791425820695541
6709,6.791425820695541
6710,6.791425820695541
6711,6.791425820695541
6712,6.791425820695541
6713,6.791425820695541
6714,6.791425820695541
6715,6.791425820695541
6716,6.791425820695541
6717,6.791425820695541
6718,6.791425820695541
6719,6.791425820695541
6720,6.791425820695541
6721,6.791425820695541
6722,6.791425820695541
6723,6.791425820695541
6724,6.791425820695541
6725,6.791425820695541
6726,6.791425820695541
6727,6.791425820695541
6728,6.791425820695541
6729,6.791425820695541
6730,6.791425820695541
6731,6.791425820695541
6732,6.791425820695541
6733,6.791425820695541
6734,6.791425820695541
6735,6.791425820695541
6736,6.791425820695541
6737,6.791425820695541
6738,6.791425820695541
6739,6.791425820695541
6740,6.791425820695541
6741,6.791425820695541
6742,6.791425820695541
6743,6.791425820695541
6744,6.791425820695541
6745,6.791425820695541
6746,6.791425820695541
6747,6.791425820695541
6748,6.791425820695541
6749,6.791425820695541
6750,6.791425820695541
6751,6.791425820695541
6752,6.791425820695541
6753,6.791425820695541
6754,6.791425820695541
6755,6.791425820695541
6756,6.791425820695541
6757,6.791425820695541
6758,6.791425820695541
6759,6.791425820695541
6760,6.791425820695541
6761,6.791425820695541
6762,6.791425820695541
6763,6.791425820695541
6764,6.791425820695541
6765,6.791425820695541
6766,6.791425820695541
6767,6.791425820695541
6768,6.791425820695541
6769,6.791425820695541
6770,6.791425820695541
6771,6.791425820695541
6772,6.791425820695541
6773,6.791425820695541
6774,6.791425820695541
6775,6.791425820695541
6776,6.791425820695541
6777,6.791425820695541
6778,6.791425820695541
6779,6.791425820695541
6780,6.791425820695541
6781,6.791425820695541
6782,6.791425820695541
6783,6.791425820695541
6784,6.791425820695541
6785,6.791425820695541
6786,6.791425820695541
6787,6.791425820695541
6788,6.791425820695541
6789,6.791425820695541
6790,6.791425820695541
6791,6.791425820695541
6792,6.791425820695541
6793,6.791425820695541
6794,6.791425820695541
6795,6.791425820695541
6796,6.791425820695541
6797,6.791425820695541
6798,6.791425820695541
6799,6.791425820695541
6800,6.791425820695541
6801,6.791425820695541
6802,6.791425820695541
6803,6.791425820695541
6804,6.791425820695541
6805,6.791425820695541
6806,6.791425820695541
6807,6.791425820695541
6808,6.791425820695541
6809,6.791425820695541
6810,6.791425820695541
6811,6.791425820695541
6812,6.791425820695541
6813,6.791425820695541
6814,6.791425820695541
6815,6.791425820695541
6816,6.791425820695541
6817,6.791425820695541
6818,6.791425820695541
6819,6.791425820695541
6820,6.791425820695541
6821,6.791425820695541
6822,6.791425820695541
6823,6.791425820695541
6824,6.791425820695541
6825,6.791425820695541
6826,6.791425820695541
6827,6.791425820695541
6828,6.791425820695541
6829,6.791425820695541
6830,6.791425820695541
6831,6.791425820695541
6832,6.791425820695541
6833,6.791425820695541
6834,6.791425820695541
6835,6.791425820695541
6836,6.791425820695541
6837,6.791425820695541
6838,6.791425820695541
6839,6.791425820695541
6840,6.791425820695541
6841,6.791425820695541
6842,6.791425820695541
6843,6.791425820695541
6844,6.791425820695541
6845,6.791425820695541
6846,6.791425820695541
6847,6.791425820695541
6848,6.791425820695541
6849,6.791425820695541
6850,6.791425820695541
6851,6.791425820695541
6852,6.791425820695541
6853,6.791425820695541
6854,6.791425820695541
6855,6.791425820695541
6856,6.791425820695541
6857,6.791425820695541
6858,6.791425820695541
6859,6.791425820695541
6860,6.791425820695541
6861,6.791425820695541
6862,6.791425820695541
6863,6.791425820695541
6864,6.791425820695541
6865,6.791425820695541
6866,6.791425820695541
6867,6.791425820695541
6868,6.791425820695541
6869,6.791425820695541
6870,6.791425820695541
6871,6.791425820695541
6872,6.791425820695541
6873,6.791425820695541
6874,6.791425820695541
6875,6.791425820695541
6876,6.791425820695541
6877,6.791425820695541
6878,6.791425820695541
6879,6.791425820695541
6880,6.791425820695541
6881,6.791425820695541
6882,6.791425820695541
6883,6.791425820695541
6884,6.791425820695541
6885,6.791425820695541
6886,6.791425820695541
6887,6.791425820695541
6888,6.791425820695541
6889,6.791425820695541
6890,6.791425820695541
6891,6.791425820695541
6892,6.791425820695541
6893,6.791425820695541
6894,6.791425820695541
6895,6.7615591114777525
6896,6.7615591114777525
6897,6.7615591114777525
6898,6.7615591114777525
6899,6.7615591114777525
6900,6.7615591114777525
6901,6.7615591114777525
6902,6.7615591114777525
6903,6.7615591114777525
6904,6.7615591114777525
6905,6.7615591114777525
6906,6.7615591114777525
6907,6.7615591114777525
6908,6.7615591114777525
6909,6.7615591114777525
6910,6.7615591114777525
6911,6.7615591114777525
6912,6.7615591114777525
6913,6.7615591114777525
6914,6.7615591114777525
6915,6.7615591114777525
6916,6.7615591114777525
6917,6.7615591114777525
6918,6.7615591114777525
6919,6.7615591114777525
6920,6.7615591114777525
6921,6.7615591114777525
6922,6.7615591114777525
6923,6.7615591114777525
6924,6.7615591114777525
6925,6.7615591114777525
6926,6.7615591114777525
6927,6.7615591114777525
6928,6.7615591114777525
6929,6.7615591114777525
6930,6.7615591114777525
6931,6.7615591114777525
6932,6.7615591114777525
6933,6.7615591114777525
6934,6.7615591114777525
6935,6.7615591114777525
6936,6.7615591114777525
6937,6.7615591114777525
6938,6.7615591114777525
6939,6.7615591114777525
6940,6.7615591114777525
6941,6.7615591114777525
6942,6.7615591114777525
6943,6.7615591114777525
6944,6.7615591114777525
6945,6.7615591114777525
6946,6.7615591114777525
6947,6.7615591114777525
6948,6.7615591114777525
6949,6.7615591114777525
6950,6.7615591114777525
6951,6.7615591114777525
6952,6.7615591114777525
6953,6.7615591114777525
6954,6.7615591114777525
6955,6.7615591114777525
6956,6.7615591114777525
6957,6.7615591114777525
6958,6.7615591114777525
6959,6.7615591114777525
6960,6.7615591114777525
6961,6.7615591114777525
6962,6.7615591114777525
6963,6.7615591114777525
6964,6.7615591114777525
6965,6.7615591114777525
6966,6.7615591114777525
6967,6.7615591114777525
6968,6.7615591114777525
6969,6.7615591114777525
6970,6.7615591114777525
6971,6.7615591114777525
6972,6.7615591114777525
6973,6.7615591114777525
6974,6.7615591114777525
6975,6.7615591114777525
6976,6.7615591114777525
6977,6.7615591114777525
6978,6.7615591114777525
6979,6.7615591114777525
6980,6.7615591114777525
6981,6.7615591114777525
6982,6.7615591114777525
6983,6.7615591114777525
6984,6.7615591114777525
6985,6.7615591114777525
6986,6.7615591114777525
6987,6.7615591114777525
6988,6.7615591114777525
6989,6.7615591114777525
6990,6.7615591114777525
6991,6.7615591114777525
6992,6.7615591114777525
6993,6.7615591114777525
6994,6.7615591114777525
6995,6.7615591114777525
6996,6.7615591114777525
6997,6.7615591114777525
6998,6.7615591114777525
6999,6.7615591114777525
7000,6.7615591114777525
7001,6.7615591114777525
7002,6.7615591114777525
7003,6.7615591114777525
7004,6.7615591114777525
7005,6.7615591114777525
7006,6.7615591114777525
7007,6.7615591114777525
7008,6.7615591114777525
7009,6.7615591114777525
7010,6.7615591114777525
7011,6.7615591114777525
7012,6.7615591114777525
7013,6.7615591114777525
7014,6.7615591114777525
7015,6.7615591114777525
7016,6.7615591114777525
7017,6.7615591114777525
7018,6.7615591114777525
7019,6.7615591114777525
7020,6.7615591114777525
7021,6.7615591114777525
7022,6.7615591114777525
7023,6.7615591114777525
7024,6.7615591114777525
7025,6.7615591114777525
7026,6.7615591114777525
7027,6.7615591114777525
7028,6.7615591114777525
7029,6.7615591114777525
7030,6.7615591114777525
7031,6.7615591114777525
7032,6.7615591114777525
7033,6.7615591114777525
7034,6.7615591114777525
7035,6.7615591114777525
7036,6.7615591114777525
7037,6.7615591114777525
7038,6.7615591114777525
7039,6.7615591114777525
7040,6.7615591114777525
7041,6.7615591114777525
7042,6.7615591114777525
7043,6.7615591114777525
7044,6.7615591114777525
7045,6.7615591114777525
7046,6.7615591114777525
7047,6.7615591114777525
7048,6.7615591114777525
7049,6.7615591114777525
7050,6.7615591114777525
7051,6.7615591114777525
7052,6.7615591114777525
7053,6.7615591114777525
7054,6.7615591114777525
7055,6.7615591114777525
7056,6.7615591114777525
7057,6.7615591114777525
7058,6.7615591114777525
7059,6.7615591114777525
7060,6.7615591114777525
7061,6.7615591114777525
7062,6.7615591114777525
7063,6.7615591114777525
7064,6.7615591114777525
7065,6.7615591114777525
7066,6.7615591114777525
7067,6.7615591114777525
7068,6.7615591114777525
7069,6.7615591114777525
7070,6.7615591114777525
7071,6.7615591114777525
7072,6.7615591114777525
7073,6.7615591114777525
7074,6.7615591114777525
7075,6.7615591114777525
7076,6.7615591114777525
7077,6.7615591114777525
7078,6.7615591114777525
7079,6.7615591114777525
7080,6.7615591114777525
7081,6.7615591114777525
7082,6.7615591114777525
7083,6.7615591114777525
7084,6.7615591114777525
7085,6.7615591114777525
7086,6.7615591114777525
7087,6.7615591114777525
7088,6.7615591114777525
7089,6.7615591114777525
7090,6.7615591114777525
7091,6.7615591114777525
7092,6.7615591114777525
7093,6.7615591114777525
7094,6.7615591114777525
7095,6.7615591114777525
7096,6.7615591114777525
7097,6.7615591114777525
7098,6.7615591114777525
7099,6.7615591114777525
7100,6.7615591114777525
7101,6.7615591114777525
7102,6.7615591114777525
7103,6.7615591114777525
7104,6.7615591114777525
7105,6.7615591114777525
7106,6.7615591114777525
7107,6.7615591114777525
7108,6.7615591114777525
7109,6.7615591114777525
7110,6.7615591114777525
7111,6.7615591114777525
7112,6.7615591114777525
7113,6.7615591114777525
7114,6.7615591114777525
7115,6.7615591114777525
7116,6.7615591114777525
7117,6.7615591114777525
7118,6.7615591114777525
7119,6.7615591114777525
7120,6.7615591114777525
7121,6.7615591114777525
7122,6.7615591114777525
7123,6.7615591114777525
7124,6.7615591114777525
7125,6.7615591114777525
7126,6.7615591114777525
7127,6.7615591114777525
7128,6.7615591114777525
7129,6.7615591114777525
7130,6.7615591114777525
7131,6.7615591114777525
7132,6.7615591114777525
7133,6.7615591114777525
7134,6.7615591114777525
7135,6.7615591114777525
7136,6.7615591114777525
7137,6.7615591114777525
7138,6.7615591114777525
7139,6.7615591114777525
7140,6.7615591114777525
7141,6.7615591114777525
7142,6.7615591114777525
7143,6.7615591114777525
7144,6.7615591114777525
7145,6.7615591114777525
7146,6.7615591114777525
7147,6.7615591114777525
7148,6.7615591114777525
7149,6.7615591114777525
7150,6.7615591114777525
7151,6.7615591114777525
7152,6.7615591114777525
7153,6.7615591114777525
7154,6.7615591114777525
7155,6.7615591114777525
7156,6.7615591114777525
7157,6.7615591114777525
7158,6.7615591114777525
7159,6.7615591114777525
7160,6.7615591114777525
7161,6.7615591114777525
7162,6.7615591114777525
7163,6.7615591114777525
7164,6.7615591114777525
7165,6.7615591114777525
7166,6.7615591114777525
7167,6.7615591114777525
7168,6.7615591114777525
7169,6.7615591114777525
7170,6.7615591114777525
7171,6.7615591114777525
7172,6.7615591114777525
7173,6.7615591114777525
7174,6.7615591114777525
7175,6.7615591114777525
7176,6.7615591114777525
7177,6.7615591114777525
7178,6.7615591114777525
7179,6.7615591114777525
7180,6.7615591114777525
7181,6.7615591114777525
7182,6.7615591114777525
7183,6.7615591114777525
7184,6.7615591114777525
7185,6.7615591114777525
7186,6.7615591114777525
7187,6.7615591114777525
7188,6.7615591114777525
7189,6.7615591114777525
7190,6.7615591114777525
7191,6.7615591114777525
7192,6.7615591114777525
7193,6.7615591114777525
7194,6.7615591114777525
7195,6.7615591114777525
7196,6.7615591114777525
7197,6.7615591114777525
7198,6.7615591114777525
7199,6.7615591114777525
7200,6.7615591114777525
7201,6.7615591114777525
7202,6.7615591114777525
7203,6.7615591114777525
7204,6.7615591114777525
7205,6.7615591114777525
7206,6.7615591114777525
7207,6.7615591114777525
7208,6.7615591114777525
7209,6.7615591114777525
7210,6.7615591114777525
7211,6.7615591114777525
7212,6.7615591114777525
7213,6.7615591114777525
7214,6.7615591114777525
7215,6.7615591114777525
7216,6.7615591114777525
7217,6.7615591114777525
7218,6.7615591114777525
7219,6.7615591114777525
7220,6.7615591114777525
7221,6.7615591114777525
7222,6.7615591114777525
7223,6.7615591114777525
7224,6.7615591114777525
7225,6.7615591114777525
7226,6.7615591114777525
7227,6.7615591114777525
7228,6.7615591114777525
7229,6.7615591114777525
7230,6.7615591114777525
7231,6.7615591114777525
7232,6.7615591114777525
7233,6.7615591114777525
7234,6.7615591114777525
7235,6.7615591114777525
7236,6.7615591114777525
7237,6.7615591114777525
7238,6.7615591114777525
7239,6.7615591114777525
7240,6.7615591114777525
7241,6.7615591114777525
7242,6.7615591114777525
7243,6.7615591114777525
7244,6.7615591114777525
7245,6.7615591114777525
7246,6.7615591114777525
7247,6.7615591114777525
7248,6.7615591114777525
7249,6.7615591114777525
7250,6.7615591114777525
7251,6.7615591114777525
7252,6.7615591114777525
7253,6.7615591114777525
7254,6.7615591114777525
7255,6.7615591114777525
7256,6.7615591114777525
7257,6.7615591114777525
7258,6.7615591114777525
7259,6.7615591114777525
7260,6.7615591114777525
7261,6.7615591114777525
7262,6.7615591114777525
7263,6.7615591114777525
7264,6.7615591114777525
7265,6.7615591114777525
7266,6.7615591114777525
7267,6.7615591114777525
7268,6.7615591114777525
7269,6.7615591114777525
7270,6.7615591114777525
7271,6.7615591114777525
7272,6.7615591114777525
7273,6.7615591114777525
7274,6.7615591114777525
7275,6.7615591114777525
7276,6.7615591114777525
7277,6.7615591114777525
7278,6.7615591114777525
7279,6.7615591114777525
7280,6.7615591114777525
7281,6.7615591114777525
7282,6.7615591114777525
7283,6.7615591114777525
7284,6.7615591114777525
7285,6.7615591114777525
7286,6.7615591114777525
7287,6.7615591114777525
7288,6.7615591114777525
7289,6.7615591114777525
7290,6.7615591114777525
7291,6.7615591114777525
7292,6.7615591114777525
7293,6.7615591114777525
7294,6.7615591114777525
7295,6.7615591114777525
7296,6.7615591114777525
7297,6.7615591114777525
7298,6.7615591114777525
7299,6.7615591114777525
7300,6.7615591114777525
7301,6.7615591114777525
7302,6.7615591114777525
7303,6.7615591114777525
7304,6.7615591114777525
7305,6.7615591114777525
7306,6.7615591114777525
7307,6.7615591114777525
7308,6.7615591114777525
7309,6.7615591114777525
7310,6.7615591114777525
7311,6.7615591114777525
7312,6.7615591114777525
7313,6.7615591114777525
7314,6.7615591114777525
7315,6.7615591114777525
7316,6.7615591114777525
7317,6.7615591114777525
7318,6.7615591114777525
7319,6.7615591114777525
7320,6.7615591114777525
7321,6.7615591114777525
7322,6.7615591114777525
7323,6.7615591114777525
7324,6.7615591114777525
7325,6.7615591114777525
7326,6.7615591114777525
7327,6.7615591114777525
7328,6.7615591114777525
7329,6.7615591114777525
7330,6.7615591114777525
7331,6.7615591114777525
7332,6.7615591114777525
7333,6.7615591114777525
7334,6.7615591114777525
7335,6.7615591114777525
7336,6.7615591114777525
7337,6.7615591114777525
7338,6.7615591114777525
7339,6.7615591114777525
7340,6.7615591114777525
7341,6.7615591114777525
7342,6.7615591114777525
7343,6.7615591114777525
7344,6.7615591114777525
7345,6.7615591114777525
7346,6.7615591114777525
7347,6.7615591114777525
7348,6.7615591114777525
7349,6.7615591114777525
7350,6.7615591114777525
7351,6.7615591114777525
7352,6.7615591114777525
7353,6.7615591114777525
7354,6.7615591114777525
7355,6.7615591114777525
7356,6.7615591114777525
7357,6.7615591114777525
7358,6.7615591114777525
7359,6.7615591114777525
7360,6.7615591114777525
7361,6.7615591114777525
7362,6.7615591114777525
7363,6.7615591114777525
7364,6.7615591114777525
7365,6.7615591114777525
7366,6.7615591114777525
7367,6.7615591114777525
7368,6.7615591114777525
7369,6.7615591114777525
7370,6.7615591114777525
7371,6.7615591114777525
7372,6.7615591114777525
7373,6.7615591114777525
7374,6.7615591114777525
7375,6.7615591114777525
7376,6.7615591114777525
7377,6.7615591114777525
7378,6.7615591114777525
7379,6.7615591114777525
7380,6.7615591114777525
7381,6.7615591114777525
7382,6.7615591114777525
7383,6.7615591114777525
7384,6.7615591114777525
7385,6.7615591114777525
7386,6.7615591114777525
7387,6.7615591114777525
7388,6.7615591114777525
7389,6.7615591114777525
7390,6.7615591114777525
7391,6.7615591114777525
7392,6.7615591114777525
7393,6.7615591114777525
7394,6.7615591114777525
7395,6.7615591114777525
7396,6.7615591114777525
7397,6.7615591114777525
7398,6.7615591114777525
7399,6.7615591114777525
7400,6.7615591114777525
7401,6.7615591114777525
7402,6.7615591114777525
7403,6.7615591114777525
7404,6.7615591114777525
7405,6.7615591114777525
7406,6.7615591114777525
7407,6.7615591114777525
7408,6.7615591114777525
7409,6.7615591114777525
7410,6.7615591114777525
7411,6.7615591114777525
7412,6.7615591114777525
7413,6.7615591114777525
7414,6.7615591114777525
7415,6.7615591114777525
7416,6.7615591114777525
7417,6.7615591114777525
7418,6.7615591114777525
7419,6.7615591114777525
7420,6.7615591114777525
7421,6.7615591114777525
7422,6.7615591114777525
7423,6.7615591114777525
7424,6.7615591114777525
7425,6.7615591114777525
7426,6.7615591114777525
7427,6.7615591114777525
7428,6.7615591114777525
7429,6.7615591114777525
7430,6.7615591114777525
7431,6.7615591114777525
7432,6.7615591114777525
7433,6.7615591114777525
7434,6.7615591114777525
7435,6.7615591114777525
7436,6.7615591114777525
7437,6.7615591114777525
7438,6.7615591114777525
7439,6.7615591114777525
7440,6.7615591114777525
7441,6.7615591114777525
7442,6.7615591114777525
7443,6.7615591114777525
7444,6.7615591114777525
7445,6.7615591114777525
7446,6.7615591114777525
7447,6.7615591114777525
7448,6.7615591114777525
7449,6.7615591114777525
7450,6.7615591114777525
7451,6.7615591114777525
7452,6.7615591114777525
7453,6.7615591114777525
7454,6.7615591114777525
7455,6.7615591114777525
7456,6.7615591114777525
7457,6.7615591114777525
7458,6.7615591114777525
7459,6.7615591114777525
7460,6.7615591114777525
7461,6.7615591114777525
7462,6.7615591114777525
7463,6.7615591114777525
7464,6.7615591114777525
7465,6.7615591114777525
7466,6.7615591114777525
7467,6.7615591114777525
7468,6.7615591114777525
7469,6.7615591114777525
7470,6.7615591114777525
7471,6.7615591114777525
7472,6.7615591114777525
7473,6.7615591114777525
7474,6.7615591114777525
7475,6.7615591114777525
7476,6.7615591114777525
7477,6.7615591114777525
7478,6.7615591114777525
7479,6.7615591114777525
7480,6.7615591114777525
7481,6.7615591114777525
7482,6.7615591114777525
7483,6.7615591114777525
7484,6.7615591114777525
7485,6.7615591114777525
7486,6.7615591114777525
7487,6.7615591114777525
7488,6.7615591114777525
7489,6.7615591114777525
7490,6.7615591114777525
7491,6.7615591114777525
7492,6.7615591114777525
7493,6.7615591114777525
7494,6.7615591114777525
7495,6.7615591114777525
7496,6.7615591114777525
7497,6.7615591114777525
7498,6.7615591114777525
7499,6.7615591114777525
7500,6.7615591114777525
7501,6.7615591114777525
7502,6.7615591114777525
7503,6.7615591114777525
7504,6.7615591114777525
7505,6.7615591114777525
7506,6.7615591114777525
7507,6.7615591114777525
7508,6.7615591114777525
7509,6.7615591114777525
7510,6.7615591114777525
7511,6.7615591114777525
7512,6.7615591114777525
7513,6.7615591114777525
7514,6.7615591114777525
7515,6.7615591114777525
7516,6.7615591114777525
7517,6.7615591114777525
7518,6.7615591114777525
7519,6.7615591114777525
7520,6.7615591114777525
7521,6.7615591114777525
7522,6.7615591114777525
7523,6.7615591114777525
7524,6.7615591114777525
7525,6.7615591114777525
7526,6.7615591114777525
7527,6.7615591114777525
7528,6.7615591114777525
7529,6.7615591114777525
7530,6.7615591114777525
7531,6.7615591114777525
7532,6.7615591114777525
7533,6.7615591114777525
7534,6.7615591114777525
7535,6.7615591114777525
7536,6.7615591114777525
7537,6.7615591114777525
7538,6.7615591114777525
7539,6.7615591114777525
7540,6.7615591114777525
7541,6.7615591114777525
7542,6.7615591114777525
7543,6.7615591114777525
7544,6.7615591114777525
7545,6.7615591114777525
7546,6.7615591114777525
7547,6.7615591114777525
7548,6.7615591114777525
7549,6.7615591114777525
7550,6.7615591114777525
7551,6.7615591114777525
7552,6.7615591114777525
7553,6.7615591114777525
7554,6.7615591114777525
7555,6.7615591114777525
7556,6.7615591114777525
7557,6.7615591114777525
7558,6.7615591114777525
7559,6.7615591114777525
7560,6.7615591114777525
7561,6.7615591114777525
7562,6.7615591114777525
7563,6.7615591114777525
7564,6.7615591114777525
7565,6.7615591114777525
7566,6.7615591114777525
7567,6.7615591114777525
7568,6.7615591114777525
7569,6.7615591114777525
7570,6.7615591114777525
7571,6.7615591114777525
7572,6.7615591114777525
7573,6.7615591114777525
7574,6.7615591114777525
7575,6.7615591114777525
7576,6.7615591114777525
7577,6.7615591114777525
7578,6.7615591114777525
7579,6.7615591114777525
7580,6.7615591114777525
7581,6.7615591114777525
7582,6.7615591114777525
7583,6.7615591114777525
7584,6.7615591114777525
7585,6.7615591114777525
7586,6.7615591114777525
7587,6.7615591114777525
7588,6.7615591114777525
7589,6.7615591114777525
7590,6.7615591114777525
7591,6.7615591114777525
7592,6.7615591114777525
7593,6.7615591114777525
7594,6.7615591114777525
7595,6.7615591114777525
7596,6.7615591114777525
7597,6.7615591114777525
7598,6.7615591114777525
7599,6.7615591114777525
7600,6.7615591114777525
7601,6.7615591114777525
7602,6.7615591114777525
7603,6.7615591114777525
7604,6.7615591114777525
7605,6.7615591114777525
7606,6.7615591114777525
7607,6.7615591114777525
7608,6.7615591114777525
7609,6.7615591114777525
7610,6.7615591114777525
7611,6.7615591114777525
7612,6.7615591114777525
7613,6.7615591114777525
7614,6.7615591114777525
7615,6.7615591114777525
7616,6.7615591114777525
7617,6.7615591114777525
7618,6.7615591114777525
7619,6.7615591114777525
7620,6.7615591114777525
7621,6.7615591114777525
7622,6.7615591114777525
7623,6.7615591114777525
7624,6.7615591114777525
7625,6.7615591114777525
7626,6.7615591114777525
7627,6.7615591114777525
7628,6.7615591114777525
7629,6.7615591114777525
7630,6.7615591114777525
7631,6.7615591114777525
7632,6.7615591114777525
7633,6.7615591114777525
7634,6.7615591114777525
7635,6.7615591114777525
7636,6.7615591114777525
7637,6.7615591114777525
7638,6.7615591114777525
7639,6.7615591114777525
7640,6.7615591114777525
7641,6.7615591114777525
7642,6.7615591114777525
7643,6.7615591114777525
7644,6.7615591114777525
7645,6.7615591114777525
7646,6.7615591114777525
7647,6.7615591114777525
7648,6.7615591114777525
7649,6.7615591114777525
7650,6.7615591114777525
7651,6.7615591114777525
7652,6.7615591114777525
7653,6.7615591114777525
7654,6.7615591114777525
7655,6.7615591114777525
7656,6.7615591114777525
7657,6.7615591114777525
7658,6.7615591114777525
7659,6.7615591114777525
7660,6.7615591114777525
7661,6.7615591114777525
7662,6.7615591114777525
7663,6.7615591114777525
7664,6.7615591114777525
7665,6.7615591114777525
7666,6.7615591114777525
7667,6.7615591114777525
7668,6.7615591114777525
7669,6.7615591114777525
7670,6.7615591114777525
7671,6.7615591114777525
7672,6.7615591114777525
7673,6.7615591114777525
7674,6.7615591114777525
7675,6.7615591114777525
7676,6.7615591114777525
7677,6.7615591114777525
7678,6.7615591114777525
7679,6.7615591114777525
7680,6.7615591114777525
7681,6.7615591114777525
7682,6.7615591114777525
7683,6.7615591114777525
7684,6.7615591114777525
7685,6.7615591114777525
7686,6.7615591114777525
7687,6.7615591114777525
7688,6.7615591114777525
7689,6.7615591114777525
7690,6.7615591114777525
7691,6.7615591114777525
7692,6.7615591114777525
7693,6.7615591114777525
7694,6.7615591114777525
7695,6.7615591114777525
7696,6.7615591114777525
7697,6.7615591114777525
7698,6.7615591114777525
7699,6.7615591114777525
7700,6.7615591114777525
7701,6.7615591114777525
7702,6.7615591114777525
7703,6.7615591114777525
7704,6.7615591114777525
7705,6.7615591114777525
7706,6.7615591114777525
7707,6.7615591114777525
7708,6.7615591114777525
7709,6.7615591114777525
7710,6.7615591114777525
7711,6.7615591114777525
7712,6.7615591114777525
7713,6.7615591114777525
7714,6.7615591114777525
7715,6.7615591114777525
7716,6.7615591114777525
7717,6.7615591114777525
7718,6.7615591114777525
7719,6.7615591114777525
7720,6.7615591114777525
7721,6.7615591114777525
7722,6.7615591114777525
7723,6.7615591114777525
7724,6.7615591114777525
7725,6.7615591114777525
7726,6.7615591114777525
7727,6.7615591114777525
7728,6.7615591114777525
7729,6.7615591114777525
7730,6.7615591114777525
7731,6.7615591114777525
7732,6.7615591114777525
7733,6.7615591114777525
7734,6.7615591114777525
7735,6.7615591114777525
7736,6.7615591114777525
7737,6.7615591114777525
7738,6.7615591114777525
7739,6.7615591114777525
7740,6.7615591114777525
7741,6.7615591114777525
7742,6.7615591114777525
7743,6.7615591114777525
7744,6.7615591114777525
7745,6.7615591114777525
7746,6.7615591114777525
7747,6.7615591114777525
7748,6.7615591114777525
7749,6.7615591114777525
7750,6.7615591114777525
7751,6.7615591114777525
7752,6.7615591114777525
7753,6.7615591114777525
7754,6.7615591114777525
7755,6.7615591114777525
7756,6.7615591114777525
7757,6.7615591114777525
7758,6.7615591114777525
7759,6.7615591114777525
7760,6.7615591114777525
7761,6.7615591114777525
7762,6.7615591114777525
7763,6.7615591114777525
7764,6.7615591114777525
7765,6.7615591114777525
7766,6.7615591114777525
7767,6.7615591114777525
7768,6.7615591114777525
7769,6.7615591114777525
7770,6.7615591114777525
7771,6.7615591114777525
7772,6.7615591114777525
7773,6.7615591114777525
7774,6.7615591114777525
7775,6.7615591114777525
7776,6.7615591114777525
7777,6.7615591114777525
7778,6.7615591114777525
7779,6.7615591114777525
7780,6.7615591114777525
7781,6.7615591114777525
7782,6.7615591114777525
7783,6.7615591114777525
7784,6.7615591114777525
7785,6.7615591114777525
7786,6.7615591114777525
7787,6.7615591114777525
7788,6.7615591114777525
7789,6.7615591114777525
7790,6.7615591114777525
7791,6.7615591114777525
7792,6.7615591114777525
7793,6.7615591114777525
7794,6.7615591114777525
7795,6.7615591114777525
7796,6.7615591114777525
7797,6.7615591114777525
7798,6.7615591114777525
7799,6.7615591114777525
7800,6.7615591114777525
7801,6.7615591114777525
7802,6.7615591114777525
7803,6.7615591114777525
7804,6.7615591114777525
7805,6.7615591114777525
7806,6.7615591114777525
7807,6.7615591114777525
7808,6.7615591114777525
7809,6.7615591114777525
7810,6.7615591114777525
7811,6.7615591114777525
7812,6.7615591114777525
7813,6.7615591114777525
7814,6.7615591114777525
7815,6.7615591114777525
7816,6.7615591114777525
7817,6.7615591114777525
7818,6.7615591114777525
7819,6.7615591114777525
7820,6.7615591114777525
7821,6.7615591114777525
7822,6.7615591114777525
7823,6.7615591114777525
7824,6.7615591114777525
7825,6.7615591114777525
7826,6.7615591114777525
7827,6.7615591114777525
7828,6.7615591114777525
7829,6.7615591114777525
7830,6.7615591114777525
7831,6.7615591114777525
7832,6.7615591114777525
7833,6.7615591114777525
7834,6.7615591114777525
7835,6.7615591114777525
7836,6.7615591114777525
7837,6.7615591114777525
7838,6.7615591114777525
7839,6.7615591114777525
7840,6.7615591114777525
7841,6.7615591114777525
7842,6.7615591114777525
7843,6.7615591114777525
7844,6.7615591114777525
7845,6.7615591114777525
7846,6.7615591114777525
7847,6.7615591114777525
7848,6.7615591114777525
7849,6.7615591114777525
7850,6.7615591114777525
7851,6.7615591114777525
7852,6.7615591114777525
7853,6.7615591114777525
7854,6.7615591114777525
7855,6.7615591114777525
7856,6.7615591114777525
7857,6.7615591114777525
7858,6.7615591114777525
7859,6.7615591114777525
7860,6.7615591114777525
7861,6.7615591114777525
7862,6.7615591114777525
7863,6.7615591114777525
7864,6.7615591114777525
7865,6.7615591114777525
7866,6.7615591114777525
7867,6.7615591114777525
7868,6.7615591114777525
7869,6.7615591114777525
7870,6.7615591114777525
7871,6.7615591114777525
7872,6.7615591114777525
7873,6.7615591114777525
7874,6.7615591114777525
7875,6.7615591114777525
7876,6.7615591114777525
7877,6.7615591114777525
7878,6.7615591114777525
7879,6.7615591114777525
7880,6.7615591114777525
7881,6.7615591114777525
7882,6.7615591114777525
7883,6.7615591114777525
7884,6.7615591114777525
7885,6.7615591114777525
7886,6.7615591114777525
7887,6.7615591114777525
7888,6.7615591114777525
7889,6.7615591114777525
7890,6.7615591114777525
7891,6.7615591114777525
7892,6.7615591114777525
7893,6.7615591114777525
7894,6.7615591114777525
7895,6.7615591114777525
7896,6.7615591114777525
7897,6.7615591114777525
7898,6.7615591114777525
7899,6.7615591114777525
7900,6.7615591114777525
7901,6.7615591114777525
7902,6.7615591114777525
7903,6.7615591114777525
7904,6.7615591114777525
7905,6.7615591114777525
7906,6.7615591114777525
7907,6.7615591114777525
7908,6.7615591114777525
7909,6.7615591114777525
7910,6.7615591114777525
7911,6.7615591114777525
7912,6.7615591114777525
7913,6.7615591114777525
7914,6.7615591114777525
7915,6.7615591114777525
7916,6.7615591114777525
7917,6.7615591114777525
7918,6.7615591114777525
7919,6.7615591114777525
7920,6.7615591114777525
7921,6.7615591114777525
7922,6.7615591114777525
7923,6.7615591114777525
7924,6.7615591114777525
7925,6.7615591114777525
7926,6.7615591114777525
7927,6.7615591114777525
7928,6.7615591114777525
7929,6.7615591114777525
7930,6.7615591114777525
7931,6.7615591114777525
7932,6.7615591114777525
7933,6.7615591114777525
7934,6.7615591114777525
7935,6.7615591114777525
7936,6.7615591114777525
7937,6.7615591114777525
7938,6.7615591114777525
7939,6.7615591114777525
7940,6.7615591114777525
7941,6.7615591114777525
7942,6.7615591114777525
7943,6.7615591114777525
7944,6.7615591114777525
7945,6.7615591114777525
7946,6.7615591114777525
7947,6.7615591114777525
7948,6.7615591114777525
7949,6.7615591114777525
7950,6.7615591114777525
7951,6.7615591114777525
7952,6.7615591114777525
7953,6.7615591114777525
7954,6.7615591114777525
7955,6.7615591114777525
7956,6.7615591114777525
7957,6.7615591114777525
7958,6.7615591114777525
7959,6.7615591114777525
7960,6.7615591114777525
7961,6.7615591114777525
7962,6.7615591114777525
7963,6.7615591114777525
7964,6.7615591114777525
7965,6.7615591114777525
7966,6.7615591114777525
7967,6.7615591114777525
7968,6.7615591114777525
7969,6.7615591114777525
7970,6.7615591114777525
7971,6.7615591114777525
7972,6.7615591114777525
7973,6.7615591114777525
7974,6.7615591114777525
7975,6.7615591114777525
7976,6.7615591114777525
7977,6.7615591114777525
7978,6.7615591114777525
7979,6.7615591114777525
7980,6.7615591114777525
7981,6.7615591114777525
7982,6.7615591114777525
7983,6.7615591114777525
7984,6.7615591114777525
7985,6.7615591114777525
7986,6.7615591114777525
7987,6.7615591114777525
7988,6.7615591114777525
7989,6.7615591114777525
7990,6.7615591114777525
7991,6.7615591114777525
7992,6.7615591114777525
7993,6.7615591114777525
7994,6.7615591114777525
7995,6.7615591114777525
7996,6.7615591114777525
7997,6.7615591114777525
7998,6.7615591114777525
7999,6.7615591114777525
8000,6.7615591114777525
8001,6.7615591114777525
8002,6.7615591114777525
8003,6.7615591114777525
8004,6.7615591114777525
8005,6.7615591114777525
8006,6.7615591114777525
8007,6.7615591114777525
8008,6.7615591114777525
8009,6.7615591114777525
8010,6.7615591114777525
8011,6.7615591114777525
8012,6.7615591114777525
8013,6.7615591114777525
8014,6.7615591114777525
8015,6.7615591114777525
8016,6.7615591114777525
8017,6.7615591114777525
8018,6.7615591114777525
8019,6.7615591114777525
8020,6.7615591114777525
8021,6.7615591114777525
8022,6.7615591114777525
8023,6.7615591114777525
8024,6.7615591114777525
8025,6.7615591114777525
8026,6.7615591114777525
8027,6.7615591114777525
8028,6.7615591114777525
8029,6.7615591114777525
8030,6.7615591114777525
8031,6.7615591114777525
8032,6.7615591114777525
8033,6.7615591114777525
8034,6.7615591114777525
8035,6.7615591114777525
8036,6.7615591114777525
8037,6.7615591114777525
8038,6.7615591114777525
8039,6.7615591114777525
8040,6.7615591114777525
8041,6.7615591114777525
8042,6.7615591114777525
8043,6.7615591114777525
8044,6.7615591114777525
8045,6.7615591114777525
8046,6.7615591114777525
8047,6.7615591114777525
8048,6.7615591114777525
8049,6.7615591114777525
8050,6.7615591114777525
8051,6.7615591114777525
8052,6.7615591114777525
8053,6.7615591114777525
8054,6.7615591114777525
8055,6.7615591114777525
8056,6.7615591114777525
8057,6.7615591114777525
8058,6.7615591114777525
8059,6.7615591114777525
8060,6.7615591114777525
8061,6.7615591114777525
8062,6.7615591114777525
8063,6.7615591114777525
8064,6.7615591114777525
8065,6.7615591114777525
8066,6.7615591114777525
8067,6.7615591114777525
8068,6.7615591114777525
8069,6.7615591114777525
8070,6.7615591114777525
8071,6.7615591114777525
8072,6.7615591114777525
8073,6.7615591114777525
8074,6.7615591114777525
8075,6.7615591114777525
8076,6.7615591114777525
8077,6.7615591114777525
8078,6.7615591114777525
8079,6.7615591114777525
8080,6.7615591114777525
8081,6.7615591114777525
8082,6.7615591114777525
8083,6.7615591114777525
8084,6.7615591114777525
8085,6.7615591114777525
8086,6.7615591114777525
8087,6.7615591114777525
8088,6.7615591114777525
8089,6.7615591114777525
8090,6.7615591114777525
8091,6.7615591114777525
8092,6.7615591114777525
8093,6.7615591114777525
8094,6.7615591114777525
8095,6.7615591114777525
8096,6.7615591114777525
8097,6.7615591114777525
8098,6.7615591114777525
8099,6.7615591114777525
8100,6.7615591114777525
8101,6.7615591114777525
8102,6.7615591114777525
8103,6.7615591114777525
8104,6.7615591114777525
8105,6.7615591114777525
8106,6.7615591114777525
8107,6.7615591114777525
8108,6.7615591114777525
8109,6.7615591114777525
8110,6.7615591114777525
8111,6.7615591114777525
8112,6.7615591114777525
8113,6.7615591114777525
8114,6.7615591114777525
8115,6.7615591114777525
8116,6.7615591114777525
8117,6.7615591114777525
8118,6.7615591114777525
8119,6.7615591114777525
8120,6.7615591114777525
8121,6.7615591114777525
8122,6.7615591114777525
8123,6.7615591114777525
8124,6.7615591114777525
8125,6.7615591114777525
8126,6.7615591114777525
8127,6.7615591114777525
8128,6.7615591114777525
8129,6.7615591114777525
8130,6.7615591114777525
8131,6.7615591114777525
8132,6.7615591114777525
8133,6.7615591114777525
8134,6.7615591114777525
8135,6.7615591114777525
8136,6.7615591114777525
8137,6.7615591114777525
8138,6.7615591114777525
8139,6.7615591114777525
8140,6.7615591114777525
8141,6.7615591114777525
8142,6.7615591114777525
8143,6.7615591114777525
8144,6.7615591114777525
8145,6.7615591114777525
8146,6.7615591114777525
8147,6.7615591114777525
8148,6.7615591114777525
8149,6.7615591114777525
8150,6.7615591114777525
8151,6.7615591114777525
8152,6.7615591114777525
8153,6.7615591114777525
8154,6.7615591114777525
8155,6.7615591114777525
8156,6.7615591114777525
8157,6.7615591114777525
8158,6.7615591114777525
8159,6.7615591114777525
8160,6.7615591114777525
8161,6.7615591114777525
8162,6.7615591114777525
8163,6.7615591114777525
8164,6.7615591114777525
8165,6.7615591114777525
8166,6.7615591114777525
8167,6.7615591114777525
8168,6.7615591114777525
8169,6.7615591114777525
8170,6.7615591114777525
8171,6.7615591114777525
8172,6.7615591114777525
8173,6.7615591114777525
8174,6.7615591114777525
8175,6.7615591114777525
8176,6.7615591114777525
8177,6.7615591114777525
8178,6.7615591114777525
8179,6.7615591114777525
8180,6.7615591114777525
8181,6.7615591114777525
8182,6.7615591114777525
8183,6.7615591114777525
8184,6.7615591114777525
8185,6.7615591114777525
8186,6.7615591114777525
8187,6.7615591114777525
8188,6.7615591114777525
8189,6.7615591114777525
8190,6.7615591114777525
8191,6.7615591114777525
8192,6.7615591114777525
8193,6.7615591114777525
8194,6.7615591114777525
8195,6.7615591114777525
8196,6.7615591114777525
8197,6.7615591114777525
8198,6.7615591114777525
8199,6.7615591114777525
8200,6.7615591114777525
8201,6.7615591114777525
8202,6.7615591114777525
8203,6.7615591114777525
8204,6.7615591114777525
8205,6.7615591114777525
8206,6.7615591114777525
8207,6.7615591114777525
8208,6.7615591114777525
8209,6.7615591114777525
8210,6.7615591114777525
8211,6.7615591114777525
8212,6.7615591114777525
8213,6.7615591114777525
8214,6.7615591114777525
8215,6.7615591114777525
8216,6.7615591114777525
8217,6.7615591114777525
8218,6.7615591114777525
8219,6.7615591114777525
8220,6.7615591114777525
8221,6.7615591114777525
8222,6.7615591114777525
8223,6.7615591114777525
8224,6.7615591114777525
8225,6.7615591114777525
8226,6.7615591114777525
8227,6.7615591114777525
8228,6.7615591114777525
8229,6.7615591114777525
8230,6.7615591114777525
8231,6.7615591114777525
8232,6.7615591114777525
8233,6.7615591114777525
8234,6.7615591114777525
8235,6.7615591114777525
8236,6.7615591114777525
8237,6.7615591114777525
8238,6.7615591114777525
8239,6.7615591114777525
8240,6.7615591114777525
8241,6.7615591114777525
8242,6.7615591114777525
8243,6.7615591114777525
8244,6.7615591114777525
8245,6.7615591114777525
8246,6.7615591114777525
8247,6.7615591114777525
8248,6.7615591114777525
8249,6.7615591114777525
8250,6.7615591114777525
8251,6.7615591114777525
8252,6.7615591114777525
8253,6.7615591114777525
8254,6.7615591114777525
8255,6.7615591114777525
8256,6.7615591114777525
8257,6.7615591114777525
8258,6.7615591114777525
8259,6.7615591114777525
8260,6.7615591114777525
8261,6.7615591114777525
8262,6.7615591114777525
8263,6.7615591114777525
8264,6.7615591114777525
8265,6.7615591114777525
8266,6.7615591114777525
8267,6.7615591114777525
8268,6.7615591114777525
8269,6.7615591114777525
8270,6.7615591114777525
8271,6.7615591114777525
8272,6.7615591114777525
8273,6.7615591114777525
8274,6.7615591114777525
8275,6.7615591114777525
8276,6.7615591114777525
8277,6.7615591114777525
8278,6.7615591114777525
8279,6.7615591114777525
8280,6.7615591114777525
8281,6.7615591114777525
8282,6.7615591114777525
8283,6.7615591114777525
8284,6.7615591114777525
8285,6.7615591114777525
8286,6.7615591114777525
8287,6.7615591114777525
8288,6.7615591114777525
8289,6.7615591114777525
8290,6.7615591114777525
8291,6.7615591114777525
8292,6.7615591114777525
8293,6.7615591114777525
8294,6.7615591114777525
8295,6.7615591114777525
8296,6.7615591114777525
8297,6.7615591114777525
8298,6.7615591114777525
8299,6.7615591114777525
8300,6.7615591114777525
8301,6.7615591114777525
8302,6.7615591114777525
8303,6.7615591114777525
8304,6.7615591114777525
8305,6.7615591114777525
8306,6.7615591114777525
8307,6.7615591114777525
8308,6.7615591114777525
8309,6.7615591114777525
8310,6.7615591114777525
8311,6.7615591114777525
8312,6.7615591114777525
8313,6.7615591114777525
8314,6.7615591114777525
8315,6.7615591114777525
8316,6.7615591114777525
8317,6.7615591114777525
8318,6.7615591114777525
8319,6.7615591114777525
8320,6.7615591114777525
8321,6.7615591114777525
8322,6.7615591114777525
8323,6.7615591114777525
8324,6.7615591114777525
8325,6.7615591114777525
8326,6.7615591114777525
8327,6.7615591114777525
8328,6.7615591114777525
8329,6.7615591114777525
8330,6.7615591114777525
8331,6.7615591114777525
8332,6.7615591114777525
8333,6.7615591114777525
8334,6.7615591114777525
8335,6.7615591114777525
8336,6.7615591114777525
8337,6.7615591114777525
8338,6.7615591114777525
8339,6.7615591114777525
8340,6.7615591114777525
8341,6.7615591114777525
8342,6.7615591114777525
8343,6.7615591114777525
8344,6.7615591114777525
8345,6.7615591114777525
8346,6.7615591114777525
8347,6.7615591114777525
8348,6.7615591114777525
8349,6.7615591114777525
8350,6.7615591114777525
8351,6.7615591114777525
8352,6.7615591114777525
8353,6.7615591114777525
8354,6.7615591114777525
8355,6.7615591114777525
8356,6.7615591114777525
8357,6.7615591114777525
8358,6.7615591114777525
8359,6.7615591114777525
8360,6.7615591114777525
8361,6.7615591114777525
8362,6.7615591114777525
8363,6.7615591114777525
8364,6.7615591114777525
8365,6.7615591114777525
8366,6.7615591114777525
8367,6.7615591114777525
8368,6.7615591114777525
8369,6.7615591114777525
8370,6.7615591114777525
8371,6.7615591114777525
8372,6.7615591114777525
8373,6.7615591114777525
8374,6.7615591114777525
8375,6.7615591114777525
8376,6.7615591114777525
8377,6.7615591114777525
8378,6.7615591114777525
8379,6.7615591114777525
8380,6.7615591114777525
8381,6.7615591114777525
8382,6.7615591114777525
8383,6.7615591114777525
8384,6.7615591114777525
8385,6.7615591114777525
8386,6.7615591114777525
8387,6.7615591114777525
8388,6.7615591114777525
8389,6.7615591114777525
8390,6.7615591114777525
8391,6.7615591114777525
8392,6.7615591114777525
8393,6.7615591114777525
8394,6.7615591114777525
8395,6.7615591114777525
8396,6.7615591114777525
8397,6.7615591114777525
8398,6.7615591114777525
8399,6.7615591114777525
8400,6.7615591114777525
8401,6.7615591114777525
8402,6.7615591114777525
8403,6.7615591114777525
8404,6.7615591114777525
8405,6.7615591114777525
8406,6.7615591114777525
8407,6.7615591114777525
8408,6.7615591114777525
8409,6.7615591114777525
8410,6.7615591114777525
8411,6.7615591114777525
8412,6.7615591114777525
8413,6.7615591114777525
8414,6.7615591114777525
8415,6.7615591114777525
8416,6.7615591114777525
8417,6.7615591114777525
8418,6.7615591114777525
8419,6.7615591114777525
8420,6.7615591114777525
8421,6.7615591114777525
8422,6.7615591114777525
8423,6.7615591114777525
8424,6.7615591114777525
8425,6.7615591114777525
8426,6.7615591114777525
8427,6.7615591114777525
8428,6.7615591114777525
8429,6.7615591114777525
8430,6.7615591114777525
8431,6.7615591114777525
8432,6.7615591114777525
8433,6.7615591114777525
8434,6.7615591114777525
8435,6.7615591114777525
8436,6.7615591114777525
8437,6.7615591114777525
8438,6.7615591114777525
8439,6.7615591114777525
8440,6.7615591114777525
8441,6.7615591114777525
8442,6.7615591114777525
8443,6.7615591114777525
8444,6.7615591114777525
8445,6.7615591114777525
8446,6.7615591114777525
8447,6.7615591114777525
8448,6.7615591114777525
8449,6.7615591114777525
8450,6.7615591114777525
8451,6.7615591114777525
8452,6.7615591114777525
8453,6.7615591114777525
8454,6.7615591114777525
8455,6.7615591114777525
8456,6.7615591114777525
8457,6.7615591114777525
8458,6.7615591114777525
8459,6.7615591114777525
8460,6.7615591114777525
8461,6.7615591114777525
8462,6.7615591114777525
8463,6.7615591114777525
8464,6.7615591114777525
8465,6.7615591114777525
8466,6.7615591114777525
8467,6.7615591114777525
8468,6.7615591114777525
8469,6.7615591114777525
8470,6.7615591114777525
8471,6.7615591114777525
8472,6.7615591114777525
8473,6.7615591114777525
8474,6.7615591114777525
8475,6.7615591114777525
8476,6.7615591114777525
8477,6.7615591114777525
8478,6.7615591114777525
8479,6.7615591114777525
8480,6.7615591114777525
8481,6.7615591114777525
8482,6.7615591114777525
8483,6.7615591114777525
8484,6.7615591114777525
8485,6.7615591114777525
8486,6.7615591114777525
8487,6.7615591114777525
8488,6.7615591114777525
8489,6.7615591114777525
8490,6.7615591114777525
8491,6.7615591114777525
8492,6.7615591114777525
8493,6.7615591114777525
8494,6.7615591114777525
8495,6.7615591114777525
8496,6.7615591114777525
8497,6.7615591114777525
8498,6.7615591114777525
8499,6.7615591114777525
8500,6.7615591114777525
8501,6.7615591114777525
8502,6.7615591114777525
8503,6.7615591114777525
8504,6.7615591114777525
8505,6.7615591114777525
8506,6.7615591114777525
8507,6.7615591114777525
8508,6.7615591114777525
8509,6.7615591114777525
8510,6.7615591114777525
8511,6.7615591114777525
8512,6.7615591114777525
8513,6.7615591114777525
8514,6.7615591114777525
8515,6.7615591114777525
8516,6.7615591114777525
8517,6.7615591114777525
8518,6.7615591114777525
8519,6.7615591114777525
8520,6.7615591114777525
8521,6.7615591114777525
8522,6.7615591114777525
8523,6.7615591114777525
8524,6.7615591114777525
8525,6.7615591114777525
8526,6.7615591114777525
8527,6.7615591114777525
8528,6.7615591114777525
8529,6.7615591114777525
8530,6.7615591114777525
8531,6.7615591114777525
8532,6.7615591114777525
8533,6.7615591114777525
8534,6.7615591114777525
8535,6.7615591114777525
8536,6.7615591114777525
8537,6.7615591114777525
8538,6.7615591114777525
8539,6.7615591114777525
8540,6.7615591114777525
8541,6.7615591114777525
8542,6.7615591114777525
8543,6.7615591114777525
8544,6.7615591114777525
8545,6.7615591114777525
8546,6.7615591114777525
8547,6.7615591114777525
8548,6.7615591114777525
8549,6.7615591114777525
8550,6.7615591114777525
8551,6.7615591114777525
8552,6.7615591114777525
8553,6.7615591114777525
8554,6.7615591114777525
8555,6.7615591114777525
8556,6.7615591114777525
8557,6.7615591114777525
8558,6.7615591114777525
8559,6.7615591114777525
8560,6.7615591114777525
8561,6.7615591114777525
8562,6.7615591114777525
8563,6.7615591114777525
8564,6.7615591114777525
8565,6.7615591114777525
8566,6.7615591114777525
8567,6.7615591114777525
8568,6.7615591114777525
8569,6.7615591114777525
8570,6.7615591114777525
8571,6.7615591114777525
8572,6.7615591114777525
8573,6.7615591114777525
8574,6.7615591114777525
8575,6.7615591114777525
8576,6.7615591114777525
8577,6.7615591114777525
8578,6.7615591114777525
8579,6.7615591114777525
8580,6.7615591114777525
8581,6.7615591114777525
8582,6.7615591114777525
8583,6.7615591114777525
8584,6.7615591114777525
8585,6.7615591114777525
8586,6.7615591114777525
8587,6.7615591114777525
8588,6.7615591114777525
8589,6.7615591114777525
8590,6.7615591114777525
8591,6.7615591114777525
8592,6.7615591114777525
8593,6.7615591114777525
8594,6.7615591114777525
8595,6.7615591114777525
8596,6.7615591114777525
8597,6.7615591114777525
8598,6.7615591114777525
8599,6.7615591114777525
8600,6.7615591114777525
8601,6.7615591114777525
8602,6.7615591114777525
8603,6.7615591114777525
8604,6.7615591114777525
8605,6.7615591114777525
8606,6.7615591114777525
8607,6.7615591114777525
8608,6.7615591114777525
8609,6.7615591114777525
8610,6.7615591114777525
8611,6.7615591114777525
8612,6.7615591114777525
8613,6.7615591114777525
8614,6.7615591114777525
8615,6.7615591114777525
8616,6.7615591114777525
8617,6.7615591114777525
8618,6.7615591114777525
8619,6.7615591114777525
8620,6.7615591114777525
8621,6.7615591114777525
8622,6.7615591114777525
8623,6.7615591114777525
8624,6.7615591114777525
8625,6.7615591114777525
8626,6.7615591114777525
8627,6.7615591114777525
8628,6.7615591114777525
8629,6.7615591114777525
8630,6.7615591114777525
8631,6.7615591114777525
8632,6.7615591114777525
8633,6.7615591114777525
8634,6.7615591114777525
8635,6.7615591114777525
8636,6.7615591114777525
8637,6.7615591114777525
8638,6.7615591114777525
8639,6.7615591114777525
8640,6.7615591114777525
8641,6.7615591114777525
8642,6.7615591114777525
8643,6.7615591114777525
8644,6.7615591114777525
8645,6.7615591114777525
8646,6.7615591114777525
8647,6.7615591114777525
8648,6.7615591114777525
8649,6.7615591114777525
8650,6.7615591114777525
8651,6.7615591114777525
8652,6.7615591114777525
8653,6.7615591114777525
8654,6.7615591114777525
8655,6.7615591114777525
8656,6.7615591114777525
8657,6.7615591114777525
8658,6.7615591114777525
8659,6.7615591114777525
8660,6.7615591114777525
8661,6.7615591114777525
8662,6.7615591114777525
8663,6.7615591114777525
8664,6.7615591114777525
8665,6.7615591114777525
8666,6.7615591114777525
8667,6.7615591114777525
8668,6.7615591114777525
8669,6.7615591114777525
8670,6.7615591114777525
8671,6.7615591114777525
8672,6.7615591114777525
8673,6.7615591114777525
8674,6.7615591114777525
8675,6.7615591114777525
8676,6.7615591114777525
8677,6.7615591114777525
8678,6.7615591114777525
8679,6.7615591114777525
8680,6.7615591114777525
8681,6.7615591114777525
8682,6.7615591114777525
8683,6.7615591114777525
8684,6.7615591114777525
8685,6.7615591114777525
8686,6.7615591114777525
8687,6.7615591114777525
8688,6.7615591114777525
8689,6.7615591114777525
8690,6.7615591114777525
8691,6.7615591114777525
8692,6.7615591114777525
8693,6.7615591114777525
8694,6.7615591114777525
8695,6.7615591114777525
8696,6.7615591114777525
8697,6.7615591114777525
8698,6.7615591114777525
8699,6.7615591114777525
8700,6.7615591114777525
8701,6.7615591114777525
8702,6.7615591114777525
8703,6.7615591114777525
8704,6.7615591114777525
8705,6.7615591114777525
8706,6.7615591114777525
8707,6.7615591114777525
8708,6.7615591114777525
8709,6.7615591114777525
8710,6.7615591114777525
8711,6.7615591114777525
8712,6.7615591114777525
8713,6.7615591114777525
8714,6.7615591114777525
8715,6.7615591114777525
8716,6.7615591114777525
8717,6.7615591114777525
8718,6.7615591114777525
8719,6.7615591114777525
8720,6.7615591114777525
8721,6.7615591114777525
8722,6.7615591114777525
8723,6.7615591114777525
8724,6.7615591114777525
8725,6.7615591114777525
8726,6.7615591114777525
8727,6.7615591114777525
8728,6.7615591114777525
8729,6.7615591114777525
8730,6.7615591114777525
8731,6.7615591114777525
8732,6.7615591114777525
8733,6.7615591114777525
8734,6.7615591114777525
8735,6.7615591114777525
8736,6.7615591114777525
8737,6.7615591114777525
8738,6.7615591114777525
8739,6.7615591114777525
8740,6.7615591114777525
8741,6.7615591114777525
8742,6.7615591114777525
8743,6.7615591114777525
8744,6.7615591114777525
8745,6.7615591114777525
8746,6.7615591114777525
8747,6.7615591114777525
8748,6.7615591114777525
8749,6.7615591114777525
8750,6.7615591114777525
8751,6.7615591114777525
8752,6.7615591114777525
8753,6.7615591114777525
8754,6.7615591114777525
8755,6.7615591114777525
8756,6.7615591114777525
8757,6.7615591114777525
8758,6.7615591114777525
8759,6.7615591114777525
8760,6.7615591114777525
8761,6.7615591114777525
8762,6.7615591114777525
8763,6.7615591114777525
8764,6.7615591114777525
8765,6.7615591114777525
8766,6.7615591114777525
8767,6.7615591114777525
8768,6.7615591114777525
8769,6.7615591114777525
8770,6.7615591114777525
8771,6.7615591114777525
8772,6.7615591114777525
8773,6.7615591114777525
8774,6.7615591114777525
8775,6.7615591114777525
8776,6.7615591114777525
8777,6.7615591114777525
8778,6.7615591114777525
8779,6.7615591114777525
8780,6.7615591114777525
8781,6.7615591114777525
8782,6.7615591114777525
8783,6.7615591114777525
8784,6.7615591114777525
8785,6.7615591114777525
8786,6.7615591114777525
8787,6.7615591114777525
8788,6.7615591114777525
8789,6.7615591114777525
8790,6.7615591114777525
8791,6.7615591114777525
8792,6.7615591114777525
8793,6.7615591114777525
8794,6.7615591114777525
8795,6.7615591114777525
8796,6.7615591114777525
8797,6.7615591114777525
8798,6.7615591114777525
8799,6.7615591114777525
8800,6.7615591114777525
8801,6.7615591114777525
8802,6.7615591114777525
8803,6.7615591114777525
8804,6.7615591114777525
8805,6.7615591114777525
8806,6.7615591114777525
8807,6.7615591114777525
8808,6.7615591114777525
8809,6.7615591114777525
8810,6.7615591114777525
8811,6.7615591114777525
8812,6.7615591114777525
8813,6.7615591114777525
8814,6.7615591114777525
8815,6.7615591114777525
8816,6.7615591114777525
8817,6.7615591114777525
8818,6.7615591114777525
8819,6.7615591114777525
8820,6.7615591114777525
8821,6.7615591114777525
8822,6.7615591114777525
8823,6.7615591114777525
8824,6.7615591114777525
8825,6.7615591114777525
8826,6.7615591114777525
8827,6.7615591114777525
8828,6.7615591114777525
8829,6.7615591114777525
8830,6.7615591114777525
8831,6.7615591114777525
8832,6.7615591114777525
8833,6.7615591114777525
8834,6.7615591114777525
8835,6.7615591114777525
8836,6.7615591114777525
8837,6.7615591114777525
8838,6.7615591114777525
8839,6.7615591114777525
8840,6.7615591114777525
8841,6.7615591114777525
8842,6.7615591114777525
8843,6.7615591114777525
8844,6.7615591114777525
8845,6.7615591114777525
8846,6.7615591114777525
8847,6.7615591114777525
8848,6.7615591114777525
8849,6.7615591114777525
8850,6.7615591114777525
8851,6.7615591114777525
8852,6.7615591114777525
8853,6.7615591114777525
8854,6.7615591114777525
8855,6.7615591114777525
8856,6.7615591114777525
8857,6.7615591114777525
8858,6.7615591114777525
8859,6.7615591114777525
8860,6.7615591114777525
8861,6.7615591114777525
8862,6.7615591114777525
8863,6.7615591114777525
8864,6.7615591114777525
8865,6.7615591114777525
8866,6.7615591114777525
8867,6.7615591114777525
8868,6.7615591114777525
8869,6.7615591114777525
8870,6.7615591114777525
8871,6.7615591114777525
8872,6.7615591114777525
8873,6.7615591114777525
8874,6.7615591114777525
8875,6.7615591114777525
8876,6.7615591114777525
8877,6.7615591114777525
8878,6.7615591114777525
8879,6.7615591114777525
8880,6.7615591114777525
8881,6.7615591114777525
8882,6.7615591114777525
8883,6.7615591114777525
8884,6.7615591114777525
8885,6.7615591114777525
8886,6.7615591114777525
8887,6.7615591114777525
8888,6.7615591114777525
8889,6.7615591114777525
8890,6.7615591114777525
8891,6.7615591114777525
8892,6.7615591114777525
8893,6.7615591114777525
8894,6.7615591114777525
8895,6.7615591114777525
8896,6.7615591114777525
8897,6.7615591114777525
8898,6.7615591114777525
8899,6.7615591114777525
8900,6.7615591114777525
8901,6.7615591114777525
8902,6.7615591114777525
8903,6.7615591114777525
8904,6.7615591114777525
8905,6.7615591114777525
8906,6.7615591114777525
8907,6.7615591114777525
8908,6.7615591114777525
8909,6.7615591114777525
8910,6.7615591114777525
8911,6.7615591114777525
8912,6.7615591114777525
8913,6.7615591114777525
8914,6.7615591114777525
8915,6.7615591114777525
8916,6.7615591114777525
8917,6.7615591114777525
8918,6.7615591114777525
8919,6.7615591114777525
8920,6.7615591114777525
8921,6.7615591114777525
8922,6.7615591114777525
8923,6.7615591114777525
8924,6.7615591114777525
8925,6.7615591114777525
8926,6.7615591114777525
8927,6.7615591114777525
8928,6.7615591114777525
8929,6.7615591114777525
8930,6.7615591114777525
8931,6.7615591114777525
8932,6.7615591114777525
8933,6.7615591114777525
8934,6.7615591114777525
8935,6.7615591114777525
8936,6.7615591114777525
8937,6.7615591114777525
8938,6.7615591114777525
8939,6.7615591114777525
8940,6.7615591114777525
8941,6.7615591114777525
8942,6.7615591114777525
8943,6.7615591114777525
8944,6.7615591114777525
8945,6.7615591114777525
8946,6.7615591114777525
8947,6.7615591114777525
8948,6.7615591114777525
8949,6.7615591114777525
8950,6.7615591114777525
8951,6.7615591114777525
8952,6.7615591114777525
8953,6.7615591114777525
8954,6.7615591114777525
8955,6.7615591114777525
8956,6.7615591114777525
8957,6.7615591114777525
8958,6.7615591114777525
8959,6.7615591114777525
8960,6.7615591114777525
8961,6.7615591114777525
8962,6.7615591114777525
8963,6.7615591114777525
8964,6.7615591114777525
8965,6.7615591114777525
8966,6.7615591114777525
8967,6.7615591114777525
8968,6.7615591114777525
8969,6.7615591114777525
8970,6.7615591114777525
8971,6.7615591114777525
8972,6.7615591114777525
8973,6.7615591114777525
8974,6.7615591114777525
8975,6.7615591114777525
8976,6.7615591114777525
8977,6.7615591114777525
8978,6.7615591114777525
8979,6.7615591114777525
8980,6.7615591114777525
8981,6.7615591114777525
8982,6.7615591114777525
8983,6.7615591114777525
8984,6.7615591114777525
8985,6.7615591114777525
8986,6.7615591114777525
8987,6.7615591114777525
8988,6.7615591114777525
8989,6.7615591114777525
8990,6.7615591114777525
8991,6.7615591114777525
8992,6.7615591114777525
8993,6.7615591114777525
8994,6.7615591114777525
8995,6.7615591114777525
8996,6.7615591114777525
8997,6.7615591114777525
8998,6.7615591114777525
8999,6.7615591114777525
9000,6.7615591114777525
9001,6.7615591114777525
9002,6.7615591114777525
9003,6.7615591114777525
9004,6.7615591114777525
9005,6.7615591114777525
9006,6.7615591114777525
9007,6.7615591114777525
9008,6.7615591114777525
9009,6.7615591114777525
9010,6.7615591114777525
9011,6.7615591114777525
9012,6.7615591114777525
9013,6.7615591114777525
9014,6.7615591114777525
9015,6.7615591114777525
9016,6.7615591114777525
9017,6.7615591114777525
9018,6.7615591114777525
9019,6.7615591114777525
9020,6.7615591114777525
9021,6.7615591114777525
9022,6.7615591114777525
9023,6.7615591114777525
9024,6.7615591114777525
9025,6.7615591114777525
9026,6.7615591114777525
9027,6.7615591114777525
9028,6.7615591114777525
9029,6.7615591114777525
9030,6.7615591114777525
9031,6.7615591114777525
9032,6.7615591114777525
9033,6.7615591114777525
9034,6.7615591114777525
9035,6.7615591114777525
9036,6.7615591114777525
9037,6.7615591114777525
9038,6.7615591114777525
9039,6.7615591114777525
9040,6.7615591114777525
9041,6.7615591114777525
9042,6.7615591114777525
9043,6.7615591114777525
9044,6.7615591114777525
9045,6.7615591114777525
9046,6.7615591114777525
9047,6.7615591114777525
9048,6.7615591114777525
9049,6.7615591114777525
9050,6.7615591114777525
9051,6.7615591114777525
9052,6.7615591114777525
9053,6.7615591114777525
9054,6.7615591114777525
9055,6.7615591114777525
9056,6.7615591114777525
9057,6.7615591114777525
9058,6.7615591114777525
9059,6.7615591114777525
9060,6.7615591114777525
9061,6.7615591114777525
9062,6.7615591114777525
9063,6.7615591114777525
9064,6.7615591114777525
9065,6.7615591114777525
9066,6.7615591114777525
9067,6.7615591114777525
9068,6.7615591114777525
9069,6.7615591114777525
9070,6.7615591114777525
9071,6.7615591114777525
9072,6.7615591114777525
9073,6.7615591114777525
9074,6.7615591114777525
9075,6.7615591114777525
9076,6.7615591114777525
9077,6.7615591114777525
9078,6.7615591114777525
9079,6.7615591114777525
9080,6.7615591114777525
9081,6.7615591114777525
9082,6.7615591114777525
9083,6.7615591114777525
9084,6.7615591114777525
9085,6.7615591114777525
9086,6.7615591114777525
9087,6.7615591114777525
9088,6.7615591114777525
9089,6.7615591114777525
9090,6.7615591114777525
9091,6.7615591114777525
9092,6.7615591114777525
9093,6.7615591114777525
9094,6.7615591114777525
9095,6.7615591114777525
9096,6.7615591114777525
9097,6.7615591114777525
9098,6.7615591114777525
9099,6.7615591114777525
9100,6.7615591114777525
9101,6.7615591114777525
9102,6.7615591114777525
9103,6.7615591114777525
9104,6.7615591114777525
9105,6.7615591114777525
9106,6.7615591114777525
9107,6.7615591114777525
9108,6.7615591114777525
9109,6.7615591114777525
9110,6.7615591114777525
9111,6.7615591114777525
9112,6.7615591114777525
9113,6.7615591114777525
9114,6.7615591114777525
9115,6.7615591114777525
9116,6.7615591114777525
9117,6.7615591114777525
9118,6.7615591114777525
9119,6.7615591114777525
9120,6.7615591114777525
9121,6.7615591114777525
9122,6.7615591114777525
9123,6.7615591114777525
9124,6.7615591114777525
9125,6.7615591114777525
9126,6.7615591114777525
9127,6.7615591114777525
9128,6.7615591114777525
9129,6.7615591114777525
9130,6.7615591114777525
9131,6.7615591114777525
9132,6.7615591114777525
9133,6.7615591114777525
9134,6.7615591114777525
9135,6.7615591114777525
9136,6.7615591114777525
9137,6.7615591114777525
9138,6.7615591114777525
9139,6.7615591114777525
9140,6.7615591114777525
9141,6.7615591114777525
9142,6.7615591114777525
9143,6.7615591114777525
9144,6.7615591114777525
9145,6.7615591114777525
9146,6.7615591114777525
9147,6.7615591114777525
9148,6.7615591114777525
9149,6.7615591114777525
9150,6.7615591114777525
9151,6.7615591114777525
9152,6.7615591114777525
9153,6.7615591114777525
9154,6.7615591114777525
9155,6.7615591114777525
9156,6.7615591114777525
9157,6.7615591114777525
9158,6.7615591114777525
9159,6.7615591114777525
9160,6.7615591114777525
9161,6.7615591114777525
9162,6.7615591114777525
9163,6.7615591114777525
9164,6.7615591114777525
9165,6.7615591114777525
9166,6.7615591114777525
9167,6.7615591114777525
9168,6.7615591114777525
9169,6.7615591114777525
9170,6.7615591114777525
9171,6.7615591114777525
9172,6.7615591114777525
9173,6.7615591114777525
9174,6.7615591114777525
9175,6.7615591114777525
9176,6.7615591114777525
9177,6.7615591114777525
9178,6.7615591114777525
9179,6.7615591114777525
9180,6.7615591114777525
9181,6.7615591114777525
9182,6.7615591114777525
9183,6.7615591114777525
9184,6.7615591114777525
9185,6.7615591114777525
9186,6.7615591114777525
9187,6.7615591114777525
9188,6.7615591114777525
9189,6.7615591114777525
9190,6.7615591114777525
9191,6.7615591114777525
9192,6.7615591114777525
9193,6.7615591114777525
9194,6.7615591114777525
9195,6.7615591114777525
9196,6.7615591114777525
9197,6.7615591114777525
9198,6.7615591114777525
9199,6.7615591114777525
9200,6.7615591114777525
9201,6.7615591114777525
9202,6.7615591114777525
9203,6.7615591114777525
9204,6.7615591114777525
9205,6.7615591114777525
9206,6.7615591114777525
9207,6.7615591114777525
9208,6.7615591114777525
9209,6.7615591114777525
9210,6.7615591114777525
9211,6.7615591114777525
9212,6.7615591114777525
9213,6.7615591114777525
9214,6.7615591114777525
9215,6.7615591114777525
9216,6.7615591114777525
9217,6.7615591114777525
9218,6.7615591114777525
9219,6.7615591114777525
9220,6.7615591114777525
9221,6.7615591114777525
9222,6.7615591114777525
9223,6.7615591114777525
9224,6.7615591114777525
9225,6.7615591114777525
9226,6.7615591114777525
9227,6.7615591114777525
9228,6.7615591114777525
9229,6.7615591114777525
9230,6.7615591114777525
9231,6.7615591114777525
9232,6.7615591114777525
9233,6.7615591114777525
9234,6.7615591114777525
9235,6.7615591114777525
9236,6.7615591114777525
9237,6.7615591114777525
9238,6.7615591114777525
9239,6.7615591114777525
9240,6.7615591114777525
9241,6.7615591114777525
9242,6.7615591114777525
9243,6.7615591114777525
9244,6.7615591114777525
9245,6.7615591114777525
9246,6.7615591114777525
9247,6.7615591114777525
9248,6.7615591114777525
9249,6.7615591114777525
9250,6.7615591114777525
9251,6.7615591114777525
9252,6.7615591114777525
9253,6.7615591114777525
9254,6.7615591114777525
9255,6.7615591114777525
9256,6.7615591114777525
9257,6.7615591114777525
9258,6.7615591114777525
9259,6.7615591114777525
9260,6.7615591114777525
9261,6.7615591114777525
9262,6.7615591114777525
9263,6.7615591114777525
9264,6.7615591114777525
9265,6.7615591114777525
9266,6.7615591114777525
9267,6.7615591114777525
9268,6.7615591114777525
9269,6.7615591114777525
9270,6.7615591114777525
9271,6.7615591114777525
9272,6.7615591114777525
9273,6.7615591114777525
9274,6.7615591114777525
9275,6.7615591114777525
9276,6.7615591114777525
9277,6.7615591114777525
9278,6.7615591114777525
9279,6.7615591114777525
9280,6.7615591114777525
9281,6.7615591114777525
9282,6.7615591114777525
9283,6.7615591114777525
9284,6.7615591114777525
9285,6.7615591114777525
9286,6.7615591114777525
9287,6.7615591114777525
9288,6.7615591114777525
9289,6.7615591114777525
9290,6.7615591114777525
9291,6.7615591114777525
9292,6.7615591114777525
9293,6.7615591114777525
9294,6.7615591114777525
9295,6.7615591114777525
9296,6.7615591114777525
9297,6.7615591114777525
9298,6.7615591114777525
9299,6.7615591114777525
9300,6.7615591114777525
9301,6.7615591114777525
9302,6.7615591114777525
9303,6.7615591114777525
9304,6.7615591114777525
9305,6.7615591114777525
9306,6.7615591114777525
9307,6.7615591114777525
9308,6.7615591114777525
9309,6.7615591114777525
9310,6.7615591114777525
9311,6.7615591114777525
9312,6.7615591114777525
9313,6.7615591114777525
9314,6.7615591114777525
9315,6.7615591114777525
9316,6.7615591114777525
9317,6.7615591114777525
9318,6.7615591114777525
9319,6.7615591114777525
9320,6.7615591114777525
9321,6.7615591114777525
9322,6.7615591114777525
9323,6.7615591114777525
9324,6.7615591114777525
9325,6.7615591114777525
9326,6.7615591114777525
9327,6.7615591114777525
9328,6.7615591114777525
9329,6.7615591114777525
9330,6.7615591114777525
9331,6.7615591114777525
9332,6.7615591114777525
9333,6.7615591114777525
9334,6.7615591114777525
9335,6.7615591114777525
9336,6.7615591114777525
9337,6.7615591114777525
9338,6.7615591114777525
9339,6.7615591114777525
9340,6.7615591114777525
9341,6.7615591114777525
9342,6.7615591114777525
9343,6.7615591114777525
9344,6.7615591114777525
9345,6.7615591114777525
9346,6.7615591114777525
9347,6.7615591114777525
9348,6.7615591114777525
9349,6.7615591114777525
9350,6.7615591114777525
9351,6.7615591114777525
9352,6.7615591114777525
9353,6.7615591114777525
9354,6.7615591114777525
9355,6.7615591114777525
9356,6.7615591114777525
9357,6.7615591114777525
9358,6.7615591114777525
9359,6.7615591114777525
9360,6.7615591114777525
9361,6.7615591114777525
9362,6.7615591114777525
9363,6.7615591114777525
9364,6.7615591114777525
9365,6.7615591114777525
9366,6.7615591114777525
9367,6.7615591114777525
9368,6.7615591114777525
9369,6.7615591114777525
9370,6.7615591114777525
9371,6.7615591114777525
9372,6.7615591114777525
9373,6.7615591114777525
9374,6.7615591114777525
9375,6.7615591114777525
9376,6.7615591114777525
9377,6.7615591114777525
9378,6.7615591114777525
9379,6.7615591114777525
9380,6.7615591114777525
9381,6.7615591114777525
9382,6.7615591114777525
9383,6.7615591114777525
9384,6.7615591114777525
9385,6.7615591114777525
9386,6.7615591114777525
9387,6.7615591114777525
9388,6.7615591114777525
9389,6.7615591114777525
9390,6.7615591114777525
9391,6.7615591114777525
9392,6.7615591114777525
9393,6.7615591114777525
9394,6.7615591114777525
9395,6.7615591114777525
9396,6.7615591114777525
9397,6.7615591114777525
9398,6.7615591114777525
9399,6.7615591114777525
9400,6.7615591114777525
9401,6.7615591114777525
9402,6.7615591114777525
9403,6.7615591114777525
9404,6.7615591114777525
9405,6.7615591114777525
9406,6.7615591114777525
9407,6.7615591114777525
9408,6.7615591114777525
9409,6.7615591114777525
9410,6.7615591114777525
9411,6.7615591114777525
9412,6.7615591114777525
9413,6.7615591114777525
9414,6.7615591114777525
9415,6.7615591114777525
9416,6.7615591114777525
9417,6.7615591114777525
9418,6.7615591114777525
9419,6.7615591114777525
9420,6.7615591114777525
9421,6.7615591114777525
9422,6.7615591114777525
9423,6.7615591114777525
9424,6.7615591114777525
9425,6.7615591114777525
9426,6.7615591114777525
9427,6.7615591114777525
9428,6.7615591114777525
9429,6.7615591114777525
9430,6.7615591114777525
9431,6.7615591114777525
9432,6.7615591114777525
9433,6.7615591114777525
9434,6.7615591114777525
9435,6.7615591114777525
9436,6.7615591114777525
9437,6.7615591114777525
9438,6.7615591114777525
9439,6.7615591114777525
9440,6.7615591114777525
9441,6.7615591114777525
9442,6.7615591114777525
9443,6.7615591114777525
9444,6.7615591114777525
9445,6.7615591114777525
9446,6.7615591114777525
9447,6.7615591114777525
9448,6.7615591114777525
9449,6.7615591114777525
9450,6.7615591114777525
9451,6.7615591114777525
9452,6.7615591114777525
9453,6.7615591114777525
9454,6.7615591114777525
9455,6.7615591114777525
9456,6.7615591114777525
9457,6.7615591114777525
9458,6.7615591114777525
9459,6.7615591114777525
9460,6.7615591114777525
9461,6.7615591114777525
9462,6.7615591114777525
9463,6.7615591114777525
9464,6.7615591114777525
9465,6.7615591114777525
9466,6.7615591114777525
9467,6.7615591114777525
9468,6.7615591114777525
9469,6.7615591114777525
9470,6.7615591114777525
9471,6.7615591114777525
9472,6.7615591114777525
9473,6.7615591114777525
9474,6.7615591114777525
9475,6.7615591114777525
9476,6.7615591114777525
9477,6.7615591114777525
9478,6.7615591114777525
9479,6.7615591114777525
9480,6.7615591114777525
9481,6.7615591114777525
9482,6.7615591114777525
9483,6.7615591114777525
9484,6.7615591114777525
9485,6.7615591114777525
9486,6.7615591114777525
9487,6.7615591114777525
9488,6.7615591114777525
9489,6.7615591114777525
9490,6.7615591114777525
9491,6.7615591114777525
9492,6.7615591114777525
9493,6.7615591114777525
9494,6.7615591114777525
9495,6.7615591114777525
9496,6.7615591114777525
9497,6.7615591114777525
9498,6.7615591114777525
9499,6.7615591114777525
9500,6.7615591114777525
9501,6.7615591114777525
9502,6.7615591114777525
9503,6.7615591114777525
9504,6.7615591114777525
9505,6.7615591114777525
9506,6.7615591114777525
9507,6.7615591114777525
9508,6.7615591114777525
9509,6.7615591114777525
9510,6.7615591114777525
9511,6.7615591114777525
9512,6.7615591114777525
9513,6.7615591114777525
9514,6.7615591114777525
9515,6.7615591114777525
9516,6.7615591114777525
9517,6.7615591114777525
9518,6.7615591114777525
9519,6.7615591114777525
9520,6.7615591114777525
9521,6.7615591114777525
9522,6.7615591114777525
9523,6.7615591114777525
9524,6.7615591114777525
9525,6.7615591114777525
9526,6.7615591114777525
9527,6.7615591114777525
9528,6.7615591114777525
9529,6.7615591114777525
9530,6.7615591114777525
9531,6.7615591114777525
9532,6.7615591114777525
9533,6.7615591114777525
9534,6.7615591114777525
9535,6.7615591114777525
9536,6.7615591114777525
9537,6.7615591114777525
9538,6.7615591114777525
9539,6.7615591114777525
9540,6.7615591114777525
9541,6.7615591114777525
9542,6.7615591114777525
9543,6.7615591114777525
9544,6.7615591114777525
9545,6.7615591114777525
9546,6.7615591114777525
9547,6.7615591114777525
9548,6.7615591114777525
9549,6.7615591114777525
9550,6.7615591114777525
9551,6.7615591114777525
9552,6.7615591114777525
9553,6.7615591114777525
9554,6.7615591114777525
9555,6.7615591114777525
9556,6.7615591114777525
9557,6.7615591114777525
9558,6.7615591114777525
9559,6.7615591114777525
9560,6.7615591114777525
9561,6.7615591114777525
9562,6.7615591114777525
9563,6.7615591114777525
9564,6.7615591114777525
9565,6.7615591114777525
9566,6.7615591114777525
9567,6.7615591114777525
9568,6.7615591114777525
9569,6.7615591114777525
9570,6.7615591114777525
9571,6.7615591114777525
9572,6.7615591114777525
9573,6.7615591114777525
9574,6.7615591114777525
9575,6.7615591114777525
9576,6.7615591114777525
9577,6.7615591114777525
9578,6.7615591114777525
9579,6.7615591114777525
9580,6.7615591114777525
9581,6.7615591114777525
9582,6.7615591114777525
9583,6.7615591114777525
9584,6.7615591114777525
9585,6.7615591114777525
9586,6.7615591114777525
9587,6.7615591114777525
9588,6.7615591114777525
9589,6.7615591114777525
9590,6.7615591114777525
9591,6.7615591114777525
9592,6.7615591114777525
9593,6.7615591114777525
9594,6.7615591114777525
9595,6.7615591114777525
9596,6.7615591114777525
9597,6.7615591114777525
9598,6.7615591114777525
9599,6.7615591114777525
9600,6.7615591114777525
9601,6.7615591114777525
9602,6.7615591114777525
9603,6.7615591114777525
9604,6.7615591114777525
9605,6.7615591114777525
9606,6.7615591114777525
9607,6.7615591114777525
9608,6.7615591114777525
9609,6.7615591114777525
9610,6.7615591114777525
9611,6.7615591114777525
9612,6.7615591114777525
9613,6.7615591114777525
9614,6.7615591114777525
9615,6.7615591114777525
9616,6.7615591114777525
9617,6.7615591114777525
9618,6.7615591114777525
9619,6.7615591114777525
9620,6.7615591114777525
9621,6.7615591114777525
9622,6.7615591114777525
9623,6.7615591114777525
9624,6.7615591114777525
9625,6.7615591114777525
9626,6.7615591114777525
9627,6.7615591114777525
9628,6.7615591114777525
9629,6.7615591114777525
9630,6.7615591114777525
9631,6.7615591114777525
9632,6.7615591114777525
9633,6.7615591114777525
9634,6.7615591114777525
9635,6.7615591114777525
9636,6.7615591114777525
9637,6.7615591114777525
9638,6.7615591114777525
9639,6.7615591114777525
9640,6.7615591114777525
9641,6.7615591114777525
9642,6.7615591114777525
9643,6.7615591114777525
9644,6.7615591114777525
9645,6.7615591114777525
9646,6.7615591114777525
9647,6.7615591114777525
9648,6.7615591114777525
9649,6.7615591114777525
9650,6.7615591114777525
9651,6.7615591114777525
9652,6.7615591114777525
9653,6.7615591114777525
9654,6.7615591114777525
9655,6.7615591114777525
9656,6.7615591114777525
9657,6.7615591114777525
9658,6.7615591114777525
9659,6.7615591114777525
9660,6.7615591114777525
9661,6.7615591114777525
9662,6.7615591114777525
9663,6.7615591114777525
9664,6.7615591114777525
9665,6.7615591114777525
9666,6.7615591114777525
9667,6.7615591114777525
9668,6.7615591114777525
9669,6.7615591114777525
9670,6.7615591114777525
9671,6.7615591114777525
9672,6.7615591114777525
9673,6.7615591114777525
9674,6.7615591114777525
9675,6.7615591114777525
9676,6.7615591114777525
9677,6.7615591114777525
9678,6.7615591114777525
9679,6.7615591114777525
9680,6.7615591114777525
9681,6.7615591114777525
9682,6.7615591114777525
9683,6.7615591114777525
9684,6.7615591114777525
9685,6.7615591114777525
9686,6.7615591114777525
9687,6.7615591114777525
9688,6.7615591114777525
9689,6.7615591114777525
9690,6.7615591114777525
9691,6.7615591114777525
9692,6.7615591114777525
9693,6.7615591114777525
9694,6.7615591114777525
9695,6.7615591114777525
9696,6.7615591114777525
9697,6.7615591114777525
9698,6.7615591114777525
9699,6.7615591114777525
9700,6.7615591114777525
9701,6.7615591114777525
9702,6.7615591114777525
9703,6.7615591114777525
9704,6.7615591114777525
9705,6.7615591114777525
9706,6.7615591114777525
9707,6.7615591114777525
9708,6.7615591114777525
9709,6.7615591114777525
9710,6.7615591114777525
9711,6.7615591114777525
9712,6.7615591114777525
9713,6.7615591114777525
9714,6.7615591114777525
9715,6.7615591114777525
9716,6.7615591114777525
9717,6.7615591114777525
9718,6.7615591114777525
9719,6.7615591114777525
9720,6.7615591114777525
9721,6.7615591114777525
9722,6.7615591114777525
9723,6.7615591114777525
9724,6.7615591114777525
9725,6.7615591114777525
9726,6.7615591114777525
9727,6.7615591114777525
9728,6.7615591114777525
9729,6.7615591114777525
9730,6.7615591114777525
9731,6.7615591114777525
9732,6.7615591114777525
9733,6.7615591114777525
9734,6.7615591114777525
9735,6.7615591114777525
9736,6.7615591114777525
9737,6.7615591114777525
9738,6.7615591114777525
9739,6.7615591114777525
9740,6.7615591114777525
9741,6.7615591114777525
9742,6.7615591114777525
9743,6.7615591114777525
9744,6.7615591114777525
9745,6.7615591114777525
9746,6.7615591114777525
9747,6.7615591114777525
9748,6.7615591114777525
9749,6.7615591114777525
9750,6.7615591114777525
9751,6.7615591114777525
9752,6.7615591114777525
9753,6.7615591114777525
9754,6.7615591114777525
9755,6.7615591114777525
9756,6.7615591114777525
9757,6.7615591114777525
9758,6.7615591114777525
9759,6.7615591114777525
9760,6.7615591114777525
9761,6.7615591114777525
9762,6.7615591114777525
9763,6.7615591114777525
9764,6.7615591114777525
9765,6.7615591114777525
9766,6.7615591114777525
9767,6.7615591114777525
9768,6.7615591114777525
9769,6.7615591114777525
9770,6.7615591114777525
9771,6.7615591114777525
9772,6.7615591114777525
9773,6.7615591114777525
9774,6.7615591114777525
9775,6.7615591114777525
9776,6.7615591114777525
9777,6.7615591114777525
9778,6.7615591114777525
9779,6.7615591114777525
9780,6.7615591114777525
9781,6.7615591114777525
9782,6.7615591114777525
9783,6.7615591114777525
9784,6.7615591114777525
9785,6.7615591114777525
9786,6.7615591114777525
9787,6.7615591114777525
9788,6.7615591114777525
9789,6.7615591114777525
9790,6.7615591114777525
9791,6.7615591114777525
9792,6.7615591114777525
9793,6.7615591114777525
9794,6.7615591114777525
9795,6.7615591114777525
9796,6.7615591114777525
9797,6.7615591114777525
9798,6.7615591114777525
9799,6.7615591114777525
9800,6.7615591114777525
9801,6.7615591114777525
9802,6.7615591114777525
9803,6.7615591114777525
9804,6.7615591114777525
9805,6.7615591114777525
9806,6.7615591114777525
9807,6.7615591114777525
9808,6.7615591114777525
9809,6.7615591114777525
9810,6.7615591114777525
9811,6.7615591114777525
9812,6.7615591114777525
9813,6.7615591114777525
9814,6.7615591114777525
9815,6.7615591114777525
9816,6.7615591114777525
9817,6.7615591114777525
9818,6.7615591114777525
9819,6.7615591114777525
9820,6.7615591114777525
9821,6.7615591114777525
9822,6.7615591114777525
9823,6.7615591114777525
9824,6.7615591114777525
9825,6.7615591114777525
9826,6.7615591114777525
9827,6.7615591114777525
9828,6.7615591114777525
9829,6.7615591114777525
9830,6.7615591114777525
9831,6.7615591114777525
9832,6.7615591114777525
9833,6.7615591114777525
9834,6.7615591114777525
9835,6.7615591114777525
9836,6.7615591114777525
9837,6.7615591114777525
9838,6.7615591114777525
9839,6.7615591114777525
9840,6.7615591114777525
9841,6.7615591114777525
9842,6.7615591114777525
9843,6.7615591114777525
9844,6.7615591114777525
9845,6.7615591114777525
9846,6.7615591114777525
9847,6.7615591114777525
9848,6.7615591114777525
9849,6.7615591114777525
9850,6.7615591114777525
9851,6.7615591114777525
9852,6.7615591114777525
9853,6.7615591114777525
9854,6.7615591114777525
9855,6.7615591114777525
9856,6.7615591114777525
9857,6.7615591114777525
9858,6.7615591114777525
9859,6.7615591114777525
9860,6.7615591114777525
9861,6.7615591114777525
9862,6.7615591114777525
9863,6.7615591114777525
9864,6.7615591114777525
9865,6.7615591114777525
9866,6.7615591114777525
9867,6.7615591114777525
9868,6.7615591114777525
9869,6.7615591114777525
9870,6.7615591114777525
9871,6.7615591114777525
9872,6.7615591114777525
9873,6.7615591114777525
9874,6.7615591114777525
9875,6.7615591114777525
9876,6.7615591114777525
9877,6.7615591114777525
9878,6.7615591114777525
9879,6.7615591114777525
9880,6.7615591114777525
9881,6.7615591114777525
9882,6.7615591114777525
9883,6.7615591114777525
9884,6.7615591114777525
9885,6.7615591114777525
9886,6.7615591114777525
9887,6.7615591114777525
9888,6.7615591114777525
9889,6.7615591114777525
9890,6.7615591114777525
9891,6.7615591114777525
9892,6.7615591114777525
9893,6.7615591114777525
9894,6.7615591114777525
9895,6.7615591114777525
9896,6.7615591114777525
9897,6.7615591114777525
9898,6.7615591114777525
9899,6.7615591114777525
9900,6.7615591114777525
9901,6.7615591114777525
9902,6.7615591114777525
9903,6.7615591114777525
9904,6.7615591114777525
9905,6.7615591114777525
9906,6.7615591114777525
9907,6.7615591114777525
9908,6.7615591114777525
9909,6.7615591114777525
9910,6.7615591114777525
9911,6.7615591114777525
9912,6.7615591114777525
9913,6.7615591114777525
9914,6.7615591114777525
9915,6.7615591114777525
9916,6.7615591114777525
9917,6.7615591114777525
9918,6.7615591114777525
9919,6.7615591114777525
9920,6.7615591114777525
9921,6.7615591114777525
9922,6.7615591114777525
9923,6.7615591114777525
9924,6.7615591114777525
9925,6.7615591114777525
9926,6.7615591114777525
9927,6.7615591114777525
9928,6.7615591114777525
9929,6.7615591114777525
9930,6.7615591114777525
9931,6.7615591114777525
9932,6.7615591114777525
9933,6.7615591114777525
9934,6.7615591114777525
9935,6.7615591114777525
9936,6.7615591114777525
9937,6.7615591114777525
9938,6.7615591114777525
9939,6.7615591114777525
9940,6.7615591114777525
9941,6.7615591114777525
9942,6.7615591114777525
9943,6.7615591114777525
9944,6.7615591114777525
9945,6.7615591114777525
9946,6.7615591114777525
9947,6.7615591114777525
9948,6.7615591114777525
9949,6.7615591114777525
9950,6.7615591114777525
9951,6.7615591114777525
9952,6.7615591114777525
9953,6.7615591114777525
9954,6.7615591114777525
9955,6.7615591114777525
9956,6.7615591114777525
9957,6.7615591114777525
9958,6.7615591114777525
9959,6.7615591114777525
9960,6.7615591114777525
9961,6.7615591114777525
9962,6.7615591114777525
9963,6.7615591114777525
9964,6.7615591114777525
9965,6.7615591114777525
9966,6.7615591114777525
9967,6.7615591114777525
9968,6.7615591114777525
9969,6.7615591114777525
9970,6.7615591114777525
9971,6.7615591114777525
9972,6.7615591114777525
9973,6.7615591114777525
9974,6.7615591114777525
9975,6.7615591114777525
9976,6.7615591114777525
9977,6.7615591114777525
9978,6.7615591114777525
9979,6.7615591114777525
9980,6.7615591114777525
9981,6.7615591114777525
9982,6.7615591114777525
9983,6.7615591114777525
9984,6.7615591114777525
9985,6.7615591114777525
9986,6.7615591114777525
9987,6.7615591114777525
9988,6.7615591114777525
9989,6.7615591114777525
9990,6.7615591114777525
9991,6.7615591114777525
9992,6.7615591114777525
9993,6.7615591114777525
9994,6.7615591114777525
9995,6.7615591114777525
9996,6.7615591114777525
9997,6.7615591114777525
9998,6.7615591114777525
9999,6.7615591114777525
10000,6.7615591114777525
